time,seconds_elapsed,z,y,x
1788861949111109600,0.058109619140625,-0.037980347871780396,0.04744981229305267,0.520583987236023
1788861949121152000,0.068152099609375,-0.04455234855413437,0.04045891761779785,0.594537615776062
1788861949131193900,0.07819384765625,-0.09014300256967545,0.05491083115339279,0.6367679238319397
1788861949141235700,0.088235595703125,-0.15294179320335388,0.06190497800707817,0.6388883590698242
1788861949151277800,0.09827783203125,-0.20288005471229553,0.04321917146444321,0.5916053056716919
1788861949161319700,0.108319580078125,-0.22255082428455353,0.04554798826575279,0.540553629398346
1788861949171362000,0.118362060546875,-0.2286582589149475,0.06498480588197708,0.4966851770877838
1788861949181404000,0.12840380859375,-0.23645173013210297,0.09291232377290726,0.4635361433029175
1788861949191445800,0.13844580078125,-0.2468401938676834,0.1237083226442337,0.4323284327983856
1788861949201488000,0.14848779296875,-0.2523655593395233,0.15344157814979553,0.3923138380050659
1788861949211528700,0.15852880859375,-0.20089492201805115,0.13392087817192078,0.3757990598678589
1788861949221571000,0.168571044921875,-0.09727641195058823,0.20777881145477295,0.3676780164241791
1788861949231613000,0.178613037109375,-0.0836612656712532,0.34823471307754517,0.3453700542449951
1788861949241654800,0.18865478515625,-0.14306823909282684,0.459859699010849,0.3102288544178009
1788861949251697000,0.19869677734375,-0.19859354197978973,0.45841121673583984,0.27301225066185
1788861949261738800,0.20873876953125,-0.21805472671985626,0.37398943305015564,0.2789279818534851
1788861949271780900,0.21878076171875,-0.24092036485671997,0.1981227993965149,0.3181683421134949
1788861949281823000,0.228822998046875,-0.28693196177482605,0.0536239817738533,0.38723355531692505
1788861949291864800,0.23886474609375,-0.3344893455505371,-0.07421627640724182,0.4703744947910309
1788861949301907000,0.248906982421875,-0.38395318388938904,-0.2875678241252899,0.540421724319458
1788861949311948800,0.25894873046875,-0.43673092126846313,-0.5446553230285645,0.6235962510108948
1788861949321991000,0.268990966796875,-0.4984210133552551,-0.8119829297065735,0.7012380957603455
1788861949332033000,0.279032958984375,-0.5977819561958313,-1.067865252494812,0.7551966309547424
1788861949342075000,0.289074951171875,-0.7278367877006531,-1.2224763631820679,0.8096595406532288
1788861949352116700,0.29911669921875,-0.8765008449554443,-1.1424212455749512,0.8307752013206482
1788861949362157800,0.30915771484375,-0.9933684468269348,-0.9439257979393005,0.7442656755447388
1788861949372199700,0.31919970703125,-1.0267322063446045,-0.7111737728118896,0.5623810887336731
1788861949382242000,0.329241943359375,-0.9799347519874573,-0.3912731409072876,0.35027584433555603
1788861949392284000,0.339283935546875,-0.8854977488517761,-0.05436301231384277,0.1702466756105423
1788861949402325800,0.34932568359375,-0.7769372463226318,0.12258407473564148,0.024374287575483322
1788861949412368000,0.359367919921875,-0.7198430299758911,0.04896232485771179,-0.10432936251163483
1788861949422409700,0.36940966796875,-0.7468417286872864,-0.2678285539150238,-0.15879294276237488
1788861949432451800,0.379451904296875,-0.8733227252960205,-0.6104183793067932,-0.11822127550840378
1788861949442494000,0.389493896484375,-1.0254206657409668,-0.9468337297439575,0.025547636672854424
1788861949452535800,0.399535888671875,-1.138608455657959,-1.265898585319519,0.22263434529304504
1788861949462578000,0.409577880859375,-1.2136491537094116,-1.6016706228256226,0.3912229835987091
1788861949472619800,0.419619873046875,-1.2597284317016602,-1.9421144723892212,0.4869076907634735
1788861949482662000,0.429661865234375,-1.2309714555740356,-2.2554049491882324,0.5178438425064087
1788861949492704000,0.4397041015625,-1.1184978485107422,-2.2365143299102783,0.45609045028686523
1788861949502744800,0.449744873046875,-0.9072467088699341,-1.7760902643203735,0.3723087012767792
1788861949512787000,0.459786865234375,-0.6148004531860352,-1.2920080423355103,0.31359824538230896
1788861949522828800,0.469828857421875,-0.3383122682571411,-0.9376819729804993,0.19648297131061554
1788861949532870700,0.47987060546875,-0.11064476519823074,-0.7940411567687988,-0.004565443843603134
1788861949542913000,0.4899130859375,0.3296493887901306,-0.9725817441940308,-0.08056959509849548
1788861949552955000,0.499954833984375,0.856834352016449,-1.2526414394378662,0.035017989575862885
1788861949562997000,0.5099970703125,1.2206271886825562,-1.5961716175079346,0.18938468396663666
1788861949573038800,0.520038818359375,1.3396515846252441,-2.049022674560547,0.34001147747039795
1788861949583080700,0.530080810546875,1.3927613496780396,-2.287015676498413,0.4784430265426636
1788861949593123000,0.540123046875,1.4286417961120605,-2.271890878677368,0.504788875579834
1788861949603165000,0.5501650390625,1.440708875656128,-2.1435184478759766,0.4116184413433075
1788861949613206800,0.560206787109375,1.4218436479568481,-1.8862745761871338,0.23167771100997925
1788861949623249000,0.570248779296875,1.377611756324768,-1.435996651649475,0.00574630219489336
1788861949633289700,0.580289794921875,1.3509470224380493,-0.8850163221359253,-0.17674307525157928
1788861949643331800,0.590331787109375,1.2670502662658691,-0.4399834871292114,-0.30237409472465515
1788861949653374000,0.6003740234375,1.0776385068893433,-0.26010534167289734,-0.4229726791381836
1788861949663415800,0.610415771484375,0.8060192465782166,-0.39502906799316406,-0.5822913646697998
1788861949673458000,0.6204580078125,0.5762723088264465,-1.0279873609542847,-0.6866942048072815
1788861949683499800,0.630499755859375,0.6268835663795471,-1.9067208766937256,-0.630027174949646
1788861949693542000,0.6405419921875,1.0428999662399292,-2.7505650520324707,-0.4185117483139038
1788861949703584000,0.650583984375,1.6034939289093018,-3.160261631011963,-0.17380288243293762
1788861949713625900,0.6606259765625,2.0199153423309326,-3.1718873977661133,0.02766578458249569
1788861949723668000,0.67066796875,2.1577186584472656,-3.0415546894073486,0.18638530373573303
1788861949733709800,0.680709716796875,2.105036973953247,-3.015211820602417,0.3189350962638855
1788861949743751700,0.690751708984375,2.0160586833953857,-3.217660427093506,0.4946683645248413
1788861949753794000,0.7007939453125,2.0421440601348877,-3.9489548206329346,0.8130759000778198
1788861949763835000,0.7108349609375,2.1919338703155518,-4.9855122566223145,1.3750722408294678
1788861949773877000,0.720876953125,2.3748881816864014,-5.825408458709717,2.165372848510742
1788861949783918800,0.7309189453125,2.5704522132873535,-6.38905143737793,2.9680495262145996
1788861949793960700,0.740960693359375,2.7594900131225586,-6.8813323974609375,3.488236665725708
1788861949804002800,0.7510029296875,2.886762857437134,-7.1566691398620605,3.722017526626587
1788861949814045000,0.761044921875,3.0282859802246094,-6.993483543395996,3.7985405921936035
1788861949824086800,0.771086669921875,3.1790060997009277,-6.62553071975708,3.824047327041626
1788861949834129000,0.78112890625,3.2788119316101074,-6.415178298950195,3.943187713623047
1788861949844170800,0.791170654296875,3.3316988945007324,-6.371215343475342,4.230676174163818
1788861949854212900,0.801212890625,3.4064221382141113,-6.277243137359619,4.619613170623779
1788861949864255000,0.8112548828125,3.519493579864502,-6.1073832511901855,4.951048374176025
1788861949874296800,0.821296875,3.4517452716827393,-5.778084754943848,5.1527581214904785
1788861949884339000,0.8313388671875,3.23547101020813,-5.397085189819336,5.208119869232178
1788861949894379800,0.8413798828125,3.0745882987976074,-5.0228352546691895,5.206650257110596
1788861949904422000,0.851421875,2.9259653091430664,-4.41794490814209,5.235052108764648
1788861949914463700,0.861463623046875,2.671935796737671,-3.9406023025512695,5.2814459800720215
1788861949924505900,0.871505859375,2.361379384994507,-3.7020208835601807,5.258997440338135
1788861949934548000,0.8815478515625,1.9573814868927002,-3.5305063724517822,5.013687610626221
1788861949944589800,0.89158984375,1.4984407424926758,-3.3039751052856445,4.49161434173584
1788861949954631700,0.901631591796875,1.1139864921569824,-2.8720905780792236,3.738448143005371
1788861949964673800,0.911673828125,0.9341094493865967,-2.173981189727783,2.8957719802856445
1788861949974715100,0.921715087890625,0.7964962124824524,-1.369036316871643,2.1125452518463135
1788861949984757200,0.93175732421875,0.5836455821990967,-0.8733096122741699,1.2818365097045898
1788861949994799400,0.94179931640625,0.3072017431259155,-1.302694320678711,0.1931307166814804
1788861950004841200,0.95184130859375,0.45870792865753174,-2.255657434463501,-1.0441583395004272
1788861950014882300,0.96188232421875,1.0893378257751465,-2.5966956615448,-1.9142194986343384
1788861950024924200,0.971924072265625,1.484565019607544,-1.8246732950210571,-2.0248897075653076
1788861950034966300,0.98196630859375,1.5323636531829834,-0.6762906908988953,-1.498828411102295
1788861950045008100,0.992008056640625,1.6905159950256348,-0.49310389161109924,-0.9516484141349792
1788861950055050500,1.002050537109375,2.1729769706726074,-0.9477986693382263,-0.45489829778671265
1788861950065092400,1.01209228515625,2.6465911865234375,-1.2910250425338745,0.17363572120666504
1788861950075134200,1.02213427734375,3.058519124984741,-1.939097285270691,0.7746214270591736
1788861950085176300,1.03217626953125,3.5919270515441895,-3.0921263694763184,1.0715062618255615
1788861950095218200,1.04221826171875,4.179683685302734,-3.237623929977417,1.2763373851776123
1788861950105260300,1.05226025390625,4.598178386688232,-1.9228957891464233,0.9470776319503784
1788861950115302400,1.062302490234375,4.737179279327393,0.623664379119873,-0.4701746702194214
1788861950125344300,1.07234423828125,4.627042770385742,2.1468892097473145,-1.6144245862960815
1788861950135385300,1.08238525390625,4.341712474822998,2.625732898712158,-1.9149614572525024
1788861950145427200,1.09242724609375,4.328558444976807,2.220700263977051,-1.5821658372879028
1788861950155469000,1.102468994140625,4.5962677001953125,1.5783346891403198,-0.8741404414176941
1788861950165511400,1.112511474609375,4.576501369476318,0.8477872610092163,0.0642843171954155
1788861950175553300,1.12255322265625,4.417988300323486,0.07835102081298828,0.9422531723976135
1788861950185595400,1.132595458984375,4.25174617767334,-0.4277552366256714,1.600858211517334
1788861950195637200,1.14263720703125,3.834016799926758,-0.5361464023590088,1.9302501678466797
1788861950205679000,1.15267919921875,3.0987913608551025,-0.6663051843643188,1.914647102355957
1788861950215721500,1.162721435546875,2.0393898487091064,-0.6069433093070984,1.67683744430542
1788861950225763300,1.172763427734375,1.124416708946228,-0.43438199162483215,1.2045549154281616
1788861950235805200,1.18280517578125,0.5678544044494629,0.363619327545166,0.547080397605896
1788861950245847300,1.192847412109375,0.09038729965686798,0.485865980386734,0.10644499212503433
1788861950255888100,1.20288818359375,-0.30584391951560974,-0.44442304968833923,-0.00500430166721344
1788861950265930200,1.21293017578125,-0.16613051295280457,-0.3841562569141388,0.6797210574150085
1788861950275972400,1.222972412109375,-0.3057326376438141,-0.07733587920665741,0.7616667747497559
1788861950286014200,1.23301416015625,-0.7337192296981812,-0.02528182789683342,0.40134644508361816
1788861950296056300,1.243056396484375,-0.7184990048408508,0.06173482537269592,-0.2509104311466217
1788861950306098200,1.25309814453125,-0.49853214621543884,-0.41309839487075806,-1.2284570932388306
1788861950316140300,1.263140380859375,-0.2461148053407669,-0.6574431657791138,-2.0691795349121094
1788861950326182400,1.273182373046875,-0.35196453332901,-1.0251859426498413,-2.3787810802459717
1788861950336224300,1.283224365234375,-0.4109484851360321,0.4553914964199066,-0.51630699634552
1788861950346266400,1.293266357421875,-0.6493423581123352,2.00262713432312,0.25621339678764343
1788861950356308200,1.30330810546875,-0.41504842042922974,0.9483194351196289,0.06413450837135315
1788861950366349300,1.313349365234375,-0.459189772605896,0.759045422077179,-0.15018230676651
1788861950376391200,1.32339111328125,-0.2901078164577484,0.5940577983856201,-0.32167497277259827
1788861950386433300,1.333433349609375,0.119168221950531,0.7356048822402954,-0.04917663708329201
1788861950396475400,1.343475341796875,0.15226253867149353,1.0023212432861328,-0.19700923562049866
1788861950406517200,1.353517333984375,0.03802106902003288,0.3252095580101013,-0.05608312413096428
1788861950416559000,1.36355908203125,0.034302495419979095,-0.1073857769370079,-0.07681849598884583
1788861950426601200,1.373601318359375,0.026141224429011345,0.26638534665107727,-0.03820330277085304
1788861950436643300,1.383643310546875,-0.12551994621753693,0.24441426992416382,0.07985489815473557
1788861950446685400,1.393685546875,-0.3893164396286011,0.3233139216899872,0.3892917037010193
1788861950456727300,1.403727294921875,-0.7036008834838867,0.5977281332015991,0.46027451753616333
1788861950466769200,1.41376904296875,-1.1106687784194946,0.7514317035675049,0.2364937663078308
1788861950476811300,1.423811279296875,-1.5868022441864014,0.667744517326355,0.20614197850227356
1788861950486852000,1.43385205078125,-1.9096932411193848,0.41349804401397705,-0.059493642300367355
1788861950496894500,1.44389453125,-1.9312254190444946,0.25297096371650696,-0.5565438866615295
1788861950506936300,1.453936279296875,-1.9856646060943604,0.03851032257080078,-0.9924979209899902
1788861950516978200,1.463978271484375,-2.4235482215881348,-0.17385946214199066,-1.0772171020507812
1788861950527020300,1.474020263671875,-2.3298046588897705,-0.31390222907066345,-1.163945198059082
1788861950537062100,1.484062255859375,-1.9897323846817017,0.034518592059612274,-1.333797574043274
1788861950547104300,1.494104248046875,-1.823945164680481,0.08592883497476578,-1.1214510202407837
1788861950557146400,1.504146484375,-1.411346435546875,-0.5483008623123169,-0.6446322202682495
1788861950567188200,1.514188232421875,-0.38531529903411865,-1.1494745016098022,-0.2807009220123291
1788861950577230300,1.524230224609375,-0.4669089615345001,-1.1040666103363037,-0.2332010269165039
1788861950587272200,1.534272216796875,-0.5031135678291321,-1.7288309335708618,-0.2708872854709625
1788861950597313300,1.544313232421875,-0.07528393715620041,-2.4190075397491455,-0.4707886874675751
1788861950607355400,1.55435546875,0.5807834267616272,-3.3566737174987793,-0.6327468752861023
1788861950617397200,1.564397216796875,1.0214697122573853,-5.181522846221924,-1.0219929218292236
1788861950627439400,1.574439453125,1.387940526008606,-4.036543846130371,-0.2559298574924469
1788861950637481200,1.584481201171875,1.1881909370422363,-2.6233103275299072,-0.12932558357715607
1788861950647523000,1.594523193359375,1.1782540082931519,-2.269594192504883,-0.1879599243402481
1788861950657565400,1.6045654296875,1.3890560865402222,-2.626213550567627,0.022521410137414932
1788861950667607300,1.614607177734375,1.411902666091919,-2.5954339504241943,0.10515172779560089
1788861950677649200,1.624649169921875,1.0031588077545166,-1.7917286157608032,0.08849845081567764
1788861950687691300,1.634691162109375,1.4062248468399048,-3.5779800415039062,0.30532142519950867
1788861950697733000,1.644733154296875,1.2683792114257812,-2.602970838546753,0.4233170449733734
1788861950707774200,1.654774169921875,1.0948233604431152,-2.267016649246216,0.36950284242630005
1788861950717816300,1.66481640625,0.1503480076789856,-1.7995891571044922,-0.025546714663505554
1788861950727858400,1.6748583984375,-0.35629457235336304,-1.3463839292526245,-0.388012558221817
1788861950737900300,1.684900390625,-0.5457693934440613,-0.9904322028160095,-0.2948501408100128
1788861950747942100,1.694942138671875,-0.3953514099121094,-0.996220052242279,-0.1963645964860916
1788861950757984300,1.704984375,-0.12164050340652466,-1.42433762550354,-0.30845117568969727
1788861950768026400,1.7150263671875,0.1953543722629547,-0.969817578792572,-0.13228902220726013
1788861950778068200,1.725068115234375,1.3033058643341064,-1.1147875785827637,0.06104183942079544
1788861950788110300,1.7351103515625,1.7268383502960205,-0.3342050015926361,-0.25340020656585693
1788861950798152200,1.745152099609375,1.8830593824386597,-1.0896590948104858,-0.41572946310043335
1788861950808193300,1.755193359375,1.3231581449508667,-1.5410324335098267,-0.40870243310928345
1788861950818235100,1.765235107421875,0.9037984609603882,-1.6493685245513916,-0.5555214285850525
1788861950828277200,1.77527734375,0.34698501229286194,-0.007470924407243729,-0.4554182291030884
1788861950838319400,1.7853193359375,0.2759273648262024,0.7440603375434875,0.21955831348896027
1788861950848361200,1.795361328125,0.40889686346054077,0.3156924843788147,0.9535175561904907
1788861950858403300,1.8054033203125,0.5066604614257812,0.03874954581260681,1.0868366956710815
1788861950868445200,1.815445068359375,0.20463865995407104,-0.1294129639863968,0.7069015502929688
1788861950878487300,1.8254873046875,0.24664656817913055,-0.8226596117019653,0.5416542887687683
1788861950888529400,1.835529296875,0.1840219348669052,-0.7494571208953857,0.2974211871623993
1788861950898571300,1.8455712890625,-0.1291133463382721,-0.3169938921928406,-0.16708312928676605
1788861950908613000,1.855613037109375,-0.24918167293071747,-0.15048259496688843,-0.3500818908214569
1788861950918654200,1.865654296875,-0.2994488477706909,-0.21107883751392365,-0.25624459981918335
1788861950928696000,1.875696044921875,-0.33227747678756714,-0.26154714822769165,-0.07783938199281693
1788861950938738400,1.885738525390625,-0.32354655861854553,-0.20163536071777344,0.13567103445529938
1788861950948780300,1.8957802734375,-0.25474488735198975,0.04980560764670372,0.384034126996994
1788861950958822100,1.905822265625,0.0012616001768037677,0.5574434995651245,0.6099926829338074
1788861950968864300,1.9158642578125,0.650068461894989,0.901881992816925,0.8623870611190796
1788861950978906000,1.925906005859375,1.4658405780792236,1.1851481199264526,1.1032886505126953
1788861950988948200,1.9359482421875,1.7678775787353516,0.9029302000999451,1.0607050657272339
1788861950998990300,1.945990234375,1.7316337823867798,0.8067852854728699,0.6193622946739197
1788861951009032200,1.9560322265625,1.5013833045959473,1.1229523420333862,0.19116154313087463
1788861951019073300,1.9660732421875,1.308832049369812,1.5289030075073242,0.03303183242678642
1788861951029115100,1.976115234375,1.2821437120437622,1.752974510192871,-0.09117653220891953
1788861951039157200,1.9861572265625,1.4093348979949951,1.9287241697311401,-0.06418886035680771
1788861951049199400,1.996199462890625,1.426336646080017,1.415155291557312,0.10804981738328934
1788861951059241200,2.0062412109375,1.323667287826538,0.7049418687820435,0.17994770407676697
1788861951069283300,2.016283447265625,1.1762431859970093,0.16105379164218903,0.2176225334405899
1788861951079325200,2.0263251953125,0.9896277785301208,-0.03556978702545166,0.2567819058895111
1788861951089367000,2.036366943359375,0.77853924036026,0.11064662039279938,0.3487239181995392
1788861951099409400,2.046409423828125,0.6335737705230713,0.10428539663553238,0.3790099322795868
1788861951109451300,2.056451171875,0.5245186686515808,0.1306745707988739,0.25948500633239746
1788861951119492400,2.066492431640625,0.4490814507007599,0.30548954010009766,0.05432361364364624
1788861951129534200,2.0765341796875,0.3523554503917694,0.6141949892044067,-0.05499996617436409
1788861951139576300,2.086576416015625,0.29963818192481995,0.6776871681213379,-0.05221909284591675
1788861951149618200,2.0966181640625,0.1308947056531906,0.44744381308555603,0.029730230569839478
1788861951159660300,2.106660400390625,-0.11723814159631729,0.2612779438495636,0.015140901319682598
1788861951169702400,2.116702392578125,-0.24696657061576843,0.030258784070611,0.005560063757002354
1788861951179744300,2.126744140625,-0.19978521764278412,-0.15132246911525726,0.087163046002388
1788861951189786000,2.1367861328125,-0.09030306339263916,-0.3066985607147217,0.20730789005756378
1788861951199828200,2.146828125,0.09992013871669769,-0.23287734389305115,0.2239672839641571
1788861951209870300,2.156870361328125,0.3261619210243225,0.1385703980922699,0.12176588177680969
1788861951219912200,2.166912109375,0.638812780380249,0.07306702435016632,0.1119244396686554
1788861951229953300,2.176953369140625,1.0757319927215576,-0.2615208327770233,0.23953045904636383
1788861951239995100,2.1869951171875,1.1662260293960571,-0.3603406250476837,0.3714427053928375
1788861951250037200,2.197037353515625,1.1207269430160522,-0.6485359072685242,0.3397623896598816
1788861951260079000,2.2070791015625,1.0255506038665771,-1.135483741760254,0.1634688526391983
1788861951270121200,2.217121337890625,0.6967097520828247,-2.57489013671875,-0.11354296654462814
1788861951280163300,2.227163330078125,0.26826146245002747,-4.090974807739258,-0.16832658648490906
1788861951290205200,2.237205078125,-0.13062332570552826,-5.52761697769165,0.24173350632190704
1788861951300247300,2.247247314453125,-0.5663942098617554,-5.986501216888428,0.8983758091926575
1788861951310289200,2.2572890625,-1.9130241870880127,-4.519018173217773,2.1354122161865234
1788861951320331300,2.267331298828125,-2.746583938598633,-3.4303464889526367,2.1845104694366455
1788861951330372400,2.277372314453125,-2.067084312438965,-3.4327709674835205,1.0234817266464233
1788861951340414200,2.287414306640625,-0.9361998438835144,-3.8140103816986084,-0.2384997457265854
1788861951350456300,2.297456298828125,-1.3526127338409424,-2.2621445655822754,-0.31270015239715576
1788861951360498200,2.307498291015625,-1.8394625186920166,-0.637825608253479,-0.5258057117462158
1788861951370540000,2.3175400390625,-0.9809585213661194,-0.03526393324136734,-1.5097079277038574
1788861951380582400,2.32758251953125,-0.21274468302726746,0.4696868360042572,-2.257896661758423
1788861951390624300,2.337624267578125,0.20629757642745972,0.49036622047424316,-2.1463959217071533
1788861951400666000,2.347666015625,0.666388213634491,-0.34475767612457275,-1.4846296310424805
1788861951410708200,2.357708251953125,0.9703514575958252,-0.388021320104599,-1.048032522201538
1788861951420750000,2.36775,0.9491302967071533,-0.4356759190559387,-0.7674016356468201
1788861951430791200,2.377791259765625,0.8086034059524536,-0.9782242774963379,-0.6431029438972473
1788861951440833300,2.387833251953125,0.6502915620803833,-1.6073065996170044,-0.585982084274292
1788861951450875400,2.39787548828125,0.5962992906570435,-2.3804774284362793,-0.6311471462249756
1788861951460917200,2.407917236328125,0.5359302163124084,-3.051985263824463,-0.6175104379653931
1788861951470959000,2.417958984375,0.42354920506477356,-3.4226791858673096,-0.4481828212738037
1788861951481001200,2.428001220703125,0.7030991315841675,-4.248523712158203,-0.18149760365486145
1788861951491043300,2.438043212890625,0.9441595673561096,-1.4500670433044434,-0.5635534524917603
1788861951501085200,2.448085205078125,0.7894740700721741,0.4027537703514099,-0.635521650314331
1788861951511127300,2.458127197265625,1.0078753232955933,0.729263186454773,-0.3379836976528168
1788861951521169200,2.468169189453125,0.9201812148094177,0.827148973941803,0.0838698148727417
1788861951531210200,2.478210205078125,0.784293532371521,0.0680120661854744,0.2711528241634369
1788861951541252000,2.488252197265625,0.8010397553443909,-0.522211492061615,0.15257799625396729
1788861951551294200,2.498294189453125,0.9454118609428406,-0.37952521443367004,0.16108225286006927
1788861951561336300,2.50833642578125,1.014256477355957,-0.3707655370235443,0.30025985836982727
1788861951571378200,2.518378173828125,0.9193464517593384,-0.28549858927726746,0.4652552008628845
1788861951581420300,2.528420166015625,0.7972500920295715,-0.10440947860479355,0.5040023326873779
1788861951591462100,2.538462158203125,0.8230761289596558,0.08135300874710083,0.4637964367866516
1788861951601504300,2.548504150390625,0.867666482925415,0.3223613500595093,0.49059581756591797
1788861951611546400,2.55854638671875,0.8793195486068726,0.4228963255882263,0.5413190126419067
1788861951621587200,2.568587158203125,0.6913637518882751,0.47808289527893066,0.6422804594039917
1788861951631629300,2.57862939453125,0.4472457468509674,0.22032701969146729,0.6899322271347046
1788861951641671200,2.588671142578125,0.32363033294677734,0.03926375135779381,0.7394987344741821
1788861951651713000,2.598713134765625,0.3445470929145813,0.01906486228108406,0.7451697587966919
1788861951661755400,2.60875537109375,0.24342845380306244,0.36061498522758484,0.6746881604194641
1788861951671797200,2.61879736328125,0.17647871375083923,0.649638831615448,0.45536819100379944
1788861951681839000,2.628839111328125,0.20384696125984192,0.7619930505752563,0.2189154475927353
1788861951691881200,2.638881103515625,0.22075028717517853,0.7853832244873047,0.003789573907852173
1788861951701923000,2.648923095703125,0.18407189846038818,0.3886236548423767,-0.17382942140102386
1788861951711965400,2.65896533203125,0.06420489400625229,0.16481587290763855,-0.12391605973243713
1788861951722007300,2.66900732421875,-0.016276635229587555,0.14400513470172882,-0.08052384853363037
1788861951732048400,2.67904833984375,-0.06803729385137558,0.13175836205482483,-0.14883700013160706
1788861951742090200,2.68909033203125,-0.020653799176216125,0.20848456025123596,-0.2041010558605194
1788861951752132000,2.699132080078125,0.07676036655902863,0.26027265191078186,-0.18094752728939056
1788861951762174200,2.70917431640625,0.1368093192577362,0.3125547766685486,-0.07822620868682861
1788861951772216300,2.71921630859375,0.16115061938762665,0.37121886014938354,-0.004928822163492441
1788861951782258200,2.729258056640625,0.04779289662837982,0.3669005334377289,0.023059668019413948
1788861951792300300,2.73930029296875,-0.13250988721847534,0.3871394097805023,0.0050433119758963585
1788861951802342100,2.749342041015625,-0.28819960355758667,0.38064903020858765,0.03214284032583237
1788861951812384300,2.75938427734375,-0.3624115288257599,0.6453619003295898,0.06540212780237198
1788861951822425000,2.769425048828125,-0.37449854612350464,0.6622066497802734,0.08694976568222046
1788861951832467200,2.77946728515625,-0.2286517322063446,0.6436533331871033,0.1773887723684311
1788861951842509300,2.78950927734375,0.0728045180439949,0.43158796429634094,0.41628819704055786
1788861951852551200,2.79955126953125,0.459410160779953,-0.09934734553098679,0.6064378023147583
1788861951862593300,2.80959326171875,0.691438615322113,-0.4724293053150177,0.6212852001190186
1788861951872635100,2.81963525390625,0.7224659323692322,-0.8980059027671814,0.4183221757411957
1788861951882677200,2.82967724609375,0.41342440247535706,-1.1110789775848389,0.09170544147491455
1788861951892719400,2.83971923828125,0.10803134739398956,-1.3877546787261963,-0.011372948996722698
1788861951902761200,2.84976123046875,-0.21819843351840973,-1.6932661533355713,0.12144768238067627
1788861951912802300,2.85980224609375,-0.5316634178161621,-1.9878852367401123,0.43904948234558105
1788861951922844200,2.86984423828125,-0.8226419687271118,-2.0922014713287354,0.6384110450744629
1788861951932886000,2.879885986328125,-0.9188607931137085,-1.7009683847427368,0.58612060546875
1788861951942928400,2.889928466796875,-0.7996870279312134,-0.7963892221450806,0.23094628751277924
1788861951952970200,2.89997021484375,-0.3779926002025604,0.011598838493227959,-0.21968914568424225
1788861951963012000,2.91001220703125,0.0247348640114069,0.25417444109916687,-0.4911361038684845
1788861951973054000,2.920053955078125,-0.08395207673311234,0.10983870923519135,-0.5818767547607422
1788861951983096000,2.930095947265625,-0.31514960527420044,0.0901440978050232,-0.5361955165863037
1788861951993138200,2.94013818359375,-0.4824523329734802,0.3726721405982971,-0.2981095612049103
1788861952003179000,2.950178955078125,-0.49654629826545715,0.6097416877746582,-0.08950016647577286
1788861952013221000,2.96022119140625,-0.42590194940567017,0.3950994610786438,-0.08477319777011871
1788861952023263000,2.970262939453125,-0.0023874377366155386,-0.6599839329719543,-0.3768974542617798
1788861952033304800,2.980304931640625,0.4744451642036438,-1.2730401754379272,-0.4833071231842041
1788861952043347200,2.99034716796875,0.653297483921051,-0.9345337748527527,-0.3601185977458954
1788861952053389000,3.00038916015625,0.9757680892944336,-0.7016023397445679,-0.28972962498664856
1788861952063431000,3.010430908203125,1.5608283281326294,-0.9974846243858337,-0.36191272735595703
1788861952073473000,3.02047314453125,1.7517257928848267,-1.4608129262924194,-0.3720475137233734
1788861952083515000,3.030514892578125,1.921531319618225,-2.2484593391418457,-0.4713940918445587
1788861952093557000,3.040556884765625,1.9095462560653687,-2.7545273303985596,-0.5292168259620667
1788861952103598000,3.05059814453125,1.8025052547454834,-2.2401912212371826,-0.49659523367881775
1788861952113640200,3.06064013671875,1.419150948524475,-0.9691098928451538,-0.06471119821071625
1788861952123682000,3.07068212890625,1.274503469467163,-0.5520759224891663,0.27908557653427124
1788861952133724000,3.080723876953125,0.9613139033317566,-0.43390554189682007,0.5766605734825134
1788861952143766000,3.09076611328125,0.6581097841262817,-0.25430354475975037,0.6002468466758728
1788861952153808100,3.10080810546875,0.3845670819282532,0.02181844413280487,0.4238108694553375
1788861952163850000,3.11085009765625,0.2074868381023407,0.2641775608062744,0.22274114191532135
1788861952173892000,3.12089208984375,0.10304844379425049,0.43645918369293213,0.056167542934417725
1788861952183934000,3.130933837890625,0.01978444494307041,0.45852214097976685,-0.03375249356031418
1788861952193975000,3.14097509765625,-0.036563239991664886,0.4131126403808594,-0.0711563304066658
1788861952204017000,3.151016845703125,-0.07759828865528107,0.2917289435863495,-0.0881052240729332
1788861952214059000,3.16105908203125,-0.06608079373836517,0.22967709600925446,-0.09014485776424408
1788861952224101000,3.17110107421875,-0.07197809964418411,0.10023096203804016,-0.0985332801938057
1788861952234143000,3.18114306640625,0.03396085649728775,-0.009627053514122963,-0.14485286176204681
1788861952244185000,3.19118505859375,0.13925984501838684,-0.056632380932569504,-0.15598326921463013
1788861952254227000,3.20122705078125,0.16559410095214844,-0.14371180534362793,-0.146204873919487
1788861952264269000,3.21126904296875,0.1378844529390335,-0.18001815676689148,-0.13782230019569397
1788861952274311200,3.221311279296875,0.1263500452041626,-0.06412079185247421,-0.11367835104465485
1788861952284352000,3.23135205078125,0.07350999861955643,0.0662771612405777,-0.11067643761634827
1788861952294394000,3.24139404296875,0.036882348358631134,0.06616683304309845,-0.04548965021967888
1788861952304436000,3.25143603515625,0.003990181256085634,0.054412439465522766,0.019956467673182487
1788861952314477800,3.261477783203125,0.0005035628564655781,0.026742661371827126,0.0472344309091568
1788861952324520200,3.271520263671875,0.03673506900668144,-0.04955504089593887,0.0631265789270401
1788861952334562000,3.28156201171875,0.0924900695681572,-0.0419393815100193,0.0761236771941185
1788861952344604000,3.29160400390625,0.12197818607091904,-0.027276013046503067,0.07141334563493729
1788861952354646000,3.30164599609375,0.10916253179311752,-0.0010094475001096725,0.056552495807409286
1788861952364688000,3.31168798828125,0.07273661345243454,-0.06691203266382217,0.02919331006705761
1788861952374729000,3.32172900390625,0.050808414816856384,-0.11893422156572342,0.006459768395870924
1788861952384771000,3.33177099609375,0.005155975930392742,-0.15991200506687164,-0.053884800523519516
1788861952394813200,3.341813232421875,-0.0329248383641243,-0.1451253741979599,-0.10859344899654388
1788861952404855000,3.35185498046875,-0.04279877245426178,-0.04356812685728073,-0.11088137328624725
1788861952414897000,3.36189697265625,-0.06878376752138138,-0.003322436474263668,-0.12342432886362076
1788861952424939000,3.37193896484375,-0.07692904770374298,0.03708783909678459,-0.1477762758731842
1788861952434981000,3.381981201171875,-0.05020608380436897,0.1256992369890213,-0.16612373292446136
1788861952445023000,3.39202294921875,-0.05282050743699074,0.1656104326248169,-0.15110082924365997
1788861952455065000,3.402065185546875,-0.11395256966352463,0.1915040761232376,-0.12846316397190094
1788861952465106000,3.41210595703125,-0.09556929767131805,0.2818012535572052,-0.08475576341152191
1788861952475148000,3.42214794921875,-0.058302901685237885,0.24980299174785614,-0.024663783609867096
1788861952485190000,3.43218994140625,-0.07048633694648743,0.11173991113901138,0.011274242773652077
1788861952495232000,3.44223193359375,-0.061156608164310455,0.11045271158218384,0.012400819920003414
1788861952505274000,3.452274169921875,0.017558176070451736,-0.27166882157325745,-0.030427072197198868
1788861952515316000,3.46231591796875,0.010251399129629135,-0.5358531475067139,-0.04925675690174103
1788861952525358000,3.472358154296875,-0.668978214263916,-0.24709193408489227,0.11500781774520874
1788861952535400000,3.48239990234375,0.004711894318461418,-0.22095711529254913,0.03870232775807381
1788861952545442000,3.492442138671875,-0.26002442836761475,0.11335747689008713,0.05450419336557388
1788861952555483100,3.502483154296875,-0.3715052902698517,-0.009577669203281403,-0.004143471829593182
1788861952565525000,3.51252490234375,-0.3360769748687744,-0.2212291955947876,-0.058360371738672256
1788861952575567000,3.522567138671875,-0.27070021629333496,-0.1632125973701477,-0.07452303171157837
1788861952585609000,3.53260888671875,-0.2515036463737488,-0.08042184263467789,-0.10040629655122757
1788861952595650800,3.54265087890625,-0.3065778315067291,0.002763081341981888,-0.14934533834457397
1788861952605693200,3.552693115234375,-0.5664793848991394,0.2036764770746231,-0.19319003820419312
1788861952615735000,3.562735107421875,-0.547598659992218,0.4393566846847534,-0.17090535163879395
1788861952625777000,3.57277685546875,-0.7024250030517578,0.5512933731079102,-0.11633799225091934
1788861952635818000,3.58281787109375,-0.9389315843582153,0.5766790509223938,-0.06619572639465332
1788861952645859800,3.59285986328125,-1.1278321743011475,0.6669796705245972,0.008088355883955956
1788861952655902000,3.60290185546875,-1.0988603830337524,0.672778844833374,0.07509662210941315
1788861952665944000,3.612944091796875,-0.6647952198982239,0.28527748584747314,0.047744087874889374
1788861952675986200,3.622986083984375,-0.21316982805728912,-0.0785980299115181,0.014382204040884972
1788861952686028000,3.633028076171875,0.052725233137607574,-0.29317134618759155,-0.022442122921347618
1788861952696070000,3.64306982421875,0.17900700867176056,-0.17505399882793427,0.011968049220740795
1788861952706112000,3.653112060546875,0.11312758922576904,-0.04088287800550461,0.06516016274690628
1788861952716154000,3.663154052734375,0.0038538265507668257,-0.04482760652899742,0.12257058918476105
1788861952726195200,3.6731953125,-0.01855747401714325,-0.030838821083307266,0.16280296444892883
1788861952736237000,3.683237060546875,0.0046362560242414474,0.03601658344268799,0.01812101900577545
1788861952746279000,3.69327880859375,-0.19579032063484192,0.07024939358234406,-0.07120832800865173
1788861952756321000,3.703321044921875,-0.1967831254005432,-0.1100556030869484,-0.2203112542629242
1788861952766363000,3.71336279296875,-0.11064665019512177,-0.2561315894126892,-0.3571609854698181
1788861952776405000,3.723405029296875,-0.07507574558258057,-0.2142556756734848,-0.3417566418647766
1788861952786447000,3.733447021484375,0.10843336582183838,-0.33238205313682556,-0.21795962750911713
1788861952796489000,3.743489013671875,0.279560923576355,-0.3550742566585541,-0.02009860798716545
1788861952806531000,3.753531005859375,0.22115273773670197,-0.20258989930152893,0.11628399789333344
1788861952816572000,3.763572021484375,0.11113620549440384,-0.12368661910295486,0.08258210122585297
1788861952826614000,3.773614013671875,0.1304883360862732,-0.2023923546075821,-0.024437561631202698
1788861952836656000,3.78365625,0.19192826747894287,-0.17546959221363068,-0.060670800507068634
1788861952846698000,3.793697998046875,0.2110433727502823,-0.01533239521086216,-0.06771432608366013
1788861952856740000,3.803739990234375,0.10035586357116699,0.0024781115353107452,-0.12380016595125198
1788861952866782000,3.813781982421875,0.10772722959518433,-0.18490776419639587,-0.21724463999271393
1788861952876823800,3.82382373046875,0.11712059378623962,-0.32477280497550964,-0.2886640429496765
1788861952886866200,3.8338662109375,0.14150211215019226,-0.40399226546287537,-0.3946349024772644
1788861952896907000,3.843906982421875,0.206472709774971,-0.5055257081985474,-0.4854619801044464
1788861952906949000,3.85394921875,0.2752557694911957,-0.5437708497047424,-0.531480073928833
1788861952916991000,3.863990966796875,0.3318936228752136,-0.45337358117103577,-0.5150343179702759
1788861952927032800,3.87403271484375,0.3646118938922882,-0.3145214319229126,-0.45911404490470886
1788861952937075000,3.884074951171875,0.3709218204021454,-0.2642422616481781,-0.3813299834728241
1788861952947117000,3.894116943359375,0.3301565647125244,-0.25055256485939026,-0.29376497864723206
1788861952957159200,3.9041591796875,0.27654021978378296,-0.2006770819425583,-0.23454253375530243
1788861952967201000,3.914200927734375,0.24120913445949554,-0.17847883701324463,-0.23672260344028473
1788861952977243600,3.92424365234375,0.2545800507068634,-0.23210160434246063,-0.2553005516529083
1788861952987284700,3.93428466796875,0.271088182926178,-0.3138587772846222,-0.25435033440589905
1788861952997326600,3.94432666015625,0.26808643341064453,-0.3670442998409271,-0.24706824123859406
1788861953007368400,3.954368408203125,0.23788483440876007,-0.4013247787952423,-0.2444911003112793
1788861953017410800,3.964410888671875,0.20226052403450012,-0.3890613317489624,-0.2019345760345459
1788861953027452700,3.97445263671875,0.1511898785829544,-0.30938515067100525,-0.1125655546784401
1788861953037494800,3.984494873046875,0.08191227912902832,-0.2191571742296219,-0.02300078794360161
1788861953047536600,3.99453662109375,0.02811562642455101,-0.12314515560865402,0.03101930394768715
1788861953057578500,4.00457861328125,-0.0010369291994720697,-0.022736193612217903,0.08156503736972809
1788861953067619600,4.01461962890625,0.005893681198358536,0.06736999750137329,0.1458260416984558
1788861953077661700,4.02466162109375,0.06510253995656967,0.1370410919189453,0.19363892078399658
1788861953087703800,4.034703857421875,0.13151085376739502,0.18546295166015625,0.22983819246292114
1788861953097745700,4.04474560546875,0.18164406716823578,0.2593400478363037,0.25031962990760803
1788861953107787500,4.05478759765625,0.22029133141040802,0.3248642086982727,0.25154656171798706
1788861953117829600,4.06482958984375,0.23777523636817932,0.3185218274593353,0.24233347177505493
1788861953127871700,4.074871826171875,0.22176671028137207,0.3501191735267639,0.23570486903190613
1788861953137913600,4.08491357421875,0.2124364674091339,0.4032566547393799,0.2674294412136078
1788861953147954700,4.09495458984375,0.18416914343833923,0.3999689817428589,0.32231026887893677
1788861953157996500,4.10499658203125,0.1690201461315155,0.37288421392440796,0.390828937292099
1788861953168038700,4.11503857421875,0.161880761384964,0.35132884979248047,0.457211434841156
1788861953178080500,4.12508056640625,0.13509361445903778,0.2838352918624878,0.5194640159606934
1788861953188122600,4.13512255859375,0.11754630506038666,0.2602418065071106,0.5695056319236755
1788861953198164700,4.145164794921875,0.08646907657384872,0.24919258058071136,0.611474871635437
1788861953208206600,4.15520654296875,0.024623289704322815,0.20031186938285828,0.6556016206741333
1788861953218248700,4.165248779296875,-0.06618423759937286,0.09002469480037689,0.6898234486579895
1788861953228289500,4.17528955078125,-0.14950284361839294,0.05469440296292305,0.7085055112838745
1788861953238331600,4.18533154296875,-0.18373803794384003,0.08372125029563904,0.7053772211074829
1788861953248373800,4.195373779296875,-0.189717635512352,0.00872317235916853,0.6657914519309998
1788861953258415600,4.20541552734375,-0.2270868420600891,-0.12217835336923599,0.6239174008369446
1788861953268457700,4.215457763671875,-0.3038311302661896,-0.19750826060771942,0.6297428011894226
1788861953278499600,4.22549951171875,-0.3998391628265381,-0.19699139893054962,0.6804237961769104
1788861953288541400,4.23554150390625,-0.4828437864780426,-0.12088359147310257,0.7212585806846619
1788861953298583800,4.245583740234375,-0.5528018474578857,-0.07535122334957123,0.7089892625808716
1788861953308625700,4.255625732421875,-0.5870596766471863,-0.058554135262966156,0.6757415533065796
1788861953318666800,4.265666748046875,-0.5878090858459473,-0.07749908417463303,0.6677789688110352
1788861953328708600,4.27570849609375,-0.5575153231620789,-0.16239319741725922,0.6653304696083069
1788861953338750700,4.285750732421875,-0.5343585014343262,-0.27293500304222107,0.6510882377624512
1788861953348792600,4.29579248046875,-0.5204349160194397,-0.3535262644290924,0.6274934411048889
1788861953358834700,4.305834716796875,-0.49970293045043945,-0.40308353304862976,0.5613486766815186
1788861953368876800,4.315876708984375,-0.45897600054740906,-0.4193418622016907,0.4462684392929077
1788861953378918700,4.325918701171875,-0.3801622688770294,-0.4688245952129364,0.3424646258354187
1788861953388960500,4.33596044921875,-0.2920883595943451,-0.5730282664299011,0.30642643570899963
1788861953399001600,4.346001708984375,-0.219978466629982,-0.6421599388122559,0.3161664307117462
1788861953409043500,4.35604345703125,-0.18035276234149933,-0.6570267677307129,0.3451400101184845
1788861953419085800,4.3660859375,-0.1565939038991928,-0.6415510773658752,0.37259092926979065
1788861953429127700,4.376127685546875,-0.13587717711925507,-0.6124328970909119,0.39017340540885925
1788861953439169500,4.38616943359375,-0.11314468830823898,-0.5741973519325256,0.3775634765625
1788861953449211600,4.396211669921875,-0.08181259781122208,-0.5455712676048279,0.32847049832344055
1788861953459253500,4.40625341796875,-0.040732014924287796,-0.5080098509788513,0.2431780993938446
1788861953469295600,4.416295654296875,-0.00751121062785387,-0.5023317337036133,0.20911414921283722
1788861953479336700,4.426336669921875,0.011526660993695259,-0.48179054260253906,0.26408523321151733
1788861953489378800,4.43637890625,-0.0072238571010529995,-0.3696344494819641,0.37906455993652344
1788861953499420700,4.446420654296875,-0.060352448374032974,-0.2203667014837265,0.48554727435112
1788861953509462500,4.456462646484375,-0.14042198657989502,-0.10835681110620499,0.5155379176139832
1788861953519504600,4.466504638671875,-0.23974910378456116,-0.030282292515039444,0.50150066614151
1788861953529546800,4.476546630859375,-0.36613473296165466,0.08755219727754593,0.5012021064758301
1788861953539588600,4.486588623046875,-0.48375269770622253,0.2414000779390335,0.542557954788208
1788861953549630700,4.496630615234375,-0.5793639421463013,0.35952460765838623,0.6059576869010925
1788861953559671600,4.506671630859375,-0.6420567631721497,0.45536550879478455,0.680370569229126
1788861953569713700,4.516713623046875,-0.6696569323539734,0.5402114391326904,0.7439501285552979
1788861953579755500,4.526755615234375,-0.6667476892471313,0.5956659317016602,0.7608178853988647
1788861953589797600,4.536797607421875,-0.6393682360649109,0.563250720500946,0.7540857195854187
1788861953599839700,4.54683984375,-0.6114010810852051,0.49619102478027344,0.768136203289032
1788861953609881600,4.556881591796875,-0.6422423720359802,0.5299162268638611,0.8312802910804749
1788861953619923700,4.566923828125,-0.6923375129699707,0.5682651996612549,0.9552121758460999
1788861953629965600,4.576965576171875,-0.7383031249046326,0.6363539695739746,1.1095117330551147
1788861953640006700,4.587006591796875,-0.7356284856796265,0.772840678691864,1.2583531141281128
1788861953650048800,4.597048828125,-0.6829010844230652,0.937142550945282,1.365028977394104
1788861953660090600,4.607090576171875,-0.5697363615036011,1.0574126243591309,1.4019684791564941
1788861953670132700,4.6171328125,-0.4046475291252136,1.0655497312545776,1.355575442314148
1788861953680174600,4.627174560546875,-0.21471339464187622,0.9463896155357361,1.2302266359329224
1788861953690216400,4.637216552734375,-0.04827248305082321,0.7617515921592712,1.0748244524002075
1788861953700258800,4.6472587890625,0.05561250075697899,0.594372570514679,0.9590017795562744
1788861953710300700,4.65730078125,0.08860986679792404,0.4639655351638794,0.9017829895019531
1788861953720341800,4.667341796875,0.0627933144569397,0.3511661887168884,0.8761688470840454
1788861953730383600,4.677383544921875,-0.015377385541796684,0.25499650835990906,0.8820776343345642
1788861953740425500,4.687425537109375,-0.13519594073295593,0.15218842029571533,0.8615114092826843
1788861953750467600,4.697467529296875,-0.2689361572265625,-0.01980305090546608,0.7645808458328247
1788861953760509700,4.707509765625,-0.3867100775241852,-0.2507708966732025,0.6084679961204529
1788861953770551800,4.7175517578125,-0.49566105008125305,-0.3792271316051483,0.44180577993392944
1788861953780593700,4.72759375,-0.6138976812362671,-0.3352535665035248,0.3142154812812805
1788861953790634800,4.737634765625,-0.7103821635246277,-0.1850494146347046,0.272007554769516
1788861953800676600,4.747676513671875,-0.745822548866272,-0.007829468697309494,0.33323758840560913
1788861953810718500,4.757718505859375,-0.7238778471946716,0.12805218994617462,0.4484054446220398
1788861953820760800,4.7677607421875,-0.6787199378013611,0.17428192496299744,0.5649667978286743
1788861953830802700,4.777802734375,-0.6265659332275391,0.18645842373371124,0.6621074676513672
1788861953840844500,4.787844482421875,-0.5838803648948669,0.184630885720253,0.7407224178314209
1788861953850886700,4.79788671875,-0.5397797226905823,0.2218104749917984,0.7963878512382507
1788861953860928500,4.807928466796875,-0.4702100157737732,0.31186342239379883,0.8310961723327637
1788861953870969600,4.817969482421875,-0.36324575543403625,0.3624056875705719,0.8433749079704285
1788861953881011700,4.82801171875,-0.265502005815506,0.40493300557136536,0.8426610827445984
1788861953891053600,4.838053466796875,-0.18967010080814362,0.4876081943511963,0.8314641118049622
1788861953901095700,4.848095703125,-0.14165422320365906,0.5893850326538086,0.8037561178207397
1788861953911137500,4.858137451171875,-0.11604740470647812,0.6982806324958801,0.7585425972938538
1788861953921179600,4.8681796875,-0.1114698275923729,0.8015938401222229,0.6973589062690735
1788861953931221800,4.8782216796875,-0.12473983317613602,0.8724530935287476,0.6129806637763977
1788861953941262800,4.888262939453125,-0.15805718302726746,0.867903470993042,0.5093362331390381
1788861953951304700,4.8983046875,-0.18342138826847076,0.7295717000961304,0.383638471364975
1788861953961346600,4.9083466796875,-0.17423614859580994,0.4117380380630493,0.26453498005867004
1788861953971388700,4.918388671875,-0.14922720193862915,-0.02678099274635315,0.18784527480602264
1788861953981430500,4.928430419921875,-0.12234924733638763,-0.40752723813056946,0.13792619109153748
1788861953991472400,4.938472412109375,-0.13042448461055756,-0.574062705039978,0.052886925637722015
1788861954001514800,4.9485146484375,-0.1654069721698761,-0.5187618732452393,-0.027863306924700737
1788861954011556600,4.958556640625,-0.202530637383461,-0.31324994564056396,-0.0930284634232521
1788861954021597700,4.96859765625,-0.22011788189411163,-0.05561424046754837,-0.12363111972808838
1788861954031639600,4.9786396484375,-0.22301407158374786,0.149483785033226,-0.12604980170726776
1788861954041681400,4.988681396484375,-0.2250516563653946,0.24187661707401276,-0.12719814479351044
1788861954051723800,4.998723876953125,-0.2671210765838623,0.2613834738731384,-0.1694028526544571
1788861954061765600,5.008765625,-0.3202837407588959,0.26685693860054016,-0.25351154804229736
1788861954071807700,5.018807861328125,-0.33083999156951904,0.21676874160766602,-0.3286569118499756
1788861954081849600,5.028849609375,-0.2611764967441559,0.12179215997457504,-0.3764481246471405
1788861954091891500,5.038891357421875,-0.17548343539237976,0.12300442904233932,-0.42034581303596497
1788861954101932500,5.0489326171875,-0.10149296373128891,0.2581069767475128,-0.43647971749305725
1788861954111974700,5.058974609375,-0.03582500293850899,0.4480865001678467,-0.4482404887676239
1788861954122016800,5.069016845703125,0.01783529669046402,0.6542676687240601,-0.41911575198173523
1788861954132058600,5.07905859375,0.04120586812496185,0.7837119102478027,-0.3709133267402649
1788861954142100500,5.0891005859375,0.0742354542016983,0.6344435811042786,-0.3278367221355438
1788861954152142600,5.099142578125,0.12457558512687683,0.3364963233470917,-0.3566949963569641
1788861954162184700,5.109184814453125,0.15023288130760193,0.09962935745716095,-0.4837743043899536
1788861954172225800,5.119225830078125,0.1582665741443634,-0.06881238520145416,-0.6022000312805176
1788861954182267600,5.129267578125,0.17163030803203583,-0.1342872828245163,-0.6894944310188293
1788861954192309500,5.1393095703125,0.1855916678905487,0.0050120167434215546,-0.7806895971298218
1788861954202351600,5.1493515625,0.20090924203395844,0.30312877893447876,-0.8765562772750854
1788861954212393500,5.1593935546875,0.1678469032049179,0.6508172750473022,-0.9385594725608826
1788861954222435800,5.169435791015625,0.11158335953950882,0.8649742603302002,-1.001952886581421
1788861954232477700,5.179477783203125,0.08495893329381943,0.7990565299987793,-1.0595672130584717
1788861954242519600,5.18951953125,0.098271943628788,0.5654130578041077,-1.0514096021652222
1788861954252560600,5.199560546875,0.11992450803518295,0.4466738700866699,-0.9112765192985535
1788861954262602500,5.2096025390625,0.0738598108291626,0.31219151616096497,-0.7332137823104858
1788861954272644600,5.21964453125,0.06959103047847748,0.1406562179327011,-0.5599019527435303
1788861954282686700,5.229686767578125,0.0342576801776886,0.015288205817341805,-0.5041329264640808
1788861954292728600,5.239728515625,-0.09300733357667923,0.02056819014251232,-0.4741329252719879
1788861954302770700,5.249770751953125,-0.2766995429992676,-0.06372252851724625,-0.41686612367630005
1788861954312812500,5.2598125,-0.4610009491443634,-0.20783762633800507,-0.36440610885620117
1788861954322853600,5.269853515625,-0.5609047412872314,-0.1683143675327301,-0.29449141025543213
1788861954332895500,5.2798955078125,-0.6073151230812073,-0.022464754059910774,-0.19084011018276215
1788861954342937600,5.2899375,-0.6157652139663696,0.07633200287818909,-0.10937514901161194
1788861954352979700,5.299979736328125,-0.5763291120529175,0.06242603808641434,-0.06565456092357635
1788861954363021600,5.310021484375,-0.5485072135925293,0.024418611079454422,-0.0741349309682846
1788861954373063700,5.320063720703125,-0.5213600397109985,0.00346272811293602,-0.1172131597995758
1788861954383105500,5.33010546875,-0.4756166338920593,0.011087284423410892,-0.18006713688373566
1788861954393146600,5.340146728515625,-0.4142315685749054,0.01293099019676447,-0.2558647096157074
1788861954403188700,5.350188720703125,-0.3758464753627777,0.06104112043976784,-0.3287079632282257
1788861954413230600,5.360230712890625,-0.3644936978816986,0.10399284958839417,-0.38266468048095703
1788861954423272700,5.370272705078125,-0.34118741750717163,0.05313563719391823,-0.42603179812431335
1788861954433314600,5.380314453125,-0.2944486737251282,-0.01634703390300274,-0.4651850461959839
1788861954443356400,5.3903564453125,-0.2604008615016937,-0.08225983381271362,-0.4797511100769043
1788861954453398800,5.400398681640625,-0.23968413472175598,-0.14639808237552643,-0.46543529629707336
1788861954463440600,5.410440673828125,-0.23117105662822723,-0.1564674973487854,-0.4190985858440399
1788861954473481700,5.420481689453125,-0.190503790974617,-0.08821334689855576,-0.34005436301231384
1788861954483523600,5.430523681640625,-0.10692527145147324,0.016774283722043037,-0.2529903054237366
1788861954493565400,5.4405654296875,0.004292589146643877,0.14566461741924286,-0.18310202658176422
1788861954503607600,5.450607666015625,0.08848083764314651,0.20277920365333557,-0.147516667842865
1788861954513649700,5.460649658203125,0.13227252662181854,0.14229056239128113,-0.15367522835731506
1788861954523691800,5.47069189453125,0.14491748809814453,0.002763020806014538,-0.19640164077281952
1788861954533733600,5.480733642578125,0.14265672862529755,-0.1521139144897461,-0.2658883035182953
1788861954543774700,5.490774658203125,0.12722450494766235,-0.224651500582695,-0.330570250749588
1788861954553816600,5.500816650390625,0.11998842656612396,-0.14017418026924133,-0.3785231411457062
1788861954563858400,5.5108583984375,0.10420161485671997,0.04012621194124222,-0.40751996636390686
1788861954573900800,5.52090087890625,0.09528614580631256,0.25623854994773865,-0.42137637734413147
1788861954583942700,5.530942626953125,0.0835193619132042,0.45188409090042114,-0.435253381729126
1788861954593984500,5.540984619140625,0.0876869484782219,0.5604779124259949,-0.4352605640888214
1788861954604026600,5.551026611328125,0.09939020872116089,0.5964963436126709,-0.42605069279670715
1788861954614067500,5.5610673828125,0.11198723316192627,0.6017294526100159,-0.40059566497802734
1788861954624109600,5.571109619140625,0.1225953996181488,0.5850338935852051,-0.3534349501132965
1788861954634151700,5.581151611328125,0.129813089966774,0.5499041080474854,-0.2974688708782196
1788861954644193500,5.591193603515625,0.12111880630254745,0.4943629801273346,-0.24406524002552032
1788861954654235600,5.601235595703125,0.1112334206700325,0.42085200548171997,-0.19530969858169556
1788861954664277500,5.611277587890625,0.1015835851430893,0.3216119110584259,-0.16605530679225922
1788861954674319600,5.621319580078125,0.09199460595846176,0.247506782412529,-0.17018374800682068
1788861954684361700,5.63136181640625,0.08102332055568695,0.24254244565963745,-0.2105731964111328
1788861954694402800,5.64140283203125,0.07442880421876907,0.2771470546722412,-0.27786698937416077
1788861954704444700,5.651444580078125,0.06179702654480934,0.2905138432979584,-0.35607677698135376
1788861954714486500,5.661486572265625,0.05491461604833603,0.2754369080066681,-0.4210752248764038
1788861954724528600,5.671528564453125,0.05410301685333252,0.2662307620048523,-0.46179622411727905
1788861954734570500,5.681570556640625,0.052039600908756256,0.260017067193985,-0.492990642786026
1788861954744612600,5.691612548828125,0.04836471006274223,0.25072744488716125,-0.535013735294342
1788861954754654700,5.70165478515625,0.03179611638188362,0.25524789094924927,-0.5914279818534851
1788861954764695600,5.711695556640625,0.011403760872781277,0.282622754573822,-0.6141409277915955
1788861954774737700,5.721737548828125,-0.020528873428702354,0.307428240776062,-0.5997313261032104
1788861954784779500,5.731779541015625,-0.0447511225938797,0.2905653715133667,-0.5513172149658203
1788861954794821400,5.7418212890625,-0.058205679059028625,0.2471236288547516,-0.5122771263122559
1788861954804863700,5.75186376953125,-0.07768470048904419,0.1920575648546219,-0.5114268660545349
1788861954814905600,5.761905517578125,-0.07994066923856735,0.17702029645442963,-0.5469747185707092
1788861954824947700,5.77194775390625,-0.06565666943788528,0.1677864044904709,-0.5920891165733337
1788861954834988500,5.781988525390625,-0.03714433312416077,0.10954040288925171,-0.6413858532905579
1788861954845030700,5.79203076171875,-0.0022145784460008144,0.03298547863960266,-0.6626076698303223
1788861954855072500,5.802072509765625,0.028212036937475204,-0.06136658787727356,-0.6466920375823975
1788861954865114600,5.812114501953125,0.050502959638834,-0.11398660391569138,-0.5788726210594177
1788861954875156700,5.82215673828125,0.09060697257518768,-0.11353626847267151,-0.47481974959373474
1788861954885198600,5.832198486328125,0.14249692857265472,-0.06112749129533768,-0.38926443457603455
1788861954895240400,5.842240478515625,0.18613655865192413,0.00423447135835886,-0.36979514360427856
1788861954905281500,5.852281494140625,0.22789105772972107,0.04151448234915733,-0.4284064471721649
1788861954915323400,5.862323486328125,0.2737749218940735,0.018484532833099365,-0.5493009090423584
1788861954925365800,5.87236572265625,0.34163159132003784,-0.05776578187942505,-0.6701059341430664
1788861954935407600,5.88240771484375,0.4072345793247223,-0.12192666530609131,-0.7407159209251404
1788861954945449500,5.892449462890625,0.45240312814712524,-0.12309132516384125,-0.7631301879882812
1788861954955491600,5.90249169921875,0.4552817642688751,-0.12070353329181671,-0.7710430026054382
1788861954965533400,5.912533447265625,0.4396078288555145,-0.15597902238368988,-0.7883152365684509
1788861954975574300,5.92257421875,0.43739446997642517,-0.23105113208293915,-0.8121992349624634
1788861954985616100,5.9326162109375,0.43711352348327637,-0.32282930612564087,-0.8379553556442261
1788861954995658200,5.942658203125,0.4443008601665497,-0.40490207076072693,-0.8708586692810059
1788861955005700400,5.952700439453125,0.44540339708328247,-0.379619300365448,-0.9032570719718933
1788861955015742200,5.9627421875,0.43247267603874207,-0.34888163208961487,-0.9703229665756226
1788861955025784300,5.972784423828125,0.40917375683784485,-0.28835436701774597,-1.022312879562378
1788861955035826200,5.982826171875,0.39687418937683105,-0.24860723316669464,-1.044318675994873
1788861955045867300,5.9928671875,0.40130653977394104,-0.1620047390460968,-0.9884865283966064
1788861955055909000,6.0029091796875,0.41415733098983765,-0.08543752133846283,-0.8989635705947876
1788861955065951200,6.012951171875,0.4239625334739685,-0.04995246231555939,-0.8309734463691711
1788861955075993300,6.022993408203125,0.39327946305274963,-0.1142110824584961,-0.8020808100700378
1788861955086035200,6.03303515625,0.35610494017601013,-0.21208223700523376,-0.8157763481140137
1788861955096077300,6.043077392578125,0.2971833050251007,-0.4006231129169464,-0.8559746742248535
1788861955106119200,6.053119140625,0.23897844552993774,-0.5643849968910217,-0.8849232792854309
1788861955116160300,6.06316015625,0.17534354329109192,-0.643484890460968,-0.8775079846382141
1788861955126202400,6.073202392578125,0.10662335902452469,-0.6330435276031494,-0.8674654960632324
1788861955136244200,6.083244140625,0.028465168550610542,-0.5627440810203552,-0.8664721250534058
1788861955146286300,6.093286376953125,-0.03883317857980728,-0.49247652292251587,-0.8642968535423279
1788861955156328200,6.103328125,-0.08008821308612823,-0.4171609878540039,-0.8344870209693909
1788861955166370000,6.1133701171875,-0.09090570360422134,-0.37372562289237976,-0.8114815950393677
1788861955176412400,6.123412353515625,-0.08089861273765564,-0.34886500239372253,-0.8131892085075378
1788861955186453200,6.133453369140625,-0.07269367575645447,-0.32854190468788147,-0.8062211871147156
1788861955196495400,6.143495361328125,-0.058707814663648605,-0.3102070987224579,-0.791837215423584
1788861955206537200,6.153537109375,-0.06029028072953224,-0.32116514444351196,-0.8117075562477112
1788861955216579000,6.1635791015625,-0.07025555521249771,-0.37773680686950684,-0.8822541832923889
1788861955226621200,6.17362109375,-0.08863189816474915,-0.41129612922668457,-0.9676262736320496
1788861955236663300,6.183663330078125,-0.09651938080787659,-0.44377952814102173,-1.0031057596206665
1788861955246705400,6.193705322265625,-0.110629603266716,-0.4381067752838135,-0.9152287840843201
1788861955256746200,6.203746337890625,-0.13188694417476654,-0.36132490634918213,-0.7870950698852539
1788861955266788400,6.213788330078125,-0.13393813371658325,-0.3483337163925171,-0.7420476675033569
1788861955276830200,6.223830322265625,-0.09904778748750687,-0.4625612199306488,-0.8199840188026428
1788861955286872000,6.2338720703125,-0.05382144823670387,-0.5879521369934082,-0.9275197982788086
1788861955296914400,6.24391455078125,0.005123625043779612,-0.6390063166618347,-0.9392920136451721
1788861955306956300,6.253956298828125,0.05169658362865448,-0.5787651538848877,-0.9499953389167786
1788861955316997400,6.263997314453125,0.07717184722423553,-0.39417481422424316,-1.0054888725280762
1788861955327039200,6.274039306640625,0.09172681719064713,-0.2236403226852417,-1.0883839130401611
1788861955337081000,6.2840810546875,0.09911362826824188,-0.12314407527446747,-1.1438472270965576
1788861955347123500,6.29412353515625,0.13356707990169525,-0.0407225638628006,-1.1905089616775513
1788861955357165300,6.304165283203125,0.18013565242290497,-0.017471570521593094,-1.1827006340026855
1788861955367207200,6.314207275390625,0.248110830783844,0.07312265038490295,-1.1614614725112915
1788861955377249300,6.324249267578125,0.3337474465370178,0.12050162255764008,-1.1947877407073975
1788861955387291100,6.334291015625,0.42774394154548645,0.08147463202476501,-1.1713628768920898
1788861955397332200,6.344332275390625,0.4920438528060913,0.15842506289482117,-1.0987008810043335
1788861955407374300,6.354374267578125,0.5243237614631653,0.3179982006549835,-1.048633337020874
1788861955417416400,6.36441650390625,0.5779603719711304,0.44135767221450806,-1.0099607706069946
1788861955427458300,6.374458251953125,0.6226893663406372,0.39623844623565674,-0.9908219575881958
1788861955437500200,6.384500244140625,0.6410473585128784,0.308052659034729,-0.9817813038825989
1788861955447542300,6.394542236328125,0.6151995062828064,0.3016970753669739,-0.9369131326675415
1788861955457583000,6.4045830078125,0.5859540104866028,0.2867237329483032,-0.8023707270622253
1788861955467625500,6.41462548828125,0.586467444896698,0.26818180084228516,-0.6827054619789124
1788861955477667300,6.424667236328125,0.5941495895385742,0.23930594325065613,-0.6730690598487854
1788861955487709200,6.434709228515625,0.5983314514160156,0.19696438312530518,-0.656557559967041
1788861955497751300,6.444751220703125,0.5632597804069519,0.2658396065235138,-0.5462350845336914
1788861955507793200,6.454793212890625,0.49968916177749634,0.4220196604728699,-0.49946314096450806
1788861955517835300,6.464835205078125,0.4290996789932251,0.575922966003418,-0.6163356900215149
1788861955527876400,6.47487646484375,0.336534321308136,0.6662572026252747,-0.819419801235199
1788861955537918200,6.484918212890625,0.2567255198955536,0.6276898384094238,-1.02792489528656
1788861955547960300,6.494960205078125,0.22094565629959106,0.5252729058265686,-1.20179283618927
1788861955558002200,6.505002197265625,0.22570286691188812,0.4187222719192505,-1.266060709953308
1788861955568044300,6.515044189453125,0.25932952761650085,0.3546907603740692,-1.2265994548797607
1788861955578086400,6.52508642578125,0.2680966556072235,0.29420292377471924,-1.1017192602157593
1788861955588128300,6.535128173828125,0.19350524246692657,0.22907163202762604,-0.936428427696228
1788861955598169300,6.54516943359375,0.1115826815366745,0.20451276004314423,-0.7233870029449463
1788861955608211200,6.555211181640625,0.05853131785988808,0.22580486536026,-0.48656558990478516
1788861955618253300,6.56525341796875,0.03350266069173813,0.2795200049877167,-0.2916046380996704
1788861955628295200,6.575295166015625,0.009716110303997993,0.26699674129486084,-0.14720071852207184
1788861955638337300,6.585337158203125,-0.00862880889326334,0.13921454548835754,-0.05315864458680153
1788861955648379400,6.59537939453125,-0.04944787919521332,-0.03762650117278099,0.07620827853679657
1788861955658421200,6.605421142578125,-0.16304980218410492,-0.02589287981390953,0.26398617029190063
1788861955668462300,6.61546240234375,-0.27975961565971375,0.09200546890497208,0.37712016701698303
1788861955678504200,6.625504150390625,-0.33591052889823914,0.17928044497966766,0.46950122714042664
1788861955688546300,6.63554638671875,-0.33149874210357666,0.28373876214027405,0.5546916723251343
1788861955698588400,6.64558837890625,-0.28442418575286865,0.3391042649745941,0.6336751580238342
1788861955708630300,6.65563037109375,-0.23288893699645996,0.3157518804073334,0.6938894391059875
1788861955718672400,6.66567236328125,-0.17335397005081177,0.25492846965789795,0.7229562401771545
1788861955728714200,6.67571435546875,-0.11873108148574829,0.2100282609462738,0.7666885852813721
1788861955738755300,6.68575537109375,-0.11725408583879471,0.19132408499717712,0.8434782028198242
1788861955748797200,6.695797119140625,-0.11822627484798431,0.20952560007572174,0.9218193292617798
1788861955758839300,6.70583935546875,-0.10638133436441422,0.20269271731376648,0.9927939176559448
1788861955768881400,6.71588134765625,-0.08841591328382492,0.17142024636268616,1.0527909994125366
1788861955778923300,6.72592333984375,-0.09231318533420563,0.17616572976112366,1.084725022315979
1788861955788965000,6.735965087890625,-0.1196725144982338,0.205552875995636,1.1345659494400024
1788861955799007200,6.74600732421875,-0.15161019563674927,0.26093196868896484,1.1879740953445435
1788861955809048000,6.756048095703125,-0.15587939321994781,0.2714516222476959,1.2452448606491089
1788861955819090400,6.76609033203125,-0.1283862441778183,0.23043785989284515,1.2965182065963745
1788861955829132300,6.77613232421875,-0.06868469715118408,0.22166474163532257,1.3511592149734497
1788861955839174100,6.786174072265625,-0.0036218049935996532,0.24459189176559448,1.4101130962371826
1788861955849216300,6.79621630859375,0.04590220004320145,0.29601794481277466,1.4558985233306885
1788861955859258000,6.806258056640625,0.09876595437526703,0.36465853452682495,1.4723856449127197
1788861955869299200,6.81629931640625,0.14341025054454803,0.438555508852005,1.4729810953140259
1788861955879341300,6.82634130859375,0.17084026336669922,0.5067947506904602,1.4764426946640015
1788861955889383400,6.836383544921875,0.18405422568321228,0.49186089634895325,1.4745477437973022
1788861955899425300,6.84642529296875,0.18394316732883453,0.44972169399261475,1.459476113319397
1788861955909467100,6.856467041015625,0.1580127626657486,0.4345302879810333,1.4245975017547607
1788861955919509200,6.86650927734375,0.11108466982841492,0.36336901783943176,1.3659179210662842
1788861955929551400,6.87655126953125,0.05595724284648895,0.21551714837551117,1.3177679777145386
1788861955939592400,6.886592529296875,0.008899454027414322,0.06781691312789917,1.2966680526733398
1788861955949634300,6.89663427734375,-0.013532486744225025,-0.02987540140748024,1.3276509046554565
1788861955959676200,6.90667626953125,-0.012631806544959545,-0.07110778987407684,1.3921798467636108
1788861955969718300,6.91671826171875,-0.0014563859440386295,-0.05292690545320511,1.4475600719451904
1788861955979759900,6.926759765625,0.00890783779323101,-0.0350072905421257,1.4845311641693115
1788861955989802000,6.936802001953125,0.01589343324303627,-0.03242836147546768,1.5037212371826172
1788861955999842800,6.9468427734375,0.023615537211298943,-0.03898319974541664,1.513679027557373
1788861956009885000,6.956885009765625,0.0307895727455616,-0.05675245076417923,1.5217256546020508
1788861956019926800,6.9669267578125,0.019267939031124115,-0.10537324845790863,1.532893180847168
1788861956029969000,6.976968994140625,0.0015672347508370876,-0.15812456607818604,1.525454044342041
1788861956040011000,6.987010986328125,-0.01873404160141945,-0.1721399873495102,1.525438904762268
1788861956050052900,6.997052978515625,-0.03899924084544182,-0.17530257999897003,1.5581705570220947
1788861956060094700,7.0070947265625,-0.05488472804427147,-0.2178468406200409,1.6143078804016113
1788861956070135800,7.0171357421875,-0.04712161421775818,-0.2795834243297577,1.6468974351882935
1788861956080177700,7.027177734375,-0.03919418156147003,-0.3390004336833954,1.6523393392562866
1788861956090220000,7.037219970703125,-0.04160887002944946,-0.3488735556602478,1.6433972120285034
1788861956100262000,7.047261962890625,-0.06128537282347679,-0.34226465225219727,1.6470814943313599
1788861956110304000,7.057303955078125,-0.06682620942592621,-0.36780962347984314,1.6313738822937012
1788861956120345900,7.067345947265625,-0.06575987488031387,-0.42960962653160095,1.5963791608810425
1788861956130387000,7.077386962890625,-0.05658808723092079,-0.45783093571662903,1.570180892944336
1788861956140428800,7.0874287109375,-0.04913549870252609,-0.44263148307800293,1.5619051456451416
1788861956150471000,7.097470947265625,-0.048093535006046295,-0.3817349672317505,1.5650784969329834
1788861956160513000,7.107512939453125,-0.05799596756696701,-0.29333239793777466,1.5803688764572144
1788861956170555000,7.117554931640625,-0.05521763488650322,-0.1987188756465912,1.5807826519012451
1788861956180596700,7.1275966796875,-0.05409618094563484,-0.10822013020515442,1.553498387336731
1788861956190638800,7.137638916015625,-0.053063005208969116,-0.07498643547296524,1.489624261856079
1788861956200679700,7.1476796875,-0.05587104335427284,-0.1367504596710205,1.4081664085388184
1788861956210722000,7.15772216796875,-0.06019160896539688,-0.21681460738182068,1.3272851705551147
1788861956220764000,7.167763916015625,-0.05279574170708656,-0.209339901804924,1.2750427722930908
1788861956230805800,7.1778056640625,-0.03528892248868942,-0.12693451344966888,1.2585313320159912
1788861956240848000,7.187847900390625,-0.017721381038427353,-0.049245040863752365,1.2627689838409424
1788861956250889700,7.1978896484375,-0.008382070809602737,-0.020565353333950043,1.2734678983688354
1788861956260930800,7.207930908203125,-0.014534239657223225,-0.01578817516565323,1.2830864191055298
1788861956270973000,7.217972900390625,-0.01719554327428341,-0.04294119030237198,1.2739742994308472
1788861956281015000,7.22801513671875,-0.01328522339463234,-0.12309914827346802,1.2383712530136108
1788861956291057000,7.238056884765625,-0.014223460108041763,-0.19910173118114471,1.2113898992538452
1788861956301098800,7.2480986328125,-0.027529945597052574,-0.215724915266037,1.1950976848602295
1788861956311140900,7.258140869140625,-0.04644438251852989,-0.13947288691997528,1.1801424026489258
1788861956321183000,7.268182861328125,-0.07342539727687836,-0.022088734433054924,1.1834421157836914
1788861956331224000,7.27822412109375,-0.12043564766645432,0.13219016790390015,1.1503645181655884
1788861956341266000,7.288265869140625,-0.16240572929382324,0.2728939950466156,1.0245845317840576
1788861956351307800,7.298307861328125,-0.14146369695663452,0.2951015830039978,0.8576486110687256
1788861956361350000,7.308349853515625,-0.06561047583818436,0.2714577615261078,0.7106046080589294
1788861956371391700,7.318391845703125,0.03751443326473236,0.23038053512573242,0.5682744383811951
1788861956381433900,7.328433837890625,0.12268339097499847,0.24149417877197266,0.40073391795158386
1788861956391475000,7.338474853515625,0.1629280149936676,0.3239347040653229,0.22492735087871552
1788861956401516800,7.348516845703125,0.16008535027503967,0.40850603580474854,0.04215353727340698
1788861956411559000,7.358558837890625,0.1103925034403801,0.4526453912258148,-0.14730355143547058
1788861956421600800,7.368600830078125,0.04573468863964081,0.43201708793640137,-0.318336546421051
1788861956431643100,7.37864306640625,0.000191965838894248,0.2809562087059021,-0.44998446106910706
1788861956441685000,7.38868505859375,-0.04969889670610428,0.04018247872591019,-0.5172439217567444
1788861956451726800,7.398726806640625,-0.11052802205085754,-0.1671556830406189,-0.5259525179862976
1788861956461768000,7.408767822265625,-0.18684250116348267,-0.2405119240283966,-0.5112683773040771
1788861956471809800,7.418809814453125,-0.25976091623306274,-0.17420634627342224,-0.5200238823890686
1788861956481852000,7.428851806640625,-0.31269070506095886,-0.04010606184601784,-0.559226930141449
1788861956491894000,7.43889404296875,-0.35108616948127747,0.17187736928462982,-0.625074028968811
1788861956501935900,7.448935791015625,-0.3743691146373749,0.40952640771865845,-0.6931949853897095
1788861956511978000,7.45897802734375,-0.38583508133888245,0.5949180126190186,-0.7348510026931763
1788861956522018800,7.469018798828125,-0.36167487502098083,0.6459380984306335,-0.7580457925796509
1788861956532061000,7.47906103515625,-0.32053637504577637,0.5843441486358643,-0.7797712087631226
1788861956542102800,7.489102783203125,-0.2617844045162201,0.4808556139469147,-0.7852802276611328
1788861956552145000,7.499144775390625,-0.19232209026813507,0.36842480301856995,-0.7754464745521545
1788861956562187000,7.50918701171875,-0.12634146213531494,0.24313825368881226,-0.7518578171730042
1788861956572228900,7.519228759765625,-0.06888072192668915,0.1423039436340332,-0.7149112224578857
1788861956582271000,7.52927099609375,-0.02472017891705036,0.07649484276771545,-0.6728119850158691
1788861956592311800,7.539311767578125,0.04121704399585724,0.04154260829091072,-0.6183322668075562
1788861956602354000,7.54935400390625,0.0783068835735321,0.0575583279132843,-0.5676137208938599
1788861956612396000,7.55939599609375,0.07677650451660156,0.11960373818874359,-0.540203869342804
1788861956622438000,7.56943798828125,0.06975507736206055,0.1864277720451355,-0.5376115441322327
1788861956632480000,7.57947998046875,0.06444445997476578,0.17213913798332214,-0.5453911423683167
1788861956642521900,7.58952197265625,0.06199515238404274,0.13651616871356964,-0.5646561980247498
1788861956652563000,7.59956298828125,0.05094156786799431,0.15742690861225128,-0.5786378383636475
1788861956662604800,7.609604736328125,0.04360669106245041,0.20269052684307098,-0.5934860706329346
1788861956672647000,7.61964697265625,0.06675674766302109,0.2328694760799408,-0.5911077260971069
1788861956682689000,7.62968896484375,0.08485505729913712,0.26571398973464966,-0.5865715146064758
1788861956692731000,7.63973095703125,0.0882609635591507,0.29165560007095337,-0.5907632112503052
1788861956702772700,7.649772705078125,0.08575306832790375,0.320750892162323,-0.612137496471405
1788861956712814800,7.65981494140625,0.10433368384838104,0.33247625827789307,-0.6851556301116943
1788861956722855700,7.669855712890625,0.15147989988327026,0.3095927834510803,-0.7884987592697144
1788861956732898000,7.67989794921875,0.21282275021076202,0.2685125768184662,-0.886451005935669
1788861956742940000,7.68993994140625,0.26608356833457947,0.2289811372756958,-0.9483780264854431
1788861956752982000,7.69998193359375,0.29628247022628784,0.20471705496311188,-0.9801393747329712
1788861956763024000,7.71002392578125,0.3090110719203949,0.19837500154972076,-1.0201038122177124
1788861956773065700,7.720065673828125,0.31464725732803345,0.19676604866981506,-1.0784887075424194
1788861956783106800,7.73010693359375,0.32230305671691895,0.23632118105888367,-1.1183372735977173
1788861956793149000,7.74014892578125,0.326453298330307,0.26588818430900574,-1.123368501663208
1788861956803191000,7.75019091796875,0.33413970470428467,0.26209932565689087,-1.0988703966140747
1788861956813233000,7.76023291015625,0.35581544041633606,0.22462619841098785,-1.044346570968628
1788861956823274800,7.770274658203125,0.36762815713882446,0.18268327414989471,-0.9614498019218445
1788861956833316900,7.78031689453125,0.3453272581100464,0.15479929745197296,-0.9090114235877991
1788861956843359000,7.79035888671875,0.29355353116989136,0.12291219830513,-0.942638099193573
1788861956853400000,7.800400146484375,0.2636145353317261,0.04234863072633743,-1.0437331199645996
1788861956863442000,7.81044189453125,0.25597554445266724,-0.0504542775452137,-1.151528239250183
1788861956873483800,7.82048388671875,0.2433546930551529,-0.10840722173452377,-1.2190957069396973
1788861956883526000,7.83052587890625,0.22718212008476257,-0.13986420631408691,-1.2327079772949219
1788861956893567700,7.840567626953125,0.1873936802148819,-0.1581195890903473,-1.2104636430740356
1788861956903610000,7.850610107421875,0.1267431229352951,-0.1907358467578888,-1.1859556436538696
1788861956913651000,7.86065087890625,0.06493568420410156,-0.18408408761024475,-1.1604779958724976
1788861956923693000,7.870693115234375,0.020001498982310295,-0.15034636855125427,-1.1363569498062134
1788861956933735000,7.88073486328125,-0.010005936957895756,-0.15530118346214294,-1.1069977283477783
1788861956943776800,7.89077685546875,-0.02757907100021839,-0.21293304860591888,-1.1173793077468872
1788861956953819000,7.90081884765625,-0.018317395821213722,-0.34119194746017456,-1.191075325012207
1788861956963861000,7.910861083984375,0.014622176997363567,-0.49140408635139465,-1.2493727207183838
1788861956973903400,7.9209033203125,0.04459046572446823,-0.6110782623291016,-1.2618567943572998
1788861956983944400,7.9309443359375,0.06161179393529892,-0.6526672840118408,-1.2456655502319336
1788861956993986300,7.940986328125,0.07792897522449493,-0.6489273905754089,-1.2075324058532715
1788861957004028400,7.9510283203125,0.07891914248466492,-0.6363176107406616,-1.195460557937622
1788861957014070300,7.9610703125,0.07801499962806702,-0.540358304977417,-1.2019801139831543
1788861957024112400,7.9711123046875,0.0644507184624672,-0.4331921935081482,-1.2111201286315918
1788861957034154500,7.981154541015625,0.045577168464660645,-0.42217734456062317,-1.234089970588684
1788861957044195300,7.9911953125,0.026793092489242554,-0.5129200220108032,-1.2590672969818115
1788861957054237400,8.001237548828126,0.008766822516918182,-0.5517944097518921,-1.2892121076583862
1788861957064279300,8.011279296875,-0.017047196626663208,-0.5018504858016968,-1.3440208435058594
1788861957074321400,8.0213212890625,-0.019428078085184097,-0.486956387758255,-1.3869197368621826
1788861957084363500,8.031363525390624,-0.0053836326114833355,-0.49363240599632263,-1.3879975080490112
1788861957094405400,8.0414052734375,0.014607938937842846,-0.4782714545726776,-1.376475214958191
1788861957104447500,8.051447509765625,0.015345101244747639,-0.4833415746688843,-1.3826292753219604
1788861957114488300,8.06148828125,0.025927424430847168,-0.53264319896698,-1.414451003074646
1788861957124530400,8.071530517578125,-0.0032277973368763924,-0.5911917686462402,-1.4531347751617432
1788861957134572500,8.081572509765625,-0.052369505167007446,-0.6318065524101257,-1.460138201713562
1788861957144614400,8.091614501953124,-0.09416835010051727,-0.6227360963821411,-1.4402660131454468
1788861957154656500,8.101656494140625,-0.11623130738735199,-0.5757564306259155,-1.4133355617523193
1788861957164698400,8.111698486328125,-0.11373858898878098,-0.544940710067749,-1.4450825452804565
1788861957174740200,8.121740234375,-0.08441611379384995,-0.5302730798721313,-1.5104115009307861
1788861957184781300,8.13178125,-0.05971823260188103,-0.4988648295402527,-1.5501844882965088
1788861957194823400,8.141823486328125,-0.037030234932899475,-0.4649851322174072,-1.533743143081665
1788861957204865500,8.151865478515624,-0.012345658615231514,-0.3779953718185425,-1.5247695446014404
1788861957214907400,8.161907470703126,0.016551107168197632,-0.3084942102432251,-1.5092616081237793
1788861957224949200,8.17194921875,0.05594698339700699,-0.2965962588787079,-1.4520784616470337
1788861957234991400,8.181991455078125,0.08374092727899551,-0.2254287153482437,-1.367134928703308
1788861957245033500,8.192033447265626,0.09034662693738937,-0.12028845399618149,-1.2784544229507446
1788861957255074600,8.202074462890625,0.09854158014059067,-0.12696541845798492,-1.201675534248352
1788861957265116400,8.212116455078124,0.08889507502317429,-0.163364976644516,-1.151902198791504
1788861957275158500,8.222158447265626,0.08438275754451752,-0.15990914404392242,-1.1046321392059326
1788861957285200400,8.232200439453125,0.08600222319364548,-0.08647487312555313,-1.0941438674926758
1788861957295242200,8.2422421875,0.08668971806764603,0.011098118498921394,-1.0830457210540771
1788861957305284600,8.25228466796875,0.0701320469379425,0.00914309173822403,-1.0276837348937988
1788861957315325400,8.262325439453125,0.06609562039375305,-0.019297178834676743,-0.9482989311218262
1788861957325367600,8.272367431640625,0.04402521252632141,-0.026059210300445557,-0.8498836755752563
1788861957335409400,8.282409423828126,0.03662947937846184,-0.011525125242769718,-0.7445443868637085
1788861957345451300,8.292451171875,0.062134042382240295,-0.013445264659821987,-0.6420398950576782
1788861957355493400,8.302493408203125,0.09600850939750671,-0.010931048542261124,-0.5511929988861084
1788861957365535500,8.312535400390624,0.14272569119930267,0.020818891003727913,-0.4483928382396698
1788861957375577300,8.322577392578125,0.18254020810127258,0.08825966715812683,-0.3460780382156372
1788861957385618400,8.332618408203125,0.20443059504032135,0.18142502009868622,-0.22863025963306427
1788861957395660300,8.342660400390624,0.22236646711826324,0.2696174085140228,-0.10365984588861465
1788861957405702400,8.352702392578125,0.24386855959892273,0.255740225315094,0.010163393802940845
1788861957415744300,8.362744140625,0.24398933351039886,0.16018353402614594,0.09625136852264404
1788861957425786400,8.372786376953124,0.1932063102722168,0.16492262482643127,0.18405792117118835
1788861957435828500,8.382828369140626,0.11363492161035538,0.21999205648899078,0.2797679603099823
1788861957445870300,8.392870361328125,0.03968958929181099,0.2637171745300293,0.37347686290740967
1788861957455911400,8.402911376953124,-0.005346328020095825,0.26541203260421753,0.4768468141555786
1788861957465953300,8.412953369140626,-0.03608347102999687,0.25583794713020325,0.5917566418647766
1788861957475995400,8.422995361328125,-0.08518671244382858,0.29247793555259705,0.7133315801620483
1788861957486037500,8.43303759765625,-0.14670945703983307,0.36550846695899963,0.8146854043006897
1788861957496079400,8.443079345703126,-0.18620799481868744,0.3884013593196869,0.902145504951477
1788861957506121500,8.45312158203125,-0.1944134533405304,0.4031720757484436,0.9890135526657104
1788861957516163300,8.463163330078125,-0.16312384605407715,0.43712297081947327,1.0572892427444458
1788861957526204400,8.473204345703126,-0.12397325038909912,0.44400671124458313,1.1477570533752441
1788861957536246300,8.483246337890625,-0.10820399969816208,0.43412891030311584,1.2536587715148926
1788861957546288400,8.493288330078125,-0.11934267729520798,0.441587895154953,1.3350692987442017
1788861957556330500,8.50333056640625,-0.14845529198646545,0.4132567048072815,1.398619294166565
1788861957566372400,8.513372314453125,-0.18597497045993805,0.3762286603450775,1.4746443033218384
1788861957576414500,8.52341455078125,-0.20283649861812592,0.395169734954834,1.5543864965438843
1788861957586456300,8.533456298828124,-0.20051021873950958,0.40709245204925537,1.6096519231796265
1788861957596497400,8.543497314453125,-0.1979820877313614,0.4188487231731415,1.6562607288360596
1788861957606539500,8.55353955078125,-0.21384388208389282,0.4856418967247009,1.714997410774231
1788861957616581400,8.563581298828124,-0.22422528266906738,0.5341134667396545,1.7566134929656982
1788861957626623500,8.57362353515625,-0.19410093128681183,0.5190197229385376,1.7535953521728516
1788861957636665300,8.583665283203125,-0.148677796125412,0.49627605080604553,1.7171400785446167
1788861957646707200,8.593707275390624,-0.10784327983856201,0.4858231246471405,1.6911780834197998
1788861957656748300,8.603748291015625,-0.08911234140396118,0.48075637221336365,1.6966954469680786
1788861957666790400,8.613790283203125,-0.08346004784107208,0.4554896354675293,1.730682611465454
1788861957676832500,8.62383251953125,-0.09198243170976639,0.4209843873977661,1.7716193199157715
1788861957686874400,8.633874267578125,-0.11232072860002518,0.3925846815109253,1.8091423511505127
1788861957696916200,8.643916259765625,-0.12053084373474121,0.3803674876689911,1.8675750494003296
1788861957706958300,8.653958251953124,-0.1287195235490799,0.37475913763046265,1.9286937713623047
1788861957717000400,8.66400048828125,-0.12414222210645676,0.33880048990249634,1.9644490480422974
1788861957727041500,8.67404150390625,-0.12698274850845337,0.2577804625034332,1.95803701877594
1788861957737083400,8.68408349609375,-0.1300315260887146,0.14291274547576904,1.926570177078247
1788861957747125500,8.69412548828125,-0.11372233927249908,0.042371224611997604,1.8759799003601074
1788861957757167400,8.70416748046875,-0.0833139717578888,-0.026398058980703354,1.8395564556121826
1788861957767209200,8.714209228515625,-0.04340890049934387,-0.07135115563869476,1.8292231559753418
1788861957777251600,8.72425146484375,-0.013686821796000004,-0.11081615090370178,1.8256911039352417
1788861957787293400,8.73429345703125,-0.0032443010713905096,-0.13448366522789001,1.8105050325393677
1788861957797334500,8.74433447265625,0.0069313631393015385,-0.18203434348106384,1.785191535949707
1788861957807376400,8.75437646484375,0.030284356325864792,-0.271492600440979,1.7334266901016235
1788861957817418200,8.764418212890625,0.05583047494292259,-0.37168267369270325,1.6591726541519165
1788861957827460400,8.77446044921875,0.07583427429199219,-0.43257689476013184,1.599739909172058
1788861957837502500,8.78450244140625,0.10026291012763977,-0.42567870020866394,1.577059268951416
1788861957847544300,8.79454443359375,0.11944592744112015,-0.34653860330581665,1.605759620666504
1788861957857585400,8.80458544921875,0.13663050532341003,-0.2356872707605362,1.640199065208435
1788861957867627300,8.814627197265626,0.1631273627281189,-0.17768041789531708,1.6315264701843262
1788861957877669400,8.82466943359375,0.195379838347435,-0.20706866681575775,1.590014100074768
1788861957887711200,8.834711181640625,0.20545485615730286,-0.22939102351665497,1.525243878364563
1788861957897753600,8.844753662109374,0.1860317587852478,-0.21574537456035614,1.4739164113998413
1788861957907795500,8.85479541015625,0.17160433530807495,-0.17619183659553528,1.4359875917434692
1788861957917837300,8.86483740234375,0.1847783327102661,-0.1638556569814682,1.3935590982437134
1788861957927878400,8.87487841796875,0.198776975274086,-0.14930787682533264,1.3309626579284668
1788861957937920300,8.884920166015625,0.19997446238994598,-0.12220177054405212,1.271426796913147
1788861957947962400,8.89496240234375,0.19877763092517853,-0.14462505280971527,1.224150538444519
1788861957958004500,8.90500439453125,0.2034299075603485,-0.13840366899967194,1.1818758249282837
1788861957968046300,8.91504638671875,0.20002985000610352,-0.09185028076171875,1.1544228792190552
1788861957978087700,8.925087646484375,0.20894956588745117,-0.03839320316910744,1.1242274045944214
1788861957988129500,8.935129638671874,0.2203252613544464,-0.023998286575078964,1.0882747173309326
1788861957998170600,8.945170654296875,0.22174380719661713,-0.01987634040415287,1.0295110940933228
1788861958008212700,8.955212646484375,0.21167945861816406,-0.0013793553225696087,0.9600287079811096
1788861958018254800,8.9652548828125,0.20506443083286285,0.021075086668133736,0.8785857558250427
1788861958028296700,8.975296630859376,0.192576065659523,0.050683312118053436,0.7756556272506714
1788861958038338600,8.985338623046875,0.17303724586963654,0.08965278416872025,0.6414077281951904
1788861958048380700,8.995380615234374,0.15961304306983948,0.09881645441055298,0.48726633191108704
1788861958058421500,9.00542138671875,0.15628370642662048,0.09525991976261139,0.3239779770374298
1788861958068463900,9.0154638671875,0.14570669829845428,0.1356656700372696,0.18257346749305725
1788861958078505700,9.025505615234374,0.10567126423120499,0.24379409849643707,0.06627901643514633
1788861958088547600,9.035547607421876,0.09031787514686584,0.37041038274765015,-0.012218724936246872
1788861958098589700,9.045589599609375,0.11286473274230957,0.4214748740196228,-0.04591517895460129
1788861958108631600,9.055631591796875,0.12154583632946014,0.4199824333190918,-0.05352915823459625
1788861958118674000,9.065673828125,0.11303076893091202,0.3472977876663208,-0.061071403324604034
1788861958128714800,9.07571484375,0.12787602841854095,0.1781950294971466,-0.08341719210147858
1788861958138756900,9.0857568359375,0.12676109373569489,-0.050666242837905884,-0.13794267177581787
1788861958148798700,9.095798828125,0.0859159305691719,-0.20729127526283264,-0.23455975949764252
1788861958158840600,9.105840576171875,0.044396184384822845,-0.23846092820167542,-0.35019436478614807
1788861958168882700,9.115882568359375,0.01842397451400757,-0.15608376264572144,-0.44867512583732605
1788861958178924800,9.1259248046875,0.0013138343347236514,-0.02308059111237526,-0.5257464051246643
1788861958188966700,9.135966552734375,-0.020229540765285492,0.1395203024148941,-0.5716686248779297
1788861958199007700,9.1460078125,-0.04336576163768768,0.28465867042541504,-0.5917585492134094
1788861958209049600,9.156049560546874,-0.05616012215614319,0.33795517683029175,-0.5984532237052917
1788861958219091700,9.166091796875,-0.06779945641756058,0.28826847672462463,-0.600257158279419
1788861958229133600,9.176133544921875,-0.0782928392291069,0.1962037980556488,-0.6055895686149597
1788861958239175700,9.18617578125,-0.08904416114091873,0.11157458275556564,-0.6201419830322266
1788861958249217800,9.1962177734375,-0.1044582724571228,0.06272581964731216,-0.6362099051475525
1788861958259258600,9.206258544921875,-0.11714331060647964,0.04741756245493889,-0.6422245502471924
1788861958269300700,9.21630078125,-0.13993144035339355,0.06903098523616791,-0.6497160196304321
1788861958279342600,9.226342529296875,-0.1462446004152298,0.11249921470880508,-0.6547691822052002
1788861958289385000,9.236385009765625,-0.14755992591381073,0.1294720619916916,-0.6834178566932678
1788861958299426800,9.2464267578125,-0.14748497307300568,0.1419568806886673,-0.7318632006645203
1788861958309468700,9.25646875,-0.15485979616641998,0.15962322056293488,-0.7945423126220703
1788861958319510800,9.2665107421875,-0.14489610493183136,0.15916991233825684,-0.8410576581954956
1788861958329551600,9.276551513671874,-0.1452724039554596,0.18105897307395935,-0.8968322277069092
1788861958339593700,9.28659375,-0.17897790670394897,0.21874429285526276,-0.946832001209259
1788861958349635800,9.2966357421875,-0.20589208602905273,0.24459399282932281,-0.9703344106674194
1788861958359677700,9.306677734375,-0.20880025625228882,0.23839683830738068,-0.9717241525650024
1788861958369719800,9.3167197265625,-0.194200798869133,0.19912080466747284,-0.9668058156967163
1788861958379761700,9.32676171875,-0.17581793665885925,0.1315583884716034,-0.9654708504676819
1788861958389803500,9.336803466796875,-0.18192696571350098,0.0922946110367775,-0.9812141060829163
1788861958399844600,9.3468447265625,-0.22512251138687134,0.11902467906475067,-0.9946067929267883
1788861958409886700,9.35688671875,-0.2944621741771698,0.19806064665317535,-1.002078652381897
1788861958419928800,9.3669287109375,-0.35960841178894043,0.2285396307706833,-1.0036035776138306
1788861958429970700,9.376970703125,-0.3892507255077362,0.18637140095233917,-1.0288668870925903
1788861958440012800,9.3870126953125,-0.3919760584831238,0.13678084313869476,-1.092578649520874
1788861958450054700,9.3970546875,-0.37415552139282227,0.10541678965091705,-1.1533653736114502
1788861958460095700,9.407095703125,-0.3504370450973511,0.037063490599393845,-1.199232816696167
1788861958470137900,9.417137939453125,-0.32753464579582214,-0.11706136167049408,-1.2063006162643433
1788861958480179700,9.4271796875,-0.31668901443481445,-0.24375107884407043,-1.227249264717102
1788861958490221800,9.437221923828124,-0.3262260854244232,-0.21771948039531708,-1.2453702688217163
1788861958500263700,9.447263671875,-0.34988853335380554,-0.1120283454656601,-1.221441626548767
1788861958510305500,9.457305419921875,-0.3920748829841614,-0.043377649039030075,-1.1636667251586914
1788861958520348000,9.467347900390624,-0.4477323889732361,-0.03208230063319206,-1.125686526298523
1788861958530388700,9.477388671875,-0.4885863661766052,-0.07739625126123428,-1.136148452758789
1788861958540430800,9.487430908203125,-0.5005537867546082,-0.17257048189640045,-1.161464810371399
1788861958550472700,9.49747265625,-0.4856177270412445,-0.24597012996673584,-1.2121418714523315
1788861958560514800,9.507514892578126,-0.44355082511901855,-0.2769548296928406,-1.3026317358016968
1788861958570556700,9.517556640625,-0.4026696979999542,-0.2972598373889923,-1.3745355606079102
1788861958580598800,9.527598876953125,-0.36278995871543884,-0.298196405172348,-1.3878000974655151
1788861958590641000,9.537640869140626,-0.31423866748809814,-0.24938732385635376,-1.3705015182495117
1788861958600681700,9.547681640625,-0.2819485068321228,-0.18864555656909943,-1.3830690383911133
1788861958610723800,9.557723876953125,-0.25409555435180664,-0.144144669175148,-1.423130750656128
1788861958620765700,9.567765625,-0.21941456198692322,-0.10326194763183594,-1.4494810104370117
1788861958630807600,9.5778076171875,-0.17481939494609833,-0.07697868347167969,-1.4506230354309082
1788861958640850000,9.587849853515625,-0.12316405773162842,-0.08229366689920425,-1.4395122528076172
1788861958650891800,9.597891845703124,-0.08657435327768326,-0.15027937293052673,-1.4394038915634155
1788861958660932900,9.607932861328125,-0.06868789345026016,-0.2802039384841919,-1.44272780418396
1788861958670974700,9.617974609375,-0.07230766117572784,-0.3630484938621521,-1.432417869567871
1788861958681016600,9.6280166015625,-0.08176467567682266,-0.38750073313713074,-1.4584351778030396
1788861958691058700,9.63805859375,-0.08053509891033173,-0.382072389125824,-1.4842004776000977
1788861958701100800,9.648100830078125,-0.06791078299283981,-0.38481906056404114,-1.5033549070358276
1788861958711142700,9.658142578125,-0.03670172765851021,-0.425285279750824,-1.5295487642288208
1788861958721184800,9.668184814453125,0.008671343326568604,-0.47390124201774597,-1.558979868888855
1788861958731225900,9.678225830078125,0.03886972740292549,-0.5045214891433716,-1.6053838729858398
1788861958741267700,9.688267822265624,0.06887422502040863,-0.5002502799034119,-1.6380976438522339
1788861958751309600,9.6983095703125,0.08172531425952911,-0.46925854682922363,-1.6493338346481323
1788861958761352000,9.70835205078125,0.07919969409704208,-0.4465378522872925,-1.6115940809249878
1788861958771393800,9.718393798828124,0.07424622029066086,-0.42533963918685913,-1.5734355449676514
1788861958781435600,9.728435546875,0.07382264733314514,-0.39109745621681213,-1.5397676229476929
1788861958791477800,9.738477783203125,0.09619506448507309,-0.34829941391944885,-1.488374948501587
1788861958801518600,9.7485185546875,0.12104794383049011,-0.3041987419128418,-1.4307360649108887
1788861958811560700,9.758560791015626,0.15917110443115234,-0.2699108123779297,-1.3627647161483765
1788861958821602800,9.768602783203125,0.20279209315776825,-0.28657403588294983,-1.3016678094863892
1788861958831644700,9.778644775390624,0.24675795435905457,-0.28441742062568665,-1.2403168678283691
1788861958841686800,9.788686767578126,0.2514913082122803,-0.21074001491069794,-1.164598822593689
1788861958851728600,9.798728759765625,0.24229221045970917,-0.09173533320426941,-1.0873825550079346
1788861958861769700,9.808769775390624,0.2212240844964981,-0.0431613065302372,-1.0256167650222778
1788861958871811600,9.8188115234375,0.18510949611663818,-0.01226917002350092,-0.9332373738288879
1788861958881853700,9.828853759765625,0.15934062004089355,-0.046097081154584885,-0.7985517978668213
1788861958891895800,9.838895751953125,0.1566244661808014,-0.1640346348285675,-0.6729757785797119
1788861958901937700,9.848937744140626,0.15145792067050934,-0.28316783905029297,-0.5495319366455078
1788861958911979800,9.858979736328125,0.14859607815742493,-0.31836313009262085,-0.42938634753227234
1788861958922021600,9.869021728515625,0.15663550794124603,-0.4164040982723236,-0.32334959506988525
1788861958932062700,9.879062744140626,0.193342387676239,-0.3805007040500641,-0.1705973595380783
1788861958942104800,9.889104736328125,0.21234045922756195,-0.33837342262268066,0.00038495054468512535
1788861958952146700,9.899146728515625,0.20665939152240753,-0.24064341187477112,0.18264663219451904
1788861958962188800,9.909188720703124,0.17617684602737427,-0.16613930463790894,0.3082300126552582
1788861958972230700,9.919230712890625,0.14731749892234802,-0.12015371024608612,0.38957279920578003
1788861958982273800,9.929273681640625,0.138016015291214,-0.04771212488412857,0.4252588450908661
1788861958992315000,9.93931494140625,0.13586631417274475,-0.05417082458734512,0.44741687178611755
1788861959002356700,9.949356689453126,0.12731023132801056,-0.07126465439796448,0.4723040759563446
1788861959012398800,9.95939892578125,0.11280665546655655,0.014566896483302116,0.5019423365592957
1788861959022441000,9.96944091796875,0.09346213191747665,0.11415481567382812,0.5247722268104553
1788861959032482800,9.97948291015625,0.08037162572145462,0.18436719477176666,0.5360243320465088
1788861959042525000,9.98952490234375,0.07801832258701324,0.2593885660171509,0.5549355745315552
1788861959052566800,9.99956689453125,0.08759238570928574,0.3075172007083893,0.5797322392463684
1788861959062608000,10.00960791015625,0.07663601636886597,0.2778516113758087,0.6413440108299255
1788861959072650000,10.01964990234375,0.038098204880952835,0.2841864824295044,0.752863347530365
1788861959082691800,10.02969189453125,-0.0047155749052762985,0.30305391550064087,0.8986559510231018
1788861959092734000,10.03973388671875,0.0009849213529378176,0.3259967863559723,1.0614629983901978
1788861959102775800,10.04977587890625,0.0234200581908226,0.3696173429489136,1.2070648670196533
1788861959112817700,10.059817626953125,0.022188613191246986,0.36929136514663696,1.3220553398132324
1788861959122860000,10.069860107421874,-0.000637218588963151,0.3402319550514221,1.398773431777954
1788861959132900900,10.07990087890625,-0.02803821675479412,0.3632802963256836,1.4686592817306519
1788861959142943000,10.08994287109375,-0.025868259370326996,0.3850371837615967,1.52264404296875
1788861959152984800,10.09998486328125,-0.027494385838508606,0.3644898235797882,1.5577995777130127
1788861959163026700,10.110026611328125,-0.04243592172861099,0.3357717990875244,1.6340688467025757
1788861959173068800,10.12006884765625,-0.052792951464653015,0.33621546626091003,1.7324135303497314
1788861959183111000,10.13011083984375,-0.02626732550561428,0.3326408863067627,1.8149455785751343
1788861959193152000,10.140152099609375,0.018300941213965416,0.3114684820175171,1.879970908164978
1788861959203193900,10.15019384765625,0.05993558466434479,0.3234689235687256,1.9472407102584839
1788861959213236000,10.160236083984374,0.10895052552223206,0.3580136001110077,2.02121901512146
1788861959223277800,10.17027783203125,0.15042421221733093,0.36706778407096863,2.083529233932495
1788861959233319700,10.180319580078125,0.16045022010803223,0.34842753410339355,2.0937020778656006
1788861959243362000,10.190362060546875,0.1487530618906021,0.3002912402153015,2.059838056564331
1788861959253403000,10.20040283203125,0.12544400990009308,0.22881677746772766,2.0093190670013428
1788861959263445000,10.210445068359375,0.11324062943458557,0.12946535646915436,1.9527068138122559
1788861959273486800,10.22048681640625,0.10828182101249695,0.0031383130699396133,1.8825842142105103
1788861959283528700,10.23052880859375,0.0912005677819252,-0.12021642178297043,1.8210722208023071
1788861959293570800,10.24057080078125,0.05829056352376938,-0.2257833331823349,1.7797892093658447
1788861959303613000,10.250613037109375,0.023273048922419548,-0.3159298300743103,1.740117073059082
1788861959313654800,10.26065478515625,-0.01504477858543396,-0.41301482915878296,1.6831355094909668
1788861959323695900,10.27069580078125,-0.06072784960269928,-0.4989699423313141,1.6404818296432495
1788861959333737700,10.28073779296875,-0.11586567014455795,-0.5116021037101746,1.6632076501846313
1788861959343779800,10.29077978515625,-0.14123107492923737,-0.47104284167289734,1.7333366870880127
1788861959353821700,10.30082177734375,-0.13707546889781952,-0.4528143107891083,1.790468692779541
1788861959363864000,10.310864013671875,-0.11697553843259811,-0.4825766980648041,1.7978644371032715
1788861959373906000,10.320906005859374,-0.10947128385305405,-0.4865567982196808,1.7655500173568726
1788861959383947000,10.330947021484375,-0.11101232469081879,-0.48510390520095825,1.7156832218170166
1788861959393988900,10.34098876953125,-0.12288202345371246,-0.4846780598163605,1.6729719638824463
1788861959404030700,10.35103076171875,-0.1396825760602951,-0.48312973976135254,1.6246905326843262
1788861959414072800,10.36107275390625,-0.144807830452919,-0.4854711890220642,1.5687092542648315
1788861959424115000,10.371114990234375,-0.14010882377624512,-0.5110102295875549,1.5155854225158691
1788861959434156800,10.38115673828125,-0.1272532045841217,-0.5557723641395569,1.470467448234558
1788861959444199000,10.391198974609376,-0.1337839514017105,-0.542436420917511,1.4312725067138672
1788861959454239700,10.40123974609375,-0.17152760922908783,-0.4797341525554657,1.406631588935852
1788861959464281900,10.41128173828125,-0.21829643845558167,-0.4098277688026428,1.4041005373001099
1788861959474323700,10.42132373046875,-0.23492468893527985,-0.38942182064056396,1.4060907363891602
1788861959484365800,10.43136572265625,-0.22853083908557892,-0.41116082668304443,1.382648229598999
1788861959494408000,10.441407958984374,-0.22763441503047943,-0.44267961382865906,1.328094482421875
1788861959504449800,10.45144970703125,-0.2226489782333374,-0.46654391288757324,1.2587532997131348
1788861959514491000,10.461490966796875,-0.2107883244752884,-0.496746301651001,1.177079200744629
1788861959524532700,10.47153271484375,-0.20274996757507324,-0.5161882638931274,1.0915131568908691
1788861959534574800,10.481574951171876,-0.20710237324237823,-0.4764869511127472,1.0204328298568726
1788861959544617000,10.491616943359375,-0.21150538325309753,-0.3955766558647156,0.965770423412323
1788861959554658800,10.501658935546875,-0.2146199494600296,-0.30252739787101746,0.8991460800170898
1788861959564701000,10.511700927734376,-0.23357726633548737,-0.21440403163433075,0.8037621378898621
1788861959574741800,10.52174169921875,-0.24721956253051758,-0.15229032933712006,0.6749958992004395
1788861959584784000,10.531783935546875,-0.23942716419696808,-0.11480505764484406,0.5421048402786255
1788861959594825700,10.54182568359375,-0.21290181577205658,-0.06195808947086334,0.4273907244205475
1788861959604867800,10.551867919921875,-0.18440000712871552,0.020053349435329437,0.32768499851226807
1788861959614910000,10.561909912109375,-0.15624426305294037,0.10392694175243378,0.22352850437164307
1788861959624951800,10.571951904296874,-0.1336025893688202,0.1593855768442154,0.11649961024522781
1788861959634993000,10.581992919921875,-0.13811957836151123,0.20900186896324158,0.010729772038757801
1788861959645034800,10.59203466796875,-0.16456331312656403,0.22394481301307678,-0.06562814861536026
1788861959655076900,10.602076904296876,-0.19674894213676453,0.18487729132175446,-0.11096926033496857
1788861959665119000,10.612118896484375,-0.21159805357456207,0.06890285760164261,-0.1490129977464676
1788861959675160800,10.622160888671875,-0.2019938975572586,-0.05821967124938965,-0.1982892006635666
1788861959685203000,10.632202880859374,-0.18345896899700165,-0.07487202435731888,-0.26112881302833557
1788861959695243800,10.642243896484375,-0.1632612943649292,0.012870345264673233,-0.331434428691864
1788861959705286000,10.652285888671875,-0.13852065801620483,0.12702105939388275,-0.3990003168582916
1788861959715327700,10.66232763671875,-0.1336393505334854,0.2425742745399475,-0.46702811121940613
1788861959725369900,10.672369873046875,-0.1468385010957718,0.38534286618232727,-0.5175979733467102
1788861959735412000,10.682411865234375,-0.147459015250206,0.5022516250610352,-0.5535868406295776
1788861959745453800,10.692453857421874,-0.13072465360164642,0.5301284790039062,-0.5716153979301453
1788861959755495000,10.702494873046875,-0.11442052572965622,0.4951382577419281,-0.5835292935371399
1788861959765536800,10.712536865234375,-0.09918790310621262,0.456814169883728,-0.5951233506202698
1788861959775578600,10.72257861328125,-0.08903034031391144,0.42011499404907227,-0.6150014400482178
1788861959785621000,10.73262109375,-0.05531260371208191,0.3875024914741516,-0.6285683512687683
1788861959795662800,10.742662841796875,0.002686783904209733,0.3564170002937317,-0.6411773562431335
1788861959805705000,10.752705078125,0.038859035819768906,0.3734586834907532,-0.6661729216575623
1788861959815745800,10.762745849609376,0.05169760435819626,0.47054317593574524,-0.716996431350708
1788861959825788000,10.772787841796875,0.08010631799697876,0.5539934039115906,-0.7943217754364014
1788861959835829800,10.782829833984374,0.10611261427402496,0.6048906445503235,-0.8609766960144043
1788861959845871900,10.792871826171876,0.127358540892601,0.6539891958236694,-0.877048671245575
1788861959855914000,10.8029140625,0.13175354897975922,0.6971331834793091,-0.8814319372177124
1788861959865955800,10.812955810546875,0.13945263624191284,0.6984115839004517,-0.8887644410133362
1788861959875997000,10.822996826171876,0.1392827332019806,0.7132467031478882,-0.928381085395813
1788861959886038800,10.833038818359375,0.13908137381076813,0.6877419948577881,-0.9812286496162415
1788861959896080600,10.84308056640625,0.16533055901527405,0.593987762928009,-1.0280613899230957
1788861959906123000,10.853123046875,0.2035132199525833,0.46409332752227783,-1.0401370525360107
1788861959916164900,10.863164794921875,0.23525117337703705,0.34842267632484436,-1.0387388467788696
1788861959926206700,10.873206787109375,0.2406676560640335,0.235385924577713,-1.0606015920639038
1788861959936247800,10.883247802734376,0.22653985023498535,0.1425105780363083,-1.1313819885253906
1788861959946289700,10.89328955078125,0.21414683759212494,0.09378085285425186,-1.2150349617004395
1788861959956332000,10.90333203125,0.19172275066375732,0.08727901428937912,-1.2774720191955566
1788861959966374000,10.913373779296874,0.13515841960906982,0.07227357476949692,-1.2932696342468262
1788861959976415000,10.9234150390625,0.060994964092969894,0.04609575867652893,-1.2994731664657593
1788861959986457000,10.93345703125,0.002939932281151414,0.012589148245751858,-1.305201530456543
1788861959996498200,10.943498291015626,-0.024772923439741135,-0.011283161118626595,-1.325072169303894
1788861960006540000,10.9535400390625,-0.012170983478426933,-0.056798290461301804,-1.360952377319336
1788861960016582000,10.963581787109375,0.03137143328785896,-0.128873810172081,-1.3713326454162598
1788861960026624000,10.9736240234375,0.05242438241839409,-0.21718700230121613,-1.352982997894287
1788861960036665900,10.983665771484375,0.02926899492740631,-0.2796304225921631,-1.358071208000183
1788861960046708200,10.993708251953125,0.005091755650937557,-0.3694135546684265,-1.3736859560012817
1788861960056749000,11.0037490234375,-0.022617369890213013,-0.43674734234809875,-1.3896942138671875
1788861960066791200,11.013791259765625,-0.05856379494071007,-0.46718522906303406,-1.4055540561676025
1788861960076833000,11.0238330078125,-0.09551036357879639,-0.49677640199661255,-1.4165531396865845
1788861960086875000,11.033875,-0.14431585371494293,-0.5997076630592346,-1.4290177822113037
1788861960096917000,11.0439169921875,-0.19901852309703827,-0.7251548171043396,-1.4467458724975586
1788861960106959000,11.053958984375,-0.23983265459537506,-0.7898886799812317,-1.4809595346450806
1788861960117000200,11.064000244140624,-0.25676584243774414,-0.7736154198646545,-1.5519295930862427
1788861960127042000,11.0740419921875,-0.2609541714191437,-0.7214316725730896,-1.6361526250839233
1788861960137084000,11.084083984375,-0.2419099062681198,-0.5789687633514404,-1.6810895204544067
1788861960147126000,11.0941259765625,-0.19333171844482422,-0.430155873298645,-1.6769354343414307
1788861960157167900,11.10416796875,-0.1391395926475525,-0.3507971167564392,-1.6811081171035767
1788861960167209000,11.114208984375,-0.102518729865551,-0.35745877027511597,-1.6914411783218384
1788861960177251000,11.1242509765625,-0.07760927081108093,-0.40517762303352356,-1.687968373298645
1788861960187293000,11.13429296875,-0.06416922062635422,-0.4254513382911682,-1.6733070611953735
1788861960197335000,11.1443349609375,-0.07280052453279495,-0.3470636010169983,-1.6559698581695557
1788861960207377000,11.154376953125,-0.08213599026203156,-0.31064534187316895,-1.6130980253219604
1788861960217419000,11.1644189453125,-0.10640031844377518,-0.3050537705421448,-1.5713236331939697
1788861960227459800,11.1744599609375,-0.14615504443645477,-0.31882646679878235,-1.5286284685134888
1788861960237502200,11.184502197265624,-0.18959705531597137,-0.3467308282852173,-1.4977704286575317
1788861960247544000,11.1945439453125,-0.22931747138500214,-0.3656068444252014,-1.4789936542510986
1788861960257586000,11.2045859375,-0.2615824341773987,-0.3186449110507965,-1.4348280429840088
1788861960267628000,11.2146279296875,-0.2777850925922394,-0.20898081362247467,-1.3843809366226196
1788861960277670000,11.224669921875,-0.24920913577079773,-0.1310540735721588,-1.3751262426376343
1788861960287711000,11.2347109375,-0.18655066192150116,-0.11309941858053207,-1.3710577487945557
1788861960297753000,11.244753173828125,-0.12114156782627106,-0.17723925411701202,-1.3420093059539795
1788861960307795000,11.254794921875,-0.0759275034070015,-0.2111913114786148,-1.2839317321777344
1788861960317837000,11.264837158203125,-0.06620589643716812,-0.20279303193092346,-1.2401429414749146
1788861960327879000,11.27487890625,-0.07291251420974731,-0.17922517657279968,-1.2246259450912476
1788861960337920000,11.284919921875,-0.12406118214130402,-0.15624183416366577,-1.2126209735870361
1788861960347961900,11.2949619140625,-0.15588437020778656,-0.1485881805419922,-1.1791434288024902
1788861960358004000,11.30500390625,-0.13070045411586761,-0.1798371821641922,-1.1238319873809814
1788861960368046000,11.315046142578124,-0.08350098133087158,-0.2396743893623352,-1.078159213066101
1788861960378088000,11.325087890625,-0.05167407914996147,-0.22168686985969543,-1.0026061534881592
1788861960388130000,11.335130126953125,-0.038917552679777145,-0.13310103118419647,-0.9287636280059814
1788861960398171000,11.3451708984375,-0.012632953003048897,-0.0692586749792099,-0.8842477798461914
1788861960408213000,11.355212890625,0.017566246911883354,-0.05354820936918259,-0.8096994161605835
1788861960418255000,11.365255126953125,0.04389585554599762,-0.022060856223106384,-0.6778255701065063
1788861960428297000,11.375296875,0.0641728863120079,0.038178812712430954,-0.5573311448097229
1788861960438339000,11.385339111328125,0.08739511668682098,0.09151500463485718,-0.4394911229610443
1788861960448381000,11.395380859375,0.10029852390289307,0.10856950283050537,-0.3197489082813263
1788861960458422000,11.405422119140624,0.08003613352775574,0.13125085830688477,-0.17877449095249176
1788861960468463900,11.4154638671875,0.05487991124391556,0.17636346817016602,-0.027105871587991714
1788861960478506000,11.425506103515625,0.042471446096897125,0.22696459293365479,0.11676235496997833
1788861960488548000,11.435548095703124,0.032802850008010864,0.23835410177707672,0.2237328439950943
1788861960498590000,11.44558984375,0.031050225719809532,0.2429291307926178,0.3070051074028015
1788861960508631000,11.455631103515625,0.06283427774906158,0.270379900932312,0.42304885387420654
1788861960518673000,11.4656728515625,0.09011383354663849,0.3060486614704132,0.5511775016784668
1788861960528715000,11.475715087890626,0.09690765291452408,0.31340906023979187,0.6628220081329346
1788861960538757000,11.485757080078125,0.08555673062801361,0.2736677825450897,0.7431008815765381
1788861960548799000,11.495799072265624,0.06583523750305176,0.26740238070487976,0.8172098398208618
1788861960558841000,11.505841064453126,0.04718512296676636,0.28522825241088867,0.8770484328269958
1788861960568882000,11.5158818359375,0.03935234621167183,0.2410798966884613,0.9505006670951843
1788861960578924000,11.525924072265624,0.018191667273640633,0.2030177265405655,1.067219853401184
1788861960588966100,11.535966064453126,-0.016702942550182343,0.23687878251075745,1.2127450704574585
1788861960599008000,11.546008056640625,-0.03413466364145279,0.28100496530532837,1.3657718896865845
1788861960609050000,11.556050048828125,-0.028154002502560616,0.28412991762161255,1.4822511672973633
1788861960619091000,11.566091064453126,0.007251393049955368,0.3038887083530426,1.5748438835144043
1788861960629133000,11.576133056640625,0.056786734610795975,0.37380754947662354,1.6706316471099854
1788861960639175000,11.5861748046875,0.09267895668745041,0.41673770546913147,1.7742533683776855
1788861960649217000,11.596217041015626,0.08872547745704651,0.32912030816078186,1.8659173250198364
1788861960659259100,11.606259033203125,0.03243131563067436,0.1465102732181549,1.8953441381454468
1788861960669301000,11.616301025390625,-0.0034181522205471992,0.14887766540050507,1.8854968547821045
1788861960679342000,11.626342041015626,-0.017871394753456116,0.2714563012123108,1.872827172279358
1788861960689384000,11.636384033203125,-0.03417528048157692,0.27531686425209045,1.8557246923446655
1788861960699426000,11.646426025390625,-0.04029868543148041,0.1733904927968979,1.8549387454986572
1788861960709468200,11.65646826171875,-0.05693410336971283,0.17174221575260162,1.8954439163208008
1788861960719510000,11.666510009765625,-0.08713860809803009,0.29503750801086426,1.9668701887130737
1788861960729551000,11.676551025390625,-0.09287641942501068,0.3644574284553528,1.993458867073059
1788861960739593000,11.686593017578126,-0.06099545210599899,0.3579409420490265,1.9701530933380127
1788861960749635000,11.696635009765625,-0.01209527999162674,0.37969332933425903,1.90395188331604
1788861960759677000,11.706677001953125,0.027648938819766045,0.42789629101753235,1.853764295578003
1788861960769719000,11.716718994140624,0.060570791363716125,0.46238866448402405,1.904740571975708
1788861960779761200,11.72676123046875,0.08352750539779663,0.5255393385887146,2.0287094116210938
1788861960789802000,11.736802001953125,0.11856633424758911,0.5580800771713257,2.1118671894073486
1788861960799844000,11.746843994140624,0.16236945986747742,0.4470524191856384,2.1251115798950195
1788861960809886000,11.756885986328125,0.20684680342674255,0.24025724828243256,2.1097187995910645
1788861960819927800,11.766927734375,0.2229706346988678,0.04081284627318382,2.0954771041870117
1788861960829970200,11.77697021484375,0.22172531485557556,-0.1481548547744751,2.064246654510498
1788861960840011000,11.787010986328125,0.17931127548217773,-0.31786373257637024,1.9945425987243652
1788861960850053000,11.79705322265625,0.08854051679372787,-0.47873616218566895,1.9199750423431396
1788861960860095000,11.807094970703124,-0.026133067905902863,-0.6101495623588562,1.8480286598205566
1788861960870137000,11.81713720703125,-0.11668603122234344,-0.6949010491371155,1.7618411779403687
1788861960880179000,11.827178955078125,-0.16658326983451843,-0.6777740120887756,1.6903249025344849
1788861960890220000,11.837219970703124,-0.20296242833137512,-0.6066805124282837,1.6400221586227417
1788861960900262100,11.84726220703125,-0.23358586430549622,-0.5558179020881653,1.6118254661560059
1788861960910304000,11.857303955078125,-0.2328242063522339,-0.5076168179512024,1.6150052547454834
1788861960920346000,11.86734619140625,-0.22996875643730164,-0.3904736340045929,1.6342633962631226
1788861960930388000,11.877387939453126,-0.24816451966762543,-0.24100087583065033,1.6457313299179077
1788861960940429800,11.887429931640625,-0.22925260663032532,-0.14234887063503265,1.6163268089294434
1788861960950471000,11.897470947265624,-0.16997665166854858,-0.14168421924114227,1.5482208728790283
1788861960960513000,11.907512939453126,-0.11333867907524109,-0.17127621173858643,1.4733184576034546
1788861960970555100,11.91755517578125,-0.11688601970672607,-0.08072949945926666,1.429331660270691
1788861960980596500,11.927596435546874,-0.14117324352264404,0.10593385994434357,1.4172859191894531
1788861960990638600,11.937638671875,-0.11078725755214691,0.21635904908180237,1.4147855043411255
1788861961000679400,11.947679443359375,-0.01625116355717182,0.2448788583278656,1.3703240156173706
1788861961010721800,11.9577216796875,0.044025905430316925,0.2274395078420639,1.2821462154388428
1788861961020763600,11.967763671875,0.08002731204032898,0.14724373817443848,1.1785521507263184
1788861961030805500,11.977805419921875,0.13338027894496918,-0.02382810227572918,1.0863349437713623
1788861961040847600,11.98784765625,0.19742077589035034,-0.19012439250946045,0.9970954656600952
1788861961050888400,11.997888427734376,0.2096329927444458,-0.25131672620773315,0.8855342864990234
1788861961060930600,12.0079306640625,0.1678016483783722,-0.2333076149225235,0.7275369167327881
1788861961070972700,12.01797265625,0.11162997037172318,-0.18966154754161835,0.49337390065193176
1788861961081014500,12.0280146484375,0.05689428746700287,-0.08124666661024094,0.22763091325759888
1788861961091056600,12.038056640625,0.007220348343253136,0.1475520133972168,0.003802789142355323
1788861961101097500,12.048097412109374,-0.011231895536184311,0.40005961060523987,-0.1612018644809723
1788861961111139600,12.0581396484375,-0.006291871890425682,0.5703753232955933,-0.2813577651977539
1788861961121181400,12.068181396484375,-0.021643131971359253,0.636803388595581,-0.36846470832824707
1788861961131223600,12.0782236328125,-0.04142281785607338,0.633206307888031,-0.4367872476577759
1788861961141265700,12.088265625,-0.04551689699292183,0.5881426930427551,-0.5038246512413025
1788861961151307500,12.0983076171875,-0.049597255885601044,0.5018987655639648,-0.5714035630226135
1788861961161348600,12.1083486328125,-0.059583310037851334,0.40979331731796265,-0.6178379058837891
1788861961171390500,12.118390380859376,-0.06612619757652283,0.3605974018573761,-0.6254613995552063
1788861961181432600,12.1284326171875,-0.0693771168589592,0.36476418375968933,-0.5717387795448303
1788861961191474700,12.138474609375,-0.07191441208124161,0.4079846441745758,-0.4999379813671112
1788861961201516500,12.1485166015625,-0.06757532805204391,0.4691199064254761,-0.4415804147720337
1788861961211557600,12.1585576171875,-0.051926467567682266,0.48777684569358826,-0.39425554871559143
1788861961221599500,12.168599609375,-0.03154716268181801,0.4565901458263397,-0.35134243965148926
1788861961231641600,12.1786416015625,-0.014473499730229378,0.4172873795032501,-0.33805906772613525
1788861961241683500,12.188683349609375,0.0022466243244707584,0.41060468554496765,-0.36624249815940857
1788861961251725600,12.1987255859375,0.020734423771500587,0.43001365661621094,-0.4106013774871826
1788861961261766700,12.2087666015625,0.02706049755215645,0.4627535045146942,-0.43589022755622864
1788861961271808500,12.21880859375,0.02489694394171238,0.5443298816680908,-0.4384825527667999
1788861961281850600,12.2288505859375,0.024864453822374344,0.650499701499939,-0.4509621262550354
1788861961291892500,12.238892578125,0.008715455420315266,0.7249112129211426,-0.5211797952651978
1788861961301934600,12.2489345703125,0.009495495818555355,0.7223207354545593,-0.6658509969711304
1788861961311975700,12.2589755859375,0.0427723228931427,0.5783307552337646,-0.8624139428138733
1788861961322017800,12.269017822265624,0.07388630509376526,0.3904798924922943,-1.0353124141693115
1788861961332059600,12.2790595703125,0.06724730879068375,0.32541969418525696,-1.0899615287780762
1788861961342101500,12.2891015625,0.014229891821742058,0.40495872497558594,-1.035740852355957
1788861961352143600,12.2991435546875,-0.030182309448719025,0.5313917398452759,-0.9528892040252686
1788861961362184400,12.309184326171875,-0.06006377562880516,0.5965089797973633,-0.8694702386856079
1788861961372226800,12.319226806640625,-0.07801229506731033,0.5902804732322693,-0.8241785764694214
1788861961382268700,12.3292685546875,-0.11511971056461334,0.4634210765361786,-0.8622745871543884
1788861961392310500,12.339310546875,-0.13053232431411743,0.2635701298713684,-1.0303524732589722
1788861961402352600,12.3493525390625,-0.08329851180315018,0.10151197016239166,-1.2366987466812134
1788861961412394500,12.35939453125,0.03507312387228012,0.07450941205024719,-1.3553330898284912
1788861961422435600,12.369435546875,0.14484569430351257,0.16738370060920715,-1.3781816959381104
1788861961432477700,12.379477783203125,0.189806267619133,0.21217191219329834,-1.3448288440704346
1788861961442519600,12.38951953125,0.1849989891052246,0.22042451798915863,-1.2846171855926514
1788861961452561700,12.399561767578126,0.1528976410627365,0.2867051362991333,-1.2076269388198853
1788861961462603500,12.409603515625,0.09948661923408508,0.3026138246059418,-1.1840475797653198
1788861961472644600,12.41964453125,0.05931134894490242,0.1437324434518814,-1.2551687955856323
1788861961482686500,12.4296865234375,0.07451347261667252,-0.0933179259300232,-1.3432787656784058
1788861961492728800,12.439728759765625,0.1291174292564392,-0.3278127908706665,-1.3739659786224365
1788861961502770700,12.449770751953125,0.1778348982334137,-0.5103671550750732,-1.3697642087936401
1788861961512812500,12.4598125,0.19919121265411377,-0.6657065749168396,-1.4165698289871216
1788861961522853600,12.469853515625,0.2005677968263626,-0.7732479572296143,-1.487596035003662
1788861961532895500,12.4798955078125,0.17762333154678345,-0.8923764824867249,-1.5531548261642456
1788861961542937600,12.4899375,0.14562731981277466,-1.0570677518844604,-1.5727812051773071
1788861961552979700,12.499979736328125,0.1221851110458374,-1.1771389245986938,-1.5918176174163818
1788861961563021600,12.510021484375,0.12738199532032013,-1.2148774862289429,-1.612169861793518
1788861961573062700,12.520062744140626,0.13082480430603027,-1.104317307472229,-1.613818645477295
1788861961583104500,12.5301044921875,0.15610326826572418,-0.8385916352272034,-1.6092605590820312
1788861961593146600,12.540146728515625,0.24558641016483307,-0.5215249061584473,-1.6377484798431396
1788861961603188500,12.5501884765625,0.37187644839286804,-0.1949036866426468,-1.7198377847671509
1788861961613230600,12.560230712890625,0.5146270394325256,0.055107906460762024,-1.844999074935913
1788861961623271700,12.570271728515625,0.6856057047843933,0.12993952631950378,-2.0026092529296875
1788861961633313500,12.5803134765625,0.822228193283081,0.2029554843902588,-2.1355106830596924
1788861961643355600,12.590355712890625,0.8773252964019775,0.28863176703453064,-2.229705333709717
1788861961653397500,12.6003974609375,0.8502892255783081,0.3341914415359497,-2.333501100540161
1788861961663439600,12.610439697265624,0.746886670589447,0.28407660126686096,-2.373621940612793
1788861961673480400,12.62048046875,0.6060636639595032,0.16050846874713898,-2.282709836959839
1788861961683522800,12.630522705078125,0.49737709760665894,0.0718822032213211,-2.099425792694092
1788861961693564700,12.640564697265624,0.42200031876564026,0.09197232872247696,-1.9105082750320435
1788861961703606500,12.6506064453125,0.37656092643737793,0.13249260187149048,-1.787264347076416
1788861961713648600,12.660648681640625,0.2973598837852478,0.03329702094197273,-1.7519980669021606
1788861961723689500,12.670689453125,0.21041829884052277,-0.09672676026821136,-1.755766749382019
1788861961733731600,12.680731689453125,0.10650190711021423,-0.2646450996398926,-1.742892861366272
1788861961743773700,12.690773681640625,0.039494648575782776,-0.5165473818778992,-1.735439419746399
1788861961753815600,12.700815673828124,-0.07217583805322647,-0.7762739062309265,-1.6926215887069702
1788861961763857700,12.710857666015626,-0.20595599710941315,-0.86918705701828,-1.5793418884277344
1788861961773898500,12.7208984375,-0.3634456396102905,-0.817245364189148,-1.4527781009674072
1788861961783940600,12.730940673828124,-0.45853033661842346,-0.7059345841407776,-1.3402265310287476
1788861961793982500,12.740982421875,-0.4817902743816376,-0.7270175218582153,-1.1928420066833496
1788861961804024600,12.751024658203125,-0.45617836713790894,-0.7684630155563354,-1.0555464029312134
1788861961814066700,12.761066650390624,-0.417924702167511,-0.7751668691635132,-0.9424967169761658
1788861961824107500,12.771107421875,-0.3631453216075897,-0.6772668957710266,-0.876737654209137
1788861961834149600,12.781149658203125,-0.30479535460472107,-0.47020384669303894,-0.812732994556427
1788861961844191500,12.79119140625,-0.26168036460876465,-0.27093255519866943,-0.7518280744552612
1788861961854233600,12.801233642578126,-0.2369851917028427,-0.15415391325950623,-0.6738176345825195
1788861961864275700,12.811275634765625,-0.2301323413848877,-0.11272578686475754,-0.5457616448402405
1788861961874316800,12.82131689453125,-0.2179528921842575,-0.018594268709421158,-0.3555350601673126
1788861961884358700,12.831358642578126,-0.1702900230884552,0.05757506564259529,-0.13653665781021118
1788861961894400500,12.841400390625,-0.15481601655483246,0.15993954241275787,0.0706290602684021
1788861961904442600,12.851442626953125,-0.15350280702114105,0.29679298400878906,0.2541986405849457
1788861961914484500,12.861484375,-0.15326295793056488,0.37882378697395325,0.45457103848457336
1788861961924525600,12.871525634765625,-0.15198011696338654,0.42038267850875854,0.6149228811264038
1788861961934567700,12.881567626953125,-0.177132248878479,0.4268604516983032,0.7632265090942383
1788861961944609500,12.891609619140626,-0.22467419505119324,0.5101956129074097,0.9351226091384888
1788861961954651600,12.901651611328125,-0.2822808623313904,0.5791403651237488,1.0652903318405151
1788861961964693500,12.911693603515625,-0.3170388340950012,0.6165639162063599,1.1371681690216064
1788861961974734600,12.921734619140626,-0.3248949646949768,0.6397318840026855,1.2110621929168701
1788861961984777200,12.931777099609375,-0.31601518392562866,0.6524950861930847,1.2856796979904175
1788861961994819000,12.941819091796875,-0.2952249050140381,0.6707051992416382,1.3602294921875
1788861962004861200,12.951861083984374,-0.25330114364624023,0.6552218198776245,1.4329196214675903
1788861962014903300,12.9619033203125,-0.18179702758789062,0.5912731289863586,1.483580470085144
1788861962024944400,12.9719443359375,-0.1106855720281601,0.5037925243377686,1.5615549087524414
1788861962034986200,12.981986328125,-0.06964414566755295,0.4597071409225464,1.6911354064941406
1788861962045028000,12.992028076171875,-0.06398279964923859,0.5078882575035095,1.8124101161956787
1788861962055070200,13.0020703125,-0.019159093499183655,0.5359964966773987,1.867180347442627
1788861962065112000,13.012112060546874,0.055224329233169556,0.49901026487350464,1.8675880432128906
1788861962075153200,13.022153076171875,0.11441104114055634,0.4925488531589508,1.9010019302368164
1788861962085195300,13.0321953125,0.1658550649881363,0.4607086181640625,1.9464372396469116
1788861962095237400,13.0422373046875,0.20564031600952148,0.350843608379364,1.9871264696121216
1788861962105279200,13.052279296875,0.22672322392463684,0.23009134829044342,2.0305635929107666
1788861962115321000,13.062321044921875,0.2491394579410553,0.16172973811626434,2.0757904052734375
1788861962125362200,13.072362060546874,0.27968963980674744,0.11455956101417542,2.123216390609741
1788861962135404000,13.082404052734375,0.3148356080055237,0.07444334775209427,2.1633763313293457
1788861962145446400,13.0924462890625,0.36681410670280457,0.009890187531709671,2.1568968296051025
1788861962155488300,13.10248828125,0.4116462171077728,-0.09904718399047852,2.087229013442993
1788861962165530000,13.112530029296876,0.42773279547691345,-0.2103302925825119,2.0113840103149414
1788861962175571200,13.1225712890625,0.41411468386650085,-0.3143290579319,1.961571455001831
1788861962185613000,13.132613037109374,0.3771686255931854,-0.35360854864120483,1.948204755783081
1788861962195655200,13.1426552734375,0.3176729381084442,-0.3543873727321625,1.961265206336975
1788861962205697300,13.152697265625,0.2518917918205261,-0.3613906800746918,2.011573314666748
1788861962215739100,13.1627392578125,0.1886547952890396,-0.33696210384368896,2.066969156265259
1788861962225780200,13.1727802734375,0.13372789323329926,-0.31705203652381897,2.0948750972747803
1788861962235822000,13.182822021484375,0.10546121746301651,-0.3594541549682617,2.071178436279297
1788861962245864200,13.1928642578125,0.0752045065164566,-0.42769765853881836,2.0226588249206543
1788861962255906300,13.20290625,0.04119356349110603,-0.4870196282863617,1.965131163597107
1788861962265948400,13.212948486328125,0.012037541717290878,-0.5180696845054626,1.9042142629623413
1788861962275989200,13.2229892578125,-0.0028022502083331347,-0.550510048866272,1.850936770439148
1788861962286031400,13.23303125,-0.0023702855687588453,-0.5577445030212402,1.8134280443191528
1788861962296073200,13.2430732421875,0.0038586733862757683,-0.5014389753341675,1.7795405387878418
1788861962306115000,13.253114990234375,0.004036306403577328,-0.4397899806499481,1.742334008216858
1788861962316157400,13.263157470703124,0.0017181833973154426,-0.39441999793052673,1.7125160694122314
1788861962326198300,13.2731982421875,-0.00023338105529546738,-0.3670853078365326,1.6892410516738892
1788861962336240400,13.283240478515625,-0.030257869511842728,-0.3411669135093689,1.6549116373062134
1788861962346282200,13.2932822265625,-0.07867439836263657,-0.323417991399765,1.613254189491272
1788861962356324000,13.303323974609375,-0.12715484201908112,-0.35723644495010376,1.5485790967941284
1788861962366366200,13.3133662109375,-0.17372101545333862,-0.41435912251472473,1.4690136909484863
1788861962376407000,13.323406982421876,-0.21849927306175232,-0.44115516543388367,1.378906488418579
1788861962386449400,13.333449462890625,-0.2391536831855774,-0.43115925788879395,1.2695653438568115
1788861962396491300,13.3434912109375,-0.2415110021829605,-0.4190899133682251,1.1522799730300903
1788861962406533000,13.353533203125,-0.25501111149787903,-0.3708864152431488,1.0541819334030151
1788861962416574200,13.36357421875,-0.28576552867889404,-0.2778146266937256,0.9916183948516846
1788861962426616000,13.373615966796875,-0.30735841393470764,-0.1902083158493042,0.931134819984436
1788861962436658200,13.383658203125,-0.33678463101387024,-0.12781375646591187,0.8279986381530762
1788861962446700300,13.3937001953125,-0.36065852642059326,-0.08574806153774261,0.6724972128868103
1788861962456742400,13.403742431640625,-0.36821407079696655,-0.052015271037817,0.48226261138916016
1788861962466783200,13.413783203125,-0.3454008996486664,-0.004051205236464739,0.27031201124191284
1788861962476825300,13.423825439453125,-0.3275303840637207,0.05526681989431381,0.06890915334224701
1788861962486867200,13.4338671875,-0.3024149239063263,0.10325778275728226,-0.08868580311536789
1788861962496909000,13.443908935546874,-0.2401859164237976,0.1377883404493332,-0.191294327378273
1788861962506951400,13.453951416015625,-0.17902827262878418,0.18778492510318756,-0.27618658542633057
1788861962516992300,13.4639921875,-0.1526012122631073,0.2431323528289795,-0.346358984708786
1788861962527034400,13.474034423828124,-0.13677218556404114,0.28690218925476074,-0.40686091780662537
1788861962537076200,13.484076171875,-0.11313953995704651,0.2538917660713196,-0.4443873167037964
1788861962547118000,13.4941181640625,-0.12103234976530075,0.20850908756256104,-0.4916565418243408
1788861962557160200,13.50416015625,-0.1482710987329483,0.22241078317165375,-0.564211905002594
1788861962567201000,13.514200927734375,-0.14580021798610687,0.20433804392814636,-0.654692530632019
1788861962577243400,13.524243408203125,-0.1434636265039444,0.14798904955387115,-0.7325458526611328
1788861962587285200,13.53428515625,-0.1439179629087448,0.10434117168188095,-0.7693142294883728
1788861962597327400,13.544327392578126,-0.12786605954170227,0.13738733530044556,-0.7593566179275513
1788861962607369200,13.554369140625,-0.09404205530881882,0.22574222087860107,-0.7167686820030212
1788861962617410300,13.564410400390624,-0.036147985607385635,0.35842978954315186,-0.6603610515594482
1788861962627452200,13.5744521484375,0.004882540088146925,0.5069428086280823,-0.6347401142120361
1788861962637494300,13.584494384765625,0.010065311565995216,0.6087310314178467,-0.6487506031990051
1788861962647536400,13.594536376953124,-0.0025378314312547445,0.6539701223373413,-0.7057052254676819
1788861962657578200,13.604578125,-0.005428296513855457,0.689220666885376,-0.7768095135688782
1788861962667619300,13.614619384765625,0.0021119117736816406,0.6909471750259399,-0.8210738897323608
1788861962677661200,13.6246611328125,-0.007367515936493874,0.6815088987350464,-0.8318437337875366
1788861962687703000,13.634703125,-0.00506228394806385,0.6989661455154419,-0.8431887626647949
1788861962697745400,13.644745361328125,0.02224484086036682,0.7303186058998108,-0.8628000020980835
1788861962707786200,13.6547861328125,0.04467478021979332,0.6897656321525574,-0.94735187292099
1788861962717828400,13.664828369140626,0.07584845274686813,0.5871877670288086,-1.0900704860687256
1788861962727870200,13.6748701171875,0.13151171803474426,0.4450471103191376,-1.210019826889038
1788861962737912000,13.684912109375,0.15683624148368835,0.3365776240825653,-1.2443550825119019
1788861962747954200,13.6949541015625,0.11464792490005493,0.3692321181297302,-1.2332918643951416
1788861962757995000,13.7049951171875,0.03527945652604103,0.5070137977600098,-1.2393381595611572
1788861962768037400,13.715037353515624,-0.017656194046139717,0.64170902967453,-1.2673277854919434
1788861962778079200,13.725079345703126,-0.04067845642566681,0.6741368174552917,-1.3354833126068115
1788861962788121300,13.735121337890625,-0.03573696315288544,0.5375217199325562,-1.4290210008621216
1788861962798163200,13.7451630859375,-0.019286587834358215,0.30619069933891296,-1.5267449617385864
1788861962808204300,13.755204345703126,-0.011096568778157234,0.12666037678718567,-1.5990772247314453
1788861962818246100,13.76524609375,0.002548894379287958,-0.0539303719997406,-1.6370528936386108
1788861962828288300,13.775288330078125,0.017139287665486336,-0.26499122381210327,-1.6776282787322998
1788861962838330400,13.785330322265626,0.03856739029288292,-0.34851521253585815,-1.7568061351776123
1788861962848371200,13.79537109375,0.05336710810661316,-0.28548112511634827,-1.8355236053466797
1788861962858413300,13.805413330078125,0.04415881633758545,-0.22962088882923126,-1.8668992519378662
1788861962868455200,13.815455078125,0.01221153698861599,-0.25183191895484924,-1.8241126537322998
1788861962878497000,13.8254970703125,-0.04278510808944702,-0.2892230153083801,-1.7810447216033936
1788861962888539400,13.835539306640625,-0.08081291615962982,-0.39713457226753235,-1.773556113243103
1788861962898580200,13.845580322265626,-0.09313563257455826,-0.5730374455451965,-1.7981404066085815
1788861962908622300,13.855622314453125,-0.09871602058410645,-0.7439559102058411,-1.8033428192138672
1788861962918664200,13.865664306640625,-0.08515109866857529,-0.8071680068969727,-1.8374751806259155
1788861962928706000,13.8757060546875,-0.05250820145010948,-0.7941222190856934,-1.9117144346237183
1788861962938748200,13.885748046875,-0.02462424896657467,-0.7153500318527222,-1.9734609127044678
1788861962948789000,13.8957890625,0.0029501209501177073,-0.6736177206039429,-2.025679111480713
1788861962958831400,13.905831298828126,0.020752398297190666,-0.7216489911079407,-2.039186716079712
1788861962968873200,13.915873291015625,0.03438645228743553,-0.7765881419181824,-1.990142583847046
1788861962978914800,13.925914794921875,0.0489015094935894,-0.7677441239356995,-1.9110468626022339
1788861962988955600,13.93595556640625,0.043169055134058,-0.6706282496452332,-1.8489038944244385
1788861962998998000,13.945998046875,0.02256723865866661,-0.5378814935684204,-1.8537296056747437
1788861963009040000,13.956039794921875,0.006501452531665564,-0.43576687574386597,-1.872681975364685
1788861963019081700,13.966081787109376,-0.0004566067364066839,-0.3737831115722656,-1.8841527700424194
1788861963029123800,13.976123779296875,0.013110867701470852,-0.33699098229408264,-1.862883448600769
1788861963039164700,13.98616455078125,0.05907517671585083,-0.2991805374622345,-1.8335703611373901
1788861963049206800,13.996206787109376,0.11041425913572311,-0.31473392248153687,-1.7813146114349365
1788861963059249000,14.006248779296875,0.10462254285812378,-0.3810376524925232,-1.7140129804611206
1788861963069290800,14.016290771484375,0.04559677839279175,-0.3908815383911133,-1.6648212671279907
1788861963079332900,14.026332763671874,-0.028591332957148552,-0.31799647212028503,-1.6148812770843506
1788861963089374000,14.0363740234375,-0.08238798379898071,-0.25446730852127075,-1.5779544115066528
1788861963099415800,14.046415771484375,-0.09003481268882751,-0.2439727783203125,-1.5220798254013062
1788861963109457700,14.056457763671874,-0.060260139405727386,-0.22789527475833893,-1.452062964439392
1788861963119500000,14.0665,-0.003998078405857086,-0.21497666835784912,-1.3665215969085693
1788861963129540900,14.076540771484375,0.056668464094400406,-0.19231343269348145,-1.2526776790618896
1788861963139583000,14.0865830078125,0.09303993731737137,-0.10188169032335281,-1.1164542436599731
1788861963149624800,14.096624755859375,0.123935267329216,-0.01949414424598217,-0.9999087452888489
1788861963159666700,14.106666748046875,0.12342177331447601,-0.027331508696079254,-0.8781282901763916
1788861963169709000,14.116708984375,0.08329033851623535,-0.059407684952020645,-0.7328779101371765
1788861963179750000,14.12675,0.03668222203850746,-0.05332435667514801,-0.6128780841827393
1788861963189792000,14.1367919921875,0.026304148137569427,0.009661801159381866,-0.5218352675437927
1788861963199833900,14.146833740234374,0.037207551300525665,0.01852090284228325,-0.4442894458770752
1788861963209875700,14.156875732421875,0.05301181226968765,0.024764951318502426,-0.3204609751701355
1788861963219917800,14.166917724609375,0.06894735991954803,0.02923562005162239,-0.17410506308078766
1788861963229958700,14.176958740234374,0.09289077669382095,-0.020573746412992477,-0.051804181188344955
1788861963240001000,14.1870009765625,0.09522492438554764,-0.0075476085767149925,0.05722670257091522
1788861963250043000,14.19704296875,0.09881992638111115,0.0415395125746727,0.19872231781482697
1788861963260085000,14.2070849609375,0.11451812088489532,0.05022180452942848,0.3512555658817291
1788861963270125800,14.217125732421875,0.10986345261335373,0.053421858698129654,0.48545998334884644
1788861963280168000,14.22716796875,0.11752957105636597,0.11641068011522293,0.5735974311828613
1788861963290209800,14.237209716796874,0.13703323900699615,0.1662200540304184,0.6774399280548096
1788861963300252000,14.247251953125,0.13072507083415985,0.1354447901248932,0.7982087731361389
1788861963310294000,14.2572939453125,0.0863078236579895,0.11666391044855118,0.9276069402694702
1788861963320334800,14.2673349609375,0.03671577572822571,0.15075421333312988,1.0372931957244873
1788861963330377000,14.277376953125,-0.020989596843719482,0.1771264374256134,1.1192400455474854
1788861963340418800,14.287418701171875,-0.07622743397951126,0.17455610632896423,1.2098681926727295
1788861963350460700,14.297460693359374,-0.11624063551425934,0.19582171738147736,1.330202579498291
1788861963360503000,14.3075029296875,-0.1374216377735138,0.2607586979866028,1.4508479833602905
1788861963370543900,14.3175439453125,-0.1345536857843399,0.32378774881362915,1.5544350147247314
1788861963380586000,14.3275859375,-0.0842905342578888,0.3273167312145233,1.6354236602783203
1788861963390627800,14.3376279296875,-0.00013783876784145832,0.29705309867858887,1.7475932836532593
1788861963400669700,14.347669677734375,0.07137146592140198,0.31916216015815735,1.8703551292419434
1788861963410710800,14.357710693359374,0.09688028693199158,0.3709598481655121,1.945777416229248
1788861963420752600,14.367752685546876,0.08964633196592331,0.3423506021499634,2.026470899581909
1788861963430795000,14.377794921875,0.06436121463775635,0.27829626202583313,2.1063106060028076
1788861963440836900,14.3878369140625,0.03282809257507324,0.27278396487236023,2.148041009902954
1788861963450879000,14.39787890625,-0.0017445306293666363,0.2548806071281433,2.1523401737213135
1788861963460919800,14.407919921875,-0.031786322593688965,0.192772775888443,2.1529605388641357
1788861963470962000,14.4179619140625,-0.06449393928050995,0.14309337735176086,2.1610682010650635
1788861963481003800,14.428003662109376,-0.09581167250871658,0.07758789509534836,2.201298236846924
1788861963491046000,14.4380458984375,-0.13064076006412506,0.02838812582194805,2.248439311981201
1788861963501087000,14.4480869140625,-0.16151513159275055,0.018316637724637985,2.2511372566223145
1788861963511128800,14.45812890625,-0.19031909108161926,0.0215435903519392,2.228994131088257
1788861963521171000,14.4681708984375,-0.2366878092288971,0.024816518649458885,2.2010180950164795
1788861963531212800,14.478212890625,-0.2643740177154541,-0.0009146770462393761,2.169043779373169
1788861963541254700,14.488254638671876,-0.26118624210357666,-0.04434094950556755,2.11989164352417
1788861963551295700,14.498295654296875,-0.25268304347991943,-0.028077557682991028,2.0864510536193848
1788861963561337900,14.508337890625,-0.23031513392925262,0.011506592854857445,2.055223226547241
1788861963571380000,14.5183798828125,-0.18211618065834045,0.05568630248308182,2.02205228805542
1788861963581421800,14.528421875,-0.11359651386737823,0.049025747925043106,1.9918491840362549
1788861963591463000,14.538462890625,-0.0476800836622715,0.04012386500835419,1.9925541877746582
1788861963601504800,14.5485048828125,0.0014614997198805213,0.048745714128017426,2.0233445167541504
1788861963611547000,14.558546875,0.043547965586185455,0.0018415870144963264,2.0582945346832275
1788861963621589000,14.568589111328125,0.06192126125097275,-0.10308897495269775,2.0641372203826904
1788861963631630800,14.578630859375,0.057513460516929626,-0.22579704225063324,2.0487468242645264
1788861963641672000,14.588671875,0.0395301915705204,-0.3224729895591736,2.002962112426758
1788861963651713800,14.5987138671875,0.010050330311059952,-0.3983229994773865,1.928391933441162
1788861963661756000,14.608755859375,-0.027973107993602753,-0.4339066743850708,1.8312948942184448
1788861963671797800,14.6187978515625,-0.08582068979740143,-0.4006568193435669,1.7182934284210205
1788861963681838800,14.6288388671875,-0.1534360945224762,-0.2710217237472534,1.6137709617614746
1788861963691881000,14.638880859375,-0.1686459332704544,-0.11706572771072388,1.5415862798690796
1788861963701922800,14.6489228515625,-0.1279418021440506,-0.01041209977120161,1.4612936973571777
1788861963711965000,14.65896484375,-0.07827144861221313,0.07459706813097,1.3704394102096558
1788861963722006800,14.6690068359375,-0.031895287334918976,0.14065717160701752,1.277813196182251
1788861963732048000,14.6790478515625,0.0031002454925328493,0.19895431399345398,1.2144688367843628
1788861963742089700,14.68908984375,0.019783789291977882,0.2522415816783905,1.153483271598816
1788861963752131800,14.6991318359375,0.03660271316766739,0.2585151791572571,1.0629563331604004
1788861963762174000,14.709174072265625,0.08169826865196228,0.17820732295513153,0.926793098449707
1788861963772214800,14.71921484375,0.1259850412607193,0.04555579647421837,0.7635085582733154
1788861963782257000,14.7292568359375,0.12142091989517212,-0.060577306896448135,0.5815990567207336
1788861963792298800,14.739298828125,0.08619315922260284,-0.0841289758682251,0.40593719482421875
1788861963802340900,14.7493408203125,0.0344492569565773,-0.06090006232261658,0.24638806283473969
1788861963812383000,14.759383056640624,-0.01179573591798544,-0.015576254576444626,0.08302497118711472
1788861963822423800,14.769423828125,-0.054760780185461044,0.06191960722208023,-0.07120960205793381
1788861963832466000,14.7794658203125,-0.10531076788902283,0.16012978553771973,-0.19552810490131378
1788861963842507800,14.7895078125,-0.15182872116565704,0.2703971564769745,-0.2586076259613037
1788861963852550000,14.7995498046875,-0.15058928728103638,0.31312358379364014,-0.2766774296760559
1788861963862590700,14.8095908203125,-0.12300334870815277,0.3051808476448059,-0.2775399684906006
1788861963872632800,14.8196328125,-0.09620368480682373,0.2890833616256714,-0.2707552909851074
1788861963882675000,14.829675048828125,-0.0716775506734848,0.2705006003379822,-0.2804092764854431
1788861963892716800,14.839716796875,-0.05827253684401512,0.25682711601257324,-0.31910446286201477
1788861963902758000,14.8497578125,-0.060234129428863525,0.26575130224227905,-0.3813214898109436
1788861963912799700,14.8597998046875,-0.07484210282564163,0.30339962244033813,-0.44826456904411316
1788861963922841900,14.869841796875,-0.08502477407455444,0.3680862784385681,-0.514007031917572
1788861963932883700,14.8798837890625,-0.0995912030339241,0.4809523820877075,-0.5538218021392822
1788861963942925800,14.88992578125,-0.0829804316163063,0.5955294966697693,-0.5833538174629211
1788861963952967000,14.899966796875,-0.05483641475439072,0.6621708273887634,-0.6149343848228455
1788861963963008800,14.9100087890625,-0.020813746377825737,0.7223950028419495,-0.669873833656311
1788861963973051000,14.92005078125,0.018912361934781075,0.7890238761901855,-0.7423046231269836
1788861963983093500,14.930093505859375,0.05700008571147919,0.7942567467689514,-0.8153893351554871
1788861963993134600,14.940134521484374,0.07697432488203049,0.753806471824646,-0.8868398070335388
1788861964003176400,14.950176513671876,0.12614427506923676,0.6469383239746094,-0.9562755227088928
1788861964013218300,14.96021826171875,0.18871231377124786,0.545348048210144,-1.0472326278686523
1788861964023260700,14.9702607421875,0.20522752404212952,0.5302512645721436,-1.1436548233032227
1788861964033302500,14.980302490234376,0.20913146436214447,0.5724849700927734,-1.195194125175476
1788861964043343600,14.990343505859375,0.20792405307292938,0.572075366973877,-1.212776780128479
1788861964053385500,15.000385498046874,0.19779472053050995,0.510276198387146,-1.260887861251831
1788861964063427300,15.01042724609375,0.18155093491077423,0.41563495993614197,-1.3197911977767944
1788861964073469400,15.020469482421875,0.1620430201292038,0.28368064761161804,-1.348523736000061
1788861964083510300,15.03051025390625,0.13714364171028137,0.1346615105867386,-1.3546992540359497
1788861964093552600,15.040552734375,0.1082315593957901,-0.00048406049609184265,-1.390309453010559
1788861964103594500,15.050594482421875,0.08092844486236572,-0.12860862910747528,-1.4035687446594238
1788861964113636600,15.06063671875,0.033228836953639984,-0.16305263340473175,-1.4128879308700562
1788861964123677400,15.070677490234376,-0.02094852365553379,-0.1600220650434494,-1.4289487600326538
1788861964133719600,15.080719482421875,-0.052564240992069244,-0.25911083817481995,-1.4872251749038696
1788861964143761400,15.090761474609375,-0.0717167779803276,-0.38921087980270386,-1.5708404779434204
1788861964153803500,15.100803466796876,-0.07535252720117569,-0.4586679935455322,-1.651401162147522
1788861964163845600,15.110845703125,-0.04851291701197624,-0.48551028966903687,-1.7051949501037598
1788861964173886500,15.120886474609375,-0.00900199357420206,-0.5021297335624695,-1.75001859664917
1788861964183928600,15.130928466796876,0.01767074503004551,-0.46863284707069397,-1.7858706712722778
1788861964193970400,15.140970458984375,0.03970919921994209,-0.3950563669204712,-1.7992706298828125
1788861964204012300,15.15101220703125,0.05746755003929138,-0.39237096905708313,-1.7969520092010498
1788861964214053400,15.161053466796876,0.06358376145362854,-0.46280092000961304,-1.7936909198760986
1788861964224095500,15.171095458984375,0.05674932897090912,-0.5155041217803955,-1.8352512121200562
1788861964234137600,15.1811376953125,0.060406651347875595,-0.5296697616577148,-1.896544337272644
1788861964244179500,15.191179443359376,0.06753329187631607,-0.5316144227981567,-1.9408209323883057
1788861964254221300,15.20122119140625,0.056062255054712296,-0.5198067426681519,-1.94694185256958
1788861964264262400,15.211262451171875,0.04254923388361931,-0.5424059629440308,-1.936873197555542
1788861964274304500,15.221304443359376,0.02191479504108429,-0.5861209630966187,-1.930677056312561
1788861964284346600,15.2313466796875,-0.017749426886439323,-0.6036467552185059,-1.933943748474121
1788861964294388500,15.241388427734375,-0.0624828077852726,-0.5729104280471802,-1.969459056854248
1788861964304429600,15.2514296875,-0.08675587922334671,-0.5596798658370972,-2.003926992416382
1788861964314471400,15.261471435546875,-0.0944438949227333,-0.5935808420181274,-1.9808309078216553
1788861964324513500,15.271513427734375,-0.09777431190013885,-0.5839000940322876,-1.9302926063537598
1788861964334555400,15.281555419921874,-0.09980737417936325,-0.5133867859840393,-1.9027962684631348
1788861964344596500,15.291596435546875,-0.0904756635427475,-0.48775333166122437,-1.8920775651931763
1788861964354638600,15.301638671875,-0.08185314387083054,-0.5189211368560791,-1.9021706581115723
1788861964364680400,15.311680419921874,-0.09625858068466187,-0.5287054181098938,-1.8893141746520996
1788861964374722600,15.32172265625,-0.12096738815307617,-0.462188720703125,-1.8412669897079468
1788861964384763400,15.331763427734375,-0.12714113295078278,-0.36318546533584595,-1.7917323112487793
1788861964394805500,15.341805419921876,-0.12017563730478287,-0.33729952573776245,-1.7493928670883179
1788861964404847400,15.351847412109375,-0.10044029355049133,-0.3635934293270111,-1.6907622814178467
1788861964414889500,15.361889404296875,-0.08768348395824432,-0.38426515460014343,-1.6570521593093872
1788861964424931600,15.371931640625,-0.07006923854351044,-0.3758041262626648,-1.5990633964538574
1788861964434972400,15.381972412109375,-0.07151373475790024,-0.30638590455055237,-1.4981237649917603
1788861964445014500,15.3920146484375,-0.07167959958314896,-0.19762884080410004,-1.3875534534454346
1788861964455056400,15.402056396484374,-0.05948205292224884,-0.08954392373561859,-1.3008010387420654
1788861964465098500,15.412098388671875,-0.027936793863773346,-0.043675344437360764,-1.2315016984939575
1788861964475139300,15.422139404296875,-0.006623516790568829,-0.03281284496188164,-1.159155249595642
1788861964485181700,15.432181640625,0.005515689495950937,0.012328289449214935,-1.0055781602859497
1788861964495223600,15.4422236328125,0.009491789154708385,0.08473911136388779,-0.8457583785057068
1788861964505265400,15.452265380859375,-0.006262650713324547,0.11132168769836426,-0.7149031162261963
1788861964515306500,15.462306396484376,-0.01867484487593174,0.0713774636387825,-0.5610432028770447
1788861964525348400,15.472348388671875,-0.026513751596212387,0.08551795780658722,-0.4134667217731476
1788861964535390500,15.482390380859375,-0.01215532049536705,0.09689418226480484,-0.2614760994911194
1788861964545432600,15.4924326171875,0.009349734522402287,0.11074390262365341,-0.10249130427837372
1788861964555474400,15.502474365234375,0.04087277501821518,0.15349723398685455,0.03772039711475372
1788861964565515500,15.512515625,0.07471558451652527,0.18572717905044556,0.16232292354106903
1788861964575557400,15.522557373046874,0.10462820529937744,0.18357427418231964,0.275912344455719
1788861964585599500,15.532599609375,0.1105484887957573,0.14168722927570343,0.39136841893196106
1788861964595641300,15.542641357421875,0.08991537988185883,0.08738376945257187,0.4995569586753845
1788861964605682400,15.552682373046874,0.06020021811127663,0.06472468376159668,0.6068955063819885
1788861964615724500,15.562724609375,0.03904939442873001,0.04251764714717865,0.718039870262146
1788861964625766400,15.572766357421875,0.027952654287219048,0.0498630590736866,0.7992205023765564
1788861964635808500,15.58280859375,0.021484633907675743,0.07757831364870071,0.8521686792373657
1788861964645849300,15.592849365234375,0.022124119102954865,0.08598556369543076,0.9217361807823181
1788861964655891500,15.602891357421875,0.0065408991649746895,0.04906615987420082,1.0265494585037231
1788861964665933300,15.612933349609374,-0.006051340140402317,0.020152240991592407,1.1343350410461426
1788861964675975700,15.6229755859375,0.0010739474091678858,0.05764555558562279,1.2447103261947632
1788861964686017500,15.633017578125,0.0031260496471077204,0.15089599788188934,1.3460923433303833
1788861964696058600,15.64305859375,-0.02085172012448311,0.2492404282093048,1.4453645944595337
1788861964706100500,15.6531005859375,-0.043946776539087296,0.2942575514316559,1.5482882261276245
1788861964716142300,15.663142333984375,-0.04269375652074814,0.2918343245983124,1.643875241279602
1788861964726184400,15.673184326171874,-0.018311383202672005,0.25161418318748474,1.7309393882751465
1788861964736225300,15.683225341796875,-0.0012200153432786465,0.2226371020078659,1.7726143598556519
1788861964746267600,15.693267578125,0.03130122274160385,0.23108592629432678,1.8219472169876099
1788861964756309500,15.7033095703125,0.04365003481507301,0.3096555471420288,1.8997410535812378
1788861964766351400,15.713351318359376,0.02864682674407959,0.367788702249527,1.9943231344223022
1788861964776392400,15.723392333984375,0.004398212302476168,0.369510680437088,2.077986001968384
1788861964786434300,15.733434326171874,-0.00043880450539290905,0.3648042678833008,2.1709258556365967
1788861964796476400,15.743476318359376,0.01981320232152939,0.3900425136089325,2.259111166000366
1788861964806518500,15.7535185546875,0.0633465051651001,0.4322110414505005,2.3175289630889893
1788861964816559600,15.7635595703125,0.10577705502510071,0.4407203793525696,2.364556074142456
1788861964826601500,15.7736015625,0.12917397916316986,0.3825899362564087,2.412970781326294
1788861964836643600,15.7836435546875,0.14297634363174438,0.2823781371116638,2.4556968212127686
1788861964846685400,15.793685546875,0.14990130066871643,0.19586758315563202,2.471133232116699
1788861964856726500,15.8037265625,0.12167045474052429,0.11799808591604233,2.4362523555755615
1788861964866768400,15.813768310546875,0.08662303537130356,0.08118674904108047,2.371537923812866
1788861964876810500,15.823810546875,0.06587408483028412,0.005829940550029278,2.3130478858947754
1788861964886852600,15.8338525390625,0.056776829063892365,-0.11306006461381912,2.266242742538452
1788861964896894500,15.84389453125,0.04291267693042755,-0.22236444056034088,2.2505226135253906
1788861964906935600,15.853935546875,0.03815893456339836,-0.28242671489715576,2.25309157371521
1788861964916977400,15.863977294921876,0.037758130580186844,-0.3237360715866089,2.2322988510131836
1788861964927019300,15.874019287109375,0.02048489823937416,-0.3649488091468811,2.2149813175201416
1788861964937061600,15.8840615234375,-0.028024844825267792,-0.39523348212242126,2.222167730331421
1788861964947102500,15.8941025390625,-0.07835286855697632,-0.39486342668533325,2.2170963287353516
1788861964957144600,15.90414453125,-0.09168118983507156,-0.4272597134113312,2.1609385013580322
1788861964967186400,15.9141865234375,-0.12090593576431274,-0.49105304479599,2.0726778507232666
1788861964977228300,15.924228271484376,-0.1625436544418335,-0.5436549782752991,2.0012753009796143
1788861964987268600,15.9342685546875,-0.2096385657787323,-0.548012912273407,1.9718384742736816
1788861964997310700,15.944310791015624,-0.2615731656551361,-0.47976964712142944,1.952248215675354
1788861965007352600,15.9543525390625,-0.3249293565750122,-0.3621842861175537,1.913736343383789
1788861965017394400,15.96439453125,-0.37601038813591003,-0.2685598134994507,1.8138587474822998
1788861965027435500,15.974435546875,-0.41221898794174194,-0.2527294456958771,1.6469398736953735
1788861965037477400,15.984477294921875,-0.4597764015197754,-0.2699611485004425,1.440972089767456
1788861965047519700,15.994519775390625,-0.5297508835792542,-0.2696557641029358,1.2728912830352783
1788861965057561600,16.0045615234375,-0.5252496004104614,-0.24581116437911987,1.1806215047836304
1788861965067602700,16.014602783203124,-0.4301958680152893,-0.2399609088897705,1.125749111175537
1788861965077644500,16.02464453125,-0.3102353811264038,-0.2395704835653305,1.074877142906189
1788861965087686700,16.034686767578126,-0.20750246942043304,-0.21802671253681183,1.0251588821411133
1788861965097728500,16.044728515625,-0.12426990270614624,-0.167563796043396,0.967063844203949
1788861965107769600,16.05476953125,-0.07760681957006454,-0.10452993214130402,0.8836151361465454
1788861965117811700,16.064811767578124,-0.07974560558795929,-0.012107324786484241,0.7523937225341797
1788861965127853600,16.074853515625,-0.12645797431468964,0.12789902091026306,0.5664073824882507
1788861965137895700,16.084895751953123,-0.16564851999282837,0.23267176747322083,0.3450148403644562
1788861965147937500,16.0949375,-0.16303738951683044,0.2174931913614273,0.12799733877182007
1788861965157978600,16.104978515625,-0.14035046100616455,0.17309749126434326,-0.055576227605342865
1788861965168020500,16.1150205078125,-0.08486328274011612,0.21050220727920532,-0.20169270038604736
1788861965178062600,16.1250625,-0.008046003058552742,0.3211807906627655,-0.30500710010528564
1788861965188104700,16.135104736328124,0.06546349823474884,0.42181962728500366,-0.36354345083236694
1788861965198145500,16.1451455078125,0.12853434681892395,0.4866050183773041,-0.39679834246635437
1788861965208187600,16.155187744140626,0.16705410182476044,0.5372859835624695,-0.4258522391319275
1788861965218229500,16.1652294921875,0.18880866467952728,0.5600051283836365,-0.4649450480937958
1788861965228271400,16.175271240234373,0.19018732011318207,0.5536330342292786,-0.5180648565292358
1788861965238312400,16.1853125,0.19598102569580078,0.4822520613670349,-0.5614192485809326
1788861965248354600,16.1953544921875,0.19050516188144684,0.39663052558898926,-0.5993820428848267
1788861965258396700,16.205396728515623,0.16904860734939575,0.3601231276988983,-0.6423345804214478
1788861965268438500,16.2154384765625,0.14412157237529755,0.37146085500717163,-0.7005907297134399
1788861965278479600,16.225479736328126,0.12036671489477158,0.3927765190601349,-0.7514483332633972
1788861965288521500,16.235521484375,0.10830729454755783,0.38474637269973755,-0.7922715544700623
1788861965298563800,16.245563720703124,0.09768527746200562,0.3754687011241913,-0.8232872486114502
1788861965308605700,16.255605712890624,0.10634215176105499,0.37644901871681213,-0.8376150727272034
1788861965318646800,16.265646728515627,0.13016392290592194,0.3819928765296936,-0.8287400007247925
1788861965328688600,16.275688720703126,0.14381542801856995,0.4501808285713196,-0.7922091484069824
1788861965338730500,16.28573046875,0.16222906112670898,0.5375354290008545,-0.7573400735855103
1788861965348772600,16.295772705078125,0.17957119643688202,0.6258725523948669,-0.7696585655212402
1788861965358813400,16.3058134765625,0.15019041299819946,0.7237038016319275,-0.8580219745635986
1788861965368855800,16.315855712890624,0.12100055068731308,0.7020195722579956,-0.9991504549980164
1788861965378897700,16.325897705078123,0.13283377885818481,0.5235494375228882,-1.164979338645935
1788861965388939500,16.335939453125,0.13552461564540863,0.32191887497901917,-1.3255877494812012
1788861965398980600,16.345980712890626,0.11178705841302872,0.20158658921718597,-1.4293279647827148
1788861965409022500,16.3560224609375,0.08214741200208664,0.1553511917591095,-1.4539523124694824
1788861965419064600,16.366064697265625,0.044940121471881866,0.20972228050231934,-1.396743893623352
1788861965429106700,16.376106689453124,0.017016852274537086,0.3054285943508148,-1.2898720502853394
1788861965439147800,16.386147705078123,0.0004908726550638676,0.3595610558986664,-1.216618299484253
1788861965449189600,16.396189697265626,-0.03235536068677902,0.3574192225933075,-1.237602710723877
1788861965459231500,16.4062314453125,-0.08635468035936356,0.2706294655799866,-1.3280096054077148
1788861965469273600,16.416273681640625,-0.11246628314256668,0.06956730782985687,-1.4394806623458862
1788861965479314700,16.426314697265624,-0.11300157755613327,-0.13460473716259003,-1.5443674325942993
1788861965489356500,16.4363564453125,-0.11067996174097061,-0.2266269326210022,-1.6061408519744873
1788861965499398700,16.446398681640623,-0.12351799011230469,-0.2297380417585373,-1.6007179021835327
1788861965509440800,16.456440673828126,-0.1271456480026245,-0.20468074083328247,-1.543482780456543
1788861965519481600,16.466481689453126,-0.10441530495882034,-0.19867423176765442,-1.4751745462417603
1788861965529523700,16.476523681640625,-0.07938294857740402,-0.21466541290283203,-1.4576971530914307
1788861965539565600,16.486565673828125,-0.06074721738696098,-0.23471368849277496,-1.5178731679916382
1788861965549607400,16.496607421875,-0.032891176640987396,-0.32345545291900635,-1.5845253467559814
1788861965559648500,16.5066484375,-0.012299878522753716,-0.4110287129878998,-1.6162859201431274
1788861965569690600,16.516690673828126,-0.010150877758860588,-0.41915440559387207,-1.6126478910446167
1788861965579732700,16.526732666015626,-0.016752587631344795,-0.42160290479660034,-1.622660517692566
1788861965589774600,16.536774658203125,-0.03682994842529297,-0.45860162377357483,-1.6534348726272583
1788861965599815700,16.546815673828124,-0.08253192156553268,-0.5234101414680481,-1.719952940940857
1788861965609857500,16.556857421875,-0.10756267607212067,-0.5678487420082092,-1.7736787796020508
1788861965619899400,16.5668994140625,-0.11557559669017792,-0.5692692995071411,-1.7959554195404053
1788861965629941800,16.576941650390626,-0.12410508841276169,-0.5684831738471985,-1.8106046915054321
1788861965639983600,16.586983642578126,-0.10958687216043472,-0.5431469082832336,-1.8021385669708252
1788861965650024700,16.597024658203125,-0.08708851784467697,-0.44861799478530884,-1.7922637462615967
1788861965660066600,16.607066650390625,-0.07428351044654846,-0.3519838750362396,-1.762898325920105
1788861965670108700,16.617108642578124,-0.057384151965379715,-0.2819350063800812,-1.761979341506958
1788861965680149500,16.6271494140625,-0.05302668735384941,-0.272494912147522,-1.7863928079605103
1788861965690191600,16.637191650390626,-0.05059188976883888,-0.28853660821914673,-1.8053069114685059
1788861965700233700,16.647233642578126,-0.06532928347587585,-0.28069040179252625,-1.7986804246902466
1788861965710275600,16.657275634765625,-0.08344224095344543,-0.2636759877204895,-1.7840474843978882
1788861965720316700,16.667316650390624,-0.09581875056028366,-0.26704275608062744,-1.7851516008377075
1788861965730358500,16.677358642578124,-0.10311542451381683,-0.29821836948394775,-1.7801713943481445
1788861965740400600,16.687400634765623,-0.10818475484848022,-0.4167706072330475,-1.738450050354004
1788861965750442500,16.6974423828125,-0.1002328172326088,-0.5483382344245911,-1.6794685125350952
1788861965760483600,16.707483642578126,-0.08769598603248596,-0.5920942425727844,-1.6350717544555664
1788861965770525700,16.717525634765625,-0.05505337193608284,-0.5002567172050476,-1.5709182024002075
1788861965780567600,16.727567626953125,-0.0401492565870285,-0.2941059172153473,-1.4783440828323364
1788861965790609700,16.737609619140624,-0.0051703378558158875,-0.11407187581062317,-1.4046523571014404
1788861965800651500,16.747651611328124,0.06113198772072792,-0.050792768597602844,-1.3334873914718628
1788861965810692600,16.757692626953126,0.09899266064167023,-0.06152621656656265,-1.272566795349121
1788861965820734500,16.767734375,0.08712375164031982,-0.05372901260852814,-1.1925239562988281
1788861965830776600,16.777776611328125,0.028605151921510696,-0.12458836287260056,-1.1127829551696777
1788861965840818700,16.787818603515625,0.002948790555819869,-0.12531541287899017,-1.059444785118103
1788861965850859500,16.797859619140624,0.0032576306257396936,-0.1112154945731163,-1.018467664718628
1788861965860901600,16.807901611328123,0.008363709785044193,-0.10982052981853485,-0.9329442977905273
1788861965870943500,16.817943603515626,0.024314016103744507,-0.10935324430465698,-0.794169008731842
1788861965880984600,16.827984619140626,0.0467120036482811,-0.09342247247695923,-0.6113158464431763
1788861965891026400,16.8380263671875,0.03897807002067566,-0.07034261524677277,-0.40406113862991333
1788861965901068800,16.84806884765625,0.028370168060064316,-0.04809563606977463,-0.2162155956029892
1788861965911110700,16.858110595703124,0.014984543435275555,-0.04131411388516426,-0.0738220140337944
1788861965921151700,16.86815185546875,-0.00724672619253397,0.0003486461937427521,0.05399427190423012
1788861965931193600,16.878193603515626,-0.03130970150232315,0.03688906133174896,0.1536151021718979
1788861965941235500,16.8882353515625,-0.031022878363728523,0.01821284368634224,0.2738112807273865
1788861965951277600,16.898277587890625,-0.012639043852686882,-0.013983748853206635,0.3937533497810364
1788861965961318400,16.908318359375,-0.0012353884521871805,0.018460212275385857,0.5307985544204712
1788861965971360800,16.91836083984375,-0.01993698999285698,0.0915377140045166,0.7135410904884338
1788861965981403600,16.928403564453124,-0.07026221603155136,0.1693345010280609,0.876788318157196
1788861965991445500,16.938445556640627,-0.1253439486026764,0.2354433387517929,0.9923734068870544
1788861966001487600,16.948487548828126,-0.1479632407426834,0.3114182651042938,1.1207330226898193
1788861966011528400,16.958528564453125,-0.148054301738739,0.3657616376876831,1.2629116773605347
1788861966021570600,16.968570556640625,-0.16689670085906982,0.4258127212524414,1.3818089962005615
1788861966031612400,16.9786123046875,-0.17639540135860443,0.49575185775756836,1.5001001358032227
1788861966041653500,16.988653564453124,-0.16405297815799713,0.5501344203948975,1.6211715936660767
1788861966051695600,16.998695556640627,-0.13588671386241913,0.5559300780296326,1.728434443473816
1788861966061737500,17.008737548828126,-0.09294616430997849,0.5692208409309387,1.8448688983917236
1788861966071779600,17.018779541015626,-0.04840986430644989,0.6199753880500793,1.9553022384643555
1788861966081820400,17.0288203125,-0.01369556225836277,0.5970487594604492,2.0502147674560547
1788861966091862500,17.038862548828124,0.006926178000867367,0.548891007900238,2.13297963142395
1788861966101904400,17.048904296875,0.012850645929574966,0.5584871768951416,2.1973037719726562
1788861966111946500,17.058946533203127,0.007166954223066568,0.5701653957366943,2.2497756481170654
1788861966121987600,17.068987548828126,-0.019227635115385056,0.5426527857780457,2.2973198890686035
1788861966132029400,17.079029541015625,-0.03599461540579796,0.49723684787750244,2.307535171508789
1788861966142071600,17.089071533203125,-0.03623855859041214,0.44297972321510315,2.2686290740966797
1788861966152113400,17.099113525390624,-0.025547729805111885,0.3801892101764679,2.2224130630493164
1788861966162154500,17.109154541015624,0.008233403787016869,0.29158133268356323,2.2026240825653076
1788861966172196400,17.1191962890625,0.056182194501161575,0.18498171865940094,2.204641342163086
1788861966182238500,17.129238525390626,0.1014932170510292,0.03764713555574417,2.1951897144317627
1788861966192280600,17.139280517578126,0.11919772624969482,-0.10469196736812592,2.1787097454071045
1788861966202321400,17.1493212890625,0.08985261619091034,-0.19106681644916534,2.1887240409851074
1788861966212363500,17.159363525390624,0.033619850873947144,-0.20063117146492004,2.2373206615448
1788861966222405400,17.1694052734375,-0.006806403398513794,-0.19493067264556885,2.2634942531585693
1788861966232447500,17.179447509765627,-0.0049183424562215805,-0.26788094639778137,2.2405261993408203
1788861966242488300,17.18948828125,-0.018180618062615395,-0.3815763294696808,2.2058932781219482
1788861966252530700,17.19953076171875,-0.03894112631678581,-0.46159783005714417,2.1811299324035645
1788861966262572500,17.209572509765625,-0.07282106578350067,-0.5155338048934937,2.157393217086792
1788861966272614400,17.219614501953124,-0.1242774948477745,-0.5505623817443848,2.131756544113159
1788861966282655500,17.229655517578124,-0.1609439104795456,-0.5660199522972107,2.0914907455444336
1788861966292697300,17.239697265625,-0.16685369610786438,-0.5964734554290771,2.030296564102173
1788861966302739500,17.249739501953126,-0.13692642748355865,-0.6192951202392578,1.9796990156173706
1788861966312781600,17.259781494140626,-0.10543408244848251,-0.6049209833145142,1.975917100906372
1788861966322822700,17.26982275390625,-0.09472285211086273,-0.537471354007721,1.9831331968307495
1788861966332864500,17.279864501953124,-0.09701351821422577,-0.4301450550556183,1.9695419073104858
1788861966342906400,17.28990625,-0.10974502563476562,-0.28341421484947205,1.9318327903747559
1788861966352948500,17.299948486328127,-0.10026592016220093,-0.1564723551273346,1.8715695142745972
1788861966362989300,17.3099892578125,-0.07037406414747238,-0.14186066389083862,1.776597023010254
1788861966373031400,17.320031494140625,-0.062195632606744766,-0.17384055256843567,1.6485567092895508
1788861966383073500,17.330073486328125,-0.10144663602113724,-0.1804497241973877,1.5025291442871094
1788861966393115600,17.34011572265625,-0.1621638834476471,-0.1786746084690094,1.3756383657455444
1788861966403156500,17.350156494140624,-0.16072525084018707,-0.1996653825044632,1.2739050388336182
1788861966413198600,17.360198486328127,-0.10795233398675919,-0.23331519961357117,1.189790964126587
1788861966423240400,17.370240478515626,-0.061024509370326996,-0.2563590109348297,1.103782057762146
1788861966433281500,17.380281494140625,-0.05747409909963608,-0.23412415385246277,1.0299503803253174
1788861966443323400,17.390323486328125,-0.07283467799425125,-0.17461156845092773,0.9584934711456299
1788861966453365500,17.400365478515624,-0.07610809057950974,-0.0855255052447319,0.8622859120368958
1788861966463407600,17.41040771484375,-0.08186132460832596,0.043295323848724365,0.7188190221786499
1788861966473448400,17.420448486328127,-0.0822809487581253,0.18821701407432556,0.5344328284263611
1788861966483490600,17.430490478515626,-0.0616542287170887,0.2951623797416687,0.32927143573760986
1788861966493532400,17.440532470703126,-0.030246635898947716,0.31305786967277527,0.12169806659221649
1788861966503574300,17.45057421875,0.012329851277172565,0.2797483801841736,-0.08133494853973389
1788861966513615400,17.460615478515624,0.04605972394347191,0.2627066671848297,-0.25631868839263916
1788861966523657500,17.470657470703124,0.05096207186579704,0.30333825945854187,-0.37526318430900574
1788861966533699600,17.480699462890627,0.04635751619935036,0.38057175278663635,-0.4434749186038971
1788861966543741400,17.490741455078126,0.05442742630839348,0.47296640276908875,-0.4946688413619995
1788861966553782500,17.500782470703125,0.0775015577673912,0.562866747379303,-0.5530544519424438
1788861966563824400,17.510824462890625,0.12216144055128098,0.5751566886901855,-0.6094064116477966
1788861966573866200,17.5208662109375,0.1652192622423172,0.49783599376678467,-0.6616707444190979
1788861966583908600,17.53090869140625,0.19849972426891327,0.3813383877277374,-0.691390335559845
1788861966593949400,17.540949462890627,0.21463370323181152,0.264548122882843,-0.7064895033836365
1788861966603991600,17.550991455078126,0.19418728351593018,0.23191002011299133,-0.6996342539787292
1788861966614033400,17.561033447265626,0.1655253916978836,0.2664164900779724,-0.6933267712593079
1788861966624075500,17.571075439453125,0.12912558019161224,0.3152226507663727,-0.6987630724906921
1788861966634116400,17.581116455078124,0.1020101010799408,0.3741095960140228,-0.7236261963844299
1788861966644158500,17.591158447265624,0.12863212823867798,0.3971574008464813,-0.7625038027763367
1788861966654200600,17.60120068359375,0.1723375916481018,0.3696785867214203,-0.7988184094429016
1788861966664242400,17.611242431640626,0.19781126081943512,0.3739098310470581,-0.8216055035591125
1788861966674283500,17.621283447265625,0.20883576571941376,0.4224998950958252,-0.8211650252342224
1788861966684325400,17.631325439453125,0.2447815239429474,0.4747657775878906,-0.8082811832427979
1788861966694367500,17.641367431640624,0.26705023646354675,0.5147399306297302,-0.8074760437011719
1788861966704408300,17.651408203125,0.24535159766674042,0.504980742931366,-0.8698704838752747
1788861966714450400,17.661450439453127,0.22135616838932037,0.4133497178554535,-0.9801443219184875
1788861966724492500,17.671492431640626,0.21289929747581482,0.3360898196697235,-1.1189088821411133
1788861966734534400,17.681534423828126,0.17773933708667755,0.3448203206062317,-1.2557170391082764
1788861966744575500,17.691575439453125,0.1279456913471222,0.4482439160346985,-1.3163756132125854
1788861966754617300,17.701617431640624,0.09191244840621948,0.6115102171897888,-1.322839379310608
1788861966764659500,17.711659423828124,0.07916948944330215,0.7688857316970825,-1.383129596710205
1788861966774701300,17.721701416015627,0.09487839788198471,0.7554430961608887,-1.474564552307129
1788861966784742700,17.73174267578125,0.1291135996580124,0.5602331161499023,-1.5434623956680298
1788861966794784500,17.741784423828125,0.15900607407093048,0.2744807004928589,-1.568303108215332
1788861966804826600,17.75182666015625,0.15307201445102692,0.056394170969724655,-1.5557085275650024
1788861966814868500,17.761868408203124,0.12256843596696854,-0.04044422507286072,-1.5419296026229858
1788861966824909600,17.77190966796875,0.1010729968547821,-0.06763856112957001,-1.5408682823181152
1788861966834951400,17.781951416015627,0.06630653142929077,-0.03261110931634903,-1.5869905948638916
1788861966844993500,17.79199365234375,0.03613584488630295,0.010386691428720951,-1.64462411403656
1788861966855034600,17.80203466796875,0.004458409268409014,0.0031468309462070465,-1.675937294960022
1788861966865076500,17.812076416015625,-0.014272668398916721,-0.05220750719308853,-1.6953235864639282
1788861966875118600,17.82211865234375,-0.0068906135857105255,-0.11403203010559082,-1.7051749229431152
1788861966885160400,17.832160400390624,0.036677103489637375,-0.18859201669692993,-1.7229530811309814
1788861966895201500,17.842201416015627,0.09353434294462204,-0.25577566027641296,-1.761595368385315
1788861966905243400,17.852243408203126,0.12472981214523315,-0.31768640875816345,-1.8041150569915771
1788861966915285500,17.862285400390626,0.12555712461471558,-0.415028840303421,-1.8193161487579346
1788861966925327600,17.87232763671875,0.0836472287774086,-0.528627872467041,-1.7885476350784302
1788861966935368400,17.882368408203124,-0.025105450302362442,-0.602118968963623,-1.7178828716278076
1788861966945410600,17.89241064453125,-0.13570015132427216,-0.6314854025840759,-1.6918182373046875
1788861966955452400,17.902452392578127,-0.19677254557609558,-0.7321124076843262,-1.7340643405914307
1788861966965494300,17.912494384765626,-0.2097053974866867,-0.8834508061408997,-1.8277724981307983
1788861966975535400,17.922535400390625,-0.18920262157917023,-0.9696982502937317,-1.91243577003479
1788861966985576700,17.93257666015625,-0.1430915892124176,-0.9637466073036194,-1.9471237659454346
1788861966995618800,17.942618896484376,-0.10182895511388779,-0.8114221692085266,-1.9398239850997925
1788861967005660700,17.95266064453125,-0.05105152726173401,-0.6160233616828918,-1.9485756158828735
1788861967015701800,17.96270166015625,0.014100108295679092,-0.4471729099750519,-1.976723551750183
1788861967025743600,17.97274365234375,0.07859281450510025,-0.38029614090919495,-1.9611552953720093
1788861967035785700,17.98278564453125,0.12560465931892395,-0.35642901062965393,-1.900207281112671
1788861967045826600,17.99282666015625,0.10903314501047134,-0.37447938323020935,-1.8701518774032593
1788861967055868700,18.00286865234375,0.06585734337568283,-0.4140040874481201,-1.8513880968093872
1788861967065910800,18.012910888671875,0.0006839300040155649,-0.5007373690605164,-1.83750581741333
1788861967075953000,18.022952880859375,-0.0658424124121666,-0.5267713069915771,-1.7914389371871948
1788861967085993700,18.03299365234375,-0.1367192566394806,-0.5089254975318909,-1.6982303857803345
1788861967096035800,18.043035888671874,-0.16899073123931885,-0.4977470338344574,-1.6190496683120728
1788861967106077700,18.05307763671875,-0.1773218959569931,-0.4887990653514862,-1.5503710508346558
1788861967116119600,18.06311962890625,-0.17743518948554993,-0.49826890230178833,-1.4648182392120361
1788861967126160600,18.07316064453125,-0.1967228800058365,-0.3587610721588135,-1.3897935152053833
1788861967136202800,18.08320263671875,-0.20170500874519348,-0.20847366750240326,-1.3219687938690186
1788861967146244900,18.093244873046874,-0.19191788136959076,-0.1609964370727539,-1.1969163417816162
1788861967156286700,18.10328662109375,-0.2012493759393692,-0.15920782089233398,-1.127405047416687
1788861967166327800,18.113327880859377,-0.17234395444393158,-0.07333526015281677,-1.0719447135925293
1788861967176369700,18.12336962890625,-0.11412827670574188,0.07959778606891632,-0.958465576171875
1788861967186411500,18.13341162109375,-0.07023832201957703,0.24004843831062317,-0.8079884648323059
1788861967196452600,18.14345263671875,-0.03728479519486427,0.3879789412021637,-0.6445775628089905
1788861967206494700,18.15349462890625,-0.016901493072509766,0.44305524230003357,-0.4965777099132538
1788861967216536800,18.163536865234374,-0.020943215116858482,0.3851175010204315,-0.3603104054927826
1788861967226578700,18.17357861328125,-0.05643942579627037,0.29319557547569275,-0.2130378633737564
1788861967236619800,18.183619873046876,-0.07668597251176834,0.26189154386520386,-0.05002277344465256
1788861967246661600,18.19366162109375,-0.08968006819486618,0.23251688480377197,0.08579444885253906
1788861967256703500,18.203703369140626,-0.07484441995620728,0.2885354459285736,0.20849739015102386
1788861967266745900,18.213745849609374,-0.04346252977848053,0.40551984310150146,0.3567608892917633
1788861967276786700,18.22378662109375,-0.01302100159227848,0.3907662034034729,0.5019564628601074
1788861967286828800,18.233828857421877,-0.008734378032386303,0.32861149311065674,0.6248323321342468
1788861967296870700,18.24387060546875,-0.027632957324385643,0.33593863248825073,0.740299642086029
1788861967306912800,18.253912841796875,-0.05859273672103882,0.35856086015701294,0.8428108096122742
1788861967316953600,18.26395361328125,-0.08655044436454773,0.3253345787525177,0.9524810910224915
1788861967326995700,18.27399560546875,-0.09736420959234238,0.28331947326660156,1.0626214742660522
1788861967337037800,18.284037841796874,-0.1162409707903862,0.3636138141155243,1.1999225616455078
1788861967347079000,18.294078857421876,-0.1390557438135147,0.47933775186538696,1.3009614944458008
1788861967357120800,18.304120849609376,-0.1411980241537094,0.4477689266204834,1.3345690965652466
1788861967367162600,18.31416259765625,-0.12904974818229675,0.36446070671081543,1.3708146810531616
1788861967377204700,18.324204833984375,-0.12728174030780792,0.36711835861206055,1.4571328163146973
1788861967387245600,18.33424560546875,-0.13063520193099976,0.48117274045944214,1.5991120338439941
1788861967397287700,18.34428759765625,-0.10504890233278275,0.5986035466194153,1.7542904615402222
1788861967407329800,18.354329833984377,-0.02473781630396843,0.619700014591217,1.8461958169937134
1788861967417371600,18.36437158203125,0.05701000243425369,0.5762165188789368,1.9119861125946045
1788861967427412700,18.374412841796875,0.11698172986507416,0.601292073726654,2.0252745151519775
1788861967437454600,18.38445458984375,0.16460831463336945,0.6820172667503357,2.160219430923462
1788861967447496700,18.39449658203125,0.2059325873851776,0.7173233032226562,2.258856773376465
1788861967457538800,18.404538818359374,0.22843921184539795,0.671815037727356,2.317091464996338
1788861967467580000,18.414579833984376,0.22797608375549316,0.5906802415847778,2.349717617034912
1788861967477621800,18.424621826171876,0.22370831668376923,0.467267245054245,2.361058235168457
1788861967487663900,18.434663818359375,0.2272958606481552,0.31450459361076355,2.365455389022827
1788861967497704700,18.44470458984375,0.21052898466587067,0.24634937942028046,2.386776924133301
1788861967507746800,18.454746826171874,0.18582843244075775,0.25989797711372375,2.4084320068359375
1788861967517788700,18.46478857421875,0.16928794980049133,0.20060944557189941,2.3883328437805176
1788861967527830800,18.474830810546877,0.14549580216407776,0.036534495651721954,2.3240344524383545
1788861967537872000,18.484871826171876,0.11721226572990417,-0.15893754363059998,2.2256948947906494
1788861967547913700,18.494913818359375,0.09077665954828262,-0.33748331665992737,2.124105215072632
1788861967557955800,18.504955810546875,0.07579012215137482,-0.4362422823905945,2.0345234870910645
1788861967567996700,18.51499658203125,0.06611432135105133,-0.4099006652832031,1.9776886701583862
1788861967578038800,18.525038818359373,0.07086881995201111,-0.30562642216682434,1.9780946969985962
1788861967588080600,18.53508056640625,0.09611266106367111,-0.20257939398288727,1.995751976966858
1788861967598122800,18.545122802734376,0.09898463636636734,-0.1452607363462448,2.0066163539886475
1788861967608163800,18.555163818359375,0.07217326015233994,-0.14173844456672668,2.0273993015289307
1788861967618205700,18.565205810546875,0.043498605489730835,-0.18785680830478668,2.0533196926116943
1788861967628247800,18.575247802734374,0.008945687673985958,-0.2371726781129837,2.0330605506896973
1788861967638289700,18.58528955078125,-0.048163678497076035,-0.3294123113155365,1.9470690488815308
1788861967648330800,18.595330810546876,-0.10804911702871323,-0.4230424165725708,1.8185065984725952
1788861967658372600,18.60537255859375,-0.15957412123680115,-0.4610443711280823,1.6905996799468994
1788861967668414700,18.615414794921875,-0.1990773230791092,-0.4299048185348511,1.582275390625
1788861967678455800,18.625455810546875,-0.23773661255836487,-0.37302282452583313,1.4887491464614868
1788861967688497700,18.63549755859375,-0.24332605302333832,-0.35788676142692566,1.4088783264160156
1788861967698539800,18.645539794921874,-0.20819079875946045,-0.3691909909248352,1.3527379035949707
1788861967708581600,18.65558154296875,-0.17979031801223755,-0.3157653212547302,1.3357967138290405
1788861967718622700,18.665622802734376,-0.1649525910615921,-0.19328860938549042,1.3424863815307617
1788861967728664600,18.67566455078125,-0.16479359567165375,-0.057932909578084946,1.3401286602020264
1788861967738707000,18.68570703125,-0.1312803328037262,0.04474654793739319,1.2999145984649658
1788861967748748800,18.695748779296874,-0.08961410820484161,0.05974894016981125,1.2167127132415771
1788861967758790000,18.705789794921873,-0.04354230687022209,0.021550238132476807,1.109795331954956
1788861967768831700,18.715831787109376,0.011735063046216965,-0.03402566909790039,1.0246301889419556
1788861967778873600,18.72587353515625,0.09665685892105103,-0.11506111174821854,0.9257696270942688
1788861967788914700,18.735914794921875,0.1773967146873474,-0.1747865080833435,0.8015390038490295
1788861967798956500,18.74595654296875,0.256660521030426,-0.22738142311573029,0.6596879363059998
1788861967808999000,18.7559990234375,0.2987467348575592,-0.2472371608018875,0.520026683807373
1788861967819040800,18.766040771484374,0.28720423579216003,-0.17960557341575623,0.37246596813201904
1788861967829081900,18.776081787109376,0.2456432282924652,-0.040242888033390045,0.21737812459468842
1788861967839123700,18.786123779296876,0.18984627723693848,0.10802514106035233,0.06674813479185104
1788861967849165600,18.79616552734375,0.13595137000083923,0.2461491972208023,-0.0896872729063034
1788861967859207700,18.806207763671875,0.14147624373435974,0.34152960777282715,-0.25749319791793823
1788861967869248500,18.81624853515625,0.17386268079280853,0.41111987829208374,-0.39835497736930847
1788861967879291000,18.826290771484373,0.20541022717952728,0.45736220479011536,-0.501681387424469
1788861967889332700,18.836332763671876,0.24070046842098236,0.4709974229335785,-0.580642580986023
1788861967899373800,18.846373779296876,0.26816344261169434,0.45718976855278015,-0.6486411094665527
1788861967909415700,18.856415771484375,0.27254247665405273,0.4260105490684509,-0.7172017693519592
1788861967919457800,18.866457763671875,0.2413092702627182,0.35307425260543823,-0.7821308970451355
1788861967929499600,18.876499755859374,0.16729629039764404,0.2953675389289856,-0.8402929902076721
1788861967939540700,18.886540771484373,0.10667841881513596,0.2758828401565552,-0.8787318468093872
1788861967949582800,18.896582763671876,0.09506916999816895,0.20881140232086182,-0.8798399567604065
1788861967959624700,18.906624755859376,0.09341060370206833,0.1561068743467331,-0.8385854363441467
1788861967969665800,18.916665771484375,0.08270736038684845,0.18428045511245728,-0.7664260268211365
1788861967979707600,18.926707763671875,0.06467291712760925,0.2787438631057739,-0.7011240124702454
1788861967989750300,18.936750244140626,0.06381458044052124,0.4440920948982239,-0.6508142352104187
1788861967999792400,18.94679248046875,0.10389653593301773,0.6240103840827942,-0.6362277865409851
1788861968009833200,18.956833251953125,0.1378403902053833,0.7575029730796814,-0.6699623465538025
1788861968019875300,18.966875244140624,0.11977892369031906,0.8292473554611206,-0.764910876750946
1788861968029917400,18.97691748046875,0.09153982996940613,0.8310143351554871,-0.8981645107269287
1788861968039959600,18.98695947265625,0.11846237629652023,0.720239520072937,-1.058229684829712
1788861968050000400,18.99700048828125,0.1858171820640564,0.4974237382411957,-1.2029324769973755
1788861968060042500,19.00704248046875,0.2470388263463974,0.22889472544193268,-1.2426224946975708
1788861968070084400,19.01708447265625,0.26948103308677673,0.030921192839741707,-1.2269045114517212
1788861968080125400,19.02712548828125,0.2765028178691864,-0.024734720587730408,-1.244038701057434
1788861968090167300,19.037167236328123,0.28471121191978455,0.05027853697538376,-1.284366488456726
1788861968100209400,19.04720947265625,0.2744564414024353,0.1613134741783142,-1.3147594928741455
1788861968110251500,19.05725146484375,0.2323654145002365,0.22584320604801178,-1.3602055311203003
1788861968120292400,19.067292236328125,0.16290239989757538,0.24448753893375397,-1.4384925365447998
1788861968130334500,19.07733447265625,0.0759991928935051,0.18795554339885712,-1.5252265930175781
1788861968140376300,19.087376220703124,-0.0027552563697099686,0.0737445279955864,-1.6207393407821655
1788861968150417400,19.09741748046875,-0.04826468229293823,-0.01619335077702999,-1.6820313930511475
1788861968160459300,19.107459228515626,-0.0491815060377121,-0.099931500852108,-1.665687084197998
1788861968170501400,19.11750146484375,-0.014259738847613335,-0.1513344943523407,-1.5816744565963745
1788861968180543500,19.12754345703125,0.02157830260694027,-0.15185344219207764,-1.4907777309417725
1788861968190584300,19.137584228515625,0.03666644170880318,-0.12246811389923096,-1.4754563570022583
1788861968200626400,19.14762646484375,0.038203224539756775,-0.11301642656326294,-1.5175492763519287
1788861968210668300,19.157668212890623,0.05160851031541824,-0.17680366337299347,-1.5512758493423462
1788861968220709400,19.16770947265625,0.0738750770688057,-0.3115515112876892,-1.587414264678955
1788861968230751200,19.177751220703126,0.10718297213315964,-0.4389592707157135,-1.6013463735580444
1788861968240793300,19.18779345703125,0.12540389597415924,-0.5494403839111328,-1.6183229684829712
1788861968250835500,19.19783544921875,0.11684156209230423,-0.6518988013267517,-1.6479895114898682
1788861968260876500,19.20787646484375,0.073831707239151,-0.8007598519325256,-1.6561442613601685
1788861968270918400,19.21791845703125,0.014219775795936584,-0.8533772826194763,-1.6806472539901733
1788861968280960300,19.227960205078126,-0.030323242768645287,-0.8516093492507935,-1.7069302797317505
1788861968291002400,19.23800244140625,-0.06434725970029831,-0.9465843439102173,-1.770180583000183
1788861968301043500,19.24804345703125,-0.10722667723894119,-1.0433778762817383,-1.8434488773345947
1788861968311085600,19.25808544921875,-0.13540664315223694,-1.0919491052627563,-1.9200754165649414
1788861968321127400,19.26812744140625,-0.14808368682861328,-1.098264217376709,-1.9766414165496826
1788861968331168500,19.27816845703125,-0.14020046591758728,-1.031545877456665,-1.9684165716171265
1788861968341210400,19.28821044921875,-0.1250121146440506,-0.895846962928772,-1.9539523124694824
1788861968351252200,19.298252197265626,-0.1200045645236969,-0.80035400390625,-1.9272557497024536
1788861968361294600,19.308294677734374,-0.13673445582389832,-0.6925328373908997,-1.8876291513442993
1788861968371335400,19.31833544921875,-0.15278133749961853,-0.5448828935623169,-1.830515742301941
1788861968381377500,19.32837744140625,-0.1696968823671341,-0.37813928723335266,-1.7729953527450562
1788861968391419400,19.33841943359375,-0.14533108472824097,-0.24950619041919708,-1.7374179363250732
1788861968401460500,19.34846044921875,-0.103708416223526,-0.14867451786994934,-1.6877286434173584
1788861968411502300,19.35850244140625,-0.08339009433984756,-0.04233583062887192,-1.6455678939819336
1788861968421544200,19.368544189453125,-0.06911049038171768,0.02258085086941719,-1.6204575300216675
1788861968431586600,19.378586669921877,-0.06461401283740997,0.029228102415800095,-1.5921381711959839
1788861968441627400,19.38862744140625,-0.07949239015579224,0.014396791346371174,-1.5205787420272827
1788861968451669500,19.39866943359375,-0.11147429049015045,0.05465073511004448,-1.4248071908950806
1788861968461711400,19.40871142578125,-0.12435265630483627,0.1335669755935669,-1.347387671470642
1788861968471752400,19.41875244140625,-0.101063571870327,0.17462439835071564,-1.2985031604766846
1788861968481794300,19.428794189453125,-0.0721082016825676,0.24217292666435242,-1.2403331995010376
1788861968491836400,19.43883642578125,-0.04989983141422272,0.3262537121772766,-1.1744518280029297
1788861968501878500,19.44887841796875,-0.04340695962309837,0.3434155583381653,-1.1218175888061523
1788861968511919600,19.458919677734375,-0.03470880910754204,0.279180645942688,-1.0238369703292847
1788861968521961500,19.46896142578125,-0.01721213012933731,0.23696742951869965,-0.8719437718391418
1788861968532003300,19.47900341796875,-0.009519588202238083,0.22917155921459198,-0.723158061504364
1788861968542044400,19.48904443359375,-0.023931680247187614,0.1583406627178192,-0.5527258515357971
1788861968552086300,19.499086181640624,-0.0592755563557148,0.08834558725357056,-0.4054434299468994
1788861968562128400,19.50912841796875,-0.09284818172454834,0.037275783717632294,-0.2521384656429291
1788861968572170500,19.51917041015625,-0.09144122898578644,0.04090593755245209,-0.10392610728740692
1788861968582211600,19.529211669921875,-0.05154988542199135,0.02917858026921749,0.013184220530092716
1788861968592253400,19.53925341796875,0.0072191571816802025,0.007530273869633675,0.1420322060585022
1788861968602295300,19.54929541015625,0.05917239934206009,0.09144458919763565,0.3034003973007202
1788861968612336400,19.55933642578125,0.06626573204994202,0.15608617663383484,0.48774147033691406
1788861968622378200,19.569378173828124,0.04103945940732956,0.19693586230278015,0.6299000978469849
1788861968632420400,19.57942041015625,0.04512954130768776,0.21873889863491058,0.7725600600242615
1788861968642462500,19.58946240234375,0.049926191568374634,0.2221517115831375,0.9081707000732422
1788861968652503600,19.599503662109374,0.039579544216394424,0.2047777771949768,1.0806235074996948
1788861968662545400,19.60954541015625,0.024419469758868217,0.22897715866565704,1.2722587585449219
1788861968672587500,19.61958740234375,-0.009047675877809525,0.3212890028953552,1.3831403255462646
1788861968682628400,19.62962841796875,-0.06555797159671783,0.40535473823547363,1.4825817346572876
1788861968692670500,19.63967041015625,-0.12632091343402863,0.41491201519966125,1.6417570114135742
1788861968702712300,19.64971240234375,-0.16259360313415527,0.43142378330230713,1.786041498184204
1788861968712754400,19.65975439453125,-0.1962261199951172,0.48706093430519104,1.8932406902313232
1788861968722795500,19.66979541015625,-0.21459703147411346,0.47769686579704285,1.9880890846252441
1788861968732837400,19.67983740234375,-0.19100329279899597,0.44145286083221436,2.056119680404663
1788861968742879500,19.68987939453125,-0.16711513698101044,0.43734079599380493,2.1327929496765137
1788861968752920300,19.69992041015625,-0.1676080822944641,0.4553275406360626,2.1974873542785645
1788861968762962400,19.70996240234375,-0.17248687148094177,0.45021066069602966,2.2384867668151855
1788861968773004300,19.72000439453125,-0.16549180448055267,0.38997527956962585,2.295616626739502
1788861968783046400,19.73004638671875,-0.17237015068531036,0.36712875962257385,2.3692710399627686
1788861968793087500,19.74008740234375,-0.1833444982767105,0.36843931674957275,2.441133737564087
1788861968803129300,19.75012939453125,-0.17661887407302856,0.3851468563079834,2.4780688285827637
1788861968813171500,19.76017138671875,-0.19560882449150085,0.35647180676460266,2.479851484298706
1788861968823212300,19.77021240234375,-0.23372314870357513,0.29165759682655334,2.465663194656372
1788861968833254400,19.78025439453125,-0.27698248624801636,0.22717395424842834,2.4287524223327637
1788861968843296300,19.790296142578125,-0.3160906434059143,0.16549451649188995,2.354811906814575
1788861968853338400,19.80033837890625,-0.35268086194992065,0.09696285426616669,2.2696309089660645
1788861968863379500,19.81037939453125,-0.3907954692840576,0.03282805532217026,2.2093098163604736
1788861968873421300,19.82042138671875,-0.4208356738090515,-0.014072608202695847,2.19319486618042
1788861968883463400,19.83046337890625,-0.4317024350166321,-0.052712686359882355,2.230703592300415
1788861968893504300,19.840504150390625,-0.4299364984035492,-0.054037611931562424,2.289609670639038
1788861968903546400,19.85054638671875,-0.42445823550224304,-0.023755457252264023,2.3357298374176025
1788861968913588200,19.860588134765624,-0.4297022819519043,-0.041092902421951294,2.3672544956207275
1788861968923630600,19.870630615234376,-0.44997212290763855,-0.10546176135540009,2.3697729110717773
1788861968933671400,19.88067138671875,-0.4501393735408783,-0.2128998041152954,2.359278917312622
1788861968943713500,19.890713623046874,-0.40427711606025696,-0.33211591839790344,2.2751238346099854
1788861968953755400,19.90075537109375,-0.33089932799339294,-0.4701864421367645,2.126628875732422
1788861968963796500,19.91079638671875,-0.2501261234283447,-0.594885528087616,1.9721591472625732
1788861968973838300,19.92083837890625,-0.18360860645771027,-0.6124604940414429,1.850079894065857
1788861968983879700,19.930879638671875,-0.15832960605621338,-0.5347542762756348,1.7898892164230347
1788861968993921500,19.940921630859375,-0.1528373658657074,-0.4061582386493683,1.7726548910140991
1788861969003962600,19.950962646484374,-0.15171436965465546,-0.26876384019851685,1.7520636320114136
1788861969014004500,19.96100439453125,-0.14714038372039795,-0.1399693638086319,1.6994144916534424
1788861969024046300,19.97104638671875,-0.14345231652259827,-0.03159189596772194,1.6053529977798462
1788861969034087400,19.98108740234375,-0.15570072829723358,0.026721742004156113,1.4880138635635376
1788861969044129300,19.99112939453125,-0.16185779869556427,0.03299466893076897,1.3679547309875488
1788861969054171600,20.001171630859375,-0.13439102470874786,0.04931292310357094,1.2628257274627686
1788861969064213500,20.011213623046874,-0.07530614733695984,0.11375637352466583,1.1790672540664673
1788861969074254600,20.021254638671873,-0.022008568048477173,0.20872443914413452,1.1021820306777954
1788861969084296400,20.03129638671875,0.028658349066972733,0.2546234428882599,1.0152361392974854
1788861969094338300,20.04133837890625,0.1187344416975975,0.18308617174625397,0.8924571871757507
1788861969104379400,20.05137939453125,0.22533732652664185,0.10637087374925613,0.737278401851654
1788861969114421200,20.061421142578126,0.2835603952407837,0.1716420203447342,0.563349723815918
1788861969124463600,20.071463623046874,0.2796502411365509,0.3385525643825531,0.36642125248908997
1788861969134505500,20.08150537109375,0.21489574015140533,0.4427138566970825,0.16623196005821228
1788861969144546600,20.091546630859376,0.1548765003681183,0.40846309065818787,-0.03381211683154106
1788861969154588400,20.10158837890625,0.12689626216888428,0.23824180662631989,-0.24382421374320984
1788861969164630500,20.111630615234375,0.15163159370422363,0.14130043983459473,-0.4521949291229248
1788861969174671400,20.12167138671875,0.16824465990066528,0.21051253378391266,-0.6224705576896667
1788861969184713500,20.13171337890625,0.15623651444911957,0.37089818716049194,-0.7153995633125305
1788861969194755600,20.141755615234374,0.10168004781007767,0.6199146509170532,-0.7238237261772156
1788861969204797400,20.15179736328125,0.09903022646903992,0.8553929328918457,-0.6876398921012878
1788861969214838500,20.161838623046876,0.14991550147533417,0.977389395236969,-0.6313161849975586
1788861969224880400,20.17188037109375,0.2178058624267578,1.02138090133667,-0.5475403070449829
1788861969234922500,20.181922607421875,0.2906299829483032,1.0123319625854492,-0.48048561811447144
1788861969244963300,20.19196337890625,0.3733423352241516,0.8931604623794556,-0.4633948802947998
1788861969255005400,20.20200537109375,0.45459723472595215,0.6917895078659058,-0.5020864009857178
1788861969265047600,20.212047607421876,0.4701966941356659,0.494033545255661,-0.5644294619560242
1788861969275088600,20.222088623046876,0.41429001092910767,0.409449964761734,-0.6364160776138306
1788861969285130500,20.232130615234375,0.3374376893043518,0.38378870487213135,-0.7398576140403748
1788861969295172400,20.24217236328125,0.273355633020401,0.3347439467906952,-0.9084879159927368
1788861969305214500,20.25221435546875,0.22670699656009674,0.26570940017700195,-1.0939959287643433
1788861969315255300,20.26225537109375,0.20228154957294464,0.24209809303283691,-1.2210140228271484
1788861969325297400,20.27229736328125,0.1911677122116089,0.27400562167167664,-1.2638789415359497
1788861969335339500,20.282339599609376,0.16706903278827667,0.39642685651779175,-1.2311580181121826
1788861969345380600,20.292380615234375,0.11219674348831177,0.5659250617027283,-1.162402868270874
1788861969355422500,20.30242236328125,0.05641736835241318,0.7402822375297546,-1.0970762968063354
1788861969365464600,20.312464599609374,0.023725779727101326,0.8277843594551086,-1.0949264764785767
1788861969375506400,20.32250634765625,0.0072378842160105705,0.7224134206771851,-1.1475718021392822
1788861969385547500,20.332547607421876,-0.039903391152620316,0.5803488492965698,-1.2427669763565063
1788861969395589600,20.342589599609376,-0.09974701702594757,0.4603177607059479,-1.362550139427185
1788861969405631500,20.352631591796875,-0.1002865880727768,0.21623186767101288,-1.4633002281188965
1788861969415672600,20.362672607421874,-0.04049462452530861,-0.06042289361357689,-1.5386929512023926
1788861969425714400,20.37271435546875,0.07863259315490723,-0.2877276837825775,-1.52756667137146
1788861969435756500,20.382756591796873,0.20529866218566895,-0.431408166885376,-1.4958577156066895
1788861969445797400,20.39279736328125,0.22349007427692413,-0.42995187640190125,-1.5281410217285156
1788861969455839500,20.402839599609376,0.11002743244171143,-0.3804953694343567,-1.6291248798370361
1788861969465881600,20.412881591796875,-0.09298563003540039,-0.41722461581230164,-1.7281627655029297
1788861969475923500,20.42292333984375,-0.2657850980758667,-0.49086952209472656,-1.7531322240829468
1788861969485964500,20.432964599609374,-0.35000622272491455,-0.46119847893714905,-1.6988061666488647
1788861969496006400,20.44300634765625,-0.38025012612342834,-0.31846582889556885,-1.6095080375671387
1788861969506048500,20.453048583984376,-0.34603968262672424,-0.1764943152666092,-1.5605969429016113
1788861969516089300,20.46308935546875,-0.265703022480011,-0.16069671511650085,-1.5682607889175415
1788861969526131500,20.47313134765625,-0.1409817636013031,-0.25386059284210205,-1.6575771570205688
1788861969536173600,20.483173583984374,-0.017670217901468277,-0.37422001361846924,-1.7759008407592773
1788861969546214700,20.493214599609374,0.06997019797563553,-0.4576609134674072,-1.8762723207473755
1788861969556256500,20.503256591796877,0.14417465031147003,-0.4203742444515228,-1.9181467294692993
1788861969566298400,20.51329833984375,0.19310326874256134,-0.20470556616783142,-1.9004014730453491
1788861969576340500,20.523340576171876,0.2285744547843933,0.047277405858039856,-1.9083588123321533
1788861969586381300,20.53338134765625,0.27129635214805603,0.1266942024230957,-1.942944049835205
1788861969596423400,20.54342333984375,0.30345723032951355,0.07707204669713974,-1.963578701019287
1788861969606465500,20.553465576171874,0.28120970726013184,-0.04039653390645981,-1.9668843746185303
1788861969616506600,20.563506591796877,0.22790414094924927,-0.1748904287815094,-1.9460723400115967
1788861969626548500,20.573548583984376,0.15679161250591278,-0.33294397592544556,-1.9497472047805786
1788861969636590600,20.583590576171876,0.08361541479825974,-0.5299901962280273,-1.9780193567276
1788861969646632400,20.593632568359375,0.0437222421169281,-0.6822539567947388,-1.9503954648971558
1788861969656673500,20.603673583984374,0.01724908873438835,-0.723842442035675,-1.8610293865203857
1788861969666715400,20.61371533203125,0.002059450838714838,-0.7348958849906921,-1.7737691402435303
1788861969676757500,20.623757568359373,-0.012342125177383423,-0.739391565322876,-1.7152749300003052
1788861969686798600,20.633798583984376,-0.011554280295968056,-0.7117554545402527,-1.6799051761627197
1788861969696840400,20.64384033203125,-0.003749353811144829,-0.6496715545654297,-1.666504144668579
1788861969706882600,20.653882568359375,0.03910277411341667,-0.5964256525039673,-1.6556288003921509
1788861969716923400,20.66392333984375,0.08532166481018066,-0.5427488684654236,-1.6421476602554321
1788861969726965500,20.673965576171874,0.10636841505765915,-0.5237115025520325,-1.621894359588623
1788861969737007400,20.68400732421875,0.09200785309076309,-0.5133749842643738,-1.599428415298462
1788861969747049500,20.694049560546876,0.05816059559583664,-0.5366435050964355,-1.5479528903961182
1788861969757090600,20.704090576171875,0.0037711234763264656,-0.5419490337371826,-1.4535260200500488
1788861969767132400,20.71413232421875,-0.05548272654414177,-0.5258845090866089,-1.3544371128082275
1788861969777174500,20.724174560546874,-0.1292821168899536,-0.5477178692817688,-1.2661628723144531
1788861969787215400,20.73421533203125,-0.18537673354148865,-0.41318467259407043,-1.2240461111068726
1788861969797257500,20.744257568359377,-0.1816198229789734,-0.14790798723697662,-1.178878903388977
1788861969807299300,20.75429931640625,-0.08275170624256134,0.04312869906425476,-1.1423561573028564
1788861969817340400,20.76434033203125,0.07679001986980438,0.13880489766597748,-1.0498089790344238
1788861969827382500,20.774382568359375,0.20300191640853882,0.13483156263828278,-0.90489661693573
1788861969837424600,20.784424560546874,0.21853746473789215,0.094216488301754,-0.7026870846748352
1788861969847466500,20.794466552734374,0.08212146908044815,0.17557241022586823,-0.47187164425849915
1788861969857507600,20.804507568359377,-0.06702274084091187,0.35547906160354614,-0.2507765293121338
1788861969867549400,20.814549560546876,-0.13469959795475006,0.4832349717617035,-0.058893848210573196
1788861969877591300,20.82459130859375,-0.10786984115839005,0.5126309394836426,0.12549251317977905
1788861969887632400,20.83463232421875,-0.03343673422932625,0.5080653429031372,0.30474531650543213
1788861969897674500,20.844674560546874,0.0326799675822258,0.43397805094718933,0.47724172472953796
1788861969907716600,20.854716552734374,0.054166894406080246,0.32722336053848267,0.6625317931175232
1788861969917757400,20.86475732421875,0.008827644400298595,0.267011433839798,0.8554471731185913
1788861969927799600,20.874799560546876,-0.09609217941761017,0.27194446325302124,1.029366135597229
1788861969937841400,20.88484130859375,-0.23308652639389038,0.2843968868255615,1.2259414196014404
1788861969947883300,20.89488330078125,-0.3519998788833618,0.2784183621406555,1.4079393148422241
1788861969957924400,20.90492431640625,-0.4288003742694855,0.286602258682251,1.5351108312606812
1788861969967966500,20.914966552734374,-0.43986237049102783,0.3633292615413666,1.6121363639831543
1788861969978008600,20.925008544921877,-0.38482147455215454,0.42659586668014526,1.6603549718856812
1788861969988050200,20.93505029296875,-0.30246400833129883,0.4487631916999817,1.7109971046447754
1788861969998092300,20.94509228515625,-0.21969348192214966,0.42616572976112366,1.7771649360656738
1788861970008134100,20.955134033203127,-0.15218010544776917,0.3956226110458374,1.8650250434875488
1788861970018176300,20.96517626953125,-0.09839516878128052,0.3575631082057953,1.9322350025177002
1788861970028217300,20.97521728515625,-0.0721924751996994,0.30017292499542236,1.9647607803344727
1788861970038259200,20.98525927734375,-0.06590874493122101,0.22621296346187592,2.008410930633545
1788861970048301300,20.99530126953125,-0.07141464948654175,0.18539318442344666,2.056135892868042
1788861970058342100,21.005342041015624,-0.07034192234277725,0.2158277928829193,2.089869737625122
1788861970068384300,21.01538427734375,-0.07097788900136948,0.30619654059410095,2.135911226272583
1788861970078426000,21.025426025390626,-0.0803024172782898,0.4669731855392456,2.221673011779785
1788861970088467200,21.03546728515625,-0.06876764446496964,0.6226505637168884,2.316732883453369
1788861970098509300,21.04550927734375,0.03206336498260498,0.5657878518104553,2.3854148387908936
1788861970108551200,21.05555126953125,0.21410824358463287,0.30581432580947876,2.430119514465332
1788861970118593300,21.06559326171875,0.3183635473251343,0.1012505292892456,2.4576473236083984
1788861970128634000,21.075634033203126,0.30176907777786255,-0.06562018394470215,2.4829764366149902
1788861970138676200,21.08567626953125,0.22545434534549713,-0.1923520267009735,2.5175282955169678
1788861970148718000,21.095718017578125,0.17254295945167542,-0.16875964403152466,2.5234010219573975
1788861970158759200,21.10575927734375,0.17390890419483185,-0.10778126120567322,2.464813470840454
1788861970168801300,21.11580126953125,0.204179584980011,-0.15420161187648773,2.3439722061157227
1788861970178843100,21.125843017578124,0.22676053643226624,-0.34535425901412964,2.166256904602051
1788861970188884200,21.13588427734375,0.23216766119003296,-0.5868095755577087,1.9803671836853027
1788861970198926300,21.14592626953125,0.20888416469097137,-0.66173255443573,1.898166537284851
1788861970208968200,21.15596826171875,0.1484834998846054,-0.5075337886810303,1.9850090742111206
1788861970219009300,21.16600927734375,0.09889385849237442,-0.2567061185836792,2.138097047805786
1788861970229051100,21.176051025390624,0.08990734815597534,-0.12889999151229858,2.2323520183563232
1788861970239093200,21.18609326171875,0.0864122211933136,-0.16764792799949646,2.2083592414855957
1788861970249135400,21.19613525390625,0.08361200988292694,-0.2697752118110657,2.112590789794922
1788861970259176200,21.20617626953125,0.08908720314502716,-0.30542507767677307,2.00087571144104
1788861970269218300,21.21621826171875,0.13180461525917053,-0.32455703616142273,1.8986653089523315
1788861970279260200,21.22626025390625,0.1722109019756317,-0.4234766960144043,1.80668044090271
1788861970289301200,21.23630126953125,0.13865575194358826,-0.5346879959106445,1.7459280490875244
1788861970299343000,21.246343017578123,0.044268783181905746,-0.6097657084465027,1.7067867517471313
1788861970309385200,21.25638525390625,-0.0706246942281723,-0.6217359304428101,1.663009762763977
1788861970319426300,21.26642626953125,-0.16956326365470886,-0.5300043821334839,1.592994213104248
1788861970329468200,21.27646826171875,-0.25165268778800964,-0.3731245994567871,1.503292202949524
1788861970339510300,21.28651025390625,-0.2930123805999756,-0.2591056227684021,1.406438946723938
1788861970349552000,21.29655224609375,-0.2987769544124603,-0.18601448833942413,1.3137537240982056
1788861970359593200,21.30659326171875,-0.2870555818080902,-0.08293870091438293,1.2165573835372925
1788861970369635300,21.31663525390625,-0.237908273935318,0.009643962606787682,1.115272045135498
1788861970379677200,21.32667724609375,-0.15357421338558197,0.0034670280292630196,0.9896203279495239
1788861970389718300,21.33671826171875,-0.08875774592161179,-0.08286591619253159,0.8437228202819824
1788861970399760100,21.346760009765624,-0.05840330198407173,-0.15894044935703278,0.6821624636650085
1788861970409802200,21.35680224609375,-0.06656669825315475,-0.1502460092306137,0.5025677680969238
1788861970419843000,21.366843017578127,-0.09381323307752609,-0.0426361970603466,0.2988833785057068
1788861970429885200,21.37688525390625,-0.12487925589084625,0.11841899156570435,0.08082572370767593
1788861970439927300,21.38692724609375,-0.1570023149251938,0.33702749013900757,-0.10574468225240707
1788861970449968400,21.396968505859373,-0.15011857450008392,0.4774051308631897,-0.2601398527622223
1788861970460010200,21.40701025390625,-0.04296392947435379,0.4842798113822937,-0.3766273558139801
1788861970470052400,21.41705224609375,0.09702342003583908,0.45193052291870117,-0.46027258038520813
1788861970480094200,21.42709423828125,0.1707242727279663,0.41648438572883606,-0.532954216003418
1788861970490135300,21.43713525390625,0.21103468537330627,0.38116422295570374,-0.6058093905448914
1788861970500177200,21.44717724609375,0.23290270566940308,0.3452538847923279,-0.6804229021072388
1788861970510219300,21.45721923828125,0.22436600923538208,0.2874613404273987,-0.7483817934989929
1788861970520260400,21.46726025390625,0.1923241764307022,0.19642837345600128,-0.8039268255233765
1788861970530302200,21.47730224609375,0.16457822918891907,0.12607386708259583,-0.8440215587615967
1788861970540344300,21.48734423828125,0.12780024111270905,0.07748129218816757,-0.8654559850692749
1788861970550385200,21.49738525390625,0.08357563614845276,0.05823691189289093,-0.8594982028007507
1788861970560427300,21.50742724609375,0.049617938697338104,0.09017620235681534,-0.8450508117675781
1788861970570469000,21.51746923828125,0.023544933646917343,0.1662503182888031,-0.8388229012489319
1788861970580510200,21.52751025390625,-0.002062160288915038,0.2719905972480774,-0.8467327356338501
1788861970590552300,21.53755224609375,-0.026201782748103142,0.4008856415748596,-0.8815006613731384
1788861970600594200,21.54759423828125,-0.04700852930545807,0.5121711492538452,-0.9289587140083313
1788861970610636300,21.55763623046875,-0.061265576630830765,0.5742037296295166,-0.9929454922676086
1788861970620677000,21.567677001953125,-0.09642169624567032,0.6110711693763733,-1.074810266494751
1788861970630719200,21.57771923828125,-0.1479882001876831,0.6164408922195435,-1.1575396060943604
1788861970640761000,21.587760986328124,-0.18428441882133484,0.5257554650306702,-1.2359699010849
1788861970650802200,21.59780224609375,-0.18319196999073029,0.5050832033157349,-1.3235628604888916
1788861970660844300,21.60784423828125,-0.18692253530025482,0.6363440155982971,-1.3984081745147705
1788861970670886400,21.617886474609374,-0.20069973170757294,0.6594151258468628,-1.4255082607269287
1788861970680927200,21.62792724609375,-0.22287507355213165,0.5144651532173157,-1.4401359558105469
1788861970690969300,21.63796923828125,-0.23659135401248932,0.32077842950820923,-1.461578607559204
1788861970701011200,21.64801123046875,-0.23307545483112335,0.17915257811546326,-1.502705693244934
1788861970711053000,21.658052978515624,-0.220780149102211,0.08154584467411041,-1.5012661218643188
1788861970721094100,21.66809423828125,-0.23870429396629333,0.05670521780848503,-1.4604427814483643
1788861970731136300,21.67813623046875,-0.24746361374855042,0.029278278350830078,-1.4294674396514893
1788861970741178400,21.688178466796874,-0.25925955176353455,0.004781188443303108,-1.51094388961792
1788861970751219200,21.69821923828125,-0.2729955017566681,-0.01060500554740429,-1.6362683773040771
1788861970761261300,21.70826123046875,-0.28424257040023804,-0.13374771177768707,-1.7146130800247192
1788861970771303200,21.71830322265625,-0.294092059135437,-0.2859686315059662,-1.7555668354034424
1788861970781344300,21.72834423828125,-0.3041159510612488,-0.26759839057922363,-1.7588571310043335
1788861970791386000,21.73838623046875,-0.32412078976631165,-0.11322298645973206,-1.7393436431884766
1788861970801428200,21.74842822265625,-0.3130532205104828,-0.06006202846765518,-1.7176928520202637
1788861970811469300,21.75846923828125,-0.26399409770965576,-0.1673269271850586,-1.7180036306381226
1788861970821511200,21.76851123046875,-0.2166825234889984,-0.2619929909706116,-1.7674217224121094
1788861970831553300,21.77855322265625,-0.18245463073253632,-0.30470651388168335,-1.8203027248382568
1788861970841594000,21.788593994140626,-0.13804508745670319,-0.408220112323761,-1.849654197692871
1788861970851636200,21.79863623046875,-0.09845677763223648,-0.5134963393211365,-1.877713918685913
1788861970861678000,21.808677978515625,-0.07776401937007904,-0.5321171283721924,-1.8877778053283691
1788861970871720200,21.81872021484375,-0.03302197530865669,-0.5105206370353699,-1.8856796026229858
1788861970881761300,21.82876123046875,0.016709361225366592,-0.5013037323951721,-1.8828613758087158
1788861970891803400,21.838803466796875,0.04708948731422424,-0.49837595224380493,-1.8945419788360596
1788861970901845200,21.84884521484375,0.059257205575704575,-0.5036892294883728,-1.9516966342926025
1788861970911886300,21.85888623046875,0.06990937888622284,-0.5584204792976379,-2.0358099937438965
1788861970921928200,21.86892822265625,0.06273029744625092,-0.6048345565795898,-2.0741536617279053
1788861970931970000,21.878969970703125,0.023538902401924133,-0.5884318947792053,-2.093226194381714
1788861970942011100,21.88901123046875,-0.010485642589628696,-0.5478767156600952,-2.115251302719116
1788861970952053200,21.89905322265625,-0.005257492884993553,-0.5602860450744629,-2.102783441543579
1788861970962095400,21.909095458984375,0.012139074504375458,-0.5886188745498657,-2.033031463623047
1788861970972136200,21.91913623046875,0.009998491033911705,-0.5411295294761658,-1.9135981798171997
1788861970982178300,21.92917822265625,0.0191685538738966,-0.44538459181785583,-1.8089131116867065
1788861970992220200,21.93922021484375,0.028973067179322243,-0.36146125197410583,-1.7551583051681519
1788861971002262000,21.949261962890624,0.06089664623141289,-0.387043297290802,-1.6970592737197876
1788861971012303000,21.95930322265625,0.06757517158985138,-0.4493297040462494,-1.6145092248916626
1788861971022345200,21.96934521484375,0.06076014041900635,-0.41417011618614197,-1.5139354467391968
1788861971032387300,21.97938720703125,0.06083918735384941,-0.35178476572036743,-1.4140948057174683
1788861971042428200,21.98942822265625,0.044684719294309616,-0.29499152302742004,-1.317484974861145
1788861971052470300,21.99947021484375,0.03205273300409317,-0.2299990952014923,-1.237926959991455
1788861971062512000,22.00951220703125,0.014677472412586212,-0.19034568965435028,-1.1503015756607056
1788861971072553200,22.01955322265625,-0.025645239278674126,-0.17244865000247955,-1.0456119775772095
1788861971082595000,22.029594970703126,-0.06814955919981003,-0.11610095202922821,-0.8896550536155701
1788861971092637200,22.03963720703125,-0.08404998481273651,-0.050800491124391556,-0.7443801164627075
1788861971102678300,22.04967822265625,-0.11393997073173523,-0.048688337206840515,-0.5861550569534302
1788861971112720100,22.05972021484375,-0.13671541213989258,-0.06068208068609238,-0.4351591467857361
1788861971122762200,22.06976220703125,-0.1364584118127823,-0.06225654482841492,-0.28560134768486023
1788861971132804000,22.07980419921875,-0.11719293892383575,-0.025583907961845398,-0.13575033843517303
1788861971142845200,22.08984521484375,-0.09889782220125198,-0.0313190259039402,-0.009795324876904488
1788861971152887000,22.099886962890626,-0.07218217104673386,-0.048080310225486755,0.12530460953712463
1788861971162929400,22.109929443359373,-0.044023774564266205,-0.017640378326177597,0.2858753502368927
1788861971172970200,22.11997021484375,-0.011709659360349178,0.02947615087032318,0.44475433230400085
1788861971183012400,22.130012451171876,0.0008127896580845118,0.09888558089733124,0.5519857406616211
1788861971193054200,22.14005419921875,0.0037310938350856304,0.15227235853672028,0.6359374523162842
1788861971203095300,22.15009521484375,0.009582058526575565,0.19218914210796356,0.7344720363616943
1788861971213137200,22.16013720703125,0.0236835740506649,0.17159298062324524,0.845525860786438
1788861971223179300,22.17017919921875,0.004685116000473499,0.19066494703292847,0.9321556091308594
1788861971233220400,22.180220458984376,-0.0509888231754303,0.23593150079250336,1.05306875705719
1788861971243262200,22.19026220703125,-0.11815506964921951,0.33699047565460205,1.200843334197998
1788861971253304300,22.20030419921875,-0.17783331871032715,0.3937525749206543,1.316514492034912
1788861971263346200,22.21034619140625,-0.22541549801826477,0.36657047271728516,1.4125065803527832
1788861971273387300,22.22038720703125,-0.24378299713134766,0.36130163073539734,1.4905219078063965
1788861971283429000,22.23042919921875,-0.23116733133792877,0.40286025404930115,1.563852310180664
1788861971293471200,22.24047119140625,-0.19887448847293854,0.4709571599960327,1.6712301969528198
1788861971303512300,22.25051220703125,-0.1824057549238205,0.5641472339630127,1.798837661743164
1788861971313554200,22.26055419921875,-0.18768379092216492,0.6079926490783691,1.9409109354019165
1788861971323596300,22.27059619140625,-0.18941670656204224,0.6342218518257141,2.071760654449463
1788861971333637000,22.28063720703125,-0.17057150602340698,0.6782957315444946,2.1611788272857666
1788861971343679200,22.29067919921875,-0.1427507996559143,0.730946958065033,2.2437431812286377
1788861971353721000,22.30072119140625,-0.10951992869377136,0.7320117354393005,2.3208978176116943
1788861971363762200,22.31076220703125,-0.09001227468252182,0.7101873755455017,2.4156594276428223
1788861971373804300,22.32080419921875,-0.09348128736019135,0.6883606314659119,2.4978504180908203
1788861971383846400,22.330846435546874,-0.09492365270853043,0.6032997965812683,2.5255846977233887
1788861971393887200,22.34088720703125,-0.11324631422758102,0.48275431990623474,2.4810752868652344
1788861971403929300,22.350929443359377,-0.143926203250885,0.3949730694293976,2.406928062438965
1788861971413971200,22.36097119140625,-0.18477073311805725,0.36925774812698364,2.3661251068115234
1788861971424012300,22.37101220703125,-0.20689840614795685,0.3019210696220398,2.370931386947632
1788861971434054100,22.38105419921875,-0.18639792501926422,0.14661136269569397,2.396284341812134
1788861971444096300,22.39109619140625,-0.14719486236572266,-0.01880369707942009,2.3910233974456787
1788861971454137300,22.401137451171873,-0.11880356818437576,-0.1452544629573822,2.3601818084716797
1788861971464179200,22.41117919921875,-0.11291052401065826,-0.22355619072914124,2.3289949893951416
1788861971474221300,22.42122119140625,-0.09991202503442764,-0.2270437330007553,2.3228518962860107
1788861971484263200,22.43126318359375,-0.03896958380937576,-0.19698649644851685,2.29144549369812
1788861971494304300,22.44130419921875,0.05589074268937111,-0.23400349915027618,2.2265262603759766
1788861971504346000,22.45134619140625,0.14326852560043335,-0.32863572239875793,2.1729509830474854
1788861971514388200,22.46138818359375,0.20179997384548187,-0.40832918882369995,2.149941921234131
1788861971524429300,22.47142919921875,0.25007057189941406,-0.4239822030067444,2.11197566986084
1788861971534471200,22.48147119140625,0.28721147775650024,-0.4181087613105774,2.041489601135254
1788861971544513300,22.49151318359375,0.31922584772109985,-0.4383527934551239,1.9546788930892944
1788861971554554000,22.50155419921875,0.3492991030216217,-0.4547073245048523,1.8719381093978882
1788861971564596200,22.51159619140625,0.34820348024368286,-0.4060436487197876,1.825400710105896
1788861971574638000,22.52163818359375,0.31248313188552856,-0.2830996811389923,1.801606297492981
1788861971584679200,22.53167919921875,0.29181647300720215,-0.1870032399892807,1.7644100189208984
1788861971594721300,22.54172119140625,0.28321900963783264,-0.16504895687103271,1.6941696405410767
1788861971604763400,22.551763427734375,0.2184237688779831,-0.1488310992717743,1.6012042760849
1788861971614804200,22.56180419921875,0.1007189080119133,-0.12653639912605286,1.5084527730941772
1788861971624846300,22.571846435546874,0.001871158485300839,-0.14279207587242126,1.427051067352295
1788861971634888200,22.58188818359375,-0.07713054865598679,-0.15900900959968567,1.354026436805725
1788861971644929300,22.59192919921875,-0.11694879829883575,-0.14913561940193176,1.2691059112548828
1788861971654971100,22.60197119140625,-0.12808500230312347,-0.12451745569705963,1.1601654291152954
1788861971665013200,22.61201318359375,-0.12100257724523544,-0.08734957873821259,1.0404973030090332
1788861971675055400,22.622055419921875,-0.11752037703990936,-0.06809584051370621,0.9008780717849731
1788861971685096200,22.63209619140625,-0.11668281257152557,-0.06901330500841141,0.7325761318206787
1788861971695138300,22.64213818359375,-0.1084485650062561,-0.07309062033891678,0.5490757822990417
1788861971705180200,22.65218017578125,-0.09263737499713898,-0.09434504061937332,0.3731614649295807
1788861971715221200,22.66222119140625,-0.06510956585407257,-0.09573418647050858,0.20419685542583466
1788861971725263000,22.67226318359375,-0.04981262981891632,-0.01645267941057682,0.04059353470802307
1788861971735305200,22.68230517578125,-0.052930086851119995,0.11514417082071304,-0.10892272740602493
1788861971745346300,22.69234619140625,-0.04958595708012581,0.23432782292366028,-0.2193022221326828
1788861971755388200,22.70238818359375,-0.03557216376066208,0.27253225445747375,-0.28746330738067627
1788861971765430300,22.71243017578125,-0.014337982051074505,0.2416614145040512,-0.34841853380203247
1788861971775471000,22.72247119140625,0.020456088706851006,0.22913296520709991,-0.4223451614379883
1788861971785513200,22.73251318359375,0.04860756918787956,0.2572135925292969,-0.5044347047805786
1788861971795555000,22.74255517578125,0.05090206116437912,0.3447302281856537,-0.5967880487442017
1788861971805596200,22.75259619140625,0.08342884480953217,0.3428145945072174,-0.6787294745445251
1788861971815638300,22.76263818359375,0.07859042286872864,0.3008759021759033,-0.7660752534866333
1788861971825680100,22.77268017578125,0.08961298316717148,0.24449118971824646,-0.8405130505561829
1788861971835721200,22.78272119140625,0.09556568413972855,0.18675574660301208,-0.8896278142929077
1788861971845763300,22.792763427734375,0.06334995478391647,0.17065852880477905,-0.8965643048286438
1788861971855805200,22.80280517578125,0.02793079800903797,0.1794002503156662,-0.8610966801643372
1788861971865846300,22.81284619140625,-0.011563348583877087,0.21039626002311707,-0.8228768706321716
1788861971875888000,22.82288818359375,-0.017359603196382523,0.2729162275791168,-0.8061878085136414
1788861971885930200,22.83293017578125,0.021027998998761177,0.3077344000339508,-0.8278709650039673
1788861971895972400,22.842972412109376,0.06466823071241379,0.2976071536540985,-0.8715943694114685
1788861971906013200,22.85301318359375,0.10113143175840378,0.2694263756275177,-0.9341094493865967
1788861971916055300,22.86305517578125,0.11690688133239746,0.23617711663246155,-0.9891414046287537
1788861971926097200,22.87309716796875,0.08814553916454315,0.2328103482723236,-1.0451159477233887
1788861971936138200,22.88313818359375,0.04454788565635681,0.23608456552028656,-1.0961800813674927
1788861971946180400,22.893180419921876,0.01769203506410122,0.265179842710495,-1.1472491025924683
1788861971956222200,22.90322216796875,-0.007900778204202652,0.31910204887390137,-1.2074953317642212
1788861971966263300,22.91326318359375,0.014075093902647495,0.3059327304363251,-1.2570549249649048
1788861971976305200,22.92330517578125,0.0635438859462738,0.2730479836463928,-1.3108587265014648
1788861971986347300,22.93334716796875,0.08113672584295273,0.2722799479961395,-1.3925405740737915
1788861971996388000,22.94338818359375,0.06255941092967987,0.2797688841819763,-1.4941939115524292
1788861972006430200,22.95343017578125,0.04473567381501198,0.2376033216714859,-1.5723010301589966
1788861972016472000,22.96347216796875,0.03116605617105961,0.13105611503124237,-1.5978236198425293
1788861972026513200,22.97351318359375,0.020029250532388687,-0.021754462271928787,-1.6037877798080444
1788861972036555000,22.983554931640626,0.015122641809284687,-0.15204748511314392,-1.6184886693954468
1788861972046597000,22.99359716796875,-0.0016430220566689968,-0.1819734275341034,-1.6461522579193115
1788861972056638000,23.003637939453125,-0.014086907729506493,-0.06733313202857971,-1.6798641681671143
1788861972066680300,23.013680419921876,0.003058522241190076,-0.0838434025645256,-1.7344595193862915
1788861972076722200,23.02372216796875,0.02448991872370243,-0.21251389384269714,-1.7939423322677612
1788861972086763300,23.03376318359375,0.017172083258628845,-0.3063133656978607,-1.8182759284973145
1788861972096805000,23.04380517578125,-0.021057719364762306,-0.3766835331916809,-1.8142449855804443
1788861972106847000,23.053846923828125,-0.06634850054979324,-0.4037066400051117,-1.8105436563491821
1788861972116888000,23.06388818359375,-0.09778919816017151,-0.33716124296188354,-1.8380674123764038
1788861972126930000,23.073929931640624,-0.0952882245182991,-0.27096623182296753,-1.8763494491577148
1788861972136972300,23.08397216796875,-0.07304731756448746,-0.31282663345336914,-1.9245957136154175
1788861972147014100,23.09401416015625,-0.053760968148708344,-0.3957476019859314,-1.9681510925292969
1788861972157055200,23.10405517578125,-0.051899395883083344,-0.4497871696949005,-1.9914631843566895
1788861972167097000,23.11409716796875,-0.04434453696012497,-0.4354945123195648,-1.9661353826522827
1788861972177139000,23.124138916015625,-0.03334634751081467,-0.3848083019256592,-1.938904047012329
1788861972187180000,23.134179931640624,-0.015489315614104271,-0.35265010595321655,-1.939658522605896
1788861972197222000,23.144221923828123,0.007196427322924137,-0.43514513969421387,-1.9622671604156494
1788861972207264300,23.15426416015625,0.02800876647233963,-0.5485390424728394,-1.979271650314331
1788861972217305000,23.16430517578125,0.006184414029121399,-0.6095105409622192,-2.0238165855407715
1788861972227347200,23.17434716796875,-0.04407236725091934,-0.5207048058509827,-2.074679136276245
1788861972237389000,23.18438916015625,-0.058373868465423584,-0.4211823642253876,-2.0899932384490967
1788861972247430100,23.19443017578125,-0.03736525774002075,-0.4253193140029907,-2.042853593826294
1788861972257472000,23.204471923828127,-0.03582318499684334,-0.5225048661231995,-1.9556511640548706
1788861972267514000,23.21451416015625,-0.050841815769672394,-0.581122100353241,-1.8629728555679321
1788861972277555000,23.224554931640625,-0.09262010455131531,-0.5512624979019165,-1.7995718717575073
1788861972287597000,23.23459716796875,-0.14684313535690308,-0.4328271746635437,-1.7799263000488281
1788861972297639200,23.24463916015625,-0.18175780773162842,-0.30946680903434753,-1.7107256650924683
1788861972307680300,23.25468017578125,-0.18821224570274353,-0.2359824776649475,-1.57034432888031
1788861972317722000,23.26472216796875,-0.1808842420578003,-0.20926862955093384,-1.4565180540084839
1788861972327764000,23.274763916015626,-0.1913432627916336,-0.2810480296611786,-1.3699346780776978
1788861972337805000,23.28480517578125,-0.2110404372215271,-0.3976367712020874,-1.2508121728897095
1788861972347847000,23.294846923828125,-0.2533716559410095,-0.34003177285194397,-1.1418508291244507
1788861972357889300,23.30488916015625,-0.29559946060180664,-0.1525338739156723,-1.051348090171814
1788861972367930000,23.31493017578125,-0.27922871708869934,0.02040674164891243,-1.0031533241271973
1788861972377972200,23.32497216796875,-0.21299465000629425,0.04342421144247055,-0.9264749884605408
1788861972388014000,23.33501416015625,-0.128621444106102,0.018606213852763176,-0.8225803375244141
1788861972398055200,23.34505517578125,-0.06814645230770111,0.0059192730113863945,-0.6855415105819702
1788861972408097000,23.355096923828125,-0.04491996020078659,0.09214044362306595,-0.5383177399635315
1788861972418139000,23.365138916015624,-0.04696912318468094,0.19639852643013,-0.4113929867744446
1788861972428180200,23.37518017578125,-0.033173948526382446,0.24011698365211487,-0.2740684151649475
1788861972438222000,23.38522216796875,-0.020991027355194092,0.19435054063796997,-0.09594056010246277
1788861972448264200,23.39526416015625,-0.02879994921386242,0.15303638577461243,0.11919544637203217
1788861972458305000,23.405304931640625,-0.03559290990233421,0.18734246492385864,0.31495505571365356
1788861972468347100,23.41534716796875,0.0023187848273664713,0.21118414402008057,0.4547528922557831
1788861972478389000,23.425388916015624,0.060976721346378326,0.21408729255199432,0.5531807541847229
1788861972488431000,23.43543115234375,0.09860452264547348,0.20935459434986115,0.63873690366745
1788861972498472200,23.44547216796875,0.11910019814968109,0.2855431139469147,0.7825592756271362
1788861972508514000,23.45551416015625,0.13035205006599426,0.3391919434070587,0.920275866985321
1788861972518556200,23.46555615234375,0.10448719561100006,0.40582504868507385,1.040891408920288
1788861972528597000,23.475596923828125,0.07590454816818237,0.46004167199134827,1.1304508447647095
1788861972538639000,23.48563916015625,0.06620579212903976,0.4948314428329468,1.2176518440246582
1788861972548681000,23.495680908203123,0.05822030082345009,0.4736297130584717,1.3041625022888184
1788861972558722000,23.50572216796875,0.0771167054772377,0.4726790189743042,1.3449132442474365
1788861972568764200,23.51576416015625,0.11733576655387878,0.4283994436264038,1.399502158164978
1788861972578806300,23.52580615234375,0.16505931317806244,0.3680666387081146,1.4668958187103271
1788861972588847000,23.53584716796875,0.17005114257335663,0.24740810692310333,1.5099767446517944
1788861972598889200,23.54588916015625,0.13036856055259705,0.16618157923221588,1.5840400457382202
1788861972608931000,23.55593115234375,0.07756660133600235,0.13724872469902039,1.696730613708496
1788861972618972200,23.56597216796875,0.03862597420811653,0.1802634447813034,1.7719050645828247
1788861972629014000,23.576013916015626,0.05004933848977089,0.257351815700531,1.809315800666809
1788861972639056100,23.58605615234375,0.08412094414234161,0.27658340334892273,1.8568267822265625
1788861972649097200,23.59609716796875,0.10131192207336426,0.2354799062013626,1.8884971141815186
1788861972659139000,23.60613916015625,0.1287541389465332,0.2450607270002365,1.916935682296753
1788861972669181200,23.61618115234375,0.14057964086532593,0.29619261622428894,1.9674566984176636
1788861972679222000,23.626221923828126,0.1488293558359146,0.31174781918525696,2.054302930831909
1788861972689264000,23.63626416015625,0.17123132944107056,0.34019890427589417,2.177798271179199
1788861972699306000,23.646305908203125,0.21104009449481964,0.35929736495018005,2.32832407951355
1788861972709347000,23.65634716796875,0.2591692805290222,0.31628650426864624,2.4495818614959717
1788861972719389200,23.66638916015625,0.29181215167045593,0.21514900028705597,2.5217444896698
1788861972729431000,23.67643115234375,0.26962482929229736,0.16998550295829773,2.544745683670044
1788861972739472100,23.68647216796875,0.18986979126930237,0.13915707170963287,2.533822774887085
1788861972749514000,23.696513916015626,0.10303051024675369,0.07229362428188324,2.486039638519287
1788861972759556000,23.70655615234375,0.04340163245797157,-0.007995201274752617,2.3960864543914795
1788861972769597000,23.716596923828124,0.00259721209295094,-0.12540678679943085,2.3140149116516113
1788861972779639000,23.72663916015625,-0.0015926125925034285,-0.2756861448287964,2.2477097511291504
1788861972789681200,23.73668115234375,0.023454684764146805,-0.4170491397380829,2.2245566844940186
1788861972799722200,23.74672216796875,0.06076729670166969,-0.45709919929504395,2.237898588180542
1788861972809764000,23.75676416015625,0.0708838477730751,-0.38910046219825745,2.2773165702819824
1788861972819806200,23.76680615234375,0.07185323536396027,-0.2996011972427368,2.2994954586029053
1788861972829847000,23.776846923828124,0.05865221470594406,-0.2637800872325897,2.2798221111297607
1788861972839889200,23.78688916015625,0.03768792375922203,-0.2938629984855652,2.208010196685791
1788861972849931000,23.796930908203127,0.02047804370522499,-0.4132940471172333,2.087592124938965
1788861972859972000,23.80697216796875,-0.02391153946518898,-0.593192458152771,1.953758716583252
1788861972870014200,23.81701416015625,-0.0864417627453804,-0.7087840437889099,1.8337070941925049
1788861972880056000,23.82705615234375,-0.1280645728111267,-0.7216657400131226,1.7410637140274048
1788861972890097200,23.83709716796875,-0.1504785269498825,-0.6458376049995422,1.6514033079147339
1788861972900139000,23.847138916015624,-0.17892508208751678,-0.492845356464386,1.550769329071045
1788861972910181000,23.85718115234375,-0.19140732288360596,-0.29974937438964844,1.4542492628097534
1788861972920223000,23.867222900390626,-0.17032162845134735,-0.18513770401477814,1.3390240669250488
1788861972930264000,23.87726416015625,-0.143581360578537,-0.1709718257188797,1.2157255411148071
1788861972940306200,23.88730615234375,-0.10927234590053558,-0.2151334583759308,1.0888020992279053
1788861972950348000,23.89734814453125,-0.09970227628946304,-0.2739261984825134,1.0090616941452026
1788861972960389000,23.90738916015625,-0.08093426376581192,-0.3165920674800873,0.9417406320571899
1788861972970431000,23.917430908203126,-0.06542428582906723,-0.31780940294265747,0.8488863110542297
1788861972980473000,23.92747314453125,-0.08339561522006989,-0.25855615735054016,0.7088009119033813
1788861972990514200,23.93751416015625,-0.10694887489080429,-0.18609395623207092,0.5303454399108887
1788861973000556300,23.947556396484377,-0.11988164484500885,-0.07947012782096863,0.3242506682872772
1788861973010598400,23.957598388671876,-0.12942002713680267,0.09409554302692413,0.13277176022529602
1788861973020639500,23.967639404296875,-0.1520795226097107,0.2813042998313904,-0.00514243496581912
1788861973030681300,23.977681396484375,-0.18948549032211304,0.4410606622695923,-0.08163028955459595
1788861973040723200,23.98772314453125,-0.20428510010242462,0.501478374004364,-0.11249727755784988
1788861973050764300,23.997764404296873,-0.157746359705925,0.44398337602615356,-0.13114632666110992
1788861973060806400,24.007806396484376,-0.12376715242862701,0.2986036241054535,-0.17679616808891296
1788861973070848500,24.0178486328125,-0.12229575216770172,0.1541399359703064,-0.2803531587123871
1788861973080889300,24.027889404296875,-0.11360850185155869,0.06655015051364899,-0.42415034770965576
1788861973090931500,24.037931396484375,-0.1338341385126114,0.0657767653465271,-0.5520123839378357
1788861973100973300,24.047973388671874,-0.12944374978542328,0.11278378963470459,-0.6463497281074524
1788861973111014400,24.058014404296873,-0.09724133461713791,0.13960660994052887,-0.7018287181854248
1788861973121056300,24.06805615234375,-0.0758168026804924,0.19301635026931763,-0.7110685706138611
1788861973131098400,24.078098388671876,-0.05759438872337341,0.28142639994621277,-0.6887608766555786
1788861973141139200,24.08813916015625,-0.062044985592365265,0.409130722284317,-0.6633220314979553
1788861973151181600,24.098181640625,-0.0820421352982521,0.5507131814956665,-0.6460690498352051
1788861973161223400,24.108223388671874,-0.06942962855100632,0.6097535490989685,-0.6473432779312134
1788861973171264500,24.118264404296873,-0.04936377331614494,0.5748802423477173,-0.6664863228797913
1788861973181306400,24.128306396484376,-0.02150569297373295,0.5167441368103027,-0.7010766267776489
1788861973191348200,24.13834814453125,0.009952365420758724,0.43562477827072144,-0.7666516900062561
1788861973201389300,24.148389404296875,0.02615303359925747,0.336548388004303,-0.859149158000946
1788861973211431200,24.15843115234375,0.07731208950281143,0.2581705152988434,-0.9537840485572815
1788861973221473500,24.1684736328125,0.13226625323295593,0.22858725488185883,-1.0397217273712158
1788861973231514400,24.178514404296877,0.16313786804676056,0.1801544725894928,-1.136170506477356
1788861973241556500,24.188556396484376,0.19400526583194733,0.12416784465312958,-1.2485603094100952
1788861973251598300,24.198598388671876,0.219078928232193,0.15055204927921295,-1.359592080116272
1788861973261639400,24.208639404296875,0.22520579397678375,0.2801191508769989,-1.4338080883026123
1788861973271681300,24.218681396484374,0.24869593977928162,0.46030834317207336,-1.4337310791015625
1788861973281723100,24.22872314453125,0.28680211305618286,0.6553483009338379,-1.3733936548233032
1788861973291764200,24.23876416015625,0.3049989640712738,0.8649817109107971,-1.2896678447723389
1788861973301806300,24.248806396484376,0.29972392320632935,0.9550145268440247,-1.2487598657608032
1788861973311848400,24.258848388671876,0.305318146944046,0.7954752445220947,-1.3051555156707764
1788861973321889300,24.26888916015625,0.30718478560447693,0.42312633991241455,-1.403828740119934
1788861973331931400,24.278931396484374,0.2753371298313141,0.10257948935031891,-1.4904260635375977
1788861973341973200,24.28897314453125,0.25036799907684326,-0.005526099354028702,-1.5411230325698853
1788861973352014300,24.299014404296877,0.28148144483566284,0.12380072474479675,-1.518357753753662
1788861973362056200,24.30905615234375,0.3452630937099457,0.22122235596179962,-1.5418130159378052
1788861973372098600,24.3190986328125,0.3646261394023895,0.17705436050891876,-1.6813936233520508
1788861973382139400,24.329139404296875,0.29997751116752625,0.09428106248378754,-1.7857253551483154
1788861973392181500,24.339181396484374,0.1838543564081192,-0.02724403887987137,-1.7748926877975464
1788861973402223400,24.349223388671874,0.07571655511856079,-0.18752646446228027,-1.7076870203018188
1788861973412264400,24.359264404296876,0.019253814592957497,-0.2542208135128021,-1.669997215270996
1788861973422306300,24.369306396484376,0.02115548402070999,-0.28154903650283813,-1.6962485313415527
1788861973432348200,24.37934814453125,0.0762256607413292,-0.3480833172798157,-1.7496134042739868
1788861973442389200,24.38938916015625,0.1398523598909378,-0.39429745078086853,-1.7791987657546997
1788861973452431400,24.399431396484374,0.19511349499225616,-0.4142570495605469,-1.8304518461227417
1788861973462473500,24.409473388671874,0.263693630695343,-0.4148581326007843,-1.879683017730713
1788861973472514300,24.419514404296876,0.33011072874069214,-0.438639372587204,-1.924721598625183
1788861973482556400,24.429556396484376,0.3623541295528412,-0.4820158779621124,-1.9523489475250244
1788861973492598300,24.439598388671875,0.3414195477962494,-0.5209829211235046,-1.9636822938919067
1788861973502639400,24.449639404296875,0.2868850827217102,-0.5130021572113037,-1.9688847064971924
1788861973512681200,24.45968115234375,0.21953585743904114,-0.5403000712394714,-1.977112054824829
1788861973522723300,24.469723388671873,0.1467457413673401,-0.6134772896766663,-2.009535551071167
1788861973532764400,24.479764404296876,0.07465371489524841,-0.6665844917297363,-2.034799814224243
1788861973542806300,24.48980615234375,0.03712264820933342,-0.6843981146812439,-2.0029947757720947
1788861973552848400,24.499848388671875,0.03201443701982498,-0.6404421329498291,-1.9496763944625854
1788861973562889200,24.50988916015625,0.063027024269104,-0.5981861352920532,-1.8984763622283936
1788861973572931300,24.519931396484374,0.11348620057106018,-0.6429048776626587,-1.8675647974014282
1788861973582973200,24.52997314453125,0.12302552163600922,-0.748579740524292,-1.8406678438186646
1788861973593014300,24.54001416015625,0.07403640449047089,-0.826735258102417,-1.7910175323486328
1788861973603056400,24.550056396484376,-0.01611512154340744,-0.7517275214195251,-1.7371970415115356
1788861973613098500,24.560098388671875,-0.11087784916162491,-0.5612905025482178,-1.7103179693222046
1788861973623139300,24.570139404296874,-0.1297089159488678,-0.3509778678417206,-1.6598161458969116
1788861973633181400,24.580181396484374,-0.05022314563393593,-0.12659457325935364,-1.553765058517456
1788861973643223300,24.590223388671873,0.06534586101770401,-0.010253100655972958,-1.4581793546676636
1788861973653264400,24.600264404296876,0.19000549614429474,0.033665888011455536,-1.382004976272583
1788861973663306200,24.61030615234375,0.2683226764202118,0.06713277846574783,-1.2682111263275146
1788861973673348400,24.620348388671875,0.2757931053638458,0.12525227665901184,-1.1208014488220215
1788861973683389400,24.630389404296874,0.21181614696979523,0.25220927596092224,-1.0360002517700195
1788861973693431300,24.640431396484374,0.09839904308319092,0.286116361618042,-0.9348279237747192
1788861973703473400,24.650473388671877,-0.06628907471895218,0.18607163429260254,-0.8371663093566895
1788861973713514200,24.66051416015625,-0.2002841681241989,0.11758098006248474,-0.6920879483222961
1788861973723556400,24.670556396484375,-0.19825172424316406,0.08211919665336609,-0.5021207928657532
1788861973733598200,24.68059814453125,-0.1650082767009735,0.0037056105211377144,-0.34064000844955444
1788861973743639300,24.690639404296874,-0.16854466497898102,-0.05107909440994263,-0.17839524149894714
1788861973753681400,24.700681396484374,-0.19312085211277008,-0.02894609421491623,0.015345741994678974
1788861973763723300,24.71072314453125,-0.22356492280960083,0.05092574656009674,0.16874611377716064
1788861973773764400,24.720764404296876,-0.27146053314208984,0.1365189403295517,0.28168225288391113
1788861973783806200,24.73080615234375,-0.3042035400867462,0.14184626936912537,0.39532971382141113
1788861973793848300,24.740848388671875,-0.28866827487945557,0.1425115317106247,0.5291950702667236
1788861973803889200,24.75088916015625,-0.2691514492034912,0.16738823056221008,0.6341479420661926
1788861973813931500,24.760931640625,-0.2755470275878906,0.16553093492984772,0.7160928845405579
1788861973823973400,24.770973388671877,-0.31972408294677734,0.18057388067245483,0.8053329586982727
1788861973834014500,24.781014404296876,-0.36638426780700684,0.17140541970729828,0.9056516289710999
1788861973844056300,24.791056396484375,-0.41195616126060486,0.21417510509490967,1.042418360710144
1788861973854098400,24.801098388671875,-0.43917205929756165,0.30774635076522827,1.1848348379135132
1788861973864139300,24.81113916015625,-0.43568888306617737,0.35809096693992615,1.3139276504516602
1788861973874181400,24.821181396484373,-0.42149314284324646,0.38070064783096313,1.467492699623108
1788861973884223500,24.831223388671877,-0.38296303153038025,0.4542890787124634,1.617650032043457
1788861973894264600,24.8412646484375,-0.32188716530799866,0.52469402551651,1.7421101331710815
1788861973904306400,24.851306396484375,-0.2500651478767395,0.5409113168716431,1.8532880544662476
1788861973914348300,24.861348388671875,-0.1722172200679779,0.5535522699356079,1.9419904947280884
1788861973924389400,24.871389404296874,-0.08341905474662781,0.5594251751899719,2.0232036113739014
1788861973934431200,24.88143115234375,-0.014855707064270973,0.5682663321495056,2.1138124465942383
1788861973944473300,24.891473388671876,-0.0061608776450157166,0.5166858434677124,2.213726758956909
1788861973954514200,24.90151416015625,-0.038947053253650665,0.44479861855506897,2.2947769165039062
1788861973964556500,24.911556640625,-0.07091351598501205,0.3915417790412903,2.339834690093994
1788861973974598400,24.921598388671875,-0.09055513143539429,0.33982133865356445,2.3736560344696045
1788861973984639500,24.931639404296874,-0.08953012526035309,0.3213563859462738,2.4033727645874023
1788861973994681300,24.941681396484373,-0.05727871507406235,0.3425372838973999,2.4100430011749268
1788861974004723500,24.951723388671876,-0.014839939773082733,0.37319162487983704,2.4019901752471924
1788861974014764500,24.9617646484375,0.04074183106422424,0.33093205094337463,2.3876097202301025
1788861974024806400,24.971806396484375,0.10018513351678848,0.2475520372390747,2.383401870727539
1788861974034848500,24.9818486328125,0.14463567733764648,0.19987104833126068,2.391834259033203
1788861974044889300,24.991889404296874,0.17185595631599426,0.1246533915400505,2.4014906883239746
1788861974054931500,25.001931396484373,0.19975575804710388,-0.03593016043305397,2.371164560317993
1788861974064973600,25.0119736328125,0.23514780402183533,-0.24853640794754028,2.3060035705566406
1788861974075014700,25.0220146484375,0.246412456035614,-0.40095365047454834,2.249403476715088
1788861974085056500,25.032056396484375,0.22709868848323822,-0.43083858489990234,2.2298989295959473
1788861974095098400,25.042098388671874,0.18856647610664368,-0.418949693441391,2.1977570056915283
1788861974105139500,25.052139404296874,0.15889692306518555,-0.41450080275535583,2.146165370941162
1788861974115181600,25.062181640625,0.13265547156333923,-0.4311860501766205,2.0865931510925293
1788861974125223400,25.072223388671876,0.08801865577697754,-0.48867931962013245,2.0429890155792236
1788861974135264500,25.082264404296875,0.05167955905199051,-0.5808199048042297,2.006727933883667
1788861974145306600,25.092306640625,0.024984031915664673,-0.6653622388839722,1.9613138437271118
1788861974155348500,25.102348388671874,-0.0315074697136879,-0.6501241326332092,1.9043596982955933
1788861974165389600,25.1123896484375,-0.07915566861629486,-0.5524047613143921,1.8639341592788696
1788861974175431400,25.122431396484377,-0.10701872408390045,-0.46967369318008423,1.8317898511886597
1788861974185473500,25.1324736328125,-0.13314396142959595,-0.4003666043281555,1.787536382675171
1788861974195514400,25.142514404296875,-0.16685105860233307,-0.33690935373306274,1.7362290620803833
1788861974205556500,25.152556396484375,-0.18468812108039856,-0.30809712409973145,1.6620361804962158
1788861974215598600,25.1625986328125,-0.20000982284545898,-0.3039458096027374,1.5541610717773438
1788861974225639700,25.1726396484375,-0.22858622670173645,-0.27886322140693665,1.4323972463607788
1788861974235681500,25.182681640625,-0.260524719953537,-0.22860883176326752,1.3402366638183594
1788861974245723400,25.192723388671876,-0.28032779693603516,-0.1733529269695282,1.2818149328231812
1788861974255764500,25.202764404296875,-0.27726835012435913,-0.10267875343561172,1.2497577667236328
1788861974265806300,25.212806396484375,-0.24366432428359985,-0.04881232976913452,1.2112393379211426
1788861974275848400,25.222848388671874,-0.18960855901241302,-0.015594721771776676,1.1417982578277588
1788861974285889300,25.23288916015625,-0.13101238012313843,0.01388169638812542,1.0442227125167847
1788861974295931600,25.242931640625,-0.07086727768182755,0.023250697180628777,0.8998940587043762
1788861974305973500,25.252973388671876,-0.022541657090187073,0.01784507930278778,0.7177667021751404
1788861974316014600,25.2630146484375,0.004367188550531864,-0.001616237685084343,0.5089743137359619
1788861974326056400,25.273056396484375,0.012228289619088173,-0.008774228394031525,0.2958424389362335
1788861974336097500,25.28309765625,0.012655460275709629,0.035036101937294006,0.09738899767398834
1788861974346139400,25.293139404296873,0.0033914281520992517,0.16244515776634216,-0.07888957113027573
1788861974356181500,25.303181396484376,0.04383419454097748,0.2847215533256531,-0.23471884429454803
1788861974366222300,25.313222412109376,0.10220052301883698,0.33635252714157104,-0.3663046360015869
1788861974376264400,25.323264404296875,0.13126198947429657,0.4066261649131775,-0.4672536253929138
1788861974386306600,25.333306640625,0.1582360416650772,0.48919910192489624,-0.5342186689376831
1788861974396347600,25.34334765625,0.20693886280059814,0.4909176528453827,-0.5739844441413879
1788861974406389500,25.353389404296873,0.2351786196231842,0.4646816551685333,-0.6114789247512817
1788861974416431400,25.363431396484376,0.2304760068655014,0.4634091854095459,-0.6506654620170593
1788861974426472400,25.373472412109376,0.1924845278263092,0.4585706293582916,-0.6931302547454834
1788861974436514300,25.383514404296875,0.152450293302536,0.4599751830101013,-0.7277641296386719
1788861974446556700,25.393556640625,0.13274039328098297,0.42848265171051025,-0.7538278102874756
1788861974456597500,25.403597412109374,0.14118395745754242,0.3398403823375702,-0.772548496723175
1788861974466639600,25.4136396484375,0.1713000386953354,0.22907951474189758,-0.7746729254722595
1788861974476681500,25.423681396484376,0.21307066082954407,0.11886566877365112,-0.786519467830658
1788861974486722600,25.43372265625,0.24094712734222412,0.03954649716615677,-0.8032006621360779
1788861974496764400,25.443764404296875,0.224071204662323,0.022355258464813232,-0.8497655391693115
1788861974506806300,25.45380615234375,0.16111396253108978,0.0859047994017601,-0.9150530695915222
1788861974516847400,25.463847412109374,0.09564971923828125,0.18976223468780518,-0.9894043207168579
1788861974526889500,25.473889404296877,0.03983677923679352,0.28994980454444885,-1.0598399639129639
1788861974536931600,25.483931640625,0.013717827387154102,0.3767182528972626,-1.1226255893707275
1788861974546972400,25.493972412109375,0.011910101398825645,0.4081094563007355,-1.1651687622070312
1788861974557014500,25.5040146484375,-0.014676768332719803,0.41447946429252625,-1.1915674209594727
1788861974567056400,25.514056396484374,-0.0504508838057518,0.4878726005554199,-1.2137848138809204
1788861974577097500,25.524097412109374,-0.05032651498913765,0.5866397023200989,-1.234420895576477
1788861974587139300,25.534139404296877,-0.03034568764269352,0.5757617950439453,-1.2616443634033203
1788861974597181400,25.544181396484376,-0.01290384866297245,0.5015549659729004,-1.306186556816101
1788861974607222500,25.554222412109375,-0.0026351872365921736,0.372979074716568,-1.3712674379348755
1788861974617264400,25.564264404296875,0.0087223956361413,0.1728808581829071,-1.442013144493103
1788861974627306500,25.574306396484374,0.038416340947151184,-0.005113575607538223,-1.4923120737075806
1788861974637347600,25.58434765625,0.07017747312784195,-0.10659359395503998,-1.5361841917037964
1788861974647389400,25.594389404296876,0.08072267472743988,-0.1565152257680893,-1.59311842918396
1788861974657431300,25.604431396484376,0.05899527668952942,-0.1904851794242859,-1.6345824003219604
1788861974667472400,25.614472412109375,-0.007455833256244659,-0.23237547278404236,-1.6412458419799805
1788861974677514500,25.624514404296875,-0.09709224104881287,-0.2219127118587494,-1.6108887195587158
1788861974687556600,25.634556640625,-0.19340606033802032,-0.12626737356185913,-1.5728068351745605
1788861974697597400,25.644597412109373,-0.2474903166294098,-0.0974346473813057,-1.5697340965270996
1788861974707639600,25.6546396484375,-0.25622865557670593,-0.17063699662685394,-1.6226886510849
1788861974717681400,25.664681396484376,-0.23306764662265778,-0.27639859914779663,-1.7050431966781616
1788861974727722500,25.674722412109375,-0.17472724616527557,-0.3486013114452362,-1.7690985202789307
1788861974737764400,25.684764404296875,-0.11621226370334625,-0.31919124722480774,-1.7992393970489502
1788861974747806500,25.694806396484374,-0.08806468546390533,-0.21121637523174286,-1.7970681190490723
1788861974757847600,25.70484765625,-0.0767049789428711,-0.08827793598175049,-1.7962980270385742
1788861974767889400,25.714889404296876,-0.07416366040706635,-0.02450387552380562,-1.804468035697937
1788861974777931500,25.724931640625,-0.06678510457277298,-0.013285576365888119,-1.8200204372406006
1788861974787972400,25.734972412109375,-0.05104144662618637,-0.044630568474531174,-1.8243242502212524
1788861974798014500,25.745014404296874,-0.03070794604718685,-0.09386975318193436,-1.819352149963379
1788861974808056600,25.755056640625,-0.024256525561213493,-0.13706852495670319,-1.8435251712799072
1788861974818097700,25.76509765625,-0.005899089388549328,-0.16823948919773102,-1.8771750926971436
1788861974828139500,25.775139404296876,0.013187830336391926,-0.19900360703468323,-1.922218918800354
1788861974838181400,25.785181396484376,0.02564050443470478,-0.24871310591697693,-1.9089387655258179
1788861974848222500,25.795222412109375,0.02482752315700054,-0.3008591830730438,-1.8842623233795166
1788861974858264300,25.805264404296874,0.010581742972135544,-0.36628106236457825,-1.851085901260376
1788861974868305400,25.815305419921874,-0.015509496442973614,-0.39140966534614563,-1.8193385601043701
1788861974878347500,25.825347412109377,-0.04687940329313278,-0.34322720766067505,-1.8032985925674438
1788861974888389600,25.8353896484375,-0.04351971670985222,-0.2756706178188324,-1.7869257926940918
1788861974898430500,25.845430419921875,-0.008432035334408283,-0.23123176395893097,-1.758440613746643
1788861974908472600,25.85547265625,0.048402752727270126,-0.23026317358016968,-1.7168809175491333
1788861974918514400,25.865514404296874,0.07577499002218246,-0.2722330093383789,-1.6632317304611206
1788861974928555500,25.875555419921874,0.09305552393198013,-0.31358587741851807,-1.6128661632537842
1788861974938597400,25.885597412109377,0.09928998351097107,-0.4013676345348358,-1.5666041374206543
1788861974948639500,25.895639404296876,0.09428663551807404,-0.5220532417297363,-1.4904621839523315
1788861974958680300,25.905680419921875,0.08606812357902527,-0.5099648237228394,-1.3841559886932373
1788861974968722700,25.91572265625,0.07946524769067764,-0.3226713240146637,-1.2914925813674927
1788861974978764500,25.9257646484375,0.08515056222677231,-0.2297171652317047,-1.1931968927383423
1788861974988805600,25.9358056640625,0.10268353670835495,-0.2717868983745575,-1.114357352256775
1788861974998846700,25.9458466796875,0.13683591783046722,-0.2960381805896759,-1.053149938583374
1788861975008888800,25.955888916015624,0.18735486268997192,-0.24240756034851074,-0.9735990762710571
1788861975018929700,25.9659296875,0.24248816072940826,-0.2071174681186676,-0.8599146008491516
1788861975028971800,25.9759716796875,0.28095051646232605,-0.17448115348815918,-0.7283022403717041
1788861975039013600,25.986013671875,0.29955458641052246,-0.14904823899269104,-0.558931827545166
1788861975049054700,25.9960546875,0.2776962220668793,-0.06386497616767883,-0.3727254867553711
1788861975059096800,26.006096923828125,0.2487892061471939,0.09488499164581299,-0.2100609689950943
1788861975069138700,26.016138671875,0.26247358322143555,0.21813474595546722,-0.0552062913775444
1788861975079179800,26.0261796875,0.2858641445636749,0.13996538519859314,0.10734853148460388
1788861975089221600,26.0362216796875,0.2718583643436432,0.0727791115641594,0.2688821852207184
1788861975099263700,26.046263671875,0.22447913885116577,0.05927475169301033,0.39699673652648926
1788861975109304600,26.0563046875,0.14823764562606812,0.04995337128639221,0.5186133980751038
1788861975119346700,26.0663466796875,0.06253685057163239,0.07408080995082855,0.6515194773674011
1788861975129388800,26.076388916015624,-0.023542599752545357,0.11433818936347961,0.7858967781066895
1788861975139430000,26.086429931640627,-0.08830748498439789,0.1884174793958664,0.8997282385826111
1788861975149471700,26.0964716796875,-0.12085368484258652,0.2663535177707672,1.0049750804901123
1788861975159513600,26.106513671875,-0.11615905910730362,0.2696712911128998,1.118951678276062
1788861975169554700,26.1165546875,-0.11487838625907898,0.316865473985672,1.2339447736740112
1788861975179596500,26.126596435546876,-0.14144155383110046,0.36087286472320557,1.3735302686691284
1788861975189638700,26.136638671875,-0.18024267256259918,0.37396544218063354,1.5385760068893433
1788861975199679500,26.146679443359375,-0.22161008417606354,0.3744351863861084,1.6711913347244263
1788861975209721900,26.156721923828126,-0.25950556993484497,0.35651353001594543,1.7739050388336182
1788861975219763700,26.166763671875,-0.2851336896419525,0.3369555175304413,1.8990347385406494
1788861975229804800,26.1768046875,-0.2582922875881195,0.3360104262828827,1.996940016746521
1788861975239846700,26.1868466796875,-0.21183690428733826,0.3626295328140259,2.0520095825195312
1788861975249887700,26.1968876953125,-0.17973224818706512,0.3763623833656311,2.110870122909546
1788861975259929600,26.2069296875,-0.1687733381986618,0.3820706009864807,2.18537974357605
1788861975269971700,26.2169716796875,-0.14217987656593323,0.37771669030189514,2.240002393722534
1788861975280012500,26.227012451171873,-0.11190080642700195,0.3868883550167084,2.2620723247528076
1788861975290055000,26.237054931640625,-0.11765451729297638,0.41038432717323303,2.294426679611206
1788861975300096800,26.2470966796875,-0.13240817189216614,0.37976783514022827,2.333669900894165
1788861975310137900,26.257137939453123,-0.11254611611366272,0.2824738323688507,2.3520212173461914
1788861975320179700,26.2671796875,-0.09864281862974167,0.2000388503074646,2.3393802642822266
1788861975330221600,26.2772216796875,-0.09075111150741577,0.10065663605928421,2.3154714107513428
1788861975340262700,26.2872626953125,-0.07170764356851578,-0.03541278839111328,2.2859952449798584
1788861975350304800,26.2973046875,-0.05747857317328453,-0.1370241492986679,2.252471685409546
1788861975360347000,26.307346923828124,-0.0506180040538311,-0.1843024492263794,2.235776424407959
1788861975370387700,26.3173876953125,-0.041551049798727036,-0.19272466003894806,2.2221529483795166
1788861975380429800,26.327429931640626,-0.025969425216317177,-0.22051341831684113,2.2153453826904297
1788861975390471700,26.3374716796875,-0.008699120953679085,-0.27642592787742615,2.2024643421173096
1788861975400512800,26.3475126953125,-0.0047496529296040535,-0.30448418855667114,2.1967716217041016
1788861975410554600,26.3575546875,-0.004421957768499851,-0.3360065817832947,2.2199137210845947
1788861975420596700,26.3675966796875,0.006824837531894445,-0.39216360449790955,2.2281816005706787
1788861975430637800,26.377637939453123,0.029226599261164665,-0.4823576509952545,2.192092180252075
1788861975440679700,26.3876796875,0.05321582406759262,-0.5473052263259888,2.129002571105957
1788861975450721800,26.3977216796875,0.06608949601650238,-0.5471640825271606,2.045139789581299
1788861975460762600,26.4077626953125,0.07456367462873459,-0.5312077403068542,1.9664559364318848
1788861975470804700,26.4178046875,0.08172481507062912,-0.5414472818374634,1.9051529169082642
1788861975480846600,26.4278466796875,0.06695225834846497,-0.5293716192245483,1.8617247343063354
1788861975490887700,26.4378876953125,0.04853174835443497,-0.4849770963191986,1.8292717933654785
1788861975500929800,26.4479296875,0.04594714939594269,-0.4112991690635681,1.7892242670059204
1788861975510972000,26.457971923828126,0.017337651923298836,-0.2942713499069214,1.7259572744369507
1788861975521012700,26.4680126953125,-0.05617038905620575,-0.11483556032180786,1.6467756032943726
1788861975531054800,26.478054931640624,-0.12557917833328247,0.017102688550949097,1.5646944046020508
1788861975541096700,26.4880966796875,-0.13437479734420776,0.014661901630461216,1.4839555025100708
1788861975551137800,26.4981376953125,-0.10702801495790482,-0.012097968719899654,1.3926260471343994
1788861975561179600,26.5081796875,-0.059618689119815826,-0.03382350504398346,1.294184684753418
1788861975571220700,26.518220703125,-0.024502668529748917,-0.056788817048072815,1.1855717897415161
1788861975581262800,26.528262939453125,0.007386820390820503,-0.1068250834941864,1.0604519844055176
1788861975591304700,26.5383046875,0.04190671443939209,-0.18622110784053802,0.9164806008338928
1788861975601345800,26.548345703125,0.05101722106337547,-0.21229729056358337,0.7641478180885315
1788861975611387600,26.5583876953125,0.005874677561223507,-0.1323016881942749,0.6156129240989685
1788861975621429800,26.5684296875,-0.06040581315755844,0.03790812939405441,0.4840008616447449
1788861975631470600,26.578470703125,-0.08485166728496552,0.21610066294670105,0.34997329115867615
1788861975641512700,26.5885126953125,-0.04864705353975296,0.32650038599967957,0.2088901698589325
1788861975651554800,26.598554931640624,0.02331748604774475,0.38513433933258057,0.062190815806388855
1788861975661596000,26.608595947265623,0.08622614294290543,0.36501577496528625,-0.07590793818235397
1788861975671637800,26.6186376953125,0.13054899871349335,0.29288017749786377,-0.1948300153017044
1788861975681679600,26.6286796875,0.14719882607460022,0.2189638614654541,-0.31388238072395325
1788861975691720700,26.638720703125,0.14968723058700562,0.18514686822891235,-0.43922773003578186
1788861975701762600,26.648762451171876,0.11276116222143173,0.19619126617908478,-0.5628204941749573
1788861975711804700,26.6588046875,0.05779120698571205,0.262165904045105,-0.6763594150543213
1788861975721845500,26.668845458984375,0.007779707200825214,0.34247565269470215,-0.7535138130187988
1788861975731887900,26.678887939453126,-0.024648316204547882,0.39525264501571655,-0.7945085167884827
1788861975741929700,26.6889296875,-0.02101895958185196,0.42602309584617615,-0.8082041144371033
1788861975751970800,26.698970703125,0.014583130367100239,0.4276447594165802,-0.7962316870689392
1788861975762012700,26.7090126953125,0.05155579745769501,0.432967871427536,-0.7628758549690247
1788861975772054800,26.7190546875,0.07177863270044327,0.4575178623199463,-0.7200871109962463
1788861975782095600,26.729095703125,0.07048434019088745,0.4732387661933899,-0.6891345381736755
1788861975792137700,26.7391376953125,0.06794045865535736,0.46749433875083923,-0.6812302470207214
1788861975802178600,26.749178466796874,0.07674647122621536,0.44291043281555176,-0.6822172403335571
1788861975812221000,26.759220947265625,0.07794080674648285,0.40132927894592285,-0.694881796836853
1788861975822262800,26.7692626953125,0.05040505900979042,0.388244092464447,-0.7485061287879944
1788861975832303900,26.779303955078124,0.0200162585824728,0.380807489156723,-0.8401198983192444
1788861975842345700,26.789345703125,0.002935276832431555,0.3585868775844574,-0.9302000403404236
1788861975852387600,26.7993876953125,-0.008429049514234066,0.3174123167991638,-0.9931977391242981
1788861975862428700,26.8094287109375,-0.01158143300563097,0.26333150267601013,-1.0465149879455566
1788861975872470500,26.819470458984377,-0.014637661166489124,0.19104455411434174,-1.0968010425567627
1788861975882513000,26.829512939453124,-0.02492785081267357,0.1323476880788803,-1.1793543100357056
1788861975892553700,26.8395537109375,0.006083511747419834,0.12926380336284637,-1.244391679763794
1788861975902595800,26.849595947265627,0.0077269477769732475,0.2279437780380249,-1.280489444732666
1788861975912637700,26.8596376953125,-0.03520123288035393,0.40466198325157166,-1.2990550994873047
1788861975922678800,26.8696787109375,-0.09199979901313782,0.5016105771064758,-1.3170772790908813
1788861975932720600,26.879720703125,-0.1316497027873993,0.44947922229766846,-1.3617891073226929
1788861975942762500,26.889762451171876,-0.15544132888317108,0.33678969740867615,-1.4122029542922974
1788861975952803600,26.899803466796875,-0.15624168515205383,0.20579421520233154,-1.42827308177948
1788861975962845700,26.909845703125,-0.14606574177742004,0.10047871619462967,-1.4024947881698608
1788861975972887800,26.9198876953125,-0.13984809815883636,0.06577428430318832,-1.385013461112976
1788861975982928600,26.9299287109375,-0.12980398535728455,0.11680018156766891,-1.426400065422058
1788861975992970800,26.939970703125,-0.10954418778419495,0.15552885830402374,-1.5021981000900269
1788861976003012600,26.9500126953125,-0.08470408618450165,0.08954744040966034,-1.55463445186615
1788861976013053700,26.9600537109375,-0.07491378486156464,-0.04426462948322296,-1.6088258028030396
1788861976023095600,26.970095458984375,-0.08295945823192596,-0.16785022616386414,-1.6332807540893555
1788861976033136600,26.98013671875,-0.10377752035856247,-0.19018255174160004,-1.6095571517944336
1788861976043178500,26.990178466796873,-0.11805925518274307,-0.14660418033599854,-1.5759326219558716
1788861976053220900,27.000220947265625,-0.12679432332515717,-0.15948733687400818,-1.5932167768478394
1788861976063261700,27.01026171875,-0.12175428867340088,-0.26763033866882324,-1.677884817123413
1788861976073303800,27.0203037109375,-0.09362895786762238,-0.39275652170181274,-1.7382457256317139
1788861976083345700,27.030345703125,-0.06283588707447052,-0.45781272649765015,-1.7768241167068481
1788861976093386800,27.04038671875,-0.006193478591740131,-0.4523257315158844,-1.8080402612686157
1788861976103428600,27.0504287109375,0.053217120468616486,-0.4468556046485901,-1.8809086084365845
1788861976113470500,27.060470458984376,0.09046225249767303,-0.4472431540489197,-1.9384396076202393
1788861976123511600,27.070511474609376,0.12082415074110031,-0.41486844420433044,-1.9840518236160278
1788861976133553700,27.0805537109375,0.13239887356758118,-0.45927003026008606,-2.029749870300293
1788861976143595800,27.090595703125,0.11407101154327393,-0.5831773281097412,-2.0320756435394287
1788861976153636600,27.10063671875,0.08332863450050354,-0.5926428437232971,-2.049923896789551
1788861976163678700,27.1106787109375,0.06741491705179214,-0.4753977358341217,-2.0918335914611816
1788861976173720600,27.120720458984376,0.07254257798194885,-0.40378108620643616,-2.0849411487579346
1788861976183761700,27.13076171875,0.08060796558856964,-0.40677154064178467,-2.056447744369507
1788861976193803500,27.140803466796875,0.0806061178445816,-0.42643794417381287,-2.0712409019470215
1788861976203845600,27.150845703125,0.0985260009765625,-0.41755151748657227,-2.087625503540039
1788861976213886700,27.16088671875,0.12673550844192505,-0.4554474651813507,-2.033388376235962
1788861976223928600,27.170928466796877,0.15912701189517975,-0.4553539752960205,-1.9795516729354858
1788861976233970700,27.180970703125,0.16542905569076538,-0.419012188911438,-1.984458565711975
1788861976244011500,27.191011474609375,0.1550762802362442,-0.4472779333591461,-1.919403314590454
1788861976254053600,27.2010537109375,0.1248958483338356,-0.41307926177978516,-1.8564313650131226
1788861976264094500,27.211094482421874,0.09395470470190048,-0.32316774129867554,-1.8097953796386719
1788861976274136600,27.221136474609374,0.06824782490730286,-0.31677496433258057,-1.7083914279937744
1788861976284178700,27.2311787109375,0.04197761043906212,-0.3748171925544739,-1.5822093486785889
1788861976294219800,27.2412197265625,0.014627128839492798,-0.4046285152435303,-1.4800902605056763
1788861976304261600,27.25126171875,-0.007338623981922865,-0.3948672413825989,-1.3517568111419678
1788861976314303700,27.2613037109375,-0.012344343587756157,-0.3515831232070923,-1.2007073163986206
1788861976324344600,27.271344482421874,-0.026371212676167488,-0.32172536849975586,-1.0408143997192383
1788861976334386700,27.28138671875,-0.037640687078237534,-0.34245964884757996,-0.8126683235168457
1788861976344428500,27.291428466796877,-0.05136049538850784,-0.25050628185272217,-0.5899274349212646
1788861976354469600,27.3014697265625,-0.040926430374383926,-0.17292822897434235,-0.3615703582763672
1788861976364511700,27.31151171875,-0.02878161333501339,-0.11338286846876144,-0.15968890488147736
1788861976374553600,27.3215537109375,-0.0112130893394351,-0.030334489420056343,0.0006827665492892265
1788861976384594700,27.3315947265625,0.01926572434604168,0.07810969650745392,0.1426345854997635
1788861976394636500,27.341636474609373,0.0277336947619915,0.08027920871973038,0.26840993762016296
1788861976404678700,27.3516787109375,0.025413548573851585,0.03348027914762497,0.4107699990272522
1788861976414719500,27.361719482421876,-0.000995128182694316,0.0634799674153328,0.558386504650116
1788861976424761600,27.37176171875,-0.07403604686260223,0.17233213782310486,0.7127074003219604
1788861976434803700,27.3818037109375,-0.13981378078460693,0.22804097831249237,0.8537683486938477
1788861976444844800,27.3918447265625,-0.17200472950935364,0.2646530568599701,0.9534302353858948
1788861976454886700,27.40188671875,-0.16593137383460999,0.25483736395835876,1.0112128257751465
1788861976464927700,27.411927734375,-0.16473373770713806,0.2555753290653229,1.0721858739852905
1788861976474969600,27.421969482421876,-0.19800230860710144,0.325168639421463,1.1644783020019531
1788861976485011500,27.432011474609375,-0.23129183053970337,0.3984772264957428,1.257738709449768
1788861976495052500,27.442052490234374,-0.23680032789707184,0.45469924807548523,1.366875171661377
1788861976505094700,27.4520947265625,-0.2208099216222763,0.4911568760871887,1.4792122840881348
1788861976515136800,27.46213671875,-0.19702309370040894,0.5155882239341736,1.5933324098587036
1788861976525177600,27.472177490234376,-0.1774217039346695,0.5109170079231262,1.7062262296676636
1788861976535219700,27.4822197265625,-0.18943220376968384,0.5037503838539124,1.8155231475830078
1788861976545261600,27.492261474609375,-0.2225446254014969,0.49136850237846375,1.9206894636154175
1788861976555302700,27.502302734375,-0.2588537335395813,0.47227028012275696,2.013817548751831
1788861976565344500,27.512344482421874,-0.29296404123306274,0.4765545129776001,2.1091320514678955
1788861976575386600,27.52238671875,-0.30528703331947327,0.4901004433631897,2.214346170425415
1788861976585427500,27.532427490234376,-0.30368727445602417,0.5206815004348755,2.290759801864624
1788861976595469800,27.5424697265625,-0.2888479232788086,0.5328536033630371,2.3252108097076416
1788861976605511700,27.55251171875,-0.2618817985057831,0.5076783895492554,2.320216655731201
1788861976615552800,27.562552734375,-0.2145523875951767,0.44964200258255005,2.29400634765625
1788861976625594600,27.5725947265625,-0.17330774664878845,0.4024584889411926,2.267763614654541
1788861976635635700,27.5826357421875,-0.13789735734462738,0.3582298755645752,2.2255542278289795
1788861976645677600,27.592677490234376,-0.09594324231147766,0.26220613718032837,2.1801586151123047
1788861976655719700,27.6027197265625,-0.048070669174194336,0.1492495834827423,2.1577510833740234
1788861976665760800,27.6127607421875,0.0032673554960638285,0.02227592095732689,2.1579058170318604
1788861976675802600,27.622802734375,0.021790623664855957,-0.058095782995224,2.164364814758301
1788861976685844700,27.6328447265625,0.02938089892268181,-0.10072100907564163,2.171055316925049
1788861976695885600,27.642885498046876,0.040588390082120895,-0.1685987114906311,2.190402030944824
1788861976705927700,27.652927734375,0.038660261780023575,-0.22252824902534485,2.2062859535217285
1788861976715969500,27.662969482421875,0.03245795890688896,-0.2796836197376251,2.2043075561523438
1788861976726010600,27.6730107421875,0.03352189064025879,-0.3530225455760956,2.1737637519836426
1788861976736052700,27.683052734375,0.01168476976454258,-0.3888481855392456,2.154803991317749
1788861976746094600,27.693094482421873,-0.02556699328124523,-0.37504422664642334,2.1404216289520264
1788861976756135700,27.7031357421875,-0.0522296242415905,-0.3597652316093445,2.1042966842651367
1788861976766177500,27.713177490234376,-0.0466281957924366,-0.3935980498790741,2.0370237827301025
1788861976776219600,27.7232197265625,-0.026388300582766533,-0.48643144965171814,1.9728039503097534
1788861976786260500,27.733260498046874,-0.014823256060481071,-0.528096079826355,1.9424612522125244
1788861976796302600,27.743302490234374,-0.02129058912396431,-0.4630493223667145,1.9633501768112183
1788861976806343700,27.75334375,-0.04963221400976181,-0.31941837072372437,1.9847276210784912
1788861976816385800,27.7633857421875,-0.08328718692064285,-0.2316618412733078,1.959469199180603
1788861976826427600,27.773427734375,-0.08681214600801468,-0.3155279755592346,1.8762125968933105
1788861976836468700,27.78346875,-0.05519029125571251,-0.47429636120796204,1.757427453994751
1788861976846510600,27.793510498046874,-0.025326667353510857,-0.570647120475769,1.6262201070785522
1788861976856552700,27.803552734375,-0.032139748334884644,-0.5854389071464539,1.5051506757736206
1788861976866593500,27.813593505859377,-0.06546840816736221,-0.5482643842697144,1.4095927476882935
1788861976876635600,27.8236357421875,-0.08967798948287964,-0.44075807929039,1.332108497619629
1788861976886677800,27.833677734375,-0.106499582529068,-0.24129529297351837,1.2556513547897339
1788861976896718800,27.84371875,-0.10686329752206802,-0.02515425533056259,1.1769322156906128
1788861976906760700,27.8537607421875,-0.1003531962633133,0.1515991985797882,1.0822118520736694
1788861976916802600,27.863802490234374,-0.10533317178487778,0.3017779290676117,0.9551231861114502
1788861976926843600,27.87384375,-0.09470263123512268,0.3979710340499878,0.7983612418174744
1788861976936885500,27.883885498046876,-0.030718501657247543,0.39619964361190796,0.6124554872512817
1788861976946927600,27.893927734375,0.07896565645933151,0.3328840732574463,0.4128642976284027
1788861976956968400,27.903968505859375,0.18546760082244873,0.2771070897579193,0.20623444020748138
1788861976967010800,27.9140107421875,0.2449072152376175,0.30198046565055847,0.009901674464344978
1788861976977051600,27.9240517578125,0.2610936164855957,0.3499336540699005,-0.1434026062488556
1788861976987093800,27.93409375,0.26775923371315,0.3177434802055359,-0.24417290091514587
1788861976997136000,27.944135986328124,0.269659161567688,0.2502296566963196,-0.3256382644176483
1788861977007177000,27.954177001953123,0.256730854511261,0.2273523211479187,-0.4187903106212616
1788861977017218800,27.96421875,0.25915393233299255,0.251091331243515,-0.5156331062316895
1788861977027260700,27.9742607421875,0.2579863965511322,0.2682535648345947,-0.6175538301467896
1788861977037301800,27.9843017578125,0.23848779499530792,0.29546627402305603,-0.7025703191757202
1788861977047343600,27.994343505859376,0.19665247201919556,0.3431272506713867,-0.7642677426338196
1788861977057385700,28.0043857421875,0.158176988363266,0.39418619871139526,-0.7955471277236938
1788861977067426600,28.014426513671875,0.1271096169948578,0.4492073655128479,-0.8080663681030273
1788861977077469000,28.024468994140626,0.10438882559537888,0.507482647895813,-0.7969441413879395
1788861977087510800,28.0345107421875,0.06300250440835953,0.5993548035621643,-0.7776737213134766
1788861977097552000,28.0445517578125,0.04126160964369774,0.7103890776634216,-0.7724700570106506
1788861977107593700,28.05459375,0.05571751296520233,0.7687064409255981,-0.7799127697944641
1788861977117635800,28.0646357421875,0.10322470963001251,0.7466630935668945,-0.7892025709152222
1788861977127676700,28.0746767578125,0.14610372483730316,0.633201539516449,-0.8014853000640869
1788861977137718800,28.08471875,0.18537285923957825,0.4326428174972534,-0.8295407295227051
1788861977147759600,28.094759521484374,0.21866609156131744,0.19723135232925415,-0.8839890956878662
1788861977157802000,28.104802001953125,0.21144697070121765,0.022107046097517014,-0.969186544418335
1788861977167843800,28.11484375,0.16763077676296234,-0.04923264682292938,-1.088910698890686
1788861977177885000,28.124885009765624,0.09998045861721039,-0.037974774837493896,-1.2014716863632202
1788861977187926800,28.1349267578125,0.015075153671205044,0.07799071073532104,-1.2954612970352173
1788861977197968600,28.14496875,-0.07159660011529922,0.2857697308063507,-1.3510738611221313
1788861977208009700,28.155009765625,-0.13056164979934692,0.5221620202064514,-1.319599986076355
1788861977218051600,28.165051513671877,-0.2028026431798935,0.719854474067688,-1.2612224817276
1788861977228094000,28.175093994140624,-0.23089180886745453,0.7863940596580505,-1.2140573263168335
1788861977238134800,28.185134765625,-0.20723281800746918,0.7217977643013,-1.2178525924682617
1788861977248177000,28.195177001953127,-0.1907593011856079,0.5773388743400574,-1.3037832975387573
1788861977258218800,28.20521875,-0.18999139964580536,0.35702282190322876,-1.4595588445663452
1788861977268259800,28.215259765625,-0.16140051186084747,0.08154706656932831,-1.6019256114959717
1788861977278301700,28.2253017578125,-0.12932634353637695,-0.11303798109292984,-1.6489499807357788
1788861977288342800,28.2353427734375,-0.125160351395607,-0.153196319937706,-1.605678677558899
1788861977298384600,28.245384521484375,-0.14641715586185455,-0.12596604228019714,-1.5435125827789307
1788861977308426800,28.2554267578125,-0.19695863127708435,-0.11492909491062164,-1.519653081893921
1788861977318467800,28.2654677734375,-0.25073114037513733,-0.09429190307855606,-1.5604454278945923
1788861977328509700,28.275509765625,-0.27276721596717834,-0.12516406178474426,-1.6088212728500366
1788861977338551800,28.2855517578125,-0.2606080174446106,-0.2744789719581604,-1.6234564781188965
1788861977348592600,28.295592529296876,-0.24007079005241394,-0.46541163325309753,-1.6384689807891846
1788861977358634800,28.305634765625,-0.20271258056163788,-0.5414704084396362,-1.6770471334457397
1788861977368676600,28.315676513671875,-0.17795343697071075,-0.4943026304244995,-1.712814450263977
1788861977378717700,28.3257177734375,-0.15776489675045013,-0.42129915952682495,-1.7331582307815552
1788861977388759800,28.335759765625,-0.1400921493768692,-0.36504894495010376,-1.7661586999893188
1788861977398802000,28.345802001953125,-0.12284356355667114,-0.3035670220851898,-1.7912966012954712
1788861977408842800,28.3558427734375,-0.07822337001562119,-0.24897649884223938,-1.8278915882110596
1788861977418884900,28.365884765625,-0.002614667173475027,-0.2686728835105896,-1.854081630706787
1788861977428925700,28.37592578125,0.0759403258562088,-0.2939199209213257,-1.8546267747879028
1788861977438967800,28.3859677734375,0.12859155237674713,-0.26702412962913513,-1.8267735242843628
1788861977449009700,28.396009765625,0.1482669860124588,-0.2253989279270172,-1.7752748727798462
1788861977459050800,28.40605078125,0.1391686052083969,-0.21503983438014984,-1.7672317028045654
1788861977469092900,28.4160927734375,0.12497928738594055,-0.2677062153816223,-1.7887852191925049
1788861977479134700,28.426134765625,0.11470290273427963,-0.3338087499141693,-1.829520344734192
1788861977489175800,28.43617578125,0.10833262652158737,-0.37146103382110596,-1.8399466276168823
1788861977499217700,28.4462177734375,0.09161847084760666,-0.3983396589756012,-1.844527006149292
1788861977509259800,28.456259765625,0.0557510145008564,-0.43808281421661377,-1.840646505355835
1788861977519300600,28.466300537109376,0.016062594950199127,-0.4518960118293762,-1.8567860126495361
1788861977529342700,28.4763427734375,-0.011271292343735695,-0.4616061747074127,-1.8754286766052246
1788861977539384800,28.486384765625,-0.019012494012713432,-0.5805397629737854,-1.8657857179641724
1788861977549426000,28.496426025390626,-0.02500993385910988,-0.6674096584320068,-1.84317147731781
1788861977559467800,28.5064677734375,-0.029350537806749344,-0.5884150862693787,-1.8346829414367676
1788861977569508900,28.5165087890625,-0.03746172785758972,-0.38112717866897583,-1.8152799606323242
1788861977579550700,28.52655078125,-0.04112572968006134,-0.3107541501522064,-1.7439844608306885
1788861977589592600,28.536592529296875,-0.02216854877769947,-0.3925105333328247,-1.6524033546447754
1788861977599633700,28.546633544921875,-0.0008115863893181086,-0.4539731740951538,-1.5433769226074219
1788861977609675800,28.55667578125,-0.008442342281341553,-0.41246381402015686,-1.4166821241378784
1788861977619718000,28.5667177734375,-0.03706105053424835,-0.3567708730697632,-1.2974265813827515
1788861977629758700,28.5767587890625,-0.08244290947914124,-0.3181630074977875,-1.1548266410827637
1788861977639800800,28.58680078125,-0.12163974344730377,-0.27932989597320557,-0.9952237606048584
1788861977649842700,28.5968427734375,-0.12128554284572601,-0.17322532832622528,-0.8368394374847412
1788861977659883800,28.6068837890625,-0.0762086883187294,-0.05953172966837883,-0.6457933187484741
1788861977669925600,28.616925537109374,-0.016532041132450104,0.06757348775863647,-0.44649723172187805
1788861977679968000,28.626968017578125,0.02832375094294548,0.11576270312070847,-0.25211629271507263
1788861977690008800,28.6370087890625,0.07218361645936966,0.14208830893039703,-0.06071224808692932
1788861977700051000,28.647051025390624,0.05487588793039322,0.16492903232574463,0.12655845284461975
1788861977710091800,28.657091796875,0.01757858321070671,0.22463443875312805,0.309963196516037
1788861977720134000,28.6671337890625,0.00023827608674764633,0.2642906606197357,0.4622446298599243
1788861977730175700,28.67717578125,0.007835475727915764,0.25526735186576843,0.5849207639694214
1788861977740216800,28.687216796875,0.007595243863761425,0.27894049882888794,0.7187216281890869
1788861977750258700,28.6972587890625,0.005144070368260145,0.36609774827957153,0.8748611807823181
1788861977760300800,28.70730078125,-0.004159557167440653,0.461180180311203,1.0172592401504517
1788861977770342000,28.717341796875,-0.038155339658260345,0.49260470271110535,1.1921205520629883
1788861977780383700,28.7273837890625,-0.07429651916027069,0.500821053981781,1.3282129764556885
1788861977790425900,28.73742578125,-0.10547787696123123,0.4743654727935791,1.4587533473968506
1788861977800466700,28.747466796875,-0.14277122914791107,0.398160457611084,1.5776275396347046
1788861977810508800,28.7575087890625,-0.18095989525318146,0.4044729471206665,1.6622204780578613
1788861977820550700,28.767550537109376,-0.1862558275461197,0.4313793480396271,1.7067714929580688
1788861977830591700,28.777591796875,-0.15908971428871155,0.428621381521225,1.7683680057525635
1788861977840633900,28.7876337890625,-0.1351107954978943,0.4772453010082245,1.9049099683761597
1788861977850675000,28.797675048828125,-0.15746723115444183,0.58018559217453,2.069916009902954
1788861977860716800,28.807716796875,-0.2126813381910324,0.5997812151908875,2.2448055744171143
1788861977870758700,28.817758544921876,-0.2274581491947174,0.5467433333396912,2.3747103214263916
1788861977880799700,28.8277998046875,-0.17633675038814545,0.44776755571365356,2.4243857860565186
1788861977890841600,28.837841552734375,-0.11319106072187424,0.3910198509693146,2.462707996368408
1788861977900883700,28.8478837890625,-0.07012335956096649,0.4355403482913971,2.495859384536743
1788861977910924800,28.8579248046875,-0.009979067370295525,0.42852982878685,2.5167932510375977
1788861977920967000,28.867966796875,0.03631984815001488,0.3142654299736023,2.51417875289917
1788861977931008800,28.8780087890625,0.043583352118730545,0.19676996767520905,2.484830141067505
1788861977941049900,28.8880498046875,0.03221241012215614,0.09972812980413437,2.472679376602173
1788861977951091700,28.898091796875,0.00555177079513669,-0.018617689609527588,2.492821216583252
1788861977961132800,28.9081328125,-0.03354429826140404,-0.10640443861484528,2.5253164768218994
1788861977971174700,28.918174560546873,-0.09712620079517365,-0.18580633401870728,2.5185317993164062
1788861977981216800,28.928216796875,-0.16036570072174072,-0.29551440477371216,2.471986770629883
1788861977991257600,28.938257568359376,-0.1932256519794464,-0.4318695664405823,2.381804943084717
1788861978001300000,28.948300048828123,-0.19900311529636383,-0.5268690586090088,2.3024885654449463
1788861978011341800,28.958341796875,-0.1737624704837799,-0.5012126564979553,2.282170057296753
1788861978021383000,28.9683828125,-0.10958956182003021,-0.4063274562358856,2.294283628463745
1788861978031425000,28.978425048828125,-0.017110757529735565,-0.31301507353782654,2.3023734092712402
1788861978041467000,28.988466796875,0.09236535429954529,-0.28272324800491333,2.281810998916626
1788861978051508000,28.998508056640624,0.17959453165531158,-0.2781950533390045,2.217484951019287
1788861978061549800,29.0085498046875,0.23288802802562714,-0.3000999987125397,2.146965980529785
1788861978071592000,29.018592041015626,0.20495732128620148,-0.29962408542633057,2.125858783721924
1788861978081632800,29.0286328125,0.08930177986621857,-0.20161332190036774,2.152651786804199
1788861978091675000,29.0386748046875,-0.05714944377541542,-0.0726870447397232,2.171544075012207
1788861978101715700,29.0487158203125,-0.13059072196483612,-0.06682770699262619,2.1418089866638184
1788861978111758000,29.058758056640624,-0.10731763392686844,-0.2925412654876709,2.067281484603882
1788861978121800000,29.068800048828123,-0.025812514126300812,-0.6865273118019104,1.933917760848999
1788861978131841000,29.078841064453126,0.057162266224622726,-1.024501919746399,1.7662211656570435
1788861978141883000,29.0888828125,0.11271555721759796,-1.1125060319900513,1.6175822019577026
1788861978151924700,29.0989248046875,0.08003377169370651,-0.8688673377037048,1.551422357559204
1788861978161965800,29.1089658203125,-0.035790298134088516,-0.4044434428215027,1.518850326538086
1788861978172007700,29.119007568359375,-0.18317639827728271,0.060932621359825134,1.4298380613327026
1788861978182050000,29.129050048828127,-0.29636335372924805,0.35597965121269226,1.2770551443099976
1788861978192091000,29.1390908203125,-0.3378908038139343,0.4388151466846466,1.0815000534057617
1788861978202133000,29.149133056640625,-0.3104517459869385,0.3513563573360443,0.8563186526298523
1788861978212173800,29.159173828125,-0.23766754567623138,0.19240880012512207,0.6352408528327942
1788861978222216000,29.1692158203125,-0.1547764092683792,0.06256533414125443,0.4192788302898407
1788861978232257800,29.1792578125,-0.053965382277965546,0.04031648486852646,0.2394012063741684
1788861978242299000,29.189298828125,0.01221644226461649,0.16100814938545227,0.07301520556211472
1788861978252340700,29.1993408203125,0.03434837609529495,0.3576011061668396,-0.044385187327861786
1788861978262383000,29.209383056640625,0.053199101239442825,0.5151253938674927,-0.1245543360710144
1788861978272424000,29.219423828125,0.08670806139707565,0.5648466348648071,-0.18163174390792847
1788861978282466000,29.229466064453124,0.14293378591537476,0.47841164469718933,-0.21582460403442383
1788861978292508000,29.2395078125,0.19925270974636078,0.2710275650024414,-0.2510363757610321
1788861978302549000,29.249549072265626,0.25711357593536377,0.046364378184080124,-0.2809227705001831
1788861978312590800,29.2595908203125,0.3246678411960602,-0.046961039304733276,-0.33286958932876587
1788861978322632000,29.2696318359375,0.33011937141418457,0.030018143355846405,-0.4178905487060547
1788861978332673800,29.279673828125,0.28796258568763733,0.2112494558095932,-0.5722218155860901
1788861978342716000,29.2897158203125,0.25275954604148865,0.4039909541606903,-0.7727639079093933
1788861978352757000,29.299757080078123,0.22360672056674957,0.48500004410743713,-0.9158827066421509
1788861978362798800,29.309798828125,0.165278360247612,0.4784913957118988,-1.0158430337905884
1788861978372841000,29.319841064453126,0.08159678429365158,0.47417572140693665,-1.0958644151687622
1788861978382881800,29.3298818359375,-0.01897600293159485,0.5042495727539062,-1.1361658573150635
1788861978392924000,29.339923828125,-0.13380618393421173,0.603792130947113,-1.1104782819747925
1788861978402965800,29.3499658203125,-0.21310429275035858,0.7266907095909119,-1.0519264936447144
1788861978413006800,29.3600068359375,-0.23243217170238495,0.8013700246810913,-1.015709638595581
1788861978423049000,29.370049072265626,-0.19900333881378174,0.801609456539154,-1.042946696281433
1788861978433090000,29.380090087890625,-0.0963858887553215,0.7232693433761597,-1.1143798828125
1788861978443132000,29.3901318359375,0.021211756393313408,0.6099234223365784,-1.1911543607711792
1788861978453173800,29.400173828125,0.09034156054258347,0.516116201877594,-1.254580020904541
1788861978463214800,29.41021484375,0.08064497262239456,0.49545565247535706,-1.3034874200820923
1788861978473256700,29.420256591796875,0.015842542052268982,0.5508171916007996,-1.3374078273773193
1788861978483298800,29.430298828125,-0.03008819743990898,0.5886383056640625,-1.3419407606124878
1788861978493340000,29.44033984375,-0.06543127447366714,0.5546966195106506,-1.320244312286377
1788861978503382000,29.450382080078125,-0.0954599529504776,0.4979417324066162,-1.319574236869812
1788861978513424000,29.460423828125,-0.12421810626983643,0.48207300901412964,-1.357807993888855
1788861978523465000,29.47046484375,-0.14102479815483093,0.46397602558135986,-1.4053817987442017
1788861978533506800,29.4805068359375,-0.1344289481639862,0.3673549294471741,-1.481874942779541
1788861978543548000,29.4905478515625,-0.1002933606505394,0.2118261307477951,-1.5588136911392212
1788861978553589800,29.50058984375,-0.0700177475810051,0.08692706376314163,-1.5687412023544312
1788861978563631900,29.5106318359375,-0.08739428967237473,0.011276165954768658,-1.5745079517364502
1788861978573673000,29.5206728515625,-0.1477910578250885,-0.05492282658815384,-1.645788550376892
1788861978583715000,29.530715087890623,-0.19019918143749237,-0.1886545568704605,-1.7441630363464355
1788861978593757000,29.5407568359375,-0.1951816976070404,-0.31258130073547363,-1.7903140783309937
1788861978603798000,29.550798095703126,-0.20558789372444153,-0.2655177712440491,-1.7956509590148926
1788861978613840000,29.56083984375,-0.2436990588903427,-0.11787396669387817,-1.785443663597107
1788861978623881700,29.5708818359375,-0.25342270731925964,-0.03812597692012787,-1.7998844385147095
1788861978633922800,29.5809228515625,-0.17307648062705994,0.054914481937885284,-1.8897277116775513
1788861978643965000,29.59096484375,-0.013542783446609974,0.15417882800102234,-2.0181140899658203
1788861978654006000,29.601006103515626,0.16694363951683044,0.13191799819469452,-2.080178737640381
1788861978664047900,29.6110478515625,0.2763623595237732,-0.010681643150746822,-2.0564699172973633
1788861978674090000,29.621090087890625,0.2807067632675171,-0.15519994497299194,-1.994217872619629
1788861978684130800,29.631130859375,0.20362171530723572,-0.25509947538375854,-1.922337532043457
1788861978694173000,29.6411728515625,0.09386885166168213,-0.2334037572145462,-1.8625128269195557
1788861978704214800,29.65121484375,0.03182457759976387,-0.16835705935955048,-1.8657158613204956
1788861978714256000,29.661255859375,0.045875415205955505,-0.18863411247730255,-1.8838982582092285
1788861978724298000,29.671298095703126,0.08742459863424301,-0.33207955956459045,-1.8947710990905762
1788861978734339800,29.68133984375,0.11479390412569046,-0.5345436930656433,-1.9522448778152466
1788861978744381000,29.691380859375,0.1512129306793213,-0.7118000388145447,-1.9909254312515259
1788861978754422800,29.7014228515625,0.20746688544750214,-0.8309285640716553,-1.9929664134979248
1788861978764463900,29.7114638671875,0.23942601680755615,-0.8101719617843628,-1.9811776876449585
1788861978774505700,29.721505615234374,0.2212531417608261,-0.7016151547431946,-1.9854313135147095
1788861978784547800,29.7315478515625,0.1578020453453064,-0.6191263794898987,-2.0018649101257324
1788861978794589000,29.7415888671875,0.08472170680761337,-0.5882550477981567,-2.0186493396759033
1788861978804631000,29.751631103515624,0.02037542685866356,-0.6855030059814453,-2.022562265396118
1788861978814673000,29.7616728515625,-0.007238889113068581,-0.7690476775169373,-2.005783796310425
1788861978824714000,29.7717138671875,0.0015982120530679822,-0.7723907232284546,-1.9422154426574707
1788861978834755800,29.781755859375,0.0004495906177908182,-0.7121537327766418,-1.8371052742004395
1788861978844798000,29.7917978515625,-0.02096235193312168,-0.5855858325958252,-1.6937448978424072
1788861978854838800,29.8018388671875,-0.05723566934466362,-0.33274877071380615,-1.5632365942001343
1788861978864881000,29.811880859375,-0.08393237739801407,-0.15851561725139618,-1.405590534210205
1788861978874921700,29.821921630859375,-0.088607557117939,-0.08513195812702179,-1.2863272428512573
1788861978884964000,29.831964111328126,-0.058214738965034485,-0.008129067718982697,-1.151535987854004
1788861978895006000,29.842005859375,0.004839330445975065,0.037434954196214676,-0.987819492816925
1788861978905047000,29.852047119140625,0.05032200366258621,0.08430005609989166,-0.7760035991668701
1788861978915089000,29.8620888671875,0.05897381156682968,0.18292464315891266,-0.5295048356056213
1788861978925130800,29.872130859375,0.013259676285088062,0.2820248007774353,-0.29525870084762573
1788861978935171800,29.882171875,-0.043264854699373245,0.2764454782009125,-0.11748630553483963
1788861978945213700,29.892213623046874,-0.053334131836891174,0.2867157757282257,0.07498793303966522
1788861978955256000,29.902256103515626,-0.012671923264861107,0.2798522710800171,0.258749783039093
1788861978965297000,29.912296875,-0.0017682085745036602,0.28714197874069214,0.4190906584262848
1788861978975339000,29.922339111328125,-0.024550486356019974,0.28134027123451233,0.576327383518219
1788861978985379800,29.9323798828125,-0.0417090579867363,0.2920076251029968,0.718758761882782
1788861978995422500,29.94242236328125,-0.06415124982595444,0.23743359744548798,0.8209370970726013
1788861979005464600,29.952464599609375,-0.1187436431646347,0.1594996303319931,0.9210187196731567
1788861979015505700,29.962505615234374,-0.18484888970851898,0.10767239332199097,1.0254802703857422
1788861979025547500,29.972547607421873,-0.24073806405067444,0.202940434217453,1.175439715385437
1788861979035589400,29.98258935546875,-0.2561875879764557,0.24960914254188538,1.3442268371582031
1788861979045630500,29.99263037109375,-0.2435583621263504,0.2211543172597885,1.476629614830017
1788861979055672300,30.00267236328125,-0.20273396372795105,0.2561940550804138,1.5616989135742188
1788861979065713400,30.01271337890625,-0.13757143914699554,0.34869199991226196,1.6323256492614746
1788861979075755300,30.02275537109375,-0.07179242372512817,0.3929249942302704,1.7041192054748535
1788861979085797600,30.032797607421877,0.005663031246513128,0.3714086711406708,1.7572875022888184
1788861979095838500,30.04283837890625,0.06091377139091492,0.3526941239833832,1.8271305561065674
1788861979105880600,30.052880615234375,0.10400957614183426,0.41008225083351135,1.949008584022522
1788861979115922400,30.06292236328125,0.14421719312667847,0.4485180675983429,2.06772518157959
1788861979125963500,30.072963623046874,0.16900363564491272,0.45613834261894226,2.166815996170044
1788861979136005400,30.08300537109375,0.19167006015777588,0.48793062567710876,2.241826295852661
1788861979146047500,30.093047607421877,0.21689561009407043,0.46743616461753845,2.2788214683532715
1788861979156088600,30.103088623046876,0.22654157876968384,0.4053480327129364,2.290010452270508
1788861979166130400,30.11313037109375,0.22156588733196259,0.3694964051246643,2.275315046310425
1788861979176171500,30.123171630859375,0.2293521761894226,0.30096715688705444,2.237078905105591
1788861979186213400,30.13321337890625,0.22708569467067719,0.21056440472602844,2.23722243309021
1788861979196255500,30.14325537109375,0.18726424872875214,0.1727062314748764,2.2925286293029785
1788861979206296300,30.15329638671875,0.14911605417728424,0.10318682342767715,2.334541082382202
1788861979216338400,30.16333837890625,0.1149655431509018,0.02571173757314682,2.355389356613159
1788861979226380500,30.173380615234375,0.08259108662605286,-0.015072708949446678,2.3555541038513184
1788861979236421600,30.183421630859375,0.08174793422222137,-0.08794931322336197,2.333770275115967
1788861979246463500,30.19346337890625,0.09297292679548264,-0.22001710534095764,2.2925920486450195
1788861979256504600,30.203504638671873,0.08526574075222015,-0.3504693806171417,2.2504820823669434
1788861979266546400,30.21354638671875,0.08446244895458221,-0.4339170753955841,2.22314190864563
1788861979276588500,30.223588623046876,0.07901042699813843,-0.45747673511505127,2.191483497619629
1788861979286629400,30.23362939453125,0.04671691730618477,-0.42349159717559814,2.1638846397399902
1788861979296671500,30.24367138671875,0.02386060170829296,-0.4093656539916992,2.135472059249878
1788861979306713600,30.253713623046874,0.0029274472035467625,-0.4328281581401825,2.076239585876465
1788861979316754700,30.263754638671877,-0.025734025985002518,-0.4318696856498718,2.009096145629883
1788861979326796500,30.273796630859376,-0.06619222462177277,-0.3967615067958832,1.9837369918823242
1788861979336838400,30.28383837890625,-0.10809892416000366,-0.3394708037376404,1.9842805862426758
1788861979346879500,30.29387939453125,-0.13736163079738617,-0.294298380613327,1.971266746520996
1788861979356921300,30.30392138671875,-0.15661734342575073,-0.31146085262298584,1.9178942441940308
1788861979366962400,30.31396240234375,-0.151210218667984,-0.3875245749950409,1.838592290878296
1788861979377004300,30.32400439453125,-0.13183943927288055,-0.4756200909614563,1.7447760105133057
1788861979387046700,30.334046630859376,-0.11794942617416382,-0.4846343696117401,1.6494429111480713
1788861979397087500,30.34408740234375,-0.13954579830169678,-0.3418266177177429,1.572252869606018
1788861979407129600,30.354129638671875,-0.1531771719455719,-0.15818914771080017,1.5243779420852661
1788861979417171500,30.36417138671875,-0.12887023389339447,-0.03599400818347931,1.4706441164016724
1788861979427212500,30.374212646484374,-0.09440978616476059,0.01854810118675232,1.3795409202575684
1788861979437254400,30.38425439453125,-0.04536661133170128,0.01346732210367918,1.2516024112701416
1788861979447296300,30.394296142578124,-0.00942745991051197,0.0031541939824819565,1.098731517791748
1788861979457337300,30.40433740234375,0.00045659602619707584,0.024626463651657104,0.9282627701759338
1788861979467379500,30.41437939453125,0.018207458779215813,0.041443951427936554,0.7448000311851501
1788861979477420500,30.424420654296874,0.04299056902527809,0.021709127351641655,0.5579110980033875
1788861979487462400,30.43446240234375,0.0682363212108612,-0.012526956386864185,0.3663482964038849
1788861979497504500,30.44450439453125,0.08421741425991058,-0.027118947356939316,0.1616915613412857
1788861979507545300,30.45454541015625,0.08485561609268188,0.030836431309580803,-0.052695102989673615
1788861979517587500,30.46458740234375,0.0890737920999527,0.106615349650383,-0.24645471572875977
1788861979527629300,30.47462939453125,0.07432607561349869,0.20737116038799286,-0.404257595539093
1788861979537670400,30.48467041015625,0.06777709722518921,0.3032923638820648,-0.5414881706237793
1788861979547712500,30.49471240234375,0.10715145617723465,0.3513227105140686,-0.6670243740081787
1788861979557753600,30.504753662109376,0.16123227775096893,0.35526418685913086,-0.7643107175827026
1788861979567795500,30.51479541015625,0.20474395155906677,0.3529414236545563,-0.8347906470298767
1788861979577837600,30.524837646484375,0.20850859582424164,0.38055866956710815,-0.8748062252998352
1788861979587878400,30.53487841796875,0.18338613212108612,0.4242367446422577,-0.8890401124954224
1788861979597920500,30.54492041015625,0.13723701238632202,0.46197107434272766,-0.8847827911376953
1788861979607962400,30.55496240234375,0.08837096393108368,0.48961037397384644,-0.8840352296829224
1788861979618003500,30.56500341796875,0.042019180953502655,0.49507835507392883,-0.8909932374954224
1788861979628045600,30.575045654296876,0.008867723867297173,0.5157278776168823,-0.9078516364097595
1788861979638086700,30.585086669921875,-0.028967805206775665,0.5590258240699768,-0.9155681729316711
1788861979648128500,30.59512841796875,-0.04893869534134865,0.5521337389945984,-0.8942936062812805
1788861979658170400,30.60517041015625,-0.04281395673751831,0.48930230736732483,-0.8330609202384949
1788861979668211500,30.61521142578125,-0.0064532519318163395,0.3693457245826721,-0.7783511877059937
1788861979678253300,30.62525341796875,0.024831168353557587,0.2900245487689972,-0.7759056091308594
1788861979688295400,30.63529541015625,0.018681079149246216,0.2850322425365448,-0.8455072641372681
1788861979698336300,30.645336181640626,-0.010145507752895355,0.2723790407180786,-0.9849509596824646
1788861979708378600,30.655378662109374,-0.04719327390193939,0.18026936054229736,-1.138692021369934
1788861979718420500,30.66542041015625,-0.12056362628936768,0.1175612285733223,-1.2818318605422974
1788861979728461600,30.675461669921877,-0.17670485377311707,0.18456493318080902,-1.4033492803573608
1788861979738503400,30.68550341796875,-0.1902022808790207,0.3049352765083313,-1.4715230464935303
1788861979748544500,30.69554443359375,-0.1682710200548172,0.36541661620140076,-1.4950320720672607
1788861979758586400,30.70558642578125,-0.10664627701044083,0.3471832871437073,-1.5031089782714844
1788861979768628500,30.71562841796875,-0.053871914744377136,0.2514569163322449,-1.5179214477539062
1788861979778669300,30.72566943359375,-0.04686806723475456,0.1492447853088379,-1.539475440979004
1788861979788711400,30.73571142578125,-0.054353803396224976,0.050591841340065,-1.619267225265503
1788861979798752500,30.74575244140625,-0.07011812180280685,-0.02541690319776535,-1.721246361732483
1788861979808794600,30.755794677734375,-0.08999057859182358,-0.10712004452943802,-1.7781974077224731
1788861979818836500,30.76583642578125,-0.10386858135461807,-0.19191616773605347,-1.8018007278442383
1788861979828877600,30.775877685546874,-0.119659923017025,-0.2457374632358551,-1.816220998764038
1788861979838919400,30.78591943359375,-0.13972152769565582,-0.30551156401634216,-1.8507568836212158
1788861979848961500,30.79596142578125,-0.1661270707845688,-0.39731255173683167,-1.8954262733459473
1788861979859002600,30.806002685546876,-0.1941925287246704,-0.48402297496795654,-1.9514507055282593
1788861979869044500,30.81604443359375,-0.19733688235282898,-0.5695593953132629,-2.002073287963867
1788861979879086600,30.826086669921875,-0.18041782081127167,-0.6050284504890442,-2.0362887382507324
1788861979889127400,30.83612744140625,-0.16597338020801544,-0.5704641342163086,-2.044870376586914
1788861979899169500,30.84616943359375,-0.14981891214847565,-0.5288117527961731,-2.030215263366699
1788861979909210400,30.85621044921875,-0.12948885560035706,-0.4912281632423401,-1.997201681137085
1788861979919252500,30.86625244140625,-0.12447411566972733,-0.46329453587532043,-1.9865506887435913
1788861979929294600,30.876294677734375,-0.1039404571056366,-0.4744277596473694,-1.9970459938049316
1788861979939335700,30.886335693359374,-0.08699077367782593,-0.48498451709747314,-2.0197925567626953
1788861979949377500,30.89637744140625,-0.07415350526571274,-0.43582767248153687,-2.0487053394317627
1788861979959419400,30.90641943359375,-0.034415945410728455,-0.38394075632095337,-2.077345132827759
1788861979969460500,30.91646044921875,0.012982496991753578,-0.3943737745285034,-2.077218532562256
1788861979979502300,30.92650244140625,0.0346132256090641,-0.4073532223701477,-2.046199083328247
1788861979989543400,30.93654345703125,0.05437324941158295,-0.3752298057079315,-2.017977237701416
1788861979999584500,30.94658447265625,0.06063727289438248,-0.3577336370944977,-1.999889612197876
1788861980009626400,30.95662646484375,0.03195629641413689,-0.38075315952301025,-2.0061986446380615
1788861980019667500,30.96666748046875,-0.016594192013144493,-0.3234003782272339,-1.9823001623153687
1788861980029709600,30.97670947265625,-0.030620481818914413,-0.2413148581981659,-1.9071201086044312
1788861980039751400,30.98675146484375,-0.0067734746262431145,-0.284531831741333,-1.8279474973678589
1788861980049792500,30.99679248046875,0.024663086980581284,-0.3652413785457611,-1.7099939584732056
1788861980059834400,31.00683447265625,0.032328732311725616,-0.35044750571250916,-1.5973281860351562
1788861980069875500,31.01687548828125,0.04647699370980263,-0.18167045712471008,-1.506608247756958
1788861980079917300,31.026917236328124,0.05090316757559776,-0.058399926871061325,-1.4030077457427979
1788861980089959400,31.03695947265625,0.030489692464470863,0.07397738844156265,-1.3429938554763794
1788861980100000300,31.047000244140627,0.008697311393916607,0.005108312703669071,-1.237001895904541
1788861980110042600,31.057042724609374,-0.002649804810062051,-0.12424365431070328,-1.1113959550857544
1788861980120084500,31.06708447265625,-0.01548677496612072,-0.10787373781204224,-1.0184884071350098
1788861980130125600,31.07712548828125,0.003112978767603636,-0.054013680666685104,-0.8921769261360168
1788861980140167400,31.08716748046875,0.0488240085542202,-0.032414909452199936,-0.7664634585380554
1788861980150209500,31.09720947265625,0.07351423799991608,-0.08058220893144608,-0.6289941668510437
1788861980160250400,31.10725048828125,0.06286212801933289,-0.12840379774570465,-0.497919499874115
1788861980170292500,31.11729248046875,0.05115880072116852,-0.14472626149654388,-0.3483290672302246
1788861980180333300,31.127333251953125,0.03992612287402153,-0.1109403446316719,-0.17596156895160675
1788861980190375700,31.137375732421877,0.056125205010175705,-0.047609712928533554,-0.02394322119653225
1788861980200417500,31.14741748046875,0.11930843442678452,0.04201311245560646,0.136417955160141
1788861980210458600,31.157458740234375,0.17441608011722565,0.07184988260269165,0.2860276997089386
1788861980220500500,31.16750048828125,0.1756959855556488,0.0328604057431221,0.42827486991882324
1788861980230542300,31.177542236328126,0.14942790567874908,0.040122583508491516,0.5945930480957031
1788861980240583400,31.18758349609375,0.09658174216747284,0.08117441087961197,0.7261955142021179
1788861980250625300,31.197625244140625,0.016437824815511703,0.0762133076786995,0.8605120778083801
1788861980260666400,31.207666259765624,-0.06542641669511795,0.143546000123024,1.0095628499984741
1788861980270708500,31.21770849609375,-0.1623462289571762,0.18648964166641235,1.1545354127883911
1788861980280750600,31.22775048828125,-0.24794796109199524,0.09296981990337372,1.2938214540481567
1788861980290791400,31.23779150390625,-0.2990029752254486,0.05125338211655617,1.4154539108276367
1788861980300833500,31.24783349609375,-0.32677096128463745,0.11858981847763062,1.5403369665145874
1788861980310874400,31.257874267578124,-0.32398179173469543,0.20159173011779785,1.679943561553955
1788861980320916500,31.26791650390625,-0.3027273714542389,0.30071911215782166,1.7900636196136475
1788861980330958300,31.277958251953127,-0.29247426986694336,0.39786139130592346,1.8656604290008545
1788861980340999400,31.28799951171875,-0.29334190487861633,0.4293178617954254,1.9418412446975708
1788861980351041500,31.29804150390625,-0.2940700352191925,0.4442102611064911,2.02713680267334
1788861980361083400,31.30808349609375,-0.3048502504825592,0.4974689483642578,2.1217188835144043
1788861980371124500,31.31812451171875,-0.2967783510684967,0.510344922542572,2.211589813232422
1788861980381166300,31.328166259765624,-0.24585416913032532,0.4447430372238159,2.2667770385742188
1788861980391207400,31.33820751953125,-0.20019623637199402,0.3976302444934845,2.3053524494171143
1788861980401249500,31.34824951171875,-0.20231424272060394,0.39673754572868347,2.3831121921539307
1788861980411291400,31.35829150390625,-0.19732263684272766,0.38156071305274963,2.4786970615386963
1788861980421332500,31.36833251953125,-0.19500648975372314,0.37201833724975586,2.559391736984253
1788861980431374600,31.37837451171875,-0.2279343605041504,0.35643669962882996,2.6115176677703857
1788861980441416400,31.38841650390625,-0.2400035411119461,0.30672401189804077,2.6328392028808594
1788861980451457500,31.39845751953125,-0.24600592255592346,0.22682932019233704,2.5970640182495117
1788861980461499400,31.40849951171875,-0.26473405957221985,0.15304884314537048,2.5383756160736084
1788861980471540500,31.41854052734375,-0.2616731524467468,0.11493247747421265,2.479287624359131
1788861980481582300,31.428582275390625,-0.25872477889060974,0.07230139523744583,2.411332368850708
1788861980491624700,31.438624755859376,-0.24646230041980743,0.007243919186294079,2.357673168182373
1788861980501665500,31.44866552734375,-0.21867221593856812,-0.05341143533587456,2.2972631454467773
1788861980511707600,31.458707763671875,-0.1825805902481079,-0.09283125400543213,2.23807954788208
1788861980521749500,31.46874951171875,-0.15158085525035858,-0.13746583461761475,2.1747779846191406
1788861980531790600,31.47879052734375,-0.11018065363168716,-0.1854238510131836,2.089873790740967
1788861980541832400,31.48883251953125,-0.03692134842276573,-0.24106766283512115,2.0044987201690674
1788861980551873500,31.49887353515625,0.06276960670948029,-0.29018568992614746,1.9372776746749878
1788861980561915400,31.508915283203127,0.16239845752716064,-0.2902216613292694,1.8934375047683716
1788861980571957500,31.51895751953125,0.25059500336647034,-0.2275802195072174,1.8879144191741943
1788861980581998600,31.52899853515625,0.3068351149559021,-0.13957659900188446,1.9085736274719238
1788861980592040400,31.53904052734375,0.32704412937164307,-0.09128165990114212,1.9098756313323975
1788861980602082600,31.54908251953125,0.32048532366752625,-0.12493016570806503,1.887105107307434
1788861980612123400,31.559123291015624,0.3073023557662964,-0.22417013347148895,1.8301911354064941
1788861980622165500,31.56916552734375,0.3245316743850708,-0.3289301097393036,1.7308541536331177
1788861980632206300,31.579206298828126,0.3310237228870392,-0.33058962225914,1.6058450937271118
1788861980642248400,31.58924853515625,0.310711532831192,-0.18535864353179932,1.4931185245513916
1788861980652290600,31.59929052734375,0.29475972056388855,-0.009759903885424137,1.3836981058120728
1788861980662331600,31.60933154296875,0.3069998621940613,0.1161373108625412,1.2785913944244385
1788861980672373500,31.61937353515625,0.32231879234313965,0.18472684919834137,1.1569048166275024
1788861980682415400,31.629415283203127,0.3328414857387543,0.14226354658603668,1.0254384279251099
1788861980692456400,31.63945654296875,0.3386101722717285,0.004525934346020222,0.889845073223114
1788861980702498600,31.64949853515625,0.34224778413772583,-0.12177074700593948,0.730028510093689
1788861980712539400,31.659539306640625,0.36917954683303833,-0.19867491722106934,0.5318920016288757
1788861980722581500,31.66958154296875,0.3737998604774475,-0.18611490726470947,0.31523585319519043
1788861980732623600,31.67962353515625,0.2892301082611084,-0.03478078916668892,0.13312728703022003
1788861980742664400,31.68966455078125,0.20300932228565216,0.16834323108196259,-0.0014909605961292982
1788861980752706600,31.69970654296875,0.16482457518577576,0.3075219392776489,-0.11102303117513657
1788861980762748400,31.70974853515625,0.15363316237926483,0.3493293225765228,-0.2035795897245407
1788861980772789500,31.71978955078125,0.1399548500776291,0.3154781758785248,-0.28978827595710754
1788861980782831400,31.729831298828124,0.12024374306201935,0.2268686592578888,-0.376090407371521
1788861980792872400,31.73987255859375,0.12315055727958679,0.1030394583940506,-0.46478065848350525
1788861980802914300,31.749914306640626,0.12827688455581665,0.006766452454030514,-0.5605756044387817
1788861980812956700,31.759956787109374,0.12209850549697876,-0.009823057800531387,-0.6521298885345459
1788861980822997500,31.76999755859375,0.10714352130889893,0.044995713979005814,-0.7409138083457947
1788861980833039600,31.78003955078125,0.10304853320121765,0.13475629687309265,-0.8036985397338867
1788861980843081500,31.79008154296875,0.10031639784574509,0.2006673961877823,-0.8433016538619995
1788861980853122600,31.80012255859375,0.10307391732931137,0.23906023800373077,-0.8661856651306152
1788861980863164400,31.810164306640626,0.09976573288440704,0.2326766401529312,-0.8743394613265991
1788861980873205500,31.82020556640625,0.10134561359882355,0.2125880867242813,-0.8743681907653809
1788861980883247400,31.830247314453125,0.10540054738521576,0.19866400957107544,-0.8874528408050537
1788861980893289500,31.84028955078125,0.12496528774499893,0.21611912548542023,-0.9228600263595581
1788861980903330600,31.85033056640625,0.12118412554264069,0.3016292154788971,-0.9656839370727539
1788861980913372400,31.860372314453127,0.11244307458400726,0.43263038992881775,-1.0106995105743408
1788861980923413500,31.87041357421875,0.11955584585666656,0.5165937542915344,-1.0857363939285278
1788861980933455400,31.880455322265625,0.12869204580783844,0.5084867477416992,-1.2107340097427368
1788861980943497500,31.89049755859375,0.1280747354030609,0.4063452482223511,-1.3409199714660645
1788861980953538300,31.900538330078124,0.10133211314678192,0.2784351706504822,-1.4214004278182983
1788861980963580400,31.910580322265623,0.046123720705509186,0.23019520938396454,-1.4649266004562378
1788861980973622500,31.92062255859375,-0.02157789096236229,0.22678671777248383,-1.4973807334899902
1788861980983663600,31.93066357421875,-0.08177465200424194,0.19958385825157166,-1.5269458293914795
1788861980993705500,31.94070556640625,-0.1619555503129959,0.2159561961889267,-1.5743281841278076
1788861981003746800,31.950746826171876,-0.24200616776943207,0.24280646443367004,-1.6331005096435547
1788861981013789000,31.960788818359376,-0.27623751759529114,0.22637516260147095,-1.6839555501937866
1788861981023830800,31.970830810546875,-0.2898992896080017,0.21070431172847748,-1.716195821762085
1788861981033872000,31.980871826171875,-0.274254709482193,0.15466709434986115,-1.7226849794387817
1788861981043913700,31.990913818359374,-0.21984843909740448,0.008437705226242542,-1.7274117469787598
1788861981053955800,32.00095581054688,-0.1729184240102768,-0.1402253657579422,-1.7469135522842407
1788861981063996700,32.01099658203125,-0.16343463957309723,-0.17474552989006042,-1.766709566116333
1788861981074038800,32.02103881835937,-0.17572720348834991,-0.13518430292606354,-1.794029951095581
1788861981084079600,32.03107958984375,-0.2066020369529724,-0.08492166548967361,-1.822861909866333
1788861981094122000,32.0411220703125,-0.24334806203842163,-0.09350690245628357,-1.8578859567642212
1788861981104163800,32.05116381835938,-0.2548462450504303,-0.17029142379760742,-1.9118279218673706
1788861981114205000,32.06120483398438,-0.2662716507911682,-0.24785396456718445,-1.981522560119629
1788861981124246800,32.07124682617187,-0.26670122146606445,-0.2691650986671448,-2.0220212936401367
1788861981134289000,32.081288818359376,-0.24413315951824188,-0.23732563853263855,-2.0233025550842285
1788861981144329700,32.091329833984375,-0.22360125184059143,-0.1775568425655365,-2.0037243366241455
1788861981154371800,32.10137182617188,-0.22661055624485016,-0.1934245228767395,-2.0146725177764893
1788861981164412700,32.11141259765625,-0.22997918725013733,-0.27769094705581665,-2.066319227218628
1788861981174455000,32.121455078125,-0.20931456983089447,-0.3451422452926636,-2.1449689865112305
1788861981184497000,32.131496826171876,-0.15750862658023834,-0.38527634739875793,-2.220177173614502
1788861981194538000,32.1415380859375,-0.11076732724905014,-0.39095064997673035,-2.249911308288574
1788861981204579800,32.15157983398438,-0.05782075598835945,-0.36287665367126465,-2.217942714691162
1788861981214621700,32.16162158203125,-0.003109072567895055,-0.3643512427806854,-2.1678757667541504
1788861981224662800,32.17166284179687,0.03451526537537575,-0.44415074586868286,-2.1141228675842285
1788861981234704600,32.18170458984375,0.0372769832611084,-0.5129908323287964,-2.039106845855713
1788861981244745700,32.191745849609376,0.006589110009372234,-0.4444175958633423,-1.949167251586914
1788861981254787800,32.20178784179687,-0.03155284374952316,-0.3966647982597351,-1.9142322540283203
1788861981264830000,32.211829833984375,-0.04801730439066887,-0.43661007285118103,-1.8832279443740845
1788861981274870800,32.221870849609374,-0.05154305696487427,-0.44398975372314453,-1.8405625820159912
1788861981284913000,32.23191284179688,-0.05696099251508713,-0.4553776979446411,-1.7630696296691895
1788861981294954800,32.24195483398437,-0.05222233757376671,-0.4176117181777954,-1.6793947219848633
1788861981304995800,32.25199584960937,-0.018885953351855278,-0.2973702549934387,-1.6373114585876465
1788861981315038000,32.262037841796875,0.039998263120651245,-0.1765955090522766,-1.5492454767227173
1788861981325079000,32.2720791015625,0.08702489733695984,-0.1383059024810791,-1.367703914642334
1788861981335121000,32.28212084960938,0.12124981731176376,-0.1589660346508026,-1.1849873065948486
1788861981345162800,32.29216284179687,0.13133281469345093,-0.18186070024967194,-1.0187290906906128
1788861981355203800,32.30220385742187,0.08488105982542038,-0.29510992765426636,-0.7972468137741089
1788861981365245700,32.31224560546875,0.0037867433857172728,-0.32993102073669434,-0.5615708827972412
1788861981375287800,32.32228784179687,-0.04457610473036766,-0.30525243282318115,-0.35372698307037354
1788861981385329000,32.33232885742188,-0.020702198147773743,-0.3944401144981384,-0.16712301969528198
1788861981395371000,32.34237109375,0.017870698124170303,-0.582842230796814,0.029466329142451286
1788861981405411800,32.35241186523437,0.06344058364629745,-0.5467020869255066,0.12980917096138
1788861981415454000,32.362453857421876,0.07841072976589203,-0.3744325339794159,0.13127541542053223
1788861981425495800,32.37249584960937,0.06438571959733963,-0.226726695895195,0.1325089931488037
1788861981435537000,32.38253686523438,-0.02881191484630108,-0.027391664683818817,0.20186252892017365
1788861981445578800,32.392578857421874,-0.11472229659557343,0.03160853683948517,0.330218642950058
1788861981455620900,32.40262084960938,-0.08399344235658646,-0.015787988901138306,0.4990362226963043
1788861981465661700,32.41266162109375,0.010124268010258675,0.028314758092164993,0.6444786190986633
1788861981475704000,32.4227041015625,0.0675799623131752,0.14273016154766083,0.8333622217178345
1788861981485745000,32.43274487304687,0.031001711264252663,0.2137651890516281,0.990606427192688
1788861981495787000,32.442787109375,-0.03299384564161301,0.3671199381351471,1.1233761310577393
1788861981505828900,32.45282885742188,-0.0644598975777626,0.495792418718338,1.2081712484359741
1788861981515870000,32.46286987304688,-0.08210881799459457,0.46207642555236816,1.2875540256500244
1788861981525911800,32.47291186523437,-0.1069910004734993,0.41702133417129517,1.3928066492080688
1788861981535953700,32.48295361328125,-0.15119896829128265,0.39118653535842896,1.5393118858337402
1788861981545994800,32.492994873046875,-0.2026006430387497,0.37571996450424194,1.6872369050979614
1788861981556036900,32.50303686523438,-0.22598934173583984,0.38912421464920044,1.7996015548706055
1788861981566078000,32.51307788085938,-0.2027852088212967,0.4445488750934601,1.8635363578796387
1788861981576119800,32.52311987304687,-0.1430509388446808,0.4544471800327301,1.8761110305786133
1788861981586162000,32.533161865234376,-0.10191228985786438,0.41877734661102295,1.9004530906677246
1788861981596202800,32.54320263671875,-0.10594075173139572,0.45177456736564636,2.0031707286834717
1788861981606244900,32.55324487304687,-0.1232912465929985,0.5533819198608398,2.153742551803589
1788861981616286700,32.56328662109375,-0.13035841286182404,0.643200159072876,2.295713424682617
1788861981626327800,32.573327880859374,-0.11184119433164597,0.6678197979927063,2.39928936958313
1788861981636370000,32.58336987304688,-0.08338642865419388,0.6392733454704285,2.4625089168548584
1788861981646411000,32.593410888671876,-0.07676634192466736,0.60246342420578,2.518681526184082
1788861981656452900,32.60345288085937,-0.08897847682237625,0.540979266166687,2.582477569580078
1788861981666494700,32.61349462890625,-0.09825719147920609,0.414567232131958,2.605393886566162
1788861981676535800,32.623535888671874,-0.10388734936714172,0.2625254988670349,2.5721256732940674
1788861981686578000,32.63357788085938,-0.10449215024709702,0.18169909715652466,2.5322248935699463
1788861981696619800,32.64361987304687,-0.0817592516541481,0.15537621080875397,2.520885705947876
1788861981706660900,32.65366088867187,-0.059942636638879776,0.16713035106658936,2.5293424129486084
1788861981716703000,32.663702880859375,-0.05332717299461365,0.14387492835521698,2.537655830383301
1788861981726744000,32.673744140625,-0.01699127070605755,0.004293330013751984,2.528959035873413
1788861981736786000,32.68378588867188,0.03419889882206917,-0.24141360819339752,2.4607303142547607
1788861981746827800,32.693827880859374,0.012680558487772942,-0.4310562312602997,2.346712827682495
1788861981756868900,32.70386889648437,-0.044105350971221924,-0.5017401576042175,2.2551300525665283
1788861981766910700,32.71391064453125,-0.0745609924197197,-0.48800143599510193,2.1988561153411865
1788861981776952800,32.72395288085937,-0.09400539100170135,-0.44889968633651733,2.158729314804077
1788861981786993700,32.73399365234375,-0.11532346159219742,-0.40902629494667053,2.1198205947875977
1788861981797036000,32.7440361328125,-0.12247705459594727,-0.33644789457321167,2.076418399810791
1788861981807076900,32.75407690429687,-0.12159714847803116,-0.2505239248275757,2.0495100021362305
1788861981817119000,32.764118896484376,-0.10916250199079514,-0.22414329648017883,2.0076611042022705
1788861981827160800,32.77416088867187,-0.11370638757944107,-0.2619020938873291,1.9419047832489014
1788861981837202000,32.78420190429687,-0.17767135798931122,-0.23142372071743011,1.8820806741714478
1788861981847243800,32.794243896484375,-0.2794073224067688,-0.12489088624715805,1.8202018737792969
1788861981857285600,32.80428564453125,-0.32154327630996704,-0.06999358534812927,1.7218809127807617
1788861981867326700,32.81432666015625,-0.2867485284805298,-0.1375792920589447,1.5898346900939941
1788861981877368800,32.82436889648437,-0.17715102434158325,-0.3108156621456146,1.444960355758667
1788861981887410000,32.83440991210937,-0.0702940821647644,-0.4372822642326355,1.3027640581130981
1788861981897451800,32.84445166015625,0.0006367869209498167,-0.4201490879058838,1.1870936155319214
1788861981907494000,32.85449389648438,0.03832477703690529,-0.313175767660141,1.0769535303115845
1788861981917534700,32.86453466796875,0.050201818346977234,-0.1834527850151062,0.9531930088996887
1788861981927576800,32.87457690429687,0.042018190026283264,-0.01853998750448227,0.8132055401802063
1788861981937618700,32.88461865234375,0.04581911861896515,0.1396932303905487,0.661659836769104
1788861981947659800,32.89465966796875,0.08232173323631287,0.25896504521369934,0.4826388955116272
1788861981957702000,32.90470190429688,0.15973156690597534,0.32647162675857544,0.2624170482158661
1788861981967743000,32.91474291992188,0.25152167677879333,0.3351178467273712,0.0007857340388000011
1788861981977784800,32.924784912109374,0.30079442262649536,0.3041170537471771,-0.2509816884994507
1788861981987827000,32.93482690429688,0.3133421838283539,0.27863195538520813,-0.442831814289093
1788861981997868500,32.94486865234375,0.2893330752849579,0.31123191118240356,-0.5933306217193604
1788861982007910400,32.954910400390624,0.2608388364315033,0.3916386067867279,-0.7241498827934265
1788861982017952800,32.96495288085937,0.23712706565856934,0.4674154222011566,-0.839375376701355
1788861982027993600,32.97499365234375,0.21062888205051422,0.5195388197898865,-0.9182935953140259
1788861982038035700,32.98503564453125,0.1904425323009491,0.553830623626709,-0.9594651460647583
1788861982048076500,32.99507666015625,0.17676933109760284,0.5635940432548523,-0.9552434682846069
1788861982058118700,33.00511865234375,0.1753537952899933,0.5463644862174988,-0.9133738279342651
1788861982068160500,33.01516040039063,0.1708437204360962,0.5310531854629517,-0.8556681871414185
1788861982078201600,33.02520166015625,0.14515653252601624,0.5195772647857666,-0.789788544178009
1788861982088243500,33.03524340820312,0.11760719120502472,0.5378292798995972,-0.7309896945953369
1788861982098285600,33.04528564453125,0.12098428606987,0.5648510456085205,-0.7028905153274536
1788861982108326700,33.05532666015625,0.14518389105796814,0.5742331147193909,-0.71034175157547
1788861982118368500,33.06536840820313,0.1557445526123047,0.5505678057670593,-0.7551440000534058
1788861982128409600,33.07540966796875,0.16935543715953827,0.49031516909599304,-0.8255428075790405
1788861982138451500,33.08545141601562,0.1817139834165573,0.43024742603302,-0.8997322916984558
1788861982148493600,33.09549365234375,0.15354332327842712,0.42058733105659485,-0.9685337543487549
1788861982158534400,33.105534423828125,0.0981748104095459,0.4034806191921234,-1.0407994985580444
1788861982168576800,33.11557666015625,0.036628358066082,0.30653196573257446,-1.1356152296066284
1788861982178618600,33.12561865234375,-0.011189527809619904,0.20043672621250153,-1.2952380180358887
1788861982188659700,33.13565966796875,-0.038089849054813385,0.14887338876724243,-1.480072021484375
1788861982198701600,33.14570166015625,-0.017437539994716644,0.16139927506446838,-1.5977215766906738
1788861982208742700,33.15574267578125,0.023423606529831886,0.2349288910627365,-1.612408995628357
1788861982218784500,33.16578442382813,0.024974681437015533,0.4010845124721527,-1.5909894704818726
1788861982228826600,33.17582666015625,-0.013846218585968018,0.6002335548400879,-1.6005749702453613
1788861982238867500,33.185867431640624,-0.0742950439453125,0.5815218091011047,-1.677152156829834
1788861982248909800,33.19590991210937,-0.13434985280036926,0.3963010907173157,-1.8204967975616455
1788861982258951700,33.20595166015625,-0.1806698888540268,0.18417863547801971,-1.9530187845230103
1788861982268992800,33.21599267578125,-0.18632909655570984,0.040012672543525696,-2.0238709449768066
1788861982279034600,33.22603466796875,-0.1551727056503296,0.02168821543455124,-1.998319149017334
1788861982289075700,33.23607568359375,-0.14646176993846893,0.09544659405946732,-1.9452344179153442
1788861982299117600,33.24611767578125,-0.15427947044372559,0.17488595843315125,-1.9587533473968506
1788861982309159400,33.25615942382812,-0.1660999059677124,0.09587422758340836,-2.0020503997802734
1788861982319200500,33.26620043945312,-0.16629622876644135,-0.10468941181898117,-2.0475847721099854
1788861982329242600,33.27624267578125,-0.14159540832042694,-0.2891940176486969,-2.0667943954467773
1788861982339284700,33.28628466796875,-0.09717471152544022,-0.3747893273830414,-2.0404839515686035
1788861982349325600,33.29632568359375,-0.053544677793979645,-0.41495299339294434,-2.0060923099517822
1788861982359367700,33.30636767578125,-0.026104982942342758,-0.514329195022583,-2.0418615341186523
1788861982369409500,33.31640942382813,0.00878801941871643,-0.6220700740814209,-2.0978238582611084
1788861982379450600,33.32645068359375,0.04171448200941086,-0.6483564376831055,-2.0807929039001465
1788861982389492500,33.33649243164062,0.03809364512562752,-0.6182928085327148,-2.0399935245513916
1788861982399533600,33.34653344726563,0.022158952429890633,-0.6065789461135864,-2.075165033340454
1788861982409575700,33.35657568359375,0.026145437732338905,-0.6144504547119141,-2.1705973148345947
1788861982419617500,33.36661743164063,0.05848459154367447,-0.6143714785575867,-2.2711708545684814
1788861982429658600,33.37665869140625,0.10092552751302719,-0.5824705362319946,-2.294555425643921
1788861982439700500,33.38670043945312,0.1298646628856659,-0.5179774761199951,-2.200960397720337
1788861982449742600,33.39674267578125,0.11314961314201355,-0.3731297552585602,-2.1040682792663574
1788861982459783700,33.40678369140625,0.09951795637607574,-0.1787986308336258,-2.0199451446533203
1788861982469825500,33.41682543945313,0.1241479367017746,-0.0034747435711324215,-1.8700416088104248
1788861982479866600,33.42686669921875,0.15564511716365814,0.029382549226284027,-1.7183265686035156
1788861982489908700,33.43690869140625,0.18013527989387512,-0.036223094910383224,-1.5896873474121094
1788861982499950600,33.44695068359375,0.17133425176143646,-0.13112500309944153,-1.4739561080932617
1788861982509991700,33.45699169921875,0.11626940220594406,-0.28878599405288696,-1.3774487972259521
1788861982520033500,33.46703344726563,0.03676358610391617,-0.4221133589744568,-1.3471776247024536
1788861982530075600,33.47707568359375,-0.059766411781311035,-0.4962986409664154,-1.3126190900802612
1788861982540116500,33.48711645507812,-0.17657135426998138,-0.5194469094276428,-1.2607595920562744
1788861982550158600,33.49715869140625,-0.26990100741386414,-0.6066185235977173,-1.237563133239746
1788861982560200700,33.50720068359375,-0.34218132495880127,-0.6729487776756287,-1.1891688108444214
1788861982570241800,33.51724169921875,-0.37685835361480713,-0.6830258965492249,-1.092965006828308
1788861982580283600,33.52728369140625,-0.380484402179718,-0.6171106100082397,-0.9690048694610596
1788861982590324700,33.53732470703125,-0.3592270612716675,-0.47377026081085205,-0.851741373538971
1788861982600366600,33.54736669921875,-0.3357149064540863,-0.2990553677082062,-0.6968342661857605
1788861982610408400,33.55740844726562,-0.31463438272476196,-0.1268947869539261,-0.5299587845802307
1788861982620449500,33.56744946289062,-0.2895514667034149,0.09193965047597885,-0.37475067377090454
1788861982630491400,33.577491455078125,-0.2361745536327362,0.3167107105255127,-0.14586849510669708
1788861982640533800,33.58753369140625,-0.15000081062316895,0.4188365638256073,0.12279072403907776
1788861982650574600,33.59757470703125,-0.07846644520759583,0.45803508162498474,0.36991608142852783
1788861982660616700,33.60761669921875,-0.02608295902609825,0.4407947063446045,0.6264885067939758
1788861982670657500,33.61765747070312,-0.009417164139449596,0.43138813972473145,0.8696628212928772
1788861982680699600,33.62769970703125,-0.005056524649262428,0.42015501856803894,1.0941627025604248
1788861982690741500,33.63774145507813,0.007138622924685478,0.3845916986465454,1.3187155723571777
1788861982700782600,33.64778247070313,-0.009380286559462547,0.42653709650039673,1.475276231765747
1788861982710824400,33.65782446289062,-0.07444876432418823,0.5307894349098206,1.5368218421936035
1788861982720866600,33.667866455078126,-0.1515255719423294,0.5456057786941528,1.5988599061965942
1788861982730907600,33.67790771484375,-0.239613875746727,0.4853230118751526,1.6805028915405273
1788861982740949500,33.68794946289062,-0.3282219171524048,0.42455676198005676,1.8124278783798218
1788861982750990600,33.69799047851563,-0.44804924726486206,0.4318554103374481,1.9579366445541382
1788861982761032700,33.70803271484375,-0.49730855226516724,0.41094470024108887,2.013632297515869
1788861982771074600,33.71807446289063,-0.4197027385234833,0.40986984968185425,1.9864674806594849
1788861982781115600,33.72811572265625,-0.26833462715148926,0.4743557274341583,1.9874800443649292
1788861982791157500,33.73815747070312,-0.1293269544839859,0.5685874819755554,2.0612688064575195
1788861982801199600,33.74819970703125,-0.010372751392424107,0.6519953608512878,2.1847598552703857
1788861982811240700,33.75824072265625,0.12521862983703613,0.7161690592765808,2.334007978439331
1788861982821282600,33.76828247070313,0.23353128135204315,0.751133143901825,2.5447685718536377
1788861982831324700,33.77832470703125,0.27752161026000977,0.7644206881523132,2.7607455253601074
1788861982841365500,33.78836547851562,0.2948854863643646,0.7008997797966003,2.869821071624756
1788861982851407600,33.79840771484375,0.2998166084289551,0.5013698935508728,2.8354809284210205
1788861982861448400,33.808448486328125,0.24827906489372253,0.20724909007549286,2.7529053688049316
1788861982871490800,33.81849072265625,0.14329618215560913,-0.07066136598587036,2.679032325744629
1788861982881532700,33.82853271484375,0.0443657785654068,-0.2828797698020935,2.5929625034332275
1788861982891573800,33.83857373046875,-0.012776867486536503,-0.39572563767433167,2.503371000289917
1788861982901615600,33.84861572265625,-0.03260624408721924,-0.44788387417793274,2.4284169673919678
1788861982911657500,33.85865747070312,-0.02069951966404915,-0.4719564616680145,2.3619613647460938
1788861982921698600,33.86869848632813,-0.0023860265500843525,-0.5038875341415405,2.303015947341919
1788861982931740400,33.878740478515624,-0.0015292875468730927,-0.5650938749313354,2.2567601203918457
1788861982941781500,33.88878149414062,-0.02610829472541809,-0.5909129977226257,2.2418971061706543
1788861982951823600,33.89882373046875,-0.06415021419525146,-0.5018603801727295,2.277238368988037
1788861982961865700,33.90886572265625,-0.125732421875,-0.26744890213012695,2.3403055667877197
1788861982971906600,33.91890649414062,-0.19714614748954773,0.03582655265927315,2.3928632736206055
1788861982981948700,33.92894873046875,-0.2100277841091156,0.1656435877084732,2.3754806518554688
1788861982991990500,33.93899047851563,-0.08350660651922226,-0.1516028195619583,2.2404873371124268
1788861983002031400,33.94903125,0.12595470249652863,-0.7801873683929443,2.027836799621582
1788861983012073200,33.9590732421875,0.2936113476753235,-1.1145517826080322,1.8793702125549316
1788861983022115300,33.969115234375,0.2928008437156677,-0.9651973247528076,1.8656127452850342
1788861983032156400,33.979156494140625,0.16351370513439178,-0.5547797083854675,1.9493632316589355
1788861983042198500,33.98919848632813,0.04939267039299011,-0.16295485198497772,2.0045018196105957
1788861983052239400,33.9992392578125,-0.06397836655378342,0.06506100296974182,1.9498908519744873
1788861983062281500,34.00928149414062,-0.1920689046382904,0.16999457776546478,1.813724160194397
1788861983072323300,34.0193232421875,-0.22243107855319977,0.14508870244026184,1.645586609840393
1788861983082364400,34.029364501953125,-0.13498248159885406,0.013811063952744007,1.4952330589294434
1788861983092406300,34.03940625,-0.0046652210876345634,-0.11138547211885452,1.4062339067459106
1788861983102448400,34.049448486328124,0.0961773470044136,-0.15244029462337494,1.3411080837249756
1788861983112489500,34.059489501953124,0.15623828768730164,-0.15427733957767487,1.2323684692382812
1788861983122531300,34.06953125,0.20375317335128784,-0.20756730437278748,1.0605539083480835
1788861983132572400,34.079572509765626,0.22861936688423157,-0.27100032567977905,0.8424463868141174
1788861983142614300,34.0896142578125,0.19972571730613708,-0.28003811836242676,0.5898148417472839
1788861983152656400,34.099656494140625,0.12348154187202454,-0.20751571655273438,0.28920310735702515
1788861983162697200,34.109697265625,-0.00033749244175851345,-0.06477461755275726,-0.05065707862377167
1788861983172739300,34.1197392578125,-0.11131221801042557,0.10618248581886292,-0.3753880262374878
1788861983182781400,34.12978149414062,-0.1400223672389984,0.2504701018333435,-0.6379478573799133
1788861983192822500,34.13982250976562,-0.1478976011276245,0.3471585512161255,-0.8212857246398926
1788861983202864400,34.149864501953125,-0.13973958790302277,0.3635173439979553,-0.9364063143730164
1788861983212906200,34.15990625,-0.1269361823797226,0.34198248386383057,-0.9944483041763306
1788861983222947300,34.169947265625,-0.11251357197761536,0.3470017611980438,-1.0203707218170166
1788861983232989200,34.1799892578125,-0.07879715412855148,0.4171749949455261,-1.034975528717041
1788861983243030300,34.1900302734375,-0.050937630236148834,0.5345181822776794,-1.0516670942306519
1788861983253072400,34.200072265625,-0.04308236762881279,0.6999825239181519,-1.0549100637435913
1788861983263114500,34.21011450195312,-0.020630277693271637,0.844185471534729,-1.0289934873580933
1788861983273155300,34.2201552734375,0.004540589172393084,0.9068299531936646,-0.9916594624519348
1788861983283197400,34.230197509765624,0.04663994908332825,0.8722313046455383,-0.9568946957588196
1788861983293239300,34.2402392578125,0.10914460569620132,0.7462483644485474,-0.9420568943023682
1788861983303280400,34.2502802734375,0.18773449957370758,0.5478907823562622,-0.9363236427307129
1788861983313322200,34.260322265625,0.2284386157989502,0.3244251608848572,-0.9292002320289612
1788861983323363300,34.27036328125,0.21007557213306427,0.16498412191867828,-0.96518874168396
1788861983333405200,34.2804052734375,0.1838381141424179,0.105521060526371,-1.0381065607070923
1788861983343447600,34.29044750976563,0.14300303161144257,0.15430806577205658,-1.129137396812439
1788861983353488400,34.30048828125,0.06401553750038147,0.24976001679897308,-1.2308498620986938
1788861983363530500,34.31053051757812,-0.01666639745235443,0.32360002398490906,-1.2878458499908447
1788861983373572400,34.320572265625,-0.11007704585790634,0.3608994483947754,-1.3024919033050537
1788861983383613400,34.330613525390625,-0.19634711742401123,0.3945266008377075,-1.3188040256500244
1788861983393655300,34.3406552734375,-0.2752797603607178,0.5153903961181641,-1.3486775159835815
1788861983403697200,34.350697265625,-0.2801733911037445,0.5835440158843994,-1.3902350664138794
1788861983413738200,34.36073828125,-0.20205354690551758,0.48166850209236145,-1.498691201210022
1788861983423780400,34.3707802734375,-0.11100973933935165,0.22782613337039948,-1.643358588218689
1788861983433821400,34.380821533203125,-0.06048131734132767,-0.04380910471081734,-1.7466930150985718
1788861983443863300,34.39086328125,-0.041873201727867126,-0.2346036583185196,-1.8075742721557617
1788861983453905400,34.400905517578124,-0.04369213804602623,-0.2529451251029968,-1.824372410774231
1788861983463946200,34.4109462890625,-0.03609435260295868,-0.20353920757770538,-1.8298214673995972
1788861983473988400,34.42098828125,-0.010984469205141068,-0.1562875360250473,-1.8820703029632568
1788861983484030200,34.4310302734375,0.015680555254220963,-0.12439257651567459,-1.9580011367797852
1788861983494071300,34.4410712890625,0.030502378940582275,-0.12091422826051712,-2.010216474533081
1788861983504113400,34.451113525390625,0.03338431194424629,-0.21996264159679413,-2.0399255752563477
1788861983514154500,34.461154541015624,0.018897248432040215,-0.35025328397750854,-2.0337777137756348
1788861983524196400,34.4711962890625,-0.021865814924240112,-0.43523138761520386,-2.039120674133301
1788861983534238500,34.48123852539062,-0.06929058581590652,-0.468510240316391,-2.085632562637329
1788861983544279300,34.491279296875,-0.11720149964094162,-0.47882774472236633,-2.167607069015503
1788861983554321400,34.5013212890625,-0.1288062185049057,-0.5000781416893005,-2.2374730110168457
1788861983564363300,34.51136328125,-0.09691811352968216,-0.5270583629608154,-2.279398202896118
1788861983574404400,34.521404296875,-0.04642138257622719,-0.5750309228897095,-2.2967188358306885
1788861983584446500,34.53144653320312,0.000524887815117836,-0.5817781090736389,-2.3188319206237793
1788861983594487600,34.54148754882812,0.0554797500371933,-0.523339033126831,-2.346517324447632
1788861983604529400,34.551529296875,0.10534339398145676,-0.44038525223731995,-2.357670783996582
1788861983614571300,34.5615712890625,0.14143908023834229,-0.3428927958011627,-2.3484044075012207
1788861983624612400,34.5716123046875,0.18219195306301117,-0.28428977727890015,-2.3343987464904785
1788861983634654200,34.581654296875,0.20962277054786682,-0.29500076174736023,-2.299172878265381
1788861983644696300,34.5916962890625,0.22443844377994537,-0.3446476459503174,-2.231125831604004
1788861983654737200,34.601737060546874,0.1970539540052414,-0.339524507522583,-2.1434438228607178
1788861983664779500,34.61177954101562,0.14183296263217926,-0.363874226808548,-2.0782577991485596
1788861983674821400,34.6218212890625,0.0760805755853653,-0.40634793043136597,-2.027369737625122
1788861983684862500,34.631862548828124,0.01518684159964323,-0.46615102887153625,-1.9708635807037354
1788861983694904300,34.641904296875,-0.03877465799450874,-0.47668758034706116,-1.9034967422485352
1788861983704945400,34.6519453125,-0.0699182078242302,-0.4469169080257416,-1.8198823928833008
1788861983714987300,34.6619873046875,-0.08666709810495377,-0.4684722423553467,-1.783959984779358
1788861983725029400,34.672029296875,-0.08840613812208176,-0.5091149806976318,-1.6970858573913574
1788861983735070500,34.682070556640625,-0.09239768981933594,-0.5038794875144958,-1.5176937580108643
1788861983745112300,34.6921123046875,-0.11927394568920135,-0.3953302204608917,-1.3398749828338623
1788861983755154400,34.702154541015624,-0.16158172488212585,-0.24751149117946625,-1.2088130712509155
1788861983765195300,34.7121953125,-0.1994609832763672,-0.1611778438091278,-1.0573753118515015
1788861983775237400,34.7222373046875,-0.21083879470825195,-0.09167680144309998,-0.8623113632202148
1788861983785279200,34.732279296875,-0.20533430576324463,0.03696639463305473,-0.6627018451690674
1788861983795320300,34.7423203125,-0.19272078573703766,0.08579865097999573,-0.46698716282844543
1788861983805362400,34.752362548828124,-0.21230679750442505,0.11694648861885071,-0.26527073979377747
1788861983815403500,34.76240356445312,-0.2418907880783081,0.18816819787025452,-0.053535036742687225
1788861983825445400,34.7724453125,-0.228795126080513,0.23680885136127472,0.13533379137516022
1788861983835487500,34.78248754882812,-0.19268372654914856,0.2598872780799866,0.3126893937587738
1788861983845528300,34.7925283203125,-0.1586252897977829,0.32468700408935547,0.47526273131370544
1788861983855570400,34.8025703125,-0.11050809174776077,0.38304591178894043,0.6343504190444946
1788861983865612300,34.8126123046875,-0.08628080040216446,0.36695483326911926,0.7877670526504517
1788861983875653400,34.8226533203125,-0.10110102593898773,0.3413615822792053,0.9290516972541809
1788861983885695500,34.83269555664062,-0.14378239214420319,0.380612313747406,1.0655306577682495
1788861983895736600,34.84273657226562,-0.2012944221496582,0.3808799386024475,1.2127571105957031
1788861983905778400,34.8527783203125,-0.2742598354816437,0.30489611625671387,1.375038504600525
1788861983915820300,34.8628203125,-0.3461926281452179,0.3244421184062958,1.5171674489974976
1788861983925861400,34.872861328125,-0.38645094633102417,0.4500289261341095,1.6145038604736328
1788861983935903200,34.8829033203125,-0.386160671710968,0.4978523552417755,1.702499508857727
1788861983945945300,34.8929453125,-0.36070558428764343,0.4929656684398651,1.8579806089401245
1788861983955986200,34.90298608398437,-0.3133809268474579,0.5309460759162903,2.042029619216919
1788861983966028500,34.91302856445313,-0.24915811419487,0.6236808896064758,2.1772594451904297
1788861983976070400,34.9230703125,-0.1996627300977707,0.6980118155479431,2.2833189964294434
1788861983986111500,34.933111572265624,-0.1757730096578598,0.6862805485725403,2.415898323059082
1788861983996153300,34.9431533203125,-0.1667478233575821,0.6833665370941162,2.565368890762329
1788861984006194700,34.953194580078126,-0.1471514254808426,0.6724733114242554,2.655550241470337
1788861984016236500,34.96323657226562,-0.07998090237379074,0.6115759015083313,2.6892101764678955
1788861984026278400,34.9732783203125,-0.0004643998108804226,0.5249282121658325,2.7216296195983887
1788861984036319500,34.983319580078124,0.030506564304232597,0.4470731019973755,2.7458858489990234
1788861984046361300,34.993361328125,0.020081575959920883,0.3527551591396332,2.750718593597412
1788861984056403500,35.00340356445312,-0.022731933742761612,0.227190300822258,2.7434377670288086
1788861984066444300,35.0134443359375,-0.04190396890044212,0.08784035593271255,2.7069332599639893
1788861984076486700,35.023486572265625,-0.01920505054295063,-0.06470044702291489,2.6207501888275146
1788861984086527500,35.033527587890624,-0.0014825237449258566,-0.1515674740076065,2.5448691844940186
1788861984096569600,35.04356958007813,0.02883862890303135,-0.19039450585842133,2.489609956741333
1788861984106611500,35.05361157226562,0.06943553686141968,-0.19321922957897186,2.445444107055664
1788861984116652500,35.06365258789062,0.10290668159723282,-0.13210661709308624,2.4402010440826416
1788861984126694400,35.0736943359375,0.1543215811252594,-0.079020656645298,2.4579474925994873
1788861984136736500,35.08373657226562,0.22309984266757965,-0.10635773837566376,2.464292526245117
1788861984146777300,35.09377734375,0.28396785259246826,-0.1843586564064026,2.4443788528442383
1788861984156819500,35.1038193359375,0.35184305906295776,-0.2614542245864868,2.3937323093414307
1788861984166861600,35.11386157226563,0.397199809551239,-0.29039791226387024,2.3115949630737305
1788861984176902700,35.123902587890626,0.38742175698280334,-0.2589331865310669,2.2458693981170654
1788861984186944500,35.13394458007812,0.33869484066963196,-0.23943161964416504,2.213970899581909
1788861984196985600,35.14398559570313,0.28114527463912964,-0.23765341937541962,2.1950716972351074
1788861984207027500,35.15402734375,0.2366534322500229,-0.28642070293426514,2.15061616897583
1788861984217069300,35.1640693359375,0.19041696190834045,-0.37985292077064514,2.0749027729034424
1788861984227110400,35.1741103515625,0.15578213334083557,-0.5037438273429871,1.9563331604003906
1788861984237152500,35.18415258789062,0.09387589246034622,-0.5527830123901367,1.8218400478363037
1788861984247194600,35.194194580078126,-0.008967421017587185,-0.44842323660850525,1.6865133047103882
1788861984257235500,35.2042353515625,-0.10961201041936874,-0.20891769230365753,1.5758224725723267
1788861984267277600,35.21427758789063,-0.1599949598312378,0.016543027013540268,1.4535112380981445
1788861984277318400,35.224318359375,-0.13100671768188477,0.14585600793361664,1.3169933557510376
1788861984287360500,35.23436059570312,-0.05317116156220436,0.16182871162891388,1.171682357788086
1788861984297402400,35.24440234375,0.03849883750081062,0.06410694122314453,1.0253539085388184
1788861984307443500,35.254443359375,0.12503162026405334,-0.11303536593914032,0.8712418079376221
1788861984317485600,35.26448559570313,0.16752396523952484,-0.28309497237205505,0.7084810733795166
1788861984327527400,35.27452734375,0.16774216294288635,-0.37144386768341064,0.5460831522941589
1788861984337568500,35.28456860351562,0.13260123133659363,-0.34557417035102844,0.3583315908908844
1788861984347610400,35.2946103515625,0.07261816412210464,-0.20026876032352448,0.13173425197601318
1788861984357651500,35.3046513671875,0.004662014078348875,0.026293005794286728,-0.09322402626276016
1788861984367693300,35.314693359375,-0.03582776337862015,0.26860031485557556,-0.27308598160743713
1788861984377735400,35.3247353515625,-0.06098051741719246,0.4783271849155426,-0.41880112886428833
1788861984387776300,35.3347763671875,-0.05826409533619881,0.6054720878601074,-0.5561627149581909
1788861984397818600,35.34481860351563,-0.004646940156817436,0.6040262579917908,-0.6844884753227234
1788861984407860500,35.35486059570312,0.034768279641866684,0.533973217010498,-0.7969896793365479
1788861984417901600,35.36490161132812,0.05067640542984009,0.48007166385650635,-0.8833285570144653
1788861984427943400,35.374943359375,0.06325467675924301,0.4512971341609955,-0.9496137499809265
1788861984437985500,35.38498559570313,0.06735221296548843,0.42996466159820557,-0.9907643795013428
1788861984448026400,35.3950263671875,0.04975006729364395,0.44132518768310547,-1.0081610679626465
1788861984458068500,35.405068359375,0.02517947554588318,0.47557610273361206,-0.996908962726593
1788861984468109300,35.415109375,0.01761697605252266,0.5139515995979309,-0.9541248679161072
1788861984478151700,35.425151611328126,0.04838527739048004,0.5162102580070496,-0.9344669580459595
1788861984488193500,35.43519360351563,0.09928489476442337,0.4589642882347107,-0.9540460109710693
1788861984498234600,35.44523461914063,0.13903337717056274,0.409403920173645,-0.9953063726425171
1788861984508276500,35.4552763671875,0.14851003885269165,0.3961344063282013,-1.0436474084854126
1788861984518318300,35.465318359375,0.13027191162109375,0.40855246782302856,-1.0885921716690063
1788861984528359400,35.475359375,0.10572587698698044,0.45817241072654724,-1.1135483980178833
1788861984538401300,35.4854013671875,0.07822820544242859,0.5089908242225647,-1.1480690240859985
1788861984548442400,35.4954423828125,0.03315442055463791,0.5218603610992432,-1.2029072046279907
1788861984558484500,35.505484375,-0.009663882665336132,0.4644532799720764,-1.278173804283142
1788861984568526600,35.51552661132813,-0.006446391809731722,0.28986671566963196,-1.3430545330047607
1788861984578567400,35.5255673828125,-0.02086501382291317,0.10542042553424835,-1.3833929300308228
1788861984588609500,35.53560961914062,-0.0901157408952713,0.04586975648999214,-1.4235706329345703
1788861984598651400,35.5456513671875,-0.1688947081565857,0.11397583782672882,-1.5210840702056885
1788861984608692500,35.5556923828125,-0.26059967279434204,0.19794747233390808,-1.6603944301605225
1788861984618734300,35.565734375,-0.3416580259799957,0.24058574438095093,-1.7659757137298584
1788861984628776400,35.5757763671875,-0.37798264622688293,0.22483523190021515,-1.8181158304214478
1788861984638817500,35.58581762695312,-0.3673451840877533,0.18940933048725128,-1.844391107559204
1788861984648859400,35.595859375,-0.35005858540534973,0.146882563829422,-1.8606398105621338
1788861984658900500,35.605900390625,-0.3142782151699066,0.03803039342164993,-1.9166948795318604
1788861984668942300,35.6159423828125,-0.2658277153968811,-0.13625392317771912,-1.9601151943206787
1788861984678984400,35.625984375,-0.21201029419898987,-0.22988827526569366,-1.9734846353530884
1788861984689025300,35.636025390625,-0.17770811915397644,-0.3003053069114685,-1.9722446203231812
1788861984699067600,35.646067626953126,-0.15919674932956696,-0.3033437132835388,-1.9751794338226318
1788861984709109500,35.65610961914062,-0.16012263298034668,-0.2655377984046936,-1.997313380241394
1788861984719150600,35.66615063476563,-0.16347342729568481,-0.276938259601593,-2.0294954776763916
1788861984729192400,35.6761923828125,-0.15875394642353058,-0.3643518388271332,-2.0729527473449707
1788861984739233500,35.686233642578124,-0.16042588651180267,-0.43363717198371887,-2.119964122772217
1788861984749275400,35.696275390625,-0.17490944266319275,-0.5420156121253967,-2.179615020751953
1788861984759317500,35.7063173828125,-0.18048609793186188,-0.6676710247993469,-2.2229397296905518
1788861984769358300,35.7163583984375,-0.17470082640647888,-0.718613862991333,-2.2687361240386963
1788861984779400700,35.726400634765625,-0.16507695615291595,-0.7158992886543274,-2.33347487449646
1788861984789441500,35.736441650390624,-0.14492321014404297,-0.6967477798461914,-2.359994411468506
1788861984799483600,35.74648364257813,-0.11623136699199677,-0.6525731086730957,-2.338203191757202
1788861984809525500,35.756525390625,-0.07322900742292404,-0.6065183281898499,-2.3356735706329346
1788861984819566600,35.76656665039062,-0.030207237228751183,-0.6012117266654968,-2.355750799179077
1788861984829608400,35.7766083984375,0.002240557689219713,-0.5765639543533325,-2.313756227493286
1788861984839650300,35.786650390625,0.005726369097828865,-0.4884304106235504,-2.258435010910034
1788861984849691400,35.79669140625,0.016409093514084816,-0.42833569645881653,-2.206819772720337
1788861984859733500,35.8067333984375,0.027218865230679512,-0.41222649812698364,-2.1343328952789307
1788861984869775600,35.81677563476563,-0.00036022113636136055,-0.37386876344680786,-2.060619831085205
1788861984879816400,35.82681640625,-0.05144098401069641,-0.27948686480522156,-1.9648313522338867
1788861984889858600,35.83685864257812,-0.07030772417783737,-0.2598946690559387,-1.885726809501648
1788861984899899400,35.8468994140625,-0.030141130089759827,-0.2811059355735779,-1.7782440185546875
1788861984909941500,35.85694140625,0.018706055358052254,-0.27109119296073914,-1.64028000831604
1788861984919983400,35.8669833984375,0.04087314009666443,-0.25317052006721497,-1.470609426498413
1788861984930024400,35.8770244140625,0.01402156800031662,-0.21581058204174042,-1.2937769889831543
1788861984940066600,35.88706665039062,-0.06169236823916435,-0.18659037351608276,-1.1028006076812744
1788861984950108400,35.8971083984375,-0.124967060983181,-0.22237920761108398,-0.924934446811676
1788861984960149500,35.9071494140625,-0.14528164267539978,-0.32310447096824646,-0.7351168394088745
1788861984970191400,35.91719140625,-0.1592170149087906,-0.43664318323135376,-0.5372235178947449
1788861984980232400,35.927232421875,-0.17748257517814636,-0.48223328590393066,-0.29878222942352295
1788861984990274300,35.9372744140625,-0.15608082711696625,-0.4513377547264099,-0.06104319542646408
1788861985000316000,35.94731591796875,-0.14236581325531006,-0.4084063172340393,0.14747007191181183
1788861985010357000,35.95735693359375,-0.14582820236682892,-0.263050377368927,0.3315519690513611
1788861985020398800,35.96739892578125,-0.13096030056476593,-0.1565399020910263,0.470156729221344
1788861985030440000,35.97743994140625,-0.10023865848779678,0.00613026786595583,0.6059566140174866
1788861985040481800,35.987481689453126,-0.06433925032615662,0.15866601467132568,0.7401602268218994
1788861985050523600,35.99752368164062,-0.025741586461663246,0.2638625204563141,0.8682807683944702
1788861985060564700,36.00756469726562,0.02459668554365635,0.3113110065460205,0.9997892379760742
1788861985070606800,36.01760693359375,0.0704462006688118,0.3026309609413147,1.117763876914978
1788861985080649000,36.02764892578125,0.10057107359170914,0.28355419635772705,1.2205655574798584
1788861985090689800,36.03768969726563,0.10004133731126785,0.35328856110572815,1.3255655765533447
1788861985100732000,36.04773193359375,0.05152653902769089,0.43853554129600525,1.4679373502731323
1788861985110772700,36.05777270507812,-0.022037161514163017,0.4773820638656616,1.656075358390808
1788861985120814800,36.06781494140625,-0.07243695855140686,0.5106592774391174,1.8230751752853394
1788861985130856700,36.07785668945313,-0.0631803423166275,0.5499206781387329,1.9331711530685425
1788861985140897800,36.08789770507813,0.012289120815694332,0.5262646079063416,1.9711294174194336
1788861985150940000,36.09793994140625,0.10136180371046066,0.4834238886833191,1.9830552339553833
1788861985160982000,36.10798193359375,0.18077141046524048,0.5037611126899719,2.052905797958374
1788861985171022800,36.11802294921875,0.24694108963012695,0.5533739328384399,2.172999858856201
1788861985181065000,36.12806494140625,0.2801922559738159,0.6149824857711792,2.2948837280273438
1788861985191105800,36.13810571289063,0.30685654282569885,0.6388607025146484,2.3863883018493652
1788861985201148000,36.14814794921875,0.3340924382209778,0.6148493885993958,2.4458212852478027
1788861985211189800,36.15818969726563,0.37472814321517944,0.5459843873977661,2.4831738471984863
1788861985221230800,36.16823095703125,0.41819867491722107,0.4346426725387573,2.495441436767578
1788861985231273000,36.17827294921875,0.4258773922920227,0.32011979818344116,2.4966249465942383
1788861985241314000,36.18831396484375,0.3560029864311218,0.25123316049575806,2.526630401611328
1788861985251356000,36.19835595703125,0.2713630497455597,0.2144550234079361,2.5736403465270996
1788861985261397800,36.20839770507813,0.25441548228263855,0.0682368278503418,2.6071054935455322
1788861985271438800,36.21843896484375,0.24500812590122223,-0.13026107847690582,2.620384931564331
1788861985281480700,36.22848071289062,0.20818592607975006,-0.2520469129085541,2.619243621826172
1788861985291522800,36.238522705078125,0.13301828503608704,-0.3118932843208313,2.6105358600616455
1788861985301563600,36.248563720703125,0.04195230081677437,-0.3726844787597656,2.6047191619873047
1788861985311606000,36.25860595703125,-0.047490715980529785,-0.46548816561698914,2.5765888690948486
1788861985321646800,36.26864672851563,-0.0883404091000557,-0.5411706566810608,2.5062716007232666
1788861985331689000,36.27868896484375,-0.09095951914787292,-0.5800804495811462,2.418271064758301
1788861985341730800,36.288730712890626,-0.06867285817861557,-0.6284128427505493,2.358747959136963
1788861985351772000,36.29877197265625,-0.03353909030556679,-0.6682699918746948,2.316702127456665
1788861985361813800,36.30881372070313,-0.007475000340491533,-0.6821740865707397,2.2862014770507812
1788861985371854800,36.31885473632813,-0.027608901262283325,-0.6331746578216553,2.274895429611206
1788861985381896700,36.32889672851562,-0.08711617439985275,-0.5273547172546387,2.2772247791290283
1788861985391938800,36.338938720703126,-0.14102765917778015,-0.4259493052959442,2.254364490509033
1788861985401980000,36.34897998046875,-0.21016651391983032,-0.3347490727901459,2.188303232192993
1788861985412021800,36.35902172851563,-0.28728047013282776,-0.2601235806941986,2.085460662841797
1788861985422063900,36.36906396484375,-0.3413364887237549,-0.26064741611480713,1.966106653213501
1788861985432104700,36.379104736328124,-0.36560308933258057,-0.29749396443367004,1.8597580194473267
1788861985442146800,36.38914672851563,-0.3735944628715515,-0.31590625643730164,1.759523630142212
1788861985452188000,36.39918798828125,-0.3541843891143799,-0.29913169145584106,1.6539252996444702
1788861985462230000,36.40922998046875,-0.3007265031337738,-0.2657654881477356,1.5513075590133667
1788861985472272000,36.41927197265625,-0.22313864529132843,-0.18928946554660797,1.446107029914856
1788861985482313000,36.42931298828125,-0.1598941683769226,-0.08703766763210297,1.319313645362854
1788861985492354800,36.43935473632813,-0.11304495483636856,-0.03724951297044754,1.1441140174865723
1788861985502396000,36.44939599609375,-0.08530360460281372,-0.05662001296877861,0.9286818504333496
1788861985512437800,36.45943774414062,-0.10074495524168015,-0.04990214481949806,0.6687195897102356
1788861985522479900,36.46947998046875,-0.1243876963853836,0.029555130749940872,0.3792233169078827
1788861985532520700,36.479520751953125,-0.09836140275001526,0.12680789828300476,0.0767853632569313
1788861985542563000,36.48956298828125,-0.07152153551578522,0.24967896938323975,-0.21480120718479156
1788861985552605000,36.49960498046875,-0.04751657694578171,0.40097475051879883,-0.45034971833229065
1788861985562646000,36.50964599609375,-0.028306933119893074,0.5527709126472473,-0.6146025657653809
1788861985572688000,36.51968798828125,0.015243812464177608,0.6501883864402771,-0.7094626426696777
1788861985582729000,36.52972900390625,0.07566268742084503,0.6940845251083374,-0.7670596241950989
1788861985592770800,36.53977075195313,0.13576753437519073,0.6955645084381104,-0.7844384908676147
1788861985602812700,36.549812744140624,0.1869116872549057,0.6445378065109253,-0.7854899168014526
1788861985612853800,36.55985375976562,0.20465131103992462,0.5360437631607056,-0.7823135256767273
1788861985622895900,36.569895751953126,0.18104077875614166,0.41460707783699036,-0.7946926951408386
1788861985632937000,36.57993701171875,0.13985399901866913,0.3324171006679535,-0.8405641913414001
1788861985642978800,36.58997875976563,0.09962429106235504,0.2999779284000397,-0.9157353639602661
1788861985653021000,36.60002099609375,0.06441068649291992,0.30223485827445984,-0.976784884929657
1788861985663061800,36.610061767578124,0.030193330720067024,0.39895421266555786,-1.004190444946289
1788861985673104000,36.62010375976563,-0.015162134543061256,0.6103354692459106,-1.0123485326766968
1788861985683144700,36.630144775390626,-0.08021676540374756,0.8999637961387634,-1.0129541158676147
1788861985693186800,36.64018676757812,-0.100095734000206,1.0738027095794678,-0.9830840229988098
1788861985703229000,36.65022900390625,-0.06450019031763077,1.023406982421875,-0.9456924200057983
1788861985713270000,36.66027001953125,0.009170147590339184,0.7860397696495056,-0.9361499547958374
1788861985723311900,36.67031176757813,0.0844273567199707,0.45415398478507996,-0.9700961709022522
1788861985733353000,36.68035302734375,0.10648089647293091,0.23290933668613434,-1.0534390211105347
1788861985743394800,36.69039477539062,0.06377284973859787,0.20259989798069,-1.1658744812011719
1788861985753437000,36.70043701171875,0.004297296516597271,0.27275601029396057,-1.3092045783996582
1788861985763477800,36.710477783203125,-0.03551989048719406,0.29524320363998413,-1.4548659324645996
1788861985773520000,36.72051977539063,-0.02609044685959816,0.24809840321540833,-1.578541874885559
1788861985783562000,36.73056201171875,-0.028002597391605377,0.19886161386966705,-1.6713486909866333
1788861985793602800,36.74060278320312,-0.04253692179918289,0.1428014039993286,-1.7677476406097412
1788861985803645000,36.75064501953125,-0.06535489112138748,0.09855563938617706,-1.8243907690048218
1788861985813686000,36.76068603515625,-0.07843969017267227,0.04179051145911217,-1.853184700012207
1788861985823727900,36.77072778320313,-0.08997250348329544,-0.03810245916247368,-1.8738696575164795
1788861985833769700,36.780769775390624,-0.09704475104808807,-0.10659925639629364,-1.9140628576278687
1788861985843810800,36.79081079101562,-0.08600754290819168,-0.16904771327972412,-1.9567999839782715
1788861985853852700,36.800852783203126,-0.07683290541172028,-0.22527432441711426,-2.0149807929992676
1788861985863893800,36.810893798828126,-0.06590888649225235,-0.2827381491661072,-2.0745575428009033
1788861985873936000,36.82093579101563,-0.0704578310251236,-0.3758379817008972,-2.1121151447296143
1788861985883978000,36.83097802734375,-0.09052566438913345,-0.47462090849876404,-2.134594440460205
1788861985894018800,36.841018798828124,-0.10012656450271606,-0.5714788436889648,-2.175384044647217
1788861985904061000,36.85106103515625,-0.08971280604600906,-0.6536498665809631,-2.218442916870117
1788861985914101800,36.861101806640626,-0.07102524489164352,-0.6767985224723816,-2.260793924331665
1788861985924143900,36.87114379882812,-0.06446774303913116,-0.6665152311325073,-2.278184175491333
1788861985934185700,36.881185791015625,-0.08277027308940887,-0.6483690142631531,-2.285686731338501
1788861985944226800,36.891226806640624,-0.12614065408706665,-0.597114086151123,-2.279031276702881
1788861985954269000,36.90126904296875,-0.18269585072994232,-0.4668348729610443,-2.248445749282837
1788861985964310000,36.91131005859375,-0.23541444540023804,-0.31472575664520264,-2.228381395339966
1788861985974352000,36.92135180664062,-0.23948799073696136,-0.29764214158058167,-2.2639715671539307
1788861985984393700,36.931393798828125,-0.17857617139816284,-0.40675851702690125,-2.309644937515259
1788861985994434800,36.941434814453125,-0.0870736762881279,-0.5328341722488403,-2.3305041790008545
1788861986004476700,36.9514765625,-0.02111462876200676,-0.5682153105735779,-2.3147926330566406
1788861986014517800,36.96151782226563,0.007662782445549965,-0.4986283779144287,-2.2526137828826904
1788861986024559600,36.9715595703125,0.013670341111719608,-0.4182339310646057,-2.1657583713531494
1788861986034602000,36.98160205078125,0.010984325781464577,-0.4084146022796631,-2.0904972553253174
1788861986044642800,36.991642822265625,0.0028222696855664253,-0.44489672780036926,-2.0317656993865967
1788861986054685000,37.00168481445313,0.0066080945543944836,-0.45718201994895935,-1.9460607767105103
1788861986064726800,37.011726806640624,0.02410479635000229,-0.4257330298423767,-1.8347082138061523
1788861986074768000,37.02176782226562,0.020797019824385643,-0.39727839827537537,-1.7325522899627686
1788861986084809700,37.031809814453126,-0.0014909759629517794,-0.44336068630218506,-1.6525157690048218
1788861986094850800,37.041850830078126,-0.04276484623551369,-0.47310900688171387,-1.5311311483383179
1788861986104892700,37.051892578125,-0.10045956820249557,-0.37213924527168274,-1.4032317399978638
1788861986114935000,37.06193505859375,-0.12925204634666443,-0.266838937997818,-1.2906724214553833
1788861986124975900,37.071975830078124,-0.13059188425540924,-0.24256955087184906,-1.2001020908355713
1788861986135018000,37.08201806640625,-0.12664121389389038,-0.24483071267604828,-1.0812617540359497
1788861986145058800,37.092058837890626,-0.11240474879741669,-0.20952437818050385,-0.9180580377578735
1788861986155101000,37.10210083007812,-0.08401354402303696,-0.13243494927883148,-0.733954668045044
1788861986165142800,37.112142822265625,-0.0673951506614685,-0.04965618997812271,-0.552750289440155
1788861986175184000,37.122183837890624,-0.06590734422206879,0.019669411703944206,-0.36760368943214417
1788861986185226000,37.13222607421875,-0.08803315460681915,0.03786998614668846,-0.18474626541137695
1788861986195267000,37.14226708984375,-0.09813956171274185,0.05794781818985939,-0.010406317189335823
1788861986205309000,37.15230883789062,-0.0784849002957344,0.08424733579158783,0.15627853572368622
1788861986215350800,37.162350830078125,-0.04576221853494644,0.11611749231815338,0.30642426013946533
1788861986225391900,37.172391845703125,-0.021940242499113083,0.11666077375411987,0.455513060092926
1788861986235433700,37.18243383789063,-0.007714392151683569,0.10645999014377594,0.6030636429786682
1788861986245474800,37.19247485351563,0.0009158479515463114,0.11464442312717438,0.7132841348648071
1788861986255516700,37.2025166015625,-0.006848298944532871,0.09953123331069946,0.7918877601623535
1788861986265559000,37.21255908203125,-0.02726995199918747,0.07511456310749054,0.8596681356430054
1788861986275600000,37.222599853515625,-0.02235574461519718,0.06946294009685516,0.9264704585075378
1788861986285642000,37.23264208984375,-0.002197213238105178,0.0787416622042656,0.9976077675819397
1788861986295682800,37.24268286132813,0.013434568420052528,0.06905563175678253,1.0493334531784058
1788861986305725000,37.25272485351562,0.017427712678909302,0.05946798250079155,1.1108322143554688
1788861986315766800,37.262766845703126,0.02638978883624077,0.055005647242069244,1.1993095874786377
1788861986325807900,37.272807861328126,0.0360429510474205,0.06550942361354828,1.2998217344284058
1788861986335849700,37.282849609375,0.03458619490265846,0.07205808162689209,1.3967900276184082
1788861986345890800,37.29289086914063,0.02770458534359932,0.08826421201229095,1.4977922439575195
1788861986355933000,37.302932861328124,0.005491865798830986,0.14079596102237701,1.5908219814300537
1788861986365974800,37.31297485351563,-0.004250244237482548,0.14097732305526733,1.6596194505691528
1788861986376016000,37.323015869140626,0.03960900008678436,0.09768829494714737,1.700753092765808
1788861986386057700,37.3330576171875,0.10303270816802979,0.10443301498889923,1.7572096586227417
1788861986396098800,37.34309887695313,0.15424120426177979,0.16871832311153412,1.849180817604065
1788861986406141000,37.353140869140624,0.18232664465904236,0.2766178846359253,1.9585200548171997
1788861986416182800,37.36318286132813,0.1755552738904953,0.39018550515174866,2.0817458629608154
1788861986426223900,37.373223876953126,0.16490769386291504,0.46489331126213074,2.211124897003174
1788861986436266000,37.38326586914062,0.16010911762714386,0.4708934724330902,2.3397328853607178
1788861986446306800,37.39330688476562,0.16321249306201935,0.3996070325374603,2.4840235710144043
1788861986456349000,37.403348876953125,0.19271515309810638,0.2830635607242584,2.6321029663085938
1788861986466390800,37.41339086914063,0.23854336142539978,0.18431329727172852,2.76611328125
1788861986476432000,37.42343188476563,0.2465713769197464,0.15582150220870972,2.875924587249756
1788861986486473700,37.4334736328125,0.21731922030448914,0.15738290548324585,2.9498257637023926
1788861986496515800,37.443515869140626,0.15437403321266174,0.11122848093509674,2.9656856060028076
1788861986506556700,37.453556640625,0.09295009821653366,0.0333094522356987,2.9466922283172607
1788861986516599000,37.46359912109375,0.046302005648612976,-0.06288644671440125,2.886181354522705
1788861986526639900,37.47363989257813,0.019389696419239044,-0.16700777411460876,2.798617124557495
1788861986536682000,37.48368188476562,0.022041285410523415,-0.2895452380180359,2.7011704444885254
1788861986546722800,37.49372290039062,0.027808627113699913,-0.4241800010204315,2.599997043609619
1788861986556765000,37.503764892578126,0.012799154967069626,-0.4904177784919739,2.508401393890381
1788861986566806800,37.51380688476563,-0.009280314669013023,-0.4740111231803894,2.415860414505005
1788861986576848000,37.52384790039063,-0.04640765115618706,-0.43903884291648865,2.32882022857666
1788861986586889700,37.5338896484375,-0.10435856878757477,-0.4051748812198639,2.246722936630249
1788861986596930800,37.54393090820312,-0.16474682092666626,-0.37018486857414246,2.1688199043273926
1788861986606973000,37.553972900390626,-0.22006040811538696,-0.36007630825042725,2.0948266983032227
1788861986617014800,37.56401489257812,-0.2581328749656677,-0.368050754070282,2.030585527420044
1788861986627055900,37.57405590820313,-0.2646743953227997,-0.3796437382698059,1.9757336378097534
1788861986637097700,37.58409765625,-0.2660255432128906,-0.32012462615966797,1.9007561206817627
1788861986647138800,37.59413891601562,-0.26503458619117737,-0.15754637122154236,1.7964537143707275
1788861986657180700,37.6041806640625,-0.21816439926624298,-0.01583065465092659,1.6467089653015137
1788861986667222800,37.61422290039062,-0.12852612137794495,0.022399554029107094,1.4673610925674438
1788861986677263600,37.624263671875,-0.027406886219978333,0.015957001596689224,1.280409812927246
1788861986687306000,37.634305908203125,0.03351398929953575,-0.003890739753842354,1.122610330581665
1788861986697347800,37.64434790039063,0.06031246855854988,-0.02643241360783577,0.9957593083381653
1788861986707389000,37.65438891601563,0.04167060926556587,-0.010583143681287766,0.859799861907959
1788861986717430800,37.6644306640625,-0.004819204099476337,0.08274956047534943,0.7289668321609497
1788861986727471900,37.67447192382812,-0.06401941180229187,0.21527671813964844,0.589300274848938
1788861986737513700,37.684513671875,-0.10171588510274887,0.3055226504802704,0.45457038283348083
1788861986747555800,37.69455590820313,-0.10830534249544144,0.32956936955451965,0.33184048533439636
1788861986757596700,37.7045966796875,-0.10722323507070541,0.29740822315216064,0.24084599316120148
1788861986767639000,37.71463916015625,-0.10702642053365707,0.23017138242721558,0.1735287457704544
1788861986777680000,37.72467993164062,-0.093535877764225,0.15615007281303406,0.11606942862272263
1788861986787722000,37.734721923828126,-0.07087291032075882,0.10083382576704025,0.06907396018505096
1788861986797762800,37.7447626953125,-0.06203725188970566,0.04520940035581589,0.024276360869407654
1788861986807805000,37.75480493164063,-0.05946650356054306,-0.0028987391851842403,-0.022696740925312042
1788861986817846800,37.7648466796875,-0.053072020411491394,-0.022984281182289124,-0.08524420857429504
1788861986827887900,37.77488793945312,-0.06147535890340805,0.010803243145346642,-0.16011232137680054
1788861986837930000,37.784929931640626,-0.08517440408468246,0.061545103788375854,-0.25132837891578674
1788861986847971800,37.79497192382812,-0.10348203778266907,0.10085628926753998,-0.37136155366897583
1788861986858013000,37.80501293945313,-0.12632842361927032,0.15702678263187408,-0.5254489779472351
1788861986868054800,37.8150546875,-0.15822777152061462,0.173076331615448,-0.6847869753837585
1788861986878096000,37.82509594726562,-0.17371825873851776,0.09578017890453339,-0.8022696375846863
1788861986888137700,37.8351376953125,-0.16143150627613068,-0.0215389933437109,-0.8537448048591614
1788861986898178800,37.8451787109375,-0.14310748875141144,-0.06984147429466248,-0.8628079891204834
1788861986908220700,37.855220703125,-0.13763655722141266,-0.018380410969257355,-0.8529103994369507
1788861986918263000,37.865262939453125,-0.13795509934425354,0.05811283737421036,-0.8457884788513184
1788861986928303900,37.875303955078124,-0.14226196706295013,0.10909053683280945,-0.847686231136322
1788861986938346000,37.88534594726563,-0.15079167485237122,0.12820763885974884,-0.8676783442497253
1788861986948386800,37.89538671875,-0.1643168032169342,0.07624084502458572,-0.9027665853500366
1788861986958429000,37.90542895507812,-0.18742385506629944,-0.03416088968515396,-0.9449918270111084
1788861986968470800,37.915470703125,-0.2358372062444687,-0.19279848039150238,-1.0206857919692993
1788861986978512000,37.925511962890624,-0.3147933781147003,-0.3427044153213501,-1.113754153251648
1788861986988553700,37.9355537109375,-0.40256744623184204,-0.33704841136932373,-1.1472042798995972
1788861986998594800,37.9455947265625,-0.48724743723869324,-0.09682255983352661,-1.0828638076782227
1788861987008637000,37.95563696289062,-0.5571961998939514,0.2754916250705719,-0.9486609697341919
1788861987018678800,37.9656787109375,-0.5858794450759888,0.524111807346344,-0.8223934173583984
1788861987028719900,37.975719970703125,-0.5677385330200195,0.5034416913986206,-0.7908692955970764
1788861987038761700,37.98576171875,-0.516457200050354,0.18877899646759033,-0.8775913119316101
1788861987048802800,37.995802734375,-0.42493313550949097,-0.23805725574493408,-1.0067877769470215
1788861987058845000,38.00584497070312,-0.27792152762413025,-0.46563398838043213,-1.0280776023864746
1788861987068887000,38.015886962890626,-0.12093005329370499,-0.3460990786552429,-0.8870997428894043
1788861987078928000,38.025927978515625,-0.00223902496509254,-0.03774207830429077,-0.6681579351425171
1788861987088970000,38.03596997070313,0.03769401088356972,0.2865491807460785,-0.4404214918613434
1788861987099011000,38.04601098632813,0.02384295128285885,0.49065640568733215,-0.2157958596944809
1788861987109053000,38.05605297851562,0.013944248668849468,0.4896084666252136,-0.038887664675712585
1788861987119094800,38.0660947265625,0.03341337665915489,0.3933505415916443,0.10226228833198547
1788861987129135900,38.076135986328126,0.04567057639360428,0.30412718653678894,0.20481637120246887
1788861987139177700,38.086177734375,0.03467301279306412,0.2945374846458435,0.25608834624290466
1788861987149218800,38.09621875,0.0005193031392991543,0.34461209177970886,0.2657742500305176
1788861987159261000,38.106260986328124,0.01102742925286293,0.3189159631729126,0.23439878225326538
1788861987169303000,38.11630297851563,0.06287171691656113,0.24817679822444916,0.2148144245147705
1788861987179344000,38.12634375,0.10013846307992935,0.20610308647155762,0.23750363290309906
1788861987189386000,38.13638598632812,0.0979251116514206,0.24596527218818665,0.29443588852882385
1788861987199426800,38.1464267578125,0.10030201822519302,0.25699445605278015,0.3507065773010254
1788861987209469000,38.156468994140624,0.1361047476530075,0.2200377881526947,0.387573778629303
1788861987219510800,38.1665107421875,0.2048029601573944,0.1881527155637741,0.4142579436302185
1788861987229551900,38.1765517578125,0.27815812826156616,0.1586584746837616,0.44289225339889526
1788861987239594000,38.18659399414062,0.3328317105770111,0.15339289605617523,0.4639551639556885
1788861987249635000,38.19663500976562,0.3748060464859009,0.1787288784980774,0.48449426889419556
1788861987259677000,38.206677001953125,0.39773738384246826,0.22939662635326385,0.5107186436653137
1788861987269718800,38.21671875,0.385987788438797,0.313347190618515,0.5291828513145447
1788861987279760000,38.226759765625,0.37386491894721985,0.3508872985839844,0.5338661670684814
1788861987289801700,38.2368017578125,0.37462446093559265,0.3299175798892975,0.5619857311248779
1788861987299842800,38.2468427734375,0.35331061482429504,0.3444390296936035,0.6090294122695923
1788861987309884700,38.256884765625,0.3137972950935364,0.4008200168609619,0.6271508932113647
1788861987319925800,38.26692578125,0.3118680417537689,0.3809603154659271,0.6042603254318237
1788861987329967900,38.2769677734375,0.33914628624916077,0.25623223185539246,0.5643211603164673
1788861987340010000,38.28701000976562,0.37251049280166626,0.1035919338464737,0.5432990193367004
1788861987350050800,38.29705078125,0.392032265663147,-0.03073285147547722,0.5586425065994263
1788861987360093000,38.307093017578126,0.4003117084503174,-0.13260696828365326,0.5882797241210938
1788861987370133800,38.3171337890625,0.38345175981521606,-0.1873684823513031,0.5992050766944885
1788861987380176000,38.32717578125,0.33900967240333557,-0.18767254054546356,0.5843649506568909
1788861987390217700,38.3372177734375,0.29440945386886597,-0.1568664312362671,0.551774799823761
1788861987400258800,38.3472587890625,0.25103166699409485,-0.08094877004623413,0.501639187335968
1788861987410301000,38.357301025390626,0.21966736018657684,-0.01789683662354946,0.4419145882129669
1788861987420342000,38.367342041015625,0.22394289076328278,-0.021315380930900574,0.3965412378311157
1788861987430383900,38.3773837890625,0.24207262694835663,-0.06694358587265015,0.35644975304603577
1788861987440426000,38.387426025390624,0.21837422251701355,-0.09503860026597977,0.30003786087036133
1788861987450466800,38.397466796875,0.17170818150043488,-0.10869848728179932,0.21883569657802582
1788861987460509000,38.40750903320313,0.13243190944194794,-0.11840659379959106,0.1299329698085785
1788861987470549800,38.4175498046875,0.10292621701955795,-0.07191259413957596,0.0754484310746193
1788861987480592000,38.427591796875,0.07430930435657501,0.03616296499967575,0.05103600025177002
1788861987490634000,38.437634033203125,0.07028180360794067,0.12134896218776703,0.05526962876319885
1788861987500675000,38.447675048828124,0.08301777392625809,0.14776062965393066,0.06509948521852493
1788861987510717000,38.45771704101563,0.10807625949382782,0.13279765844345093,0.06530934572219849
1788861987520758000,38.467758056640626,0.12077273428440094,0.08448220044374466,0.04643973335623741
1788861987530799900,38.4777998046875,0.11139228194952011,0.005363679490983486,0.024572517722845078
1788861987540841700,38.487841796875,0.08876025676727295,-0.07813949882984161,0.014822985045611858
1788861987550882800,38.4978828125,0.07400474697351456,-0.10339504480361938,0.033606261014938354
1788861987560925000,38.50792504882813,0.05453403666615486,-0.06170688942074776,0.05809038132429123
1788861987570966000,38.51796606445313,0.033006105571985245,0.011314055882394314,0.08145242929458618
1788861987581008000,38.5280078125,-0.0035878908820450306,0.055336128920316696,0.07689396291971207
1788861987591050000,38.538050048828126,-0.026445802301168442,0.065370112657547,0.06090008094906807
1788861987601090800,38.5480908203125,-0.03554682061076164,0.06499804556369781,0.051945071667432785
1788861987611133000,38.5581328125,-0.04325107857584953,0.06149944290518761,0.04200615733861923
1788861987621173800,38.568173828125,-0.04098796099424362,0.05807676538825035,0.03563833609223366
1788861987631215900,38.5782158203125,-0.02810012362897396,0.04218994826078415,0.01958799548447132
1788861987641256700,38.58825659179688,-0.0011708056554198265,-0.015183580107986927,-0.005474680103361607
1788861987651299000,38.598299072265625,0.004527826327830553,-0.044077809900045395,-0.032087650150060654
1788861987661341000,38.6083408203125,0.003831642447039485,-0.022319501265883446,-0.04150771722197533
1788861987671382000,38.61838208007813,0.017378343269228935,-0.018026752397418022,-0.03580482304096222
1788861987681424000,38.628423828125,0.020533034577965736,0.012055360712110996,-0.030903290957212448
1788861987691465000,38.63846484375,0.01179227139800787,0.07488865405321121,-0.04506358504295349
1788861987701506800,38.6485068359375,0.024872638285160065,0.10871986299753189,-0.05958057567477226
1788861987711549000,38.658548828125,0.0562012642621994,0.09713883697986603,-0.06107913702726364
1788861987721589800,38.66858984375,0.09405457228422165,0.04704614728689194,-0.05641980096697807
1788861987731631900,38.6786318359375,0.10428643971681595,0.012098281644284725,-0.06801600754261017
1788861987741673000,38.6886728515625,0.0828864797949791,0.022244520485401154,-0.0883776843547821
1788861987751715000,38.698715087890626,0.04326663166284561,0.0876738578081131,-0.09889451414346695
1788861987761757000,38.7087568359375,0.01547187753021717,0.1867840588092804,-0.06441488116979599
1788861987771798000,38.71879809570312,0.02047009766101837,0.2594241797924042,-0.0061925845220685005
1788861987781840000,38.72883984375,0.03420121595263481,0.26607635617256165,0.034151591360569
1788861987791881000,38.738880859375,0.049626778811216354,0.21175161004066467,0.04408412054181099
1788861987801922800,38.7489228515625,0.07275744527578354,0.08697689324617386,0.03788937255740166
1788861987811965000,38.75896484375,0.08645328879356384,-0.030611254274845123,0.027873221784830093
1788861987822006000,38.76900610351562,0.08882374316453934,-0.06890963017940521,0.025576414540410042
1788861987832047900,38.7790478515625,0.08219194412231445,-0.03987771272659302,0.044424932450056076
1788861987842089000,38.7890888671875,0.08324767649173737,-0.007030910812318325,0.07692490518093109
1788861987852130800,38.799130859375,0.08778516948223114,0.027248766273260117,0.10405639559030533
1788861987862173000,38.8091728515625,0.0888906717300415,0.06637352705001831,0.12169194966554642
1788861987872213800,38.8192138671875,0.0774417445063591,0.0988616943359375,0.14020997285842896
1788861987882256000,38.829255859375,0.09264488518238068,0.05958440899848938,0.1657792627811432
1788861987892296700,38.83929663085937,0.1284678727388382,-0.046519387513399124,0.19412514567375183
1788861987902339000,38.84933911132813,0.17830973863601685,-0.11984394490718842,0.21811659634113312
1788861987912380000,38.8593798828125,0.19135549664497375,-0.14377085864543915,0.22245702147483826
1788861987922422000,38.86942211914062,0.17310339212417603,-0.12988612055778503,0.21386273205280304
1788861987932463900,38.8794638671875,0.15746477246284485,-0.11162322759628296,0.21737170219421387
1788861987942505000,38.8895048828125,0.14926692843437195,-0.09117237478494644,0.22622452676296234
1788861987952546800,38.899546875,0.14289717376232147,-0.06302142888307571,0.23320014774799347
1788861987962588000,38.909587890625,0.12542793154716492,-0.022852711379528046,0.24453066289424896
1788861987972629800,38.91962963867188,0.12402364611625671,0.006542992778122425,0.24881196022033691
1788861987982672000,38.929671875,0.13559605181217194,-0.0017441855743527412,0.23899291455745697
1788861987992713000,38.939712890625,0.1472998559474945,-0.08052369207143784,0.2221343070268631
1788861988002755000,38.94975512695312,0.1514481157064438,-0.177267923951149,0.20314502716064453
1788861988012796200,38.95979614257813,0.12706181406974792,-0.207396000623703,0.18409889936447144
1788861988022838000,38.969838134765624,0.0730535015463829,-0.16640952229499817,0.16251175105571747
1788861988032880000,38.97988012695313,0.045281797647476196,-0.09535291790962219,0.13440102338790894
1788861988042921000,38.9899208984375,0.014457548037171364,-0.010447544045746326,0.09024620056152344
1788861988052963300,38.99996337890625,-0.017046049237251282,0.0669415220618248,0.046362102031707764
1788861988063004200,39.01000415039063,-0.046514369547367096,0.08195924013853073,0.003487622831016779
1788861988073046300,39.02004638671875,-0.059388358145952225,0.046002306044101715,-0.022848377004265785
1788861988083087000,39.03008715820312,-0.064674012362957,-0.002845616079866886,-0.058250006288290024
1788861988093129200,39.04012915039063,-0.06288676708936691,-0.08171779662370682,-0.0976187214255333
1788861988103171000,39.05017114257812,-0.05598561838269234,-0.14962045848369598,-0.12923623621463776
1788861988113212200,39.06021215820312,-0.059696733951568604,-0.12622804939746857,-0.129047691822052
1788861988123254000,39.07025390625,-0.05871773138642311,-0.09647876024246216,-0.09723900258541107
1788861988133295000,39.080295166015624,-0.05768841877579689,-0.10527810454368591,-0.06671411544084549
1788861988143337200,39.09033715820313,-0.07345567643642426,-0.09788590669631958,-0.048766061663627625
1788861988153379300,39.10037939453125,-0.09950405359268188,-0.08131784945726395,-0.031849395483732224
1788861988163420200,39.11042016601562,-0.11655227094888687,-0.08237545192241669,-0.014160893857479095
1788861988173462300,39.120462158203125,-0.13828153908252716,-0.09639779478311539,-0.00757170096039772
1788861988183503000,39.130503173828124,-0.1517397165298462,-0.09804029017686844,-0.00005108257755637169
1788861988193545200,39.14054516601563,-0.1347796469926834,-0.11243787407875061,0.022353293374180794
1788861988203587000,39.15058715820312,-0.09560326486825943,-0.14457280933856964,0.04864979162812233
1788861988213628200,39.16062817382812,-0.08091406524181366,-0.1262848824262619,0.053802210837602615
1788861988223670300,39.170670166015626,-0.09238094091415405,-0.05010025203227997,0.05222203955054283
1788861988233711400,39.18071142578125,-0.1058642640709877,0.008072509430348873,0.06119370087981224
1788861988243753200,39.19075317382813,-0.11488151550292969,0.0017696339637041092,0.06870564818382263
1788861988253795000,39.200795166015624,-0.1401948630809784,-0.010921660810709,0.039339497685432434
1788861988263836200,39.21083618164062,-0.15433204174041748,0.0014845002442598343,-0.01444418914616108
1788861988273878000,39.2208779296875,-0.1406545788049698,-0.03055519238114357,-0.05321875214576721
1788861988283919000,39.230919189453125,-0.11298439651727676,-0.061531443148851395,-0.07976739853620529
1788861988293961000,39.2409609375,-0.0856047049164772,-0.09696932882070541,-0.09199290722608566
1788861988304002000,39.251001953125,-0.06593630462884903,-0.14583341777324677,-0.08654393255710602
1788861988314044200,39.26104418945312,-0.0762278288602829,-0.13573923707008362,-0.08085515350103378
1788861988324086300,39.27108618164063,-0.09993237257003784,-0.067484550178051,-0.06842973828315735
1788861988334127000,39.281127197265626,-0.10518119484186172,-0.012925698421895504,-0.046391285955905914
1788861988344169200,39.29116918945312,-0.0832480937242508,0.0341239832341671,-0.01881333813071251
1788861988354210000,39.3012099609375,-0.04634280502796173,0.0336906872689724,0.014507601037621498
1788861988364252200,39.311252197265624,-0.0017196598928421736,-0.0066588763147592545,0.027960926294326782
1788861988374294000,39.3212939453125,0.008829121477901936,-0.056612852960824966,0.03635041415691376
1788861988384335000,39.331335205078126,0.011113330721855164,-0.10608933866024017,0.04806283116340637
1788861988394377200,39.34137719726562,-0.010250279679894447,-0.12773337960243225,0.05483098700642586
1788861988404418300,39.35141821289063,-0.045472465455532074,-0.07825343310832977,0.05822402238845825
1788861988414460200,39.361460205078124,-0.07324044406414032,-0.023273538798093796,0.049574874341487885
1788861988424502000,39.371501953125,-0.07361088693141937,-0.007284719031304121,0.04317263513803482
1788861988434543000,39.38154321289063,-0.07454992085695267,0.01421444769948721,0.03107149712741375
1788861988444585000,39.3915849609375,-0.07231605798006058,0.052243854850530624,0.0167026799172163
1788861988454626000,39.4016259765625,-0.04705933853983879,0.02581452578306198,0.009172441437840462
1788861988464668200,39.411668212890625,-0.01506655104458332,-0.05217932537198067,-0.004262072965502739
1788861988474709000,39.421708984375,-0.002454885747283697,-0.07281696051359177,-0.016930464655160904
1788861988484751000,39.43175122070313,-0.012465939857065678,-0.04158981516957283,-0.016364343464374542
1788861988494793200,39.44179321289062,-0.038123369216918945,0.0063843680545687675,-0.011662798933684826
1788861988504834000,39.451833984375,-0.042161520570516586,0.028049714863300323,-0.018871445208787918
1788861988514876200,39.461876220703125,-0.03013468347489834,0.011412149295210838,-0.03848562389612198
1788861988524917200,39.471917236328125,-0.02568807639181614,0.02859416976571083,-0.06031893566250801
1788861988534959000,39.481958984375,-0.027583181858062744,0.03633970767259598,-0.05536891892552376
1788861988545001000,39.4920009765625,-0.009713936597108841,-0.013748743571341038,-0.0380077064037323
1788861988555042000,39.5020419921875,0.00380133930593729,-0.05662616714835167,-0.016390293836593628
1788861988565084200,39.512084228515626,-0.0027422925923019648,-0.0167416799813509,-0.0006961309700272977
1788861988575125200,39.522125244140625,-0.006851017475128174,0.016540376469492912,0.020310083404183388
1788861988585167000,39.5321669921875,-0.007933949120342731,0.008252996951341629,0.015627428889274597
1788861988595208200,39.54220825195313,-0.0014275801368057728,0.010947316884994507,0.0037020607851445675
1788861988605250000,39.55225,0.008063620887696743,0.019437823444604874,-0.0016966857947409153
1788861988615292200,39.562292236328126,0.028545459732413292,-0.004623835440725088,-0.009743161499500275
1788861988625333000,39.5723330078125,0.03670898824930191,-0.045466210693120956,-0.026718098670244217
1788861988635375000,39.582375,0.041905879974365234,-0.07598310708999634,-0.02270311862230301
1788861988645416200,39.59241625976563,0.04465147852897644,-0.061443720012903214,-0.009494321420788765
1788861988655458300,39.602458251953124,0.04279259219765663,-0.04088704660534859,0.008898001164197922
1788861988665500200,39.61250024414063,0.031219013035297394,-0.017898427322506905,0.01888667419552803
1788861988675541200,39.622541259765626,0.027491118758916855,-0.03587529808282852,0.028886845335364342
1788861988685583000,39.6325830078125,0.027211004868149757,-0.07360086590051651,0.02997397631406784
1788861988695624200,39.64262426757813,0.013313566334545612,-0.05878756195306778,0.024656709283590317
1788861988705666000,39.652666015625,0.012114151380956173,-0.04435759782791138,0.02447526715695858
1788861988715707100,39.66270703125,0.013899534940719604,-0.07725456357002258,0.017695659771561623
1788861988725749200,39.672749267578126,0.004707181826233864,-0.08466451615095139,0.008673046715557575
1788861988735791000,39.682791015625,-0.021959582343697548,-0.06475765258073807,-0.007105915807187557
1788861988745832200,39.69283227539062,-0.04100390896201134,-0.06918838620185852,-0.007086553610861301
1788861988755874000,39.7028740234375,-0.051160939037799835,-0.07393307238817215,-0.0016081647481769323
1788861988765915100,39.7129150390625,-0.05086676776409149,-0.09516367316246033,0.002703641541302204
1788861988775957000,39.72295703125,-0.043716177344322205,-0.0948648601770401,0.02461746148765087
1788861988785999000,39.7329990234375,-0.03840303421020508,-0.058247070759534836,0.07478560507297516
1788861988796040000,39.7430400390625,-0.04070959612727165,-0.0028722300194203854,0.1248471811413765
1788861988806082300,39.753082275390625,-0.05527137219905853,0.027294864878058434,0.1240532398223877
1788861988816123100,39.763123046875,-0.07382667809724808,0.038612499833106995,0.1087440550327301
1788861988826165200,39.77316528320313,-0.08672135323286057,0.04810502752661705,0.10838156938552856
1788861988836207000,39.78320703125,-0.10057938098907471,0.023214858025312424,0.11104738712310791
1788861988846248200,39.79324829101562,-0.10998543351888657,-0.03874542936682701,0.09160824865102768
1788861988856290000,39.8032900390625,-0.1235252097249031,-0.10473430156707764,0.07194479554891586
1788861988866331100,39.8133310546875,-0.12446966022253036,-0.1261603832244873,0.0487571656703949
1788861988876373000,39.823373046875,-0.12341051548719406,-0.10150883346796036,0.038328494876623154
1788861988886414000,39.8334140625,-0.11576320976018906,-0.03651713579893112,0.029924342408776283
1788861988896456200,39.84345629882812,-0.10103140026330948,-0.030102381482720375,0.03805817291140556
1788861988906498300,39.853498291015626,-0.10155504941940308,0.008743321523070335,0.058928169310092926
1788861988916539100,39.8635390625,-0.11496645957231522,0.03703008592128754,0.08368544280529022
1788861988926581200,39.87358129882813,-0.09547468274831772,-0.01782868802547455,0.10014943778514862
1788861988936622000,39.8836220703125,-0.06106211617588997,-0.1176394373178482,0.10872561484575272
1788861988946664200,39.89366430664062,-0.03529518097639084,-0.1547418236732483,0.10302701592445374
1788861988956706000,39.9037060546875,-0.03091135248541832,-0.17499198019504547,0.1165633350610733
1788861988966747100,39.9137470703125,-0.03886336833238602,-0.165329709649086,0.14572124183177948
1788861988976789200,39.92378930664062,-0.06426966190338135,-0.09590349346399307,0.1627151519060135
1788861988986830300,39.93383032226563,-0.09094329923391342,-0.026062659919261932,0.17888829112052917
1788861988996872200,39.9438720703125,-0.10172323882579803,-0.02815750241279602,0.1813354641199112
1788861989006913000,39.9539130859375,-0.10969839990139008,-0.041016750037670135,0.1621806025505066
1788861989016955000,39.963954833984374,-0.12572184205055237,-0.033010222017765045,0.1256881058216095
1788861989026996700,39.97399682617188,-0.13495072722434998,-0.007622389122843742,0.0909157246351242
1788861989037037800,39.98403784179688,-0.1384836733341217,0.026792578399181366,0.061194583773612976
1788861989047079700,39.99407958984375,-0.14721715450286865,0.0564291886985302,0.05133957043290138
1788861989057120800,40.00412084960937,-0.14261120557785034,0.039622776210308075,0.05800439789891243
1788861989067163000,40.014162841796875,-0.10375437885522842,-0.02658732980489731,0.03718817979097366
1788861989077205000,40.024205078125,-0.06150439754128456,-0.08891808241605759,0.014924152754247189
1788861989087245800,40.03424584960938,-0.05082971602678299,-0.09967827796936035,0.03809991478919983
1788861989097288000,40.04428784179687,-0.031909022480249405,-0.08824799209833145,0.09719705581665039
1788861989107328800,40.05432885742187,-0.021018290892243385,-0.08646340668201447,0.12833499908447266
1788861989117371000,40.064370849609375,-0.03500388190150261,-0.06598769873380661,0.11440720409154892
1788861989127412000,40.074411865234374,-0.0493658110499382,-0.03983303904533386,0.11812663823366165
1788861989137453800,40.08445385742188,-0.051198333501815796,-0.05572625249624252,0.15209445357322693
1788861989147495700,40.09449560546875,-0.04344002902507782,-0.0618821419775486,0.1617768108844757
1788861989157536800,40.10453686523437,-0.03253784775733948,-0.08204120397567749,0.15070950984954834
1788861989167579000,40.114578857421876,-0.027619129046797752,-0.09213018417358398,0.16082921624183655
1788861989177620000,40.124619873046875,-0.00841560773551464,-0.050090327858924866,0.19527214765548706
1788861989187661800,40.13466186523438,0.025822218507528305,0.008265743963420391,0.21074219048023224
1788861989197704000,40.144703857421874,0.04269440844655037,0.046416059136390686,0.20269997417926788
1788861989207744800,40.15474487304687,0.05138026177883148,0.05699489265680313,0.20022699236869812
1788861989217787000,40.164786865234376,0.06943009793758392,0.010161343030631542,0.2054140269756317
1788861989227827700,40.17482763671875,0.08684815466403961,-0.042338769882917404,0.19520345330238342
1788861989237869800,40.18486987304688,0.07197412848472595,-0.029295939952135086,0.18927127122879028
1788861989247910700,40.19491064453125,0.0338670089840889,0.021983198821544647,0.19795505702495575
1788861989257953000,40.204953125,0.0028281339909881353,0.02963446080684662,0.19775159657001495
1788861989267995000,40.21499487304688,-0.024526117369532585,-0.006765762344002724,0.17545779049396515
1788861989278036000,40.225035888671876,-0.06845416128635406,0.021042700856924057,0.14854416251182556
1788861989288077800,40.23507788085937,-0.09850452095270157,0.07725752890110016,0.13056671619415283
1788861989298119000,40.24511889648438,-0.0888066217303276,0.040830813348293304,0.11879608035087585
1788861989308160800,40.255160888671874,-0.07625225186347961,-0.042111389338970184,0.09789826720952988
1788861989318201900,40.26520190429687,-0.050373248755931854,-0.08110272884368896,0.08287191390991211
1788861989328243700,40.27524365234375,-0.01702866144478321,-0.08344868570566177,0.07823531329631805
1788861989338285800,40.28528588867187,-0.007236217614263296,-0.07375557720661163,0.08345004916191101
1788861989348327000,40.29532690429688,-0.02622794546186924,-0.036473553627729416,0.08224089443683624
1788861989358368800,40.30536865234375,-0.05191813036799431,0.007173258811235428,0.08428221195936203
1788861989368409900,40.315409912109374,-0.06019418686628342,-0.0006622849032282829,0.06664000451564789
1788861989378451700,40.32545166015625,-0.06327492743730545,-0.0218671727925539,0.047956064343452454
1788861989388493800,40.33549389648437,-0.0602647066116333,-0.03214060887694359,0.035653356462717056
1788861989398534700,40.34553466796875,-0.06542032212018967,-0.026783129200339317,0.01696089282631874
1788861989408577000,40.355576904296875,-0.05678146705031395,-0.018064316362142563,-0.003969669342041016
1788861989418617900,40.365617919921874,-0.054533492773771286,0.008383536711335182,-0.007287435233592987
1788861989428660000,40.37565991210938,-0.06040722504258156,0.060575760900974274,-0.004221288487315178
1788861989438700800,40.38570068359375,-0.05765324831008911,0.06733140349388123,-0.009689557366073132
1788861989448743000,40.39574291992187,-0.05721497908234596,0.05698060616850853,-0.01612723618745804
1788861989458784800,40.40578466796875,-0.05553053319454193,0.05909435823559761,-0.01776747591793537
1788861989468825900,40.415825927734375,-0.04504799097776413,0.0027756569907069206,-0.024328576400876045
1788861989478867700,40.42586767578125,-0.05047524720430374,-0.05628606304526329,-0.037446774542331696
1788861989488908800,40.43590869140625,-0.07292210310697556,-0.06086210533976555,-0.051882967352867126
1788861989498951000,40.44595092773437,-0.07419802248477936,-0.06003838777542114,-0.04673667252063751
1788861989508993000,40.455992919921876,-0.06923391669988632,-0.07866985350847244,-0.03030213713645935
1788861989519033900,40.466033935546875,-0.07323770970106125,-0.07246602326631546,-0.000371936010196805
1788861989529076000,40.47607592773438,-0.061123862862586975,-0.05849604308605194,0.0036090363282710314
1788861989539116800,40.48611669921875,-0.047223493456840515,-0.06475420296192169,-0.015743888914585114
1788861989549159000,40.49615893554687,-0.03680119290947914,-0.05718417465686798,-0.030474001541733742
1788861989559199700,40.50619970703125,-0.010818062350153923,-0.013480905443429947,-0.03950398042798042
1788861989569241900,40.516241943359375,0.010100234299898148,0.017020829021930695,-0.04322860762476921
1788861989579284000,40.52628393554688,0.028203072026371956,0.013244466856122017,-0.033265989273786545
1788861989589325000,40.53632495117188,0.05657874792814255,0.029932454228401184,-0.000683533784467727
1788861989599367000,40.546366943359374,0.09138546884059906,0.06853576749563217,0.013389674946665764
1788861989609408000,40.55640795898437,0.10434499382972717,0.14554576575756073,0.0029549638275057077
1788861989619449900,40.566449951171876,0.10060352087020874,0.2430022805929184,-0.0019399260636419058
1788861989629491700,40.57649169921875,0.0960269644856453,0.22808854281902313,-0.043041061609983444
1788861989639532800,40.58653271484375,0.08199476450681686,0.1263400763273239,-0.08305452018976212
1788861989649574700,40.59657470703125,0.06702747195959091,0.001792057417333126,-0.11635562032461166
1788861989659615700,40.60661572265625,0.07206936180591583,-0.10528086870908737,-0.12038258463144302
1788861989669657900,40.616657958984376,0.09092294424772263,-0.14832286536693573,-0.1093142181634903
1788861989679699000,40.626698974609376,0.10205575823783875,-0.08539318293333054,-0.08544404059648514
1788861989689740800,40.63674072265625,0.10989431291818619,-0.0003705304116010666,-0.08191116899251938
1788861989699783000,40.646782958984375,0.11555726081132889,0.0479930080473423,-0.07409931719303131
1788861989709823700,40.65682373046875,0.11042182892560959,0.10958082973957062,-0.06043552979826927
1788861989719865900,40.66686596679688,0.11620701104402542,0.08184773474931717,-0.05053629353642464
1788861989729906700,40.67690673828125,0.09799594432115555,0.03461163491010666,-0.04001399129629135
1788861989739948800,40.68694873046875,0.08345348387956619,0.05082496255636215,-0.018928151577711105
1788861989749989600,40.69698974609375,0.06983696669340134,0.05182766541838646,-0.012093178927898407
1788861989760032000,40.707031982421874,0.0744389072060585,-0.0006366083398461342,-0.012037251144647598
1788861989770073900,40.71707397460938,0.09574547410011292,-0.04781687632203102,-0.02644152194261551
1788861989780115000,40.72711499023438,0.0779275968670845,-0.010422099381685257,-0.05970733240246773
1788861989790156800,40.73715673828125,0.03507814556360245,0.05573347210884094,-0.08931093662977219
1788861989800198000,40.74719799804687,0.021414533257484436,0.054013609886169434,-0.09435096383094788
1788861989810239700,40.75723974609375,0.007919052615761757,0.010019672103226185,-0.0909988209605217
1788861989820281900,40.76728173828125,0.0031855502165853977,-0.03884613886475563,-0.08435370773077011
1788861989830322700,40.77732275390625,-0.01343121100217104,-0.05981634929776192,-0.05882396921515465
1788861989840365000,40.78736499023437,-0.055017270147800446,-0.03172745928168297,-0.024612203240394592
1788861989850406000,40.79740600585937,-0.09440413862466812,0.03776642307639122,0.026386234909296036
1788861989860448000,40.807447998046875,-0.09689152985811234,0.034844666719436646,0.06719012558460236
1788861989870488800,40.81748876953125,-0.10548100620508194,0.02788522094488144,0.08921941369771957
1788861989880531000,40.82753100585938,-0.11897177994251251,0.05772833898663521,0.11469095200300217
1788861989890572800,40.83757275390625,-0.14500917494297028,0.11518120765686035,0.12628088891506195
1788861989900614000,40.84761376953125,-0.16213303804397583,0.1428956538438797,0.1035177931189537
1788861989910655700,40.85765576171875,-0.17497321963310242,0.13200147449970245,0.08850811421871185
1788861989920696800,40.86769677734375,-0.15508446097373962,0.07512514293193817,0.08798293769359589
1788861989930739000,40.87773901367188,-0.11718125641345978,0.02593620866537094,0.0863908976316452
1788861989940780000,40.88778002929688,-0.06666667759418488,0.007926316000521183,0.07679099589586258
1788861989950822000,40.89782177734375,-0.01605241931974888,0.012704581022262573,0.06924670189619064
1788861989960863700,40.90786376953125,0.03214866667985916,-0.02635999582707882,0.06572280079126358
1788861989970904800,40.91790478515625,0.05236971378326416,-0.03230999410152435,0.07764457911252975
1788861989980946700,40.92794677734375,0.030932864174246788,0.003026156686246395,0.09144401550292969
1788861989990987800,40.93798779296875,-0.011079530231654644,0.06110961735248566,0.12129165232181549
1788861990001030000,40.94802978515625,-0.030733658000826836,0.1043793261051178,0.1555284559726715
1788861990011072500,40.95807250976563,-0.02655610255897045,0.10687198489904404,0.1545586884021759
1788861990021113300,40.96811328125,-0.030268816277384758,0.12806248664855957,0.12246891856193542
1788861990031155500,40.978155517578124,-0.020661938935518265,0.1946089267730713,0.08962371200323105
1788861990041196300,40.9881962890625,0.00393048906698823,0.19985829293727875,0.07532599568367004
1788861990051238400,40.99823828125,0.01955658756196499,0.09677717834711075,0.057780832052230835
1788861990061279200,41.008279296875,0.01065363921225071,0.012527544051408768,0.023291828110814095
1788861990071321300,41.0183212890625,-0.01228036917746067,-0.0012229252606630325,0.0026495300699025393
1788861990081363500,41.028363525390624,-0.019597936421632767,0.02279479429125786,-0.00909074954688549
1788861990091404500,41.03840454101562,-0.024350116029381752,0.07893131673336029,-0.03926163166761398
1788861990101446400,41.0484462890625,-0.007350360043346882,0.12033494561910629,-0.06468469649553299
1788861990111487500,41.058487548828126,0.015370666049420834,0.161049023270607,-0.08556089550256729
1788861990121529300,41.068529296875,0.03689140826463699,0.17139273881912231,-0.11326655745506287
1788861990131570400,41.0785703125,0.05888519436120987,0.18080005049705505,-0.1164046972990036
1788861990141612300,41.0886123046875,0.08725371956825256,0.2077895849943161,-0.09718705713748932
1788861990151654100,41.098654052734375,0.11022017896175385,0.24309709668159485,-0.06455786526203156
1788861990161695200,41.1086953125,0.12533095479011536,0.2286664992570877,-0.03503725677728653
1788861990171737300,41.1187373046875,0.11901930719614029,0.19093693792819977,-0.011072772555053234
1788861990181778400,41.1287783203125,0.09269928932189941,0.23568017780780792,0.010848505422472954
1788861990191820300,41.1388203125,0.13797026872634888,0.2783283591270447,0.044649019837379456
1788861990201861400,41.148861328125,0.19415231049060822,0.05639861896634102,0.06563978642225266
1788861990211903200,41.1589033203125,0.15229791402816772,0.041808709502220154,0.04740571603178978
1788861990221945300,41.1689453125,0.08934982866048813,0.15046940743923187,0.018380722030997276
1788861990231986200,41.17898608398438,0.08322449773550034,0.2519393265247345,0.028325635939836502
1788861990242028300,41.1890283203125,0.15890967845916748,0.05888892337679863,0.022332992404699326
1788861990252069000,41.19906909179687,0.17217391729354858,-0.1359778791666031,-0.018122971057891846
1788861990262111500,41.20911157226563,0.16453170776367188,-0.1156286671757698,-0.03157939016819
1788861990272153300,41.2191533203125,0.14086677134037018,-0.03527459874749184,0.0040020206943154335
1788861990282194400,41.2291943359375,0.10435643047094345,0.0532696470618248,0.030935099348425865
1788861990292236300,41.239236328125,0.07711461931467056,0.05312347412109375,0.026723982766270638
1788861990302277400,41.24927734375,0.07194888591766357,0.029148634523153305,0.02655247412621975
1788861990312319200,41.2593193359375,0.05803922936320305,0.0659220740199089,0.021788543090224266
1788861990322360300,41.2693603515625,0.03314825892448425,0.10938619822263718,0.00728097278624773
1788861990332402400,41.27940234375,0.035465583205223083,0.1082715392112732,-0.03356168046593666
1788861990342444500,41.289444580078126,0.05806836485862732,0.03206838667392731,-0.0526227243244648
1788861990352485400,41.2994853515625,0.055436983704566956,-0.019459830597043037,-0.05244353041052818
1788861990362527500,41.30952758789063,0.02777579240500927,0.001225207932293415,-0.04665035381913185
1788861990372568300,41.319568359375,0.011055616661906242,0.05153075233101845,-0.03735355660319328
1788861990382610400,41.3296103515625,0.017101526260375977,0.01633015275001526,-0.01957589015364647
1788861990392651300,41.3396513671875,0.009895914234220982,0.0074939969927072525,-0.0032559800893068314
1788861990402693400,41.349693359375,-0.004048396833240986,-0.013488782569766045,0.012422315776348114
1788861990412735500,41.35973559570313,-0.017136286944150925,-0.04632207006216049,0.025484291836619377
1788861990422776600,41.36977661132813,-0.03346572443842888,-0.09311700612306595,0.021899942308664322
1788861990432818400,41.379818359375,-0.06814628094434738,-0.11784681677818298,0.01795221120119095
1788861990442859500,41.38985961914062,-0.10381026566028595,-0.09004048258066177,0.021666254848241806
1788861990452901400,41.3999013671875,-0.14787960052490234,0.0051240501925349236,0.02887585572898388
1788861990462942500,41.4099423828125,-0.17088717222213745,0.02047664113342762,0.021436316892504692
1788861990472984300,41.419984375,-0.16917908191680908,-0.05660773068666458,0.0019771007355302572
1788861990483026200,41.43002612304687,-0.14815768599510193,-0.11931292712688446,-0.010793555527925491
1788861990493067300,41.4400673828125,-0.13553977012634277,-0.10657621920108795,-0.013696450740098953
1788861990503109400,41.450109375,-0.1269012838602066,-0.04795818030834198,-0.007705936208367348
1788861990513150500,41.460150390625,-0.11373702436685562,-0.039785128086805344,-0.01828150451183319
1788861990523192300,41.4701923828125,-0.0931188315153122,-0.09088453650474548,-0.03679180145263672
1788861990533234400,41.480234375,-0.09684423357248306,-0.11169172078371048,-0.016611093655228615
1788861990543275300,41.49027514648437,-0.12706604599952698,-0.08236232399940491,0.001994549063965678
1788861990553317400,41.5003173828125,-0.1424960196018219,-0.07076065987348557,0.004021165892481804
1788861990563358200,41.510358154296874,-0.1254081130027771,-0.10964787006378174,0.004661123268306255
1788861990573400300,41.520400390625,-0.10360467433929443,-0.12992265820503235,0.02157197892665863
1788861990583441200,41.530441162109376,-0.03992209956049919,-0.14881831407546997,0.07360375672578812
1788861990593483500,41.5404833984375,-0.08615997433662415,-0.19547520577907562,0.11680829524993896
1788861990603525400,41.550525390625,-0.10601357370615005,-0.09472088515758514,0.14135438203811646
1788861990613566500,41.56056640625,-0.2021966427564621,0.03271700441837311,0.0922292172908783
1788861990623608300,41.5706083984375,-0.1111687421798706,-0.011266965419054031,0.10015931725502014
1788861990633649400,41.5806494140625,-0.1867569386959076,-0.02267969399690628,0.09571363776922226
1788861990643691300,41.59069116210937,-0.052891284227371216,-0.08343704789876938,0.1408051997423172
1788861990653732400,41.600732421875,-0.11935088038444519,-0.20304027199745178,0.16394084692001343
1788861990663774200,41.610774169921875,-0.2386714071035385,0.0032553719356656075,0.045550014823675156
1788861990673816300,41.62081640625,-0.2502143383026123,0.029459279030561447,0.05448971688747406
1788861990683857400,41.630857421875,-0.23126116394996643,-0.04406926408410072,0.08493710309267044
1788861990693899500,41.6408994140625,-0.13689124584197998,-0.1582147479057312,0.10123298317193985
1788861990703940400,41.6509404296875,-0.05477854236960411,-0.22546888887882233,0.13939474523067474
1788861990713982500,41.660982421875,0.03285174444317818,-0.16195037961006165,0.17828962206840515
1788861990724023300,41.671023193359375,0.005050472915172577,-0.09111455827951431,0.18213602900505066
1788861990734065400,41.6810654296875,-0.11470671743154526,0.05766494572162628,0.09365927428007126
1788861990744107300,41.691107177734374,-0.17437909543514252,0.07916677743196487,-0.0029120096005499363
1788861990754148400,41.7011484375,-0.21565188467502594,-0.03215959295630455,-0.015829652547836304
1788861990764190500,41.7111904296875,-0.1928751915693283,-0.027718504890799522,-0.024019937962293625
1788861990774231600,41.7212314453125,-0.12790794670581818,-0.07369043678045273,0.004525696858763695
1788861990784273400,41.7312734375,-0.08804363012313843,-0.04904927313327789,0.038458362221717834
1788861990794314500,41.741314453125,-0.026117689907550812,0.07912807166576385,0.05567486211657524
1788861990804356400,41.7513564453125,0.04295432195067406,0.13500332832336426,0.0825757160782814
1788861990814398200,41.761398193359376,0.03502717241644859,0.03954923152923584,0.09880591928958893
1788861990824439300,41.771439208984376,0.017106495797634125,-0.029362723231315613,0.10337483882904053
1788861990834481200,41.78148120117187,0.00528525747358799,0.007943104021251202,0.11035418510437012
1788861990844522200,41.79152221679688,-0.006429987959563732,0.09440502524375916,0.10600923746824265
1788861990854564400,41.801564453125,-0.0002309300471097231,0.12636348605155945,0.06711813062429428
1788861990864605400,41.81160546875,0.005955593194812536,0.1091325581073761,0.02938167005777359
1788861990874647300,41.821647216796876,0.03775694966316223,0.08155366033315659,-0.008929667994379997
1788861990884689400,41.831689453125,0.056065384298563004,0.061343997716903687,-0.033881887793540955
1788861990894730200,41.84173022460938,0.03650158643722534,0.11820591986179352,-0.034426212310791016
1788861990904772400,41.8517724609375,0.028745930641889572,0.12735547125339508,-0.033830996602773666
1788861990914813200,41.86181323242187,0.051830388605594635,0.10376204550266266,-0.0329049713909626
1788861990924855300,41.87185522460938,0.046892356127500534,0.06461410969495773,-0.026686491444706917
1788861990934896000,41.881896240234376,0.08284547179937363,0.022840671241283417,-0.013828769326210022
1788861990944938500,41.8919384765625,0.16151472926139832,0.15181756019592285,-0.01465621404349804
1788861990954980400,41.90198046875,0.18616299331188202,0.332554429769516,-0.0051649948582053185
1788861990965021400,41.912021484375,0.03772318363189697,0.2441936731338501,0.05760757625102997
1788861990975063300,41.92206323242188,-0.02562834322452545,0.09554214030504227,0.1372029036283493
1788861990985104400,41.9321044921875,0.05208216607570648,0.03533313050866127,0.17651568353176117
1788861990995146200,41.94214624023437,0.12402680516242981,0.04043453931808472,0.13385695219039917
1788861991005186800,41.95218676757813,-0.0031394048128277063,0.24023553729057312,0.038030561059713364
1788861991015228700,41.96222875976562,0.04017504304647446,0.18644101917743683,0.12585335969924927
1788861991025270800,41.972270751953126,-0.04089724272489548,0.053813233971595764,0.08079307526350021
1788861991035311600,41.9823115234375,0.5824037194252014,-0.39551639556884766,-0.19257229566574097
1788861991045353700,41.99235375976563,1.04375422000885,-0.21597860753536224,-0.07421555370092392
1788861991055394600,42.00239453125,0.25161007046699524,0.33360517024993896,0.5706702470779419
1788861991065437000,42.01243701171875,-0.4341525733470917,0.8005536794662476,1.1232359409332275
1788861991075477800,42.02247778320312,-0.8002865314483643,1.5519410371780396,0.9943559169769287
1788861991085520000,42.032519775390625,0.2439761757850647,0.3602886199951172,2.010368585586548
1788861991095561700,42.04256176757813,0.7157217264175415,1.5752947330474854,1.9578605890274048
1788861991105602800,42.05260278320313,0.03413252905011177,1.8837578296661377,2.1992623805999756
1788861991115644700,42.06264477539062,-0.7224375605583191,0.7088876366615295,2.411360740661621
1788861991125685800,42.07268579101562,-0.9263789653778076,-0.037266477942466736,2.2328076362609863
1788861991135727600,42.0827275390625,-0.9317033886909485,-0.22585982084274292,1.8676868677139282
1788861991145768700,42.092768798828125,-0.9881302118301392,-0.643302321434021,1.613680124282837
1788861991155810800,42.10281079101563,-1.025693416595459,-0.9651163220405579,1.2876982688903809
1788861991165852700,42.112852783203124,-0.9284864068031311,-0.9126733541488647,0.942560613155365
1788861991175893800,42.12289379882812,-0.7186387181282043,0.29105907678604126,0.09433834999799728
1788861991185935600,42.132935546875,-0.4235988259315491,2.4250857830047607,-1.336079716682434
1788861991195976700,42.142976806640625,-0.5779127478599548,2.4003515243530273,-1.8649619817733765
1788861991206018600,42.1530185546875,-0.3616666793823242,1.708923578262329,-2.0287516117095947
1788861991216059600,42.1630595703125,0.24863271415233612,1.4142204523086548,-2.2542824745178223
1788861991226101800,42.173101806640624,0.4750607907772064,1.0969977378845215,-2.2813515663146973
1788861991236143900,42.18314379882813,0.3311452269554138,0.19876199960708618,-1.9038459062576294
1788861991246184700,42.193184814453126,0.013688435778021812,-0.6764349937438965,-1.538434386253357
1788861991256226800,42.20322680664062,0.17377512156963348,-0.8614726066589355,-1.1150141954421997
1788861991266268000,42.21326782226563,0.34794849157333374,-0.5215485692024231,-0.5187369585037231
1788861991276309800,42.223309814453124,0.19322770833969116,0.42993268370628357,0.17829479277133942
1788861991286350800,42.23335083007812,0.7920242547988892,0.6117603182792664,0.5699672102928162
1788861991296392700,42.243392822265626,1.8031589984893799,0.0745609775185585,0.4669899344444275
1788861991306434600,42.2534345703125,0.8851087689399719,-0.5481356382369995,0.09859991818666458
1788861991316475600,42.2634755859375,0.7417203187942505,-0.7318201661109924,-0.03585249185562134
1788861991326517800,42.273517822265624,0.517906665802002,-0.6019783020019531,-0.33237046003341675
1788861991336558800,42.283558837890624,0.13341651856899261,-0.19827041029930115,-0.6224542856216431
1788861991346600700,42.2936005859375,-0.028554020449519157,-0.03949221223592758,-0.7695989608764648
1788861991356641800,42.303641845703126,-0.2194208949804306,-0.32453274726867676,-0.8745402097702026
1788861991366683600,42.31368359375,-0.6445373296737671,-0.9341188669204712,-0.9385460615158081
1788861991376725800,42.323725830078125,-0.9954037070274353,-1.4576084613800049,-0.882601797580719
1788861991386766600,42.3337666015625,-1.1580548286437988,-1.8547582626342773,-0.7593054175376892
1788861991396808700,42.34380859375,-1.1337717771530151,-1.7568660974502563,-0.539145290851593
1788861991406849500,42.353849609375,-1.0467300415039062,-0.922674298286438,-0.2872011959552765
1788861991416892000,42.36389184570312,-1.134466290473938,-0.031169448047876358,-0.19287320971488953
1788861991426932700,42.3739326171875,-1.3351131677627563,0.6002540588378906,-0.1581125557422638
1788861991436974800,42.383974853515625,-1.4769612550735474,0.9917022585868835,-0.10694734007120132
1788861991447016700,42.3940166015625,-1.4783722162246704,1.2351442575454712,-0.04638199508190155
1788861991457057800,42.40405786132813,-1.4191994667053223,1.253713607788086,0.01684677228331566
1788861991467099600,42.414099609375,-1.3501570224761963,1.086713433265686,0.03881465643644333
1788861991477140700,42.424140625,-1.2600401639938354,0.9296470284461975,-0.008533606305718422
1788861991487182600,42.4341826171875,-1.007897138595581,0.835995614528656,-0.12375553697347641
1788861991497223700,42.4442236328125,-0.7224565744400024,0.9367833733558655,-0.14731350541114807
1788861991507265800,42.45426586914063,-0.5318994522094727,1.203344464302063,-0.02894504740834236
1788861991517307600,42.4643076171875,-0.5434727072715759,1.4835788011550903,0.10085955262184143
1788861991527348700,42.4743486328125,-0.7099112272262573,1.8396333456039429,0.18240022659301758
1788861991537390600,42.484390625,-0.9257456660270691,2.7506349086761475,0.30349135398864746
1788861991547431700,42.494431640625,-1.0370296239852905,3.560250997543335,0.28112906217575073
1788861991557473500,42.5044736328125,-0.9760750532150269,3.3691515922546387,0.024974888190627098
1788861991567514600,42.5145146484375,-0.7005295157432556,2.272791862487793,-0.12618480622768402
1788861991577556700,42.524556640625,-0.345772385597229,0.6260201930999756,-0.10221000760793686
1788861991587598800,42.534598876953126,-0.07437387853860855,-0.4874032437801361,0.05989766865968704
1788861991597639700,42.5446396484375,0.05044392868876457,-0.39904090762138367,0.23348161578178406
1788861991607681800,42.55468188476563,0.03666713088750839,-0.4716639816761017,0.19063082337379456
1788861991617722600,42.56472265625,-0.05580105260014534,0.20981906354427338,-0.0730719193816185
1788861991627764700,42.5747646484375,-0.14999519288539886,0.19496874511241913,0.02049424685537815
1788861991637805800,42.58480590820312,-0.34175214171409607,-0.28317973017692566,0.2080552577972412
1788861991647847700,42.59484765625,-0.4450034201145172,-0.33730608224868774,0.23930612206459045
1788861991657889800,42.60488989257812,-0.46166256070137024,0.041223395615816116,0.17174199223518372
1788861991667931000,42.61493090820313,-0.46812310814857483,0.4713851511478424,0.1551651507616043
1788861991677972700,42.62497265625,-0.3907683491706848,0.5440654158592224,0.10121970623731613
1788861991688013800,42.63501391601562,-0.43912309408187866,0.2844812273979187,0.09837119281291962
1788861991698055700,42.6450556640625,-0.5340926051139832,0.38274824619293213,0.12504985928535461
1788861991708096800,42.6550966796875,-0.5642685890197754,0.7131743431091309,0.179657444357872
1788861991718138600,42.665138671875,-0.5269641280174255,0.7526578903198242,0.2730054557323456
1788861991728180700,42.6751806640625,-0.4177449643611908,0.6389499306678772,0.3120894730091095
1788861991738221600,42.6852216796875,-0.24944835901260376,0.4964604377746582,0.3150455951690674
1788861991748264000,42.69526391601563,-0.1161092072725296,0.33607956767082214,0.26511266827583313
1788861991758304800,42.7053046875,-0.036607809364795685,0.1323244273662567,0.1207762286067009
1788861991768347000,42.71534692382812,0.050043992698192596,0.09850785881280899,-0.044780511409044266
1788861991778387700,42.7253876953125,0.1275385320186615,0.17048503458499908,-0.1365177184343338
1788861991788429800,42.735429931640624,0.31662482023239136,0.4895152449607849,-0.08348247408866882
1788861991798470700,42.745470703125,0.13513560593128204,1.2281992435455322,-0.0692153349518776
1788861991808512800,42.7555126953125,-0.3069664537906647,1.942134976387024,-0.11219396442174911
1788861991818554600,42.7655546875,-0.8100643157958984,2.3080642223358154,-0.260261595249176
1788861991828595700,42.775595703125,-1.254565715789795,2.2167797088623047,-0.41385355591773987
1788861991838637800,42.785637939453125,-1.6216323375701904,1.9136723279953003,-0.42594271898269653
1788861991848679000,42.795678955078124,-1.1765789985656738,1.684686303138733,-0.44104471802711487
1788861991858720800,42.805720703125,-0.7353755235671997,1.4628751277923584,-0.22743743658065796
1788861991868761900,42.815761962890626,-0.5879173874855042,1.1895713806152344,-0.041779689490795135
1788861991878803700,42.8258037109375,-0.7009270191192627,1.1252148151397705,0.006692276336252689
1788861991888845600,42.83584545898437,-0.8290266990661621,1.4644503593444824,0.0929640457034111
1788861991898886700,42.84588671875,-0.8551092147827148,1.6806427240371704,0.29690971970558167
1788861991908928500,42.855928466796875,-0.773443341255188,1.7327625751495361,0.29127925634384155
1788861991918969600,42.865969482421875,-0.737262487411499,1.6295353174209595,0.034326717257499695
1788861991929011700,42.87601171875,-0.5324366688728333,2.218641757965088,-0.08919762074947357
1788861991939052800,42.886052734375,-0.31681838631629944,2.212484359741211,0.01050484087318182
1788861991949094700,42.8960947265625,-0.16690559685230255,1.747068166732788,-0.0158186424523592
1788861991959136800,42.90613671875,-0.17766861617565155,1.4127261638641357,0.06691303849220276
1788861991969177600,42.916177490234375,-0.22522760927677155,1.0822172164916992,0.22876159846782684
1788861991979219700,42.9262197265625,-0.2836296856403351,0.5092794895172119,0.3567916452884674
1788861991989260800,42.9362607421875,-0.2067764550447464,0.9431235790252686,1.33620023727417
1788861991999302700,42.946302734375,0.06423003226518631,-0.6070886254310608,0.8443542122840881
1788861992009344500,42.956344482421876,0.4248843491077423,-1.0494368076324463,0.14482328295707703
1788861992019386600,42.96638671875,1.2224235534667969,-0.3487195670604706,0.6643490791320801
1788861992029427500,42.97642749023437,1.33927321434021,0.741553783416748,1.3326563835144043
1788861992039469600,42.986469482421874,1.0494768619537354,-0.9918708801269531,2.0093891620635986
1788861992049511700,42.99651171875,0.21933698654174805,-1.9990442991256714,2.076490879058838
1788861992059552800,43.006552734375,-0.4773273468017578,-2.0225677490234375,2.01237154006958
1788861992069594600,43.0165947265625,-0.6909136772155762,-0.9904987215995789,1.9628779888153076
1788861992079635700,43.0266357421875,-0.9872172474861145,-0.4527647793292999,1.1050565242767334
1788861992089677600,43.036677490234375,-1.3868921995162964,0.21103504300117493,0.7877253890037537
1788861992099718700,43.04671875,-1.461862325668335,1.1079353094100952,0.8601458668708801
1788861992109760500,43.05676049804688,-1.50527822971344,2.267486333847046,0.8668679594993591
1788861992119802600,43.066802734375,-1.589659333229065,3.4771523475646973,0.4814418852329254
1788861992129843700,43.07684375,-1.8201439380645752,4.351111888885498,0.16789968311786652
1788861992139885600,43.086885498046875,-2.1652331352233887,4.781301498413086,-0.16249388456344604
1788861992149926700,43.0969267578125,-2.5515120029449463,4.81361198425293,-0.6998260617256165
1788861992159968500,43.10696850585938,-2.875042676925659,5.087435722351074,-0.9839578866958618
1788861992170009600,43.11700952148438,-3.007997989654541,4.974524021148682,-1.1683703660964966
1788861992180051500,43.12705151367187,-3.241713523864746,4.591427326202393,-1.378958821296692
1788861992190093600,43.137093505859376,-3.7621750831604004,4.072057247161865,-1.5036362409591675
1788861992200134400,43.147134521484375,-4.460404396057129,3.6655755043029785,-1.5341345071792603
1788861992210176800,43.1571767578125,-5.1696953773498535,3.382549524307251,-1.4891963005065918
1788861992220217600,43.16721752929688,-5.745368480682373,3.120298147201538,-1.4569483995437622
1788861992230259700,43.177259765625,-6.1628241539001465,2.936285972595215,-1.4602680206298828
1788861992240300500,43.18730053710937,-6.490484237670898,2.758080005645752,-1.5415058135986328
1788861992250342700,43.1973427734375,-6.7719831466674805,2.5078723430633545,-1.7363256216049194
1788861992260383500,43.207383544921875,-6.899488925933838,2.127117872238159,-2.0313615798950195
1788861992270425600,43.21742553710938,-6.781175136566162,1.847472071647644,-2.3157663345336914
1788861992280467500,43.227467529296874,-6.32037878036499,1.8838930130004883,-2.4390981197357178
1788861992290508500,43.23750854492187,-5.578746318817139,2.329146385192871,-2.2912752628326416
1788861992300550700,43.247550537109376,-4.7518157958984375,3.218862771987915,-1.8908681869506836
1788861992310591700,43.257591796875,-4.000449180603027,4.128209114074707,-1.3285704851150513
1788861992320633600,43.26763354492188,-3.3936355113983154,4.834843635559082,-0.6627057194709778
1788861992330674700,43.2776748046875,-3.0168941020965576,5.596717834472656,0.08696290850639343
1788861992340716500,43.28771655273437,-2.977034568786621,6.614997386932373,0.9682759046554565
1788861992350758700,43.29775854492188,-3.347675323486328,7.8780517578125,1.990894079208374
1788861992360799500,43.307799560546876,-3.97096586227417,8.648183822631836,3.006777763366699
1788861992370841600,43.31784155273437,-4.335644245147705,6.1067376136779785,1.8683587312698364
1788861992380882400,43.32788232421875,-4.250450134277344,3.739914894104004,1.1189563274383545
1788861992390924800,43.3379248046875,-4.145549774169922,2.733959913253784,0.5137258768081665
1788861992400965600,43.34796557617187,-3.8925747871398926,2.2047126293182373,-0.13058362901210785
1788861992411007700,43.3580078125,-3.4801926612854004,2.6323702335357666,-0.4743388593196869
1788861992421049600,43.36804956054687,-2.912597417831421,3.7196221351623535,-0.5104326605796814
1788861992431090700,43.37809057617188,-2.2704904079437256,4.941954135894775,-0.42132803797721863
1788861992441132500,43.388132568359374,-1.7449709177017212,5.746440887451172,-0.40718430280685425
1788861992451173600,43.398173583984374,-1.4972058534622192,6.030823707580566,-0.5544539093971252
1788861992461215500,43.40821557617188,-1.6774264574050903,6.272567272186279,-0.7098969221115112
1788861992471256600,43.418256591796876,-2.0529394149780273,6.363009452819824,-0.8873934149742126
1788861992481298700,43.42829858398437,-2.2266275882720947,5.688724040985107,-1.1498539447784424
1788861992491339800,43.43833984375,-2.0353007316589355,4.57200813293457,-1.3366615772247314
1788861992501381600,43.448381591796874,-1.6120532751083374,3.568178176879883,-1.4097907543182373
1788861992511423500,43.45842358398438,-1.1415821313858032,2.891913652420044,-1.3997071981430054
1788861992521464600,43.468464599609376,-0.7325779795646667,2.707580804824829,-1.3178157806396484
1788861992531506400,43.47850634765625,-0.3809725046157837,2.6211812496185303,-1.1503641605377197
1788861992541547500,43.48854760742187,-0.12641048431396484,2.5915937423706055,-0.8587309122085571
1788861992551589400,43.49858935546875,0.023771554231643677,2.624664068222046,-0.3960213363170624
1788861992561630500,43.50863037109375,0.09048476815223694,2.6114327907562256,0.1903407722711563
1788861992571672600,43.51867260742188,0.1160372644662857,2.4013798236846924,0.916228711605072
1788861992581714700,43.52871459960937,0.13631603121757507,1.819380760192871,1.6027896404266357
1788861992591755500,43.53875561523437,0.13594797253608704,1.0944550037384033,2.1213698387145996
1788861992601797600,43.548797607421875,0.1923542022705078,0.2602546513080597,2.373516798019409
1788861992611838500,43.55883837890625,0.2687280774116516,-0.6316795349121094,2.295804738998413
1788861992621880600,43.56888061523438,0.33213797211647034,-1.4721418619155884,2.04032039642334
1788861992631921400,43.57892138671875,0.49732160568237305,-1.9910764694213867,1.7325562238693237
1788861992641963500,43.58896362304687,0.6977320313453674,-2.0803771018981934,1.4229726791381836
1788861992652004600,43.59900463867187,0.8220763206481934,-1.911764144897461,1.1474305391311646
1788861992662046700,43.609046630859375,0.7483267784118652,-1.5832595825195312,0.8931341767311096
1788861992672088600,43.61908862304688,0.4953407943248749,-1.1098240613937378,0.6461877822875977
1788861992682129700,43.62912963867188,0.18193693459033966,-0.6063964366912842,0.4252987802028656
1788861992692171500,43.63917163085937,-0.10284898430109024,-0.20867839455604553,0.21651068329811096
1788861992702212600,43.64921264648437,-0.3203459084033966,-0.011704597622156143,0.0071829333901405334
1788861992712254500,43.65925439453125,-0.49547430872917175,-0.10462787747383118,-0.12773121893405914
1788861992722295600,43.669295654296874,-0.5705271363258362,-0.30482396483421326,-0.11408531665802002
1788861992732337700,43.67933764648438,-0.5697412490844727,-0.22726310789585114,-0.14302562177181244
1788861992742379800,43.6893798828125,-0.4141896367073059,-0.21246322989463806,-0.21810942888259888
1788861992752420600,43.69942065429687,-0.140395388007164,-0.22205540537834167,-0.2822287678718567
1788861992762462700,43.709462646484376,0.07472626119852066,-0.09504366666078568,-0.3990357220172882
1788861992772503600,43.719503662109375,0.0884639099240303,0.03720305114984512,-0.5946342349052429
1788861992782545700,43.72954565429688,-0.2190045714378357,0.06235327944159508,-0.852698564529419
1788861992792586500,43.73958642578125,-0.41551095247268677,-0.19681969285011292,-1.1468572616577148
1788861992802628600,43.74962866210937,-0.4575156569480896,-0.46316033601760864,-1.3626583814620972
1788861992812669400,43.75966943359375,-0.4593380391597748,-0.7202326059341431,-1.4715102910995483
1788861992822711800,43.7697119140625,-0.47255071997642517,-0.8296475410461426,-1.5165842771530151
1788861992832753700,43.77975366210938,-0.4357714056968689,-0.7304418683052063,-1.5253005027770996
1788861992842794800,43.78979467773438,-0.29808250069618225,-0.5734953880310059,-1.5182160139083862
1788861992852836600,43.79983666992187,-0.16906431317329407,-0.5330861806869507,-1.5275492668151855
1788861992862877700,43.80987768554687,-0.11560847610235214,-0.6090116500854492,-1.5096638202667236
1788861992872919600,43.81991943359375,-0.15140216052532196,-0.7310448884963989,-1.5121290683746338
1788861992882960600,43.829960693359375,-0.26948922872543335,-0.8227289915084839,-1.521525502204895
1788861992893002500,43.84000244140625,-0.5042726397514343,-0.7635836601257324,-1.359694242477417
1788861992903044600,43.850044677734374,-0.7868788242340088,-0.7170012593269348,-1.1104249954223633
1788861992913085700,43.86008569335937,-1.0370936393737793,-0.8041233420372009,-0.8409948945045471
1788861992923127600,43.87012744140625,-1.1813820600509644,-0.7895968556404114,-0.4941806197166443
1788861992933168600,43.880168701171876,-1.2886289358139038,-0.25232091546058655,-0.10550902783870697
1788861992943210500,43.89021044921875,-1.2385754585266113,-0.024587852880358696,0.16567744314670563
1788861992953251600,43.90025146484375,-1.0533978939056396,-0.07820554077625275,0.35951003432273865
1788861992963293400,43.91029345703125,-0.7607384324073792,-0.1754930019378662,0.5047800540924072
1788861992973334500,43.92033447265625,-0.44136711955070496,-0.17327405512332916,0.624285101890564
1788861992983376400,43.93037646484375,-0.1529349833726883,-0.16489079594612122,0.6993162035942078
1788861992993418800,43.94041870117187,0.06806530058383942,-0.27412301301956177,0.7204430103302002
1788861993003459600,43.95045947265625,0.1928710639476776,-0.3739967942237854,0.7303634881973267
1788861993013501700,43.960501708984374,0.21179814636707306,-0.3362747132778168,0.7837311029434204
1788861993023542500,43.97054248046875,0.17054206132888794,-0.14467623829841614,0.8679430484771729
1788861993033584600,43.980584716796876,0.10133663564920425,0.10246004909276962,0.893263041973114
1788861993043625500,43.99062548828125,-0.026483235880732536,0.23968568444252014,0.7962976694107056
1788861993053667600,44.00066748046875,-0.1581440567970276,0.3232026696205139,0.7009498476982117
1788861993063709400,44.01070947265625,-0.2579270601272583,0.354268878698349,0.6135676503181458
1788861993073750500,44.02075048828125,-0.2883283495903015,0.3375769853591919,0.5547251105308533
1788861993083792600,44.03079272460938,-0.2526673972606659,0.3251611888408661,0.4733569920063019
1788861993093833700,44.040833740234376,-0.17538966238498688,0.26582276821136475,0.3682188391685486
1788861993103875600,44.05087548828125,-0.09603863209486008,0.24284520745277405,0.29508036375045776
1788861993113916700,44.06091674804688,-0.0522000677883625,0.19306325912475586,0.25713643431663513
1788861993123958500,44.07095849609375,-0.07340332120656967,0.05346166342496872,0.2397102266550064
1788861993133999600,44.08099951171875,-0.13519984483718872,-0.06466071307659149,0.27034032344818115
1788861993144041500,44.09104150390625,-0.19770589470863342,-0.20950116217136383,0.3445718288421631
1788861993154083600,44.10108349609375,-0.2557729184627533,-0.336976557970047,0.42620837688446045
1788861993164124400,44.11112451171875,-0.34164950251579285,-0.3294810354709625,0.5137644410133362
1788861993174166800,44.121166748046875,-0.4765559136867523,-0.042311832308769226,0.6131637692451477
1788861993184207600,44.13120751953125,-0.5495352745056152,0.16966789960861206,0.6347920894622803
1788861993194249700,44.14124975585938,-0.5349781513214111,0.2859385907649994,0.5933823585510254
1788861993204290600,44.15129052734375,-0.4756453037261963,0.27030453085899353,0.5365859866142273
1788861993214332700,44.16133276367187,-0.4243834614753723,0.14527548849582672,0.4641229808330536
1788861993224373500,44.17137353515625,-0.3715711832046509,-0.06571263074874878,0.39770054817199707
1788861993234415600,44.18141552734375,-0.32434722781181335,-0.3046695291996002,0.3604658246040344
1788861993244457500,44.19145751953125,-0.30884817242622375,-0.4465509057044983,0.39891114830970764
1788861993254498600,44.20149853515625,-0.33047303557395935,-0.4981493651866913,0.49968117475509644
1788861993264540700,44.21154077148437,-0.41353434324264526,-0.35906749963760376,0.6375857591629028
1788861993274581800,44.22158178710937,-0.5148566961288452,-0.1708485633134842,0.7235928177833557
1788861993284623600,44.23162353515625,-0.5578091740608215,-0.1643960028886795,0.6849163770675659
1788861993294664700,44.241664794921874,-0.5219385623931885,-0.02537047117948532,0.6224572658538818
1788861993304706600,44.25170654296875,-0.43785351514816284,0.19054105877876282,0.53947514295578
1788861993314748400,44.26174853515625,-0.3318581283092499,0.35005053877830505,0.42557868361473083
1788861993324789500,44.27178955078125,-0.24706418812274933,0.4859735369682312,0.30671557784080505
1788861993334831600,44.28183154296875,-0.19609050452709198,0.6153792142868042,0.21378538012504578
1788861993344872700,44.291872802734375,-0.15202933549880981,0.7376716732978821,0.12529225647449493
1788861993354914600,44.30191455078125,-0.10895590484142303,0.7944856882095337,0.031063232570886612
1788861993364955600,44.31195556640625,-0.08730427175760269,0.7790650725364685,-0.061406295746564865
1788861993374997500,44.32199755859375,-0.07401856034994125,0.7168282866477966,-0.14540426433086395
1788861993385038600,44.33203857421875,-0.04775882139801979,0.6091799139976501,-0.1846698522567749
1788861993395080400,44.34208056640625,-0.020717084407806396,0.4746628403663635,-0.16600722074508667
1788861993405122600,44.35212255859375,-0.006426314357668161,0.34480389952659607,-0.085268534719944
1788861993415163400,44.362163330078126,-0.015043770894408226,0.24189642071723938,0.032279931008815765
1788861993425205800,44.37220581054687,-0.03937320411205292,0.13967140018939972,0.14958183467388153
1788861993435246600,44.38224658203125,-0.08564668893814087,0.11161499470472336,0.30162301659584045
1788861993445288700,44.392288818359376,-0.14595411717891693,-0.046744681894779205,0.34145960211753845
1788861993455329500,44.40232958984375,-0.15590769052505493,-0.11256896704435349,0.3249623775482178
1788861993465371600,44.41237158203125,-0.12090286612510681,0.005187308415770531,0.29920271039009094
1788861993475412500,44.42241259765625,-0.08478720486164093,0.09978199005126953,0.2425953447818756
1788861993485454600,44.43245458984375,-0.04742264002561569,0.12764570116996765,0.15868479013442993
1788861993495496400,44.442496337890624,-0.014105964452028275,0.17482919991016388,0.09428822994232178
1788861993505537500,44.45253759765625,0.01359052024781704,0.18818828463554382,0.04494842141866684
1788861993515579600,44.46257958984375,0.031552743166685104,0.1876109093427658,0.0222654789686203
1788861993525620700,44.47262084960938,0.034457240253686905,0.1794988214969635,0.05559023842215538
1788861993535662600,44.48266259765625,-0.0007638651877641678,0.1582891345024109,0.12381590157747269
1788861993545703700,44.49270361328125,-0.08433277159929276,0.134183868765831,0.1822291761636734
1788861993555745500,44.50274560546875,-0.17382697761058807,0.0850975438952446,0.20814679563045502
1788861993565787600,44.51278759765625,-0.24522867798805237,0.009352022781968117,0.1545255333185196
1788861993575828500,44.522828369140626,-0.25453296303749084,-0.07152844965457916,0.06711500138044357
1788861993585870600,44.53287060546875,-0.19995146989822388,-0.10074172168970108,-0.009933983907103539
1788861993595911400,44.54291137695313,-0.14492177963256836,-0.10426662117242813,-0.04874882474541664
1788861993605953800,44.552953857421876,-0.08073994517326355,-0.11876881867647171,-0.0577143132686615
1788861993615994600,44.56299462890625,-0.015704482793807983,-0.14747954905033112,-0.03775312006473541
1788861993626036700,44.57303662109375,0.026212217286229134,-0.18341107666492462,-0.005828162655234337
1788861993636077600,44.58307763671875,0.044328901916742325,-0.21897785365581512,0.035522207617759705
1788861993646119700,44.59311962890625,0.03697687014937401,-0.25392505526542664,0.08016598969697952
1788861993656161500,44.60316162109375,0.0047587500885128975,-0.2769150733947754,0.1325964331626892
1788861993666202600,44.61320263671875,-0.04056491702795029,-0.2787344753742218,0.184391051530838
1788861993676244500,44.62324438476563,-0.09611020237207413,-0.2597211003303528,0.22156797349452972
1788861993686285600,44.63328564453125,-0.13038673996925354,-0.21398334205150604,0.22725798189640045
1788861993696327700,44.64332763671875,-0.15076977014541626,-0.13649654388427734,0.2009800374507904
1788861993706368800,44.65336865234375,-0.17450785636901855,-0.0635504275560379,0.1486784815788269
1788861993716410600,44.66341064453125,-0.14515475928783417,0.033540431410074234,0.10581358522176743
1788861993726451700,44.67345166015625,-0.07561229169368744,0.14195145666599274,0.07253982871770859
1788861993736493600,44.68349365234375,0.0016851596301421523,0.1947030872106552,0.04417343810200691
1788861993746535400,44.69353540039062,0.03422504663467407,0.16098690032958984,0.0209371168166399
1788861993756576500,44.70357641601562,0.034556612372398376,0.0808076485991478,0.02172727696597576
1788861993766618400,44.713618408203125,0.02283802628517151,-0.012777026742696762,0.04613616317510605
1788861993776659500,44.723659423828124,-0.012130342423915863,-0.09762053936719894,0.07937747240066528
1788861993786701600,44.73370166015625,-0.05534698814153671,-0.16635577380657196,0.13608115911483765
1788861993796742700,44.74374267578125,-0.08628838509321213,-0.209633469581604,0.21138177812099457
1788861993806784500,44.75378442382812,-0.09211980551481247,-0.2421896755695343,0.27950528264045715
1788861993816825600,44.76382568359375,-0.08200245350599289,-0.2428799569606781,0.3149287700653076
1788861993826867500,44.773867431640625,-0.05314391478896141,-0.23801091313362122,0.3236277401447296
1788861993836909600,44.78390966796875,-0.027816984802484512,-0.2278868854045868,0.3095236122608185
1788861993846950700,44.79395068359375,-0.019372472539544106,-0.20133985579013824,0.2797325849533081
1788861993856992500,44.80399243164062,-0.03508459031581879,-0.16900108754634857,0.22911310195922852
1788861993867033600,44.81403369140625,-0.05197281390428543,-0.14247649908065796,0.14189589023590088
1788861993877075700,44.82407568359375,-0.05024043098092079,-0.1043887808918953,0.06793323904275894
1788861993887116500,44.834116455078124,-0.06579206138849258,-0.08786900341510773,0.028328649699687958
1788861993897158700,44.84415869140625,-0.0697638988494873,-0.13840354979038239,0.05079640820622444
1788861993907199700,44.85419970703125,-0.03391579911112785,-0.20204761624336243,0.12622886896133423
