time,seconds_elapsed,z,y,x
1788862018317857000,0.06185693359375,-0.322246917784214,0.2940045736402273,1.0099224540837108
1788862018327899000,0.07189892578125,-1.296108316797018,-0.190176534897089,0.8019835410680621
1788862018337940000,0.08193994140625,-1.7353092968791721,-0.32894670768380163,0.6551202973924577
1788862018347981000,0.09198095703125,-1.0371095900863407,-0.3149450703382492,0.3366919149830937
1788862018358023200,0.102023193359375,-1.667190284898877,-0.4722086389318108,0.33626433722078797
1788862018368064300,0.112064208984375,-1.8177298059344291,-0.5850339308619499,0.37229360891394314
1788862018378106000,0.122106201171875,-1.18067927210927,-0.8992772826716303,0.2343807105436921
1788862018388147200,0.132147216796875,-0.7079138760775328,-1.7935589490130543,0.3545971356384456
1788862018398189000,0.14218896484375,-0.6289736103534698,-2.5536121776506304,0.3836300456382334
1788862018408230100,0.152230224609375,-0.8190443467885256,-2.906777673050761,0.11649886587634682
1788862018418272000,0.16227197265625,-1.2018839727014303,-3.075154464071989,-0.13456979848742484
1788862018428313000,0.17231298828125,-1.8988140979498624,-3.2873443855956195,0.025372926187515257
1788862018438355000,0.18235498046875,-1.55862294267416,-3.141158968116343,0.5990908055260777
1788862018448396000,0.19239599609375,-1.0693675996124743,-2.5567186192333695,0.8184856899924576
1788862018458436900,0.202436767578125,-1.4605834242045879,-2.1660706576570865,1.0322387691795825
1788862018468479200,0.212479248046875,-2.2969588450223206,-1.959591514995694,1.4132520564481614
1788862018478520000,0.22252001953125,-3.118744599473476,-1.798373363557458,1.7933818388804792
1788862018488562200,0.232562255859375,-3.416922074884176,-1.4237187976658343,1.9392150819212197
1788862018498603000,0.24260302734375,-3.1753426850080486,-1.2344751597046852,1.9139447393253444
1788862018508645000,0.25264501953125,-2.515658294570446,-1.6468682123601435,1.5126011962115764
1788862018518686000,0.26268603515625,-0.9855968449920415,-1.7211024923503397,-2.92535553227067
1788862018528728000,0.27272802734375,1.8018097677469251,-2.575108846926689,-3.8868157148718834
1788862018538769000,0.282768798828125,2.6808850971281526,-5.044117618525028,-2.4503274520039557
1788862018548810000,0.29281005859375,1.1156780998885631,-6.890735080769658,-0.3018377514839172
1788862018558851800,0.302851806640625,-0.5848866313457489,-6.644591743978857,-0.09825696061253547
1788862018568893000,0.312892822265625,-0.7325988200008868,-5.604312291684747,-0.4232563919752836
1788862018578935000,0.32293505859375,-0.38184593870043754,-4.73728278940618,0.05536766695678234
1788862018588976000,0.33297607421875,-0.29026304902434347,-3.9644741240918635,0.5694996771216392
1788862018599018000,0.34301806640625,-0.4322796563863754,-3.5859213817179203,0.6207341897964477
1788862018609059000,0.35305908203125,-0.47301615592241286,-3.886182093143463,0.2942565025746822
1788862018619101000,0.363100830078125,0.3053659256100654,-4.511028978955745,-0.5101917481064796
1788862018629142000,0.37314208984375,0.9945043740689754,-5.309637855958938,-1.8159201261639595
1788862018639184000,0.383183837890625,2.122662016302347,-5.617532423263788,-2.157425871169567
1788862018649225000,0.393224853515625,3.364863094083965,-5.105385449436307,-1.2886480639189482
1788862018659266000,0.40326611328125,3.7607813972786066,-3.81388082704246,0.1355395203024149
1788862018669308000,0.413307861328125,3.429505077603459,-2.4566969870358704,0.7722685670882463
1788862018679349000,0.423348876953125,2.46613467746675,-1.7647621858566997,0.6443892061501741
1788862018689391000,0.43339111328125,1.5824702667295931,-1.4562249367341398,-0.025431378376483914
1788862018699432200,0.44343212890625,1.6938244631938635,-1.4508593180477618,-0.36893151206970215
1788862018709474000,0.45347412109375,2.6295938858300447,-1.2381436190843582,0.04453063112199306
1788862018719515100,0.46351513671875,3.3145471575587986,-0.36282822675853965,1.1027660113453865
1788862018729557000,0.473556884765625,3.5596927154839038,0.8797688646033406,1.9612123941957949
1788862018739598000,0.48359814453125,2.516760702854395,0.37864728878960013,1.4273171144187449
1788862018749640000,0.493639892578125,0.5491606534481048,1.374743608225137,0.773432934692502
1788862018759681000,0.503680908203125,-1.6184290304698048,2.5056433887735006,-0.03467734562754631
1788862018769722000,0.51372216796875,-3.7136829614952203,1.7067640242658555,-0.4153998332560062
1788862018779764000,0.523763916015625,-4.916778355813026,2.5715283580914137,-0.6461866109609603
1788862018789805000,0.53380517578125,-5.244316365742683,4.512718831738829,0.6884194865345955
1788862018799847200,0.54384716796875,-5.972213876184821,6.367165380173922,2.7899083664268254
1788862018809888000,0.553887939453125,-13.33906074080467,10.334214907711743,9.126216836044192
1788862018819930000,0.56393017578125,-30.49590282322168,16.631234153991937,18.451586125123498
1788862018829971200,0.57397119140625,-28.327696030318734,12.308866629195213,16.74256570023298
1788862018840013000,0.584012939453125,-8.642382348987459,3.6499534166455265,7.0862535612165924
1788862018850054100,0.59405419921875,8.632405144852399,6.910311887899041,-1.8686498458325862
1788862018860095000,0.604094970703125,-0.39242695394754407,8.837171930637956,-2.398755085676908
1788862018870137000,0.61413720703125,-3.2774370318263766,4.106001194371283,-2.131857130149007
1788862018880178000,0.624177978515625,0.07452829450070858,4.163426962901652,-3.143396810171008
1788862018890220300,0.63422021484375,-1.4342016132354736,4.294779552908241,-6.455192623195051
1788862018900261000,0.64426123046875,-1.629244877386093,3.019905162797868,-7.400609433490038
1788862018910303200,0.65430322265625,1.0472264949530363,1.2778098590403795,-3.267989989045262
1788862018920344000,0.664343994140625,5.072803030261397,2.1343694052308795,0.8763841906011104
1788862018930386200,0.67438623046875,7.472839387920499,0.9999687769547104,3.6390772178441284
1788862018940427000,0.684427001953125,7.752156095516681,-2.0596485107675195,-0.1894926442861557
1788862018950469000,0.69446923828125,0.9108347417354583,-2.715211729621887,-8.49116712064743
1788862018960510000,0.704510009765625,0.2840232778519392,5.876988830614089,-1.635748267930746
1788862018970551000,0.714551025390625,5.331982374235987,4.842397945350409,16.94245581989288
1788862018980593000,0.724593017578125,4.253714844331145,0.6095791740536689,10.660753385210036
1788862018990634000,0.734634033203125,-0.9059633363068104,0.8399111937284469,5.470350395962596
1788862019000676000,0.744676025390625,-6.188889126428961,0.21112813751101492,10.904177526170015
1788862019010717200,0.75471728515625,-7.454867677900195,1.9922388161003588,6.518792111924291
1788862019020759000,0.764759033203125,-6.865457431650161,-3.5982699911594387,-1.1298404807537794
1788862019030799400,0.77479931640625,-3.779371823719144,-8.367377074849605,-6.853736014196277
1788862019040841200,0.78484130859375,1.0606675758063793,-14.460316348564623,-6.201240073958039
1788862019050882300,0.79488232421875,0.8662947582632303,-10.977960555261372,0.7355202604055404
1788862019060923400,0.80492333984375,1.821554917180538,-8.910742778283357,4.441863672792911
1788862019070965200,0.81496533203125,2.2154881840378047,-10.38148051675558,4.298255412325263
1788862019081006300,0.82500634765625,1.7032897722840308,-8.654452141487598,3.4858319449812174
1788862019091048400,0.83504833984375,0.8190624669671058,-6.956916402685642,2.5736457886368034
1788862019101089500,0.845089599609375,0.2008767926096916,-4.910312959191203,1.1977736147731541
1788862019111131400,0.85513134765625,1.6608201653450727,-2.157573170685768,-5.119302915629744
1788862019121172500,0.86517236328125,-0.41265024228692054,-0.15325637877881526,-10.42536525118947
1788862019131214300,0.87521435546875,-0.5869178449124097,1.9107482813715935,-12.050318568861483
1788862019141255400,0.88525537109375,9.4507480653733,3.9163767403990026,-4.329849989506602
1788862019151297300,0.89529736328125,-1.8059791623860597,0.05208323845863342,2.33260006724596
1788862019161338400,0.90533837890625,-4.704781034252047,1.2855097658932209,-0.7604004346400499
1788862019171379200,0.915379150390625,-1.9117665185034274,4.599260220116377,-2.8458307446569204
1788862019181421300,0.92542138671875,-0.6320049408733844,5.157054261875152,-2.0347744740128517
1788862019191462400,0.93546240234375,0.36003333534300325,4.635010163411498,-0.9360007471740245
1788862019201504500,0.94550439453125,0.8245867833465337,3.178856246086955,-0.6604220570623874
1788862019211545300,0.95554541015625,1.0625748707324265,1.0897159756362438,-0.8836094656795263
1788862019221587500,0.96558740234375,1.0642629699498414,0.40066754354834555,-0.22788404200077056
1788862019231628500,0.975628662109375,1.7134025854974984,1.1758598891288041,1.5597089843451977
1788862019241670400,0.98567041015625,2.995883943480253,2.508501408553123,3.875459623599052
1788862019251711500,0.99571142578125,-0.6893079598069191,1.814999504187703,4.051400127872824
1788862019261753300,1.00575341796875,-1.9048077854067087,0.4375076201677322,3.3463866494119165
1788862019271794400,1.01579443359375,-0.13299217390716075,-0.3957879548132419,2.7946470853865146
1788862019281835300,1.025835205078125,-0.24204759190976619,-0.15633680913746356,2.414132687550783
1788862019291877400,1.03587744140625,-1.4308897122085094,0.18135609958171844,1.2876900325417517
1788862019301918200,1.045918212890625,-0.2880792752444744,0.5697983678072691,0.9490040211319923
1788862019311960600,1.055960693359375,1.282885262608528,1.2951771734267472,1.5442685463681816
1788862019322001400,1.06600146484375,2.196374902766943,1.0407505769371985,1.673813210169971
1788862019332043500,1.07604345703125,2.0051304463773967,2.133698958623409,1.502471431863308
1788862019342084400,1.08608447265625,0.5346235940515994,2.988172346189618,0.9989078697249293
1788862019352126500,1.09612646484375,-1.9059207150846718,2.1128461402088403,0.4765753097087145
1788862019362167300,1.106167236328125,-2.107962459820509,1.314452367261052,0.07701894227266311
1788862019372208400,1.11620849609375,0.3690092534810304,2.4123773683160543,-0.4345025931328535
1788862019382250200,1.126250244140625,1.290246731287241,3.351246364402771,-1.3338716457411646
1788862019392291300,1.136291259765625,0.054525955435633655,1.730274225321412,-3.3276673358947035
1788862019402333400,1.14633349609375,-0.8179454456359148,-1.7223451858878134,-4.385653125271201
1788862019412374500,1.15637451171875,0.5260632709771395,-1.6946324185758828,-1.6770672435298561
1788862019422416400,1.16641650390625,0.7256821724802255,-0.7260059976071119,0.15984598630219696
1788862019432457500,1.17645751953125,0.39894203492999075,-0.3885094882428646,0.20254531034380197
1788862019442499300,1.186499267578125,0.15701836166083813,-0.8350169919461011,-0.1252092649459839
1788862019452540400,1.19654052734375,-0.0627852497369051,-2.2999971898049116,0.040592707151174544
1788862019462581500,1.20658154296875,0.423140072119236,-2.560160868641734,0.908311945259571
1788862019472623400,1.216623291015625,-0.6787240219503641,-3.528451189523935,1.1428045917451382
1788862019482664400,1.22666455078125,1.1056699160933494,-1.3646581214100122,2.0470985335350034
1788862019492706300,1.236706298828125,2.1021084730952975,0.9627636664152145,0.9485618303224443
1788862019502747400,1.246747314453125,-1.0172574731469153,2.011005475890636,-2.187719010363519
1788862019512789500,1.25678955078125,-0.702823859462142,11.931027003526687,3.279348126144707
1788862019522830600,1.26683056640625,-1.988840405833721,5.514325146767496,1.3890259622082113
1788862019532872400,1.27687255859375,-0.23618133022487162,-2.6453105103999373,-2.164482511682808
1788862019542913500,1.28691357421875,0.5075549698621035,-8.020975374495983,-1.5640303546756504
1788862019552954400,1.296954345703125,0.3862555718362331,-6.520571396556496,0.8732493997067212
1788862019562996500,1.30699658203125,-0.7618442037075758,-3.8625586409717796,0.7465870133429765
1788862019573037300,1.317037353515625,-2.2124615296930075,-1.4253425994753837,-0.8680664441108703
1788862019583079400,1.327079345703125,-2.4775568197131155,-0.6805360398083925,-1.0441825972124934
1788862019593120300,1.337120361328125,-1.2903607130557297,0.12434709515869617,-0.5784095442861318
1788862019603162400,1.347162353515625,-0.5398194091290235,2.510767599919438,-0.5244505750834941
1788862019613203200,1.357203125,-0.5598819539487362,3.1754005526751277,-1.5796894038394094
1788862019623245600,1.36724560546875,0.23143384343683718,2.214685050961375,-1.3766735533744097
1788862019633286400,1.377286376953125,0.20979951925575732,-0.1408586694985628,-0.19225538699775932
1788862019643328500,1.38732861328125,0.672332859608531,-0.7761264115601778,1.1181076651230453
1788862019653369300,1.397369384765625,0.9116758687347173,-1.04248251529634,1.663743943837285
1788862019663410400,1.407410400390625,0.07977496298253536,-1.6150404109448193,1.7393524347901343
1788862019673452300,1.417452392578125,-0.7468231601864099,0.2045154413729906,1.701110966940224
1788862019683493400,1.427493408203125,-2.4646155050754546,0.012643208473920822,0.04546352805793285
1788862019693535200,1.43753515625,-0.3642886546999216,19.134370820641518,3.6550472326532004
1788862019703576300,1.447576416015625,2.2214941464543343,25.43603350881338,-5.429536739537119
1788862019713618200,1.4576181640625,-5.0656818000793455,-0.13387129482924937,-13.48708974032402
1788862019723659300,1.4676591796875,0.41564357888400555,5.748818962296843,-4.20421899201721
1788862019733700400,1.477700439453125,-2.354773320609331,-1.8707430187195537,-2.663266146068275
1788862019743742500,1.487742431640625,-5.24924505431652,-5.899063299778104,-3.9228839303359386
1788862019753783600,1.497783447265625,3.1492659944653507,-3.032037206879258,-2.7093115656673907
1788862019763825400,1.507825439453125,7.391147777661681,-1.703149487030506,3.286627177236974
1788862019773866500,1.517866455078125,0.7449947757154702,1.8091677292943,5.9163820988476274
1788862019783908400,1.527908447265625,-3.52674497012794,4.312684919694066,5.111033684456348
1788862019793949400,1.537949462890625,1.9314877025395631,1.1497720926702022,6.2989890850484365
1788862019803991300,1.5479912109375,1.7887194000273943,1.6420196032851933,10.593500634670256
1788862019814032400,1.558032470703125,-7.140429388040304,-5.865300730907917,10.002261419427395
1788862019824073200,1.5680732421875,-5.118413857835531,-0.23016776902377603,14.00710730139613
1788862019834115300,1.578115234375,2.8234891489893195,-6.004646073234081,11.874129642784595
1788862019844156400,1.588156494140625,8.527045074236392,-9.121467595690488,9.375842754253744
1788862019854198500,1.598198486328125,4.813889059224724,-7.24663058565557,5.620861859947443
1788862019864239400,1.6082392578125,0.9012427375257015,-8.906641188183427,1.5162264009714126
1788862019874281500,1.618281494140625,1.3715671701461076,-8.456492697629333,-3.225552238549292
1788862019884322300,1.628322265625,2.2886317461818457,-6.886326032155751,-6.540068124186992
1788862019894364400,1.638364501953125,1.5527859070837498,-5.989748948353529,-8.88856367970109
1788862019904405200,1.6484052734375,0.11187339803278445,-5.595740278172492,-9.363515772122144
1788862019914447400,1.658447265625,-1.1819266418218612,-6.376453433001041,-7.78453451655209
1788862019924488200,1.66848828125,-1.5275737244158982,-6.966335972937941,-7.571507267421484
1788862019934529300,1.678529296875,-1.4240525596648455,-6.1533525336235755,-7.582433150583505
1788862019944571400,1.6885712890625,-0.8861211562395095,-5.406684856259822,-5.092680281642079
1788862019954612500,1.698612548828125,-1.8909739058434962,-4.671429676531255,-1.918971627576649
1788862019964654300,1.708654296875,-2.7804069631099697,-3.84220178938061,-0.37915129278898235
1788862019974695400,1.7186953125,-2.375602173626423,-3.1983497588470575,0.570152880333364
1788862019984737300,1.7287373046875,-0.8791080626070499,-2.4415827122732994,-1.1079501359850168
1788862019994778400,1.7387783203125,0.568272765675187,-1.7407587944567202,-3.770280462507903
1788862020004820200,1.7488203125,2.0095950245708227,-1.0212933045342565,-4.83398433727026
1788862020014861300,1.758861328125,1.5966332321166992,1.0652364911571144,-4.14878878121823
1788862020024902400,1.76890234375,2.2509271616876125,4.181699117173254,-4.4252790332168335
1788862020034945500,1.778945556640625,0.6357809522807598,8.632002993792295,-2.649175369134545
1788862020044986400,1.788986328125,-1.8737895468086003,10.181486352199315,-2.1726820386208594
1788862020055028500,1.799028564453125,-2.299742922782898,7.341928696462512,-0.7970803522616624
1788862020065069300,1.8090693359375,-0.651586424177885,2.132235900333524,-0.7760875408545136
1788862020075111700,1.819111572265625,-0.6225830325335264,-0.12149287477135658,-1.2495847582921384
1788862020085152500,1.829152587890625,-2.4983622918546198,-0.3923480434924364,-1.0891769733887164
1788862020095194600,1.839194580078125,-3.9727719968378543,0.653826312059164,0.659074441845715
1788862020105235500,1.8492353515625,-1.4947271013468504,0.07409399473667144,2.3399014763005077
1788862020115276500,1.859276611328125,5.388911883682012,-2.5441414617329836,3.2618025325819846
1788862020125318400,1.869318359375,3.694776893234253,-2.8202783702492713,4.95381015561223
1788862020135359500,1.879359375,-0.9080547556281089,-1.1508213094621895,7.268918989831208
1788862020145401600,1.889401611328125,-1.039880808365345,0.4056874175369739,8.045240631702542
1788862020155442400,1.8994423828125,-1.0606950483351945,1.0241478171825409,6.858518572297692
1788862020165484500,1.909484619140625,-0.36815643604397774,0.1599251890182495,3.3628228204280135
1788862020175525400,1.919525390625,0.7234732642591,-0.3172200295329094,1.1624196850582957
1788862020185567700,1.929567626953125,1.3462269771844149,1.7637012786269186,-0.7247585548292845
1788862020195608600,1.939608642578125,1.779053161537647,4.705936634027958,-0.936709333834797
1788862020205649700,1.949649658203125,0.7791817074775695,4.48761361657679,-0.3056140551522374
1788862020215691500,1.95969140625,-0.4755705165803432,3.405545525345206,0.9243097248584031
1788862020225732600,1.969732666015625,-1.3940332689762114,3.1590842086464166,2.337398991960287
1788862020235774500,1.9797744140625,-1.8092787884533403,3.265899154245853,2.9982313833892342
1788862020245815600,1.989815673828125,-0.6278466521501541,2.7180302941739556,3.2448937756180762
1788862020255857400,1.999857421875,-0.944964974874258,0.8427958092540502,1.957036569815874
1788862020265898500,2.0098984375,-2.1800492063879964,1.8518284748911857,2.795396150188148
1788862020275940400,2.0199404296875,-2.42683960891068,1.5437205570966004,1.160663708236441
1788862020285981400,2.0299814453125,3.0493466535985467,-1.7731179262697696,-1.7240258324511348
1788862020296022500,2.0400224609375,4.031242890506983,-3.7663568593233823,-4.4497541337817905
1788862020306064600,2.050064697265625,1.5941384926915168,-2.834922981673479,-4.299936789540946
1788862020316105700,2.060105712890625,-1.0417676450252533,-3.029488106918335,-3.8026401788428426
1788862020326147600,2.070147705078125,-0.6437351261556148,-4.542718248683214,-2.7539687457785007
1788862020336188700,2.080188720703125,-1.7916659748733044,-1.7611317203998564,-1.7399959933906792
1788862020346230500,2.09023046875,-1.0848322952479124,0.6359311744064092,-3.3683632111594077
1788862020356271600,2.100271728515625,-0.974456442296505,0.8042629572421311,-3.261755478569865
1788862020366313500,2.1103134765625,0.549496169012785,-1.6211965954869985,-3.360565689150989
1788862020376354600,2.1203544921875,1.08312081515491,-2.994377046048641,-1.7705417921714484
1788862020386395400,2.1303955078125,0.8910404924631118,-2.387774841979146,1.0455707636352627
1788862020396437500,2.1404375,-0.09092530255019664,-2.737062326902151,1.7220814203850925
1788862020406478300,2.150478271484375,-0.010388123023509978,-3.5730133848279713,0.8998642157141119
1788862020416520700,2.160520751953125,0.1888128453284502,-2.97753813945055,-1.0549798124935477
1788862020426561500,2.1705615234375,0.03780453773736953,-2.5968521844401953,-1.7418831223115323
1788862020436603600,2.180603759765625,-0.03649930035769939,-2.137746188187599,-1.377866270290315
1788862020446644500,2.19064453125,0.03674479955136776,-1.561327233196795,-0.8563745450124144
1788862020456686600,2.2006865234375,0.19500643927156924,-1.2123220723465085,-0.7370857561565936
1788862020466727400,2.2107275390625,0.40156420012712474,-0.7214356209516525,-0.6279965820148586
1788862020476768500,2.2207685546875,0.606487053257227,0.0872477830812335,-0.34610980473496017
1788862020486810400,2.230810302734375,0.45914428243637084,0.6790723969966173,-0.1561535615250468
1788862020496851500,2.2408515625,0.42338790940046306,1.1869880168646574,-0.035279183978214855
1788862020506893300,2.250893310546875,0.5219605118334293,1.602994876103103,0.15967011827863753
1788862020516934400,2.260934326171875,0.4034440225243568,1.427102302624285,-0.007403919580951332
1788862020526976500,2.2709765625,0.23364976592063902,1.6231678955599664,0.17493220401406287
1788862020537017600,2.281017578125,0.14345219312310217,1.8327666315466165,0.3904620836153626
1788862020547059500,2.2910595703125,0.13376432732343674,1.919068950471282,0.20026552884355187
1788862020557100500,2.3011005859375,0.18515958351790904,2.3490394531324506,0.48204468103051185
1788862020567141600,2.3111416015625,0.021124621093273163,2.6226129409015178,0.3600802432246506
1788862020577183500,2.32118359375,-0.03536941954493522,2.3598884716659785,-0.404313644965738
1788862020587224600,2.331224609375,0.05923135664761066,2.193138989585638,-0.17903028698265552
1788862020597266400,2.341266357421875,-0.508171055933833,2.531918524497747,0.5317452621363103
1788862020607307500,2.3513076171875,-0.661747168186307,2.439060500319302,0.5955474338307977
1788862020617349600,2.361349609375,-0.02936170356273651,1.1327753651618957,0.7534474006317555
1788862020627390700,2.371390625,0.5417629444122314,-0.8790271063253283,1.8165338741481303
1788862020637432600,2.3814326171875,0.004433014011383057,1.0200807138741015,1.2398776032701133
1788862020647473700,2.3914736328125,0.29307050766050813,-0.17974223464429379,0.5949184882774948
1788862020657514500,2.401514404296875,-0.5379354950785636,-2.579864517021179,0.9015914048328996
1788862020667556600,2.411556640625,-0.38925183104276656,-2.0395915189057585,1.106120290209353
1788862020677597400,2.421597412109375,-0.1267255147278309,-1.5840397080034017,0.7987658211305737
1788862020687639600,2.4316396484375,-0.17129472429454326,-2.989006458926201,0.16697598431259392
1788862020697680400,2.441680419921875,0.07890460988879203,-3.319146760308742,0.10030454079210757
1788862020707722500,2.451722412109375,-0.21648528062999248,-2.410934476031363,0.11875059032589197
1788862020717763300,2.461763427734375,-0.6263374166309833,-2.032692114780843,0.25751521015465256
1788862020727805700,2.4718056640625,-0.46582186050415036,-1.7892846326947212,0.3117448129922151
1788862020737846500,2.481846435546875,-0.24176585235893724,-1.8975936162441969,-0.06998480585217476
1788862020747887600,2.4918876953125,-0.23456688076555726,-1.8944979883164166,-0.8615832195714116
1788862020757929500,2.501929443359375,-0.0038192660272121427,-1.7422247753560542,-1.4733562504075466
1788862020767970600,2.511970458984375,-0.007573650124669075,-1.4526856566920876,-1.113381659514457
1788862020778012400,2.522012451171875,0.8631623054563998,-0.9140455204755067,-0.7731396508343518
1788862020788053500,2.532053466796875,0.17458733609914778,-0.47703474391400813,-0.38420360774248835
1788862020798095400,2.542095458984375,0.2586310624420643,-0.376132529489696,-0.14913549945652485
1788862020808136400,2.552136474609375,0.7651414916872977,-0.46361675167530775,0.06866524768620728
1788862020818178300,2.56217822265625,0.8655775499045848,0.5729349122673273,0.47705125665739173
1788862020828219400,2.572219482421875,1.1096247911989687,2.862390542052686,0.037989392784982916
1788862020838260500,2.582260498046875,-0.2116518691241741,7.947061997023225,-0.005568666977807879
1788862020848302600,2.592302490234375,-1.6893769822657108,7.578184260967373,-0.809371020970866
1788862020858343700,2.60234375,-1.0018629201382399,3.8640813204944133,-1.1056291456915437
1788862020868385500,2.612385498046875,-1.3554641766071318,0.7483090148299932,-0.3582696866713464
1788862020878426600,2.622426513671875,-2.6742051809728142,2.0404989891394973,1.6207419835872947
1788862020888468500,2.632468505859375,-2.4940274775207043,1.6506033072352408,2.348705837263912
1788862020898509600,2.642509521484375,1.3559651118665932,-1.1310653463736176,1.9734937836199997
1788862020908551400,2.652551513671875,0.7995330061107874,-2.1231594444304704,1.5605265843383966
1788862020918592500,2.662592529296875,0.3127051824569702,-1.9207646484732628,1.2002335751459001
1788862020928633300,2.67263330078125,0.8275263439297675,-2.2600357662945982,0.4404698309741914
1788862020938675500,2.682675537109375,2.0922452507287264,-2.2158771833553907,0.02372910450324416
1788862020948716300,2.69271630859375,1.4265256717801094,-0.579095480723679,0.11532689948752521
1788862020958758700,2.702758544921875,0.2111333982080221,0.03643178807944059,-0.37754239628762004
1788862020968799500,2.712799560546875,-0.9728045834362506,-0.3424956328257918,-1.3802096185460686
1788862020978841600,2.722841552734375,-0.5370230564087629,0.6271332431837916,-1.3759405629247425
1788862020988882400,2.73288232421875,0.10560381624400615,0.785807263097167,-0.9099107587583363
1788862020998924500,2.742924560546875,0.27324527872800825,1.888760321447253,0.3534548337355256
1788862021008965400,2.75296533203125,0.5295195489108562,1.6890458506152033,0.6847216549299657
1788862021019006500,2.76300634765625,0.9711176532626151,-0.17958266016840935,-0.08235577325597405
1788862021029048300,2.77304833984375,-0.09583528642356395,-1.7634630859568714,-0.6649265288747847
1788862021039089700,2.783089599609375,-1.2010896074533461,-1.3847569065868854,-0.3229680716656148
1788862021049131500,2.793131591796875,-0.7366729375720024,-1.011871980716288,-0.3329498058453202
1788862021059172600,2.803172607421875,-0.09647650693655013,-0.9232564164131879,-0.5501167851291596
1788862021069214500,2.81321435546875,0.37573300877809523,-0.8870467466518283,-0.7692128327794373
1788862021079255600,2.823255615234375,0.00729717127084732,-0.5405091449588537,-0.7397184427477419
1788862021089297400,2.83329736328125,-0.379288070911169,-0.2423763854727149,-0.6504108045272529
1788862021099338500,2.84333837890625,-0.2023141319364309,0.07607932333499193,-0.3976176544584334
1788862021109379600,2.853379638671875,-0.06420622245073318,0.11074468626379966,-0.2333417228847742
1788862021119421700,2.863421630859375,-0.06634323447942733,0.0657043520539999,-0.09919175724461674
1788862021129462800,2.873462890625,-0.10467267287373543,0.012421674677729606,-0.03017667320743203
1788862021139504600,2.883504638671875,0.16166121903061867,-0.10463175634145735,-0.10068871780410409
1788862021149545700,2.893545654296875,0.15087094494700432,-0.08104279096126556,-0.04242357584014535
1788862021159587600,2.903587646484375,-0.005112228447198867,-0.005734159737825394,0.057823535676300525
1788862021169628700,2.913628662109375,0.025287585991621016,0.047186990849673746,0.10555296283960341
1788862021179670500,2.92367041015625,0.07617313909828663,0.051202363970875735,0.061425797951966524
1788862021189711600,2.933711669921875,0.274077637898922,0.033499826280772686,0.05334522121846676
1788862021199752400,2.94375244140625,0.38905426264405246,0.05118307474851608,0.06573182458281517
1788862021209794600,2.953794677734375,0.38048341817557807,0.16390607534795998,-0.00570011133775115
1788862021219835400,2.96383544921875,0.12837503550052642,0.316347922873497,-0.09231222686395049
1788862021229877800,2.973877685546875,-0.18225626329183578,0.42231355816721916,-0.12853504836782811
1788862021239918600,2.983918701171875,-0.020708441507816314,0.6090154026910662,-0.1962666684657335
1788862021249960700,2.993960693359375,0.0536567713856697,0.8565288587912917,-0.009762830732017756
1788862021260001500,3.00400146484375,0.00905132146179676,1.1202227575808763,0.19224895725697277
1788862021270042600,3.014042724609375,-0.25257541566491126,1.2548837414830922,0.20543182556554673
1788862021280084700,3.024084716796875,-0.4852566288143396,1.3838871380150317,0.3205364606045186
1788862021290125600,3.03412548828125,-0.6025216567575932,1.6197972500830888,0.6517556432649493
1788862021300167700,3.044167724609375,-0.3822387374103069,1.987951055778563,0.8648588802412152
1788862021310208500,3.05420849609375,-0.47988662621378897,2.357837676616013,0.7204436873048543
1788862021320250600,3.064250732421875,-0.7882651776432991,2.4137656078040597,0.3309641849860549
1788862021330291700,3.074291748046875,-0.6947410907715559,2.1639038350120186,-0.1713017385572195
1788862021340333800,3.084333740234375,-0.7533744815260172,1.817274755643308,-0.4742842761620879
1788862021350374700,3.094374755859375,-0.617993951177597,1.3268258188828825,-0.5151704133018851
1788862021360415700,3.104415771484375,-0.26101532723009585,0.8934086828991771,-0.37856706316024064
1788862021370457600,3.11445751953125,-0.0013297872990369797,0.5351902880236507,-0.40385055749863386
1788862021380498700,3.124498779296875,0.6336340033799409,0.41136487865149973,-0.563052692939341
1788862021390540500,3.13454052734375,0.4906161100208759,0.4331573160037398,-0.539943327769637
1788862021400581600,3.14458154296875,0.4825859483003616,0.36908378002196546,-0.9346505016088485
1788862021410623500,3.15462353515625,0.7204208909511566,0.4101882360875606,-1.4406333998486398
1788862021420664600,3.16466455078125,0.3880173208117485,0.5916115556865931,-0.7498588746204972
1788862021430706700,3.174706787109375,0.31819676561057564,0.6095557931780815,0.08207534887939691
1788862021440747800,3.184747802734375,0.14401567222476006,0.2816632707223296,0.0507680642068386
1788862021450788900,3.194788818359375,0.09003156858086585,0.46625119183212516,-0.4415285462468862
1788862021460830700,3.204830810546875,0.34175708941817284,1.3321864691331982,-0.17516951990127563
1788862021470871800,3.214871826171875,0.3827566238045692,1.6098738219618796,0.2793772056117654
1788862021480913700,3.22491357421875,0.6210685363173485,1.080638350689411,0.1465232711315155
1788862021490954800,3.234954833984375,0.560476997232437,0.9115966660186647,-0.573513588938117
1788862021500996600,3.24499658203125,0.019138415712118148,1.2294202144026756,-1.1935562893390654
1788862021511037700,3.25503759765625,-0.018960721057653427,1.6014394633546472,-1.484542976462841
1788862021521079600,3.26507958984375,0.20283610998392104,1.881632661524415,-1.1999421909838914
1788862021531120600,3.27512060546875,-0.34523850179314614,1.8389096643462777,-0.6962482804641127
1788862021541161500,3.285161376953125,-0.8182435517996549,1.3958397338762878,-0.26213380986601115
1788862021551203800,3.295203857421875,-1.073958434534073,1.0728104335427284,-0.08396598493158816
1788862021561244700,3.30524462890625,-1.2338491367608309,0.9083952396288514,-0.07808511019945144
1788862021571286800,3.315286865234375,-1.2461001310467719,1.051091061426699,-0.004158873245120048
1788862021581327600,3.32532763671875,-1.0285323158770798,1.3653285680174827,0.228586345051229
1788862021591369700,3.33536962890625,-0.4286041827440262,1.6822417235583067,0.4539192412644624
1788862021601410600,3.34541064453125,-0.10947568924129009,1.984817726188898,0.4429182470396161
1788862021611452700,3.35545263671875,-0.44311844578683374,2.108414879763126,0.23560586842447517
1788862021621493500,3.365493408203125,-0.9115753309696912,1.9730708820328116,0.12842705794870854
1788862021631534600,3.37553466796875,-0.8013572989284992,1.7427435385331511,0.30106179867535826
1788862021641576400,3.385576416015625,-0.1837801118582487,1.6817141925528645,0.5638368290543556
1788862021651617500,3.395617431640625,0.3220850052207708,1.7984461365327238,0.694378979460895
1788862021661659600,3.40565966796875,0.6354664795041084,1.9201070613473652,0.5127537075489759
1788862021671700700,3.41570068359375,0.40451019045114517,2.1022858754888176,0.07235255789682268
1788862021681742600,3.42574267578125,-0.5251525858730077,2.1775430687859654,-0.17530600576251745
1788862021691783700,3.43578369140625,-1.1426748278856276,2.0453858843982218,0.11556757637560366
1788862021701825500,3.445825439453125,-0.9236866245239973,1.8845014949589967,0.8169915059119462
1788862021711866600,3.45586669921875,-0.41252281651496886,1.7399141603261232,1.3096323997586965
1788862021721907700,3.46590771484375,-0.1812275047659874,1.6096388441622256,1.2551732259489594
1788862021731949600,3.475949462890625,-0.18729542650282383,1.498869607979059,0.7261350308142602
1788862021741990700,3.48599072265625,-0.3031517566919327,1.371708039921522,0.11322203616276383
1788862021752032500,3.496032470703125,-0.5088917714238167,1.177902208611369,-0.32357509764805437
1788862021762073600,3.506073486328125,-0.47382279613018036,0.8676520180910825,-0.5936052137218415
1788862021772115700,3.51611572265625,-0.1518681392908096,0.6307102248877287,-0.8002319481603801
1788862021782156800,3.52615673828125,0.07245382631421089,0.5185264457315206,-1.0636616430558263
1788862021792198700,3.53619873046875,-0.2019569890618324,0.4404617937982082,-1.368533793799579
1788862021802239700,3.54623974609375,-0.5944914950370789,0.3501169214844703,-1.274484660140425
1788862021812280600,3.556280517578125,-0.613221329948306,0.32016894246637817,-0.7149069498352706
1788862021822322700,3.56632275390625,-0.20146774424016475,0.381958751425147,0.06155366211533546
1788862021832363500,3.576363525390625,0.16966040109097957,0.5466483783662319,0.8473230774201452
1788862021842405600,3.586405517578125,0.4276923285961151,0.7458680514186621,1.4059661372236907
1788862021852446500,3.596446533203125,0.1504746391057968,0.8685024974405765,1.5388253324009478
1788862021862488800,3.60648876953125,-0.4972445882499218,0.9398796344339847,1.432656429620087
1788862021872529700,3.61652978515625,-0.5209878674089908,0.9791752875119447,1.3084180555328726
1788862021882571800,3.62657177734375,0.004847440031170845,1.0182049831300972,1.0590199547298251
1788862021892612600,3.636612548828125,0.288009132617712,1.0155588525354862,0.7003558619134128
1788862021902653700,3.64665380859375,0.2063625305444002,0.9055027330577373,0.29747751044780013
1788862021912695600,3.656695556640625,-0.31992168970704077,0.7885165220558643,-0.15824103532359002
1788862021922736600,3.666736572265625,-1.2622580696433783,0.7058101817965508,-0.5220053738884628
1788862021932778500,3.676778564453125,-2.249409742861986,0.5839975735515356,-0.48139673851579423
1788862021942819600,3.686819580078125,-2.947453382310271,0.31758243310451506,-0.044400282740592954
1788862021952861400,3.696861328125,-2.905252655440569,-0.01561959393620491,0.8014853822875767
1788862021962902500,3.706902587890625,-2.3338678952246905,-0.20414193188548088,1.6596771327897906
1788862021972943600,3.716943603515625,-2.0943004296928645,-0.07860475015938281,2.1511049975849685
1788862021982985700,3.72698583984375,-2.2730565759092567,0.28271219525337216,2.303346938624233
1788862021993026800,3.73702685546875,-2.568027364233136,0.6894260332286357,2.3771942651234568
1788862022003068700,3.747068603515625,-2.621644388130307,1.0264128395050764,2.3372876405403016
1788862022013109800,3.75710986328125,-2.300332120847702,1.1973901684135198,2.2044024341389536
1788862022023151600,3.767151611328125,-1.761557836857438,1.1570277628868817,2.1046872375421226
1788862022033192700,3.777192626953125,-1.2078192079693078,0.9193804517626761,1.8571333033010362
1788862022043233500,3.787233642578125,-0.7973930714726447,0.6585527560591697,1.5172376238405703
1788862022053274600,3.797274658203125,-0.7408750654369592,0.5317500844419002,1.1471996848989277
1788862022063316500,3.80731640625,-0.9686702601104974,0.5012649298071861,0.7173686637736857
1788862022073357600,3.817357666015625,-1.34369950453341,0.38667701211869715,0.2729463688466698
1788862022083398700,3.827398681640625,-1.4900976879805325,0.22297756525874138,0.011819763261824845
1788862022093440500,3.8374404296875,-1.079573936328292,0.14883505520522594,-0.29691834219507873
1788862022103481600,3.847481689453125,-0.8274883500069379,0.24742460877299308,-0.7265344784606248
1788862022113523700,3.857523681640625,-1.111187218210101,0.4731885898798704,-0.8773033512726426
1788862022123564800,3.867564697265625,-1.380020525714755,0.8174585389018059,-0.7385891464568675
1788862022133606700,3.877606689453125,-1.279324939778447,1.1122054553419352,-0.48978411617614326
1788862022143647700,3.887647705078125,-0.414357630726695,1.2254331905931233,-0.3438173829488456
1788862022153688600,3.8976884765625,0.5071189165323973,1.5132348179399966,-0.23286183041334152
1788862022163730700,3.907730712890625,0.611654811283946,1.7797212700575589,0.05085859203450382
1788862022173771500,3.917771484375,0.03129471745193004,1.9143699790000914,0.5747368471227586
1788862022183813600,3.927813720703125,-0.5373457124918699,1.8644097240447997,1.1477733931336551
1788862022193854500,3.9378544921875,-0.9880997677236795,1.5648603757590054,1.4066437442243098
1788862022203896600,3.947896484375,-1.4088088133037089,0.8550731070250273,1.3849236414559185
1788862022213937400,3.9579375,-1.4547949039310215,0.033190321940183634,1.0838902651574462
1788862022223979800,3.967979736328125,-1.2563368629008531,-0.5973866319566965,0.6486229712624102
1788862022234020600,3.9780205078125,-1.5574673428982495,-0.8296084109008312,0.30609730862453577
1788862022244061700,3.988061767578125,-2.0694863064318896,-0.6835697084158658,0.24689985424652694
1788862022254103600,3.998103515625,-2.069293414208293,0.05103285262286663,0.647734278794378
1788862022264144600,4.00814453125,-1.5849726049393416,0.7344815650075673,0.8170547073412686
1788862022274186500,4.0181865234375,-1.0423597656995058,1.0335089352458715,0.6692890349332243
1788862022284227600,4.0282275390625,-0.8099439254879951,1.233337680107355,0.47904330725744365
1788862022294269400,4.03826953125,-0.6443786847561598,1.2594079409092664,0.36692579827047883
1788862022304310500,4.048310546875,-0.1487888779759407,1.1434241849482059,0.5672691415905952
1788862022314352600,4.0583525390625,0.40126258683204646,0.8812479972451924,0.6095406686741859
1788862022324393700,4.068393798828125,0.448809935426712,0.6901765593349933,0.4481394157540053
1788862022334434800,4.078434814453125,-0.06790683053433895,0.6333990255802869,0.29496165516935285
1788862022344476700,4.0884765625,-0.30085926184058187,0.6955062299251557,0.1578640917699784
1788862022354517800,4.098517822265625,-0.10149345831573009,0.8508733172476292,-0.06113587509468198
1788862022364559600,4.1085595703125,-0.1912877110093832,0.7875631668537855,-0.4847432724647224
1788862022374600700,4.1186005859375,-0.47042906203866003,0.643553924369812,-0.8719848596636205
1788862022384642600,4.128642578125,-0.35561434985697266,0.4295347415924072,-0.8297338639114051
1788862022394683600,4.13868359375,-0.11899871986806392,0.21963176196217535,-0.6707312696307898
1788862022404724500,4.148724365234375,0.34405367592275143,0.25636662464141846,-0.48919188590403645
1788862022414766600,4.1587666015625,0.20354279694855212,-0.2563029117554426,-0.5769705244589597
1788862022424807400,4.168807373046875,-0.7541302683293819,-0.856463100078702,-0.5135767509022727
1788862022434849800,4.178849853515625,-1.5880343305975197,-1.4113848012715577,0.1262835065813735
1788862022444890600,4.188890625,-2.070606250372529,-1.6013345416754483,1.2195542155571282
1788862022454932700,4.1989326171875,-1.0321177731484175,-0.9266367065012454,2.1921774510771033
1788862022464973600,4.2089736328125,0.1130091240644455,-0.07055646826028823,1.8905059960708022
1788862022475015700,4.219015625,0.3833931681424379,0.6940279740661383,1.2622038552381099
1788862022485056500,4.229056396484375,0.3160299429655075,0.5918173073917627,0.6039260071301833
1788862022495097600,4.23909765625,-0.1817985826522112,-0.0968827496498823,0.11114771410673856
1788862022505139700,4.2491396484375,0.15728139651119707,-0.7664829694241285,-0.023300649958103894
1788862022515180500,4.2591806640625,0.5350836127787828,-1.5344921255022286,-0.3599392273187637
1788862022525222700,4.26922265625,0.2722854937851429,-1.8583377106547354,-0.6770944479871541
1788862022535263500,4.279263427734375,-0.16811960138976573,-1.7193004113644361,-0.9109503309391438
1788862022545305900,4.289305908203125,-1.208656243315339,-1.374904790136218,-1.0356892018944024
1788862022555346700,4.2993466796875,-2.440989130294323,-1.024561658680439,-0.7880585491552948
1788862022565388800,4.309388916015625,-2.618479786619544,-0.5041869547337293,-0.043821167678385974
1788862022575429600,4.3194296875,-1.7935691781461238,0.17561200297176838,0.8370356382921338
1788862022585470700,4.329470703125,-0.4153916499495506,0.7133078440755606,1.1513000328898428
1788862022595512600,4.3395126953125,0.709468704304099,1.133813476037979,1.0695229363046586
1788862022605553700,4.3495537109375,1.1384405513167382,1.2935522025734185,0.8719109176445752
1788862022615595500,4.359595458984375,1.0108867690712213,1.0468366188526153,0.8417837826672941
1788862022625636600,4.36963671875,0.7122171262294054,0.5380851326823234,0.7851905925035476
1788862022635678500,4.379678466796875,0.48752632731199264,0.09840659821629523,0.6348024626374245
1788862022645719600,4.389719482421875,0.3914063787281513,-0.08219196099638938,0.4462421307653188
1788862022655760600,4.3997607421875,0.5413607933521271,-0.09162555977404117,0.2908731072140857
1788862022665802800,4.409802734375,0.6578139203906059,-0.11325053160488605,0.1126916373468004
1788862022675843800,4.41984375,0.6697492728561163,-0.3874970963299274,-0.15619458765517918
1788862022685885700,4.4298857421875,0.5589028797835112,-0.7858715605050325,-0.5791693862101063
1788862022695926800,4.4399267578125,0.3375748352974653,-1.1429624126553535,-1.0073263001106678
1788862022705968600,4.44996875,0.11322539716362953,-1.2045149057269096,-1.3560155268795788
1788862022716009700,4.460009765625,0.09739654439091681,-0.9608709845364093,-1.5590345922149718
1788862022726051600,4.470051513671875,0.33845220265388487,-0.5858294651538133,-1.8055641518443821
1788862022736092700,4.4800927734375,0.5319458992749452,-0.15493629468977452,-1.7146487861663102
1788862022746133500,4.490133544921875,0.5643120453506708,0.1265285308510065,-1.1618566443480551
1788862022756175600,4.500175537109375,0.5433008215039968,0.29405542704463006,-0.4749041981587186
1788862022766216700,4.510216796875,0.40365971110165116,0.28537118532955646,0.04732561386907473
1788862022776258800,4.5202587890625,0.11889116784036159,0.1719686780333519,0.4526290918560698
1788862022786299600,4.530299560546875,-0.0564104540079832,-0.05600128868520259,0.7765283434245734
1788862022796341800,4.540341796875,-0.09418693469464778,-0.30795418853759765,0.8288951480649411
1788862022806382600,4.550382568359375,-0.2065320418924093,-0.4092348808854818,0.5484010672524571
1788862022816424700,4.5604248046875,-0.4186030132114887,-0.5016840320020913,0.03657712396741845
1788862022826465500,4.570465576171875,-0.6584609861224889,-0.3493523668527603,-0.523737275714986
1788862022836506600,4.580506591796875,-0.8572077809661627,-0.14408464580774305,-0.9159833566702902
1788862022846548500,4.590548583984375,-1.077654366442561,0.15203122089803217,-1.0115572156786918
1788862022856589600,4.600589599609375,-1.2158873636126517,0.38636721551716324,-0.881253404072672
1788862022866631700,4.610631591796875,-1.163344106426835,0.5392261194109916,-0.6501627480503172
1788862022876672800,4.6206728515625,-0.9313204804033041,0.7274655487656593,-0.24215147240934892
1788862022886714600,4.630714599609375,-0.581126402029395,0.9321563467055559,0.2190015377672389
1788862022896755700,4.640755615234375,-0.34162089581787586,0.8802391124635934,0.3642502954509109
1788862022906796800,4.650796875,-0.16114742428958415,0.7161755084663629,0.14768221364198253
1788862022916838700,4.660838623046875,-0.33436581012308597,0.5427274055302143,-0.08731244581528007
1788862022926879700,4.670879638671875,-0.5989321078330277,0.3622761458337307,-0.22335708436192944
1788862022936921600,4.680921630859375,-0.7669295441478491,0.17136428239941595,-0.14898244605297223
1788862022946962700,4.690962646484375,-0.6689420481264591,0.1182020165324211,0.0174989779420197
1788862022957004500,4.701004638671875,-0.5364163226872682,0.23841011219024658,0.32802667022943494
1788862022967045600,4.711045654296875,-0.38599896672666073,0.513383822146058,0.7306006319209933
1788862022977087700,4.721087646484375,-0.15411328786909578,0.8337690377116203,1.1810554119452834
1788862022987128800,4.73112890625,-0.01153963114619255,1.1921966914236546,1.6484208486296235
1788862022997169700,4.741169677734375,0.003326514074206352,1.3672662580817938,1.909734720414877
1788862023007211800,4.751211669921875,0.07320201433300971,1.41018711591959,1.9687747922740875
1788862023017252600,4.761252685546875,0.06655366235971451,1.1884551668077707,1.6428243437968193
1788862023027294700,4.771294677734375,-0.07416822901666165,0.8239303652644157,1.104719483500719
1788862023037335800,4.781335693359375,-0.08068623260855674,0.5562146636128426,0.5357251255527138
1788862023047378000,4.7913779296875,-0.16778759295642376,0.5433931759625673,0.030412527789920568
1788862023057418800,4.801418701171875,-0.6255570799082517,0.6482534803628921,-0.33187940013483164
1788862023067460900,4.8114609375,-1.289901278850436,0.49002165125906466,-0.6198860485345125
1788862023077501700,4.821501708984375,-1.7944418693274258,-0.030209260302782058,-0.8008316676191986
1788862023087542800,4.831542724609375,-1.7728852865576743,-0.56384735044837,-1.1417812400467693
1788862023097584600,4.841584716796875,-1.131471296826005,-0.7645172223091125,-1.2451403461039066
1788862023107625700,4.851625732421875,-0.24364216762483118,-0.6193471193522214,-0.9794133340515195
1788862023117667600,4.86166748046875,0.3736526953727007,-0.26542437584400175,-0.5147796604186297
1788862023127708700,4.871708740234375,0.46376142084300515,0.07149696398079394,-0.04103036791607737
1788862023137750800,4.881750732421875,0.11104045433998107,0.16107202096581458,0.19953842014539985
1788862023147792000,4.8917919921875,-0.27158932821452614,0.010520809492468834,0.1037881816567853
1788862023157833000,4.9018330078125,-0.5721212577968835,-0.1085644196152687,-0.03506382419448346
1788862023167874800,4.911874755859375,-0.8629168062627315,-0.14878127919137477,-0.11311499559171496
1788862023177916000,4.921916015625,-1.095318033427,-0.12201134568750857,-0.19254300830010324
1788862023187957800,4.931957763671875,-1.1979413725554942,0.059406713214516634,-0.3028948593214154
1788862023197998800,4.941998779296875,-0.7753004821300506,0.39711715759038924,-0.3654672700252384
1788862023208040700,4.952040771484375,-0.2111819135248661,0.7407447170555591,-0.33685137986112385
1788862023218081800,4.962081787109375,0.17885434589385985,0.9216314455598592,-0.19916549517977983
1788862023228123600,4.97212353515625,0.17513678667545318,0.9643220017731189,-0.018273323315382003
1788862023238164700,4.982164794921875,-0.34730537119507787,0.822667213460803,-0.029250534805841742
1788862023248205600,4.99220556640625,-1.0967927821546792,0.562853078714013,-0.20984244508203118
1788862023258248000,5.002248046875,-1.6329840639144182,0.301010068488121,-0.44709334076717494
1788862023268288800,5.012288818359375,-1.9173013562768697,0.20902502775192258,-0.5719181729728355
1788862023278331000,5.022330810546875,-1.9250772509753702,0.32426176473796364,-0.3864223067052662
1788862023288371700,5.032371826171875,-1.5279402196407317,0.6601081688076257,0.02271861228644848
1788862023298413800,5.042413818359375,-1.1821475910961627,0.9600573300659656,0.3790863743266091
1788862023308454700,5.05245458984375,-0.9480091648757457,1.0356418556213378,0.6709494424261152
1788862023318495700,5.062495849609375,-0.7177320902585983,0.9654822777241467,0.8712773689813912
1788862023328537600,5.07253759765625,-0.36025253105163574,0.9237906694203615,0.8490044546358286
1788862023338578700,5.08257861328125,-0.1409025086402893,0.8538023564368485,0.8067733326278627
1788862023348620500,5.09262060546875,-0.2195510979413986,0.6573468874007463,0.659692719874531
1788862023358661600,5.10266162109375,-0.35785131512880325,0.2608259421378374,0.2888017077675089
1788862023368703700,5.112703857421875,-0.413633992627263,-0.05873509756326675,-0.08270484242197125
1788862023378744800,5.122744873046875,-0.5511410136103629,-0.19240648590624332,-0.24479926523808387
1788862023388786700,5.13278662109375,-0.6663076079696416,-0.14768471612632272,-0.22363190098162739
1788862023398827800,5.142827880859375,-0.6483119325518608,-0.03129764006137848,-0.04262424951139837
1788862023408868900,5.152868896484375,-0.6326221959888935,0.18658464788496493,0.24514873626288025
1788862023418910700,5.16291064453125,-0.6003764614224434,0.3026397155165672,0.33373865466807034
1788862023428951800,5.172951904296875,-0.5782137294530868,0.3062479691416025,0.15730010121166704
1788862023438993700,5.18299365234375,-0.436875752004981,0.3873275849819183,0.003082110859081149
1788862023449034800,5.19303466796875,-0.24566870501637458,0.42564767102599144,-0.214447271996364
1788862023459076600,5.20307666015625,-0.19239888712167738,0.5991477964103221,-0.3286324541028589
1788862023469118000,5.213117919921875,-0.3054495122402906,0.9357011797055601,-0.3654224079702049
1788862023479159800,5.223159912109375,-0.6535849045187234,1.069113040329516,-0.45364663486815987
1788862023489201000,5.233200927734375,-0.8659984056651592,0.9906742943868041,-0.5962295343434437
1788862023499241700,5.24324169921875,-0.7052993096649647,0.8736465823307633,-0.6887075096957385
1788862023509283800,5.253283935546875,-0.3741933781206608,0.8204065750524401,-0.6931644891045987
1788862023519324700,5.26332470703125,-0.10891513274908066,0.8147162544563412,-0.6658967621464282
1788862023529366800,5.27336669921875,-0.13085107022523879,0.7691741082042455,-0.5006376282216981
1788862023539407600,5.28340771484375,-0.4083177660405636,0.582849864821136,-0.3588631225198507
1788862023549449700,5.29344970703125,-0.804054282927513,0.334043154039979,-0.3898835165424272
1788862023559490600,5.303490478515625,-0.7666998270452022,0.09833061037063598,-0.3047913405925035
1788862023569531600,5.31353173828125,-0.5750187328040599,-0.0015124503895640373,-0.0516586472378578
1788862023579573800,5.32357373046875,-0.8233470124185085,-0.05569792182445526,0.15494955603014676
1788862023589614800,5.33361474609375,-0.981101287138462,-0.22329671421051023,0.3176976935146376
1788862023599656700,5.34365673828125,-0.8303355561316013,-0.3273953865885734,0.4475235854106024
1788862023609697800,5.35369775390625,-0.492615174883604,-0.1275046824067831,0.49951388488877563
1788862023619739600,5.36373974609375,0.23741642497777937,0.3003139029175043,0.6766675278119743
1788862023629780700,5.37378076171875,1.0294003308832644,0.6086565062507987,0.6641760027684271
1788862023639822800,5.38382275390625,1.5065134007304906,0.7347513218596577,0.5499792763546109
1788862023649863700,5.39386376953125,1.5062550420552492,0.5315665445685386,0.32116774424538014
1788862023659904800,5.40390478515625,1.4078233093976973,0.03977203841805458,0.0025586715068668126
1788862023669946600,5.413946533203125,1.5469769285440444,-0.3578407937347889,-0.2814263932265341
1788862023679987700,5.42398779296875,1.715796202635765,-0.24159955588132143,-0.4771823722237721
1788862023690029800,5.43402978515625,1.4991630379676817,0.1309732353001833,-0.7107735032923519
1788862023700071000,5.44407080078125,1.2288836233079432,0.6014692250952124,-0.9477258909549564
1788862023710112800,5.45411279296875,0.8020821060717105,0.7294400637090206,-0.8200522086568176
1788862023720153900,5.46415380859375,0.5000520468860864,0.4084703262537718,-0.6149496150456368
1788862023730194700,5.474194580078125,0.50690848865211,0.22855185825973748,-0.4360995069354772
1788862023740236800,5.48423681640625,0.9132511552274226,0.4557873732239008,-0.36910438441857696
1788862023750277600,5.494277587890625,1.2877467311650515,0.801352038231492,-0.2611763630107045
1788862023760319700,5.50431982421875,1.2894301542073487,0.8804878265276551,-0.19681948004290462
1788862023770360800,5.51436083984375,0.6670446900725364,0.4985489488467574,-0.01593633173517883
1788862023780402700,5.524402587890625,0.24715689774751662,0.11006138017475604,0.23187552278973161
1788862023790443800,5.53444384765625,0.15309095908403395,0.04074000666737556,0.325329686230421
1788862023800486000,5.54448583984375,-0.5473264237582683,-0.10108721560239792,0.07386581200398504
1788862023810526700,5.554526611328125,-1.5053238986849784,-0.4195521306298673,-0.3335120428379625
1788862023820567800,5.56456787109375,-1.4774749377727507,-0.759692432501167,-0.47696796228811145
1788862023830610000,5.57460986328125,-1.1911907292515038,-1.038780153647065,-0.4719897354841232
1788862023840650800,5.584650634765625,-0.8724573725461959,-1.428754015354067,-0.24405147907808422
1788862023850692900,5.59469287109375,-0.34698037702441215,-1.77980763316676,0.296246799609065
1788862023860733700,5.604733642578125,0.4200456132352352,-1.8559464316040277,0.9830551976852119
1788862023870775800,5.61477587890625,0.46847032918632026,-1.5161965903550385,1.0032929529413581
1788862023880816600,5.624816650390625,0.5562532420575619,-0.8377329729065298,0.5500179278645664
1788862023890858800,5.634858642578125,0.7293336807250976,0.19493921925425528,0.06852678906358778
1788862023900899600,5.644899658203125,0.8714145854949951,0.10522358475476502,-0.2907292782966047
1788862023910940700,5.654940673828125,1.129906531727314,-0.39077816382721065,-0.5710868001826107
1788862023920982800,5.664982666015625,1.3098445812046526,-0.5829232223182916,-0.5389169073313475
1788862023931024000,5.67502392578125,1.4388590836524962,-0.869907688063383,-0.47074207351058717
1788862023941065700,5.685065673828125,0.5157610726714134,-1.0323763510193675,-0.2614632901933044
1788862023951106800,5.69510693359375,0.10832125850915908,-0.9076569884821772,0.0211599846675992
1788862023961148700,5.705148681640625,-0.1064858597755432,-0.3591580868784338,0.26502134800106286
1788862023971189800,5.715189697265625,-0.29668168389499183,0.5476908000912517,0.22105404985025523
1788862023981230800,5.72523095703125,-0.7642717231154441,0.8938471473816781,0.08637852596603333
1788862023991272700,5.735272705078125,-0.5209510425299406,0.29786439087353644,-0.21700784319937227
1788862024001313800,5.745313720703125,0.09181319130063056,-0.47563912483714516,-0.12265863061510025
1788862024011356000,5.75535595703125,0.9182955791354179,-1.0682801697019486,0.3169437698747963
1788862024021397000,5.76539697265625,1.4577660286962986,-0.9945299469016492,0.4398812904965132
1788862024031438800,5.77543896484375,2.171962346044183,-0.26109032869506626,0.1914532037694007
1788862024041480000,5.78547998046875,2.0307669919371603,0.5416298195518553,-0.2822202835505828
1788862024051521800,5.795521728515625,1.3874240799695252,0.9350028221778571,-0.5632529647517949
1788862024061563000,5.80556298828125,1.5113631788492201,0.843312818865478,-0.6431082994941622
1788862024071603700,5.815603759765625,2.1009172174841164,0.5876283678019419,-0.7981479084279388
1788862024081646000,5.82564599609375,1.4634464124202728,0.34137247401475906,-0.8690496099293231
1788862024091687000,5.83568701171875,1.2777023070126772,-0.02665602480061352,-0.3971788246497512
1788862024101729000,5.84572900390625,1.1617267343580722,-0.2345535098273307,-0.0540739373518154
1788862024111769900,5.855769775390625,0.26968437137603757,-0.03417677569426596,-0.26199688561335205
1788862024121812000,5.86581201171875,-0.18273907837271688,0.4940791830215603,-0.27000425098016856
1788862024131852800,5.875852783203125,-0.47778351645469663,1.0919576170831917,-0.04352149061206728
1788862024141894000,5.885893798828125,-0.6993933004915713,1.3026052776008843,0.41121114939451214
1788862024151935700,5.895935791015625,-0.5066723418086767,1.342684774532914,0.9438754260718822
1788862024161976800,5.905976806640625,0.007574819168448448,1.284918522001803,1.0286956897452473
1788862024172019000,5.91601904296875,0.8347089489102363,1.140469061469659,0.5143392597073689
1788862024182060000,5.92606005859375,1.2794178787589072,1.1182331181336194,-0.21491554709523916
1788862024192102000,5.936101806640625,0.9068599928855895,0.9919107043139636,-0.6435734327878803
1788862024202143000,5.94614306640625,0.6475742659270763,0.6842118057116866,-0.7301660398960113
1788862024212184800,5.956184814453125,0.43440848510861396,0.46671442542970176,-0.18735913938879967
1788862024222226000,5.966225830078125,0.019126725274324415,0.3856329098932445,0.37741533584184944
1788862024232267000,5.97626708984375,0.2669125685751438,0.40698257191404696,0.7213676702819765
1788862024242308900,5.986308837890625,0.8249848427534103,0.6402119204655289,0.6983391152635217
1788862024252350000,5.996349853515625,1.022002621847391,0.9164946671932935,0.3708757780052721
1788862024262391800,6.006391845703125,1.455258429789543,1.230504502508044,0.04378237003795803
1788862024272433000,6.016432861328125,1.2004431262433528,1.4715693669907748,-0.12536089357743038
1788862024282475000,6.02647509765625,0.6698410427927971,1.4602444015085696,-0.04074124877639115
1788862024292516000,6.03651611328125,0.6139806238830089,1.2524443855069578,0.3993056075453758
1788862024302557000,6.046556884765625,0.6051017363786697,0.9621190849013626,0.7751089050807058
1788862024312599000,6.05659912109375,0.4621183298110962,0.6641711804628372,0.8116581820599734
1788862024322640000,6.066639892578125,0.34059155277013775,0.5249783983498811,0.5932679445914923
1788862024332682000,6.076681884765625,-0.03417699488997459,0.4697624148234725,0.18881501901922745
1788862024342722800,6.086722900390625,-0.11650339592099189,0.4804527356639504,-0.13561645799614488
1788862024352765000,6.096764892578125,0.4627548741489649,0.5276408955574036,-0.2596608804138377
1788862024362805800,6.1068056640625,0.7388789231836795,0.5694853563353419,-0.5059182720383629
1788862024372847900,6.116847900390625,0.3373392729759216,0.6026859074085951,-0.6478862544856965
1788862024382888700,6.126888671875,-0.009938041168451308,0.6484346821486949,-0.6042793871451169
1788862024392929800,6.1369296875,-0.17911854978799818,0.7123816691413521,-0.4678175643660128
1788862024402972000,6.146971923828125,0.07366612471342086,0.7664271475836634,-0.21244181392546743
1788862024413013000,6.157012939453125,0.5923369473516941,0.6392077118590473,-0.11800996455904096
1788862024423054800,6.167054931640625,0.5960849017083645,0.4709744209617376,-0.26508290546257046
1788862024433096000,6.177095947265625,-0.2594704358756542,0.29541181008964773,-0.42363896155208347
1788862024443137800,6.1871376953125,-1.0419482622891665,0.18974954165667293,-0.22736166209448128
1788862024453179000,6.197178955078125,-0.9352122271448373,0.14409984337687493,0.3056762336682528
1788862024463220000,6.207219970703125,-0.5343605592012405,0.18939590591341257,0.8063429053213447
1788862024473261800,6.21726171875,-0.19800445204377173,0.3933972602844238,1.118868639558181
1788862024483303000,6.227302978515625,0.2465560092449188,0.6308285905703902,1.0571342871136962
1788862024493344800,6.2373447265625,0.07055646826028823,0.8652151463329791,0.42521640346925704
1788862024503385900,6.2473857421875,-0.4325882839441299,1.1286617923632263,-0.2757873278936371
1788862024513428000,6.257427978515625,-0.6669552582234144,1.4324123917311429,-0.5570776005851105
1788862024523469000,6.267468994140625,-0.22723113104999065,1.5787968389138578,-0.5091576558183878
1788862024533510000,6.277510009765625,0.12174538822770117,1.5023954440176486,-0.40264231422003355
1788862024543552000,6.287552001953125,-0.01601297716796398,1.2401742481291294,-0.2763926003104076
1788862024553592800,6.2975927734375,0.06645546268224715,0.7326011580884456,-0.2081319879023358
1788862024563635000,6.307635009765625,-0.16921265732347965,0.06067921736836433,-0.48378334139138457
1788862024573675800,6.31767578125,-0.9151625418066978,-0.5638643015831709,-0.7865748134035616
1788862024583718000,6.3277177734375,-1.4844506220042704,-0.8890835131764412,-0.9429632065977901
1788862024593758700,6.3377587890625,-1.7169605702400206,-0.9292471812605857,-1.0405253898791968
1788862024603800800,6.34780078125,-1.6193705491036177,-0.6776905872493982,-0.7276220545016229
1788862024613841700,6.357841552734375,-0.8067360693573952,-0.23508535168170927,-0.20345983137283474
1788862024623882800,6.3678828125,0.1599602603316307,0.3233031488388777,-0.03359528601188212
1788862024633924900,6.3779248046875,0.06668108813166618,0.9161176505744457,-0.01988832076396793
1788862024643966000,6.387966064453125,-0.8467278880059719,1.1974848609596491,0.11601919260062277
1788862024654007800,6.3980078125,-1.5612708268344402,1.0283119511246681,0.45443617781065404
1788862024664049000,6.408048828125,-1.4118717080056666,0.6593564736574888,0.8573634829845279
1788862024674090800,6.4180908203125,-0.3455266710847616,0.3899129253000021,1.113796889251843
1788862024684131800,6.4281318359375,0.5859060375213623,0.4062158253252506,0.8671108969517052
1788862024694173000,6.4381728515625,0.5380594137191772,0.5519388859897851,0.4271807988774031
1788862024704214800,6.44821484375,-0.04759411034584045,0.7151572713345289,0.15123327545337378
1788862024714256000,6.458255859375,-0.4311030138224363,0.6984855379968882,0.11062816547835246
1788862024724298000,6.468298095703125,-0.4725532145857811,0.5571931532561779,0.24661327412379905
1788862024734339000,6.478339111328125,-0.18927227953374384,0.2809633057594299,0.40224849259685724
1788862024744381000,6.488380859375,-0.11938158170580863,-0.14700842429995536,0.35394002343658354
1788862024754422000,6.498422119140625,-0.4300058662354946,-0.542476061117649,0.059609852837491775
1788862024764463900,6.5084638671875,-0.8258364911466837,-0.8445172262191772,-0.30033019646517933
1788862024774505000,6.5185048828125,-1.1055068344861267,-0.9853209506601095,-0.3891792772632092
1788862024784545800,6.5285458984375,-1.109186399781704,-1.1065297477930784,-0.26215909043774005
1788862024794588000,6.538587890625,-1.0490478651612996,-1.1093570801734924,-0.04299132925812155
1788862024804628700,6.548628662109375,-0.9659469726264476,-1.0064899954169988,0.0928652211042121
1788862024814670800,6.5586708984375,-0.8362076630353927,-0.8227180668652058,0.023208441630005835
1788862024824711700,6.568711669921875,-0.6801163530915976,-0.5857295119106769,-0.24444340100511908
1788862024834754000,6.578754150390625,-0.7953390615522861,-0.35182547896802424,-0.5196481067052111
1788862024844795000,6.588794921875,-1.0802315234541893,-0.28729601591229437,-0.7562021792326122
1788862024854836000,6.5988359375,-1.2249836932599545,-0.31496319051682947,-0.7345255502797663
1788862024864877800,6.6088779296875,-0.957936100128293,-0.3391086207360029,-0.5786822602802887
1788862024874919000,6.6189189453125,-0.6106248837143182,-0.3291109583348036,-0.4102023011455312
1788862024884960800,6.628960693359375,-0.49215106450319285,-0.2041366711884737,-0.2595385692084208
1788862024895001900,6.639001953125,-0.5852244849979877,0.022151041531562804,-0.30040689669689163
1788862024905044000,6.6490439453125,-0.7951409086316823,0.042539749565720555,-0.3090314989129081
1788862024915084800,6.659084716796875,-1.058693060863018,-0.28865093765258787,-0.3113409083664417
1788862024925126000,6.6691259765625,-1.099909452870488,-0.7336229023516178,-0.30015412751222026
1788862024935167700,6.679167724609375,-0.5723211642831564,-1.0027572386294603,-0.26015443608444183
1788862024945208800,6.689208740234375,-0.1385620829939842,-1.0134241785943507,-0.12441442477386444
1788862024955251000,6.6992509765625,-0.01839022769331932,-0.8790881888628006,-0.07628602488823234
1788862024965292000,6.7092919921875,0.11072539704144001,-0.6520850213497876,-0.20131372272223233
1788862024975334000,6.719333984375,0.36904023314118384,-0.2023188081115484,-0.5411026904052123
1788862024985375000,6.729375,0.551739564025402,0.23269757976233957,-0.8887328000426292
1788862024995416800,6.739416748046875,0.7104238130718469,0.6245142928570508,-0.9552130318399518
1788862025005458000,6.7494580078125,0.7389981656491756,0.6595137100458145,-0.7533947936616837
1788862025015498800,6.759498779296875,0.6193249075204134,0.33005320762097834,-0.6471172428745776
1788862025025540900,6.769540771484375,0.5299959342509508,-0.06302315014600754,-0.7223315468780696
1788862025035582000,6.77958203125,0.3337380336135626,-0.39089316850900646,-0.9624749856669456
1788862025045623800,6.789623779296875,0.021606851652264593,-0.5869897411048411,-1.1939942423649132
1788862025055665000,6.799664794921875,-0.42844577731192107,-0.6577385170668363,-1.1857470768928526
1788862025065707000,6.80970703125,-0.9483382506996393,-0.6478402233868837,-0.9244448224801569
1788862025075747800,6.819747802734375,-1.3558189813941717,-0.5058937586516141,-0.5041525775400921
1788862025085789000,6.829788818359375,-1.6193927609354257,-0.4059288250774145,0.031118447569571432
1788862025095831000,6.8398310546875,-1.4984493367403744,-0.316318112257123,0.4189107639864087
1788862025105872000,6.849871826171875,-1.0913245798766613,-0.14360767594575882,0.5781902024470269
1788862025115914000,6.8599140625,-0.7275199093014001,-0.004364040428400039,0.5479727588377893
1788862025125954800,6.869954833984375,-0.5527694915950297,0.016641922721266744,0.573255741719529
1788862025135997000,6.879996826171875,-0.3288958542793989,-0.053480830296874046,0.6878190364234149
1788862025146037800,6.890037841796875,0.0339630598783493,-0.016207038435339927,0.7192408873863518
1788862025156078800,6.900078857421875,0.15276596491336822,0.06286416019201278,0.7269445936314761
1788862025166120700,6.91012060546875,-0.10619652144014835,-0.14964870967566965,0.465944756231457
1788862025176162000,6.920162109375,-0.5284913749068975,-0.5496083972156047,-0.018669848352298138
1788862025186204000,6.930203857421875,-1.0234434683054685,-0.8497393447816372,-0.3123172060526907
1788862025196245000,6.940244873046875,-1.406122935220599,-0.7197662264347076,-0.12295377763677388
1788862025206286800,6.950286865234375,-1.7837398580491541,-0.624047844389081,0.17887871315013618
1788862025216328000,6.960327880859375,-1.8461328935980796,-0.5939595801174641,0.38479609374292195
1788862025226369800,6.970369873046875,-1.8910534008204936,-0.4782464577913284,0.6199729231003671
1788862025236411000,6.980410888671875,-1.7037907075434922,-0.3530897998154163,0.6837022487543523
1788862025246452000,6.990451904296875,-1.1859382155507803,-0.1342886434584856,0.43490335595346985
1788862025256493800,7.000493896484375,-0.5476151775717735,0.053472062468528744,-0.06637417760696261
1788862025266535000,7.010534912109375,0.23817922604382036,0.1569797832161188,-0.5156568816445768
1788862025276577000,7.020576904296875,1.216716800174117,0.2224795526087284,-0.6608301264066249
1788862025286618000,7.0306181640625,2.0981723026901484,0.4185848930329084,-0.5051149197662249
1788862025296660000,7.040659912109375,2.116281375354528,0.5946861408263444,-0.2100078647768125
1788862025306701000,7.050701171875,1.3581594070404768,0.4862134911477565,-0.17089355961512773
1788862025316742000,7.060741943359375,0.8395727555543184,0.268973008236289,-0.37125319648291916
1788862025326784000,7.070783935546875,0.5473474665462971,0.1630196479022503,-0.4620657228410244
1788862025336824800,7.080824951171875,0.1542383755534887,0.15369126306474207,-0.39914252593815325
1788862025346867000,7.090866943359375,-0.3411994555354118,0.2273112105488777,-0.15451795967984944
1788862025356907800,7.10090771484375,-0.932368528151512,0.23536942932009697,0.07670534627884626
1788862025366950000,7.110949951171875,-1.694527789157629,0.06078092417716979,0.2749841217519715
1788862025376990700,7.12099072265625,-2.293278110682964,-0.3724561790645122,0.24867347632292658
1788862025387031800,7.13103173828125,-2.2325819421797988,-0.9436503851443528,0.07483940627649426
1788862025397074000,7.141073974609375,-1.6381927384734152,-1.3857172760516405,-0.175258367228508
1788862025407115000,7.151114990234375,-0.9098825555771589,-1.360027538999915,-0.12133808606844394
1788862025417156900,7.161156982421875,-0.37600188884735103,-0.7124632099449634,0.18782277484517543
1788862025427198000,7.171197998046875,-0.2800578813523054,-0.07736614827513694,0.4287655107855797
1788862025437239800,7.18123974609375,-0.36902503557205196,0.253126035284996,0.5165408248722553
1788862025447281000,7.191281005859375,-0.45628538587391376,0.4328226772218942,0.5372783098114654
1788862025457322000,7.201322021484375,-0.5899690491765737,0.48053603003323075,0.49856264857854693
1788862025467363800,7.21136376953125,-0.7385667884945869,0.3672375676333904,0.4151403786022216
1788862025477405000,7.221405029296875,-0.8720125513881445,0.1564648194313049,0.2620472275611013
1788862025487446800,7.23144677734375,-0.9319757294416428,-0.06255144098103047,0.1567779039684683
1788862025497488000,7.24148779296875,-0.836352624464035,-0.25596622714698314,-0.107977084713988
1788862025507530000,7.251530029296875,-0.6309679990410805,-0.2201628000989556,-0.23965474195647984
1788862025517571000,7.261571044921875,-0.33328502914905545,-0.012246025849878788,-0.06507056592879816
1788862025527612000,7.27161181640625,0.026563012754917143,0.1689510837778449,0.12224864330841227
1788862025537654000,7.281654052734375,0.6787760443985462,0.27552111470550295,0.240503906131722
1788862025547694800,7.29169482421875,1.0490087021946906,0.30165918004661796,0.30409510195665057
1788862025557737000,7.301737060546875,1.0422831933319567,0.2489700846493244,0.34859877200648187
1788862025567777800,7.31177783203125,0.8350503096938132,0.28142010961622,0.45794619522560387
1788862025577820000,7.32181982421875,0.4958253691017627,0.09827712661772965,0.4043262121863663
1788862025587860700,7.33186083984375,-0.20697920113801954,-0.30688685156702994,0.21273772813212125
1788862025597902800,7.34190283203125,-0.7802975597649813,-0.6782078891217708,0.0771451259355992
1788862025607943700,7.351943603515625,-0.6682230862021445,-0.9548834345594048,-0.12144538236781954
1788862025617984800,7.36198486328125,-0.23877953002452848,-1.0920818279847502,-0.19866337261022998
1788862025628027000,7.37202685546875,0.1732674856722355,-0.8980103314757346,0.025491401468031107
1788862025638068000,7.38206787109375,0.6461544622570276,-0.3620408757731318,0.36679322139937426
1788862025648109800,7.39210986328125,0.9742366620659828,0.027574235624074933,0.6884278159715235
1788862025658151000,7.40215087890625,1.120671085870266,0.3436649688661098,0.9860795139424502
1788862025668192800,7.41219287109375,1.128211418247223,0.49061318741142745,0.9125926913186907
1788862025678233900,7.42223388671875,0.9997451973319053,0.3565098373919725,0.5836495638314634
1788862025688275000,7.43227490234375,0.9308125308811664,0.14399930561184882,0.08886281706243752
1788862025698316800,7.44231689453125,0.9623439796984196,-0.15101853672415017,-0.3003288812909275
1788862025708358000,7.45235791015625,0.8090554522156715,-0.4804436755746603,-0.5904832092437893
1788862025718400000,7.46239990234375,0.6554559590876102,-0.638738340781629,-0.6204531808979808
1788862025728441000,7.472441162109375,0.49717327657938,-0.7320366560734808,-0.23965404783673583
1788862025738483000,7.48248291015625,0.617210691845417,-0.6405971203908324,0.219491622839123
1788862025748524000,7.49252392578125,0.6328665261387825,-0.6442864764280617,0.40052945025190706
1788862025758564900,7.50256494140625,0.36071781047582624,-0.7471255041338503,0.15974237979725003
1788862025768607000,7.51260693359375,0.4835393035024404,-0.7935017631225287,0.07483977160267531
1788862025778647800,7.522647705078125,1.2018202598154544,-0.7337085348084569,0.14914799361191688
1788862025788690000,7.53268994140625,1.358306122034788,-0.7363568573601543,0.16782120296508074
1788862025798730800,7.542730712890625,0.7425999895334243,-0.742364865603298,0.2535267981056124
1788862025808772900,7.55277294921875,0.9314186800807714,-0.5997751345284282,0.3574482872858643
1788862025818813700,7.562813720703125,1.4369780922114848,-0.4984586402148008,0.3856326176322996
1788862025828854800,7.572854736328125,1.3819248980313539,-0.47907837857082486,0.2896881717458367
1788862025838897000,7.58289697265625,0.8757903163611889,-0.48887050846256314,-0.018238836523890495
1788862025848938000,7.59293798828125,1.024251862078905,-0.3313073724005371,-0.32569844647757706
1788862025858979800,7.602979736328125,1.291648999300599,-0.08951090570762753,-0.6002368337560444
1788862025869021000,7.61302099609375,1.2458937948197126,0.06299041692018509,-0.3151185272090137
1788862025879062800,7.623062744140625,1.7946762626051902,-0.1639027874123305,0.3773984577722847
1788862025889104000,7.633103759765625,1.4921043516278265,-0.44100883322171863,0.7200368600696325
1788862025899145000,7.64314501953125,0.5421978286981582,-0.7888113402839749,0.4887105686604976
1788862025909186800,7.653186767578125,0.11603577840924262,-0.6702136754974722,0.20830160884819923
1788862025919228000,7.663227783203125,0.24521686959564684,-0.1757606541948393,0.08473704236932099
1788862025929269800,7.673269775390625,0.6192261233210563,0.31974205882381646,0.4617944316189736
1788862025939310800,7.683310791015625,1.2930781553208828,0.764062025887519,0.9996368415866047
1788862025949353000,7.69335302734375,1.382133572345972,0.7450679870821535,1.3476255919359623
1788862025959394000,7.70339404296875,1.040294649863243,0.5479598993562161,1.3389832896664737
1788862025969435000,7.713434814453125,0.8517699738264083,0.34860768596529956,0.8062091959390789
1788862025979477000,7.72347705078125,0.7234820320874452,0.3644757382372394,0.5290894138652831
1788862025989517800,7.733517822265625,0.3998644104719162,0.19292904847562312,0.9279045344799757
1788862025999560000,7.743559814453125,0.3315221111297607,-0.33241087666302915,1.0058375228576362
1788862026009600800,7.753600830078125,0.7873176676601171,-0.7125577563606202,0.2738505511447787
1788862026019643000,7.763642822265625,0.9473743741035461,-0.5016355897504836,-0.6117693045090884
1788862026029683700,7.77368359375,0.9357429730206728,-0.10772351181171834,-0.9074131697889417
1788862026039725800,7.783725830078125,1.5165022953033447,0.1767375729355961,-0.7919739690333605
1788862026049766700,7.7937666015625,2.1767536719739438,0.29997203067727385,-0.5302672985382377
1788862026059807700,7.803807861328125,2.1292542541742323,0.42073001530282195,-0.332552915482223
1788862026069849900,7.813849853515625,1.5727993520647285,0.42025874452926215,-0.541869181265682
1788862026079891000,7.823890869140625,1.5907541109502314,0.2889960978284478,-0.9931572703089564
1788862026089932800,7.833932861328125,1.6501877121716737,0.1182748625729233,-1.3010716382928191
1788862026099974000,7.843973876953125,1.6943851658165454,0.06418167253136635,-1.3121962588973342
1788862026110015700,7.854015625,1.6613035649478434,0.16769304654076694,-1.079556692932546
1788862026120056800,7.864056884765625,1.0781272446513175,0.4044397555634379,-0.8455835402764379
1788862026130098000,7.874097900390625,0.5706465090692043,0.5396130729019641,-0.6771957164045422
1788862026140139800,7.884139892578125,0.5081926832437514,0.4197146277152002,-0.3807488276461139
1788862026150180900,7.894180908203125,0.9918167424201965,0.2582521461270749,0.10915498765325173
1788862026160222700,7.90422265625,1.1698644481062888,0.3966591846898198,0.47678639517612753
1788862026170263800,7.914263916015625,0.7743629090189933,0.531841123726219,0.5256618871020153
1788862026180306000,7.924305908203125,0.8931856877982616,0.5432999447211623,0.35922749885283406
1788862026190347000,7.934346923828125,0.7119196045875549,0.4907382750958204,0.30299214568343014
1788862026200387800,7.944387939453125,0.09936287602782248,0.37491146326214075,0.6158468561463057
1788862026210430000,7.954429931640625,-0.1034492685586214,0.22593115436732766,0.9332115548469125
1788862026220470800,7.964470703125,0.09435293891131877,0.0387426953703165,1.1567577868390828
1788862026230513000,7.974512939453125,0.43107904842495914,-0.04247282180935144,1.1295203819539397
1788862026240553700,7.9845537109375,0.12334171750843524,0.006636077013611793,0.8875549884349108
1788862026250595800,7.994595947265625,-0.47867432781457897,0.021665596102178095,0.6127071698810905
1788862026260637000,8.004636962890626,-0.556454317587614,-0.08171031495928764,0.3545332035567611
1788862026270677800,8.014677734375,-0.32919220687747,-0.22819237729758024,0.17886612766319884
1788862026280720000,8.024719970703124,-0.1759025103509426,-0.4148723022505641,0.18328741470417007
1788862026290761000,8.034760986328125,-0.12315934667885303,-0.42778731340318915,0.3971068188594654
1788862026300803000,8.044802978515625,-0.033303719186782835,-0.3811290226027369,0.5482399949392304
1788862026310844000,8.054843994140626,0.3496095564842224,-0.27818828808814283,0.39362697738707064
1788862026320886000,8.064885986328125,0.41667233740985393,-0.10559183354526758,0.019905637224949896
1788862026330926800,8.0749267578125,-0.1136181958734989,0.06978489936590195,-0.3022345322491601
1788862026340968000,8.084968017578126,-0.28641221881508827,0.24096944128423928,-0.4722833481358364
1788862026351009800,8.095009765625,0.05592179370820522,0.31653263179063795,-0.629436697820574
1788862026361051000,8.10505078125,0.3200198893845081,0.24544892478585242,-0.889991129540652
1788862026371092700,8.1150927734375,0.1917185036420822,0.05923603282272815,-1.0888557055450976
1788862026381133800,8.1251337890625,-0.10715396829545497,-0.19133271919488906,-1.0559511417437344
1788862026391176000,8.135176025390624,-0.23440321463644503,-0.4512894772827625,-0.6818344090558588
1788862026401217000,8.145217041015625,-0.2957037787735462,-0.8045546336650848,-0.18684826725721357
1788862026411257900,8.1552578125,-0.13486147491037845,-1.1325444790154695,0.19590989091731606
1788862026421300000,8.165300048828126,0.2269236725360155,-1.2305927653133868,0.4174317774750292
1788862026431341000,8.175341064453125,0.2657435247957706,-1.2328519424170254,0.42219029711373146
1788862026441383000,8.1853828125,-0.25031565403938294,-1.2309230201810597,0.26957055400433017
1788862026451424000,8.195424072265626,-0.562068065816164,-1.2015098786920309,0.07760054155290126
1788862026461465900,8.2054658203125,-0.35294366934299465,-1.1420201633691787,-0.15747633456140755
1788862026471507000,8.2155068359375,0.08709083895385265,-0.9475859710276127,-0.37691867489870634
1788862026481547800,8.2255478515625,0.2813391533344984,-0.7461299172252416,-0.4532310763372108
1788862026491590000,8.23558984375,0.008621113350987433,-0.4853782093673944,-0.38793698558453465
1788862026501630700,8.245630615234376,-0.36381051579415796,-0.3680740184575319,-0.30151341490037736
1788862026511673000,8.255673095703125,-0.3542500757664442,-0.4692582646936178,-0.2567131547904573
1788862026521714000,8.2657138671875,-0.28633915357887746,-0.6323726051419973,-0.2757866337738931
1788862026531756000,8.275756103515626,-0.4889513916790485,-0.8623258546322584,-0.2279190219826065
1788862026541796900,8.285796875,-0.7507318580627441,-1.0711492223322392,-0.019299483458767645
1788862026551838000,8.295837890625,-0.7558458400756121,-1.0612573583930731,0.40954628492221234
1788862026561879800,8.3058798828125,-0.5383914221525192,-0.8884136510908603,0.7476561769444495
1788862026571921000,8.3159208984375,-0.31170155837237834,-0.6060697046279907,0.8383152297738939
1788862026581962800,8.325962646484374,-0.4418038560569286,-0.4325982208162546,0.6742283179663121
1788862026592003800,8.33600390625,-0.8202449547499417,-0.3293050196021795,0.40216614807564766
1788862026602045700,8.346045654296875,-1.3654337819576263,-0.3148345957010984,0.009083584330161102
1788862026612086800,8.356086669921876,-1.4326251576989888,-0.2949427312731743,-0.32688805812094357
1788862026622127900,8.3661279296875,-0.8975012129098177,-0.31520459805727,-0.6129950469117611
1788862026632170000,8.376169921875,-0.5918021098226308,-0.29296178658902644,-0.8791223833933473
1788862026642211000,8.386211181640626,-0.6246919875115156,-0.14560089558959005,-0.8804327353395521
1788862026652253000,8.3962529296875,-0.5137555780678987,-0.028953707283735274,-0.497473063243553
1788862026662294000,8.4062939453125,-0.3784317463427782,-0.06088555359542369,0.28389855549372733
1788862026672336000,8.4163359375,-0.28251170424520966,-0.22235914109945296,1.0888165425784886
1788862026682377000,8.426376953125,-0.6327355932354927,-0.3970107746064663,1.4765695133656263
1788862026692417800,8.436417724609376,-1.4542968912810086,-0.86948449421525,1.3341826113864779
1788862026702460000,8.4464599609375,-1.8317565777212381,-1.2677701110631228,0.9881634806096553
1788862026712500700,8.456500732421874,-1.56880589851439,-1.348964293193817,0.5380188625130802
1788862026722543000,8.466543212890626,-1.2378180403918027,-1.2649883713901042,0.08791607426423578
1788862026732584000,8.476583984375,-1.0806699148714543,-0.9402502213120459,-0.3355955711137503
1788862026742626000,8.4866259765625,-1.0664221938103438,-0.6103285311162472,-0.8176667017597704
1788862026752667000,8.4966669921875,-1.1584481510788203,-0.4010667719990015,-1.0520464624553918
1788862026762708000,8.5067080078125,-1.0641045645177363,-0.30367022760808465,-0.8360559796050191
1788862026772749800,8.516749755859376,-0.7480933262526989,-0.18132453539967536,-0.47014907605350015
1788862026782791000,8.526791015625,-0.3350660673469305,-0.024780805513262748,-0.14056651815157384
1788862026792832800,8.536832763671875,0.042371991783380504,0.18392215067744255,0.07505761560443788
1788862026802873900,8.546873779296876,0.48409518381953237,0.42686581464409823,0.2020663311878219
1788862026812915700,8.556915771484375,0.6873550721734761,0.6184907947838306,0.25849183663446457
1788862026822956800,8.566956787109374,0.6082751057177782,0.5942670386314391,0.18398926109690217
1788862026832998000,8.576997802734375,0.3342559200078249,0.3397188615888357,0.0060992575900163494
1788862026843040000,8.5870400390625,0.07322597973048686,0.15743395672440527,-0.06980922095640563
1788862026853081000,8.5970810546875,-0.2820195368140936,0.14587971253097057,0.024524182137381285
1788862026863123000,8.607123046875,-0.853531138280034,-0.13480477628707885,-0.03952815579273738
1788862026873164000,8.6171640625,-1.1235726525306702,-0.5242530066847801,-0.08699117797166109
1788862026883206000,8.627205810546876,-1.1096546018153428,-0.4483054930359125,0.18689714790023862
1788862026893247000,8.6372470703125,-0.8881126223176717,-0.21091186441183088,0.2601217941901646
1788862026903287800,8.647287841796874,-0.8890835131764412,-0.12988544006347655,0.31468981693554665
1788862026913330000,8.657329833984376,-0.900454802018404,-0.17529869923889635,0.5625330164467915
1788862026923370800,8.667370849609375,-0.6433627857118844,-0.2672913387596607,0.7942479783799499
1788862026933412900,8.677412841796874,-0.49096974576413627,-0.23542612794339657,1.0237727733250708
1788862026943453700,8.68745361328125,-0.7302823597520589,-0.3370435048997402,1.2114894939798861
1788862026953496000,8.69749609375,-0.832704623350501,-0.34427287163138387,1.396489576087147
1788862026963537000,8.707536865234376,-0.8958622135311365,-0.2620511000186205,1.4323672374151646
1788862026973578000,8.717577880859375,-0.8989736235499382,-0.30673838300704953,1.1251489619366823
1788862026983619800,8.727619873046875,-0.9778250419467687,-0.39087329476475713,0.6515078059837222
1788862026993661000,8.737660888671876,-0.8721972603052854,-0.4835311201959848,0.13665041328691876
1788862027003702800,8.747702880859375,-0.5295914451032877,-0.5059031110018491,-0.08267733336053788
1788862027013743900,8.757743896484374,-0.08536883746683598,-0.39199090061783787,-0.121222350734286
1788862027023785700,8.76778564453125,0.26492344058454037,-0.2939963903337717,-0.20070885216426104
1788862027033826800,8.777826904296875,0.15247195040285585,-0.27259996656179425,-0.18715934250038116
1788862027043868200,8.7878681640625,-0.20925357581079004,-0.3462976554572582,0.013579603408044203
1788862027053910000,8.797909912109375,-0.10655249527096748,-0.39949557715952394,0.05593562130415812
1788862027063951000,8.807951171875,0.018926818788051605,-0.3521095566064119,-0.0324898181211669
1788862027073993000,8.817992919921876,-0.36422143468260765,-0.20977789194583893,-0.0483034550584387
1788862027084034000,8.828033935546875,-0.965263666537404,-0.022859482061862946,-0.1917438024801202
1788862027094076000,8.838075927734375,-1.0490502032488584,0.12952362101376055,-0.383256645748578
1788862027104117000,8.848116943359376,-0.3626642683684826,0.062011927276849746,-0.6110218836752698
1788862027114157800,8.85815771484375,0.5164566537201404,-0.04129822507202625,-0.4504454276740551
1788862027124200200,8.8682001953125,1.2067121235102414,0.08753566011190414,0.1005030681720469
1788862027134241000,8.878240966796875,0.93091774482131,0.26642390827536583,0.7117073500763624
1788862027144283100,8.888283203125,-0.22638415883183477,0.2279126835733652,1.0586645654208957
1788862027154324000,8.898323974609376,-1.2769757463037967,-0.057898646739125245,1.200682707152888
1788862027164366000,8.908365966796875,-1.753987693864107,-0.6308294673532248,1.2051771690279245
1788862027174407000,8.918406982421875,-1.1901549564629792,-1.0066273580610752,1.0606575658690183
1788862027184449000,8.928448974609376,-0.38495617967545986,-1.0655331360161304,0.8066873348448425
1788862027194489900,8.93848974609375,0.09592354922890663,-0.7949234664887189,0.6421664885994046
1788862027204531000,8.948531005859374,0.3756517602354288,-0.27707798875868317,0.5851661058742552
1788862027214572800,8.95857275390625,0.535831216275692,0.1263604808077216,0.4469274461483583
1788862027224614000,8.96861376953125,0.5363847585052252,0.2271045820608735,0.1427068637816701
1788862027234656000,8.978656005859374,0.3607493746578693,0.05024667068123817,-0.3504930978531018
1788862027244697000,8.988697021484375,0.05124035789370537,-0.33213936624526974,-0.7874341336466372
1788862027254739000,8.998739013671875,-0.2410831307917833,-0.7537152577877044,-1.082858803217858
1788862027264780000,9.008780029296876,-0.5222440049499273,-1.1112938934549688,-1.313528092022985
1788862027274821000,9.018821044921875,-1.0023428126096725,-1.2346578227952123,-1.4507472359754143
1788862027284863000,9.028863037109375,-1.4033388574600218,-1.291550507362187,-1.50522321478948
1788862027294904000,9.038904052734376,-1.3568506625294685,-1.1180834074646233,-1.2788558609619736
1788862027304946000,9.04894580078125,-0.4621674296498298,-0.9162333859086036,-0.5461582567617297
1788862027314987000,9.058987060546874,0.6853291193038225,-0.7061676169320941,0.19703326892405748
1788862027325028900,9.06902880859375,1.1520178257703781,-0.4411047678768635,0.5645312045266851
1788862027335070000,9.079070068359375,0.8757114059060811,-0.17657792539447545,0.5030274459676817
1788862027345110800,9.08911083984375,0.300148483222723,-0.12158756731748581,0.011934000758640467
1788862027355153200,9.099153076171875,0.11163491310179233,-0.3936962432309985,-0.46429874259009957
1788862027365194000,9.109194091796875,0.7174678863644599,-0.8106599648028612,-0.7293683867122978
1788862027375236000,9.119236083984376,1.443184545636177,-0.8985381547421216,-0.7509680779714137
1788862027385277000,9.12927685546875,1.9918986243605612,-0.9051135876096784,-0.6696493196129798
1788862027395319000,9.139319091796875,2.3895827681839465,-0.7795384119607508,-0.4530027109414339
1788862027405359900,9.14935986328125,1.7591840934634209,-0.30696430071741343,0.4041028517592698
1788862027415402000,9.159402099609375,0.8595932147979736,-0.22237185445055363,0.9337681658163666
1788862027425442800,9.16944287109375,0.7019581825435162,-0.9017125469945371,0.47721930670067664
1788862027435484000,9.17948388671875,0.5164028777062892,-1.0572332174435257,0.2640280261147767
1788862027445526000,9.189526123046875,0.6151309629619122,-0.9065867289021611,0.634986367836967
1788862027455567000,9.199567138671876,0.9178373139739036,-0.4502918445475399,1.2503835074543952
1788862027465609000,9.20960888671875,0.7600643345534801,-0.21394655593261122,1.5760808579534291
1788862027475650000,9.219650146484375,0.5299912580758332,-0.2753586176201701,1.6932560156561434
1788862027485692000,9.22969189453125,1.0828548576951027,-0.5213472753059119,1.2492542111635208
1788862027495733000,9.23973291015625,1.8039485333412884,-0.6520078644603491,0.6811163239143788
1788862027505774000,9.249774169921874,2.132439898473024,-0.6848485692452639,-0.06959332231655717
1788862027515816000,9.25981591796875,2.205908454787731,-0.6576286269515752,-0.8459563191115855
1788862027525857000,9.26985693359375,2.1017694503992796,-0.619106442464143,-1.0442955560676752
1788862027535899000,9.27989892578125,1.7545739693194626,-0.48524296561516816,-0.6398628147669136
1788862027545940000,9.28993994140625,1.88856099948287,-0.5400819690553471,-0.1604476054571569
1788862027555982000,9.299982177734375,1.8825474382817744,-0.4751948516683653,0.0362191682420671
1788862027566023200,9.310023193359376,2.0596476339846848,-0.2761174731634557,0.21793854817822575
1788862027576064000,9.32006396484375,1.7807634725868702,-0.20940485738236456,0.06257073020339012
1788862027586106000,9.330106201171875,2.1890964361965657,0.048429538256675,-0.4960816819503903
1788862027596147000,9.34014697265625,2.0593010125041005,0.24657738082651048,-0.8148512790128588
1788862027606189000,9.35018896484375,0.8562672852456569,0.1704166628183797,-0.4553352455422282
1788862027616230000,9.36022998046875,0.6890998700141906,0.2865992110208608,0.04512552827522159
1788862027626272000,9.37027197265625,0.3039958063006401,0.5756884122265502,0.17578458305969832
1788862027636313000,9.38031298828125,0.42626141901016235,0.641413843601197,0.315345979289338
1788862027646355000,9.39035498046875,0.8140519453287124,0.49279699772391466,0.2671552182245999
1788862027656396000,9.40039599609375,1.2497773582547902,0.46580315580368037,0.13123970421664416
1788862027666436900,9.410436767578124,1.420365980106592,0.35458124394956975,-0.18141827809773384
1788862027676479000,9.42047900390625,0.8941542405694722,0.11717088338639586,-0.5774739439364522
1788862027686520000,9.43052001953125,0.4066325894325971,-0.07337485014926642,-0.42387379322126506
1788862027696562200,9.440562255859374,0.6470423510074615,0.13148808948714286,-0.22220585023388265
1788862027706603000,9.45060302734375,0.9014753772377967,0.5753479647584259,-0.43426688468083735
1788862027716645000,9.46064501953125,0.877733267122507,0.6756141463015228,-0.4795235650550574
1788862027726686000,9.47068603515625,1.404980194926262,0.7039518405787646,-0.18781543178893625
1788862027736728000,9.48072802734375,2.6160113506793974,1.0034310462377964,0.031622195840626956
1788862027746769000,9.490768798828125,2.7785739024639127,1.1868086417097599,-0.24418197358995675
1788862027756810000,9.50081005859375,1.6017501367390155,1.1970919161193072,-0.6597624241098761
1788862027766851800,9.510851806640625,0.9927899713665247,1.0172064736120403,-0.7690840187679976
1788862027776893000,9.520892822265624,1.3032710480332375,0.568226296184957,-0.4253280106175691
1788862027786935000,9.53093505859375,2.019362969869375,0.17959888065084814,0.10707399839442222
1788862027796976000,9.54097607421875,1.9456033216536044,-0.008082330299168824,0.4931067212602123
1788862027807018000,9.55101806640625,1.2065443657279014,-0.06792027453780174,0.5418999051975086
1788862027817059000,9.56105908203125,0.8737234469592571,-0.09373129988163709,0.28647863511480387
1788862027827100200,9.57110009765625,0.4960521635949611,-0.228498666767776,-0.012570398966036737
1788862027837142000,9.58114208984375,0.10857494100928305,-0.4621837962627411,-0.1894575729727745
1788862027847183000,9.59118310546875,-0.10399988817870616,-0.738219874753058,-0.3182260282376781
1788862027857225000,9.601224853515625,-0.12826982156038283,-0.7648793336197733,-0.2512827820384875
1788862027867266000,9.61126611328125,0.12117138773202896,-0.6055144088327884,-0.13558779815724117
1788862027877308000,9.621307861328125,0.1759288138359785,-0.3658198097899556,-0.04376982108363881
1788862027887349200,9.631349365234374,0.16969956405758857,-0.1127998652279377,-0.030010833387542513
1788862027897391000,9.64139111328125,0.32101591468453405,0.03334346667528152,-0.15608856999743728
1788862027907432200,9.65143212890625,0.7751894229710101,0.09894611192047595,-0.4246607788804918
1788862027917473000,9.66147314453125,1.2953238884210585,0.15732698921859264,-0.614286328831315
1788862027927515100,9.67151513671875,1.1816390570521353,0.062336921447515486,-0.7833277943063527
1788862027937556000,9.681555908203125,0.7783645458757877,-0.12854922302365301,-0.8672923909984529
1788862027947598000,9.69159814453125,0.30996669740378857,-0.3046367345526814,-0.8567709239188581
1788862027957639000,9.701638916015625,0.06929039384722709,-0.574310000012815,-0.7595525856390595
1788862027967681000,9.711680908203125,0.02433189270198345,-0.8748533277720213,-0.6152900990463793
1788862027977721900,9.721721923828126,0.18182137900590895,-1.0652417518541217,-0.4719121402032673
1788862027987764200,9.73176416015625,0.25789047320783137,-1.086675292766094,-0.428256173023954
1788862027997805000,9.74180517578125,0.14195873969495296,-1.0929624102115632,-0.5392078165693208
1788862028007846100,9.75184619140625,-0.20270576160252093,-1.0872621527433395,-0.8785233945868909
1788862028017888000,9.761887939453125,-0.7719897501468658,-1.0655383967131375,-1.268029054260254
1788862028027929000,9.77192919921875,-1.3046633791744708,-1.207580138516426,-1.5593980186998844
1788862028037971200,9.78197119140625,-1.4545891522258518,-1.366963475742936,-1.626589102180302
1788862028048012300,9.79201220703125,-1.0743190845400095,-1.3369728266268968,-1.4463894791573286
1788862028058054100,9.80205419921875,-0.4417652776122093,-1.1074082841932773,-1.3253178985379634
1788862028068095200,9.81209521484375,-0.0045113399446010585,-0.8051105139821767,-1.3297373224154114
1788862028078136300,9.82213623046875,-0.13732815728485584,-0.47080607865750784,-1.2778116126060486
1788862028088178200,9.83217822265625,-0.5769838953971862,-0.27205168502926824,-1.2621458414405584
1788862028098219300,9.84221923828125,-1.197156359657645,-0.2069113965988159,-1.3004808327928186
1788862028108261400,9.852261474609374,-1.8536375701397656,-0.3798205703526735,-1.4231640863925217
1788862028118302500,9.862302490234375,-2.0992676967114208,-0.8004635649591684,-1.385647133424878
1788862028128344300,9.87234423828125,-1.8356717053383587,-1.1678513547182083,-1.086315227282047
1788862028138385400,9.882385498046874,-1.2746639622300862,-1.3311211779892445,-0.8684623115606606
1788862028148427300,9.89242724609375,-0.4101642706900835,-1.124699610733986,-0.7720769900389015
1788862028158468400,9.90246826171875,0.4327051883220672,-0.6262053146839142,-0.6509512680795043
1788862028168510200,9.91251025390625,0.7712707882225514,-0.12110299867093563,-0.45372419361639765
1788862028178551300,9.92255126953125,0.5694838950306177,0.1615939990133047,-0.04814595380863174
1788862028188592000,9.932592041015624,0.15978198115527628,0.19585574957728386,0.4532340354792773
1788862028198634200,9.94263427734375,-0.4695809207767248,-0.1474076527506113,0.8377778349615633
1788862028208675000,9.952675048828125,-1.2297633287519216,-0.8640981250017881,0.7497340061318128
1788862028218717400,9.962717529296874,-1.8595558542728423,-1.6282435913890598,0.42175537629518656
1788862028228758300,9.97275830078125,-2.0240882448256015,-1.944188778680563,0.16775168139282612
1788862028238800400,9.98280029296875,-1.8128712599873542,-1.7114380074262618,0.055678194210678336
1788862028248841200,9.99284130859375,-1.5393629464089869,-1.1437374886810778,0.11155171006405726
1788862028258882300,10.00288232421875,-1.3311141637265682,-0.4435135825842619,0.09334118631919845
1788862028268924200,10.012924072265625,-1.2547136456131935,0.1456827286541462,-0.18014078724151475
1788862028278965200,10.02296533203125,-1.3648638731151819,0.5738263081490993,-0.5691663535140454
1788862028289007000,10.033007080078125,-1.8438257856994866,0.6755716953992843,-0.888803088799864
1788862028299048200,10.043048095703124,-2.5385633693397045,0.10559855554699897,-1.0015232398550957
1788862028309090300,10.05309033203125,-2.268855617088079,-0.2040799725651741,-0.7608994702033698
1788862028319131400,10.06313134765625,-1.476181975352764,0.042027123868465424,-0.5069543005552143
1788862028329173200,10.07317333984375,-1.2111714410066603,0.16324293526411054,-0.49750923053547735
1788862028339214300,10.08321435546875,-1.2313397842884064,0.23684242448210716,-0.5442884808344766
1788862028349255400,10.09325537109375,-1.0018547368317843,0.6127274089515209,-0.2067375196029432
1788862028359297300,10.10329736328125,-0.41853403962850566,0.93770638204813,0.11551099648331291
1788862028369338400,10.11333837890625,-0.02884673977792263,1.0851683953344822,0.30680461664367464
1788862028379380200,10.123380126953125,-0.22104864302277563,0.9443003734856843,0.6197094498585909
1788862028389421300,10.13342138671875,-0.3973807769626379,0.5569657742410898,0.9691867582652717
1788862028399463200,10.143463134765625,-0.1389426067441702,0.2201478947907686,1.0433963422056287
1788862028409504300,10.153504150390624,-0.1919756932735443,-0.047396541947126385,0.8150365724518894
1788862028419546400,10.16354638671875,-0.41812195169627664,-0.21134031895697117,0.4854309259353205
1788862028429587500,10.17358740234375,-0.5509031132012605,-0.22059096238315104,0.3295838000109419
1788862028439628300,10.183628173828126,-0.47224867868125436,-0.16625439203977585,0.4555949193917215
1788862028449670400,10.19367041015625,-0.00767535693347454,-0.1938753894150257,0.4542990708949044
1788862028459711200,10.203711181640625,0.46397418681085106,-0.34449089829623697,0.2355425939299166
1788862028469753300,10.21375341796875,0.54042263571918,-0.5140934317201376,0.010286169619532302
1788862028479794200,10.223794189453125,0.29948388183414937,-0.6339315250217914,-0.21816448415489867
1788862028489836300,10.233836181640624,-0.12447568997442722,-0.5942091709643602,-0.3421527011396363
1788862028499877000,10.243877197265626,-0.5785556747585535,-0.745925919085741,-0.54170146001596
1788862028509919200,10.253919189453125,-0.9649889412492513,-1.094760399544239,-0.7084886802908033
1788862028519960000,10.2639599609375,-1.0782926643460988,-1.1345067189991473,-0.6197256703410298
1788862028530001200,10.274001220703125,-1.0086258384019136,-0.8669722191333771,-0.4807550796113908
1788862028540043300,10.284043212890625,-0.9153384828954935,-0.6293085413962602,-0.47131512415818866
1788862028550084400,10.29408447265625,-0.8788824371576308,-0.6248422096371651,-0.5261608130674809
1788862028560126200,10.304126220703125,-0.9277934753209351,-0.7906471043437718,-0.4112902790453285
1788862028570167300,10.314167236328124,-0.8215332409948111,-1.1710966202497481,-0.274661283005774
1788862028580209200,10.324209228515626,-0.7307593296140432,-1.6913614340811967,-0.23324019873905927
1788862028590250200,10.334250244140625,-0.7795330051332712,-1.6225275518298148,-0.14763711412493138
1788862028600292000,10.3442919921875,-0.7752835309952497,-1.3256132282227278,-0.08712437589727341
1788862028610333200,10.354333251953125,-0.7191004560023546,-0.9556447743207216,-0.07156615675948559
1788862028620374300,10.364374267578125,-0.6059504621624946,-0.4470411721885204,-0.16511753349695354
1788862028630416100,10.374416015625,-0.18495441633462906,0.022760113340616225,-0.38783827445041386
1788862028640457200,10.384457275390625,0.3138613667547703,0.3923252471387386,-0.6349940396867693
1788862028650499300,10.394499267578125,0.7097633033365011,0.46489071713387964,-0.7947984518695622
1788862028660540400,10.40454052734375,1.0417571236312388,0.2984925327092409,-0.8669513224758207
1788862028670582300,10.414582275390625,1.1941852348923683,0.15322072294354439,-0.8970951163269579
1788862028680623400,10.424623291015624,1.1111568230718374,0.051796238210797305,-0.8208177131365985
1788862028690665200,10.434665283203126,0.6931307329654693,0.1077232926160097,-0.466770977922529
1788862028700706300,10.444706298828125,0.1703998212814331,0.03866787656843662,-0.24405896826479584
1788862028710747100,10.4547470703125,-0.8124111923843622,-0.08451426646411418,0.027355770567804572
1788862028720789200,10.464789306640625,-1.339846336236596,-0.35797698733508587,0.1287482527270913
1788862028730830000,10.474830078125,-1.6343191119104623,-0.7576379841893911,0.14014292244464158
1788862028740872200,10.4848720703125,-1.442144096672535,-0.9306745837152004,0.2543235745064914
1788862028750913000,10.4949130859375,-0.76032561583817,-1.0086077182233333,0.29832999909128993
1788862028760955400,10.504955322265625,-0.0022001403927803037,-0.9391413832873106,0.2764285484066233
1788862028770996200,10.514996337890626,0.29215047020614143,-0.6821615951836109,0.326710071205534
1788862028781038300,10.525038330078125,0.31900282129645346,-0.4135325780794024,0.44694757562093435
1788862028791079200,10.5350791015625,0.16867781979441643,-0.20995909373164176,0.5183680037667975
1788862028801120300,10.545120361328125,0.06566869621872902,-0.15044102909713983,0.5245558255562558
1788862028811162000,10.555162109375,-0.05494505763053894,-0.23425766868591308,0.34437191155906766
1788862028821203200,10.565203125,-0.3611854279875755,-0.3923421982735395,-0.03966459598820656
1788862028831245000,10.5752451171875,-0.8267349012911319,-0.5306038370162248,-0.45211526058241724
1788862028841286100,10.5852861328125,-1.0267021778404712,-0.7790344079613685,-0.7863884239859878
1788862028851328300,10.595328369140624,-0.6689630909144878,-1.1026040987819432,-0.8961572509549558
1788862028861369300,10.605369384765625,-0.12075053197145462,-1.112882623951137,-0.6795636876448988
1788862028871411200,10.6154111328125,0.22893968853354452,-0.5242424852907658,-0.19084741989597678
1788862028881452300,10.625452392578126,0.28814649526178837,0.1016083168670535,0.13015811039186082
1788862028891493400,10.635493408203125,0.10897475398182868,0.4831456280097365,0.3659943261066451
1788862028901535200,10.64553515625,0.3687596626341343,0.6259662452310323,0.5479287005003541
1788862028911576300,10.655576416015625,0.8192144426584244,0.48416240383684633,0.7179289280049502
1788862028921618200,10.6656181640625,1.1370248392999172,0.12058218966722488,0.801312875264883
1788862028931659300,10.6756591796875,1.042336969345808,-0.24760113438367842,0.6474819114685059
1788862028941701000,10.685701171875,0.7156535304188728,-0.4108563446074724,0.3162919549025595
1788862028951742200,10.6957421875,0.19216098671257495,-0.6188330323502421,-0.00014028525352478027
1788862028961784300,10.705784423828124,0.48242403573691844,-0.9789350490152835,-0.27702636816930026
1788862028971825400,10.715825439453125,1.221489421403408,-0.971262468560785,-0.3572386631231755
1788862028981867300,10.7258671875,1.3864724783331155,-0.7821297436282039,-0.25377112825550135
1788862028991908400,10.735908447265626,1.34936936686337,-0.526522705182433,-0.3769623313773423
1788862029001949200,10.74594921875,1.5743869135171173,-0.3374666987478733,-0.6132702105913311
1788862029011991300,10.7559912109375,1.698619442385435,-0.2622026373185217,-0.3408616749484092
1788862029022032400,10.766032470703125,1.0512146878063677,-0.3624957799337804,0.01273804715052247
1788862029032074200,10.77607421875,0.9727315182000398,-0.5591190067522227,0.5377573620326817
1788862029042114800,10.78611474609375,0.6779051067829132,-0.7867380411412567,0.6964619962800294
1788862029052156700,10.79615673828125,0.8994418255835771,-0.88018248690553,0.7507867300551384
1788862029062197800,10.80619775390625,1.6844915483117102,-0.8220738506775349,1.035401397928968
1788862029072239600,10.816239501953126,1.7535422881841658,-0.6163580936040729,1.2744231392115353
1788862029082280700,10.82628076171875,1.0961936472177505,-0.39625528006404637,1.551716524286568
1788862029092321500,10.836321533203124,0.08985387392640114,-0.45618492117412385,1.6780954175338147
1788862029102363600,10.84636376953125,0.5742442413002252,-0.7135330311335623,1.4907228341415524
1788862029112404500,10.856404541015625,2.396269698601961,-0.731331795739755,1.2569330752283334
1788862029122446800,10.86644677734375,2.1422996137082575,-0.5536226012930273,0.8497318921275436
1788862029132487700,10.87648779296875,0.899926978752017,-0.5032743699334562,0.06931479763612151
1788862029142529800,10.88652978515625,0.5685720408827066,-0.3541554197529331,-0.41142720329798754
1788862029152570600,10.896570556640626,1.6383727712154388,-0.3461537169419229,-0.10285846305862069
1788862029162612700,10.90661279296875,2.3731483507335183,-0.17104599196417256,0.1138064849872142
1788862029172653600,10.916653564453124,1.4183376891493797,0.26098372651543467,-0.1668791728746146
1788862029182694700,10.926694580078125,0.3599824819386005,0.309667422196269,-0.477206593349576
1788862029192736500,10.936736572265625,0.3071229984104633,0.22967412202162668,-0.04918211018964648
1788862029202777600,10.946777587890624,0.9263011909365654,0.1540582880125381,0.5030442144393921
1788862029212819500,10.9568193359375,1.2421674677729606,0.20403514704275874,0.5307275364611298
1788862029222860500,10.966860595703125,1.555410994890332,0.2505323289973661,-0.22093802225515244
1788862029232902700,10.976902587890624,1.5825708044946192,0.3140654744921252,-0.5590718796748667
1788862029242943700,10.98694384765625,1.4243413134783505,0.31994981982298193,-0.15948628614433108
1788862029252985600,10.996985595703125,1.3921592917978762,0.3227991813721135,-0.02750460445396602
1788862029263026700,11.007026611328126,1.4536615159869193,0.35203199785817413,-0.2042914233587682
1788862029273067800,11.01706787109375,1.3218816404789686,0.44403190736994147,-0.17126571739576757
1788862029283109600,11.027109619140624,1.1285364124178885,0.7236755088329315,0.06103891752623021
1788862029293150700,11.037150634765625,1.4299135606527327,0.9892703458730131,0.060515551239252084
1788862029303192600,11.047192626953125,2.050871037811041,1.127314177146554,-0.09869381765983998
1788862029313233700,11.057233642578124,2.289602637040615,1.3089210366189479,-0.1420122965130955
1788862029323275500,11.067275634765625,1.8332254812300204,1.3316791041329503,0.04344371266812086
1788862029333316600,11.077316650390625,1.4516191965043543,1.0283208650834859,0.25828677904903885
1788862029343358700,11.087358642578126,1.3805413347184656,0.633457623899728,0.3469321905011311
1788862029353399800,11.09739990234375,0.611233371001482,0.3218530961610377,0.45394225681386885
1788862029363440600,11.107440673828124,-0.15799392869472503,0.1271070613913238,0.6022817470544949
1788862029373482800,11.117482666015626,-0.0756207659125328,0.01317132400125265,0.5814922761997208
1788862029383523600,11.127523681640625,0.4870306527495384,-0.0090245795853436,0.4493102496316656
1788862029393565700,11.137565673828124,0.6203367149114608,0.12984013961702584,0.409738154232502
1788862029403606500,11.1476064453125,0.45560500239431856,0.4010746630445122,0.31174963529780503
1788862029413648600,11.157648681640625,0.577193154233694,0.5962421380966901,0.14139887732248752
1788862029423689700,11.167689697265626,1.1147522172152995,0.6651715896770358,0.12694953274205326
1788862029433731800,11.17773193359375,1.2377882297754288,0.7634335187256336,0.3243001970522105
1788862029443772700,11.187772705078125,0.9842255566388368,0.7940683109641075,0.7014210069268941
1788862029453814800,11.197814697265626,1.0653893436312676,0.6734449125036597,0.8652025060471147
1788862029463855600,11.207855712890625,1.283940909141302,0.553242662064731,0.6469456126347184
1788862029473896700,11.217896728515624,0.9136953918635845,0.38761458522975445,0.6162750914957374
1788862029483938800,11.227938720703126,0.32151392733454703,0.05526742145270109,0.734950351563096
1788862029493979600,11.237979736328125,-0.010487491744756699,-0.3610349136009812,1.0102073354396968
1788862029504021800,11.248021728515624,0.30676059483885765,-0.6797045574203133,1.2761162068650125
1788862029514062600,11.2580625,0.7565186247706412,-0.854745190244913,1.2562825023651123
1788862029524104700,11.268104736328125,0.5682435395807027,-0.879134073831141,1.313240068861842
1788862029534145500,11.2781455078125,-0.05035071557760239,-0.8275096850559115,1.4753316421337426
1788862029544188000,11.28818798828125,-0.47897711015343664,-0.7143330954700708,1.5285789559356868
1788862029554228700,11.298228759765625,-0.6153776311993598,-0.5271633411735296,1.3618977167859672
1788862029564269800,11.308269775390626,-0.774382198241353,-0.39125732564628124,1.0354103849530218
1788862029574311700,11.318311767578125,-0.9094704676449298,-0.3896837927192449,0.6825692992016673
1788862029584352800,11.328352783203124,-0.8272562948167324,-0.5413742373555899,0.5958731951864435
1788862029594394600,11.33839453125,-0.5006055891156196,-0.6879846022486686,0.4848267129644751
1788862029604435700,11.348435791015625,-0.019253566524386406,-0.8499386667460203,0.15236165842879562
1788862029614477600,11.3584775390625,0.20385668520331382,-0.9626409168183803,-0.28284711021203546
1788862029624518700,11.3685185546875,-0.0017909750699996946,-1.0837409928798676,-0.5912236523475498
1788862029634560500,11.378560546875,-0.4321206664323807,-1.1218430522590874,-0.64335708662346
1788862029644601600,11.3886015625,-0.5120996275544166,-1.1354822860330342,-0.570499428748712
1788862029654643700,11.398643798828125,-0.16554712055325507,-1.2264812383413315,-0.4557398808203637
1788862029664684800,11.408684814453125,0.39226796399354935,-1.2501251487791538,-0.36997397032734003
1788862029674726000,11.418725830078126,0.7907762836813926,-1.0394307265102862,-0.4185485065452754
1788862029684767700,11.428767822265625,0.6595926205009222,-0.6874719765514135,-0.5399827829971909
1788862029694808800,11.438808837890624,0.07801905922591686,-0.29580139392912386,-0.6693197953976691
1788862029704850700,11.4488505859375,-0.2802092725217342,-0.1863631140887737,-0.8527154379829763
1788862029714891800,11.458891845703125,-0.27488720071613787,-0.2855816132098436,-1.0157855008982122
1788862029724933600,11.46893359375,-0.40783553548157214,-0.5072668005704879,-1.013590621202439
1788862029734974700,11.478974609375,-0.5108049115687608,-0.9073527448385953,-0.9274623436704278
1788862029745015600,11.489015625,-0.7104799271732568,-1.4490133979201316,-0.6976658921770751
1788862029755057700,11.4990576171875,-1.1254536439716816,-2.009853967767954,-0.32258279867507517
1788862029765098500,11.509098388671875,-1.5453554648220538,-2.3384341802269217,0.1326326290129218
1788862029775140900,11.519140869140625,-1.8363877446532249,-2.254915354540944,0.7827743982072919
1788862029785181700,11.529181640625,-1.8414274923861025,-1.928231331092119,1.3007507357753811
1788862029795223800,11.539223876953125,-1.522629838272929,-1.509746391302347,1.4761062797680495
1788862029805264600,11.5492646484375,-1.0524649801284074,-1.034542954468727,1.1519638305608182
1788862029815306800,11.559306640625,-0.832275584283471,-0.5530360335767269,0.39905137705598026
1788862029825347600,11.56934765625,-0.9600830490291118,-0.18329846582114695,-0.598091053899005
1788862029835389700,11.5793896484375,-1.1683657339811324,0.003097381493449211,-1.4999429362989962
1788862029845430500,11.589430419921875,-1.4038579128980635,0.03988309757709503,-2.032796013546735
1788862029855471600,11.5994716796875,-1.6070003123521803,-0.018332944548130035,-2.0571210381165144
1788862029865513500,11.609513427734376,-1.623549296092987,-0.23285364710688589,-1.7187739032723008
1788862029875554600,11.619554443359375,-1.3842045334011315,-0.624704262471199,-1.1756405472896994
1788862029885596700,11.6295966796875,-1.0489508345276117,-0.8460504271358251,-0.7095240146879106
1788862029895637800,11.6396376953125,-0.6609042876213789,-0.6410749670356511,-0.4451760359037667
1788862029905679600,11.6496796875,-0.3458417283833027,-0.324341259714961,-0.48290422046929593
1788862029915720700,11.659720703125,-0.037131753042340274,-0.15984510951936243,-0.6432715272318571
1788862029925762600,11.669762451171875,0.2771329338163137,-0.0800824214965105,-0.8928921116791665
1788862029935803600,11.6798037109375,0.6583014116466045,-0.06113046826720237,-1.144535726386681
1788862029945844700,11.6898447265625,0.7443027017980813,-0.1233306115925312,-1.191119417580962
1788862029955886600,11.699886474609375,0.498913398244977,-0.3491045295715332,-0.9754143275432288
1788862029965927700,11.709927734375,0.09895312618315219,-0.639946839788556,-0.452871047385782
1788862029975969800,11.7199697265625,-0.17798399280011654,-0.6820546276777982,0.16397397121870888
1788862029986011000,11.730010986328125,-0.4621995783537626,-0.5722527752220631,0.580492853366211
1788862029996052700,11.740052734375,-0.9606745851814746,-0.5521504829138517,0.726584820408374
1788862030006093800,11.75009375,-1.3653385048896074,-0.5760661960303783,0.6843728414922953
1788862030016135700,11.7601357421875,-1.4464824181377887,-0.3273094618707895,0.4809521000208333
1788862030026176800,11.7701767578125,-1.7173375868588685,-0.06747954503297805,0.21903485551495103
1788862030036217600,11.780217529296875,-1.9532482834488152,0.011028759014606475,-0.02995024404041469
1788862030046260500,11.790260498046875,-1.9851152478307483,-0.08743453782498836,-0.19264628601148723
1788862030056301600,11.800301513671876,-1.9207067808061837,-0.37246377784907814,-0.2183596231345087
1788862030066343400,11.810343505859375,-1.6447206789374351,-0.7010217784762383,-0.24141941354144364
1788862030076384500,11.820384521484375,-0.9840607214659451,-0.8493594055533409,-0.10869546211641282
1788862030086426600,11.830426513671876,-0.20484160458743572,-0.5682645823687315,0.355459195827879
1788862030096467500,11.840467529296875,0.1692360381990671,-0.17665420550107955,0.8084494491465389
1788862030106509600,11.850509521484375,0.0397755455493927,0.034732875207066534,1.0710692889638245
1788862030116550400,11.86055029296875,-0.2116343334674835,0.10301555331647395,1.069041363332793
1788862030126591500,11.870591552734375,-0.35521570592820645,0.1192699380248785,0.7591770303249359
1788862030136633300,11.88063330078125,-0.44627661755681036,0.19693886863887308,0.2269590543766506
1788862030146674400,11.89067431640625,-0.4465764772862196,0.36192309461236,-0.3737441730484366
1788862030156716500,11.900716552734375,-0.6285007321447134,0.4402922824501991,-0.805907728774473
1788862030166757600,11.910757568359376,-0.799110396784544,0.29199790999293324,-1.0210123687010257
1788862030176799500,11.920799560546875,-0.6433592785805463,-0.037845454269647597,-1.121000025563687
1788862030186840600,11.930840576171875,-0.08745967226624489,-0.3060328650861978,-1.070423538406193
1788862030196881400,11.94088134765625,0.33297698611319065,-0.4808884967327118,-0.7677530624251813
1788862030206923500,11.950923583984375,0.36822073345184325,-0.6389420466601848,-0.17986637248061596
1788862030216964600,11.960964599609374,0.020204583638906478,-0.7182675123095512,0.5994619403934106
1788862030227006500,11.97100634765625,-0.4624988535612821,-0.8594646199822426,0.9520163546904921
1788862030237047600,11.981047607421875,-1.3343623518675565,-0.9836007027387619,1.011096027907729
1788862030247089700,11.991089599609374,-1.6197697775542734,-1.0383721573680638,0.6839731015849858
1788862030257130500,12.001130615234375,-1.508275149706006,-0.9370359354406594,0.31813721744306384
1788862030267172600,12.011172607421875,-0.9184627523958683,-0.854549375411868,0.27575068567767735
1788862030277213700,12.021213623046876,0.09044190294742584,-0.6411082847833633,0.4293113811653107
1788862030287254500,12.031254638671875,0.5287725299358368,-0.2763105115175247,0.8412374738961458
1788862030297296600,12.041296630859375,0.40485330480039117,0.10399550426453351,1.0457144098896534
1788862030307337500,12.05133740234375,-0.223220726364851,0.24945523781776427,1.0782651187520473
1788862030317379600,12.061379638671875,-0.4468482799649238,0.268312790761888,0.9982160880684852
1788862030327420400,12.07142041015625,0.004984802675247192,0.25731676497310396,0.7397706113263964
1788862030337462500,12.081462646484376,0.4607271677136421,0.30395488976836205,0.3595861395647749
1788862030347503400,12.09150341796875,0.4931266315370798,0.3335156230345368,-0.041715537168644366
1788862030357545700,12.101545654296874,0.46262569481134413,0.17837094629108904,-0.3577837663179263
1788862030367586600,12.111586669921875,0.2498456984400749,-0.23036767551004886,-0.5238422339268028
1788862030377627600,12.121627685546875,0.6489087294012308,-0.7426616565927863,-0.6234788853947073
1788862030387669500,12.13166943359375,1.3174106325447559,-0.9801870949029922,-0.6227545897081493
1788862030397710600,12.141710693359375,1.1489923404693603,-0.7984767750561237,-0.45781449513733385
1788862030407752400,12.15175244140625,0.42003859897255896,-0.7755027267038822,-0.1055582966018468
1788862030417793500,12.16179345703125,0.421909069019556,-0.9076485129147768,0.10230002545826136
1788862030427835400,12.17183544921875,0.7549643810659646,-0.9588979308977723,0.19117270632758734
1788862030437876500,12.18187646484375,0.8864216004908084,-1.1924714167118071,0.36820597427412866
1788862030447917600,12.19191748046875,0.9532879820615052,-1.4723647551521657,0.5519990917444229
1788862030457959400,12.20195947265625,0.8081640563338994,-1.4679269188351929,0.859909075814113
1788862030468000500,12.21200048828125,0.33376609066426755,-1.3681659834004938,1.1551814774330704
1788862030478042600,12.222042724609375,-0.009596680384874344,-1.3642548013061284,1.21268031119965
1788862030488083700,12.232083740234375,0.03164601510763168,-1.1853935872800647,0.9274187967896461
1788862030498125600,12.24212548828125,0.4124503358006477,-0.7647713432006538,0.8207376336377114
1788862030508166700,12.252166748046875,0.7306044313132762,-0.21950667427778242,0.7665892793428153
1788862030518208500,12.26220849609375,1.1072516323268413,0.010288608171790838,0.8479267424017191
1788862030528249600,12.27224951171875,1.379336050581932,-0.032946795507892965,0.6362975235007703
1788862030538290400,12.28229052734375,1.731870554602146,-0.10899681968316435,0.16654394957087934
1788862030548332500,12.29233251953125,1.9490689519375561,-0.1837321079980582,-0.00039155660085380073
1788862030558373400,12.302373291015625,2.1439023727297783,-0.1517755656365305,-0.18111337686702608
1788862030568415500,12.31241552734375,2.333204462879896,-0.041638234148733314,-0.28662089312970634
1788862030578456300,12.322456298828126,2.221660150671005,0.16197507075276224,-0.13047975269481538
1788862030588498700,12.332498779296875,1.9842367114305495,0.16151954553760586,-0.006509966415911912
1788862030598539500,12.34253955078125,1.3002233509004115,-0.15550072363950312,0.011907441545277833
1788862030608580600,12.35258056640625,1.092404776328802,-0.7328935651637614,-0.18122049050331115
1788862030618622500,12.36262255859375,1.7527905930340288,-0.7602574459727853,-0.2787733944997191
1788862030628663600,12.37266357421875,1.7707658101856707,-0.37957857829034325,-0.030731895937398074
1788862030638705400,12.382705322265625,1.541151583391428,-0.2538810914359987,0.5302580923184752
1788862030648746500,12.39274658203125,2.4432144051283595,-0.15068347781719638,0.874451249777153
1788862030658788400,12.402788330078126,2.4817396583557128,0.3288876344403252,0.6119214263308793
1788862030668829400,12.412829345703125,1.3200117549538612,0.6053546151611954,0.18561214959099887
1788862030678871300,12.422871337890625,0.996399978557229,0.5305495495457202,0.197062568083778
1788862030688912600,12.43291259765625,2.1441046173036096,0.4508112653117627,0.7159558013010769
1788862030698953700,12.44295361328125,2.6848043163985014,0.120973855865933,0.8630190245281905
1788862030708995600,12.45299560546875,2.023249455913901,-0.42616245214771475,0.5324504877962172
1788862030719036700,12.46303662109375,0.8010124310135841,-0.7459014422316104,0.18604586483314633
1788862030729078500,12.47307861328125,0.6827203981101513,-0.7364397133380174,0.04892718558050692
1788862030739119600,12.48311962890625,1.389955644273758,-0.37593152702488003,0.09582892974801362
1788862030749161500,12.493161376953125,1.6203367637872694,0.16240860333181917,0.17170293976925313
1788862030759202600,12.50320263671875,0.9444728074431419,0.5404080226719379,0.47775319438166913
1788862030769243400,12.513243408203126,1.0714771391123532,0.7482889949552715,0.7539476052388548
1788862030779285500,12.523285400390625,2.029586842241883,1.0615771649319679,0.7060229477643967
1788862030789326300,12.533326416015624,1.9953245071560144,1.3984528389841318,0.4086170777807012
1788862030799368700,12.54336865234375,1.3158897065877915,1.5289736543416976,0.07603135600741952
1788862030809409500,12.553409423828125,1.24453711951375,1.323105190924555,-0.461351656287536
1788862030819451600,12.56345166015625,0.8358651332080363,0.8372660860471427,-0.837071074931696
1788862030829492500,12.573492431640625,0.06929273193478584,0.2731304201766848,-0.9465790590073913
1788862030839533600,12.583533447265625,-0.2520002461254597,-0.3021967940546572,-1.0580291901268064
1788862030849575400,12.593575439453126,-0.43343993233740324,-0.8873064205013215,-0.9227169027090072
1788862030859616500,12.603616455078125,-0.29124504579901694,-1.3158824000641702,-0.5175247578756883
1788862030869658400,12.613658447265625,0.4565887527346611,-1.3213368660777807,-0.031367636557668443
1788862030879699500,12.623699462890626,0.9410755662202834,-0.930634251704812,0.32985235128663476
1788862030889741300,12.6337412109375,0.8582967452466488,-0.3718988374426961,0.4146637740664184
1788862030899782400,12.643782470703124,0.7265583707928657,0.06326163507699967,0.29736678008232265
1788862030909824500,12.653824462890626,0.9521388120263814,0.5383011135205626,0.22528109296076
1788862030919865600,12.663865478515625,1.4973323154091833,0.9104273299783467,0.1564907758564688
1788862030929906700,12.67390673828125,1.6991186240792273,1.0497118820279836,0.14742776395687832
1788862030939948500,12.683948486328125,1.1874842759490012,0.9421770977213978,0.23957707361038774
1788862030949989600,12.69398974609375,0.7137672782808542,0.5714852979809045,0.5874376310028135
1788862030960031500,12.704031494140626,0.8145920435547829,0.1341489427268505,1.0551453783188014
1788862030970072600,12.714072509765625,0.9294190306961536,-0.29439298843592404,1.3517469096496701
1788862030980114400,12.724114501953125,0.5062041397750378,-0.5960170971691608,1.4534505035847425
1788862030990155500,12.734155517578126,-0.23178864822387693,-0.691883655513823,1.4779066071882843
1788862031000196400,12.7441962890625,-0.8929624004364013,-0.7123638412237167,1.3927509740807116
1788862031010238500,12.754238525390624,-1.1254179881364106,-0.747149323400855,1.1876125785037874
1788862031020279300,12.764279296875,-0.943497240409255,-0.7186544658005237,0.8695838629364967
1788862031030321700,12.77432177734375,-0.8057225084006786,-0.5951987665235996,0.4656979418635368
1788862031040362200,12.7843623046875,-0.6970715795457363,-0.5126373876929283,0.10326909881928004
1788862031050404000,12.794404052734375,-0.7442670459628105,-0.3936743236601353,-0.05826153436792083
1788862031060445200,12.804445068359374,-0.7771779664397239,-0.23053075711727142,-0.033223530090041455
1788862031070486000,12.814486083984375,-0.7843067954063415,-0.2130599823564291,0.005845218896865845
1788862031080528400,12.8245283203125,-0.7049789916694164,-0.4863689739704132,-0.13222493412801994
1788862031090569200,12.8345693359375,-0.7263502810001373,-0.8463263214677572,-0.32135340301059184
1788862031100611300,12.844611328125,-0.6067921736836434,-1.2539976062983273,-0.5193550055101513
1788862031110652200,12.854652099609375,-0.5892196921139955,-1.6442343567252158,-0.5720181262159719
1788862031120694300,12.8646943359375,-0.7436065362274646,-1.998368697157502,-0.41698370491396636
1788862031130735000,12.874735107421875,-0.8567600371986627,-2.093135477566719,-0.1682301125595346
1788862031140776200,12.884776123046874,-0.841800368475914,-2.02858614076674,0.07081164859775453
1788862031150818000,12.894818115234376,-0.6961988883644342,-1.774133240792155,0.3550681872162968
1788862031160859100,12.904859130859375,-0.5265875871121883,-1.4338193359196185,0.5745198068385944
1788862031170901000,12.91490087890625,-0.47145139082372184,-0.9884230083286761,0.6524314236346632
1788862031180942000,12.924942138671875,-0.5453162529796362,-0.5349626167476177,0.5679139057675376
1788862031190984200,12.934984130859375,-0.7186854454606771,-0.1366588797211647,0.4089933637471869
1788862031201025300,12.945025390625,-0.9715437697201966,0.1519815365374088,0.29227172196563334
1788862031211066400,12.95506640625,-1.0197831922322511,0.33851825362741944,0.17703914969805626
1788862031221108200,12.965108154296875,-1.0317577076643705,0.3522060027182102,0.0526690389899537
1788862031231149300,12.9751494140625,-1.0018711034446954,0.05596797093749046,-0.002767309288866818
1788862031241191200,12.985191162109375,-0.9550941547006369,-0.42654900377988814,-0.07735274080429226
1788862031251232300,12.995232177734374,-0.9312415699481964,-0.9735808285057544,-0.17038451411444694
1788862031261274000,13.005274169921876,-1.0215087008506059,-1.36106272726655,-0.30283965853545813
1788862031271315200,13.015315185546875,-1.1480927612811327,-1.4635329216599464,-0.43812838241457935
1788862031281356000,13.02535595703125,-1.2211106512188912,-1.2989438324838876,-0.46866197930090125
1788862031291398400,13.0353984375,-1.099353572553396,-0.9512199436157941,-0.31036490294113755
1788862031301439200,13.045439208984375,-0.635111090195179,-0.5139040466278791,-0.002821286232117563
1788862031311481300,13.0554814453125,-0.18808160844445226,-0.1852835021585226,0.3120559247680008
1788862031321522200,13.065522216796875,0.13657763117849825,-0.186791568633914,0.2936694051354192
1788862031331564300,13.075564208984375,0.27400281909704205,-0.43513095416426656,0.06681377460062503
1788862031341605000,13.085605224609376,0.18365794678330422,-0.7300994044005871,-0.15772205295078456
1788862031351646200,13.095646240234375,-0.11294424213469027,-1.08561964623332,-0.36222050665635613
1788862031361688000,13.10568798828125,-0.4178402121454477,-1.3828110332161188,-0.5826808649297803
1788862031371729200,13.115729248046875,-0.6067588559359312,-1.4059984320580958,-0.6630016982920467
1788862031381771000,13.12577099609375,-0.6054986267417669,-1.223751521116495,-0.6615031302973627
1788862031391812000,13.13581201171875,-0.571333322289586,-1.008988826495409,-0.6411987395457923
1788862031401854200,13.145854248046875,-0.5285778841465711,-0.7336591427087783,-0.46078624095711856
1788862031411895300,13.155895263671875,-0.3956704659134149,-0.509303274834156,-0.31713600451126694
1788862031421937200,13.165937255859374,-0.12595979105234145,-0.3089958065450191,-0.2975535713586956
1788862031431978200,13.175978271484375,-0.2008072345048189,-0.13110533724725246,-0.37465759809892624
1788862031442019300,13.186019287109374,-0.5192395624369383,-0.10151683919131756,-0.39314456416498866
1788862031452061200,13.196061279296876,-0.5893138001382351,-0.19736323153078555,-0.3694011754080653
1788862031462102300,13.206102294921875,-0.6164677645236253,-0.40535482458174227,-0.24491204143017528
1788862031472144100,13.21614404296875,-0.8319611115068197,-0.6827782657772302,-0.05304296403599437
1788862031482185200,13.226185302734375,-1.0895984867364168,-0.8695932152867316,0.11681175861726514
1788862031492227000,13.23622705078125,-1.4258628239572047,-0.9209469704270362,0.24950055653052403
1788862031502268200,13.24626806640625,-1.5964631362468003,-1.011603392907977,0.2800148093955591
1788862031512309000,13.25630908203125,-1.631542632934451,-0.9725134915351867,0.2312063182912767
1788862031522351400,13.266351318359375,-1.6855518710196018,-0.8100795345664024,0.2623980868253857
1788862031532392200,13.27639208984375,-1.4172621688723563,-0.6978349651336669,0.24598425550526007
1788862031542434300,13.286434326171875,-1.0029033691018818,-0.5921656824380159,0.27707004291424525
1788862031552475100,13.29647509765625,-0.6859633255541324,-0.4176362140059471,0.2666412956194021
1788862031562517200,13.306517333984376,-0.4342226071476936,-0.16961130125224588,0.29125746688917276
1788862031572558000,13.31655810546875,-0.14809914214611053,-0.02882452794611454,0.24027892000311984
1788862031582599200,13.32659912109375,0.2450666474699974,-0.03167173407077789,-0.012192304634954779
1788862031592641000,13.33664111328125,0.7537935837209224,-0.01694528958201408,-0.34598818764928724
1788862031602682000,13.34668212890625,1.319273503807187,0.20286708964407443,-0.5818681603074073
1788862031612724000,13.356723876953126,1.2131740130007267,0.4889852939486503,-0.6537221940975636
1788862031622765000,13.36676513671875,0.4566027812600136,0.6673702687650919,-0.5238922105483711
1788862031632807200,13.37680712890625,-0.7145949612766503,0.4923872113466263,-0.17237238172972574
1788862031642848300,13.38684814453125,-1.6024445487439631,0.0042120647370815275,0.09950358140645549
1788862031652889300,13.396889404296875,-2.1308955916404724,-0.7552122183471918,0.15505979320527985
1788862031662931200,13.40693115234375,-2.037423527216911,-1.3559241953343153,0.284350372648146
1788862031672972300,13.41697216796875,-1.450972715294361,-1.3927823921322822,0.6006659458883107
1788862031683014100,13.42701416015625,-1.0945102241754532,-1.0444921015530824,1.0664382681623101
1788862031693055200,13.43705517578125,-0.9675105686813592,-0.5536316613823176,1.361981887938082
1788862031703097000,13.44709716796875,-1.1508090345025062,0.06476385633349419,1.503069690017402
1788862031713138200,13.45713818359375,-1.2625614365041256,0.33740123229622837,1.2604349458694457
1788862031723179000,13.467178955078126,-0.7968506351590157,0.3700982177615165,0.7171815437037498
1788862031733221400,13.477221435546875,0.12590250790715216,0.4522656288385391,0.4026824270347133
1788862031743262200,13.48726220703125,0.7874678897857665,0.501884230749309,0.27700375447869297
1788862031753304300,13.49730419921875,0.9096259504675864,0.5551292064636946,0.10087750010816379
1788862031763345200,13.50734521484375,0.42673195913136003,0.40938656431585546,-0.09035871817599982
1788862031773387300,13.51738720703125,-0.04530862975716591,0.045532209379971024,-0.324393574424088
1788862031783428000,13.527427978515625,0.02774608505964279,-0.32937545448988675,-0.41831586683318017
1788862031793469200,13.53746923828125,0.7948480631649494,-0.5454197133541107,-0.15607304363474248
1788862031803511000,13.547510986328126,1.5450900918841362,-0.7457797886133194,0.16730762741975486
1788862031813552000,13.55755224609375,1.3284428986907004,-0.9013231092855334,0.3664416680153459
1788862031823594000,13.567593994140625,1.1654653363645076,-1.0434504835456608,0.3391187037386
1788862031833635000,13.577635009765626,1.2829530671477316,-0.9012515053540467,0.2890716472826898
1788862031843677200,13.58767724609375,1.421487093091011,-0.6773974495217203,0.22941665839552877
1788862031853718300,13.59771826171875,1.1769722342848776,-0.6092220311790705,0.1453115572541952
1788862031863759400,13.60775927734375,1.0196791473358868,-0.7434992764607071,-0.09974252299517393
1788862031873801200,13.61780126953125,1.6463596783161163,-0.8870099217727779,-0.10097601031288504
1788862031883842300,13.62784228515625,2.1100667386233805,-0.9251780321255326,0.14532865451946853
1788862031893884200,13.63788427734375,1.550599795216322,-0.7438204712390899,0.45689643044434486
1788862031903925200,13.64792529296875,1.2691653648138046,-0.6508847056493162,0.5185850440509617
1788862031913967000,13.657967041015626,0.9805974292695522,-0.4347941234253347,0.531730941350013
1788862031924008200,13.66800830078125,0.4047089278936386,-0.5077100142933428,0.8601816091451794
1788862031934049000,13.678049072265624,0.9596773908376693,-1.1298263060979545,1.2764298028588295
1788862031944091100,13.688091064453126,0.9287234496474266,-1.3719621608130632,1.0961705586031079
1788862031954132000,13.698132080078125,0.6113643039047718,-1.2442954197123646,0.3990855350539088
1788862031964174300,13.70817431640625,1.1517711575329304,-0.7588081239473075,-0.17554025290980935
1788862031974215200,13.718215087890625,1.9465882410377262,-0.3915877997096628,-0.38072270682416853
1788862031984257300,13.72825732421875,1.9522773925900458,-0.18237207169122993,-0.253294815980643
1788862031994298000,13.738298095703126,1.9962024590343235,-0.23397015698142348,-0.41137729974165554
1788862032004339200,13.748339111328125,2.268888350313902,-0.3180857064515352,-0.24839944515451787
1788862032014381000,13.758381103515624,2.304897236806154,-0.5322598971275613,0.0008824819229543209
1788862032024422100,13.768422119140626,1.742551523092389,-0.47727750316131856,0.18545447481125593
1788862032034464000,13.778464111328125,1.597623412197828,-0.07686930466890335,0.1985315446577966
1788862032044505300,13.78850537109375,1.6517770271897314,0.07649623357281088,-0.08779723365753889
1788862032054547200,13.798547119140625,2.1050047790586945,0.19023032917724922,-0.4212743513125926
1788862032064588300,13.80858837890625,2.2672890984237193,0.2528368613463826,-0.6404127037346363
1788862032074629400,13.81862939453125,2.191822646290064,0.27221297653820364,-0.6737404613841325
1788862032084671500,13.82867138671875,2.551518712502718,0.21585476417411117,-0.1766202301662415
1788862032094712600,13.838712646484375,2.1151719528079034,-0.12287508637737482,0.37996655469462276
1788862032104754400,13.84875439453125,1.22556996871531,-0.30237675373144446,0.37909722451418637
1788862032114795500,13.85879541015625,1.286271982437372,-0.07156538957450538,-0.08926409133970736
1788862032124837400,13.86883740234375,0.976159154561162,0.15337700948379934,-0.15527268703728914
1788862032134878500,13.87887841796875,0.9307646000862121,0.027738632405549288,0.16309249394275246
1788862032144919300,13.888919189453125,1.9903075557768344,0.16001111373603344,0.5840014460090548
1788862032154961400,13.89896142578125,2.3814976614058017,0.5520487761050462,0.5548901370108127
1788862032165002200,13.909002197265625,1.964127404859662,0.8659670606788248,0.005531915163993835
1788862032175044400,13.91904443359375,1.3895084850281476,1.193479863101989,-0.6091911245841533
1788862032185085200,13.929085205078126,1.1177134051084519,1.372667678733915,-0.4803417495701462
1788862032195127600,13.93912744140625,1.2135019297808407,1.183282001953572,0.09420030563287436
1788862032205168400,13.94916845703125,1.6900129420816898,0.847524006819725,0.29001988791823385
1788862032215209500,13.95920947265625,1.921489455616474,0.6489975767284631,0.19410192817989735
1788862032225251300,13.969251220703125,1.3813514820575714,0.647326720906794,-0.2139890433674678
1788862032235292400,13.97929248046875,1.2543226004689931,0.8017058201052248,-0.7095091824449599
1788862032245334300,13.989334228515625,1.0426169553309679,1.0111980269774794,-0.8136183762170374
1788862032255375400,13.999375244140625,0.34781741237044334,1.1271036031357944,-0.5907365629503503
1788862032265417200,14.009417236328124,-0.14887714078128336,0.904268515087664,-0.18072496207132935
1788862032275458300,14.019458251953125,-0.0851584095865488,0.5649500509932637,0.2593069158770144
1788862032285499400,14.02949951171875,0.18747604376673696,0.3361743208497763,0.5545347477018833
1788862032295541200,14.039541259765626,0.11385668080449103,0.19054624499231576,0.6619819267902523
1788862032305582300,14.049582275390625,0.11539748050570488,0.1632107865601778,0.6943872358325869
1788862032315624400,14.05962451171875,0.7047475210011005,0.25805706194639205,0.6082689317053184
1788862032325665500,14.06966552734375,0.9530845684438943,0.3825485340118408,0.4770305791955441
1788862032335707400,14.079707275390625,0.46756490477919577,0.4010352078169584,0.26931025910032913
1788862032345748500,14.08974853515625,-0.13156652501821517,0.3006771832719445,0.24932651513786985
1788862032355789300,14.099789306640625,-0.20171967317461967,0.058145022715628145,0.4911424719825387
1788862032365831400,14.10983154296875,-0.007907996645569801,-0.29281156446337697,0.8477930330194532
1788862032375872300,14.119872314453126,-0.03610533260405063,-0.5649293004661798,1.1326026389434933
1788862032385914400,14.129914306640625,-0.22612053945958613,-0.7335825703412294,1.1948122807495296
1788862032395955200,14.139955078125,-0.2631085001170635,-0.7517004108339548,1.0226501990359276
1788862032405996300,14.149996337890625,-0.33492753565907474,-0.5815899278879165,0.701782460650429
1788862032416038400,14.160038330078125,-0.5329805030196905,-0.3473404425084591,0.3393798023601994
1788862032426079200,14.170079345703124,-0.7020183882981539,-0.2293587907284498,0.0639741444276413
1788862032436121300,14.180121337890625,-0.678809946668148,-0.15708850428760052,-0.022276101816492155
1788862032446162400,14.190162353515625,-0.3762608320444822,-0.2277127770870924,-0.07431602628978434
1788862032456204300,14.200204345703124,0.020487492233514783,-0.4422755652219057,-0.25133520634546874
1788862032466245400,14.210245361328125,-0.033874212551116945,-0.7271037297159433,-0.5005991959074512
1788862032476286500,14.220286376953124,-0.3876549172401428,-0.9493523961782455,-0.6346496832285076
1788862032486328300,14.230328369140626,-0.4163292230606079,-1.0618243446260691,-0.6647102557756006
1788862032496369400,14.240369384765625,-0.1881505820274353,-1.0395090524435042,-0.7422492033343762
1788862032506411300,14.250411376953124,-0.14427753803133964,-1.0773656126290558,-0.9455968430370092
1788862032516452400,14.260452392578125,-0.28994682268202304,-1.0514075800299645,-1.139589429090917
1788862032526494500,14.270494384765625,-0.5460527505606413,-0.9402543129652738,-1.15704727130495
1788862032536535600,14.28053564453125,-0.5526718764394521,-1.0479770210593937,-1.0160716243632137
1788862032546576400,14.290576416015625,-0.4939408705294132,-1.2545493949621915,-0.737005165201053
1788862032556618500,14.300618408203125,-0.47133916262090203,-1.3565671694129704,-0.48342670997343956
1788862032566659300,14.310659423828126,-0.47098728044331073,-1.2846464270621538,-0.23028858239185063
1788862032576701400,14.320701416015625,-0.5495961222559214,-1.0948007315546273,0.012751509420294314
1788862032586742500,14.330742431640624,-0.7480939107745885,-0.9423556691586971,0.06843452593656256
1788862032596784400,14.340784423828126,-0.8744020768731832,-0.7528940045326947,0.06223313227947801
1788862032606825500,14.350825439453125,-0.8927852903038263,-0.7119155129343271,0.012963453404232859
1788862032616866300,14.3608662109375,-1.2468021418362856,-0.8687807298600673,-0.12391917033651843
1788862032626908400,14.370908447265625,-1.9965970113098621,-1.102716326984763,-0.25364655202776193
1788862032636949200,14.38094921875,-2.2731372399300334,-1.1856652438282966,-0.2555815204120241
1788862032646991600,14.39099169921875,-1.9503163216501473,-1.0845172379493713,-0.38976489513143897
1788862032657032400,14.401032470703125,-1.688863772046566,-0.7999246357768773,-0.5840678623087704
1788862032667074600,14.411074462890625,-1.604533629977703,-0.512376690930128,-0.8175877182394266
1788862032677115400,14.421115478515626,-1.3093413078576326,-0.38747897615134713,-1.081814920188114
1788862032687156500,14.431156494140625,-1.051712115934491,-0.192798700094223,-1.0369863290328531
1788862032697198300,14.4411982421875,-1.173165243217349,-0.20472177760004995,-0.5231644442630932
1788862032707239400,14.451239501953125,-1.095758178409934,-0.6212959153324366,0.08057651602323167
1788862032717281300,14.46128125,-0.7097825925588608,-0.8601613700747489,0.33528803953453895
1788862032727322400,14.471322265625,-0.5923404544830322,-0.8196376365065574,0.20552706610094754
1788862032737364200,14.4813642578125,-0.6584294219404458,-0.7738602201938629,-0.11654767345413565
1788862032747405300,14.4914052734375,-0.7210153497129679,-0.8195061190813779,-0.5209428957561031
1788862032757446400,14.5014462890625,-0.8493459615498781,-0.9805834007441997,-0.8473615097343922
1788862032767488500,14.511488525390625,-0.9000473902612924,-1.102252216604352,-0.9263754252165556
1788862032777529600,14.521529541015624,-0.8565905258506537,-0.9591402152210473,-0.752615772113204
1788862032787571500,14.531571533203126,-0.7424334007948636,-0.518958407407999,-0.4800986249966547
1788862032797612500,14.541612548828125,-0.7807967414587735,-0.093811671641469,-0.2498662115051411
1788862032807654400,14.551654296875,-0.9687205289930104,0.28015958816111086,-0.12539227509638293
1788862032817695500,14.561695556640625,-1.1365437777847052,0.3158767982304096,-0.38706034888047725
1788862032827736300,14.571736328125,-1.165136250540614,0.019196867901086805,-0.9298454394146799
1788862032837778400,14.5817783203125,-1.445655904185772,-0.49276072083413597,-1.2659765056446195
1788862032847819300,14.5918193359375,-1.6464362506836652,-0.9799071089178323,-1.1484455933067947
1788862032857861400,14.601861328125,-1.3952134186714886,-1.4815928944855927,-0.5774656875647605
1788862032867902200,14.611902099609376,-0.9710206226289272,-1.9288006554126738,0.266207708241418
1788862032877943300,14.621943359375,-0.5302028549998998,-1.6682991229236126,0.9335583955232053
1788862032887985400,14.6319853515625,-0.5799006596267223,-0.7272609661042689,1.498919438470155
1788862032898026500,14.642026611328125,-0.7379290751129388,0.22562837202847003,1.7637533010751008
1788862032908068400,14.652068359375,-0.5550608174026012,0.8482938221484422,1.4789381421931087
1788862032918109400,14.662109375,-0.5595037682861089,0.942950712442398,0.650509954052791
1788862032928151300,14.6721513671875,-0.5038543617784976,0.7416787830352782,-0.30465699188942086
1788862032938192400,14.6821923828125,-0.25687515868544575,0.5415577772289514,-0.9466307161293923
1788862032948233500,14.6922333984375,0.2258347082555294,0.2324228544741869,-1.2192337514311073
1788862032958275300,14.702275390625,0.46542906179428095,-0.20509061091244218,-1.1353533258911221
1788862032968316400,14.71231640625,0.050666357398033136,-0.8479653208464384,-0.8328736963070928
1788862032978358300,14.722358154296876,-0.49149055476784703,-1.5640356153726578,-0.4978847493169829
1788862032988399400,14.7323994140625,-0.6894020678311586,-1.9657856934607028,0.025287019736040382
1788862032998441500,14.74244140625,-0.9954559757053851,-1.9762270079761743,0.7136603107750416
1788862033008482600,14.752482666015625,-1.3413035493075847,-1.8070196113497017,1.2265633636668323
1788862033018523400,14.7625234375,-1.8688690415412186,-1.626503469723463,1.6024755284041166
1788862033028565500,14.7725654296875,-2.463128481388092,-1.6931091545313597,1.6851798228368162
1788862033038606300,14.7826064453125,-2.069254251241684,-1.6222937430739401,1.3769915332823992
1788862033048648000,14.79264794921875,-1.1224889489471912,-1.3672092671975493,0.7701011599212885
1788862033058688800,14.802688720703125,-0.5175076240777969,-1.056313472250104,0.35727468428462744
1788862033068731000,14.81273095703125,-0.31269466106295585,-0.8494941378489136,0.11137010641945526
1788862033078771700,14.822771728515624,-0.28655659572184083,-0.641403468337655,-0.02981434270106256
1788862033088812800,14.832812744140625,-0.33813130013644693,-0.6866805339127778,-0.02842179236412048
1788862033098855000,14.84285498046875,0.7129489476352929,-0.4770353284358978,0.03071552932448685
1788862033108896000,14.85289599609375,2.4009406130224464,0.381518606442213,0.016405922008305786
1788862033118937900,14.862937744140625,2.827403107562661,1.460856980448961,-0.04457235137186944
1788862033128979000,14.87297900390625,2.3839795413494107,2.220082526090741,-0.28922628985513
1788862033139020800,14.883020751953126,2.049841110241413,2.382709375283122,-0.6937297948371619
1788862033149062000,14.893061767578125,1.4200538454174993,1.9513012410342692,-1.06968353369385
1788862033159103000,14.90310302734375,0.5584206492245197,0.9037652417406439,-1.1820283486306666
1788862033169144800,14.913144775390625,-0.4527753319263458,-0.40439620868265624,-0.8215497537381946
1788862033179186000,14.92318603515625,-0.6409019485563039,-1.7278396916508674,-0.19427410640902817
1788862033189227800,14.933227783203124,0.08104746713638306,-2.7122213156342503,0.29207002538107335
1788862033199268900,14.943268798828125,1.0470797799587248,-2.9621164061740037,0.7610435548491775
1788862033209311000,14.95331103515625,1.3903519501149653,-2.420062662121653,1.1870456653360277
1788862033219352000,14.96335205078125,1.4125895008862017,-1.5411474917382002,1.3673901767224073
1788862033229393000,14.973392822265625,0.9996119263410568,-0.6282802212618291,0.5871874556340276
1788862033239435000,14.98343505859375,1.328251760032773,0.10257394702881574,-0.40819063252955673
1788862033249475800,14.993475830078125,2.0160960770279166,0.39818522521331906,-0.7127599278692156
1788862033259518000,15.00351806640625,2.1786615514218806,0.39501295185275376,-0.7793735767878591
1788862033269558800,15.013558837890624,1.9303823716461657,0.3783559776928276,-0.7175005465250461
1788862033279599900,15.023599853515625,1.7471639853239058,0.16910948920994995,-0.3365553560566157
1788862033289642000,15.03364208984375,1.593552801758051,0.0582675896493718,0.16103315026015042
1788862033299682800,15.043682861328126,1.1834072357684373,-0.2188362276703119,0.7595411874622107
1788862033309725000,15.053724853515625,1.279407357364893,-0.3700323129184544,0.9693191524732857
1788862033319766000,15.06376611328125,0.5858931780397891,-0.13511546793775633,0.9407246338907629
1788862033329808000,15.073807861328126,-0.23724866719543933,-0.01866108052395284,1.1883335862547157
1788862033339849000,15.083848876953125,-0.11325403873622417,-0.22306292372094466,1.3219837856791912
1788862033349890000,15.09389013671875,0.30587095252275465,-0.49186110511329023,0.7451200095303356
1788862033359932000,15.103931884765625,0.21014789430201053,-0.42556262309104204,-0.11777509635724126
1788862033369973000,15.113972900390625,1.3075064936459064,-0.5181338296847418,-0.09364815164282918
1788862033380014800,15.124014892578124,3.374983798342943,-1.0517060515198855,0.07177797287926077
1788862033390056000,15.134055908203125,3.354110521662235,-1.5748470783747732,-0.4564725790090859
1788862033400097800,15.144097900390625,2.8900983409285543,-1.218533859533444,-0.7259108666695654
1788862033410139000,15.154138916015626,2.7171464970767496,-0.4803966215625405,-0.47850057868286966
1788862033420180000,15.164179931640625,2.713893048238754,0.03176418899404816,-0.4687486346710473
1788862033430222000,15.17422216796875,2.392664367586374,0.5477006638981402,-0.6392047161843627
1788862033440263000,15.184262939453125,3.0694962921798226,0.9193843972854315,-0.46000382187515493
1788862033450305000,15.194304931640625,3.9069852271974086,1.0864357849217952,0.6024265258200466
1788862033460345900,15.204345947265624,4.0406408334493635,1.1116858153820037,1.6042444377727805
1788862033470388000,15.214387939453125,3.7445021703898904,1.0672137825794517,1.3795230975866317
1788862033480429000,15.224428955078125,3.034281186413765,0.8858826713085174,0.4335067139633
1788862033490470000,15.234469970703126,2.0226035592257974,0.79022851360552,-0.030782822407037017
1788862033500512000,15.244511962890625,1.6121020194053648,0.930118191941455,-0.01883672935180366
1788862033510552800,15.254552734375,1.4623802444934844,0.8138347954466939,0.06518785389922559
1788862033520595000,15.264594970703126,1.3472726868450642,0.49039720657318825,0.18791684633679687
1788862033530635800,15.2746357421875,1.0583768345206976,0.25303791861012576,0.008111337197944522
1788862033540678100,15.28467822265625,0.4823492169350385,0.11868380869999527,-0.3683224767932668
1788862033550719000,15.294718994140625,0.3741606448948383,0.08112856954857707,-0.6127573291657492
1788862033560760000,15.304760009765625,0.723182172358036,0.16911913382112978,-0.48850346524845806
1788862033570802000,15.314802001953124,1.135428510019183,0.21029241733923554,-0.20613464007265864
1788862033580843000,15.324843017578125,0.8595423613935709,0.23716581121757624,-0.10461082315128296
1788862033590884900,15.334884765625,0.32635844475626946,0.23144231900423765,-0.1349813018977642
1788862033600926000,15.344926025390626,0.5277554618477821,0.09132862265408039,-0.2299224524931982
1788862033610967000,15.354967041015625,0.6720271546602249,-0.12398761419653892,-0.22949898465042934
1788862033621009000,15.3650087890625,0.01390460671186447,-0.2646937234818935,-0.08891704973401501
1788862033631050000,15.375050048828125,-0.3260229291915893,-0.37584991315603256,-0.011235277904756367
1788862033641091800,15.385091796875,-0.07117839955091476,-0.5382265869796276,-0.12304283502656034
1788862033651133000,15.3951328125,-0.11136427946686744,-0.8152683353811502,-0.12341732176160439
1788862033661175000,15.405175048828125,-0.28317864372134205,-1.0105690814241766,0.21198013296416027
1788862033671216000,15.415216064453125,0.0321112945318222,-0.9418924355611205,0.5869615379236638
1788862033681257000,15.425257080078126,0.37892449829578395,-0.7233133975222706,0.6819601543273777
1788862033691299000,15.435299072265625,0.17694179027080534,-0.4611626365214586,0.5977420943308621
1788862033701340000,15.44533984375,-0.20910452272891997,-0.0010974398478865624,0.4416697813484817
1788862033711382000,15.455382080078126,-0.37545769896805287,0.4208791414499283,0.252056506357342
1788862033721422800,15.4654228515625,-0.3709580494612455,0.58182607473135,0.02008284782222472
1788862033731465000,15.47546484375,-0.3680488840162754,0.5520365011453628,0.010080646243225782
1788862033741505800,15.485505859375,-0.22486323287487028,0.4511889395177364,0.3647106064390391
1788862033751547000,15.495546875,-0.03185819655358791,0.12245675136744975,0.5925682718895375
1788862033761588700,15.505588623046876,-0.1619815370261669,-0.38586978738904,0.4433749047659337
1788862033771629800,15.5156298828125,-0.713135410118103,-0.9185124367564916,0.051059302238374946
1788862033781672000,15.525671875,-1.0878010819256305,-1.2819050193995236,-0.33573965575955805
1788862033791713000,15.535713134765626,-0.8779542163968086,-1.468936242008209,-0.5104026874434202
1788862033801754000,15.545754150390625,-0.9104308371096849,-1.4599427882134914,-0.6095651455283164
1788862033811796000,15.5557958984375,-1.0720733514398335,-1.4337398409426212,-0.6567086625624448
1788862033821837000,15.565837158203125,-0.8881406793683767,-1.4042448663890361,-0.5690769581975414
1788862033831879000,15.57587890625,-0.3450666523575783,-1.2167588857501745,-0.49068928485494107
1788862033841920000,15.585919921875,-0.15948329046964643,-0.967013140553236,-0.48705542186461387
1788862033851961900,15.5959619140625,-0.6747188779622316,-0.9563467851102352,-0.474671777642332
1788862033862003000,15.6060029296875,-1.3475772227495908,-1.104415532118082,-0.33718039261978117
1788862033872043800,15.616043701171876,-1.6366998695671557,-1.3570271881401539,-0.08697601693514734
1788862033882086100,15.626086181640625,-1.48454473002851,-1.629564026337862,0.29489666364174333
1788862033892127000,15.636126953125,-1.2850924172639846,-1.8618191230297088,0.5306021199831739
1788862033902169000,15.646169189453126,-1.4570248549401759,-1.8515484889060259,0.6492814351711422
1788862033912210000,15.6562099609375,-2.0186948613494633,-1.6973989606797695,0.7904676561236381
1788862033922252000,15.666251953125,-2.6121874084770678,-1.4004483967155217,0.9788236975952982
1788862033932292900,15.67629296875,-2.4869717137902976,-1.1153571973711252,0.9069431411243974
1788862033942334000,15.686333984375,-2.029343096613884,-0.9616396308213472,0.3837301815444603
1788862033952375800,15.696375732421876,-1.9527257208794355,-0.7232412090688943,-0.3166319274466485
1788862033962417000,15.7064169921875,-1.9677163692623376,-0.403673155105114,-0.9749952253483235
1788862033972458800,15.716458740234375,-1.7727210359066723,-0.04571896412372589,-1.1780468047138304
1788862033982499800,15.726499755859376,-1.1561363670051097,0.3250841870367527,-1.0277844201192259
1788862033992541000,15.736541015625,-0.3499707910120487,0.5422311464458703,-0.7707469104789197
1788862034002583000,15.7465830078125,0.3203472216427326,0.5369593435227871,-0.2235158733865246
1788862034012624100,15.7566240234375,0.6949415817797183,0.2349316224247217,0.11102898309789597
1788862034022666000,15.766666015625,0.6208142692953348,-0.24102935477793216,0.13183430910892785
1788862034032707000,15.77670703125,0.22737433891296385,-0.7157517300963402,0.03551021625511348
1788862034042749000,15.7867490234375,-0.252234639403224,-1.0607909099251032,0.0837656400538981
1788862034052790500,15.79679052734375,-0.5390250438809394,-1.2163070503294466,0.24920930023267865
1788862034062831400,15.806831298828126,-0.7136170561552048,-1.0462006590366364,0.41760289625823493
1788862034072873500,15.81687353515625,-1.0516700303584336,-0.8395037819713353,0.35049689724538474
1788862034082914600,15.82691455078125,-1.2912526934593915,-0.765657624515891,-0.045433205984905356
1788862034092956400,15.836956298828126,-1.4489099375456571,-0.8229062829136848,-0.349696065723896
1788862034102997500,15.84699755859375,-1.3744547082811593,-0.7475228328883647,-0.35503450414240356
1788862034113039600,15.85703955078125,-1.1425889031678438,-0.5841846205562353,-0.48131315188556906
1788862034123080400,15.86708056640625,-1.2403671403527259,-0.5192600207030773,-0.6003906360782683
1788862034133121500,15.87712158203125,-1.2351005981266499,-0.8107400443017482,-0.7101580748077482
1788862034143163400,15.887163330078126,-0.5061228912323713,-1.0640817681640387,-0.7111941398572176
1788862034153204500,15.89720458984375,0.21513035888969897,-0.8494085053920746,-0.08220792575050145
1788862034163246300,15.907246337890625,0.4082511305451393,-0.5021037187188864,0.7834149611331522
1788862034173287700,15.91728759765625,-0.00044832828938961026,-0.3542395543724298,1.349161130940169
1788862034183328500,15.92732861328125,-0.7954168029636144,-0.47224400250613685,1.5554707622535526
1788862034193370600,15.93737060546875,-1.4585527951598167,-0.4728963289350271,1.575397405733913
1788862034203411500,15.947411376953125,-1.9923826084852216,-0.4146171584457159,1.4486046709887683
1788862034213453600,15.95745361328125,-2.0096546458035704,-0.5015823251932859,0.9754638657733797
1788862034223494700,15.96749462890625,-1.7898972116351126,-0.6243389362901449,0.48605355134569106
1788862034233536500,15.97753662109375,-1.4328180499225853,-0.6676800653666257,0.1553615708971396
1788862034243577600,15.98757763671875,-0.8711474589914083,-0.6805231803268194,0.021059145508473737
1788862034253618400,15.997618408203126,-0.42531858520209787,-0.6816127291291951,0.11904201102051883
1788862034263660500,16.00766064453125,-0.23597382495403288,-0.7671510779440402,0.3673687197323888
1788862034273701400,16.017701416015626,-0.07963643129467964,-0.7825456309527158,0.6158168993994593
1788862034283743700,16.02774365234375,0.19493629664480686,-0.7016390335917473,0.5708404242061078
1788862034293784600,16.03778466796875,0.47923196169734,-0.6158861652433872,0.3256962545204907
1788862034303825700,16.04782568359375,0.53844578268826,-0.5186889428168535,0.000010402663005515933
1788862034313867500,16.057867431640624,-0.2631219441205263,-0.47186523232162,-0.22819427699372172
1788862034323908600,16.06790869140625,-0.9494342292428016,-0.5214665908366442,-0.3695491690440103
1788862034333950500,16.077950439453126,-0.4787900631487369,-0.7010135951697826,-0.22927856509909034
1788862034343991600,16.087991455078125,0.19553660062551498,-0.7266051325440407,0.379447828050144
1788862034354033400,16.098033447265625,0.10175941577553749,-0.5408996055811643,1.0157342091023922
1788862034364074500,16.108074462890624,-0.327148133829236,-0.32469460319727655,1.3153323649659752
1788862034374115600,16.118115478515627,-0.5269838929533958,-0.24837679493129253,1.1890662113782018
1788862034384157400,16.128157470703126,-0.2946814499884844,-0.34646044480353594,0.7891119306657463
1788862034394198500,16.138198486328125,0.2406780571222305,-0.6975859588086605,0.3045581894237548
1788862034404240600,16.14824072265625,1.3276134621292353,-0.8218617422968149,-0.2787954602010548
1788862034414281700,16.15828173828125,1.5650082597970962,-0.5901043659940362,-0.7272315938793122
1788862034424323600,16.168323486328124,1.041760630762577,-0.21594284431636332,-0.8906317655317485
1788862034434364700,16.17836474609375,0.472502945703268,-0.006304945363104343,-0.9124914229013025
1788862034444405500,16.188405517578126,0.3087023765563965,-0.0711523883268237,-0.8684428762078285
1788862034454447600,16.198447509765625,0.5999228724360466,-0.4309411012589931,-0.5564135471858084
1788862034464488400,16.208488525390624,1.1064882467389106,-1.0496136823505162,-0.2639417360708117
1788862034474530600,16.218530517578124,1.4804419708847998,-1.4886305380374192,0.06907718948796392
1788862034484571400,16.2285712890625,1.4096353272557258,-1.5520931025139986,0.3636035219799727
1788862034494612500,16.238612548828126,1.235312779572606,-1.2610850803412497,0.5081650645844638
1788862034504654300,16.248654296875,1.1209165850639342,-0.8000481160260736,0.547664569671452
1788862034514695400,16.2586953125,1.2173036601513623,-0.31361542916968466,0.3824534761395305
1788862034524737500,16.268737548828124,1.3212147010028361,-0.2005142429076135,0.022932108906656503
1788862034534778600,16.278778564453123,1.821034692698717,-0.4181009089082479,-0.3319896555762738
1788862034544820500,16.288820556640626,2.423756255942583,-0.5239296930145472,-0.30589564857259394
1788862034554861600,16.298861572265626,2.6960908495664593,-0.5089418941758572,0.01199592354632914
1788862034564902700,16.308902587890625,2.323217906394601,-0.4394811121977865,0.6104639209989458
1788862034574944500,16.318944580078124,2.453978375726938,-0.3814223795261234,0.914760244616121
1788862034584985600,16.328985595703124,1.9421452901542187,-0.35653424118086696,0.6394361868526787
1788862034595027500,16.33902734375,1.6301006174325943,-0.37252157245092093,0.3767950119864195
1788862034605068500,16.349068603515626,2.0850322506099936,-0.5585764243081212,0.19047069553807378
1788862034615110400,16.3591103515625,2.102717544904351,-0.6474149106469005,0.130205831124261
1788862034625151500,16.3691513671875,1.701689351350069,-0.6525492778606713,0.2818406731158495
1788862034635192300,16.3791923828125,0.9845493817657232,-0.3791994427796453,0.30885267174728215
1788862034645234700,16.389234619140623,0.5466507164537906,0.12602459078370593,0.22741671674996614
1788862034655275500,16.399275634765626,0.7049146942615508,0.313541048759222,0.1120559880580753
1788862034665317600,16.409317626953126,1.8391449344068764,0.38884529606848955,0.15562873393334448
1788862034675358500,16.4193583984375,2.7528841654121874,0.7558890216302127,-0.08296141099892557
1788862034685399600,16.429399658203124,2.6213912901520726,0.9646133128698915,-0.4468542713142931
1788862034695441400,16.43944140625,1.5869593948423861,0.5525987746706232,-0.5539937726929783
1788862034705482500,16.449482421875,1.392148770403862,0.268325960770715,-0.23737580070644615
1788862034715524400,16.4595244140625,2.072164001208544,0.4914997609876096,0.7413925865050405
1788862034725565400,16.4695654296875,2.252440488860011,0.757018975508213,1.3527458575591444
1788862034735607600,16.479607666015625,2.4654268214583395,0.8557800131853669,1.3563894747585057
1788862034745648600,16.489648681640624,2.674870366883278,0.9294651348602027,0.8564434455301612
1788862034755689700,16.499689697265627,2.970969282454252,0.9087033557299524,0.3017675357919186
1788862034765731600,16.509731689453126,2.7528268822669983,0.7870164927564561,0.31765206427462395
1788862034775772700,16.519772705078125,2.2805016312181947,0.7376425863217562,0.3511906881958246
1788862034785814500,16.529814453125,1.833380964052677,0.7676494559202343,-0.01223524872753769
1788862034795855600,16.539855712890624,1.2535726588845253,0.7372057292744517,-0.2527669561816379
1788862034805897500,16.5498974609375,1.3970593387991188,0.7001220531575382,-0.3627772637562826
1788862034815938600,16.5599384765625,1.8552397446393964,0.6318820451460778,-0.28835100485794246
1788862034825979400,16.5699794921875,2.3334943857371804,0.5514285983800887,-0.07831263534501194
1788862034836021500,16.580021484375,2.3142905035734174,0.5779793361753225,-0.10215013212617487
1788862034846062300,16.590062255859376,1.872070467931032,0.5391458937816321,-0.359713711467199
1788862034856104700,16.600104736328124,1.166149226975441,0.39808950975388285,-0.7106677778955549
1788862034866145500,16.6101455078125,0.2638186942130327,0.25287585991621014,-0.6832302473284304
1788862034876186600,16.6201865234375,0.22032851205468176,0.061412207818031306,-0.3152752156080678
1788862034886228500,16.630228515625,0.5770201357543469,-0.17477262953817843,0.09419925532010383
1788862034896269600,16.64026953125,0.5209159712165594,-0.3819575823813677,0.45475375585984434
1788862034906311400,16.6503115234375,0.3029062574982643,-0.41682840475440025,0.5758739979265257
1788862034916352500,16.6603525390625,0.2282394313097,-0.43414106634408234,0.22265171257155014
1788862034926394400,16.670394287109374,0.15093874948620795,-0.5311287376731634,-0.3800777234515175
1788862034936435500,16.680435546875,-0.2502560328066349,-0.6977811891198158,-0.7700899078749119
1788862034946476500,16.6904765625,-0.4400450296908617,-0.8374068096920847,-0.6634404550354928
1788862034956518400,16.700518310546876,-0.014722937357425688,-0.9915560456573963,-0.21666414432823658
1788862034966559500,16.7105595703125,0.30534429830014703,-1.020911611740291,0.14390072234189136
1788862034976601600,16.7206015625,0.15128829357624052,-0.8460241236507892,0.26661504693329335
1788862034986642700,16.730642578125,-0.3129705553948879,-0.6869412306755781,0.2582245092014782
1788862034996683500,16.74068359375,-0.9835504338562489,-0.6231289759784937,0.2379755566978827
1788862035006725600,16.7507255859375,-1.4396926118671893,-0.5630208364963531,0.3558741333043203
1788862035016766500,16.760766357421875,-1.3809060763776302,-0.46295185802578925,0.5709245222929865
1788862035026808600,16.77080859375,-0.8057710237175226,-0.4175011894494295,0.7584470355499535
1788862035036849400,16.780849365234374,-0.2727203780710697,-0.30698505124449726,0.8115961496744304
1788862035046891500,16.7908916015625,-0.309755100479722,-0.27767303204238414,0.7474386617362498
1788862035056932400,16.800932373046876,-0.661575318750739,-0.3294347834616899,0.5626049491718411
1788862035066973400,16.810973388671876,-1.0139899957835674,-0.5754477718710899,0.1606924287973903
1788862035077015300,16.821015380859375,-1.384268830808997,-1.0199024346977472,-0.22356610573641955
1788862035087056400,16.831056396484374,-1.8449059821516274,-1.5573334873855114,-0.42831031436398626
1788862035097098200,16.84109814453125,-2.0398627370625735,-1.8315800521105527,-0.2905879335971549
1788862035107139300,16.851139404296877,-1.5562567980647086,-1.659944551554322,-0.003587375233788043
1788862035117181400,16.861181396484376,-0.528966006681323,-1.2105600311100482,0.2645397384965792
1788862035127222500,16.871222412109375,0.024008067575097082,-0.6739028854042292,0.23173973104823378
1788862035137263600,16.881263671875,-0.3605290099054575,-0.11153788246810435,-0.036088399735558774
1788862035147305500,16.891305419921874,-0.9140034348994492,0.15371873559355734,-0.37126952656321227
1788862035157346600,16.9013466796875,-1.1518845547795296,-0.04208791414499283,-0.6937905851136893
1788862035167388400,16.911388427734376,-1.2660410953134298,-0.5587772075772285,-0.9666636695284396
1788862035177429500,16.921429443359376,-1.522156375542283,-1.2201046890467404,-1.2234874633528292
1788862035187470300,16.93147021484375,-1.946079706993699,-1.9815005644649266,-1.204209346909076
1788862035197512400,16.941512451171874,-2.4725264243304728,-2.5268384447544814,-0.8506356360342353
1788862035207553300,16.95155322265625,-2.6471026545137164,-2.7417314877569674,-0.46170996820591387
1788862035217595400,16.961595458984377,-2.6070237421035767,-2.5496558412402868,-0.216530526277516
1788862035227636200,16.97163623046875,-2.3482295980542895,-1.7951380348980426,-0.05058249677317217
1788862035237678600,16.9816787109375,-2.024436035349965,-0.9950526556015014,-0.12692470882805063
1788862035247719400,16.991719482421875,-1.7111229501277208,-0.4728291089177131,-0.4039461998928338
1788862035257760500,17.001760498046874,-1.1073428177416325,-0.010647650742530821,-0.7353115130256861
1788862035267802400,17.01180224609375,-0.5785749639809131,0.23756606258153914,-1.1168915673315525
1788862035277843500,17.021843505859376,-0.46760172965824603,0.041586394363641734,-1.1642996535860002
1788862035287885300,17.03188525390625,-0.25342647953629494,-0.3602192133039236,-0.9341799614876508
1788862035297926400,17.041926513671875,0.05162146616578102,-0.5746306102693081,-0.604984028283134
1788862035307967500,17.051967529296874,0.07464169174730777,-0.5787947442114353,-0.2122419439718127
1788862035318009300,17.06200927734375,0.009530044889450072,-0.5371697714030742,0.09135278898095711
1788862035328050400,17.072050537109376,0.26541560801565645,-0.39220892728269097,0.17866203819215296
1788862035338092300,17.08209228515625,0.36526655982136724,-0.28462650444209575,0.2030906875331886
1788862035348133400,17.09213330078125,0.21623452073931693,-0.28484102397561073,0.1434734185742214
1788862035358175500,17.102175537109375,-0.2094733560413122,-0.2636515209525823,0.2192566815720871
1788862035368216600,17.112216552734374,-0.6532189938157796,-0.22801614394783973,0.33888829251620917
1788862035378257400,17.12225732421875,-0.9652771105408668,-0.3878787891238928,0.3771935097847134
1788862035388299500,17.132299560546876,-1.3110200547248125,-0.6271580853641033,0.3608955781955272
1788862035398340400,17.14234033203125,-1.6892729373693465,-0.9335136065334081,0.24765523919109253
1788862035408382500,17.152382568359375,-1.9388421569555996,-1.1932786414414644,0.1698058739762753
1788862035418423300,17.16242333984375,-1.952668437734246,-1.3470774565339088,0.1394608036656864
1788862035428464400,17.17246435546875,-1.7945587737053632,-1.3466232830256224,0.10519979288722388
1788862035438506200,17.18250634765625,-1.3098767299085854,-1.1655705503046512,0.18357604065351188
1788862035448547300,17.19254736328125,-1.1003951905608176,-0.9637024085700512,0.2453048766726628
1788862035458589400,17.20258935546875,-1.0932932496011256,-0.7387906603783368,0.1732618779153563
1788862035468630300,17.21263037109375,-1.2158031924605368,-0.3976420582473278,0.0514269299743697
1788862035478672400,17.22267236328125,-1.2784849818229675,-0.18567220921516417,-0.16866514297593385
1788862035488713500,17.23271337890625,-1.0203870033442974,-0.11750702000558376,-0.5078449292520061
1788862035498754600,17.242754638671876,-0.6293927125483751,-0.1305716687619686,-0.6507980502791703
1788862035508796400,17.25279638671875,-0.02218377475738525,-0.22501462404429912,-0.6349554612420499
1788862035518837500,17.26283740234375,0.5544359635025262,-0.38411972885131834,-0.4746376927096396
1788862035528879400,17.27287939453125,0.9383785822212696,-0.48281274279356,-0.2874958858659491
1788862035538920400,17.28292041015625,0.6835211930990218,-0.5561375067234039,0.08545076186293736
1788862035548961300,17.292961181640624,-0.08149287281632422,-0.6495937890559434,0.4210021467750892
1788862035559003400,17.30300341796875,-0.8826210391640663,-0.8082961582809686,0.6391569315198808
1788862035569044200,17.313044189453127,-1.2763164056122303,-1.0916223937794565,0.8015271025374531
1788862035579086600,17.323086669921874,-1.0642845972597599,-1.4232663777232168,0.7865439798738807
1788862035589127400,17.33312744140625,-0.4633627769142389,-1.6532956150591374,0.511358782591857
1788862035599169500,17.34316943359375,-0.37693829291462894,-1.4970482377707957,0.44767746079806237
1788862035609210400,17.35321044921875,-0.5837795468866824,-1.2184928699359296,0.4869027885861695
1788862035619251500,17.36325146484375,-0.3738116853266954,-1.0785302724942565,0.34176541885510087
1788862035629293600,17.37329345703125,0.1672621077775955,-0.7206766192778945,0.19258180594053118
1788862035639334400,17.38333447265625,0.3481681255042553,-0.3740276661649346,0.18912388403899966
1788862035649376500,17.39337646484375,0.4954688107490539,-0.3151671886563301,0.25933002275796607
1788862035659417300,17.403417236328124,0.7995932118654251,-0.36709757464081044,0.24142898508738725
1788862035669458400,17.41345849609375,0.9594687165230512,-0.24101298816502092,0.14044172272812575
1788862035679500300,17.423500244140627,0.7767360678911208,0.02856441570520401,0.03654438160844147
1788862035689541400,17.433541259765626,0.3995885161399841,0.2501312373831868,-0.11400018092840909
1788862035699583500,17.44358349609375,0.4685258587658405,0.1414209795564413,-0.20035112476777284
1788862035709624600,17.45362451171875,0.793604785105586,-0.13272870066538453,-0.19180377077274025
1788862035719666400,17.46366650390625,0.847956553018093,-0.6638445788569748,-0.10531951940990984
1788862035729707500,17.47370751953125,0.5549100107550621,-1.2397323495805264,0.11079502821154892
1788862035739748400,17.483748291015626,0.5655354496657848,-1.6593585683599112,0.3763197956901043
1788862035749790500,17.49379052734375,1.0792729075551033,-1.8024474811285733,0.52785731478706
1788862035759831600,17.50383154296875,1.3797124826788902,-1.6980543558485806,0.5917343783486634
1788862035769873400,17.513873291015624,1.6092273407518862,-1.2704602269299328,0.6391277784906327
1788862035779914500,17.52391455078125,2.246729125475883,-0.7267659491289407,0.6083787852879613
1788862035789955300,17.533955322265626,2.6273130814164873,-0.27842136619165536,0.32229404486157
1788862035799997400,17.54399755859375,3.029275340950489,-0.059055853950232266,0.05947510227560997
1788862035810038300,17.554038330078125,3.4115158319264647,-0.17680391617007551,-0.09123210347704588
1788862035820080600,17.56408056640625,3.270506355780363,-0.49591147648263717,-0.015331716905534266
1788862035830121500,17.57412158203125,2.7926994584500786,-0.7309293524187058,0.207699185975641
1788862035840163600,17.58416357421875,3.0452444789767266,-0.6698796212375163,0.014728563380613922
1788862035850204400,17.594204345703126,2.796004345214367,-0.3931715252371505,0.07864500910453498
1788862035860245500,17.60424560546875,1.9215262804955242,-0.24040797147657722,0.25986557267308236
1788862035870287400,17.614287353515625,1.5349369466602802,-0.14659260090752504,0.19617277963720262
1788862035880328400,17.624328369140624,1.9272382284015417,-0.002668214562255889,0.17156265451572836
1788862035890370300,17.634370361328124,1.861214142873883,0.1674134806807153,0.17745953053459523
1788862035900411400,17.644411376953126,1.8351199166744947,0.24969363141721113,0.43129312956705684
1788862035910452500,17.654452392578126,2.6505904966294764,0.4929422879461199,0.28350677969716487
1788862035920494300,17.664494384765625,2.6971611091464758,0.7072748475216328,-0.19861841922365128
1788862035930535400,17.674535400390624,1.754269433414936,0.5512219698920846,-0.6484137124259024
1788862035940577500,17.68457763671875,1.407449215388298,0.25059399605672805,-0.42303653867952523
1788862035950618600,17.69461865234375,2.2715911795318124,0.19080716095082462,0.08270845915116369
1788862035960660500,17.704660400390626,2.6339152561604977,0.45725434050392355,0.4024265891101211
1788862035970701600,17.71470166015625,1.9540356344342231,0.6452311368670314,0.5611177062887698
1788862035980742400,17.724742431640625,1.8819675925672052,0.6754198658384383,0.2863881072871387
1788862035990784500,17.734784423828124,1.6570003147959709,0.5913198061984032,0.24510507978424428
1788862036000825300,17.744825439453123,1.6834218732535837,0.4414525218686089,0.6401768491521478
1788862036010867500,17.754867431640626,2.2288918554902075,0.42678602740615607,0.8770933617837726
1788862036020908300,17.764908203125,2.4712930831432343,0.5041636469233781,0.8879326626408844
1788862036030949400,17.774949462890625,2.450584641635418,0.590292508977279,0.785437479936704
1788862036040991500,17.784991455078124,2.3489070589244365,0.6973124025642872,0.46140886636748907
1788862036051031800,17.79503173828125,1.8553391133606434,0.6595538959257304,0.15939824253469706
1788862036061073700,17.80507373046875,1.3676830221891403,0.5374177548147737,0.023337182576209304
1788862036071114800,17.81511474609375,1.4147083927363155,0.5048838509567082,-0.03714980015568435
1788862036081156600,17.825156494140625,1.3785925387382507,0.40493469947353006,0.04238737201560289
1788862036091197700,17.83519775390625,1.018819315636158,0.31898572403118014,0.010813728024438023
1788862036101238800,17.84523876953125,0.5508557669281959,0.08684329393357038,-0.17383600627519188
1788862036111281000,17.855281005859375,0.4042693674325943,-0.22582652494907376,-0.17738186218850313
1788862036121322000,17.865322021484374,0.7621873180568218,-0.4665940139204263,0.05600640325173735
1788862036131363800,17.87536376953125,0.9370809436261653,-0.5838301080301403,0.23735556163601576
1788862036141405000,17.885405029296876,0.6188473531365394,-0.6326233650326728,0.15786730664037166
1788862036151445800,17.89544580078125,0.0804746356844902,-0.6837456495046615,0.08242010719645768
1788862036161488000,17.90548779296875,0.018694179075956344,-0.7040723982185125,0.22749840368404983
1788862036171528700,17.91552880859375,0.2998176438331604,-0.7102005257099866,0.3188391186347231
1788862036181570800,17.92557080078125,0.18736440008580685,-0.7079366724312305,0.3234085089094937
1788862036191611600,17.935611572265625,-0.1907259854733944,-0.6823357827067374,0.318556283105351
1788862036201653800,17.94565380859375,-0.20227496896982192,-0.6539397093057632,0.39081608468480405
1788862036211694600,17.955694580078124,0.17737784360051154,-0.5291290882885455,0.49181003251317884
1788862036221735700,17.965735595703126,0.3691489542126655,-0.20537585759460925,0.5798438148729503
1788862036231777800,17.97577783203125,0.1466489433377981,0.11049977159202098,0.5830555434610695
1788862036241819000,17.98581884765625,-0.23874153610169885,0.28192192165851593,0.4127406605167314
1788862036251860700,17.99586083984375,-0.6304980434417724,0.28442601343393326,0.24081739252768455
1788862036261901800,18.00590185546875,-1.1165595588982105,0.18115034787654877,0.09737016784064471
1788862036271943000,18.01594287109375,-1.3357692960560321,-0.11488894646167755,-0.09524024313986301
1788862036281984800,18.02598486328125,-1.3172633330285548,-0.6391162341833114,-0.2547041347892955
1788862036292025900,18.03602587890625,-1.130387593242526,-1.398191557699442,-0.37573107254933563
1788862036302067700,18.046067626953125,-0.8267869237393141,-2.13934836268723,-0.47245026566796
1788862036312108800,18.05610888671875,-0.6326461613863706,-2.7499410976976155,-0.5731319326767698
1788862036322149600,18.066149658203123,-0.7216454643100499,-3.1508214072138068,-0.6315495983213186
1788862036332191700,18.076191650390626,-1.022092053696513,-3.185857649281621,-0.6772539493978024
1788862036342232800,18.08623291015625,-1.3527712842613457,-2.8915584766089912,-0.6208464179992675
1788862036352275000,18.09627490234375,-1.3982289671003818,-2.366068037083745,-0.4989106582986191
1788862036362315800,18.106315673828124,-1.0681564702570439,-1.7955588906586168,-0.33261911258623
1788862036372358000,18.11635791015625,-0.9195704213768243,-1.3246107731819152,-0.22413857186213135
1788862036382398700,18.126398681640627,-1.0582926633685827,-0.9805839852660894,-0.2305523844271898
1788862036392439800,18.136439697265626,-1.4316712179750204,-0.7489157485514879,-0.24650303694866596
1788862036402482000,18.14648193359375,-1.9878823744565248,-0.6721785458296538,-0.28899153125118465
1788862036412522800,18.156522705078125,-2.3700521382838486,-0.7157990763694048,-0.25796189447622747
1788862036422564900,18.16656494140625,-2.482854341599345,-0.7466255917876958,-0.21351064873337744
1788862036432605700,18.176605712890623,-2.3576854086637495,-0.6813274824470281,-0.2606916482336819
1788862036442646800,18.186646728515626,-2.1809482010543344,-0.5784703345626593,-0.5237089629359543
1788862036452688600,18.196688720703126,-2.1594740358710287,-0.579638209298253,-0.9371059319369495
1788862036462729700,18.206729736328125,-1.9916981333523986,-0.49626492956280704,-1.3126610999301076
1788862036472771800,18.216771728515624,-1.686331038698554,-0.24693419490754603,-1.3089507011048496
1788862036482813000,18.22681298828125,-1.2779478062063454,-0.030651158851385116,-0.7951523068085312
1788862036492854800,18.236854736328127,-0.7977747642666101,0.11311024635136127,-0.1832171076806262
1788862036502895900,18.246895751953126,-0.3479886772841215,0.2742389659404754,0.2674998304111883
1788862036512936700,18.256936767578125,0.20194354505836962,0.2754302215516567,0.3764627478247508
1788862036522978800,18.266978759765625,0.5944570082455873,0.04039747684001922,0.1679599538486451
1788862036533020000,18.27702001953125,0.6327104587942362,-0.3504863393187523,-0.13731021976936608
1788862036543061800,18.287061767578123,0.40427462812960147,-0.6740291421324014,-0.30180772167183456
1788862036553102800,18.297102783203126,0.10069792402386665,-0.8103554288983345,-0.21530686623407527
1788862036563143700,18.307143798828125,-0.30994448557198045,-0.8729869493782519,-0.0955463316806592
1788862036573186000,18.31718603515625,-0.9519085104018449,-0.9744780696064234,0.09810047314288094
1788862036583227000,18.327226806640624,-1.4364561141639947,-0.9685410807728767,0.23810747598186133
1788862036593269000,18.33726904296875,-1.4739415029495955,-0.8271843986243009,0.17642326455572618
1788862036603309800,18.347309814453126,-1.3942267457216977,-0.7058207031905651,-0.03502583027165383
1788862036613352000,18.35735205078125,-1.3536433909207581,-0.7234802785217762,-0.4083815885243937
1788862036623392800,18.367392822265625,-1.307479021117091,-0.7951186967998742,-0.7880593528728932
1788862036633433900,18.377433837890624,-1.22842360458076,-0.9395943877518177,-0.9118673727188259
1788862036643475700,18.387475830078124,-1.3142355096399783,-1.0880535953819752,-0.7183630816385149
1788862036653516800,18.397516845703127,-1.6472347075849771,-1.359096980151534,-0.2701716982352547
1788862036663558700,18.40755859375,-1.964862148874998,-1.6713801378041504,0.34869229550883174
1788862036673599700,18.417599853515625,-2.2432231631815434,-1.6935469614267349,1.0147434444993735
1788862036683640800,18.427640869140625,-2.4821318725436923,-1.4879659366488456,1.544661052817106
1788862036693683000,18.437682861328124,-2.358061840760708,-1.233455169007182,1.5215744840011
1788862036703724000,18.44772412109375,-1.5914508610427378,-0.8411760990977287,0.857762419174239
1788862036713766000,18.457765869140626,-0.7532558235824107,-0.4003028018891811,0.17437469799546523
1788862036723807000,18.467806884765626,-0.02105681655406952,-0.07689034745693206,-0.15576447087591513
1788862036733847800,18.477847900390625,0.7934411189764737,0.07428221078515053,-0.1507805906492751
1788862036743890000,18.487889892578124,1.1311059706449509,0.040329087778925896,0.06875005359256174
1788862036753930800,18.4979306640625,1.0595412021249533,-0.22248481330573558,0.0859217677750159
1788862036763972900,18.507972900390627,1.0532704512923956,-0.4819499884843826,-0.040435146535863165
1788862036774013700,18.518013671875,0.9389660267204045,-0.48961131689250464,-0.1950172711928375
1788862036784055800,18.528055908203125,0.5027741653263569,-0.3487824580103159,-0.3268023160662502
1788862036794096600,18.5380966796875,-0.022684125494956967,-0.14196224682629108,-0.20688699280992148
1788862036804137700,18.5481376953125,-0.18182956231236458,-0.09571078326106071,-0.016133208297437522
1788862036814179800,18.558179931640623,-0.2551625095486641,-0.2784443086758256,0.019324654432642273
1788862036824221000,18.568220947265626,0.06928805575966834,-0.6173501003161073,0.021304370707506314
1788862036834262800,18.5782626953125,0.1300795013308525,-0.9765405550941825,0.24011709877122192
1788862036844304000,18.588303955078125,-0.10968027190268038,-1.3373574420303105,0.3809155990477651
1788862036854345000,18.598344970703124,-0.43901919377446175,-1.5932029654070734,0.4688909292185679
1788862036864386800,18.60838671875,-0.5109148016840219,-1.5791995744958518,0.4453816780110821
1788862036874428000,18.618427978515626,-0.5462129095584154,-1.3497268019989133,0.36656759594995525
1788862036884469800,18.6284697265625,-0.68397244399786,-1.1220423742234706,0.0438173317534849
1788862036894510800,18.6385107421875,-0.5342576833486556,-0.7485197349712253,-0.43041605447158215
1788862036904551700,18.6485517578125,-0.29738369468450543,-0.31030075166374443,-0.7608204866830259
1788862036914593800,18.65859375,-0.2882581389427185,-0.14052958367466925,-0.7195980302609503
1788862036924634600,18.668634521484375,0.02697100903391838,-0.16670973459184169,-0.478271263439022
1788862036934677000,18.678677001953126,0.46857612764835355,-0.32820217292681336,-0.25563286700677124
1788862036944717800,18.6887177734375,0.9488228193461894,-0.5905277059726417,-0.0064292293298989535
1788862036954760000,18.698760009765625,1.2578712328612804,-0.7897887339487671,0.25372717951592055
1788862036964800800,18.70880078125,1.5259586904346942,-0.8154923533953726,0.5110001418799162
1788862036974841900,18.718841796875,1.6427414878189563,-0.6381139252729714,0.5142118704680353
1788862036984883700,18.7288837890625,1.3575363067060708,-0.30417788486927744,0.4766336888324469
1788862036994924800,18.7389248046875,1.5471873564243315,-0.1023293246179819,0.3432747274395078
1788862037004966700,18.748966552734377,2.4007751933276653,-0.19237477559372781,0.06922777693979441
1788862037015007700,18.7590078125,3.259970933240652,-0.3364542337696999,-0.14692125747315585
1788862037025048800,18.769048828125,3.4023885226190087,-0.43309754864051936,-0.07049589717946947
1788862037035090700,18.779090576171875,4.164387624627351,-0.4926838196730241,0.3877919876232743
1788862037045132000,18.789132080078126,3.7543291523993014,-0.6022909167416394,0.87655523631908
1788862037055174400,18.79917431640625,3.071135291558504,-0.6785624016478657,0.7252034490525722
1788862037065215200,18.80921533203125,3.137945559027791,-0.6736515409916639,0.3563452214147895
1788862037075257300,18.81925732421875,3.19995807082653,-0.5524688281480222,0.06811535871848463
1788862037085298200,18.829298095703123,3.0142437760353085,-0.18065489250980316,-0.08296827913112938
1788862037095339300,18.83933935546875,2.1352362511932848,0.05475147128719836,0.1073985176410526
1788862037105381400,18.84938134765625,1.8345570220947265,0.26699566201502456,0.35470812173224986
1788862037115422200,18.859422119140625,3.0094378370583055,0.6422850734777749,0.4494700798358768
1788862037125464300,18.86946435546875,3.506138235428929,0.4622258818387985,0.1522884835947305
1788862037135505200,18.879505126953124,2.1477362518042327,0.21697019633641465,-0.20539061677232384
1788862037145546200,18.889546142578126,1.0142214664518832,0.5534242657093331,-0.4257181789789349
1788862037155588000,18.899588134765626,1.913895347225666,0.7957738727729767,-0.14432342299968004
1788862037165629200,18.909629150390625,2.738833428227901,0.7744270602963864,0.3643821782022714
1788862037175671300,18.91967138671875,1.710344951492548,0.7300166945531964,0.5227184175286441
1788862037185712400,18.92971240234375,1.2488660886287688,0.4787114449545741,0.3525914218392223
1788862037195753200,18.939753173828127,1.6896774265170096,0.2633643745742738,0.281524081447348
1788862037205795300,18.94979541015625,1.854623658567667,-0.009897270766645669,0.5435987815372646
1788862037215836200,18.959836181640625,1.7798434351325034,-0.37606085249297316,1.036487585730478
1788862037225878300,18.969878173828125,2.145544294717908,-0.5138832961007952,1.0387461052469908
1788862037235919400,18.97991943359375,2.31154441973567,-0.26257000932618973,0.45242995255477725
1788862037245961200,18.989961181640624,2.3098411229491234,0.24474969047531484,-0.19860285632833838
1788862037256002300,19.000002197265626,2.5356851835548877,0.6699680301733315,-0.48512306556254625
1788862037266043100,19.010043212890626,1.8683248516619204,0.6330842605426907,-0.4650610321994871
1788862037276085500,19.02008544921875,0.9390309086501598,0.21779957809895276,-0.5478810984989628
1788862037286126300,19.030126220703124,0.9743956520199775,-0.30257322615161536,-0.6388135979749262
1788862037296168400,19.04016845703125,1.4380004209965467,-0.583817833070457,-0.5009537814987823
1788862037306209300,19.050209228515627,1.563857920718193,-0.5404977467820048,-0.34454281114656476
1788862037316250400,19.06025048828125,1.402781223577261,-0.35292525690346954,-0.26029543372401964
1788862037326292200,19.070292236328125,1.1357412292301654,-0.05672375774085522,-0.05608153258087113
1788862037336333300,19.080333251953125,1.216533844822645,0.28206600630432366,0.2385879529751837
1788862037346375200,19.090375244140624,0.9762100079655647,0.4336936148375273,0.29407760234382
1788862037356416300,19.100416259765623,0.03506897529363632,0.16729133387207984,-0.03905566117647104
1788862037366457300,19.110457275390626,-0.8316647589087486,-0.3266027749061584,-0.3747352299124002
1788862037376499200,19.120499267578126,-1.073573819130659,-0.9307041020706296,-0.34998383315671233
1788862037386540300,19.130540283203125,-0.6612357115328311,-1.6330340405359862,-0.0017772662050556391
1788862037396582400,19.14058251953125,-0.27920564843714235,-1.9886045512512325,0.4306546855330467
1788862037406623500,19.15062353515625,0.1980968065023422,-1.916250678180158,0.5528729519695044
1788862037416665300,19.160665283203127,0.3358966729521751,-1.480138019502163,0.28347094119880345
1788862037426706400,19.17070654296875,-0.1562210738033056,-0.8666109846055507,-0.12191172123793512
1788862037436747300,19.180747314453125,-0.728182172602415,-0.13564005806744098,-0.38008492037728425
1788862037446789400,19.190789306640625,-1.0315729987472295,0.4294476478308439,-0.3973069810740649
1788862037456830200,19.200830322265624,-1.0887953536599875,0.7039648461908101,-0.15635635408814996
1788862037466872300,19.210872314453123,-0.8713491190433502,0.6759662476748227,0.14299116974892093
1788862037476913200,19.2209130859375,-0.6678700349807739,0.4207955548197031,0.4155048280004412
1788862037486954200,19.230954345703125,-0.5208277084112167,0.004647533544898033,0.39559374741539355
1788862037496996000,19.24099609375,-0.8424322366386652,-0.31654782935976983,0.13021372216977178
1788862037507037200,19.251037109375,-1.6567641679525373,-0.6473948177069425,-0.25712358048856254
1788862037517079300,19.261079345703124,-2.477087448635697,-0.976905004492402,-0.4385179662540555
1788862037527120400,19.271120361328126,-2.6648925782263277,-1.1070599091470241,-0.334647586206533
1788862037537162200,19.281162353515626,-2.508084059923887,-1.3016191891729831,-0.26376955784168093
1788862037547203300,19.291203369140625,-2.907854362371564,-1.8228835354357957,-0.08196425318773835
1788862037557244400,19.301244384765624,-3.286059898743033,-2.4925182420015335,0.1832508638197556
1788862037567286300,19.311286376953124,-3.0058634857028723,-3.0950942592948674,0.48685222744271156
1788862037577327400,19.321327392578127,-2.178617712280154,-3.475037579244375,0.6967768343828619
1788862037587369200,19.331369140625,-1.435006499877572,-3.4216567021906372,0.751169226566702
1788862037597410300,19.341410400390625,-1.336532097122073,-2.909457121393084,0.7358477387942374
1788862037607451100,19.351451171875,-1.6057693092525005,-2.0193916114419697,0.5309678480230271
1788862037617493200,19.3614931640625,-1.7353689181119203,-1.217802257323265,0.038798261482454834
1788862037627534000,19.3715341796875,-1.669288718482852,-0.6705453916698694,-0.6994562096599489
1788862037637576400,19.381576416015626,-1.8409943616658448,-0.4324234487712383,-1.5064907505072653
1788862037647617300,19.3916171875,-1.9364666599959135,-0.46365269977152346,-2.05094220335111
1788862037657658400,19.401658447265625,-1.6111334666341541,-0.3875514568656683,-2.130539325548708
1788862037667700200,19.4117001953125,-1.0894348206073046,-0.22615385720729828,-1.8184955296099186
1788862037677741300,19.4217412109375,-0.6775292592078447,-0.07409282569289206,-1.2802733265444635
1788862037687783200,19.431783203125,-0.34223756641149516,0.020688567763566968,-0.7781675619989633
1788862037697824300,19.44182421875,0.0321072028785944,-0.1597679526299238,-0.3808130154561251
1788862037707866000,19.4518662109375,0.3107634007394314,-0.5420335780471564,-0.3086176208823919
1788862037717907200,19.4619072265625,0.24285598568320274,-0.7512146731436252,-0.32077706442736087
1788862037727948300,19.4719482421875,0.240574596747756,-0.8125123146712779,-0.2819516592096537
1788862037737990400,19.481990478515623,0.407099037900567,-0.4724900862216949,-0.21378727371767162
1788862037748031500,19.492031494140626,0.5950380230039358,0.48175651173889633,-0.18911798402117563
1788862037758073300,19.5020732421875,0.6398299354106187,1.4625906723737716,-0.13554072587881236
1788862037768114400,19.512114501953125,1.054355323919654,1.7747610173016786,-0.41156562538798896
1788862037778155300,19.5221552734375,1.6505618061810732,1.7596511264532804,-1.1565418060008437
1788862037788197400,19.532197265625,1.9112234976679086,1.894592680862546,-1.8836916398808359
1788862037798238200,19.54223828125,1.3782424101263284,1.6824825465768574,-2.4614699005261063
1788862037808280300,19.5522802734375,0.21682956402301787,0.787558490678668,-2.7796488382190465
1788862037818321200,19.562321044921877,-0.910600348457694,-0.37690380612313745,-2.5066899752169847
1788862037828362200,19.5723623046875,-1.8859885186463594,-1.294769177147746,-1.5602520051807165
1788862037838404000,19.582404052734375,-2.5958389157444235,-2.1552818448781967,-0.23899425048744305
1788862037848445200,19.592445068359375,-2.92253930580616,-2.8745611645787954,0.9650897712752222
1788862037858487300,19.6024873046875,-3.7892210175603624,-3.1435821036100386,2.0568562497004867
1788862037868528400,19.6125283203125,-5.012691383647918,-3.1655221327394245,3.167074330617487
1788862037878570200,19.6225703125,-5.369528553298116,-3.097955493944883,3.6212156902000308
1788862037888611300,19.632611328125,-4.8678386760771275,-3.14111775932312,3.130349697071314
1788862037898652400,19.64265234375,-3.5389129623055458,-2.9242145455420014,1.816891747675091
1788862037908694300,19.6526943359375,-2.10391289216876,-2.114970877277851,0.6204824069924653
1788862037918735400,19.6627353515625,-0.6847182939291,-1.3236872285962105,0.1148231512164697
1788862037928777200,19.672777099609377,0.7426257084965705,-0.7561556366771459,0.07487648688387125
1788862037938818300,19.682818359375,1.5792928057372568,-0.29282150133550167,0.29297939531095324
1788862037948859100,19.692859130859375,1.6590893960297106,-0.17733809611201284,0.473282040316984
1788862037958901200,19.7029013671875,1.3258219025373459,-0.28914778125882146,0.3179836343165487
1788862037968942000,19.712942138671874,1.0862971071034668,0.00443242948949337,0.08581654470171779
1788862037978984400,19.722984375,0.7281266430228949,0.6438900244563818,-0.1459325021641329
1788862037989025300,19.733025390625,0.5736071124404668,1.2115829444169997,-0.37958530029207466
1788862037999066400,19.74306640625,0.7153413957297802,1.3577674851134418,-0.566532278683409
1788862038009108200,19.753108154296875,0.7561024451851844,0.9136892543837427,-0.480491752500087
1788862038019149300,19.7631494140625,0.8871779718160628,-0.09703764795064926,-0.11564681562427431
1788862038029191200,19.773191162109374,1.6702853283047676,-0.8201920555189252,0.25492669149879366
1788862038039232300,19.783232177734376,2.301857722979784,-1.112293133625388,0.32695670291036366
1788862038049272800,19.79327294921875,2.1019465605318546,-0.905190013846755,0.04849891369845718
1788862038059314700,19.803314697265623,1.4060101224958896,-0.09534867195039987,-0.4171936944028362
1788862038069355800,19.813355712890626,-0.31490766093730926,0.3532651563823223,-0.8124715442694723
1788862038079398000,19.82339794921875,-1.9637983190357684,0.17638678673654792,-0.9843401229292154
1788862038089439000,19.83343896484375,-2.491224695059657,-0.49705958707183595,-1.0407682587243616
1788862038099480800,19.843480712890624,-1.9783014761626718,-1.8029425711691378,-0.9413898928664625
1788862038109522000,19.85352197265625,-0.8436836980044842,-2.8537776120081544,-0.511226023057662
1788862038119562800,19.863562744140626,0.08702829511165619,-2.9018367095172404,0.08616097422521561
1788862038129604900,19.87360498046875,0.013361585876345634,-2.248664915844053,0.8204220648825168
1788862038139645700,19.883645751953125,-0.12217442729473113,-1.4464602063059806,1.414490512201935
1788862038149687800,19.893687744140625,-0.026841829696297646,-0.754356624431163,1.7067989494487643
1788862038159728600,19.903728759765624,0.34982933671474453,-0.4399439074039459,1.4153141035445034
1788862038169769700,19.913769775390627,0.9094564391195774,-0.3053767392650246,0.7168925706945359
1788862038179811800,19.923811767578126,1.5194833569407462,-0.26209910387881097,0.1468905700739473
1788862038189852700,19.933852783203125,2.337846735727787,-0.2994366816915571,-0.0258754688821733
1788862038199894800,19.943894775390625,3.239593331122398,-0.4052781791489571,0.19860811702534556
1788862038209936000,19.953935791015624,4.150196017667651,-0.43369569719675927,0.6812449917953461
1788862038219977000,19.96397705078125,4.157256457573175,-0.32646314723975955,1.0046370610266924
1788862038230018800,19.974018798828126,3.8657127210885283,-0.19541359530035404,0.6748051680061966
1788862038240060000,19.984059814453126,3.795990365564823,-0.14778911721571347,0.1531830212816596
1788862038250101800,19.994101806640625,3.791357445067167,-0.30506946341414004,-0.35584625891670585
1788862038260142800,20.004142822265624,3.4553275011241436,-0.3891920636795461,-0.304682327260077
1788862038270184700,20.014184814453124,3.066954206481576,-0.5120624373491853,-0.13801957361511885
1788862038280225800,20.024225830078127,2.4627988110423087,-0.2986233925472945,0.21988697883225977
1788862038290267000,20.034266845703126,2.7701053493261334,0.20278880024347454,0.23042364348098635
1788862038300308700,20.044308837890625,3.9638860950708388,0.74617024923563,-0.2510126963928342
1788862038310349800,20.054349853515625,4.390008397871256,1.3613894750028848,-0.9550589372567831
1788862038320392000,20.064391845703124,1.9281565122902393,1.385234022579342,-0.6951977484978735
1788862038330432800,20.074432861328123,1.4075854089885949,0.634192002588883,0.06452690577246248
1788862038340473900,20.084473876953126,2.1206652895271776,-0.056857202261639754,0.6936973538722843
1788862038350516000,20.094515869140626,1.4630273102253675,-0.1649256276540458,0.7838600014869124
1788862038360556800,20.104556884765625,0.5959428628891706,-0.05440358943128958,0.8586725928217173
1788862038370599000,20.114598876953124,0.4077016799688339,-0.15210505331922322,0.8861610498584807
1788862038380639700,20.1246396484375,0.9189549198269844,-0.36878384722732005,0.6978932711921632
1788862038390680800,20.134680908203126,1.252121875554323,-0.2504780780594796,0.41174511014074083
1788862038400722700,20.14472265625,1.205573474869132,0.006478913690522313,-0.05850450367778539
1788862038410763800,20.154763671875,1.3869886111617087,0.20514256029538808,-0.458004464751482
1788862038420805600,20.1648056640625,1.8170166892290114,0.19766360271684824,-0.2790707700110972
1788862038430846700,20.1748466796875,2.2207120561659335,0.30549685851335523,-0.01625250327857211
1788862038440887800,20.1848876953125,2.572437581890821,0.44283363749608395,0.0025523878965526816
1788862038450930000,20.194929931640626,2.487983521181345,0.48270153750404715,-0.2891494982918724
1788862038460970800,20.204970703125,2.4268694195270535,0.5582045222558081,-0.7299550274938345
1788862038471012900,20.215012939453125,2.299207500731945,0.6209091079719364,-0.7554200889442115
1788862038481054000,20.225053955078124,2.063261732828617,0.666513944196701,-0.5610420472366735
1788862038491095800,20.235095703125,2.1209674873441458,0.6500400715187191,-0.4625553695214912
1788862038501137000,20.245136962890626,2.2000421931028367,0.4854422145143151,-0.5530746120214461
1788862038511177700,20.255177734375,1.4439245503485203,0.20225918687880037,-0.7325364222891628
1788862038521219800,20.2652197265625,0.7020470298707485,-0.030391923393309116,-0.6948902899838983
1788862038531260700,20.2752607421875,0.6406137792646884,-0.20300240646153686,-0.3682388170978054
1788862038541303000,20.285302978515624,0.5788777463197707,-0.3615226971179247,-0.048162201690534125
1788862038551343900,20.29534375,0.5105091434925795,-0.5300713375747204,-0.06109930594395846
1788862038561385000,20.305385009765626,0.30011574999690055,-0.6191118492916226,-0.39798999490216375
1788862038571426800,20.3154267578125,-0.4344283588528633,-0.6725389035746455,-0.751160531803593
1788862038581468000,20.325468017578125,-1.0714543427586556,-0.8434948974341153,-0.8656167128711938
1788862038591509800,20.335509765625,-1.270979136237502,-0.992643840894103,-0.5743927829254418
1788862038601550800,20.34555078125,-1.4122843804597853,-1.049106901872158,-0.13839564038589597
1788862038611592000,20.355592041015626,-1.5134540136486292,-1.041535005313158,0.27451179153248667
1788862038621633800,20.3656337890625,-1.6495125893890856,-0.9181056095212697,0.6178536659240722
1788862038631675000,20.3756748046875,-1.7116379139125346,-0.794336021989584,0.9643794310487807
1788862038641716700,20.385716796875,-1.1380705489605665,-0.6720353379666805,1.3014495316945016
1788862038651757800,20.3957578125,-0.458826887050271,-0.4617009811818599,1.749023057194054
1788862038661800000,20.405800048828127,-0.21038813279867172,-0.4158510841548443,2.0351585048943757
1788862038671841000,20.415841064453126,-0.22606325631439683,-0.4945861826956272,2.0562195592321455
1788862038681881900,20.4258818359375,-0.3966477865129709,-0.5388707301020622,1.860672729473561
1788862038691924000,20.435924072265625,-0.6866980695694684,-0.7487316241562366,1.3608515687339007
1788862038701964800,20.44596484375,-1.0907605162531138,-1.0238596478909254,0.7671358803749084
1788862038712007000,20.4560068359375,-1.6726210777759551,-1.321910866573453,0.37818522423580286
1788862038722047700,20.4660478515625,-2.188894191622734,-1.6343261261731385,0.17285263952733948
1788862038732088800,20.4760888671875,-2.0738234588533637,-1.8737065447002648,-0.02419045667098835
1788862038742130700,20.486130615234377,-1.2482716298669576,-1.810704437342286,-0.19059766465229913
1788862038752171800,20.496171875,-0.5646762024879455,-1.6450748992025852,-0.4773770180130377
1788862038762213600,20.506213623046875,-0.7439537422299385,-1.4070786285102366,-0.9107540777146815
1788862038772254700,20.516254638671874,-1.5015800359815359,-1.2383382648736239,-1.5782066179357468
1788862038782295800,20.5262958984375,-2.3465198715269566,-1.1177525680750608,-2.136988501688093
1788862038792338000,20.536337890625,-2.708432444745302,-1.1483037736833095,-2.223791902002692
1788862038802379000,20.54637890625,-2.793247739982605,-1.336401748740673,-1.7196112308792768
1788862038812420900,20.5564208984375,-2.467881813395023,-1.4433330141961573,-0.8102657778535037
1788862038822462000,20.5664619140625,-2.1718992176800964,-1.425412742102146,-0.08040160698089747
1788862038832502800,20.576502685546874,-2.078811768659949,-1.341172616404295,0.15420997144291176
1788862038842545000,20.586544921875,-1.8636773181170223,-1.0527215852379799,0.048228060867823656
1788862038852585700,20.596585693359376,-1.571409359011054,-0.6943506301492453,-0.17259513936862347
1788862038862627800,20.6066279296875,-1.2093190911382437,-0.4682680846124887,-0.3554939018150791
1788862038872668700,20.616668701171875,-0.8265852636873722,-0.21902385919690132,-0.4098652877435088
1788862038882710800,20.626710693359374,-0.3099421474844217,0.03129530197381973,-0.5811444491427391
1788862038892751600,20.636751708984374,-0.1771393586695194,0.13602818060219288,-0.8862940285883844
1788862038902792700,20.646792724609377,-0.5702998875886202,-0.18356851493418216,-1.3820149144023657
1788862038912834800,20.656834716796876,-1.061359649723768,-1.1226555376857519,-1.8467532174535095
1788862038922876000,20.6668759765625,-1.3933289200991392,-1.9080267474532127,-1.750549389978498
1788862038932917800,20.676917724609375,-1.451371943745017,-2.2292443221896887,-1.3736298017643391
1788862038942958800,20.686958740234374,-0.6668295860171317,-2.471515785983205,-1.4179193176068365
1788862038953000000,20.697,0.45051966195404525,-2.0388468380182982,-1.3985713507972657
1788862038963041800,20.707041748046876,1.6536287925362585,-1.233563305556774,-0.5446340428691357
1788862038973083000,20.717082763671876,3.035910248920321,-0.2507616442412138,0.7209186113402247
1788862038983124700,20.727124755859375,2.8513229123324155,0.4349152655869722,1.566136240913719
1788862038993165800,20.737165771484374,1.5779630184382198,0.225930569845438,1.4508511347413062
1788862039003206700,20.74720654296875,0.5370780014663934,-0.21760580909252167,1.1360890928197651
1788862039013249000,20.7572490234375,-0.7297276484787464,-0.5265747276306152,0.917556012814492
1788862039023289900,20.767289794921876,-2.4040496849536894,-0.8155681951105594,0.6078642598945647
1788862039033332000,20.77733203125,-4.290249216002225,-1.076270803129673,0.49489787899330256
1788862039043372800,20.787372802734374,-5.129007732564211,-1.3757576075732707,0.32862828938439487
1788862039053414000,20.797413818359374,-4.946935593667626,-1.7776713517904281,0.3099056148663163
1788862039063455700,20.807455810546877,-3.958508493685722,-1.8340999259769915,0.46633697041943667
1788862039073496800,20.817496826171876,-2.336225856527686,-1.5006670127898454,0.7545522931337356
1788862039083538700,20.82753857421875,-0.3892144216418266,-0.9776222128510474,0.9792889770194888
1788862039093579800,20.837579833984375,1.0326660546809434,-0.25574936952590943,1.479302153199911
1788862039103620900,20.847620849609374,1.262420566728711,0.3426362103402614,1.8321968688346444
1788862039113662700,20.857662841796873,1.2795908972382544,0.5475140552848577,1.6325734372869134
1788862039123703800,20.867703857421876,0.9013923751294612,0.5305272646486758,1.1550926301058382
1788862039133745700,20.87774560546875,0.1426455529153347,0.5359744241386651,0.6682403295978904
1788862039143786800,20.887786865234375,-0.8381213877022266,0.5102957930028438,0.3743506875742227
1788862039153828900,20.897828857421874,-1.463859669396281,0.30024083768129345,-0.04477010243367403
1788862039163870000,20.907869873046874,-1.564144920966029,-0.09676087683588266,-0.21875388314910232
1788862039173910800,20.917910888671877,-0.7157254266113042,-0.3990545553937554,-0.1936965987820178
1788862039183953000,20.927952880859376,-0.1301134036004543,-0.7700821629598736,-0.2218821347048506
1788862039193993700,20.93799365234375,0.33700258836746216,-1.150123098064959,-0.16139955415343865
1788862039204035800,20.948035888671875,0.9643465516924857,-1.2695403356060384,0.07863840583381243
1788862039214076700,20.95807666015625,1.3749369388401507,-1.125736260305345,0.40992443405222145
1788862039224117800,20.96811767578125,1.1559691937446595,-0.8522916596129536,0.5472147435447201
1788862039234159600,20.97815966796875,0.38294717794060706,-0.7474506444349884,0.3382076898409053
1788862039244200700,20.98820068359375,0.1291992113649845,-0.895732449671626,-0.22425425239736213
1788862039254242600,20.99824267578125,0.6499521009743213,-0.9732949973016977,-0.7892966395828872
1788862039264283600,21.00828369140625,1.0614099186062813,-0.8374541559651494,-1.0334960757642984
1788862039274324700,21.01832470703125,0.7506944486618041,-0.6048112289994955,-0.9685461953394114
1788862039284366800,21.028366943359377,0.24908114380836485,-0.5806482631236315,-0.6343376946698874
1788862039294408000,21.038407958984376,0.24585809010863302,-0.5965522269591689,-0.3514329725190997
1788862039304449800,21.04844970703125,0.19698036969304084,-0.9660857965752482,-0.18753464208617807
1788862039314491000,21.058490966796874,0.3361772434592247,-1.4236048158973456,-0.030757687965780496
1788862039324531700,21.06853173828125,0.7537222720503807,-1.6635224100410937,0.01142641656268388
1788862039334573800,21.07857373046875,1.0475520736455917,-1.7314802401103078,-0.14544815271329134
1788862039344614700,21.08861474609375,1.2881331001341343,-1.6269567664489148,-0.3088604531949386
1788862039354656800,21.09865673828125,1.4748866748452185,-1.255157443857938,-0.056899150840379296
1788862039364697600,21.108697509765626,2.235834806495905,-0.8530667356386781,0.30137755009364336
1788862039374739700,21.11873974609375,2.4571838937699795,-0.5748852426175027,0.5159197703644633
1788862039384780500,21.128780517578125,3.0353467698186636,-0.28467765010744334,0.5648150995019823
1788862039394821600,21.138821533203124,3.5198680700957774,-0.044936508509144185,0.29959749827645715
1788862039404863700,21.14886376953125,3.6509973727405067,0.03817633019182831,-0.13092954228892922
1788862039414904800,21.15890478515625,3.7273067054390907,-0.034788751846458764,-0.7409627437204123
1788862039424946700,21.16894677734375,3.798858029955625,-0.04183259681020863,-0.9365267438095063
1788862039434987800,21.17898779296875,3.4886885034561157,0.007518778132274746,-0.5415425065945834
1788862039445028900,21.18902880859375,2.776576006644964,0.014249657289870082,0.1701548335444182
1788862039455070700,21.19907080078125,2.3603882378816605,0.3015243381531909,0.9034278264798223
1788862039465111800,21.20911181640625,2.997879501211643,0.6236369985658675,1.1193491896167398
1788862039475153700,21.219153564453126,3.43774742076993,0.6358497797332704,0.6855280028767884
1788862039485194800,21.22919482421875,3.036258039444685,0.16655266260029747,0.04797470716126263
1788862039495235600,21.239235595703125,2.2797592884182927,-0.05213800085317343,-0.02252696217186749
1788862039505278000,21.24927783203125,2.125283012455702,0.05911766714006662,0.055895636353641746
1788862039515318800,21.25931884765625,3.213390968373418,0.3669532707992941,0.16577570514474063
1788862039525361000,21.26936083984375,3.2545535843670366,0.6794571585305035,0.21465883238781241
1788862039535401700,21.279401611328126,2.155277168703079,0.740862498216331,-0.07196341244876385
1788862039545443800,21.28944384765625,1.3720540768802165,0.7372608204625547,-0.13731062162816524
1788862039555484700,21.299484619140625,1.5226339299261569,0.7445007816534489,0.23273199348859488
1788862039565525800,21.30952587890625,1.6276012018322943,0.7972322548877447,0.48764662922341373
1788862039575567600,21.319567626953123,1.5407809965133665,0.8637618057195097,0.37062761193048205
1788862039585608700,21.329608642578126,0.8304571366846561,0.7607748939756304,0.07554916198104619
1788862039595650600,21.339650634765626,0.5464087243914604,0.45748438640013334,-0.08004672912862151
1788862039605691600,21.349691650390625,0.9489736259937286,0.15508841651156544,0.029496326260454953
1788862039615732700,21.359732666015624,1.1252969921052456,-0.05280526912286877,0.14079101108983158
1788862039625774800,21.36977490234375,0.760668730187416,-0.08238456095904112,-0.0422431686387863
1788862039635816000,21.37981591796875,0.5894751281797885,-0.07192819500491023,-0.399290775302425
1788862039645857800,21.38985791015625,1.214577450057864,0.08137816039547324,-0.5175541666332631
1788862039655899000,21.39989892578125,2.2974492588877675,0.40524201185703274,-0.5171308631872757
1788862039665939700,21.409939697265624,2.70535902864933,0.8726660468608141,-0.33592334176339206
1788862039675981800,21.41998193359375,2.5223510702073573,1.2498361027047038,-0.020199473638948983
1788862039686022700,21.430022705078127,1.9746072978198528,1.1873586037427186,0.13453513816599733
1788862039696064800,21.440064697265626,1.6188520781874656,0.8333876371785998,0.3542076613968238
1788862039706105600,21.450105712890625,1.1077286021888255,0.4587295641556382,0.5220114017704501
1788862039716146700,21.460146728515625,0.8121241921365261,-0.09640724109262228,0.5562272308334708
1788862039726188500,21.4701884765625,0.7946832279920577,-0.6191667943492531,0.6630015521615743
1788862039736229600,21.480229736328123,0.6264402924835681,-1.0950617205783724,0.7873248280532658
1788862039746271700,21.490271728515626,0.11059387961626052,-1.3655319816350937,0.7188412205442786
1788862039756312800,21.500312744140626,-0.4538163654118776,-1.4406225861936808,0.4660928959978744
1788862039766354700,21.510354736328125,-0.6014098961234092,-1.365078392648697,0.0989916315626353
1788862039776395800,21.520395751953124,-0.5041127204537391,-0.9522703294515609,-0.20519235425386576
1788862039786436900,21.530436767578124,-0.5892512562960386,-0.6055377897083759,-0.4619861913314089
1788862039796478700,21.540478759765627,-0.8557669345080852,-0.435935840806365,-0.5934363599609583
1788862039806519800,21.550519775390626,-1.3314590316414832,-0.4112772003680467,-0.6256040608551353
1788862039816561700,21.560561767578125,-1.5880460210353136,-0.6680909842550754,-0.787985118592903
1788862039826602800,21.570602783203125,-1.9497475818514822,-1.1254945605039597,-0.9869443871434778
1788862039836643600,21.5806435546875,-2.1681471716701983,-1.6450737301588056,-1.0017048800323158
1788862039846685700,21.590685791015623,-2.080993788874149,-2.2063959460437297,-0.7421939660158008
1788862039856726500,21.6007265625,-1.6090630901008844,-2.6877210806280374,-0.457325542576611
1788862039866769000,21.610768798828126,-0.9165683169513941,-2.9514287156820296,-0.23104749273406341
1788862039876809700,21.620809814453125,-0.41778994326293467,-2.8319530259519814,-0.13033373182024807
1788862039886850800,21.630850830078124,-0.807016055342555,-2.5302654965937137,-0.19205091393422336
1788862039896892700,21.640892578125,-1.514095818683505,-2.2577450250089166,-0.4968118228558451
1788862039906933800,21.650933837890626,-1.9100018469184636,-1.7361071692585943,-0.5940406094644218
1788862039916975600,21.6609755859375,-1.6273247229784726,-1.014777931290865,-0.47255102262869475
1788862039927016700,21.6710166015625,-1.2060001758486032,-0.2928589107364416,-0.3472374205254018
1788862039937057800,21.681057861328124,-1.358550452184677,0.3099959234982729,-0.22642885649008676
1788862039947099600,21.691099609375,-1.6758014613777399,0.7018173127681017,-0.14067920301211997
1788862039957140700,21.701140625,-1.8176245919942855,0.7105003854393959,-0.049896048878971484
1788862039967182800,21.711182861328126,-2.026265004342794,0.12648176909983158,0.033681502990610894
1788862039977224000,21.721223876953125,-2.381663081100583,-0.6649807432800531,0.009661690178792924
1788862039987264800,21.7312646484375,-2.7535832535922524,-1.196034077629447,-0.10309190648831426
1788862039997307000,21.741306884765624,-3.1009312948852776,-1.5379782140523195,-0.28789984529064966
1788862040007347700,21.75134765625,-3.1937025175631044,-1.658031411409378,-0.4600318789258599
1788862040017389800,21.761389892578126,-2.6172663191765544,-1.3124655773580074,-0.6846963012930005
1788862040027430700,21.7714306640625,-1.8339917894273996,-0.6557447129011154,-0.779974465290457
1788862040037472800,21.78147265625,-1.1580103441834448,-0.1711141070306301,-0.6897600874885916
1788862040047513600,21.791513671875,-0.5667997705131769,-0.1298614746659994,-0.5608604435920715
1788862040057555000,21.801554931640624,-0.14827157610356806,-0.32444939626455305,-0.49601533871591086
1788862040067596800,21.8115966796875,-0.04037351144254207,-0.7160486672163009,-0.4677623635800555
1788862040077638000,21.821637939453126,0.057276130926609034,-0.9767851775050163,-0.32288200081735846
1788862040087680000,21.831679931640625,0.06127250708639621,-1.1241875695586203,-0.2012607504259795
1788862040097721000,21.84172119140625,-0.16059797371327877,-1.2432336356997489,-0.2207087070113048
1788862040107762200,21.85176220703125,-0.5174398195385933,-1.4075596900254488,-0.23446681792456656
1788862040117804000,21.861803955078123,-0.7855395520716905,-1.4913281065583228,-0.36329332351963967
1788862040127845000,21.87184521484375,-1.0566595092087983,-1.3221966977775097,-0.37523422894310204
1788862040137887000,21.881886962890626,-1.5369436103075742,-0.7548843015670776,-0.11468385234363376
1788862040147928000,21.891927978515625,-1.8791840993285178,-0.13576339218616484,0.16742973769577219
1788862040157969000,21.901968994140624,-1.6242565675795078,0.06286006853878498,0.18178554050754756
1788862040168011000,21.912010986328124,-1.5003759208887815,-0.07639058124125003,0.029324326127837412
1788862040178051800,21.9220517578125,-1.174664541864395,-0.503846178472042,-0.09797893825559877
1788862040188094000,21.932093994140626,-0.5058733003854752,-0.8244009053856134,0.03944449609727599
1788862040198134800,21.942134765625,-0.01643207936286926,-1.2835761674821375,0.041138038674788546
1788862040208175900,21.95217578125,0.2743582084059715,-1.750434969818592,-0.040924359391489994
1788862040218218000,21.962218017578124,0.4226987580925226,-1.6757406711012124,0.0816357884183526
1788862040228259000,21.972259033203127,0.0045627778708934785,-1.3180594518423079,0.367295654496178
1788862040238301000,21.982301025390626,-0.6896639336377381,-1.018080479967594,0.648133872571215
1788862040248342000,21.992342041015625,-1.0003139371305703,-0.7797305735319853,0.9039248162165283
1788862040258383000,22.002383056640625,-0.9393541492551565,-0.6658961045593023,1.1342678687419743
1788862040268425000,22.012425048828124,-0.7415607096135616,-0.5269973369568586,1.2577346008695662
1788862040278466000,22.022466064453123,-0.5147931044220924,-0.5952981352448463,1.0721326073464006
1788862040288508000,22.0325078125,-0.3741255735814571,-0.8055588422715664,0.6366239789761603
1788862040298549000,22.042549072265626,0.24359540587365625,-0.9375093981713056,0.13678180284793487
1788862040308589800,22.05258984375,0.7465922740399837,-0.9181757521480322,-0.058952731502475215
1788862040318632200,22.062632080078124,0.5133148485630751,-0.6857824160292745,0.03023695202730596
1788862040328673000,22.072673095703124,-0.0027799861073493958,-0.5131541050434112,0.12674471261864528
1788862040338715100,22.082715087890627,-0.46386955739259716,-0.5031567349031567,0.20140015889666973
1788862040348756000,22.092755859375,-0.6162532449901104,-0.6790183287218212,0.23302584360232576
1788862040358798000,22.102798095703125,-0.6055857205033301,-1.0405658680200576,0.25045075166113673
1788862040368839000,22.1128388671875,-0.5403144991695881,-1.4682400764375925,0.32139811893515285
1788862040378880000,22.1228798828125,-0.29566520032882687,-1.7157354123592377,0.4513503406245261
1788862040388921900,22.132921875,-0.12089783148765564,-1.7474261433914302,0.5138731400329619
1788862040398963000,22.142962890625,-0.21510347088277337,-1.740031941486895,0.4918070368384942
1788862040409004800,22.1530048828125,-0.14362287351489067,-1.7486524703159927,0.3261523277249187
1788862040419046000,22.1630458984375,0.21483517533540725,-1.575997271323204,0.031588183973170814
1788862040429087000,22.1730869140625,0.9232733675479888,-1.2665826548442243,-0.18644304745718834
1788862040439129000,22.183129150390624,1.4328139582693575,-0.6591831629171967,-0.31891101482715456
1788862040449170200,22.193170166015626,1.5244956321448087,-0.110867143599689,-0.32532442553341384
1788862040459212000,22.2032119140625,1.4093541722267866,0.12669511958956717,-0.23142843660935758
1788862040469253000,22.213253173828125,1.4716343950510025,0.08591361186802386,0.009874547478184103
1788862040479294000,22.2232939453125,1.6604904949992894,-0.07342968560904264,0.23686741279289125
1788862040489336000,22.233336181640624,1.7800234678745268,-0.28476299030333757,0.3870305747967213
1788862040499377000,22.243376953125,2.049283476358652,-0.5249179733995348,0.2912144314650446
1788862040509419000,22.2534189453125,1.8581085780739783,-0.615611951411888,0.1924368079792708
1788862040519459800,22.2634599609375,1.5813935774087904,-0.5408052783612162,0.3916897257141769
1788862040529501000,22.2735009765625,1.8602490972340107,-0.5244027538863941,0.5511369219571352
1788862040539543000,22.28354296875,2.5178935062766072,-0.5545626586221158,0.6352767290856689
1788862040549584000,22.293583984375,2.445063247865438,-0.786683753670752,0.5474280575018375
1788862040559626000,22.3036259765625,2.7934996689170597,-0.6263460383288562,0.23764833403751254
1788862040569667000,22.3136669921875,2.8239550129353996,-0.26062039136206727,0.12492131485007703
1788862040579708200,22.323708251953125,2.555591661030054,-0.3253212837282568,0.20102745312675832
1788862040589750000,22.33375,2.959423221567273,-0.32804424241874364,0.1945619103744626
1788862040599791000,22.343791015625,3.19805603659749,-0.13915029467809945,0.12416998502612113
1788862040609833000,22.3538330078125,2.9472178199887273,0.09970759781226515,0.04036116341762244
1788862040619874000,22.3638740234375,2.8214509211599825,0.3531435758292675,0.09874021408483385
1788862040629916000,22.373916015625,2.706256269749999,0.2558102694002911,0.2911486727524549
1788862040639957000,22.38395703125,2.7027380324959753,-0.0017002645792439579,0.4493333017136901
1788862040649997800,22.393997802734376,2.6165128704607485,-0.028169315440393982,0.36747948663048446
1788862040660040000,22.4040400390625,2.89221372564733,0.1592386315261945,0.20228928975611923
1788862040670081000,22.4140810546875,2.491232293844223,0.26993284797808154,-0.21594759355671703
1788862040680123100,22.424123046875,1.84352124979496,0.32421262836661185,-0.4488288593228906
1788862040690164000,22.4341640625,1.5357050084233284,0.2395843070687726,-0.2813926370874047
1788862040700205000,22.444205078125,1.920355483150482,0.07511921416514088,0.17208733597695827
1788862040710247000,22.454246826171875,2.505976273989677,0.03846223446112126,0.4205040245272219
1788862040720288000,22.4642880859375,2.612789466023445,0.06785162974838167,0.30274171458631755
1788862040730330000,22.474330078125,2.3229946190327406,-0.07177380816079676,-0.07171287175379693
1788862040740371000,22.484370849609373,2.552075761863589,0.02845255282856524,-0.16249810824617741
1788862040750412000,22.494412109375,2.5564205130696296,0.280049771111086,0.055560632245615124
1788862040760454000,22.504453857421876,2.1858120076984164,0.3428068176668137,0.03640913785621524
1788862040770495000,22.514494873046875,1.3846376641213893,0.3211358878023922,-0.3233314981505275
1788862040780537000,22.524537109375,1.0134317773789168,0.20340645721778272,-0.32837161120958624
1788862040790578200,22.534578125,1.648376278835535,0.012073884153366089,0.055298437645472584
1788862040800619000,22.544618896484376,2.0136217958688736,-0.06659107176065444,0.41938510349988933
1788862040810661000,22.5546611328125,1.3162187924116848,-0.13258563893288372,0.41602589273247864
1788862040820702000,22.564701904296875,0.706641371923685,-0.2098014189518988,0.17745956706721336
1788862040830744000,22.574744140625,0.6471463959038257,-0.19497545961141585,0.11514149645064026
1788862040840785200,22.58478515625,0.8456465225100517,-0.15460253269076346,0.3451249584160745
1788862040850826000,22.594825927734377,0.9489046524107456,-0.1733127861186862,0.5867809937249868
1788862040860868000,22.6048681640625,0.629575667899847,-0.1812485475540161,0.5869027934737503
1788862040870909000,22.614908935546875,0.21573650808930395,-0.3825722071483731,0.25080451526856046
1788862040880951000,22.624950927734375,-0.02458849781155586,-0.7606511945307254,-0.055685281538590786
1788862040890991900,22.634991943359374,0.3647971887439489,-1.0965294550433755,-0.11521687237494624
1788862040901033000,22.645032958984373,0.5017734638512135,-1.4792401938796043,-0.08015682017328217
1788862040911075000,22.655074951171876,0.2932067012608051,-1.7471233610525727,-0.0459943195995409
1788862040921116200,22.6651162109375,0.14300444935560225,-1.7381044805556534,0.04444995796806179
1788862040931158000,22.675157958984375,-0.0029342998862266537,-1.5190864665776491,0.153351253988035
1788862040941199000,22.68519921875,-0.17269933039546012,-1.2277356223165987,0.301610335936211
1788862040951241000,22.695240966796874,-0.05745148749351501,-0.886763545796275,0.3906664105484262
1788862040961282000,22.705281982421877,0.42737668677568436,-0.6688146223545074,0.2530084367873147
1788862040971323100,22.7153232421875,0.630164865964651,-0.6242185247808695,-0.06739031411325559
1788862040981365000,22.725364990234375,0.19968553699851035,-0.8012509159445762,-0.4287386958438903
1788862040991406000,22.735406005859375,-0.510935259950161,-1.0459545753210782,-0.6961213661488145
1788862041001448000,22.745447998046874,-1.0284428840279578,-1.2987252212971447,-0.6487045851312577
1788862041011489000,22.755489013671873,-1.3746201279759407,-1.5885165611565113,-0.45823505863696334
1788862041021529900,22.76552978515625,-1.565722545546293,-1.9535551574409007,-0.36995395045261825
1788862041031572200,22.775572265625,-2.054044991672039,-2.275235088992119,-0.200530353792198
1788862041041613000,22.785613037109375,-2.461951838824153,-2.6225761160224677,-0.02537917326521128
1788862041051655200,22.7956552734375,-2.576044666472077,-2.825312857285142,0.0903585720455274
1788862041061696000,22.805696044921874,-2.2223142306655643,-2.7101918556332585,0.2592528476022184
1788862041071737000,22.815737060546876,-1.6064134523749352,-2.3104636387616395,0.4539161725245416
1788862041081779000,22.825779052734376,-1.454579799875617,-1.8746961402595042,0.3510485032461583
1788862041091820000,22.835820068359375,-1.7751894718468189,-1.3399340145200491,0.19930223676934838
1788862041101862000,22.84586181640625,-2.121548502102494,-0.7360749716788529,0.09892631124146282
1788862041111903000,22.855903076171874,-2.2667273728877304,-0.34690497370064255,-0.046548071891628205
1788862041121944000,22.865944091796877,-2.2905840492933986,-0.24644553460776805,-0.19199845309462396
1788862041131986000,22.87598583984375,-2.2126123363405465,-0.22445932824909687,-0.31289270438570527
1788862041142027000,22.886027099609375,-2.21490015501678,-0.32277707913815973,-0.25764216100256887
1788862041152069000,22.896069091796875,-2.149282896724343,-0.5037988321989775,-0.3208424578137696
1788862041162110200,22.906110107421874,-2.3109476228863,-0.8626999486416578,-0.389244013062492
1788862041172151000,22.916151123046873,-2.563998839369416,-1.193245908215642,-0.2849685958780348
1788862041182193200,22.926193115234376,-2.2838912736564874,-1.1929279283076524,-0.17183343428112566
1788862041192234000,22.93623388671875,-1.706017735943198,-0.9089473205536603,-0.31484957407452163
1788862041202276000,22.946276123046875,-1.2062602880895137,-0.557873536735773,-0.4309674412766471
1788862041212317000,22.95631689453125,-0.8261462877482175,-0.3267120804995298,-0.31784371438920495
1788862041222358000,22.96635791015625,-0.45327217553257937,-0.2723269948393106,-0.10563943554665893
1788862041232400000,22.97639990234375,-0.09723287826180457,-0.21177637228667734,0.11582852886673062
1788862041242441000,22.98644091796875,-0.04254793287217617,-0.23087913216352463,0.2674539454428479
1788862041252483000,22.996483154296875,-0.2589198162555694,-0.33551965633332725,0.35948976651821285
1788862041262524200,23.006524169921875,-0.6118775141239166,-0.5049766438066959,0.32360154726356266
1788862041272565200,23.016565185546874,-1.08056586997509,-0.6604945377767085,0.08694828867800533
1788862041282607000,23.026607177734373,-1.203311375156045,-0.7662707879781723,-0.3217008282087743
1788862041292648200,23.036648193359376,-0.6957441303342581,-1.0218576604187488,-0.8272592174261808
1788862041302690000,23.04668994140625,0.1679290472537279,-1.277089143550396,-0.9859816065259277
1788862041312731100,23.056731201171875,0.7531973713934421,-1.4035066152423619,-0.639215895165503
1788862041322773000,23.06677294921875,0.7671586767286062,-1.3706933099210261,-0.02069499750435352
1788862041332814000,23.07681396484375,0.31454233475625515,-1.2279986571669579,0.5117235607836396
1788862041342855000,23.08685498046875,-0.32149522263407704,-1.0363602330237627,0.7941857267986983
1788862041352897000,23.09689697265625,-1.118324815005064,-0.9164929136276244,0.8122782136544585
1788862041362937900,23.106937744140627,-1.5968693789601325,-1.0097399371236562,0.6612890491552651
1788862041372980200,23.116980224609375,-1.6614625549018383,-1.1924340073108672,0.47761093636676666
1788862041383021000,23.12702099609375,-1.2914578606426714,-1.1898019052416084,0.3554135665878653
1788862041393062100,23.137062255859377,-0.5538970343202352,-1.1828098543971777,0.14724946651421486
1788862041403104000,23.14710400390625,0.18973463634848595,-1.2366022348612546,-0.1318650695733726
1788862041413145000,23.15714501953125,0.4952256496429443,-1.217999825721979,-0.15787439396828412
1788862041423187000,23.16718701171875,0.5487205084651708,-1.2121744805693626,-0.04078956316383555
1788862041433228000,23.17722802734375,0.4060515746742487,-1.2898206148296594,0.11822362557603046
1788862041443269000,23.18726904296875,0.15972762061953544,-1.3125848198235035,0.24571753086047246
1788862041453311000,23.19731103515625,-0.06415478452444076,-1.352588328909874,0.29381834861943495
1788862041463352000,23.20735205078125,-0.3274368876427412,-1.5031106065496802,0.27059080043016
1788862041473394000,23.217393798828127,-0.1363794782578945,-1.543555137401819,0.1409629883895628
1788862041483435000,23.22743505859375,0.23258535155951976,-1.4103636415302752,-0.07833148617595434
1788862041493475800,23.237475830078125,0.2782183909654617,-1.4048200359284877,-0.23572262667194008
1788862041503518200,23.247518310546877,0.04565700480341911,-1.3923413703665137,-0.1106191053890623
1788862041513559000,23.25755908203125,0.04998246678709983,-1.4617211960628629,0.035061266911216075
1788862041523601200,23.26760107421875,0.027249825975298878,-1.444668938975036,0.011847966443002223
1788862041533642000,23.27764208984375,-0.08179682419896125,-1.4207666698619723,0.05393683043606579
1788862041543683000,23.28768310546875,-0.287207168585062,-1.3913938603833318,0.21662216835003345
1788862041553725000,23.297724853515625,-0.40968554726243017,-1.1861813766568898,0.32666919120587407
1788862041563766000,23.30776611328125,-0.5007856218576431,-0.9730021518349647,0.3190238640844822
1788862041573807900,23.317807861328124,-0.1339747552037239,-0.9352873382076621,0.3047457844177261
1788862041583849000,23.327848876953126,0.4353910664051771,-0.9355044880896806,0.2744578693881631
1788862041593890000,23.33789013671875,0.7264227617144584,-0.8153468074448407,0.08488613198380916
1788862041603932000,23.347931884765625,0.5586930364251137,-0.7278077863320708,-0.1291222736712545
1788862041613973000,23.357972900390624,0.5122030879288911,-0.8446651102572679,-0.3591478942779824
1788862041624015000,23.36801513671875,0.6867699657618999,-0.9170758280821144,-0.511881783552654
1788862041634056200,23.37805615234375,0.7901882546603679,-0.8353500232927501,-0.30677612120155245
1788862041644097000,23.388096923828126,1.0847837799310684,-0.8438355275653302,-0.035190775042399765
1788862041654139100,23.39813916015625,1.590145039141178,-0.8715832200601696,0.12792656108066439
1788862041664180000,23.408179931640625,1.9811293930649756,-0.8365555996902286,0.21557401100397108
1788862041674222000,23.41822216796875,2.0723282518595454,-0.7469173412758856,0.25762714609652754
1788862041684263000,23.428262939453123,1.925019967830181,-0.7330262516327202,0.08536861827112734
1788862041694304000,23.438303955078126,1.950482910388708,-0.6748996413566172,-0.1292532796397805
1788862041704345900,23.448345947265626,2.2046564089000222,-0.4775645764743909,-0.2133415027115494
1788862041714387000,23.458386962890625,2.328656882578134,-0.5327474979814142,-0.16714293837733565
1788862041724428800,23.4684287109375,2.5959306856811044,-0.5759559405889362,-0.09788345112502575
1788862041734470100,23.47847021484375,2.779880893409252,-0.37045594515800473,-0.12089476274773478
1788862041744512000,23.488511962890627,2.3632862974107263,-0.3283902793774381,-0.25345044493377206
1788862041754553000,23.498552978515626,2.237768404906988,-0.43428968103453514,-0.26552769008800386
1788862041764594200,23.50859423828125,2.684157250666618,-0.37602768087573346,-0.366450362778455
1788862041774636000,23.518635986328125,2.4104408472955225,-0.12921904857661573,-0.279946164606139
1788862041784677000,23.528677001953124,2.2014333552002907,0.13487939415955916,0.05009659468606114
1788862041794719000,23.538718994140623,2.1507038694381713,-0.031756526277400554,0.4208115561064332
1788862041804760000,23.548760009765626,2.561359723037481,-0.2798051852328703,0.49469519602805373
1788862041814801000,23.55880078125,2.650130477902293,-0.11980088483011349,0.059509808262810104
1788862041824843000,23.568843017578125,2.433033787375688,-0.12326026803636923,-0.1729234214749187
1788862041834883800,23.5788837890625,2.452844403260946,-0.04633037402033806,-0.15285269334875046
1788862041844926200,23.58892626953125,2.7886873001992702,0.2886545178491622,-0.06351999375224113
1788862041854967000,23.598967041015626,3.1408781053483485,0.19646259289663284,0.11492862088494002
1788862041865008000,23.609008056640626,3.1565199111163613,0.024076557100890204,0.18330160762630401
1788862041875050000,23.619050048828125,3.105444972917437,0.13945726000173017,0.11760748470537363
1788862041885091000,23.629091064453124,2.879052630779147,0.4580071316326037,0.1381920075725764
1788862041895133000,23.6391328125,2.559099961411953,0.5497255207892507,0.19047800206169485
1788862041905174000,23.649174072265627,2.0895336536824702,0.3420021502204239,0.3626683600217104
1788862041915215000,23.659215087890626,1.829561698025465,-0.05781878643594682,0.6963730028223246
1788862041925257000,23.669257080078125,1.7359411650419234,-0.27864465355351564,0.947662324199453
1788862041935298000,23.679298095703125,1.4995517450243234,-0.2574563195742667,0.9241100375678389
1788862041945340000,23.68933984375,0.9434124847352504,-0.17130385744906962,0.7710014697618782
1788862041955381000,23.699381103515623,0.6558809065014124,-0.16455979001633822,0.6224846867255867
1788862041965421800,23.709421875,0.9321592693150043,-0.2614772456534207,0.392986304863356
1788862041975464200,23.719464111328126,1.1257160943001507,-0.3570445287905633,0.04678155185393989
1788862041985505000,23.729505126953125,1.1812673011302948,-0.3403320250511169,-0.3104023488746956
1788862041995547100,23.739547119140624,1.0717156240433454,-0.37690570581927896,-0.48506176382936533
1788862042005588000,23.749587890625,1.2413409538209437,-0.4901125444129109,-0.6614278731040656
1788862042015629000,23.759629150390627,1.352716923725605,-0.4577067969791591,-0.7257314184494316
1788862042025671000,23.7696708984375,1.339675071322918,-0.23577567203342914,-0.6367720091447234
1788862042035712000,23.7797119140625,1.0060112719893455,0.02561462598890066,-0.5394336977470666
1788862042045753900,23.78975390625,0.6119347972691058,0.14434855744093655,-0.4327239295551553
1788862042055795000,23.799794921875,0.7200538112044333,0.09526859245151281,-0.2290515879428014
1788862042065836000,23.8098359375,0.9998574255347251,-0.061817573748528955,-0.02794288627337664
1788862042075878000,23.8198779296875,1.1676140388309955,-0.3194458888888359,0.04167721445225179
1788862042085919000,23.8299189453125,1.1831658282279967,-0.6887389277473092,-0.06499737282842398
1788862042095960800,23.8399609375,1.0053776502609253,-1.1230632417038082,-0.23918188201403243
1788862042106002000,23.850001953125,0.7519722135126591,-1.4705153278931975,-0.4128134334919974
1788862042116042800,23.860042724609375,0.4946142397463321,-1.746596706829965,-0.46285731161013244
1788862042126085000,23.870085205078126,0.12263853767514228,-1.8976926927044986,-0.3616021190296858
1788862042136126000,23.8801259765625,-0.05184475352764129,-1.8313842372775078,-0.21689437288753688
1788862042146168000,23.89016796875,-0.00670329703092575,-1.7733242624968288,-0.1770706590811722
1788862042156209000,23.900208984375,0.008729249900579453,-1.7135557302325963,-0.24131578877018764
1788862042166251000,23.9102509765625,-0.22042788077592848,-1.5619915423244237,-0.3660673548102379
1788862042176291800,23.920291748046875,-0.5721896468579769,-1.439711901089549,-0.5223185314908624
1788862042186333000,23.9303330078125,-0.9977858799576759,-1.4441408234477042,-0.5963583848875016
1788862042196374800,23.940374755859374,-1.1721902607053518,-1.459805425569415,-0.6754825558111072
1788862042206416000,23.950415771484376,-1.230402211177349,-1.49911043099761,-0.6691816290359943
1788862042216457700,23.960457763671876,-1.4369558803796767,-1.5652917529135941,-0.6347941332004964
1788862042226498800,23.970498779296875,-1.6425550253361463,-1.6110878739267587,-0.46006881340276445
1788862042236540000,23.980539794921874,-1.7631740398824214,-1.628051283687353,-0.26247498798649754
1788862042246582000,23.99058203125,-1.9141355857223272,-1.5942635803759098,-0.04998177266735583
1788862042256623000,24.000623046875,-1.968297384020686,-1.4974194091707467,0.09167115248143673
1788862042266665000,24.0106650390625,-1.9631401473879813,-1.2856646641939877,0.08039557909891008
1788862042276706000,24.0207060546875,-1.8947721290826796,-0.950513256651163,0.011007606628723443
1788862042286747000,24.030746826171875,-1.99579913893044,-0.658130731254816,-0.012694134943559764
1788862042296789000,24.0407890625,-2.1324270389914513,-0.4459089532881975,-0.026985366352833808
1788862042306829800,24.050829833984373,-2.1762872235059736,-0.48158466230332847,-0.2487439477432519
1788862042316871000,24.060870849609376,-2.258449373885989,-0.5756991162836551,-0.35903541034683584
1788862042326912800,24.070912841796876,-2.182947850438952,-0.607410013321042,-0.3309724778903648
1788862042336953900,24.080953857421875,-2.052260446342826,-0.672472560340166,-0.15694620974007992
1788862042346995700,24.09099560546875,-1.8833055631726978,-0.7272159579187631,-0.005217369322106242
1788862042357036800,24.101036865234374,-1.7396797670483588,-0.7560387322992086,-0.125109494365938
1788862042367079000,24.111078857421877,-1.7031418882459401,-0.6488298189461231,-0.2955381033504382
1788862042377120000,24.1211201171875,-1.3144009293347596,-0.37937399562895296,-0.607589899932593
1788862042387161000,24.1311611328125,-0.9495721764087677,-0.2435667643010616,-1.0331764884211123
1788862042397203000,24.141202880859375,-0.8831868563532829,-0.2166501158028841,-1.286950173959881
1788862042407244000,24.151244140625,-0.7881120329082012,-0.24817922653257846,-1.2438174269370734
1788862042417286000,24.161285888671873,-0.6357867974996566,-0.44458033503293987,-1.1308035536322742
1788862042427327000,24.171326904296876,-0.5132786082059144,-0.3812339442819357,-0.9452368506181985
1788862042437367800,24.181367919921875,-0.48130642988383765,-0.2732417715966701,-0.8242283983629196
1788862042447410000,24.191409912109375,-0.5606213741391897,-0.2288882506072521,-0.7168751081030815
1788862042457450800,24.20145068359375,-0.6167553492933512,-0.280858676341176,-0.7119689966872335
1788862042467492900,24.211492919921874,-0.9278378989845514,-0.5313730678230524,-0.6208353851485997
1788862042477533700,24.22153369140625,-1.4525772278815507,-0.8945990617275238,-0.4765194878682494
1788862042487574800,24.23157470703125,-1.6384423293203114,-1.0890145493686199,-0.43315837544966485
1788862042497617000,24.241616943359375,-1.5904507440894842,-1.162629820677638,-0.4909327016893774
1788862042507658000,24.251657958984374,-1.5343062475413083,-1.0452794525384903,-0.42009383629113434
1788862042517699800,24.261699951171874,-1.2761942405372857,-0.8934493071705102,-0.3690263507463038
1788862042527741000,24.271740966796877,-0.8554729199975728,-0.7985895877808332,-0.35426271605230863
1788862042537782000,24.281781982421876,-0.34361002380847927,-0.8497428519129753,-0.37857195853106673
1788862042547823900,24.291823974609375,0.016153262421488762,-0.8474988723784684,-0.32224271653313186
1788862042557865000,24.301864990234375,-0.021549568507075307,-0.7242857496857643,-0.08948173441207036
1788862042567906800,24.31190673828125,-0.4856389061301946,-0.39508185237050053,0.19959626954616977
1788862042577948000,24.321947998046873,-1.0613064582318066,0.054936874324083326,0.41536293531171975
1788862042587988700,24.33198876953125,-1.6490467254430055,0.45085225490927694,0.5730939752865583
1788862042598031000,24.342031005859376,-1.9583453143268823,0.7145441078722476,0.6767176505640149
1788862042608072000,24.352072021484375,-2.094414411461353,0.7494196064203977,0.70064534637928
1788862042618114000,24.362114013671874,-2.0847306373149155,0.5060609319120645,0.6962975994985551
1788862042628155000,24.37215478515625,-1.7390683571517467,0.05594108293056488,0.670033350494504
1788862042638196000,24.382196044921876,-1.1399001024752855,-0.3521528112262487,0.6809255505826324
1788862042648237800,24.39223779296875,-0.599053103864193,-0.6892021613448858,0.5896632711630314
1788862042658279000,24.40227880859375,0.09112930068969725,-0.8537035722374916,0.4167388267748058
1788862042668320800,24.41232080078125,0.7238122869551181,-0.7306780810713768,0.102066655093804
1788862042678361900,24.42236181640625,0.9543956510424614,-0.6430296082347631,-0.11890536076249554
1788862042688403000,24.43240283203125,0.9213514595746993,-0.48146132818460463,-0.10766102276844904
1788862042698444800,24.44244482421875,0.5215443322479725,-0.12302198403477668,0.13253699575187639
1788862042708486000,24.45248583984375,-0.11434709466993809,0.06970657343268394,0.37159473992958664
1788862042718528000,24.462528076171875,-0.3676607614815235,-0.164625914055109,0.4120052223816514
1788862042728569000,24.472569091796874,-0.3006570172667503,-0.41099575307816266,0.38918906800486147
1788862042738610000,24.48260986328125,-0.1165811373323202,-0.6965791198536754,0.32800222990792244
1788862042748652000,24.492652099609376,-0.3759177176952362,-1.1365417319580913,0.33136502087190745
1788862042758692900,24.50269287109375,-0.039276363855600356,-1.4781389546394348,0.44240277179814874
1788862042768735000,24.51273486328125,0.657015463489294,-1.2620330287158488,0.6794076203003525
1788862042778775800,24.52277587890625,0.4036556194484234,-0.7814172114446759,0.9344419003594666
1788862042788817000,24.53281689453125,-0.29703415059447286,-0.46933951323628426,0.9146002317488193
1788862042798859000,24.54285888671875,-0.35497780551910396,-0.4309411012589931,0.6032562546424567
1788862042808899800,24.55289990234375,-0.035514380973577495,-0.6092424894452094,0.1497562708365265
1788862042818942000,24.56294189453125,0.10548924995362759,-0.6116419518023729,-0.1827693091141991
1788862042828982800,24.572982666015626,-0.21736732416152954,-0.25214813016355037,-0.3296559884643182
1788862042839023900,24.58302392578125,-0.48866965212821956,-0.23401713792830706,-0.4526511210247874
1788862042849066000,24.59306591796875,-0.18366846817731855,-0.5983546002060175,-0.6476044418696314
1788862042859107000,24.603107177734376,0.768600692230463,-0.9599500702992081,-0.725600923937559
1788862042869149000,24.61314892578125,1.5189420896708965,-1.1112924321502446,-0.6002130875542759
1788862042879190000,24.62318994140625,1.4431670099794864,-1.0916221015185117,-0.3949345893869176
1788862042889230800,24.63323095703125,1.370007081222534,-1.111541000083834,-0.28698850259939207
1788862042899273000,24.64327294921875,1.3861065676301716,-1.2365917134672402,-0.3342769627958536
1788862042909313800,24.653313720703125,1.5683248369991778,-1.173159397998452,-0.8149906874835491
1788862042919356000,24.66335595703125,1.9128280102550983,-0.857908330450952,-0.9805243640333413
1788862042929397000,24.67339697265625,2.288441192045808,-0.5616426800109445,-0.7358619865152984
1788862042939437800,24.683437744140626,2.5833342389583587,-0.388047642884776,-0.39056167153231797
1788862042949480000,24.69347998046875,2.4894109236359596,-0.45371736201681195,-0.016875914140231905
1788862042959520800,24.703520751953125,2.4836849472045897,-0.8638722803566604,0.23170144486445932
1788862042969563000,24.71356298828125,2.8660370818614957,-1.1753758319389074,0.403128015377745
1788862042979604000,24.72360400390625,3.1442145562946795,-1.1543126587092876,0.47216224250681693
1788862042989645000,24.73364501953125,3.358928151077032,-0.604017411740683,0.4248569590397179
1788862042999687000,24.74368701171875,3.154235599571466,0.11661650090664624,0.36505803163722156
1788862043009728000,24.75372802734375,2.5683050121307374,0.6329875221699476,-0.061821555803902445
1788862043019769900,24.763769775390625,1.7562205674827098,0.7436909265752881,-0.4637108962321654
1788862043029811000,24.77381103515625,1.2011878071308135,0.5410998773936182,-0.48441977613139897
1788862043039851800,24.783851806640627,1.1660486892104147,0.7490927856188268,-0.2865078977419063
1788862043049894000,24.793893798828126,0.8115840939104556,1.0710949348617345,-0.12989734969697891
1788862043059934700,24.803934814453125,0.7661895394355058,0.9328408218383788,0.2464624674762599
1788862043069976600,24.8139765625,1.17836690351367,0.46369599092397834,0.4901901396937668
1788862043080017700,24.824017578125,2.07403564029932,0.09257579143727197,0.15177825078396126
1788862043090058500,24.83405859375,2.957690114164352,0.3693202556589618,-0.8699366218969226
1788862043100100600,24.8441005859375,2.444558220952749,1.0863146427601575,-1.5582174306131897
1788862043110141400,24.854141357421874,1.3218985916137695,0.7788693535927683,-1.253228813882917
1788862043120183600,24.86418359375,1.1154384459137916,-0.021172113496810196,-0.6782751091390847
1788862043130224400,24.874224365234376,2.066951234996319,0.171285627672635,0.2769234923167154
1788862043140265500,24.884265380859375,3.5650983739197253,0.9254176130350679,1.0663342963311822
1788862043150307300,24.894307373046875,3.53312385751009,1.249407794290036,0.9892873700730502
1788862043160348400,24.904348388671874,2.7880045786321164,0.991898721615225,0.45946218927912413
1788862043170390500,24.914390625,2.8099697422027585,0.8211084397114813,0.14226396058606913
1788862043180431600,24.924431640625,2.387291442376375,0.9149760793238878,0.11025489345286041
1788862043190472700,24.93447265625,1.7690186742573974,0.9103484195232391,0.04785740092452615
1788862043200514600,24.9445146484375,1.6878572253525257,0.7789120967559516,0.11805051576513796
1788862043210555600,24.9545556640625,1.6353414406955242,0.6755467070885002,0.49026068417932833
1788862043220597500,24.964597412109374,1.768070579752326,0.7294692898035049,0.7625500869546085
1788862043230638600,24.974638671875,2.0143512791872022,0.9141828831195831,0.8288901065636426
1788862043240679400,24.984679443359376,1.8600415919631719,1.0244286799505353,0.6100211456675082
1788862043250721500,24.994721435546875,1.3577040644884109,0.9280556333884596,0.08468059947434813
1788862043260762400,25.004762451171874,0.7356184600830078,0.7012865668922662,-0.3404917456574738
1788862043270804500,25.014804443359374,0.24310323844254014,0.25651041702628136,-0.4363044914556667
1788862043280845300,25.02484521484375,0.22985738790035246,-0.16159282996952531,-0.21923068861430509
1788862043290886400,25.034886474609376,0.1781599338889122,-0.5591723443746567,-0.05055051246602088
1788862043300928500,25.044928466796875,-0.5524772306501865,-0.9331769219249486,-0.11398571401163934
1788862043310969600,25.054969482421875,-1.4216168569505214,-1.2279819982931017,-0.3208453438905999
1788862043321011500,25.065011474609374,-1.7844494676232336,-1.5166224145516751,-0.47870589199662206
1788862043331052500,25.075052490234373,-1.4108768517494201,-1.7405004357814788,-0.45008788294065744
1788862043341093600,25.08509375,-0.7715349921166896,-1.7226655038833618,-0.30304484398504716
1788862043351135500,25.095135498046876,-0.2568161219745874,-1.4395003041654824,-0.11720896864077075
1788862043361176600,25.105176513671875,0.22856442548036573,-1.039934584379196,0.05338356220116838
1788862043371218400,25.115218505859374,0.741298843806982,-0.6151046594768762,0.29376157693089916
1788862043381259500,25.125259521484374,0.5802326680600642,-0.10855915891826153,0.5082943535199389
1788862043391300400,25.13530029296875,-0.21759762578606603,0.280181799992919,0.750400872542709
1788862043401342500,25.145342529296876,-0.7148802079588175,0.2973936315566301,1.0232621934544295
1788862043411383600,25.155383544921875,-0.901256766051054,0.06446867277920246,1.2335063146725296
1788862043421425700,25.16542578125,-0.6690829179018736,-0.4187643412530422,1.3557719273820519
1788862043431466500,25.175466552734374,-0.0541582911670208,-0.7845300827682018,1.258349371767044
1788862043441507600,25.185507568359377,0.2472884151726961,-1.0940028591752051,0.9118546593677253
1788862043451549400,25.195549560546876,-0.08403203590512275,-1.253580257669091,0.35261348754055793
1788862043461590500,25.205590576171875,-0.8524667239189148,-1.278316054996848,-0.4224960385946557
1788862043471632400,25.21563232421875,-1.8410516448110341,-1.4658978972256183,-1.1143372797388582
1788862043481673500,25.225673583984374,-2.582453364470601,-1.7233634230196475,-1.5309100292317568
1788862043491715300,25.23571533203125,-2.56723650611639,-1.9436703077644109,-1.3609079750962554
1788862043501756400,25.24575634765625,-1.882977061870694,-1.7064795082360504,-0.6231023071672767
1788862043511797500,25.255797607421876,-1.048062361255288,-1.1734732862532138,0.04357172296196222
1788862043521839600,25.265839599609375,-0.6512865644484758,-0.657006111139059,0.34307927793264387
1788862043531880700,25.275880615234374,-0.6949550257831811,-0.2908113305568695,0.03324534006305039
1788862043541922600,25.285922607421874,-1.173083410152793,0.0015355390042066574,-0.3121238754376769
1788862043551963600,25.295963623046877,-1.6397399679154157,-0.12161445532441138,-0.5815956269763409
1788862043562004500,25.30600439453125,-1.8616513652473687,-0.6955541607201099,-0.6934229939103126
1788862043572046600,25.316046630859375,-1.8204291280210017,-1.3189905952125787,-0.5159388403911144
1788862043582087400,25.32608740234375,-1.9671967293024062,-1.794877922657132,-0.03719462567809969
1788862043592129500,25.336129638671874,-2.0937030483216046,-2.023413706564903,0.49530554647874087
1788862043602170400,25.34617041015625,-2.252540442103147,-1.951488288038969,0.6700244365356862
1788862043612211500,25.35621142578125,-2.336326978814602,-1.6387427735716102,0.5794049119990319
1788862043622253300,25.36625341796875,-2.4494758036106825,-1.2110457688003777,0.314417174006626
1788862043632294400,25.37629443359375,-2.197441655215621,-0.7715794157803059,-0.08705196824818849
1788862043642336500,25.38633642578125,-1.7704864087224006,-0.4904296475380659,-0.3289077639129013
1788862043652377600,25.396377685546874,-1.282708152475953,-0.3372960183560848,-0.21661986679509282
1788862043662418700,25.406418701171877,-0.7928484137803316,-0.12840893777012824,-0.032224901840975505
1788862043672460500,25.41646044921875,-0.42300095590949055,-0.1503133110642433,-0.048037716794339935
1788862043682501600,25.426501708984375,-0.1573199749559164,-0.4078337819159031,-0.20703279448878018
1788862043692543500,25.43654345703125,0.17065408830344675,-0.3899965119302273,-0.2805991303558461
1788862043702584600,25.44658447265625,0.5630939017325639,-0.187613990932703,-0.4424270294565707
1788862043712625400,25.45662548828125,0.6711772598326206,-0.049282209563255304,-0.686181498349458
1788862043722667500,25.46666748046875,0.36293840913474557,0.04172434152960777,-0.7654905973859131
1788862043732708400,25.476708251953124,0.3450450250476599,0.29923487550914285,-0.8596603617500513
1788862043742750500,25.48675048828125,0.20680793622434138,0.48212592957317824,-0.9457732955824584
1788862043752791300,25.496791259765626,-0.4734177224606275,0.26439678636193276,-0.9582073182851075
1788862043762832400,25.506832275390625,-1.1057196004539727,-0.19526888960003852,-0.8730589917011559
1788862043772874500,25.51687451171875,-1.2284323724091053,-0.9096458242118358,-0.5631132640201598
1788862043782915600,25.52691552734375,-1.3345815475761889,-1.428728734782338,0.13358095184685662
1788862043792956700,25.536956787109375,-1.4382710546314716,-1.479227918919921,1.0349073308017105
1788862043802998500,25.54699853515625,-1.7825608773976562,-1.3562000896662474,1.7064035203903913
1788862043813039600,25.55703955078125,-2.5318098034262655,-1.1441846479266882,2.1795812966153023
1788862043823081500,25.56708154296875,-2.957873069515824,-1.149071250924468,2.1054346949085594
1788862043833122600,25.57712255859375,-2.9540695855796337,-1.4597703542560339,1.3648068822309374
1788862043843163400,25.587163330078123,-2.507211368742585,-1.5201222393661737,0.45630719584692264
1788862043853205500,25.59720556640625,-1.8778566501170395,-1.2781208246856928,-0.13019976670965552
1788862043863246300,25.607246337890626,-0.6596703619122505,-1.0608294883698224,-0.21134159759860485
1788862043873288400,25.617288330078125,0.3236380798816681,-0.9717273095935582,-0.11101203196309506
1788862043883329500,25.62732958984375,0.8353051612377166,-0.9064829762667417,-0.009589958383142947
1788862043893370600,25.63737060546875,0.7315250532895327,-0.6284831964880228,0.161337284305878
1788862043903412500,25.64741259765625,0.1775415097296238,-0.3407119642794132,0.4444064397707581
1788862043913453600,25.65745361328125,-0.391768782299757,-0.11446984426677226,0.6424053388565778
1788862043923495400,25.667495361328125,-0.9205097480535507,0.17964871114194392,0.6997142030090093
1788862043933536500,25.67753662109375,-1.5928700801908968,0.30659342157840724,0.7187422902144491
1788862043943577600,25.68757763671875,-1.4806646737247704,-0.12819909441173075,0.6527507917821407
1788862043953619500,25.697619384765623,-0.4215478344917297,-0.7981915283739567,0.668316463574022
1788862043963660500,25.70766064453125,0.8745230729043483,-1.054784070725739,0.8514179455183446
1788862043973702400,25.717702392578126,1.2622498863369225,-0.919975787307322,0.9825001941509545
1788862043983743500,25.727743408203125,0.2677110254764557,-0.8691977862283587,0.6709907973498106
1788862043993784300,25.737784423828124,-0.08855623533129692,-0.8897373009100555,0.13039119762852788
1788862044003826700,25.74782666015625,0.7264812139034271,-0.7225099721848964,-0.3380020112009719
1788862044013867500,25.757867431640626,1.741682339042425,-0.33377252040505406,-0.48117944250330325
1788862044023909600,25.76790966796875,1.7426269264161587,0.1044584456011653,-0.3557749837787822
1788862044033950500,25.777950439453125,1.359262984368205,0.18581103316396475,-0.25325985426511616
1788862044043991600,25.787991455078124,0.7890870154201984,-0.18287761006057263,-0.48037915897108613
1788862044054034000,25.798033935546876,0.4492623553693294,-0.6688616763666272,-0.7340586634203791
1788862044064075000,25.808074951171875,0.491343255251646,-1.1728589537471532,-0.7019235496215522
1788862044074116900,25.818116943359374,0.6823264303565025,-1.4464441319540142,-0.5584669725842774
1788862044084158000,25.828157958984374,0.856796862077713,-1.401294784411788,-0.2825130559520796
1788862044094199000,25.838198974609377,0.8045908740222454,-1.106687276442349,0.1555785198497586
1788862044104241000,25.848240966796876,0.5312409658759832,-0.8499814829744398,0.49809101247880605
1788862044114282000,25.858281982421875,0.7775859627187252,-0.787671157272905,0.6983705333150922
1788862044124323800,25.86832373046875,0.9770762694060802,-0.8166289562098682,0.6838333277881145
1788862044134365000,25.878364990234374,1.157463816216588,-0.793163617209345,0.2085425049319863
1788862044144405800,25.88840576171875,1.8054034083247184,-0.6841969004034996,-0.06481420741439797
1788862044154448000,25.89844775390625,2.1104805801212785,-0.7357708741657435,0.19500678633144125
1788862044164488700,25.90848876953125,1.7779034069806336,-0.768576799898222,0.4533925139766186
1788862044174531000,25.918531005859375,1.7145026556938885,-0.8367254032991827,0.5769753467645495
1788862044184572000,25.928572021484374,2.169969710922241,-0.8724383755847811,0.3448777787219733
1788862044194613000,25.938613037109373,2.557913966497779,-0.6209867763180286,0.051467316783685234
1788862044204654800,25.94865478515625,2.4405419710487126,-0.4176864098232239,-0.002889949287846684
1788862044214696000,25.958696044921876,2.91146027790904,-0.18062486269772052,-0.09029374491469934
1788862044224737800,25.96873779296875,2.7537995266914366,0.17738883991856128,-0.13878423784468322
1788862044234779000,25.97877880859375,2.591480136013031,0.36482561112083495,-0.1610964612873271
1788862044244820000,25.988820068359374,2.9650562590181826,0.25536205070875584,-0.2885272199413739
1788862044254861800,25.99886181640625,3.616839667072892,0.15353442853521554,-0.6453126046054065
1788862044264903000,26.00890283203125,3.244870979264378,-0.08904059391529298,-1.014070586739108
1788862044274944800,26.01894482421875,1.8303619084924458,-0.23155863886028527,-0.8225517703875899
1788862044284985900,26.02898583984375,1.2257272051036356,-0.1854381081983447,-0.39961737690828736
1788862044295026700,26.039026611328126,1.6906173377156257,0.10581868283739312,0.1692339558398351
1788862044305069000,26.049069091796873,1.83550160946846,0.2598985616272315,0.38548948283456264
1788862044315110000,26.05910986328125,1.7444249157488345,0.4002077074842527,0.20545918849650768
1788862044325152000,26.069152099609376,2.776611077958345,0.623354747558385,0.027149489139672366
1788862044335192800,26.07919287109375,3.558198677533865,0.6100789037367329,-0.10242756082806735
1788862044345234000,26.08923388671875,3.235110632750392,0.4890978509450331,-0.4240590866602957
1788862044355275800,26.09927587890625,2.7572084583520886,0.536336535449326,-0.4270252064568922
1788862044365316900,26.10931689453125,2.247453348097205,0.707892467963323,-0.16259570513544602
1788862044375358700,26.119358642578124,1.7247709517300127,0.8468521719727665,-0.06897112159787211
1788862044385399800,26.12939990234375,1.2579846301078796,0.7050916582636535,0.04119470989862457
1788862044395441000,26.13944091796875,1.1876175469398498,0.4838502691477537,0.45043377376887944
1788862044405482800,26.149482666015626,1.2761580001801252,0.3320456966124475,0.4306074488578364
1788862044415523800,26.15952392578125,0.7849415861785412,0.2830298829004168,0.032428068863414226
1788862044425566000,26.16956591796875,0.39518706631064415,0.16052008617147803,-0.18653624216597525
1788862044435607000,26.17960693359375,0.7588181338846683,0.0856890093319118,-0.2724219796463847
1788862044445648000,26.18964794921875,0.6584171469807625,0.06847513194158673,-0.4238026276811957
1788862044455690000,26.19968994140625,0.41628246130943297,0.12904489758610724,-0.28986687104729936
1788862044465730800,26.209730712890625,0.7938087832450866,0.2689610255375504,-0.003827266670577228
1788862044475773000,26.21977294921875,1.142090305995941,0.39363369938880205,0.08057707314565778
1788862044485813800,26.229813720703124,1.1867992162942886,0.5447112728238106,0.07473864931575953
1788862044495854800,26.239854736328127,0.9487386481940746,0.6598316899538039,0.06775489137563855
1788862044505896700,26.249896728515626,0.7424684721082448,0.6821294464796781,-0.011364201514050364
1788862044515937800,26.259937744140625,0.6732628339350223,0.5006500127792358,-0.18363328726608305
1788862044525980000,26.26997998046875,0.4966588973164558,0.24535920067578554,-0.35089952322952445
1788862044536021000,26.28002099609375,0.04592705391645431,-0.01603665030449629,-0.4455822055518627
1788862044546062000,26.29006201171875,-0.23470658149719237,-0.34131372956484557,-0.30506705226134506
1788862044556104000,26.30010400390625,-0.21601707859635352,-0.5897486844241618,0.08987692600842564
1788862044566145000,26.31014501953125,0.007729717469215393,-0.6055827978938818,0.5567368608560412
1788862044576187000,26.320186767578125,0.10934650990366936,-0.4904208797097206,0.9791184427581727
1788862044586228000,26.33022802734375,-0.058035424861311906,-0.447851319527626,1.0845176763407884
1788862044596268800,26.340268798828124,-0.3563017475992441,-0.43031274022758004,1.0260073274441064
1788862044606311000,26.350310791015627,-0.06412438938617705,-0.3113970224678516,0.8814568907555193
1788862044616351700,26.360351806640626,0.33111469937264915,-0.216793908187747,0.6786187349449843
1788862044626393900,26.370393798828125,0.2114554697692394,-0.23019173442125318,0.26168581037018446
1788862044636434700,26.3804345703125,-0.2811041755348444,-0.34695874971449375,-0.11084632914052345
1788862044646475800,26.390475830078124,-0.7684171523571014,-0.6285843187749386,-0.3025419724968262
1788862044656518000,26.400517822265623,-1.049780271089077,-1.026020040795207,-0.44296873511783774
1788862044666559000,26.41055908203125,-1.597362715435028,-1.6795768882632254,-0.3233812921090051
1788862044676600800,26.420600830078126,-2.2180244245171545,-2.2521908980131147,0.015865714184381065
1788862044686642000,26.430641845703125,-2.071736715707183,-2.4801304695934054,0.5277770891577005
1788862044696683000,26.44068310546875,-1.7492174107223748,-2.5953578542292117,0.822727857606858
1788862044706724900,26.450724853515624,-1.8353829515248536,-2.6521014857143164,0.8145296458430588
1788862044716766000,26.460765869140626,-1.7749574166566133,-2.472995795407891,0.5622291015967726
1788862044726807800,26.470807861328126,-1.3548580274075268,-2.087363323906064,0.24065379946380852
1788862044736849000,26.480848876953125,-1.2228607097566127,-1.6538994261711835,-0.098776308311522
1788862044746889700,26.4908896484375,-1.4762626393735407,-1.2650088296562432,-0.5545998853599652
1788862044756931800,26.500931884765624,-1.729632420286536,-0.8127139747232198,-0.7765764934152364
1788862044766972700,26.51097265625,-1.6790099020302294,-0.25243162328004837,-0.7554059873536229
1788862044777015000,26.52101513671875,-1.5734522630155086,-0.020257190608978272,-0.7489752967189997
1788862044787055900,26.531055908203125,-1.5566612872123717,-0.1256704527169466,-0.6890115341436117
1788862044797097000,26.541096923828125,-1.6801356911897658,-0.38648061276376244,-0.8395286972168833
1788862044807138800,26.551138916015624,-1.8362877914100884,-0.7074141098618507,-1.0550503935117275
1788862044817180000,26.561179931640623,-1.846240445625782,-0.9364309552848339,-1.0179454554110765
1788862044827221800,26.5712216796875,-1.541518663138151,-0.7905173404842615,-0.7297870505157857
1788862044837262800,26.581262939453126,-1.4500193600922822,-0.34733693537712096,-0.315010500257276
1788862044847304000,26.591303955078125,-1.3959002318918705,-0.12939853332936763,0.06473012759382836
1788862044857345800,26.601345703125,-0.9730009827911853,-0.025873276925086973,0.3577708703037351
1788862044867387000,26.611386962890624,-0.6751584384232759,-0.07215864275991916,0.6591106091376394
1788862044877428700,26.6214287109375,-0.4126999266475439,-0.23510054925084112,0.7853966364696622
1788862044887469800,26.6314697265625,-0.08313070315122603,-0.16205810939371584,0.6670225513059646
1788862044897510700,26.6415107421875,0.03271627468764782,-0.20548340962231157,0.2985973082579672
1788862044907553000,26.651552978515625,0.09174421771764754,-0.32871348344981666,-0.16786325200852006
1788862044917593900,26.66159375,0.02542553315758705,-0.3956669587820768,-0.44253721183277667
1788862044927636000,26.671635986328123,-0.26673662748634813,-0.5623369458854198,-0.5099301380282267
1788862044937676800,26.6816767578125,-0.6418225705325603,-0.7861164751768112,-0.44550278364010154
1788862044947718000,26.6917177734375,-0.912392492571473,-0.9451245493501425,-0.3209391231212765
1788862044957759700,26.701759765625,-1.266937751892209,-0.9714999305784702,-0.10725747433570212
1788862044967800800,26.71180078125,-1.5919091262042522,-0.8991349515914916,0.18689528473671524
1788862044977842000,26.721842041015623,-1.7118232073515653,-0.8001309720039367,0.41762952853683377
1788862044987883800,26.7318837890625,-1.7572966722816228,-0.7647802571594715,0.49131589232068507
1788862044997924900,26.7419248046875,-1.999299256005883,-0.7099468432098627,0.6100135468829423
1788862045007967000,26.751967041015625,-2.2233266225785018,-0.5752841057419776,0.7807431846406311
1788862045018008000,26.762008056640624,-2.1899194430172444,-0.5290618682712316,0.7117255433201789
1788862045028049000,26.772048828125,-2.02716867518425,-0.43255730428397654,0.5284056328522041
1788862045038091000,26.782091064453127,-1.7037579743176698,-0.23662965851426124,0.4075797706222161
1788862045048131800,26.7921318359375,-1.3457786488950252,-0.17591653887629508,0.5933443342959508
1788862045058173700,26.802173583984374,-0.9172709122627973,-0.4390110104680061,0.44016182447094465
1788862045068214500,26.812214599609376,-0.04061374993920326,-0.658511255005002,0.06742058138735592
1788862045078255600,26.822255615234376,0.4914356097102165,-0.9881816007882356,-0.3742373633928597
1788862045088297700,26.832297607421875,-0.03463759813904762,-1.777628681692481,-0.6165190563194454
1788862045098338600,26.842338623046874,-0.6061848554402589,-2.7015760029792784,-0.598794270264916
1788862045108380700,26.852380615234374,-0.8097066096007823,-3.1882524354636668,-0.34420389804840085
1788862045118421500,26.86242138671875,-0.7533645446538925,-3.0332132649213075,0.4902266357792541
1788862045128462600,26.872462646484376,-0.5974433305799961,-2.278886012715101,1.5533492400549351
1788862045138504700,26.882504638671875,-0.589427781906724,-1.4978192221432924,2.0966963849186895
1788862045148545800,26.8925458984375,-0.5559317550182342,-0.9513400628641248,1.648645597296208
1788862045158587600,26.902587646484374,-0.5652905349940062,-0.5762506126865744,0.78781356141828
1788862045168628700,26.912628662109373,-0.42085400700867176,-0.3378571593701839,0.15640070468652992
1788862045178669600,26.922669677734376,0.040807811206579205,-0.3433402669563889,-0.2586040283046663
1788862045188711700,26.932711669921876,0.12162146958708762,-0.5035621008336544,-0.6346358738988638
1788862045198752800,26.942752685546875,-0.10171674567759037,-0.5035910346671939,-0.6177633572921156
1788862045208794600,26.952794677734374,-0.5117512525081634,-0.6095245212569832,-0.4902858186205849
1788862045218835700,26.962835693359374,-0.5401964257478714,-0.8361562251091003,-0.3727689348081127
1788862045228876500,26.97287646484375,-0.2186450890123844,-0.9027353141710162,-0.037466976346075535
1788862045238918700,26.982918701171876,0.18159107738137245,-0.9737079620167612,0.3928860228266567
1788862045248959500,26.99295947265625,0.5989648410588503,-1.123492573031783,0.7677431255530566
1788862045259001900,27.003001953125,1.1191291171252726,-1.2898159386545418,0.861778157621622
1788862045269042700,27.013042724609374,1.7301485531151293,-1.3600427365690468,0.7922463562339543
1788862045279083800,27.023083740234377,1.698343548053503,-1.2299966991163789,0.4837045770667493
1788862045289125600,27.033125732421876,1.7747008115470408,-1.0155651361458002,0.10038114055912009
1788862045299166700,27.043166748046875,2.2966823661684987,-1.0182198884382843,-0.1430882734478451
1788862045309208600,27.05320849609375,3.9114632493942976,-0.6920211642883718,-0.3998667485594749
1788862045319249700,27.063249755859374,5.232798946428298,0.17584157394394279,-0.7315772218681872
1788862045329290800,27.073290771484373,4.8899938092619175,1.2803215496003626,-0.789316294131428
1788862045339332600,27.08333251953125,3.562397882789373,2.2998101428002116,-0.7302918582327663
1788862045349373700,27.093373779296876,1.6641677222073077,2.2375077081441876,-0.41527598768062884
1788862045359415600,27.10341552734375,0.0656564212590456,1.1934998829767107,0.09668028588034212
1788862045369456600,27.11345654296875,-0.0682575436681509,0.005804192766733467,0.8510041040204465
1788862045379497500,27.12349755859375,0.3740601071298122,-0.7997215144202112,1.680564145734906
1788862045389539800,27.133539794921877,1.2404887209057807,-1.3393844178132712,2.112730404874682
1788862045399580700,27.14358056640625,1.9127695580661295,-1.491848038779199,2.149895621795207
1788862045409622800,27.153622802734375,1.5481950721621514,-1.1140100936111061,1.4764626919902861
1788862045419663600,27.16366357421875,0.7932774528473615,-0.33563378423228857,0.1789944484842941
1788862045429704700,27.17370458984375,0.39070787506997584,0.17532788880076258,-1.0832813394788652
1788862045439746600,27.18374658203125,0.4151519959747791,0.04726352668460458,-1.74278752380535
1788862045449787600,27.19378759765625,0.5242261186778545,-0.2854462781260721,-1.4047408332124351
1788862045459828700,27.203828857421875,0.5661866070508956,-0.27345249173790215,-0.11925938009824603
1788862045469870600,27.21387060546875,1.1394810002803801,-0.4569493296753615,0.78303918662332
1788862045479911700,27.22391162109375,1.4140817852705716,-0.968918608848378,0.903568403994292
1788862045489953500,27.23395361328125,1.9291326638460158,-1.1604719119913876,0.7506377500385045
1788862045499995000,27.243994873046876,2.1539339374005793,-0.6699974023982882,0.506232671749778
1788862045510035700,27.25403564453125,2.08436764922142,-0.07302880862399469,-0.14744382004253564
1788862045520077800,27.264077880859375,1.3176970482707022,-0.09102841586479916,-0.8126025502379983
1788862045530118700,27.27411865234375,1.218835692024231,-0.44678073115404693,-0.6601805033914745
1788862045540160800,27.284160888671874,1.6545014837175607,-0.24682708127126096,0.6572368511550128
1788862045550201600,27.29420166015625,2.894766917261481,0.14331563419662416,1.592609821819514
1788862045560242700,27.30424267578125,3.7478093952417373,0.2777598335430026,1.3197449207112193
1788862045570284500,27.314284423828123,4.872767364650964,0.44284854280427094,0.676675053531304
1788862045580325600,27.32432568359375,5.59048659542799,0.7648439700454474,0.025430757321976125
1788862045590367500,27.334367431640626,5.490868867856264,1.1885919449299573,-0.6516395426046103
1788862045600408600,27.34440869140625,5.022842190784216,1.7097051922842859,-1.034801459274441
1788862045610449700,27.35444970703125,4.496874196875095,2.187251831243187,-1.0088895308393984
1788862045620491800,27.36449169921875,3.676105510511994,2.3808799678988755,-0.7053571042668074
1788862045630532900,27.374532958984375,2.9110797541588544,2.2502822879128157,-0.1260125258865766
1788862045640574700,27.38457470703125,2.74338685374856,1.814516396845877,0.42307402114570136
1788862045650615800,27.39461572265625,2.3357401188373563,1.0278609924867748,0.9185995305180549
1788862045660656600,27.40465673828125,1.682127157267928,0.19132132101804017,1.3842916271626948
1788862045670698800,27.41469873046875,1.3458429463028907,-0.33379853162914513,1.468579975916445
1788862045680739600,27.424739501953123,0.8805781351596117,-0.4558052011415362,1.322524760688096
1788862045690781700,27.43478173828125,0.2343348255753517,-0.330361542917788,1.0087979800984264
1788862045700822500,27.444822509765626,-0.5127800110340118,-0.30168431448787447,0.7720617924697697
1788862045710863600,27.454863525390625,-0.36906127592921256,0.11369301467537879,0.991800302742049
1788862045720905500,27.464905517578124,0.04630582410097122,0.5122971959531307,1.280551120572537
1788862045730946600,27.474946533203124,0.1043733976662159,0.4963976160317659,1.1688894655942916
1788862045740988700,27.48498876953125,-0.27250644305944444,-0.33123394183814525,0.1788790784763172
1788862045751029800,27.49502978515625,-1.0179401947140694,-1.6700179095402359,-0.7539224707975983
1788862045761070800,27.50507080078125,-1.8342361195772885,-2.614895206131041,-0.9473964398048818
1788862045771112700,27.51511279296875,-1.904146691149473,-3.144095898351073,-0.37890330937728284
1788862045781153800,27.52515380859375,-1.3886451461970806,-3.692594288498163,0.5213547279600054
1788862045791195600,27.535195556640623,-0.8889350446164608,-3.7360330327302216,1.4949758154109118
1788862045801236700,27.54523681640625,-1.10371059871912,-3.0696856772720813,2.0247649750433863
1788862045811277600,27.555277587890625,-2.118259397429228,-2.199927042290568,1.685875988407433
1788862045821319700,27.565319580078125,-3.383827614533901,-1.4494021049767731,0.829783036815375
1788862045831360500,27.575360595703124,-3.5641257294952866,-1.1055015737891196,0.2645325233045034
1788862045841402600,27.585402587890623,-1.6395201876848935,-1.2292243995696306,0.1260378247246146
1788862045851443500,27.595443359375,0.8886690871566534,-1.586549644997716,0.010390570708923042
1788862045861484500,27.605484619140626,2.1559125439971685,-1.8569103082001208,-0.36369923743940885
1788862045871526700,27.615526611328125,1.8481863189965486,-1.7009435014188288,-0.6668931527726352
1788862045881567700,27.625567626953124,0.7828700406014919,-1.0418208365172148,-0.740924895928055
1788862045891609600,27.635609619140624,-0.09240998815000057,-0.02330021156668663,-0.5715517873458564
1788862045901650700,27.645650634765627,-0.20837679297626016,1.0285422527492045,-0.3532820709845051
1788862045911691800,27.65569189453125,0.2853781995922327,2.0463713883042334,-0.17570428436510263
1788862045921733600,27.665733642578125,0.8055413066148758,2.7134844674378633,-0.18546470394432543
1788862045931774700,27.675774658203125,0.6429442680388688,3.0225270357340572,-0.23872984566390512
1788862045941815600,27.685815673828124,-0.4645850121855736,2.4864374607831237,-0.5054400600673631
1788862045951857700,27.695857666015623,-1.9331991826325654,0.6576853255748748,-1.1481677992787211
1788862045961898500,27.7058984375,-3.139472330203652,-1.7224872247070073,-0.8777548213671892
1788862045971940600,27.715940673828126,-3.6294191626608368,-3.606429332217574,0.12355214538872242
1788862045981981700,27.725981689453125,-3.6797207783997057,-4.307181646102666,1.6734057984128594
1788862045992022800,27.736022705078124,-2.390133387804031,-3.3834313086926935,2.5248653911158443
1788862046002064600,27.746064697265624,-0.6910019042432308,-0.9901444252938032,2.0353597265549004
1788862046012105700,27.756105712890626,-0.6834235779434442,0.6599760668605565,0.6715244658350944
1788862046022147600,27.766147705078126,-1.6863240244358777,0.6870254018276929,-1.1304342088632284
1788862046032188700,27.776188720703125,-3.310205913484096,-0.6433125168293714,-2.4553502486020324
1788862046042229800,27.786229736328124,-5.347175267192721,-2.7949679879039526,-2.51516554261744
1788862046052271600,27.796271728515624,-5.850333463400602,-4.142089868101477,-1.4021644068531691
1788862046062313000,27.80631298828125,-4.438813053050637,-4.1678591001302,0.514080426108092
1788862046072355000,27.81635498046875,-2.34927296962738,-3.7088247078090903,1.9402207518324255
1788862046082396000,27.82639599609375,-1.129706625241041,-2.5496581793278454,1.9851371674016116
1788862046092437000,27.83643701171875,-0.7175175707250833,-1.4042360985606908,0.553352844440937
1788862046102479000,27.84647900390625,-1.0612789857029914,-0.8358516892045735,-0.9937021177753805
1788862046112520200,27.856520263671875,-1.4036691123276948,-0.821413998529315,-1.7749330128677188
1788862046122562000,27.86656201171875,-0.8269394839525223,-0.8957289425402879,-1.6874835697345434
1788862046132603100,27.87660302734375,0.3458265308141708,-0.99300390637815,-1.1724130366105585
1788862046142644200,27.886644287109377,1.2213561504125594,-1.1588649151861667,-0.4940076521553099
1788862046152686000,27.89668603515625,1.9590017324090003,-0.8329074524462222,0.21431867718063294
1788862046162727200,27.90672705078125,2.2877257372528312,-0.22317045748233794,0.506443720684573
1788862046172769000,27.91676904296875,1.8717028036624193,0.33139293179213997,0.6191863758325576
1788862046182810000,27.92681005859375,0.9953343951523304,0.6478764637440443,0.5281925380907952
1788862046192851000,27.936850830078125,0.35204759728610513,0.9912187765270472,0.22839027448985724
1788862046202893000,27.94689306640625,0.19920564452707767,1.4066905059754848,0.0030055613244185223
1788862046212934100,27.95693408203125,0.15853987213969228,1.5636609368413685,-0.27481826366577294
1788862046222975200,27.966975341796875,0.05024667068123817,1.2187433375656604,-0.738501687369123
1788862046233017000,27.97701708984375,-0.1453372762173414,0.6537795503079891,-1.2456594015419482
1788862046243058200,27.98705810546875,-0.9284253434836864,0.013241174367070197,-1.641762705914676
1788862046253100000,27.99710009765625,-2.322358074694872,-0.6731751556515694,-1.8362761009722948
1788862046263141000,28.00714111328125,-3.1035569672137497,-1.2893676103651524,-1.5003383653573692
1788862046273182200,28.01718212890625,-3.048538844347,-1.794118628722429,-0.7616001658186317
1788862046283224000,28.02722412109375,-2.2326310420185327,-1.9994290198653935,0.15340318510467185
1788862046293265200,28.03726513671875,-1.2823399036854506,-1.8419664215683935,0.9142650084450841
1788862046303307000,28.04730712890625,-1.1755401556551455,-1.5169126296699047,1.4484496265575288
1788862046313348000,28.05734814453125,-1.0995791980028151,-1.283635204192996,1.5769826290987432
1788862046323389000,28.067388916015624,-1.2773504248350858,-1.2828709418222308,1.6226302815519271
1788862046333431300,28.077431396484375,-1.658441745775938,-1.4627663212016224,1.7494887750096617
1788862046343472000,28.08747216796875,-1.9337340201616287,-1.5736086226209998,1.7778502154886722
1788862046353514200,28.09751416015625,-2.150676981431246,-1.5187866068482399,1.7704327788390217
1788862046363555000,28.10755517578125,-1.7455121264636515,-1.4233008645147085,1.588754899957031
1788862046373596200,28.11759619140625,-0.9995359384953975,-1.1182719157740473,1.3005978833012282
1788862046383638000,28.127637939453123,0.19264321727156639,-0.36040392222106454,0.9763607415478676
1788862046393679000,28.13767919921875,1.0522036988437176,0.2904804911673069,0.6688060006566345
1788862046403721200,28.14772119140625,1.2555670475721359,0.39395986260324717,0.3385216146282852
1788862046413762000,28.157761962890625,1.4254092349708078,0.2473512512758374,-0.10890409989841282
1788862046423803100,28.16780322265625,1.5890853009551762,-0.08686492124348878,-0.6417519164491444
1788862046433845000,28.177844970703124,1.4377116671830414,-0.5184785149365663,-1.0090542929470538
1788862046443886000,28.187885986328126,1.1979904723942278,-0.8445710022330284,-1.0114489329986274
1788862046453928200,28.19792822265625,1.0474924524128437,-0.9922478273138403,-0.8841604506257921
1788862046463969300,28.20796923828125,1.1916747133761643,-0.9529851997226476,-0.6281411050520836
1788862046474010000,28.218010009765624,1.9051777877628802,-0.7458030233584344,-0.2404721958192065
1788862046484052200,28.22805224609375,2.6573101602733136,-0.2530189216487109,-0.04749554534219205
1788862046494093000,28.238093017578127,2.45210965924561,0.2860347638048231,-0.007604264458641409
1788862046504135200,28.24813525390625,1.7320418195158243,0.39087957837507126,-0.06222504030456766
1788862046514176300,28.25817626953125,1.0173024813324212,-0.04775295416936278,-0.5314772588498891
1788862046524217000,28.268217041015625,1.285503920674324,-0.7542571095794439,-1.0746619066283105
1788862046534259200,28.27825927734375,1.879998922842741,-1.1844780798703431,-1.0844310209706425
1788862046544300000,28.288300048828123,1.9326807117164133,-1.4246362047716974,-0.5062876533400267
1788862046554342100,28.298342041015626,1.8771406108021735,-1.4444735625334084,0.2988824818748981
1788862046564383000,28.308383056640626,2.3023042977035044,-1.1830248123221099,1.15381376927644
1788862046574424000,28.318424072265625,2.3655296924233435,-0.888163329591602,1.6117632889702915
1788862046584466200,28.328466064453124,2.1530992401421067,-0.556941589647904,1.326824942100048
1788862046594507300,28.33850732421875,1.8140870655179022,-0.2731300183178857,0.5855555070506409
1788862046604548000,28.348548095703126,1.8369997390717268,-0.042832521967217325,-0.3301628420079127
1788862046614590200,28.358590087890626,1.944315035408735,0.1268918112054467,-0.9071322339557111
1788862046624631000,28.368631103515625,2.065821938705444,-0.01794877666928805,-0.9175640499904751
1788862046634673200,28.378673095703125,2.443646366804838,-0.18011393576720727,-0.49893195681497454
1788862046644714200,28.38871435546875,2.1832371887743474,-0.10655413923878222,0.14158490141388028
1788862046654755000,28.398755126953127,1.3748539367318153,0.2539490603719838,0.6417062506765127
1788862046664797200,28.408797119140626,1.721452620962262,0.6293868673294782,0.6657486589126288
1788862046674838000,28.418838134765625,2.883788427129388,0.7575143578097224,0.39476182663589715
1788862046684880100,28.428880126953125,2.884831798702478,0.5321904486205429,0.002544496851041913
1788862046694921200,28.438921142578124,2.185871044409275,0.39490631314050406,-0.3343122533049434
1788862046704962300,28.44896240234375,2.6064789677023885,0.43360228329226375,-0.5626017708340659
1788862046715004200,28.459004150390626,3.459528459945321,0.3763193938313052,-0.547562680199556
1788862046725045200,28.469045166015626,3.4392782835990188,0.32932748716231436,-0.17959818653110413
1788862046735087000,28.479087158203125,3.020916677927971,0.335017040573433,0.3274753930222243
1788862046745128200,28.489128173828124,2.369631282523274,0.24924879199285058,0.22793129694228992
1788862046755169300,28.499169189453124,2.7545477147102355,0.12331110317446291,-0.04218883550250903
1788862046765211100,28.509211181640627,3.093008100670576,0.24096805304475127,0.0012421455482020973
1788862046775252200,28.519252197265626,2.4233003288686272,0.49381337169222533,-0.1467918954724446
1788862046785294000,28.529294189453125,1.3987971223771571,0.7449125773247331,-0.36866248586997385
1788862046795335200,28.539335205078125,1.0109791235297918,0.7067118798766284,-0.4774151580663398
1788862046805376000,28.5493759765625,1.3773673808574676,0.5845496544763445,-0.43930823984891176
1788862046815418400,28.55941845703125,1.4307774840056895,0.4999995860464871,-0.2593970966448076
1788862046825459200,28.569459228515626,1.0256757574021815,0.2406191665418446,-0.13345629342072643
1788862046835501300,28.579501220703126,1.1553110220968723,-0.12442235235199331,0.003100121439807117
1788862046845542100,28.589542236328125,1.4054840527951717,-0.18465280303955078,0.07146369189885445
1788862046855583200,28.599583251953124,1.4916133532404898,0.005761047744750976,-0.07646391133894212
1788862046865625000,28.609625,1.2487141129374504,0.15265022957921026,-0.43715069648884236
1788862046875666200,28.619666259765626,0.4976046537339687,0.3157721688121557,-0.5399546528812498
1788862046885707300,28.629707275390626,-0.0880079537987709,0.1946408208295703,-0.5087860460270196
1788862046895749000,28.6397490234375,0.09577508066892623,-0.340593014074862,-0.5689004325868562
1788862046905790200,28.649790283203124,0.7590531116843223,-0.776592275506258,-0.728856272471696
1788862046915832000,28.65983203125,0.8844225356280803,-0.9953478391557932,-0.9969910032529383
1788862046925873200,28.669873046875,0.4647475092709064,-0.9697145084664225,-1.0462603533346206
1788862046935914000,28.6799140625,-0.15094225661754607,-0.7690782466143369,-0.7742029692169279
1788862046945956400,28.689956298828125,-0.41716625840663907,-0.5214528545722366,-0.27565321665257214
1788862046955997200,28.6999970703125,-0.39231004956960674,-0.3494336153954267,0.2716699922353029
1788862046966039300,28.710039306640624,-0.4977133748054504,-0.3375117069333792,0.7821137423414737
1788862046976080100,28.720080078125,-0.549186372411251,-0.25010873329043387,1.22409427013956
1788862046986121200,28.730121337890626,-0.5527905343830585,-0.1414385152131319,1.5169927091687916
1788862046996163000,28.7401630859375,-0.5173965649187564,-0.2932727522343397,1.509647168711573
1788862047006204200,28.7502041015625,-0.45234103216230864,-0.6112672732710838,1.2843801773414014
1788862047016246000,28.76024609375,-0.4763368247777223,-1.0320628280907869,0.8511614134740084
1788862047026287000,28.770287109375,-0.7591881362408399,-1.4657909297198057,0.3693311058465391
1788862047036328200,28.780328125,-1.0177163228303194,-1.8248907836049795,-0.09459414552235976
1788862047046370000,28.7903701171875,-1.2928764952689409,-1.9735189180612562,-0.30761271815616636
1788862047056411400,28.800411376953125,-1.7470616939932107,-1.9963450823754072,-0.23964878713972865
1788862047066453500,28.81045361328125,-2.0117349592089653,-2.0220184528142213,-0.12059428196381777
1788862047076494300,28.820494384765624,-2.0339356851011514,-1.9774884062141178,-0.027039105834066865
1788862047086535400,28.830535400390627,-1.9070541030287742,-1.7477309715569018,0.06096935942135751
1788862047096577300,28.840577392578126,-1.5951818642646074,-1.5056915629535912,0.03883201762158423
1788862047106618400,28.850618408203125,-1.4674340207517147,-1.1716992623180151,-0.12899280207268893
1788862047116660500,28.860660400390625,-1.4947586655288934,-0.631084318897128,-0.38395840080976484
1788862047126701300,28.870701416015624,-1.6020377215087414,-0.19446224939227102,-0.6280974120408296
1788862047136742400,28.880742431640623,-1.5568132629036902,-0.05269581739902496,-0.9662786887988447
1788862047146784500,28.890784423828126,-1.4241466676890848,-0.16194062049388885,-1.3334694946810601
1788862047156825600,28.90082568359375,-1.694230852037668,-0.5156996978729963,-1.5357361342139542
1788862047166866400,28.910866455078125,-2.1395102752506734,-1.0845546473503112,-1.5191758984267711
1788862047176908500,28.920908447265624,-2.3760411495655775,-1.6446972980618475,-1.3455834185838698
1788862047186949400,28.930949462890624,-2.4574299774855373,-1.8752619574487208,-1.078558914066851
1788862047196991500,28.940991455078127,-2.413211481052637,-1.595249668803811,-0.770693645921722
1788862047207032300,28.9510322265625,-2.1211001738131046,-0.9758452663064002,-0.6731546973854303
1788862047217073400,28.961073486328125,-1.6624819610774515,-0.36211131066083907,-0.9593658406704664
1788862047227115500,28.971115478515625,-1.5370330421566962,0.09111468764245509,-1.3133882451608776
1788862047237156400,28.98115625,-1.4575959328263997,0.3160860570669174,-1.2196643248680978
1788862047247198500,28.991198486328123,-1.1506705028146504,0.1994657567679882,-0.7488973361119627
1788862047257239300,29.0012392578125,-0.7704875288903713,-0.08250643377304076,-0.2887758792065084
1788862047267280400,29.0112802734375,-0.516463083460927,-0.3896376154899597,0.1471055097325705
1788862047277322500,29.021322509765625,-0.3125046914488077,-0.5864402905285359,0.5091545140132308
1788862047287363600,29.031363525390624,0.003202595433592796,-0.5949293019324541,0.6590352058138698
1788862047297405400,29.041405517578124,0.16692834577858448,-0.41534547272026534,0.6273373874537647
1788862047307446500,29.051446533203126,0.10045242483019828,-0.2628431271791458,0.43824163353070617
1788862047317487400,29.0614873046875,-0.06505261014699935,-0.18159107738137245,0.07470125818112865
1788862047327529500,29.071529541015625,-0.6273123991429805,-0.24139468095898628,-0.22337209926797075
1788862047337570300,29.0815703125,-1.3259376378715038,-0.4604536114692688,-0.3370246175361797
1788862047347612400,29.0916123046875,-1.5820996798515319,-0.6837853969931602,-0.3797356320155784
1788862047357653500,29.101653564453127,-1.5610475394725798,-0.8253706272006034,-0.21400930070420726
1788862047367694300,29.1116943359375,-1.3109393907040356,-0.9828688813328742,0.09997865157229825
1788862047377736400,29.121736328125,-0.7908943571031093,-0.9818278478473424,0.36364082178305834
1788862047387777300,29.13177734375,-0.3169879743427038,-0.8947808480352163,0.309145480681397
1788862047397818400,29.141818359375,-0.2697042451202869,-0.9980985991686582,-0.17351101210452616
1788862047407860500,29.151860595703123,-0.7672177134394645,-1.2694973732471466,-0.7882793522991239
1788862047417901600,29.161901611328126,-1.2866811477601527,-1.557104354804754,-1.281782854324579
1788862047427943400,29.171943359375,-1.4567501296520233,-1.5166472567319869,-1.5262658566877245
1788862047437984500,29.181984619140625,-1.5393173537015914,-1.2175444831699131,-1.504258753671497
1788862047448025300,29.192025390625,-1.5812579683303831,-0.9595125556647777,-1.342765438553691
1788862047458067500,29.2020673828125,-1.3066273727238178,-0.8320300850898027,-1.1428937313333154
1788862047468108300,29.2121083984375,-0.7262281159251928,-0.8883347406357526,-0.7908122317776084
1788862047478150400,29.222150390625,-0.1788742196381092,-0.9688473702430724,-0.22533119744649155
1788862047488191500,29.23219140625,0.01637304265201092,-0.8980793050587177,0.3538063505869359
1788862047498232300,29.242232421875,-0.3594803776353597,-0.8740548708707093,0.9448534773238003
1788862047508274400,29.2522744140625,-0.911245660623908,-0.9004489567995071,1.5111618110582232
1788862047518315300,29.262315185546875,-0.8395563889414072,-0.8717875104606151,1.6875398299664257
1788862047528357600,29.272357666015626,-0.6031301440447568,-0.9366215094208716,1.407816587395966
1788862047538398500,29.2823984375,-0.6827846955180168,-1.0037497567981482,1.0938890235371888
1788862047548439600,29.292439453125,-0.5484007749915123,-0.9268085559368133,0.8127522609069943
1788862047558481400,29.3024814453125,-0.35599487360715865,-0.9443842523768544,0.5468346947185695
1788862047568522500,29.3125224609375,-0.305685659083724,-0.88880586527884,0.25175449120346455
1788862047578564400,29.322564453125,-0.5195405912101269,-0.4015557245597243,-0.045227052420936525
1788862047588605400,29.33260546875,-0.8502771049201489,-0.2986182049155235,-0.2749633712248877
1788862047598646500,29.342646484375,-0.28923721310794354,-0.34871816060245037,-0.24655367115736007
1788862047608688400,29.3526884765625,0.5737351227343082,-0.1837166912332177,-0.08442757456135004
1788862047618729500,29.3627294921875,0.9587626140803098,-0.1812175678938627,-0.03081584789380431
1788862047628770300,29.372770263671875,0.5967150163054465,-0.5224582322224974,0.1437705931561999
1788862047638812400,29.3828125,0.33912849448025223,-0.7784864186897873,0.46834604521952566
1788862047648853500,29.392853515625,0.4922621236622333,-0.7687298715680837,0.5101408216368407
1788862047658895600,29.4028955078125,0.2936053451895714,-0.8083962576545775,0.42904206270463763
1788862047668936400,29.4129365234375,0.27280630278885365,-0.8225016476355492,0.33896512061208484
1788862047678977500,29.4229775390625,0.5524164403736591,-0.70817077344805,0.16727533258534966
1788862047689019400,29.433019287109374,1.1312205369353294,-0.6852078310117126,0.00027907266970723867
1788862047699060500,29.443060546875,2.024144943448901,-0.581599134107679,-0.05189290351830422
1788862047709102300,29.453102294921877,2.7468670970797535,-0.330780206721276,0.04560538421403616
1788862047719143400,29.463143310546876,2.684927650517225,-0.0801809865001589,0.2954730022249743
1788862047729184500,29.4731845703125,2.249628354048729,-0.00264101602807641,0.45666094118803735
1788862047739226400,29.483226318359375,1.9552841731905937,-0.08842508323229849,0.4624171300945803
1788862047749267500,29.493267333984374,2.2315146052092314,-0.43475919824242587,0.09694131143670529
1788862047759309600,29.5033095703125,2.743202144831419,-0.8444399962645024,-0.2217309992637485
1788862047769350700,29.5133505859375,3.191415283408761,-0.8493355132210999,-0.12802304372508078
1788862047779391500,29.5233916015625,3.3177789790868757,-0.7395131294339895,0.373417133051157
1788862047789433600,29.53343359375,3.46667307100296,-0.7326263655949383,0.9243219998180866
1788862047799474400,29.543474365234374,3.970450275892019,-0.5812831269610673,1.0157877659205348
1788862047809515500,29.553515625,3.970221143311262,-0.27116235324041915,0.6170881614442915
1788862047819557400,29.563557373046876,3.0480174508213995,0.4135304226549342,0.019948307322897017
1788862047829598500,29.573598388671876,2.264855149275064,0.7997988174401223,-0.4859164078973233
1788862047839640300,29.583640380859375,2.1382371865749357,0.6539337179563939,-0.680593761344999
1788862047849681400,29.593681396484374,2.0507804369181395,0.42364703526068476,-0.48949857723303136
1788862047859722500,29.603722412109374,1.9404507611960171,0.3051751888109371,-0.09504114037118852
1788862047869764400,29.613764404296877,1.6739800911694764,-0.005446319239772856,0.2321779032697901
1788862047879805400,29.623805419921876,1.6317893011718987,-0.22133454729206858,0.17345719955805688
1788862047889847600,29.63384765625,1.8075988725423813,-0.18474197916034607,0.02312160359676927
1788862047899888600,29.643888671875,2.5445710853219032,0.24813925984837112,0.025145547172427177
1788862047909929500,29.653929443359374,2.4317706355720756,0.46018217411674556,-0.1968215624021366
1788862047919971600,29.6639716796875,2.013779032257199,0.4573059245606884,0.10539094067830591
1788862047930012400,29.674012451171876,1.783645165503025,0.6140285546779632,0.5572740730052813
1788862047940054500,29.684054443359376,1.7671347602069376,0.6238868086084723,0.5888446117239072
1788862047950095400,29.694095458984375,2.2102526214718816,0.056694787374697624,0.16450066197393462
1788862047960136400,29.704136474609374,2.5795430299818514,-0.4037741677941754,0.119289172448311
1788862047970178300,29.71417822265625,3.096298374387622,-0.3580495411146432,0.29033415976548566
1788862047980219400,29.724219482421876,3.015362550932169,0.022724895896762607,0.10713171993102878
1788862047990261200,29.73426123046875,2.5273791275024413,0.4870074180044234,-0.37742030427791173
1788862048000302300,29.74430224609375,1.897179190224409,0.8798821157194674,-0.7015162839949131
1788862048010343400,29.754343505859374,1.4073451704919338,0.9978380485363304,-0.6020685426952317
1788862048020385500,29.764385498046874,1.315038058194518,0.781851511208713,-0.30355993563402445
1788862048030426600,29.774426513671877,0.9645891282767057,0.31272461780980226,0.08158296225257218
1788862048040467500,29.784467529296876,0.6699754828274249,-0.3099522304870188,0.40215263100694865
1788862048050509600,29.794509521484375,0.9894739786863327,-0.7987330879047513,0.5789988884814083
1788862048060549600,29.804549560546874,1.1868880636215209,-0.961203577491641,0.5094361074335872
1788862048070591700,29.814591796875,1.1651678147226572,-0.9136705496832728,0.25966827826900407
1788862048080632600,29.824632568359377,1.2477251019001006,-0.5738198784083127,0.0021789880068972707
1788862048090673700,29.834673583984376,1.051982749569416,-0.15946487803012133,-0.2994134834790602
1788862048100715800,29.8447158203125,0.5876268699645996,0.09915040232092141,-0.4866884151831269
1788862048110756900,29.8547568359375,0.32891981967687606,0.3253065976157784,-0.4220041268918663
1788862048120798700,29.864798828125,0.3160299429655075,0.3006020722091198,-0.24427535096183417
1788862048130839800,29.87483984375,0.003143558722734451,-0.049835751792788506,-0.03980075305588543
1788862048140881000,29.884880859375,-0.4417383896052837,-0.4945446816414594,0.18886318727619944
1788862048150922800,29.8949228515625,-0.6765244660794735,-1.0923635675355792,0.33675898886993527
1788862048160963800,29.9049638671875,-1.0513725087165833,-1.829693799972534,0.4985625755133107
1788862048171005700,29.915005615234374,-1.2119780812144278,-2.2531612043499947,0.7184015139527619
1788862048181046800,29.925046875,-0.8731319108068942,-2.3722709833770987,0.8705088688269257
1788862048191087600,29.935087646484376,-0.70344286814332,-2.2603362105458973,0.7935784816205501
1788862048201130000,29.9451298828125,-0.7348012984812259,-1.8218693899571894,0.5607809120824561
1788862048211170800,29.9551708984375,-0.8837830686807632,-1.308956107932329,0.3679977383509278
1788862048221212000,29.9652119140625,-0.9221820651799439,-0.9740373401015996,0.2115666385261342
1788862048231253800,29.975253662109374,-0.774950938040018,-0.6927659913063049,-0.03151276694966946
1788862048241294800,29.985294921875,-0.8399825053989887,-0.45280689610838887,-0.26687512264158575
1788862048251336700,29.995336669921876,-1.136226966920495,-0.3956704659134149,-0.41509149795919653
1788862048261377800,30.005377685546875,-1.3725018206477164,-0.4521206674098968,-0.4277612291138619
1788862048271419000,30.0154189453125,-1.2970534886926413,-0.4871569094777107,-0.4378039362331852
1788862048281460700,30.025460693359374,-1.405069626775384,-0.7186059504836797,-0.4767873450241983
1788862048291501800,30.035501708984373,-1.8262053733348846,-1.1297229918539524,-0.4793770692564547
1788862048301543700,30.045543701171876,-1.9257839379400015,-1.5113742847651241,-0.3205118376199156
1788862048311584800,30.055584716796876,-1.6882471014529465,-1.7459382429212331,-0.013904917239118367
1788862048321625600,30.06562548828125,-1.5569412731975316,-1.9048177222788332,0.2530524220595136
1788862048331668000,30.07566796875,-1.8796102157860992,-2.038380389550328,0.4151933508984744
1788862048341708800,30.085708740234374,-2.091759513038397,-1.9781676206499337,0.5468975308217108
1788862048351751000,30.0957509765625,-1.8817191707640886,-1.5639742405742405,0.7080706010092049
1788862048361791700,30.105791748046876,-1.7502508454233408,-1.0220499681204558,0.6983072588205337
1788862048371832800,30.115832763671875,-1.8688655344098806,-0.542690580651164,0.2320223291155882
1788862048381874700,30.125874755859375,-2.2658359770059584,-0.3510299446761608,-0.7179473404444754
1788862048391915800,30.135915771484374,-2.8113772709131237,-0.5999345628738403,-1.5126917971044778
1788862048401956900,30.145956787109377,-3.0451679066091772,-0.9275362856894731,-1.9135073708213866
1788862048411998700,30.155998779296876,-2.8349107067137953,-1.0336918905973433,-1.6966858439743517
1788862048422039800,30.166039794921875,-2.5455437297463415,-1.0047130488723517,-0.9826463976886123
1788862048432081700,30.17608154296875,-2.147272141423821,-0.8447855217665433,-0.177272300866805
1788862048442122800,30.186122802734374,-1.2968605964690445,-0.6051958444029092,0.23741620578207073
1788862048452163600,30.19616357421875,-0.4287865535736084,-0.47723289683461184,0.24285012219799681
1788862048462206000,30.2062060546875,0.11650865661799907,-0.3695587040573358,0.24925310284178703
1788862048472246800,30.216246826171876,0.49356385391056534,-0.281269010707736,0.20736341468263417
1788862048482289000,30.226288818359375,0.7463835997253656,-0.21493805118799209,0.16942686632974072
1788862048492329700,30.236329833984374,0.8896610208034514,-0.20948972265422344,0.06043047590483911
1788862048502370800,30.246370849609374,0.8257476438194513,-0.023650340178608894,0.017803906572191042
1788862048512412700,30.25641259765625,0.6791413705796003,0.2672691269278526,-0.04799845336303114
1788862048522453800,30.266453857421876,0.42890111986398693,0.3831014917194843,-0.22318200178965925
1788862048532494800,30.276494873046875,0.04821721068024635,0.3699082481473684,-0.34539193878918883
1788862048542536700,30.28653662109375,-0.5931774898290634,0.3313870865732431,-0.274017687872611
1788862048552577800,30.296577880859374,-1.2497083846718071,0.25524784974455833,-0.09161785139162093
1788862048562619600,30.30661962890625,-1.8123714937716722,-0.13934358876049519,-0.05071322874706238
1788862048572660700,30.31666064453125,-2.446891632336378,-0.6204302384138107,-0.0602840805709362
1788862048582701800,30.326701904296876,-2.965224016800523,-1.1645032133340836,0.12420472754593938
1788862048592744000,30.336743896484375,-3.130508102503419,-1.802798778784275,0.32514300455190237
1788862048602784800,30.34678466796875,-2.774316829541325,-2.2309937962055204,0.6519872600637376
1788862048612827000,30.356826904296874,-1.9041122043579817,-2.2575872040987015,1.1232347988784313
1788862048622867700,30.36686767578125,-1.0543524013102055,-1.6754671148568392,1.5807278069764374
1788862048632908800,30.37690869140625,-0.7324515204846859,-1.0010732310652732,1.5849008548773824
1788862048642950700,30.38695068359375,-0.3182031953513622,-0.3798626559287309,0.8831123298123479
1788862048652991700,30.39699169921875,0.05489128161668777,0.08385726386010646,0.14822598339617252
1788862048663033600,30.40703369140625,0.025156068566441533,0.3242904063105583,-0.25844328478500245
1788862048673074700,30.41707470703125,-0.33170331291556354,0.10610065985023975,-0.5183201095044613
1788862048683115800,30.42711572265625,-0.8122855201780795,-0.5982108078211545,-0.5750146411508321
1788862048693158000,30.437157958984375,-0.9146458244562149,-1.3590022876054049,-0.5608849935114384
1788862048703199000,30.447198974609375,-0.7144014845311641,-1.86356976608932,-0.28018647616803644
1788862048713239800,30.45723974609375,-0.67151394444108,-2.0484896956324574,0.37578181635588404
1788862048723282000,30.467281982421873,-0.5101099150419235,-1.9241218499466777,0.9958765392050146
1788862048733322800,30.47732275390625,-0.019977204623818395,-1.4691031230077147,1.4456180563934147
1788862048743364900,30.48736474609375,0.31381518952548504,-1.0064555086255074,1.5135107122719287
1788862048753405700,30.49740576171875,0.6896259397149086,-0.6224746037229896,1.0840152067113666
1788862048763446800,30.50744677734375,0.8306734097838401,-0.35494185742288825,0.631499840895459
1788862048773488600,30.517488525390625,0.724159492957592,-0.28611995787024497,0.3270698444286361
1788862048783529700,30.52752978515625,0.6500766041368246,-0.34114538726061583,0.12433262824192642
1788862048793571600,30.537571533203124,0.9014093262642622,-0.3771820385426283,0.04983366943355649
1788862048803612700,30.54761279296875,1.1724620633840561,-0.3226873550280928,0.09124240567535162
1788862048813653800,30.55765380859375,1.0548235259532928,-0.29231647442281244,0.11633666105195879
1788862048823696000,30.56769580078125,1.2664683808147907,-0.4271010847046971,0.04178805441558361
1788862048833737000,30.577737060546873,1.723511891579628,-0.48542029494345185,-0.16975940448604523
1788862048843777800,30.58777783203125,1.6478467020034788,-0.37747400722652674,-0.3861757845982909
1788862048853820000,30.59781982421875,1.197173310792446,-0.35014059462100267,-0.5634899153128266
1788862048863860700,30.60786083984375,0.7528408130407332,-0.5908342877037823,-0.7359650815635919
1788862048873902800,30.61790283203125,0.6829425164282321,-0.9770034964308142,-0.7819569443445652
1788862048883943700,30.627943603515625,0.9392460127055644,-1.284515494158864,-0.6616469957474619
1788862048893984800,30.63798486328125,1.154535946071148,-1.3667130081132053,-0.43183052437938746
1788862048904026600,30.648026611328124,1.2388216644763945,-1.2410729505345224,-0.16989415504792704
1788862048914067700,30.658067626953127,1.3936205965220927,-0.9368099446650594,-0.16761304010711608
1788862048924109800,30.66810986328125,1.563012702065706,-0.6759970812045037,-0.3199881790719926
1788862048934150700,30.678150634765625,1.3321698102593422,-0.49248241534940895,-0.5196983755877241
1788862048944191700,30.688191650390625,1.2298118440687655,-0.4466326644528657,-0.6428746368687599
1788862048954233900,30.69823388671875,1.2752397162914275,-0.42297165674977,-0.7213291649024933
1788862048964275000,30.70827490234375,1.2548983545303345,-0.4233469563355669,-0.7342736213453114
1788862048974316800,30.71831689453125,1.7274807952105997,-0.43496363477334377,-0.5508838605115189
1788862048984358000,30.72835791015625,2.5520471202909945,-0.4546600862270221,-0.11608400146514176
1788862048994398700,30.738398681640625,2.815239791560173,-0.3861097701573744,0.34037385489884764
1788862049004440800,30.74844091796875,2.5036089603364466,-0.14244768312252126,0.7835948477447032
1788862049014481700,30.758481689453124,2.2400836961120367,-0.08547010588422417,0.8770176661990582
1788862049024522800,30.768522705078126,2.404392214781046,-0.31481592753324655,0.5340933596324176
1788862049034564600,30.778564697265626,2.8773505030363795,-0.26521341824075206,0.1526348128143698
1788862049044605700,30.788605712890625,2.959468229752779,0.04041645553512498,0.009049202569946646
1788862049054647800,30.798647705078125,2.5765514469504356,0.21539870923599228,0.10647321948967874
1788862049064689000,30.80868896484375,2.862183329042792,0.646652621037513,0.3517294712476432
1788862049074730000,30.81872998046875,3.2409424076437947,1.112825413871184,0.4467893163193017
1788862049084771800,30.828771728515626,3.6494969050496815,0.895021963314712,0.4361168233964592
1788862049094813000,30.83881298828125,4.185993307235837,0.8420940176602453,0.35901739976610986
1788862049104854800,30.848854736328125,4.1364521544754504,0.7160394609965384,0.47602246159892525
1788862049114896000,30.858895751953124,3.10075886092782,0.5593305306110531,0.058773858671076595
1788862049124936700,30.868936767578123,2.5084324349701403,0.4253584057558328,-0.11942107346598058
1788862049134978800,30.878978759765626,2.518245388454199,0.36335900916699315,0.2572842144103721
1788862049145019600,30.88901953125,1.9913281309962272,0.5878321102131158,0.5570823498254641
1788862049155062000,30.89906201171875,1.6878478730022906,0.8404759149391203,0.5723377500917762
1788862049165102800,30.909102783203124,1.4276239884108304,0.8048699101593345,0.3076272216055542
1788862049175144000,30.91914404296875,1.0654618243455887,0.5164893869459629,0.006104847080586478
1788862049185185800,30.929185791015627,1.1562228762447833,0.039851679525524375,0.06895503354617394
1788862049195227000,30.939226806640626,1.0937468385875224,-0.3606466449357569,0.19085523787625133
1788862049205268000,30.94926806640625,0.9882944135129451,-0.43868177851364015,0.13695493092513641
1788862049215309800,30.959309814453125,1.1869582062482833,-0.3548348899170756,-0.0050287422816734755
1788862049225351000,30.969350830078124,0.955823053497076,-0.1891809479884803,-0.08387337474469095
1788862049235392800,30.979392822265623,0.508059412252903,-0.06684811526164412,-0.14712921026856637
1788862049245433900,30.989433837890626,0.29887305645942686,0.07628595182299613,-0.1663843750949949
1788862049255474700,30.999474609375,0.16220307082235813,0.11318769550174473,-0.11259365686504169
1788862049265517000,31.00951708984375,0.09160802411735057,-0.024602234075963497,0.18753349130870772
1788862049275558000,31.019557861328124,0.5300210686922073,-0.127717448374629,0.5140365869663656
1788862049285599000,31.029598876953123,0.7670330045223236,-0.26369272974580527,0.6345234265003353
1788862049295640800,31.039640869140626,0.3349257820934057,-0.38294688567966223,0.6447072591233998
1788862049305682000,31.049681884765626,0.41953591014742847,-0.4228653468310833,0.5819262471701949
1788862049315723800,31.059723876953125,0.5884539684385061,-0.39660044023990626,0.43189913263618945
1788862049325764900,31.069764892578124,0.2805073786854744,-0.4025079107180238,0.32963622431792317
1788862049335806000,31.079805908203124,0.2484919457435608,-0.38858430704474445,0.3272082665186375
1788862049345847800,31.089847900390627,0.3894149126499891,-0.41822891920208927,0.46435840035546566
1788862049355889000,31.099888916015626,0.5109861133545637,-0.5826449898988009,0.6476344716817141
1788862049365930800,31.1099306640625,1.0324456899285317,-0.6625853725761175,0.7788410042811185
1788862049375971800,31.119971923828125,1.3666881659328938,-0.7414987502932548,0.8204680959813296
1788862049386012700,31.1300126953125,0.8688713307529687,-0.8570113816112279,0.6441627039179205
1788862049396055000,31.140054931640623,0.2066582986205816,-0.9569897591888904,0.2554936594654806
1788862049406096000,31.150095947265626,-0.13961422239542007,-1.0251263068258762,-0.17561061473228037
1788862049416137000,31.160136962890626,-0.4361082747638225,-1.2073013215750454,-0.4496490165993571
1788862049426178800,31.1701787109375,-1.0042039303064345,-1.3981716839551925,-0.47972796505335713
1788862049436220000,31.180219970703124,-1.2426157960623503,-1.5216455034106968,-0.37142888184338807
1788862049446261800,31.19026171875,-1.254538873568177,-1.6126093844056129,-0.09540569936726241
1788862049456302800,31.200302734375,-1.684313269135356,-1.8907424351751803,0.016351671070419252
1788862049466344000,31.210343994140626,-2.4368343487024307,-2.3044132526814938,0.05582458954458125
1788862049476385800,31.2203857421875,-2.79390941876173,-2.494307463505864,0.02213512244322337
1788862049486427000,31.230427001953124,-2.7301842578262088,-2.603956171226501,0.05637309940597042
1788862049496468700,31.24046875,-2.456843117508292,-2.7915555491119624,0.017251944378390907
1788862049506509800,31.250509765625,-2.1960382181584834,-2.8741648587375876,-0.10462169160516932
1788862049516550700,31.260550537109374,-2.08429341494143,-2.6242121927917004,-0.2146506856139749
1788862049526593000,31.270593017578125,-2.2802578855901956,-2.017891728273034,-0.18909695949945599
1788862049536633900,31.2806337890625,-2.4853823987722397,-1.1676590470165014,-0.15298853988917543
1788862049546675000,31.290675048828124,-2.4539427198916672,-0.45414662027955055,-0.25915764359943566
1788862049556716800,31.300716796875,-2.158295055219531,-0.08265431781113147,-0.21559857918964698
1788862049566758000,31.3107578125,-1.7647271145433185,0.17424539079368112,-0.16503378246994688
1788862049576799700,31.3207998046875,-1.4726450333982706,0.4185509907633066,-0.1554811056235805
1788862049586840800,31.3308408203125,-1.231611002445221,0.3162923932939768,-0.4582356066262349
1788862049596882000,31.3408818359375,-1.0103560231953859,0.13877075730860233,-0.9395102165997028
1788862049606923800,31.350923828125,-1.1098176834225655,0.08878478339016437,-1.0575097693625837
1788862049616964900,31.36096484375,-1.0925906542897224,-0.024664485657215116,-0.960876099102944
1788862049627006700,31.3710068359375,-0.8292939381241798,0.08305237721800804,-0.7446111832253635
1788862049637047800,31.3810478515625,-0.7668903811812401,0.06910042423307895,-0.5635804431404918
1788862049647089000,31.3910888671875,-0.7281611298143863,-0.14832301402986048,-0.48601095431298014
1788862049657131000,31.401131103515624,-0.4664075514376163,-0.31235797645449637,-0.527108030789718
1788862049667171800,31.411171875,-0.3832061211377382,-0.4761240588098764,-0.5753401102455332
1788862049677214000,31.4212138671875,-0.547189061114192,-0.6643687488615513,-0.4227663434360176
1788862049687254800,31.4312548828125,-0.6598609160482883,-0.7788163812965154,-0.26600635871673
1788862049697296000,31.4412958984375,-0.7610054147958755,-0.9305231925457715,-0.12897133002639746
1788862049707338000,31.451337890625,-0.898570887967944,-1.113925118741393,-0.10585057581299916
1788862049717378800,31.46137890625,-1.0768529869318009,-1.2730524353802204,-0.10864483704087324
1788862049727420000,31.471419921875,-1.3650526736855506,-1.335713766476512,0.0037263909788336604
1788862049737461800,31.481461669921874,-1.5955208869606257,-1.200277122026682,0.30011027010418473
1788862049747502800,31.4915029296875,-1.794014583826065,-1.0135627102822065,0.5221554133510217
1788862049757545000,31.501544921875,-1.8973118766933679,-0.9658645550400018,0.5454806862937286
1788862049767586000,31.5115859375,-1.6624463052421807,-0.9590537059813737,0.45552389998212456
1788862049777627000,31.521626953125,-1.3922452165156602,-0.8597142108291387,0.15932861136458812
1788862049787669000,31.5316689453125,-1.4060276581525801,-0.6522808361828327,-0.16496216027215121
1788862049797709800,31.541709716796873,-1.3755781593531369,-0.7074643787443637,-0.06937672042381018
1788862049807752000,31.551751953125,-1.207706979766488,-0.8008575327128171,-0.023002288066036998
1788862049817792800,31.561792724609376,-0.8761632413268089,-0.7108025832563638,0.04608768783826381
1788862049827833900,31.571833740234375,-0.6742442461878061,-0.655254883557558,0.22973270207475868
1788862049837876000,31.5818759765625,-0.7350479667186737,-0.5660094969183206,0.42139162101671096
1788862049847916800,31.591916748046874,-0.42248423855900763,-0.28012393232584,0.4334313471721485
1788862049857959000,31.601958984375,-0.08536591485738754,-0.14336451483964918,0.35301231413241474
1788862049867999700,31.611999755859376,-0.11505378163456915,-0.213311911290884,0.18109664492793381
1788862049878040800,31.622040771484375,0.10235212097167969,-0.3323240751624107,-0.0900223623611033
1788862049888083000,31.6320830078125,0.1303366909623146,-0.46700201019942755,-0.23343199498411266
1788862049898124000,31.6421240234375,-0.17849369588792324,-0.6211614752978086,-0.3013859160631895
1788862049908166000,31.652165771484373,-0.3801069860786199,-0.7429974644184112,-0.27065971921421583
1788862049918207000,31.66220703125,-0.4669394663572311,-0.9490782554119824,-0.030757761031016705
1788862049928247800,31.672247802734375,-0.32450083419084547,-1.156370468021929,0.34417273572515694
1788862049938290000,31.6822900390625,-0.12730652948617935,-1.3328490246951579,0.7479778831794858
1788862049948330800,31.692330810546874,-0.05933247893452644,-1.5357120226860046,0.9508758063532412
1788862049958371800,31.702371826171873,-0.07585340562462806,-1.6923869777366518,0.8799198173813522
1788862049968414000,31.7124140625,-0.1290869831621647,-1.5830466053128243,0.6120350427731871
1788862049978454800,31.722454833984376,-0.31604981670975685,-1.2627902768239379,0.25035912785492836
1788862049988497000,31.732496826171875,-0.41400048785209653,-0.7942533121421933,0.1472754777383059
1788862049998537700,31.742537841796874,-0.34956045664548874,-0.2703814137294888,0.25737868776079265
1788862050008578800,31.752578857421874,-0.09604863691329955,0.0011833645656704902,0.5373498406777159
1788862050018621000,31.762620849609377,0.05219546666145324,-0.0580488688647747,0.7875994802761822
1788862050028662000,31.772662109375,0.0011678747355937957,-0.294305310152471,0.744769734787941
1788862050038703900,31.782703857421875,-0.1162111349761486,-0.7565799995690584,0.48871864236909895
1788862050048745000,31.792744873046875,-0.0040413843452930445,-1.4247019634842872,0.19421450344258917
1788862050058785500,31.80278564453125,0.5547872611582279,-1.8980463284477591,-0.028627571468753738
1788862050068827400,31.812827392578125,1.3329822956860065,-1.8407620142146943,0.01860598933584988
1788862050078868500,31.822868408203124,1.6967326057255268,-1.4613631764054298,0.2801674426740035
1788862050088909300,31.832909423828124,1.5855752470076083,-1.0303856886588036,0.40571602257695044
1788862050098951400,31.842951416015627,1.7886194467842578,-0.7855392598107457,0.2226746733220294
1788862050108992300,31.8529921875,2.5192881755053995,-0.5031793120611459,-0.1846773164262995
1788862050119034400,31.863034423828125,2.7950059818267823,-0.34229930653609336,-0.6109454939708113
1788862050129075200,31.8730751953125,3.004273001641035,-0.32403160924389957,-0.9969969215370714
1788862050139116300,31.8831162109375,3.5962960607379673,-0.2702648016124964,-1.2508131310433148
1788862050149158400,31.893158447265623,3.722257020834088,-0.0695219375807792,-1.0692716649573295
1788862050159199500,31.903199462890626,3.371068670725822,0.18079039199035613,-0.633383462684974
1788862050169241300,31.913241455078126,3.0448622016608713,0.15841259249821305,-0.12586349107101558
1788862050179282400,31.923282470703125,2.906246342653036,-0.02182922113209497,0.14811855923263356
1788862050189323500,31.933323486328124,3.0674528036534783,-0.13148711223960854,0.3848235662717372
1788862050199365400,31.943365478515624,2.738488560312986,0.016017014022264627,0.5254921930909157
1788862050209406500,31.953406494140626,2.615654207804799,0.39066743346173316,0.1688926498551853
1788862050219448300,31.9634482421875,2.1330828725516793,0.7633429908979684,-0.1882066961288452
1788862050229489400,31.973489501953125,1.4214748181313275,0.7632321509346366,-0.05809061651411466
1788862050239530200,31.9835302734375,0.8848767091363668,0.33530879006162284,0.1343663026714232
1788862050249572400,31.993572265625,0.9395178153842687,-0.2120999782178551,0.21982954955659806
1788862050259613200,32.00361328125,1.9390835644960402,-0.6188865891683847,0.1816275917331688
1788862050269654300,32.013654296875,2.983513122206926,-0.6909789617590606,-0.24299705638801677
1788862050279696400,32.0236962890625,2.924593900248408,-0.12294252559039741,-1.0688958904474972
1788862050289737500,32.03373754882813,2.0667747093856335,0.6142453392338008,-1.190476516567543
1788862050299779300,32.043779296875,1.355154380005598,0.6937140858113765,-0.9657455317702144
1788862050309820400,32.0538203125,1.619550581845641,0.576991786442697,-0.9192816675633192
1788862050319861500,32.06386157226562,2.165773428276181,0.6455119996350258,-1.0114240177530796
1788862050329903400,32.0739033203125,1.6799124038279056,0.6809872907072305,-1.072113391189277
1788862050339944400,32.0839443359375,1.5719979725539683,0.42389461681358515,-0.8589505329802631
1788862050349986300,32.093986328125,2.0621359436690807,0.13678265223130584,-0.4830639410756528
1788862050360027400,32.10402734375,2.1835253580659626,0.018795374428108334,-0.28623585760118436
1788862050370068200,32.114068115234375,2.3466706781744957,0.1538999373793602,-0.2328259919149801
1788862050380110600,32.12411059570312,2.389861585125327,0.40588118654340505,-0.4985409847360104
1788862050390151400,32.1341513671875,1.8713070823431015,0.6297310045920312,-0.8592527307972312
1788862050400193500,32.144193603515625,1.086060375738144,0.7361154498197138,-0.8962496054135263
1788862050410234400,32.154234375,1.2085223878026008,0.6414036144681274,-0.5869714017305523
1788862050420275500,32.164275390625,1.8541396744430063,0.4951848792411387,-0.2082717616992071
1788862050430317300,32.1743173828125,2.1525065349459647,0.47868557986095545,0.1351374057749286
1788862050440358400,32.1843583984375,2.313928100001812,0.597989858546853,0.21159864109959453
1788862050450399500,32.1943994140625,1.7304969281613827,0.7688204724609852,0.1177395866524428
1788862050460441300,32.20444140625,0.930721929988265,0.8350687221333384,0.09332958721294998
1788862050470482400,32.214482421875,0.4475707490205765,0.6390519367754459,0.3457610278299078
1788862050480524300,32.22452416992188,0.8554512926876544,0.3080886285722256,0.6767373781777918
1788862050490565400,32.2345654296875,1.2984732923626898,0.14351970540136097,0.9373734968319535
1788862050500606200,32.24460620117188,1.107432834112644,0.13742664922326803,1.0169660889849066
1788862050510648600,32.254648681640624,0.7514356224179267,0.02606032392978668,0.8445370999634265
1788862050520689400,32.264689453125,0.24178631062507627,-0.07704846062809229,0.5394159794272855
1788862050530730500,32.27473046875,-0.4542354676067829,-0.17017156548351048,0.306382957165502
1788862050540772400,32.2847724609375,-0.9273556684255599,-0.4737158286243677,0.3696083884179592
1788862050550813400,32.2948134765625,-1.1581214033424854,-0.8785492596805096,0.7327360365144908
1788862050560855300,32.304855224609376,-1.1451105305999516,-1.344149001866579,1.0191579730059952
1788862050570896400,32.314896484375,-0.9547609772235155,-1.788188069629669,1.031696917387843
1788862050580937500,32.3249375,-0.9287100056439638,-2.088737534868717,0.7978753020316361
1788862050590979300,32.33497924804688,-0.9742553667664527,-2.170032839286327,0.4842964420126751
1788862050601020400,32.3450205078125,-0.9796107563197612,-2.0061954452604054,0.2804041375067085
1788862050611062300,32.35506225585937,-0.9091220925986766,-1.8232739960581064,0.2565587131474167
1788862050621103400,32.36510327148437,-0.7201262919187545,-1.5738175891965627,0.3007812281683087
1788862050631144200,32.37514428710937,-0.8007008808463811,-1.2292951267182826,0.17780695573277772
1788862050641186600,32.3851865234375,-1.0181816022545098,-0.8876286381930112,-0.0480215876434464
1788862050651227400,32.395227294921874,-1.1299480327814817,-0.6276145969599485,-0.17645482873776927
1788862050661268500,32.4052685546875,-1.180037467074394,-0.4930471365600824,-0.28045833364566786
1788862050671310300,32.415310302734376,-1.2278776611357927,-0.60968906416893,-0.41590522549487646
1788862050681351400,32.425351318359375,-1.4135206442564725,-0.9241612562984227,-0.6320145854845642
1788862050691393300,32.43539331054688,-1.6144231558293103,-1.265736559408903,-0.5298647821519523
1788862050701434400,32.44543432617188,-1.2425251951694487,-1.4234534247279167,-0.3550841885030269
1788862050711475500,32.45547534179688,-0.7864069825559854,-1.4639309810668228,-0.28520079719871283
1788862050721517300,32.46551733398437,-0.9550351179897785,-1.5504600944846867,-0.3106697311066091
1788862050731558400,32.47555834960937,-1.3610481142193078,-1.5141320590406655,-0.3298061009921133
1788862050741599200,32.48559912109375,-1.6088468170017003,-1.3545195892333983,-0.14714032531762494
1788862050751641300,32.495641357421874,-1.8529308831751345,-1.2936036404997109,0.12696116838091984
1788862050761682200,32.50568212890625,-1.9424848973721265,-1.0541846435278655,0.1845497445238754
1788862050771724500,32.515724609375,-2.1349866603463887,-0.6770125418573617,-0.11920282760541885
1788862050781765400,32.525765380859376,-2.437300212648511,-0.4210696955859661,-0.5134761400720105
1788862050791806500,32.535806396484375,-2.528589672335982,-0.34869594877064225,-1.024596364667639
1788862050801848300,32.54584838867188,-2.3984154784590004,-0.28720950667262074,-1.402226073912531
1788862050811889400,32.55588940429688,-2.2438100231587885,-0.27554946401715275,-1.420601250167191
1788862050821931300,32.56593115234375,-1.9984534528315065,-0.35511925981640813,-1.2600474078565835
1788862050831972400,32.57597241210937,-1.6229209350615739,-0.42699265589416024,-1.0007296052593737
1788862050842013400,32.58601342773437,-1.2658201460391283,-0.580740617582202,-0.7747368568979204
1788862050852055300,32.59605517578125,-1.0709282730579375,-0.7755296147108077,-0.442995513526909
1788862050862096400,32.606096435546874,-0.6903185981541872,-0.9084393710315227,-0.13807020782381296
1788862050872137200,32.61613720703125,-0.34014380900263785,-0.8817460098952055,0.07021580159645527
1788862050882179600,32.6261796875,-0.2916173862427473,-0.7895832745045424,0.14108707142695784
1788862050892220400,32.636220458984376,-0.32298984510600565,-0.5655675983697176,0.19191413581203667
1788862050902262500,32.64626245117187,-0.4651116664081812,-0.34085751022994515,0.19647282202970234
1788862050912303400,32.65630346679688,-0.7329658997476101,-0.28615152205228805,0.11166492464756593
1788862050922344400,32.66634448242188,-0.8245055348038673,-0.29294366641044617,0.008260920002777129
1788862050932386300,32.67638623046875,-0.8721095820218324,-0.41322482730448246,-0.08311773407179862
1788862050942427400,32.68642749023437,-1.0652367834180594,-0.6451718809604644,-0.07264390552621335
1788862050952468500,32.69646850585937,-1.1752777053266763,-0.8964473199427128,-0.128588385990262
1788862050962510300,32.70651025390625,-1.27570148858428,-1.0723673659503459,-0.30868060311600565
1788862050972551400,32.716551513671874,-1.580654157218337,-1.080606786507368,-0.4301444344559684
1788862050982593300,32.72659326171875,-1.6989017664581536,-0.8508440911531447,-0.36705307791195807
1788862050992634400,32.73663427734375,-1.3201584699481725,-0.8349164541810751,-0.09413476611599325
1788862051002675200,32.74667529296875,-1.3105495146036148,-0.8877373592644929,0.2073657162375748
1788862051012717600,32.75671752929688,-1.5449977374255657,-0.9897329218834638,0.6022744770634919
1788862051022758400,32.76675830078125,-1.499323196965456,-0.9664128365725279,1.0647848749320954
1788862051032799500,32.77679956054688,-1.4004764537662266,-0.7036801840305328,1.2372864177331329
1788862051042841300,32.78684130859375,-0.5543839410543442,-0.37515257854163647,0.726363359677419
1788862051052882400,32.79688232421875,0.27836627500355243,-0.24536767624318598,-0.12567973200194538
1788862051062924500,32.806924560546875,0.8274141157269478,-0.27216975845098496,-0.7509404593121259
1788862051072965600,32.816965576171874,1.0888958914250135,-0.2265969247996807,-0.834615644603595
1788862051083006700,32.8270068359375,0.606283639639616,-0.32777941747009753,-0.6636139849714935
1788862051093048600,32.83704858398438,-0.34415947438478467,-0.5651525878280401,-0.45020811178684234
1788862051103089700,32.847089599609376,-1.4224229126363992,-0.7983066791862249,-0.07439334300942718
1788862051113131500,32.85713159179687,-2.0001491508334874,-0.9772674080640077,0.4063398900963366
1788862051123172600,32.86717260742188,-1.6881787123918532,-1.0733213056743145,0.8696243410773575
1788862051133213400,32.87721337890625,-0.8254846089690924,-1.073306984888017,1.0788423341181128
1788862051143255600,32.88725561523437,0.040434886240959166,-1.0317626761004328,0.9649038202490657
1788862051153296400,32.89729638671875,0.45104631617665286,-0.932683877710998,0.6679779523346573
1788862051163337500,32.90733740234375,0.39800679990649224,-0.8068544350400566,0.29882980183959007
1788862051173379600,32.917379638671875,0.3760661862552166,-0.774428667731583,-0.08225085157677531
1788862051183420700,32.927420654296874,0.0705319183409214,-0.7307680974423885,-0.4689707529891282
1788862051193462500,32.93746264648438,-0.4022416609972715,-0.63153761562258,-0.7360365393646061
1788862051203503600,32.947503662109376,-0.6648562401175498,-0.6124705115810036,-0.8200532315701246
1788862051213544700,32.957544677734376,-0.3740811499178409,-0.5964031738772988,-0.8710025706280022
1788862051223586600,32.96758666992187,0.3126175041735172,-0.5199553094908594,-0.8296596296314149
1788862051233627600,32.97762768554688,0.7540951970160007,-0.4202981266915798,-0.5858263964138924
1788862051243668500,32.98766845703125,0.5270844307184219,-0.45109073984026904,-0.19592669592164455
1788862051253710600,32.99771069335937,0.2917360441863537,-0.634799540027976,0.08316628592126071
1788862051263751400,33.00775146484375,0.4286988752901554,-0.8230889460042119,0.0655578562553972
1788862051273793500,33.01779345703125,0.6398942328184842,-1.0668179151296615,-0.15578765082210302
1788862051283834400,33.02783447265625,1.073389110213518,-1.1277006922461092,-0.3560519375566393
1788862051293875500,33.03787548828125,1.7987328445196151,-0.9866079217307269,-0.4654055347882211
1788862051303917600,33.04791748046875,1.9925603031396866,-0.5793405415259302,-0.42362076830826695
1788862051313958700,33.057958740234376,1.7782377535015343,-0.09452683417350054,-0.16696948150657118
1788862051323999700,33.067999755859375,2.0464824474632737,0.06371909652091562,-0.39219972106292844
1788862051334041600,33.07804150390625,2.8747826983749865,-0.0329868352573365,-0.7602152873314917
1788862051344082700,33.08808276367188,3.5002959391415116,0.04571216905675828,-0.6408739645708352
1788862051354124500,33.09812451171875,3.614386428701877,0.13360573922824115,-0.24938681222405285
1788862051364165600,33.10816552734375,3.5157553740799425,0.0852859814889729,0.12757221295135096
1788862051374206500,33.11820654296875,3.677148297563195,0.14286572587150148,0.4125812687039375
1788862051384248600,33.12824853515625,3.187843270140886,0.19295016432888804,0.4751034105252474
1788862051394289400,33.13828930664062,2.6336452070474623,-0.07729391415598802,0.1568286112423986
1788862051404331500,33.14833154296875,2.5772505351305006,-0.3487083698607981,-0.23305253067985177
1788862051414372400,33.158372314453125,2.184330244708061,-0.10050130547322332,-0.5087843655265868
1788862051424413400,33.168413330078124,1.7394284226357937,0.393674250594899,-0.554665315278992
1788862051434455600,33.17845556640625,1.7060317644685505,0.8205768170528114,-0.34615660301875323
1788862051444496600,33.18849658203125,2.4588486121118067,0.6862887581162155,-0.12432576924287714
1788862051454537700,33.19853784179688,2.7849942909002303,0.2927097115240991,-0.043393087592581286
1788862051464579600,33.20857958984375,2.198373967629671,-0.03230988584384322,0.039566364344698374
1788862051474620700,33.21862060546875,1.4134651146769523,-0.10924965279991738,-0.037733413296495565
1788862051484662500,33.22866259765625,1.7471558020174502,-0.04513100360136013,-0.4099425907634198
1788862051494703600,33.23870361328125,1.905468879663944,0.15429255342613904,-0.3742072605155408
1788862051504744400,33.24874438476562,1.7658721929252146,0.3521155479557812,-0.027466194972605443
1788862051514786600,33.25878662109375,2.131830826663971,0.47055743765868246,0.07343617471533362
1788862051524827400,33.268827392578125,2.5866297733724117,0.49024661912135775,0.06496498666247352
1788862051534868500,33.278868408203124,2.9811995845675465,0.4829294279757887,0.033274812752706925
1788862051544910600,33.28891064453125,3.2928000206530093,0.5198560138348489,-0.12946020038872957
1788862051554951700,33.29895166015625,3.1179484806597233,0.4416015384178608,-0.5214896794512868
1788862051564993500,33.30899365234375,2.973825256407261,0.42724736130759117,-0.6572950841482729
1788862051575034600,33.31903466796875,3.3022073159456253,0.6833934750661254,-0.4529719870096072
1788862051585075700,33.32907568359375,3.136319419130683,1.049064231774211,-0.2766075582353398
1788862051595117600,33.33911767578125,2.228079370063543,1.1873027819022535,-0.2956726529829204
1788862051605158700,33.34915869140625,1.4204501512587069,1.016295642377436,-0.49837498051933943
1788862051615200500,33.359200439453126,1.0260042587041853,0.7026628236815333,-0.50704154044725
1788862051625241600,33.36924169921875,0.8807306953728199,0.20314006136655807,-0.31769374799188227
1788862051635282400,33.379282470703124,0.742119512540102,-0.25415450154989955,-0.06542955370061099
1788862051645324500,33.38932446289063,0.6879717427670955,-0.7623571216657757,0.2257828319378197
1788862051655365400,33.39936547851563,0.8596469908118247,-1.1279261715650557,0.4267269906952977
1788862051665406500,33.409406494140626,0.9934767845869064,-1.1466188893362879,0.3728136142000556
1788862051675448600,33.41944848632812,1.0323872377395629,-0.9935743997424841,-0.07751001372523605
1788862051685489700,33.42948974609375,0.6125029525458813,-0.7748541996672749,-0.645290611969307
1788862051695531500,33.439531494140624,0.2638695476174354,-0.4378896052226424,-0.8944297695752232
1788862051705572600,33.44957250976562,0.3263672125846147,-0.22832155663520096,-0.8779784009899944
1788862051715613700,33.45961376953125,0.431250897860527,-0.17081074016988276,-0.8441062342654914
1788862051725655600,33.469655517578126,0.023012042275071143,-0.1574333722025156,-0.9507405626010149
1788862051735696600,33.479696533203125,-0.9814566764473914,-0.24212007262408733,-0.9020313306201249
1788862051745737500,33.489737548828124,-1.5852824015408753,-0.5754921955347061,-0.5897879935212433
1788862051755779600,33.49977954101563,-1.3953887752383947,-1.0630600239008665,-0.10832637307569384
1788862051765820400,33.5098203125,-1.045561192089319,-1.5453969658762217,0.2973817584557459
1788862051775862500,33.51986254882812,-1.2337246335983276,-2.001642019739747,0.46477330129928884
1788862051785903400,33.5299033203125,-1.445599790084362,-2.2772364919424057,0.5440409358141943
1788862051795944400,33.5399443359375,-1.3267758422613143,-2.208897699731588,0.6091060766492039
1788862051805986600,33.549986572265624,-1.057900449180603,-2.1221108121603725,0.5174680227197707
1788862051816027600,33.56002758789062,-0.9501894315242767,-2.0395307286292312,0.39805239261388775
1788862051826069500,33.570069580078126,-0.9093003717750311,-1.8101549867659805,0.2681796659015119
1788862051836110600,33.580110595703125,-0.7799515228062868,-1.4782792398929596,0.1502101064180955
1788862051846151700,33.590151611328125,-0.8758423388093709,-1.2206056243062018,0.020347681904025375
1788862051856193500,33.60019360351563,-1.2552782937586306,-0.9261649973362683,-0.21931422044560311
1788862051866234600,33.61023461914063,-1.677203729391098,-0.6092541798830032,-0.37981750161275263
1788862051876276500,33.6202763671875,-1.8159522748678922,-0.3789490482151508,-0.40386688757892697
1788862051886317600,33.63031762695312,-1.8290958340793846,-0.4025841908246279,-0.2590779476930387
1788862051896358400,33.6403583984375,-1.8573785102337597,-0.622414105707407,-0.16141730900583787
1788862051906400500,33.650400390625,-2.00178522760272,-0.7998544931501149,-0.15525379967372863
1788862051916441300,33.66044140625,-2.2155156565666196,-0.8986690876454114,-0.048952041460550384
1788862051926482400,33.670482421875,-2.4727421129077674,-1.1474644002497196,0.037627493820164816
1788862051936524500,33.680524658203126,-2.6206729127496478,-1.4998013358712194,0.1405390912885312
1788862051946565600,33.690565673828125,-2.6918840455263853,-1.7567483907490968,0.24787606060123069
1788862051956607500,33.700607421875,-2.695475932538509,-1.7805092055648564,0.2359148430421017
1788862051966648600,33.71064868164063,-2.566039405286312,-1.4754782109975815,0.030471938960114492
1788862051976689700,33.72068969726563,-2.449584524682164,-1.021730819168687,-0.5144834539510309
1788862051986731500,33.7307314453125,-2.285040443691611,-0.7903957599312067,-1.198487096804753
1788862051996772600,33.74077270507812,-1.8206231892883777,-0.5238859269380569,-1.5504776301413774
1788862052006814500,33.750814453125,-1.4318722935050725,-0.21798341023325918,-1.5118565153241157
1788862052016855600,33.76085546875,-1.2747867118269205,-0.18158523216247557,-1.2815874778829515
1788862052026896400,33.770896484375,-1.1001198807507753,-0.3408943351089954,-0.9440747480362653
1788862052036938800,33.780938720703126,-0.7335223645865917,-0.5989478899240493,-0.7012346175093204
1788862052046979600,33.7909794921875,-0.35984278120696545,-0.7239286068111658,-0.49525228192154314
1788862052057020700,33.801020751953125,-0.06145020174086094,-0.7766507276952266,-0.5311625303449109
1788862052067064000,33.81106396484375,-0.0014887772530317305,-0.8174047628879547,-0.629394758374989
1788862052077105200,33.821105224609376,-0.09895838688015937,-0.8281266479104756,-0.6213027834646403
1788862052087147000,33.83114697265625,-0.22061317421495913,-0.7286322544574737,-0.5601140822041779
1788862052097188000,33.84118798828125,-0.28435177915394305,-0.5634288327753544,-0.449248326843977
1788862052107229000,33.85122900390625,-0.37132746729552746,-0.41720191424190994,-0.31204138478599486
1788862052117271000,33.86127099609375,-0.39193420199453827,-0.3685533264070749,-0.21404002463603392
1788862052127312000,33.87131176757813,-0.43599955369234084,-0.2842506568670273,-0.1242970637382008
1788862052137354000,33.88135400390625,-0.5559644882440566,-0.13513093950152397,0.07828161915224045
1788862052147394800,33.89139477539062,-0.8540747436374425,-0.17340952449142932,0.2370668808877468
1788862052157436000,33.90143579101562,-1.0855874975293873,-0.4373410314291715,0.3210652702515945
1788862052167478000,33.91147802734375,-1.2849842807143925,-0.7441033798336982,0.27052381787486374
1788862052177519000,33.92151904296875,-1.477375569051504,-0.8363584696829318,0.11193119263462721
1788862052187560200,33.931560302734376,-1.5399188267260788,-0.7421545838534832,0.08651092017404735
1788862052197602000,33.94160205078125,-1.382351599010825,-0.7061492044925689,0.40191228291243314
1788862052207643100,33.95164306640625,-1.2511135752946139,-0.5742179378151894,0.6492128269143402
1788862052217685000,33.96168505859375,-1.3347235863953828,-0.5156757324755191,0.8351724017035216
1788862052227726000,33.97172607421875,-1.092486609393358,-0.30787469356060027,0.8409877369187772
1788862052237767000,33.98176684570313,-0.6669032357752323,-0.085428458699584,0.3031772564593702
1788862052247809000,33.99180908203125,-0.18957564639449118,0.09676292266249656,-0.390870481753163
1788862052257849900,34.00184985351562,0.12436053916215896,0.2255506306171417,-0.6572779868829995
1788862052267892200,34.01189233398438,0.5075052855014801,0.25830665279328824,-0.575764911528863
1788862052277933000,34.02193310546875,0.4465045810937881,0.018676058897376058,-0.35588695625327527
1788862052287974100,34.03197412109375,-0.41314182519614695,-0.5659767636924982,-0.03003510931227356
1788862052298016000,34.04201611328125,-0.9521288751542568,-1.187016658437252,0.21633677553739397
1788862052308057000,34.05205712890625,-1.0304290894091128,-1.6767735212802886,0.5128604923916981
1788862052318099000,34.06209887695312,-0.92269293731153,-1.9726237227872012,0.8552904030375182
1788862052328140000,34.07214013671875,-0.6438964541971683,-1.8825942000329494,1.0550817384980617
1788862052338181000,34.08218115234375,-0.4552577963918447,-1.6393436620742081,1.096608657759428
1788862052348223000,34.092222900390624,-0.6499176141828298,-1.4560320445105432,0.9776210438072681
1788862052358264000,34.10226416015625,-0.7217471711188554,-1.367118374043703,0.7493328049197793
1788862052368306000,34.112305908203126,-0.5453811349093913,-1.3244260642647743,0.5197328623792157
1788862052378347000,34.122346923828125,-0.4554518576592207,-1.2627949529990554,0.45067171071059997
1788862052388387800,34.132387939453125,-0.16222762074172495,-1.2051587565883994,0.395122220913507
1788862052398430200,34.14243017578125,0.3923836993277073,-1.0397001911014319,0.30493778159217905
1788862052408471000,34.15247094726563,0.6905173355966806,-0.816445562466979,0.21917238255580887
1788862052418512100,34.16251220703125,1.0238625705003739,-0.5502978407844901,0.018725651926454156
1788862052428554000,34.17255395507812,1.4408838674783706,-0.19354104289412496,-0.11041241296897641
1788862052438595000,34.18259497070313,1.597206063568592,0.09328530967980622,-0.12366508597759529
1788862052448637000,34.192636962890624,1.7021195594608782,0.2097035115353763,-0.17444842081880196
1788862052458678000,34.202677978515624,1.8965385542333124,0.15361454456672072,-0.09806700926469639
1788862052468719000,34.21271899414062,1.976732619410753,0.09998246923089027,0.049719669398758555
1788862052478761000,34.222760986328126,1.8328443729579447,-0.019779051703214645,0.12654427640940993
1788862052488802000,34.232802001953125,1.5697078157901763,-0.24532617518901823,0.08893679561410099
1788862052498844000,34.24284399414063,1.784165389984846,-0.593432122177258,-0.12785840948158875
1788862052508885000,34.25288500976563,2.6771295439869163,-0.7831113020114601,-0.3597413666591048
1788862052518925800,34.26292578125,2.8000737866103647,-0.6051017363786697,-0.22666670210026205
1788862052528968200,34.27296826171875,2.556104871249199,-0.4519787016559392,-0.005766527637466788
1788862052539009000,34.28300903320312,2.7169898452103136,-0.5878229039933532,0.18829415521658957
1788862052549051100,34.293051025390625,2.8847394442439076,-0.8129227951683103,0.25096071047727014
1788862052559092000,34.303092041015624,2.7007810532093046,-0.9529483748435974,0.2681527778945863
1788862052569133000,34.31313305664062,2.507720487308502,-0.9075001174200326,0.07004694783557205
1788862052579175000,34.3231748046875,2.274800204706192,-0.6178007666930556,-0.4165285084923729
1788862052589216000,34.333216064453126,1.8323966291904448,-0.30874475439339877,-0.7266331895947455
1788862052599257000,34.343257080078125,1.9627613772034644,-0.13029307101629672,-0.7725326248519122
1788862052609299000,34.353298828125,1.906759503996372,-0.00426379492431879,-0.4833120706178248
1788862052619340000,34.36334008789063,1.7655261559665203,0.14113021644894033,0.09573270283192395
1788862052629382000,34.3733818359375,1.8154045778572558,0.3601473171114921,0.6722606711551546
1788862052639423000,34.38342309570312,2.21150583640337,0.5000268393795937,0.5938458540773018
1788862052649463800,34.3934638671875,2.340579960083961,0.7664351847596466,0.19582615815661847
1788862052659506200,34.403506103515625,2.5745430297374723,0.8976644406475126,-0.02615523567162454
1788862052669547000,34.413547119140624,2.581619251734018,0.7545417717397213,-0.18777519111009314
1788862052679589000,34.42358911132813,2.178618296802044,0.4745745278129354,-0.288656527143158
1788862052689630000,34.4336298828125,1.7672154242277145,0.057328244706336406,-0.25791847545960916
1788862052699671000,34.443671142578125,1.5260639043748379,-0.23814196277335284,-0.29743423756165427
1788862052709713000,34.453712890625,1.3000830656468867,-0.44523039643950757,-0.23159329004855825
1788862052719754000,34.46375390625,0.9717980367422103,-0.6073220793092623,-0.20315482054427264
1788862052729795800,34.4737958984375,1.3967764302045107,-0.5450608169138431,-0.2984802394832484
1788862052739837000,34.4838369140625,2.1580366965442894,-0.36418431754261255,-0.49244464062228793
1788862052749878000,34.4938779296875,3.037475598540902,-0.1406351629409939,-0.5263862923864275
1788862052759920000,34.503920166015625,3.309697379440069,0.2398136953778565,-0.37287140880189834
1788862052769961200,34.513961181640624,2.857103249299526,0.6692910807598382,-0.337192119590193
1788862052780003000,34.52400317382813,2.743963192331791,0.9738787885390221,-0.48549588093031193
1788862052790044200,34.53404418945313,3.406774190357327,1.2274570976361632,-0.5604607402173802
1788862052800085000,34.5440849609375,3.201652015262842,1.6554992625832556,-0.5114840894719586
1788862052810127000,34.55412719726562,1.9597019896328447,1.8500841154418886,-0.5168475527338683
1788862052820168000,34.56416796875,1.1305156035363673,1.695834341711551,-0.5294636905377731
1788862052830210000,34.5742099609375,0.6403834776401519,1.4703122065365313,-0.35244470684491097
1788862052840251000,34.5842509765625,0.5023983177512884,1.2225322084546089,0.2364626679169014
1788862052850292000,34.5942919921875,0.3000912000775337,0.6533528493285179,1.1216021561753005
1788862052860333800,34.604333740234374,-0.15028174688220022,-0.0937374373614788,1.9661092263266442
1788862052870375000,34.614375,-0.4309796797037124,-0.571053628565371,2.2576219831511377
1788862052880416000,34.624416015625,-0.12617255702018737,-1.056464278897643,1.7717780559681355
1788862052890458000,34.6344580078125,0.14211597608327864,-1.7362530074700713,0.9349886475220323
1788862052900499200,34.64449926757813,0.37782150548994536,-1.9995988234743474,0.2534007605731487
1788862052910541000,34.654541015625,0.9811714297652244,-1.9660808770149945,-0.3509340830862522
1788862052920582100,34.66458203125,1.5545336275339126,-1.6315145758837462,-0.8707209772076457
1788862052930623000,34.674623046875,1.7383932343691586,-0.9235147750884294,-1.1409145402148366
1788862052940665000,34.6846650390625,1.2817641496241092,-0.11458733316659926,-1.1858764754261821
1788862052950706000,34.69470581054688,0.17971826924681664,0.20473405255973337,-1.2984466966167092
1788862052960748000,34.704748046875,-1.1405308015942572,0.11163958927690983,-1.4264239649713037
1788862052970788900,34.714788818359374,-1.7747931660056113,-0.25743337709009645,-1.3463770531795918
1788862052980830000,34.72482983398437,-1.8016934478908777,-0.7923544927835464,-0.8615195066854358
1788862052990871800,34.734871826171876,-1.8058043903410435,-1.372027188873291,-0.0970021747784689
1788862053000913000,34.744912841796875,-2.151855377560854,-1.6714730767846107,0.6953509662982076
1788862053010955000,34.754955078125,-2.483574472567439,-1.9185528176426887,1.1320581568032502
1788862053020996000,34.76499609375,-2.3796049795269965,-2.3250147266834973,1.0970069363620132
1788862053031037200,34.775037109375,-1.9964356832683086,-2.833346526136994,0.6463210509955882
1788862053041079000,34.7850791015625,-1.79958157030344,-3.272912247878313,0.025324821862624955
1788862053051120000,34.7951201171875,-1.7640666048079727,-3.5538141788393256,-0.4212368688464164
1788862053061161200,34.8051611328125,-1.4385066169530152,-3.2538656021028753,-0.4114307834945619
1788862053071202300,34.81520239257812,-0.8950801232427358,-2.2192174336940047,0.01919940691804513
1788862053081243400,34.82524340820312,-0.31847207542061806,-0.5847451770484448,0.5180082670763134
1788862053091285200,34.83528515625,0.06210603530108928,1.0061655857682228,0.637895460216701
1788862053101326300,34.845326416015624,0.07680325369536876,2.001454972735047,0.25355989665761586
1788862053111368200,34.8553681640625,0.20997136869132518,2.6866432222634553,-0.4558408569768071
1788862053121409300,34.8654091796875,0.5313093549370765,2.878000491377711,-1.1292753211516886
1788862053131450000,34.8754501953125,0.23558219528794289,2.1596400400877,-1.7837736141882836
1788862053141492500,34.88549243164063,-1.1456623192638158,0.3778992469012737,-1.7528483145706355
1788862053151533300,34.895533203125,-2.3574580296486616,-1.547591261050105,-1.042612133025378
1788862053161575400,34.90557543945312,-2.8898592714756726,-2.819711384016275,0.208407918766886
1788862053171616300,34.9156162109375,-3.0689573629975317,-3.259963334456086,1.5524616435654461
1788862053181657300,34.9256572265625,-3.2004777107864615,-2.9485709881633517,2.483965809972584
1788862053191699200,34.93569921875,-3.0833558907061813,-1.9453005393147467,2.6045377705067394
1788862053201740300,34.945740234375,-2.566613990303874,-0.7271411391168833,1.5058957072235644
1788862053211781400,34.95578149414062,-1.8911118530094622,0.12543781300485132,0.0038868879033252595
1788862053221823200,34.9658232421875,-1.6453461173593997,0.026565935364365575,-1.152471487822011
1788862053231864300,34.9758642578125,-1.599544735649228,-0.8955804739803075,-1.4619151111997664
1788862053241906200,34.98590625,-1.3282313017666338,-2.05478908803761,-1.3320216339603066
1788862053251947300,34.995947265625,-1.2601333325743675,-3.0107360601752995,-1.157718229369074
1788862053261988000,35.005988037109375,-1.3938783706754445,-3.2182892618089913,-0.4405980239311233
1788862053272030500,35.01603051757812,-1.1746101813286542,-2.7212276289105413,0.28836472285604103
1788862053282071300,35.0260712890625,-0.5379466009944677,-1.6656810493797063,0.7031703348122537
1788862053292113400,35.036113525390626,-0.0774251849859953,-0.41693069608509536,0.7086130373228341
1788862053302154200,35.046154296875,0.36462475478649137,0.5156634575158358,0.3768333712354302
1788862053312195300,35.0561953125,0.5124824893921613,0.9453653723686933,0.03471998832602985
1788862053322237200,35.0662373046875,0.4015659536927938,0.9919377384513616,-0.2313778754658997
1788862053332278300,35.0762783203125,0.17648937032818793,0.8352198210418224,-0.459130473106727
1788862053342320000,35.08632006835938,0.006291793620586395,0.7564689404100179,-0.4326705554001033
1788862053352361200,35.096361328125,-0.3132096248477697,0.7205296120226383,-0.15684295029500497
1788862053362402300,35.10640234375,-0.5271949053555727,0.7050117248952389,0.10314570076847449
1788862053372444200,35.11644409179687,-0.5599041657805442,0.6144155081689358,0.25863539155730975
1788862053382485200,35.1264853515625,-0.4848439563602209,0.5698416224271059,0.27947560621863227
1788862053392527400,35.13652734375,-0.4508493322998285,0.445003528881073,-0.024620719580724836
1788862053402568400,35.146568359375,-0.7327502111703157,0.23482933109402654,-0.40151685385406016
1788862053412609300,35.156609375,-1.1382833149284124,-0.22691022853255272,-0.629757965664193
1788862053422651400,35.1666513671875,-0.8374047638654708,-0.6736766754329204,-0.7968164406284689
1788862053432692200,35.176692138671875,-0.7728384759306908,-0.8703805662721394,-0.7228451224233955
1788862053442734300,35.186734375,-0.9324041839867829,-1.0786667583554983,0.01330134358908981
1788862053452775200,35.19677514648438,-0.7152227377861737,-1.297281452229619,0.7300658674571663
1788862053462816300,35.20681616210938,-0.4026291990101337,-1.4257622861921786,0.9369859588190913
1788862053472858000,35.21685815429687,-0.06353285323381423,-1.4608376912266015,0.6881438844636082
1788862053482899200,35.22689916992187,0.06562777968645095,-1.2281629078179597,0.3707810489265248
1788862053492941300,35.23694140625,-0.5662298616707324,-1.0574351697564124,0.16917170425858347
1788862053502982400,35.246982421875,-1.6080746635854244,-1.1349673222482204,0.09154416510090231
1788862053513023500,35.2570234375,-2.7255390623688696,-1.2722972330987452,0.2750015478108078
1788862053523065300,35.2670654296875,-3.524516188162565,-1.5445613918349146,0.8427481707200407
1788862053533106400,35.2771064453125,-3.4363527515411376,-1.9464128844708204,1.4413073535874485
1788862053543148300,35.28714819335938,-2.7799884454369543,-2.3812314116850493,1.677796726848185
1788862053553189400,35.297189453125,-1.7121943787515161,-2.6401313541963694,1.7905930849447846
1788862053563230200,35.30723022460938,-0.6620563802659511,-2.7442478544920683,1.8111977738171814
1788862053573272300,35.31727221679687,-0.2835959923505783,-2.5604724188089367,1.6571677803173661
1788862053583313200,35.32731323242187,-0.46046530190706253,-2.3774942709833384,1.1643388165526092
1788862053593355300,35.337355224609375,-0.4879226331532001,-2.0503049283608794,0.39648627580832685
1788862053603396000,35.34739599609375,0.23210955074131487,-1.4436767130672932,-0.3045359775919467
1788862053613437200,35.357437255859374,1.3713304387807845,-0.83671619707942,-0.6097331225063651
1788862053623479300,35.36747924804688,2.4579274056136606,-0.33803134689331055,-0.5845286116883158
1788862053633520400,35.377520263671876,3.0619115361392497,0.05728811362534761,-0.4493720262888819
1788862053643561500,35.3875615234375,3.1736721214473245,0.423244409276545,-0.4286731563270092
1788862053653603300,35.39760327148438,3.0182711318552493,0.6312862712100148,-0.6244325328577309
1788862053663644400,35.40764453125,2.7894325656086205,0.5039775497667491,-0.8426996554031968
1788862053673686300,35.41768627929687,2.5082173309147358,0.4001594478957355,-1.0776447948966175
1788862053683727400,35.42772729492187,1.9747873305618762,0.33276933471187947,-1.092739926567301
1788862053693768200,35.43776831054687,1.5764976220607756,-0.18734759508147836,-1.0017145246434955
1788862053703810300,35.447810302734375,1.484990720230341,-0.9122747114107013,-0.7637565401349217
1788862053713851100,35.45785107421875,1.9205846157312392,-1.5977788950204848,-0.35859091798234727
1788862053723893200,35.46789331054688,2.1188696382820607,-1.842142947179079,0.1611544020196423
1788862053733934000,35.47793408203125,1.7796937975287437,-1.5198068898066877,0.5166331062655896
1788862053743975200,35.48797509765625,1.6816379124462604,-0.8324151388846337,0.34336204039677976
1788862053754017300,35.49801733398437,1.8463140953838824,-0.010324483202770351,-0.1563410834537819
1788862053764058400,35.50805834960938,1.6872621820688247,0.46101310851555316,-0.7509232889816164
1788862053774100200,35.518100341796874,1.4565700969099997,0.33798900558892636,-0.8460333298705518
1788862053784141300,35.52814135742187,1.4767618210673332,-0.02705587430577725,-0.42127588568255303
1788862053794182400,35.53818237304687,1.689794330894947,-0.37436288946866986,-0.012388594392035155
1788862053804224300,35.548224365234375,1.3258207334935663,-0.7234381929457188,0.23311571384286506
1788862053814265300,35.558265380859375,1.3396043441742658,-0.8575793176922947,0.7012482807084918
1788862053824307200,35.56830712890625,1.6290531542062758,-0.5970598476877436,0.7356611301809549
1788862053834348300,35.57834838867188,1.5393419036209581,0.08302573580625466,0.37577615380007773
1788862053844389000,35.58838916015625,1.300763449126482,0.6835811065927148,0.21101229257900267
1788862053854431200,35.59843115234375,1.9694868860661983,0.7717261307746172,0.10122588428757152
1788862053864472000,35.60847216796875,2.3930834697812795,0.5268495259840041,-0.01489968216381967
1788862053874514400,35.618514404296874,2.9565409441292285,0.5674964840730652,0.09584885829119011
1788862053884555300,35.62855517578125,3.925272579038143,0.6528769023798405,-0.10208946971381083
1788862053894596400,35.63859643554687,4.285249215757847,0.6036616205729544,-0.29542854202874
1788862053904638200,35.64863818359375,4.359237412032485,0.44669988447017966,-0.6864611190084368
1788862053914679300,35.65867919921875,3.655414020138979,0.35632308264821766,-1.1068773921869695
1788862053924721200,35.66872119140625,2.542255209594965,0.37067426408380266,-1.183287189585343
1788862053934762200,35.67876220703125,2.1454221296429634,0.3306833952832967,-0.9682808954667299
1788862053944803300,35.68880322265625,2.2616151444405315,0.23223054677248,-0.37813740303870286
1788862053954845200,35.69884521484375,2.521586515575647,0.05822795175872743,0.12396396845947019
1788862053964886300,35.70888623046875,2.6312054126799107,0.11580576904565096,0.4229080169290304
1788862053974928400,35.718928466796875,2.446723290032148,0.24154804488979278,0.40504689114373177
1788862053984969500,35.728969482421874,1.7781319550395012,0.3907413389481604,-0.02274259595023468
1788862053995010300,35.73901025390625,1.3190461247920988,0.5526370973870158,-0.6010942543029785
1788862054005052400,35.74905249023438,0.9556108720511197,0.5752295990757644,-0.8180620577529072
1788862054015093200,35.75909326171875,0.5947089371800423,0.40997283977121113,-0.504153892714344
1788862054025135400,35.76913525390625,0.6280582490742206,0.11428440469726919,-0.07082298284252174
1788862054035176200,35.77917626953125,0.6846271085143089,-0.2437117257297039,0.11209252067618071
1788862054045217300,35.78921728515625,0.7235632806301117,-0.5797651966787875,0.14911706875069067
1788862054055259100,35.79925903320313,0.8439566697269678,-0.8121025648266077,-0.04824866526443511
1788862054065300000,35.80930004882813,0.9335679670691489,-0.7885930944234132,-0.29068403264908116
1788862054075341800,35.819341796875,0.8465794194459915,-0.6430740318983793,-0.39674773975610733
1788862054085383000,35.8293828125,0.8026029150754213,-0.39809623175561426,-0.2882175512040034
1788862054095424000,35.83942407226562,0.6516250026226044,-0.00853723445981741,0.002625270469672978
1788862054105465900,35.8494658203125,0.1579565192937851,0.2689890825882554,0.34422534269522875
1788862054115507000,35.8595068359375,0.16826339377462862,0.37612142357379197,0.6035570276873186
1788862054125548800,35.869548828125,0.547226470515132,0.3973910060957074,0.6296281287394464
1788862054135590000,35.87958984375,0.3908744638085365,0.04594195922464132,0.3249607433201745
1788862054145630700,35.889630615234374,-0.18295067529678344,-0.6200345170944929,-0.06541318708769976
1788862054155672800,35.8996728515625,-0.5206850850701332,-1.2649424864217638,-0.22404530408810822
1788862054165713700,35.909713623046876,-0.42632104024291034,-1.5800596984565256,-0.018430504904780536
1788862054175754800,35.919754638671876,0.031220483171939848,-1.6960837864279745,0.32455194332357495
1788862054185796900,35.929796875,0.2666664848595858,-1.7508663469731807,0.45999169304594395
1788862054195838000,35.939837890625,0.334552272605896,-1.6863818921029567,0.40077630115244534
1788862054205879800,35.9498798828125,0.23560557616353034,-1.5518313828378916,0.2515303818576969
1788862054215921000,35.9599208984375,-0.007859481328725814,-1.448404910632968,0.04692305181701667
1788862054225962000,35.9699619140625,-0.17193068411052226,-1.3502280295193194,-0.13454679207117295
1788862054236003800,35.98000390625,-0.5082452902138233,-1.293663261732459,-0.2455321643562056
1788862054246045000,35.990044921875,-0.8648170869261026,-1.4526263277202844,-0.39812249870803207
1788862054256086800,36.00008666992188,-1.0627169095516205,-1.7404677025556563,-0.5208781599568203
1788862054266128000,36.0101279296875,-1.2727724493950605,-2.0195657989650964,-0.5367063916750252
1788862054276168700,36.020168701171876,-1.4915169071286916,-2.121655469608307,-0.21475969894640146
1788862054286210800,36.0302109375,-1.5353320834577082,-2.0191665705144404,0.22151326485984027
1788862054296251600,36.04025170898438,-1.6839748309612272,-1.7679560134619474,0.546668179045245
1788862054306294000,36.0502939453125,-1.94497729870975,-1.3887918611913919,0.6649315703760832
1788862054316334800,36.0603349609375,-2.0349480770140884,-0.9377432069271803,0.5817393097633495
1788862054326376000,36.0703759765625,-2.187702351489663,-0.686743662276864,0.4033838533023372
1788862054336417800,36.080417724609376,-2.393777881786227,-0.7129658987700939,0.2376612483180128
1788862054346459000,36.090458984375,-2.57365280289948,-1.0305956781476735,0.08900844521136023
1788862054356501000,36.1005009765625,-2.5793916388124227,-1.5385551371574402,-0.15383733873823657
1788862054366541800,36.11054174804688,-2.033943868407607,-1.6417700124382972,-0.039042034509917715
1788862054376583000,36.1205830078125,-1.3491764746397732,-1.2407377272307871,0.12729474771684035
1788862054386624800,36.13062475585937,-0.9920634106576443,-0.6798983264267444,0.033942638144828376
1788862054396665900,36.14066577148437,-0.7933703918278217,0.16323124482631682,-0.3347247065633535
1788862054406708000,36.1507080078125,-0.6442664565533399,1.0184913988560438,-0.8051851866535842
1788862054416749000,36.1607490234375,-0.5267021534025669,1.1614537626355885,-1.3086416351556778
1788862054426790000,36.17078979492187,-0.6015092648446559,0.9768652570039034,-1.3300897891148924
1788862054436832000,36.18083203125,-0.7081511919647455,0.9438526297181844,-0.8408547581888735
1788862054446872800,36.190872802734376,-0.8671890767544508,0.5430816257953643,-0.5508271253556013
1788862054456914000,36.200913818359375,-0.9146674517661333,-0.10614683707952499,-0.4630890745393932
1788862054466955800,36.21095581054688,-0.7633762355804443,-0.7767015810996294,-0.4918860568914562
1788862054476996900,36.22099682617188,-0.7464210091263055,-1.2070388712465763,-0.5011394767966121
1788862054487039000,36.2310390625,-0.8331979598253965,-1.4319710777044294,-0.48765400881227106
1788862054497079800,36.24107983398437,-1.0481856953740118,-1.541864115574956,-0.41617162134610114
1788862054507121000,36.25112084960937,-1.3131237490057945,-1.51263159134984,-0.15524271202413364
1788862054517162800,36.261162841796875,-1.3448936827540396,-1.227328795081377,0.19056995466146617
1788862054527203800,36.271203857421874,-1.2158131293326615,-0.9578162731409072,0.3866214094739407
1788862054537246000,36.28124584960938,-0.9705909990400076,-0.8343044597625732,0.5585974305635318
1788862054547287000,36.291287109375,-0.4790180266857147,-0.6275187353700399,0.6174308374021202
1788862054557328000,36.301327880859375,-0.10838614043891429,-0.4583966789394617,0.37748646484930065
1788862054567370000,36.31136987304688,-0.10313187317252158,-0.3979208751887083,0.0669956933390582
1788862054577410800,36.32141088867188,-0.08634732711017132,-0.48923546931743617,-0.1975070056493394
1788862054587453000,36.33145288085937,-0.06538052692711353,-0.5710813933551311,-0.3698878629464656
1788862054597493800,36.34149365234375,-0.15543956803679465,-0.6212924082010984,-0.4624466849826276
1788862054607534800,36.35153491210937,-0.24119886612594127,-0.6404197179973125,-0.6076578871348872
1788862054617577000,36.361576904296875,-0.3919476459980011,-0.6350076298207045,-0.3945852644925937
1788862054627617800,36.37161767578125,-0.6890811653137207,-0.5490051706254482,-0.010792164646601304
1788862054637659000,36.381658935546874,-0.37761224665343757,-0.23335692045390605,0.3900424334311858
1788862054647700700,36.39170068359375,0.2742921574324369,0.1151911442786455,0.6196124922901391
1788862054657741800,36.401741943359376,0.7120452767938376,0.2931336360245943,0.5879806518383324
1788862054667784000,36.41178393554687,0.9801514390677213,0.36293724009096623,0.4577739439312368
1788862054677825000,36.42182495117188,0.94067166159451,0.3364578139662742,0.3088217651523649
1788862054687865900,36.43186596679688,0.7621528312653303,0.3207429429620504,0.13565563922906293
1788862054697908000,36.44190795898437,0.45805298006832595,0.16517770271897314,-0.1824465069006197
1788862054707948800,36.45194873046875,0.11220073029100894,-0.1647141768604517,-0.5143331587601453
1788862054717991000,36.461990966796876,-0.0784223793298006,-0.5647311475455761,-0.739249217800796
1788862054728032000,36.472031982421875,-0.07527998965084552,-0.8922726646065712,-0.7104592497114092
1788862054738072800,36.48207275390625,0.07872457714676856,-1.1037836639553307,-0.5066792099408806
1788862054748115000,36.49211499023438,0.21309037749469278,-1.285802026838064,-0.12201757449889555
1788862054758155800,36.50215576171875,0.2574444830060005,-1.03304540938735,0.527603632286936
1788862054768198000,36.51219799804687,-0.028110826718807217,-0.6632903059750795,1.1083156813617796
1788862054778238700,36.52223876953125,-0.06706453449130058,-0.5707920550197363,1.2176057118378578
1788862054788279800,36.53227978515625,0.2592062319815159,-0.8851865057379007,0.6420959806464612
1788862054798322000,36.542322021484374,0.8040624662339687,-0.9618570729643106,0.07069898200351744
1788862054808363000,36.55236303710937,1.1466004768967628,-0.5195119496375322,-0.1763527018038556
1788862054818403800,36.56240380859375,0.9295359350740909,-0.04328969115018844,-0.3312729221416637
1788862054828446000,36.572446044921875,0.4374345549315214,0.0653343496978283,-0.441982135233283
1788862054838486800,36.58248681640625,0.25249007546901703,0.11741174293756484,-0.29441140087544915
1788862054848529000,36.59252880859375,0.1479430748015642,0.2785270185232162,0.07523859819453209
1788862054858570000,36.60257006835938,0.06395896969139575,0.4112269314855337,0.5001034482797607
1788862054868610800,36.61261083984375,0.2279302192300558,0.4317500795543194,0.7684794770035892
1788862054878653000,36.62265283203125,0.39278000516891476,0.3668991294592619,0.7524781172081828
1788862054888693800,36.63269384765625,0.20908231089711188,0.150989018368721,0.5064567993618547
1788862054898736000,36.642736083984374,-0.06393851142525672,-0.1131868187189102,0.18657745095919817
1788862054908777000,36.65277685546875,-0.004541150560975074,-0.41800738540589805,-0.11034041631184517
1788862054918818000,36.66281811523437,0.11212591148912907,-0.7292804892331362,-0.25136143676526845
1788862054928860000,36.67285986328125,0.08310498418807982,-1.0817156245321036,-0.08763835330139845
1788862054938901000,36.68290087890625,0.33470541734099385,-1.3150930032521486,0.21369144866038112
1788862054948941800,36.69294189453125,0.7365209618806838,-1.2685197603866458,0.49621765635497866
1788862054958984000,36.70298388671875,0.9066472269177436,-0.9044602382674812,0.5949787305647507
1788862054969025000,36.71302490234375,0.8729811041593551,-0.3769315709128976,0.43602793953660873
1788862054979067000,36.72306689453125,0.855418559461832,-0.07084609885662793,0.16374924081843345
1788862054989108000,36.73310791015625,1.0979828687220812,-0.011014145967364311,-0.17461261667087674
1788862054999148800,36.743148681640626,1.4882996986478567,0.11789221993088722,-0.6692770522344857
1788862055009191000,36.75319091796875,1.5279273601591585,0.2799810167238116,-1.0543298972174524
1788862055019231700,36.76323168945312,1.3507166898190974,0.582868277260661,-1.081911585495621
1788862055029274000,36.773274169921876,1.1213877097070217,0.806488232076168,-0.7635196626391262
1788862055039315000,36.78331494140625,1.0525631798058748,0.6148316877543926,-0.2944985311696306
1788862055049356000,36.79335595703125,1.1102993294596673,0.2245750635832548,0.054173068611044435
1788862055059398000,36.80339794921875,1.4371768296539782,0.050777124296128746,0.17432795451059938
1788862055069439000,36.81343896484375,1.4670119959473609,-0.1523182211458683,0.0627582521321252
1788862055079479800,36.823479736328125,1.2433663221687077,-0.44023236895650625,-0.16245191275058313
1788862055089522200,36.83352221679687,1.0688222406893968,-0.47825668692439793,-0.2114238873208873
1788862055099563000,36.84356298828125,1.0670938094615936,0.13324527188539503,-0.1137214370522648
1788862055109605000,36.853605224609375,1.020809028148651,0.6346580857306718,-0.0919274653300643
1788862055119646000,36.86364599609375,0.9972609793007373,0.18349749552458525,-0.09532267899261787
1788862055129687000,36.87368701171875,1.3195055589973925,-0.4134846472844481,-0.05529529584031552
1788862055139729000,36.88372900390625,1.5168553465247154,-0.22249884183108806,-0.1532022922377102
1788862055149770000,36.89377001953125,1.088469774967432,0.08229074519574642,-0.25051170633444564
1788862055159812000,36.90381201171875,0.6535118392825127,-0.20442630178481339,-0.16410674901921302
1788862055169853000,36.91385302734375,0.4863379943102598,-0.5368871550694108,0.11690408567637205
1788862055179894000,36.92389404296875,0.5519546680808067,-0.37367549172639847,0.29379513214062897
1788862055189935900,36.93393579101563,0.3646493047058582,0.059658934409916396,0.32929793227426707
1788862055199977000,36.94397705078125,0.1507102014273405,0.2327840890020132,0.278502687799558
1788862055210017800,36.95401782226563,0.2166097837924957,0.08636047885268926,0.14133498177342116
1788862055220060200,36.96406005859375,0.3705845399737358,-0.01220014088153839,-0.12625270958431065
1788862055230101000,36.97410107421875,0.2479033322006464,0.031773148618638516,-0.23275000406932084
1788862055240143000,36.98414306640625,0.04735913254618644,0.10311755238622426,-0.15468480414673685
1788862055250184000,36.994183837890624,0.01115969191789627,0.05541150609850883,-0.010490122093260288
1788862055260225000,37.00422509765625,0.10843290219008922,-0.1540770475119352,-0.00544270251058042
1788862055270267100,37.01426708984375,0.23680326151549816,-0.2677446354851126,-0.17504903532676397
1788862055280308000,37.024307861328126,0.21647592827975748,-0.2788300931230187,-0.2593887854741886
1788862055290350000,37.03435009765625,-0.027885785791277883,-0.38597967750430107,-0.12931027052402497
1788862055300391000,37.04439086914063,0.030781507232785225,-0.5542120916187763,0.01254727381877601
1788862055310432000,37.05443188476563,0.04818681554198265,-0.6352040291756391,0.1176551963046193
1788862055320473900,37.06447387695312,0.02961830867230892,-0.5396083967268467,0.2219496469831094
1788862055330515000,37.07451489257812,0.08329320023655891,-0.4239782765090465,0.35185737194363026
1788862055340556000,37.08455615234375,0.4095657202750444,-0.33487668225467204,0.29785876485034823
1788862055350598100,37.09459814453125,0.6644406450539827,-0.26464520816504955,0.0755492350462824
1788862055360639000,37.104638916015624,0.5250198994040489,-0.1813619448006153,-0.11538546127434819
1788862055370681000,37.11468115234375,0.2707552154779434,-0.04654956972897052,-0.24737105195485054
1788862055380722000,37.124721923828126,0.1377180333852768,-0.04450140502750873,-0.3451096147164702
1788862055390763000,37.134762939453125,0.01210427929162979,-0.2682633986622095,-0.3393530970163643
1788862055400805000,37.14480517578125,-0.024344167661666867,-0.6246452257603406,-0.1805477058082819
1788862055410846000,37.15484594726563,0.18036475045681,-0.876334506240487,0.0300353650406003
1788862055420888000,37.16488818359375,0.577991611135006,-0.8702654154598712,-0.012561229278892277
1788862055430929000,37.17492895507812,0.6824643775224686,-0.602137625876069,-0.19800518269613385
1788862055440970000,37.18496997070312,0.40467970179915425,-0.2987427080780268,-0.3879267199188471
1788862055451011800,37.19501171875,0.126005383759737,0.12088029583096503,-0.3927075244545936
1788862055461053000,37.205052978515624,-0.07021744556427001,0.5938964517533779,-0.16820245736762882
1788862055471094000,37.215093994140624,-0.06470423510074615,0.824379278075695,0.08288235441334545
1788862055481136000,37.22513623046875,0.16830489482879638,0.4770867663621902,0.18210889071039854
1788862055491177000,37.235177001953126,0.22740122691988943,-0.289536488315463,0.027897403163835405
1788862055501219000,37.24521899414062,-0.13729133240580557,-1.091757710596919,-0.13103154135867953
1788862055511260200,37.25526025390625,-0.5887164187669753,-1.7445991032719612,-0.15876637437194585
1788862055521301000,37.26530102539063,-0.5473217475831509,-1.9739871200948953,-0.11465725659765302
1788862055531343000,37.27534301757812,-0.3116968821972608,-1.5368278749734163,-0.08464680680260062
1788862055541384000,37.28538403320312,-0.02459200494289398,-0.9192962806105613,-0.061013344693556425
1788862055551425000,37.29542504882812,0.3012415391564369,-0.23447452630698679,0.09062120503708719
1788862055561467000,37.305466796875,0.5830851348817349,0.4001274453222751,0.01784085018225014
1788862055571508000,37.315508056640624,0.7683645453870296,0.8481663963764905,-0.24181560978479683
1788862055581550000,37.32555004882813,0.7716817071110009,0.9833271464943886,-0.575201761220768
1788862055591591200,37.335591064453126,0.7224579497367143,0.8316828790873289,-0.9300134163927286
1788862055601632000,37.345632080078126,0.7017723045825958,0.642263300037384,-1.207540902484581
1788862055611674000,37.35567407226562,0.4184790945708751,0.32776948059797284,-1.2117523826997727
1788862055621715000,37.36571484375,0.05613514419794082,0.10806173079013824,-0.8949614652991295
1788862055631756000,37.37575610351563,-0.0692816260188818,0.027722704184055327,-0.43901137579418714
1788862055641798100,37.38579809570312,-0.1643570339858532,-0.14116671253442764,0.0313632526434958
1788862055651839000,37.3958388671875,-0.17394494654238224,-0.4968891989409923,0.2714951471250504
1788862055661881000,37.405881103515625,-0.2908814731836319,-0.7620178067088127,0.276490836520493
1788862055671922000,37.415921875,-0.5054471839278936,-1.0086784453719855,0.2182508289977908
1788862055681963000,37.425962890625,-0.4815133506327867,-1.042795819029212,0.0922515096526593
1788862055692004900,37.4360048828125,-0.5030535667896271,-0.9014654403656721,0.02980389437228441
1788862055702046000,37.4460458984375,-0.5886211416989564,-0.7549000836580991,0.014217252857610583
1788862055712088000,37.45608813476562,-0.5791460418671369,-0.6116764385938644,0.07866042586937547
1788862055722129200,37.46612915039063,-0.4551806395024061,-0.4721586623102426,0.12319376040510832
1788862055732170000,37.476169921875,-0.4921849667727947,-0.510271243083477,0.029765827384218572
1788862055742212000,37.486212158203124,-0.690333795723319,-0.8475386198669671,-0.05892660154737532
1788862055752253000,37.4962529296875,-0.43079029461145396,-1.040343165180087,-0.06530833847373724
1788862055762294000,37.5062939453125,-0.1052922660768032,-0.8605097451210022,0.0002949643585830927
1788862055772336000,37.516336181640625,0.10604045409560203,-0.5686258168965578,0.07528729617446661
1788862055782377000,37.526376953125,0.38517712894976136,0.016633739414811135,-0.058626376491785044
1788862055792419000,37.53641918945313,0.26905016512572766,0.4283236122369766,-0.440589256102778
1788862055802460000,37.5464599609375,-0.278920986276865,0.5430851329267025,-0.7300115799866617
1788862055812501000,37.5565009765625,-0.8027443693727254,0.3054378218024969,-0.5649304695099592
1788862055822542800,37.56654296875,-0.9495423657923936,-0.3209568779736757,-0.01621036290358752
1788862055832584000,37.576583984375,-0.7293792734324932,-0.7630494878441095,0.5534409611158073
1788862055842625000,37.586625,-0.32506840494573114,-0.6351262877643108,1.0250162705801427
1788862055852667100,37.59666723632812,0.14555354931652545,-0.4982014505833387,0.983704016982764
1788862055862708000,37.6067080078125,0.9248708658725022,-0.20395430035889148,0.4682977125657722
1788862055872750000,37.61675,1.4632225405365227,0.26963877866864205,-0.1891294369969517
1788862055882791200,37.626791259765625,1.5031547379523515,0.6400485465973615,-0.7490373291045427
1788862055892832000,37.63683203125,1.1847522206366061,0.7904822691708803,-1.0716205661710352
1788862055902874000,37.6468740234375,0.9129366824507713,0.5471791242420673,-1.0021570807792246
1788862055912915000,37.6569150390625,0.7098001282155514,0.0000789104551076889,-0.53816502951812
1788862055922956000,37.6669560546875,0.6610463264405727,-0.4137298542171716,0.020707893518544733
1788862055932998000,37.67699780273438,0.5117331323295832,-0.4417617704808712,0.6343981196202337
1788862055943039000,37.6870390625,0.7486240721285343,-0.3406114265143871,0.8414508243858814
1788862055953080800,37.69708081054687,1.1947913840919733,0.02972586070001125,0.463235972196795
1788862055963122200,37.7071220703125,0.8667623757749795,0.4766647415578365,0.13866477618347853
1788862055973163000,37.7171630859375,0.40642800677120683,0.5994657763183117,0.11554401283692568
1788862055983205000,37.727205078125,0.4714619122177362,0.6868728416144847,0.23856880988329648
1788862055993246000,37.73724584960937,0.22300386874377726,0.5179471845388413,0.29682613386698065
1788862056003288000,37.7472880859375,0.03328910613954067,-0.03196399501562119,0.2035041454385966
1788862056013329200,37.7573291015625,-0.14212825104296206,-0.5992004033803939,0.22660817684605716
1788862056023370000,37.767369873046874,-0.13993863204419613,-0.9675777886986732,0.18273480405639855
1788862056033412000,37.777412109375,0.056684594774246214,-1.0289484954625367,0.002468947396799922
1788862056043453000,37.78745288085938,0.21433774720728396,-0.853894710895419,-0.19938257199656217
1788862056053494000,37.797493896484376,0.14530863464474678,-0.52009413343966,-0.22394505858402697
1788862056063536000,37.8075361328125,-0.011603928554058075,-0.24086042795181273,-0.18584972120653837
1788862056073577200,37.8175771484375,-0.3008703677564859,-0.24271102425456045,-0.2573760574122891
1788862056083619000,37.827619140625,-0.5881260516583919,-0.5045826760530472,-0.27903471231702714
1788862056093660200,37.83766015625,-0.4933487498551607,-0.8200053007751703,-0.06981675580888987
1788862056103701000,37.84770092773437,-0.06751110921502113,-0.8527648300826549,0.10556859880015253
1788862056113743000,37.8577431640625,0.354410819286108,-0.8380278641998767,0.07607267439849674
1788862056123784200,37.8677841796875,0.598693038380146,-0.6705933224648237,-0.13068879233561456
1788862056133825000,37.877824951171874,0.7571306191891432,-0.30684359694719315,-0.259036099578999
1788862056143867100,37.8878671875,0.5978682779937983,0.007466682618856429,-0.2750055663987994
1788862056153908200,37.897908203125,0.3261602918356657,0.007455576702952385,-0.14925287875849752
1788862056163950000,37.9079501953125,0.5221352838784455,-0.043237668702006335,-0.022704510695859787
1788862056173991200,37.9179912109375,0.3352992915809154,-0.03647591948211193,-0.1028247799847275
1788862056184032300,37.9280322265625,-0.1076671785145998,-0.0010088847815990446,-0.28511816041655835
1788862056194074000,37.93807421875,0.2271317623287439,0.12584580928385258,-0.2926571410866454
1788862056204115200,37.948115234375,0.9492249704062938,0.2427051790356636,-0.06173227008525282
1788862056214156000,37.95815600585937,1.027476669344306,0.33854455711245535,0.20415537588894367
1788862056224198100,37.9681982421875,0.804483321994543,0.31442893750965595,0.17866141713764516
1788862056234239000,37.978239013671875,0.9101192869424819,0.2677694776654243,0.10735690698903054
1788862056244281000,37.98828100585938,0.5411988807886838,-0.052931379720568654,0.20117592168673873
1788862056254322200,37.998322265625,0.19134967032968997,-0.6328530821353197,0.3489288807436824
1788862056264363000,38.008363037109376,0.4219318653732538,-1.310699736729264,0.5067907805565744
1788862056274405000,38.01840502929687,0.4849748892635107,-1.8160341079324482,0.5384266030637547
1788862056284446200,38.0284462890625,0.6812994253963232,-2.0063368995577098,0.4837693859312683
1788862056294487300,38.0384873046875,0.8777244992941617,-1.856990387699008,0.3213260035470128
1788862056304529200,38.048529052734374,0.8845113829553127,-1.2646031714648007,-0.06308452494442462
1788862056314570200,38.0585703125,1.0504390272587538,-0.4862374565452337,-0.43772736386563627
1788862056324612000,38.068612060546876,0.9741612587422132,0.11767594683170318,-0.6204739314250648
1788862056334653200,38.078653076171875,0.7080623446375132,0.296978036493063,-0.6666600746691227
1788862056344694000,38.088694091796874,0.8954220685482025,0.15341186160147188,-0.5985314546102658
1788862056354736000,38.09873608398438,0.9983318234026431,-0.038950785163044926,-0.5504457613551988
1788862056364777200,38.10877709960938,0.7357698512524365,-0.05754501099586486,-0.2951110370447859
1788862056374818000,38.118818115234376,0.6140957746952772,-0.1934744073987007,0.07521653249319642
1788862056384860200,38.12886010742187,0.6566232493013143,-0.3338058381527662,0.37491310722995547
1788862056394901000,38.13890087890625,0.5322235471725464,-0.5159083721876144,0.4909550596516579
1788862056404943000,38.148943115234374,0.6055488956242799,-0.6955979998618363,0.3693619759088382
1788862056414984200,38.15898413085937,0.6517477522194385,-0.7152408579647541,0.2760163508765399
1788862056425025300,38.169025390625,0.39233167687952514,-0.8727841202825307,0.17640830444861202
1788862056435067100,38.179067138671876,0.5078834711641073,-1.0612930142283439,-0.0721407052444294
1788862056445108200,38.189108154296875,0.44341479838490483,-1.0905571026355028,-0.2366523818027228
1788862056455149000,38.199149169921874,0.11823299619257449,-1.0164099164068698,-0.3053616878263652
1788862056465191200,38.20919116210938,0.48472354485094543,-0.8959200811982154,-0.20744038890898225
1788862056475232000,38.21923193359375,1.1020505565524101,-0.6715729811519384,0.005872289566881955
1788862056485274000,38.22927416992187,1.1979384499460457,-0.7243523851811885,0.02540116590131074
1788862056495315200,38.23931518554687,1.3801596419245004,-0.7253618544846773,-0.03897025704849511
1788862056505356000,38.24935595703125,1.4227286175847054,-0.634868513610959,-0.23781338840611277
1788862056515398100,38.259398193359374,1.1581716722249984,-0.2381464928179979,-0.34809688689894974
1788862056525439000,38.26943896484375,0.5348077184468507,-0.5660732098042964,0.13340652686171234
1788862056535480000,38.27947998046875,1.148552780008316,-1.1191197647750377,0.304540580701828
1788862056545522200,38.289522216796875,0.964596142539382,-1.000230935022235,-0.161462408522889
1788862056555563300,38.299563232421875,-0.11106383521556853,-0.917193170851469,-0.44054698786363006
1788862056565605000,38.30960522460938,0.43979368527829643,-0.8001356481790542,-0.38961094667874274
1788862056575646200,38.31964624023438,1.3621850092947483,-0.6750871267527342,-0.4858727879513055
1788862056585687000,38.32968701171875,1.0061498036772012,-0.5395043518304824,-0.39357349363416433
1788862056595729200,38.33972924804687,1.015133905121684,-0.24689795455038546,-0.5300651270296425
1788862056605770000,38.34977001953125,0.8018857067167758,-0.0027530981004238128,-0.7826012335974722
1788862056615812000,38.35981201171875,0.3297399038881063,0.055552375873923296,-0.8630279384870082
1788862056625853200,38.369853271484374,0.3690028237402439,-0.05143149655163288,-0.8528104227900505
1788862056635894000,38.37989404296875,0.41235388968884945,-0.2387789455026388,-0.6361457670051605
1788862056645936000,38.38993603515625,0.28241818074285985,-0.8008125245273113,-0.22370799842514097
1788862056655977200,38.399977294921875,0.7970417738169431,-1.3146002512991428,-0.19997589824721215
1788862056666018300,38.410018310546874,0.36870880922973154,-1.3321668876498938,-0.2096480550210923
1788862056676060200,38.42006005859375,-0.0076338558793067925,-1.3126187220931052,-0.20261216503493487
1788862056686101200,38.43010131835938,0.524592613902688,-1.2246201206445693,-0.14418196870237587
1788862056696143000,38.44014306640625,0.9817787480086088,-0.8016583277016878,-0.29135354767479
1788862056706184200,38.45018408203125,0.6268021115332841,-0.7434475462734699,-0.37812735656872387
1788862056716225000,38.46022509765625,0.9464806401342153,-0.9617769934654236,-0.21188976953327654
1788862056726267100,38.47026708984375,1.256982175067067,-0.8521493285328149,-0.11741086615473031
1788862056736308200,38.48030810546875,0.7515145328730344,-0.7472136208087206,-0.15639745328351853
1788862056746349000,38.49034912109375,0.8132891442626714,-0.7497025150150061,-0.07890227180123328
1788862056756391200,38.50039111328125,1.2069301501750946,-0.6002694939166308,0.10839264324493705
1788862056766432000,38.51043188476562,0.9353887527555227,-0.569227874442935,0.19407230022661387
1788862056776474000,38.52047412109375,0.43866438898742194,-0.7701040825307369,0.14940196837298572
1788862056786515200,38.53051513671875,0.663031947299838,-0.9093249216943978,0.14958528905063867
1788862056796556300,38.54055639648438,1.262924424597621,-0.8653145150542259,0.22545571887530386
1788862056806598100,38.55059814453125,1.363129012146592,-0.8763239848464727,0.04030797192566096
1788862056816639200,38.56063916015625,1.3070844688415526,-2.185391736459732,-0.7883880003053695
1788862056826680000,38.57068017578125,1.3414531869113444,-1.6816951955914496,-0.11423610857613384
1788862056836722200,38.58072216796875,0.6397469333022833,0.4096159891575575,0.9353736282516271
1788862056846763000,38.59076293945313,0.5679816737741231,-0.38916006110608575,0.0016882453478872775
1788862056856805000,38.60080517578125,0.04686988772451877,0.16768296353816986,-0.1314640875570476
1788862056866846200,38.61084619140625,0.4565004899293184,0.560219807600975,-0.1476081437587738
1788862056876887000,38.62088696289062,1.427804021152854,1.3930162008881568,0.07565780998729169
1788862056886929200,38.63092919921875,0.8489952484160661,-0.2675777544856071,-1.1714620194960386
1788862056896970000,38.640969970703125,0.46128597064018245,-1.6569208198189735,-1.4068172010950744
1788862056907011000,38.651010986328124,0.5297030887842178,-1.0852607497930526,-0.15803922914117574
1788862056917053200,38.66105322265625,0.7557406261354684,-1.0349766697108744,0.030852088250964877
1788862056927094300,38.67109423828125,0.5628261907070875,-1.011564229941368,-0.13312975574694574
1788862056937136000,38.68113623046875,0.8860913456231355,-0.8126654594063758,-0.5161858739547431
1788862056947177200,38.69117724609375,1.3973942698419093,-0.6318015272557735,-0.9554635725349188
1788862056957218000,38.70121801757813,1.2251245630353689,-1.1826333287864923,-1.4590131061479448
1788862056967260200,38.71126025390625,0.700205201396346,-1.4301771800249814,-1.0106695461239665
1788862056977301200,38.72130126953125,0.961869347923994,-1.2510878563314676,-0.5341901710703969
1788862056987342000,38.73134204101562,1.3928618871092795,-0.8124082697749138,-0.2288889812596142
1788862056997384200,38.74138427734375,0.9922177244365215,-0.374435370182991,-0.31907515588030216
1788862057007425000,38.751425048828125,0.8693985694974661,0.2514145551919937,-0.31030360120795664
1788862057017467100,38.76146704101563,1.4051397694021464,0.03633738779425621,-0.13041443237364292
1788862057027508000,38.77150805664063,1.4536480719834566,-0.6676993545889854,0.0857221078839153
1788862057037549000,38.781549072265626,0.9863175604820251,-1.161837208995223,0.06843925691060722
1788862057047591200,38.79159106445312,0.2908084079474211,-1.5028238985627889,-0.03565393557474017
1788862057057632300,38.80163232421875,0.028510055169463155,-0.9484311896800994,0.2763610726609826
1788862057067672600,38.811672607421876,0.9035071753263473,-0.7641133176833391,0.4329068483740091
1788862057077714400,38.82171435546875,1.6814847677111624,-0.40637013910412784,0.4799129296988249
1788862057087755500,38.83175561523438,1.4930501080453396,0.17436697134673595,0.17256649779602884
1788862057097797400,38.84179736328125,1.0936550686508417,-0.7975187436789274,-0.8109116014763712
1788862057107838500,38.85183837890625,1.0343097302347422,-2.558749248278141,-1.4290290329031645
1788862057117879600,38.86187963867187,0.2128764424830675,-0.44995852093994615,-0.23537410549521445
1788862057127921700,38.871921630859376,0.6734060417979956,-0.2500555417984724,-0.5797341439533978
1788862057137962500,38.88196240234375,1.7972212709128856,-0.5451654463320971,-0.024934607835486528
1788862057148003600,38.892003662109374,1.4448521865874528,1.3258674952447413,0.7050780681297183
1788862057158045400,38.90204541015625,1.224971418300271,0.13363690155148505,-0.8372035422049462
1788862057168086500,38.91208642578125,0.5600298379868268,-1.4321768294095991,-1.4314629820518194
1788862057178128400,38.92212841796875,0.2468044310480356,-1.294839904296398,-0.7247144234266132
1788862057188169500,38.93216943359375,0.7729413517832756,-1.637324138945341,-0.4775353138472885
1788862057198210600,38.94221044921875,1.5273048443466424,-1.947950177040696,-0.5316610909841955
1788862057208252400,38.95225244140625,1.36788877389431,-1.4651327580720186,-0.7045806400015949
1788862057218293500,38.96229345703125,1.0977619194477797,-0.9561819499373435,-1.2629323156431316
1788862057228334300,38.97233422851563,0.190607327529788,0.6586410188645124,-0.9989621571954339
1788862057238376700,38.982376708984376,-0.302848974353075,1.2686223439782858,-0.940136531804502
1788862057248417500,38.99241748046875,0.22431319777667522,-0.3601525778084993,-1.5154200530245898
1788862057258459600,39.00245971679688,1.1048954245895146,1.5848878492653369,-0.5322983659744263
1788862057268500500,39.01250048828125,1.8871651612102984,4.766813419795036,0.6709501730784774
1788862057278541600,39.02254150390625,0.6510328819483518,-6.683464203208684,-3.319587489813566
1788862057288583400,39.03258349609375,-0.8011240746945142,-9.021503246638177,-3.070124068689346
1788862057298624500,39.04262451171875,-0.28131401889324187,-0.21064064625501633,0.8763372827194631
1788862057308665600,39.05266552734375,2.0405992346435786,2.1247429142296315,0.5458693568177521
1788862057318707500,39.06270751953125,1.5325596961349248,3.702030809885263,0.45014980572834606
1788862057328748500,39.07274853515625,0.7013532023876905,-2.7271079191207885,-1.523417919910699
1788862057338790400,39.082790283203124,0.07582651761770248,-5.0099312712848185,-1.422838361569494
1788862057348831500,39.09283154296875,-0.2681727977693081,-2.140251449006796,-0.5285433242898434
1788862057358872300,39.10287231445312,1.5425339776605367,-2.7328876715660093,-1.1408357758902012
1788862057368914700,39.11291479492188,2.441999768641591,2.3813807570278644,0.0186830731600523
1788862057378955500,39.12295556640625,2.8741841479599475,3.2705168771743773,-0.7738220801405609
1788862057388996600,39.13299658203125,1.0512830768674613,0.04756196164190769,-1.15470713791959
1788862057399038500,39.14303857421875,-0.6945376771539449,-0.6668816084653139,-0.13676781998835502
1788862057409079600,39.15307958984375,0.27352175758183,-2.9087849212199446,-0.3607650836836546
1788862057419121400,39.16312133789062,0.9949059406071901,-3.644206397426128,-0.1317279261250049
1788862057429162500,39.17316259765625,0.8032347832381724,-2.0929817483097315,0.025374679753184318
1788862057439203600,39.18320361328125,1.171100711902976,-2.7480834871321913,-0.6594070348009466
1788862057449245400,39.193245361328124,1.012500634008646,-1.8939292485177517,-0.8576587396040558
1788862057459286500,39.20328662109375,2.0367612639158965,-1.7417185793995855,-1.421343592967093
1788862057469327400,39.21332739257812,1.2602169192045927,-1.1926596327602863,-1.1186680024195461
1788862057479369500,39.223369384765626,1.2863035466194153,-0.7166986555576325,-0.47149932161867614
1788862057489410300,39.233410400390625,2.6946938422501088,-1.3491595235049725,0.021083412300050258
1788862057499452700,39.24345263671875,3.272145355159044,-1.4015525585651396,0.8870281150165945
1788862057509493500,39.25349340820313,3.4396237360358235,-0.4253396279901266,1.656577559339255
1788862057519534600,39.26353466796875,3.1556232545375824,0.26766134111583234,2.0137594507738945
1788862057529576400,39.27357641601562,6.114819681611657,0.6941752735823392,2.646404150855541
1788862057539617500,39.28361743164062,10.042969861912727,0.7261053663283586,2.65880828987658
1788862057549658600,39.29365869140625,2.0789637443512676,0.4366320063769817,-0.025481501128524542
1788862057559700500,39.303700439453124,-9.679095633232594,-2.0264029515087603,-3.4546383498162028
1788862057569741600,39.31374145507812,-13.9134294852674,0.04876724577844142,-3.0293802626296875
1788862057579783400,39.323783447265626,-8.631277602127193,1.70306765396595,-1.044038950958103
1788862057589824500,39.333824462890625,1.4885457823634147,0.8222685695320368,0.39764191211685534
1788862057599865300,39.343865234375,7.040034830877184,0.17434359047114847,1.4193890978984534
1788862057609907700,39.35390771484375,6.572351852676272,-1.1142395915180443,1.1341494299940764
1788862057619948500,39.36394848632813,3.6640760500222442,-0.5461638097196817,1.0247482672937214
1788862057629989600,39.37398974609375,1.9995149445831775,1.356706285622716,1.5922237451113759
1788862057640031500,39.38403149414062,0.27658757489323615,1.9538544326484202,1.81948585582152
1788862057650072600,39.39407250976563,-1.6251912180811166,1.724004059010744,1.4223437099203466
1788862057660114400,39.404114501953124,-1.3519009311676025,0.9100140730023384,0.046419221347570414
1788862057670155500,39.41415551757812,1.0681780975669621,0.07017302190065383,-1.1090667189247905
1788862057680196600,39.42419653320312,3.1016730531632897,-0.21016893709003925,-1.2367471962898968
1788862057690238500,39.434238525390626,3.4790538291484117,-0.3378630045890808,-1.123120378718525
1788862057700279600,39.444279541015625,2.5894676271468398,-0.7499678879529237,-1.1306070812121034
1788862057710320400,39.4543203125,1.0296440765112638,-1.635645392078161,-1.0146785625696182
1788862057720362500,39.46436254882813,-0.29825463230013843,-2.5649381660461423,-0.613566490124166
1788862057730403300,39.4744033203125,-0.4114432045847177,-2.7424884436041115,-0.16916005035340784
1788862057740445700,39.48444580078125,0.01664776794016361,-1.8418121077895164,0.38728476875349876
1788862057750486500,39.49448657226562,0.8659826235741377,-0.4015706298679113,0.8483595808610319
1788862057760527600,39.50452758789063,1.9369027133256196,0.46457273722589015,0.6405743240371347
1788862057770569500,39.514569580078124,2.3254881894141435,0.5845335801243782,0.40898251355960963
1788862057780610600,39.52461059570312,1.5187778390198945,-0.1578770243167877,-0.10435849235802888
1788862057790651600,39.53465161132812,1.1483031891614197,-0.39701135912835595,-0.19589900419712067
1788862057800693500,39.544693603515626,1.9834166272193192,0.9653694649994373,0.44149040619358415
1788862057810734600,39.554734619140625,2.0550994691610334,2.673774972862005,0.9563049917951225
1788862057820776400,39.5647763671875,-1.8610814564049243,-0.5072276376038789,-1.0757543780401349
1788862057830817500,39.57481762695313,-2.3349159429728985,-3.8247155247896907,-2.6372633975446225
1788862057840858400,39.5848583984375,1.1042805075615645,-4.640878763183951,-2.7464421496659517
1788862057850900500,39.594900390625,2.773065952697396,-3.56620838098824,-2.323365644302219
1788862057860941300,39.60494140625,0.23015432502031324,-1.0629729301393032,-2.7255764717698097
1788862057870982400,39.614982421875,1.6910919694900512,0.4394645994544029,-1.4895590510591863
1788862057881024500,39.6250244140625,2.9900094984889027,-1.161203002744913,-0.39817696884162723
1788862057891065600,39.63506567382812,0.0725274760723114,-4.248566375526786,-2.163759458105266
1788862057901107500,39.645107421875,0.4088444202631712,-1.5809136849373577,-1.9122743218950926
1788862057911148500,39.6551484375,1.0828531041294336,-0.7088952883303165,-2.5157053485825656
1788862057921189600,39.665189697265625,0.528986464947462,-3.442785414937138,-3.908679463894665
1788862057931231500,39.6752314453125,1.0285960287630558,-2.2610814759552476,-2.608803611257672
1788862057941272600,39.6852724609375,0.8643623288959265,-1.7085305955469607,-1.9846379857078194
1788862057951313400,39.6953134765625,2.1324036581158636,-1.7499714439600704,-1.6772718261912465
1788862057961355500,39.70535546875,4.325155109688639,-2.5198884794861076,-0.20541005212515592
1788862057971396400,39.71539624023438,4.036746164098382,-1.1965274141043425,0.7612783865183591
1788862057981438500,39.7254384765625,3.651929685154557,-0.22139994067847726,1.2373008846499025
1788862057991479300,39.73547924804687,2.104692644369602,0.5423889673560858,0.9988247214861213
1788862058001520400,39.74552026367188,1.5383832877218722,0.3657043667167425,-0.3002629033826291
1788862058011562500,39.7555625,1.9052075983792542,-0.5770552070677281,-1.176235152181983
1788862058021603600,39.765603515625,2.4818337663799523,-1.5238929900765419,-0.8776558179721236
1788862058031645400,39.7756455078125,2.434873277762532,-1.6972154208064079,0.010418810422718524
1788862058041686500,39.7856865234375,2.6836305964440106,-1.0136264231681824,1.178191254685819
1788862058051727600,39.7957275390625,1.263922203463316,-0.5268260720431804,2.0453534434333442
1788862058061769500,39.80576953125,-0.004545826736092567,-0.3437380341023207,1.5502783081769942
1788862058071811000,39.81581103515625,-2.9362065966308117,-1.1202274337559939,0.757908617824316
1788862058081852200,39.82585205078125,-3.9225335094630718,-1.544812443986535,0.14672902283668518
1788862058091894300,39.835894287109376,5.2753398650377985,-1.1501029320597649,-1.195211363069713
1788862058101935000,39.84593505859375,5.2453468778342005,0.08215688968300819,-2.073394419786334
1788862058111976200,39.85597607421875,0.44868660130798815,-0.48173605347275733,-2.491784082508087
1788862058122018300,39.86601831054688,1.240861061349511,-0.7118301727384329,-1.5883467575475572
1788862058132059400,39.87605932617188,1.2954898926377296,-1.7165379609137772,0.46584202650934453
1788862058142101200,39.88610131835937,0.9579781857043504,-2.4369284567266702,1.3897051766440272
1788862058152142300,39.89614233398437,0.34529812302589413,-3.5688001510471103,2.0125456910699606
1788862058162183200,39.90618310546875,-0.16637597259283066,-4.200990969881415,2.5950728998079895
1788862058172225300,39.916225341796874,-0.6492436604440212,-5.2913136792391535,2.300943530744314
1788862058182266000,39.92626611328125,0.44905485009849067,-5.532623604524136,1.6475713921934365
1788862058192307200,39.93630712890625,0.546152119281888,-5.156098568585515,0.7142585689291358
1788862058202349300,39.946349365234376,1.131245671376586,-5.505192576763034,-0.05649520968198776
1788862058212390100,39.95639013671875,1.2580629560410976,-6.012955636417866,-0.5737421369969844
1788862058222432300,39.96643237304688,0.32851299244165416,-6.574397094768285,-0.40154403412193057
1788862058232473300,39.97647338867188,0.8622820154905319,-7.025857836964726,0.4161734479770064
1788862058242514400,39.98651440429688,2.133214389976859,-6.604052812841534,0.5226894106298685
1788862058252556300,39.99655639648437,2.3386264879286287,-6.3007806446403265,0.21111352446377277
1788862058262597400,40.00659741210937,1.2058780107736586,-6.5213277678817505,0.23005875569134948
1788862058272638200,40.01663818359375,1.6114654750674962,-7.650668482419848,0.31680618803501126
1788862058282680300,40.026680419921874,1.9913561880469322,-9.645742814207077,-1.126329550023377
1788862058292721200,40.03672119140625,2.279796113297343,-8.81642315711975,-3.3592765261232853
1788862058302763300,40.04676318359375,2.177275065499544,-9.213648451259731,-2.9423835317000746
1788862058312804000,40.05680419921875,1.0709919859439134,-4.660413484737277,-0.6780015528947114
1788862058322845200,40.06684521484375,1.8715113727435468,-1.5086252783179281,1.329145201741159
1788862058332887300,40.07688720703125,-0.3005675854176283,-3.2228426873296496,2.292777175423503
1788862058342928100,40.08692822265625,2.991129734690487,-2.0427865155547855,0.7742804914325475
1788862058352969200,40.09696923828125,1.9868743664577602,-2.4870570539861916,0.7475731017708778
1788862058363011300,40.10701123046875,0.9061182346075772,-2.671992181098461,0.7559814491540193
1788862058373052400,40.11705249023437,6.362715999549627,0.22778291971385478,-2.9369881023973226
1788862058383094300,40.12709423828125,0.1043444638326764,4.453418501508236,-4.568711352595686
1788862058393135400,40.13713525390625,-16.775274376136064,-2.6822172225147485,1.3539379899531603
1788862058403176200,40.14717626953125,-1.3855842973217367,-2.0564684194266794,-3.8012270971745252
1788862058413218300,40.15721826171875,17.554831346666813,-5.016646843275428,-7.919992788311839
1788862058423259100,40.16725903320312,-5.0950329822480676,-2.664942262586951,-2.3361323330253363
1788862058433300200,40.17730029296875,2.0475864631824194,-4.096454490607977,-3.4803087976455687
1788862058443342300,40.18734228515625,-8.124170376032591,2.7981927951693533,0.22885142572820186
1788862058453383200,40.197383056640625,-2.241394632580131,3.293108063688874,0.8368255026727914
1788862058463425300,40.20742529296875,-1.1162192210279405,0.888313697847724,-1.3924661657899617
1788862058473466000,40.21746606445313,0.6986800376556813,1.4241513438642024,-1.7872411441683769
1788862058483507200,40.22750708007813,0.16258607879057527,1.7782412606328726,-1.309870300167799
1788862058493549300,40.23754931640625,-0.842201350492239,1.942088591530919,-0.5798451300472021
1788862058503590400,40.24759033203125,3.103384533256292,1.6066706420063972,-0.6693371849238872
1788862058513631200,40.25763134765625,0.18850129516124725,2.8838749363690614,0.6346019716292619
1788862058523673300,40.26767333984375,-0.8685024974405765,4.4402761113405225,2.3220570459216834
1788862058533714200,40.27771411132812,-1.522803441274166,5.253039770424365,3.2708927247494457
1788862058543756300,40.28775634765625,-1.645823087221384,4.92691571894586,3.665542615443468
1788862058553797000,40.297797119140625,-0.24803718771338462,4.376286746510863,4.221306028157472
1788862058563838200,40.307838134765625,-1.2894500279515981,4.355307086846232,4.834443771475553
1788862058573880300,40.31788037109375,-2.711808643180132,5.300885225182771,6.370576649922132
1788862058583921200,40.32792114257813,-1.999428435343504,6.891725845372677,8.281387475135922
1788862058593962200,40.337962158203126,-1.3309867379546165,6.963166110730171,9.62677040271163
1788862058604004000,40.34800415039062,-1.5023130264312028,6.16686492614746,9.808924959194659
1788862058614045200,40.35804516601563,-0.8548100721746683,4.869914897829294,9.471729478603601
1788862058624087300,40.36808740234375,-0.3313759806573391,3.3637218150943515,8.110814635375142
1788862058634128400,40.37812841796875,0.15901187356561422,1.8441174621224403,6.63966247088313
1788862058644169200,40.38816918945312,0.8515721131667494,1.038258175599575,6.1208431796848775
1788862058654211300,40.39821142578125,1.2547878798931837,0.5485866529524326,5.835484269315004
1788862058664252200,40.408252197265625,0.858249691234529,-0.5798068438634276,4.815443302929401
1788862058674293200,40.418293212890624,0.16978870364576576,-1.6835867084264755,3.65045084477365
1788862058684335000,40.42833520507813,-0.22177228112220762,-2.0469532798454164,2.937569701677561
1788862058694376200,40.43837622070313,0.6520557952553033,-1.9028963988274334,2.9425381377398967
1788862058704418300,40.44841821289062,0.48421033463180063,-2.24221281709522,2.322795297068357
1788862058714459100,40.45845922851562,1.7934411678522824,-1.9010896416664123,2.6904858691662548
1788862058724500200,40.46850024414063,2.844976758176088,-1.6643623679965733,3.3677591077864166
1788862058734542300,40.478542236328124,1.1978683073192835,-2.962628447349369,2.29468447034955
1788862058744583400,40.48858349609375,0.8551216223418712,-4.916989368215203,1.140809034013748
1788862058754624300,40.49862426757812,0.9632996729880571,-6.287329626914858,0.36125966226756573
1788862058764666400,40.508666259765626,1.5900968160852789,-6.916368119198084,-0.20902736583948134
1788862058774707200,40.518707275390625,2.3630787921398877,-6.812557031589746,-0.8585475051373243
1788862058784749300,40.52874926757813,2.6108605437874792,-6.337696124583482,-0.880801422521472
1788862058794790100,40.5387900390625,1.6301836195409296,-5.822191657021642,-0.8561497963458299
1788862058804831200,40.54883129882813,0.3471095563620329,-5.483772187593579,-0.4212117344051599
1788862058814873300,40.55887329101562,-0.8992992022424936,-5.537699592614174,1.0142541996777057
1788862058824914200,40.5689140625,-1.958814100882411,-5.212099857270717,2.383797170519829
1788862058834955300,40.57895532226563,-2.441773558670282,-4.753084169650077,2.8566023140400647
1788862058844997000,40.5889970703125,-2.868628851920366,-4.770279926861822,2.6292566166996956
1788862058855038200,40.5990380859375,-4.783258943161368,-4.716821600657701,1.695182161413133
1788862058865079000,40.6090791015625,-6.058950494873524,-3.6628739807561037,0.6180895205065607
1788862058875121400,40.619121337890626,-4.9566041702449315,-3.0802000570237635,0.09957593425661325
1788862058885162200,40.629162353515625,-3.4579064117014404,-2.9537030903548,-0.3862120249554515
1788862058895204400,40.63920434570313,-2.6832278608620164,-2.871105763427913,-0.5173559406474232
1788862058905245200,40.6492451171875,-3.0675743842065333,-2.746260071097314,-0.3353152198024094
1788862058915286300,40.659286376953126,-3.9258343045741317,-2.598480954685807,-0.23909385667070746
1788862058925328100,40.669328125,-4.3555245289891955,-2.2563462641268965,-0.3206004657514393
1788862058935369200,40.679369140625,-3.32815891880393,-1.1895242573440075,-0.06949826444424688
1788862058945410300,40.68941040039063,-1.085885019171238,-0.1905620270833373,0.4621751745648682
1788862058955452200,40.6994521484375,0.42280923272967336,-0.3222799432709813,1.5520894492521882
1788862058965493200,40.7094931640625,0.9928127677202224,-0.4199810235664248,2.668471021234989
1788862058975535000,40.71953515625,-0.2937614125341177,-0.8248840127274394,3.282557735840976
1788862058985576200,40.729576171875,-1.9227005849719045,-1.2014148938849567,3.00226750703752
1788862058995617000,40.73961694335937,-2.6697604765236376,-1.2337567823022604,1.8632240213915705
1788862059005659400,40.74965942382813,-3.5286300532221793,-1.3237836747080087,0.8661139218036085
1788862059015700200,40.7597001953125,-3.8033705389440056,-1.5287281551480292,0.15195355255194007
1788862059025741300,40.7697412109375,-3.708420803183317,-2.014648216307163,-0.16047617396451533
1788862059035783200,40.779783203125,-3.0131513046234844,-2.2037126983091233,0.14810834836587308
1788862059045824300,40.78982421875,-2.0127789153039455,-1.4301137593999504,1.2759161542482673
1788862059055866400,40.799866455078124,-1.9314456169635057,-0.7571706589385867,2.1960034391060472
1788862059065907200,40.8099072265625,-2.2013497685700654,-0.835543061646819,2.5916274355292317
1788862059075948300,40.8199482421875,-2.486698742067814,-0.8990750380977988,2.295234651578218
1788862059085990100,40.829990234375,-2.87238908123672,-1.194770925825834,1.3212246378749608
1788862059096031200,40.84003125,-3.233433054926991,-1.4600240367561579,0.11390607290416956
1788862059106072000,40.85007202148437,-3.0291297949999567,-0.6268129251882434,-0.3510657466419041
1788862059116114200,40.8601142578125,-4.2072488612324,-1.535953430226445,-0.726601771543175
1788862059126155300,40.8701552734375,-4.130929591661691,-1.4016814456418156,-0.7114924652166664
1788862059136197000,40.88019702148438,-3.6807910379797217,-0.20886399197131394,-0.9024830929756164
1788862059146238200,40.89023828125,-4.0866918060064314,-0.43743630849719045,-1.261054685202986
1788862059156279000,40.900279052734376,-3.993408542153239,-0.9705521283343433,-0.8434076575420797
1788862059166321200,40.91032104492187,-2.8444898514419794,-1.1415227352410555,-0.707194475761801
1788862059176362200,40.9203623046875,-1.4690654213458298,-1.0515665699839591,-0.5615490103781223
1788862059186403300,40.9304033203125,-0.14949614946246145,-0.9874129545032978,-0.10406396639086306
1788862059196445200,40.940445068359374,1.3176438567787407,-1.077285240869224,0.6372825159501284
1788862059206486300,40.950486328125,2.5685119328796864,-1.3144951834894716,1.3354066002234817
1788862059216528100,40.960528076171876,2.4025778588354587,-1.3650094190657138,1.0092544916942716
1788862059226569200,40.9705693359375,1.996196029293537,-0.9937345587402582,0.6132038673568516
1788862059236610000,40.980610107421874,2.0421412033885717,-0.630099691773951,0.6210851951912045
1788862059246652200,40.99065209960938,1.995931240877509,-0.45061581580489873,0.08142623732089996
1788862059256693200,41.000693359375,1.5103911189466714,-0.2289063707858324,-0.802049665106833
1788862059266734000,41.010734130859376,0.977941946324706,-0.3071614307247102,-1.2319582084476948
1788862059276776200,41.02077612304687,0.2164706675827503,-0.5264731669522822,-1.3806345659598707
1788862059286817000,41.03081713867188,-0.004731704697012901,-0.7223030514359474,-1.31012924336493
1788862059296859400,41.040859375,1.509765096002817,-0.7539158949263394,-1.0404670838207006
1788862059306900200,41.05090014648437,2.120789792689681,-0.41704321654886006,-0.8618610866647213
1788862059316941300,41.06094140625,1.8498317481160163,-0.4889110596686601,-0.6305372064083814
1788862059326983200,41.070983154296876,1.8802794933497904,-0.5698733327396214,-0.6646017538998276
1788862059337024300,41.081024169921875,2.0632798530071974,-0.5731443172343075,-0.8225364266879857
1788862059347065000,41.091065185546874,2.120036343973875,-0.46123117171302436,-0.697818013998866
1788862059357107200,41.10110717773438,2.052427619603276,-0.19969562000110744,-0.2486991952860728
1788862059367148300,41.11114819335938,1.9614765980899334,-0.017641162891685963,0.16779084435943514
1788862059377190100,41.12119018554687,1.9297861593186854,0.10213906274288892,0.30354451886918393
1788862059387231200,41.13123120117187,1.502268018245697,0.1911810357645154,0.30848226753231134
1788862059397272000,41.14127197265625,0.3203331931173801,0.693672000235319,0.22963545224536208
1788862059407314200,41.151314208984374,-0.9498714516162872,1.5035601038828492,0.07099487794386222
1788862059417355000,41.16135498046875,-1.459693781888485,1.5706544489905236,-0.16020543073173613
1788862059427396000,41.17139599609375,-1.3634335480511188,1.3455968625873327,-0.41574349559452384
1788862059437438200,41.181438232421876,-1.4547078101694584,0.8918699290245771,-0.7852409344512968
1788862059447479300,41.191479248046875,-1.3154676817834376,0.43161505499780173,-1.1070099325254559
1788862059457521200,41.20152124023438,-1.1395423750787972,0.44556496215611696,-1.2295067236423491
1788862059467562200,41.21156225585938,-1.4553063605844974,0.9712938866123556,-1.150035419781506
1788862059477603000,41.22160302734375,-1.314987789312005,1.39043670578897,-0.9585485329382121
1788862059487645200,41.23164526367187,-0.7780816372811794,1.3974763951674103,-0.7835903907652944
1788862059497686300,41.24168627929687,-0.3121867115408182,1.157402441418171,-0.6096482937671244
1788862059507727000,41.25172705078125,0.004720598781108856,0.7807561171874403,-0.43512938326168804
1788862059517769200,41.261769287109374,0.14513795425295828,0.48022974056303497,-0.257129973696731
1788862059527810000,41.27181005859375,0.29338264234960076,0.4360349172666669,-0.016929818018246442
1788862059537852200,41.28185205078125,0.3457078728705644,0.4696057629570365,0.09452296171598136
1788862059547893200,41.291893310546875,0.31556583258509635,0.42599750737696884,0.08339457825180142
1788862059557934300,41.301934326171875,0.19483166722655296,0.33549919806718825,-0.05431914428453892
1788862059567976200,41.31197607421875,0.09971768081486225,0.09499357490241526,-0.2751345265407115
1788862059578017300,41.32201733398438,0.07094692888259888,-0.07133914307057856,-0.3831345537388697
1788862059588058000,41.33205810546875,-0.10298924983143806,-0.14496698160022498,-0.405963677195087
1788862059598100200,41.34210034179687,-0.3670417528003454,-0.026934476415812966,-0.2834629770880565
1788862059608141000,41.35214111328125,-0.286601019385457,0.3126452689632773,0.01802168664187193
1788862059618183200,41.36218310546875,-1.2787182060569524,0.6270213072419166,-0.02248118680138141
1788862059628224300,41.37222436523437,-1.400604464060068,0.5601397281020879,-0.2707648235565051
1788862059638265000,41.38226513671875,-0.4683598545491695,0.3106456195786595,-0.2953891963990405
1788862059648307200,41.39230712890625,-0.24973580832481382,-0.019593466003239152,-0.41564770706985144
1788862059658348000,41.40234814453125,-0.4605617480188608,-0.32229338727444407,-0.5864565110109746
1788862059668389000,41.41238916015625,-0.338700039935112,-0.25020459488034247,-0.586658719052188
1788862059678431200,41.42243115234375,-0.2031260328412056,0.03901888196319341,-0.204187378462404
1788862059688472300,41.43247241210938,-0.20064473741948605,0.22574235379695892,0.29795897382181136
