time,seconds_elapsed,z,y,x
1788862762271051500,0.041051513671875,5.7329158752441405,2.6370634910583495,-2.5516204193115235
1788862762281057500,0.0510576171875,5.698050313568115,1.89620771484375,-2.558054836273193
1788862762291063600,0.0610634765625,6.264428643798828,1.4392144729614258,-2.246060432434082
1788862762301070600,0.071070556640625,6.8596870315551755,1.4037503608703612,-1.4003086959838866
1788862762311076600,0.08107666015625,7.467215702819824,1.4140753555297851,-0.6293757614135742
1788862762321083600,0.091083740234375,7.96775348739624,1.573738678741455,-0.48976387710571284
1788862762331089700,0.101089599609375,9.280524185180663,1.908178723144531,-1.3383587280273437
1788862762341095700,0.111095703125,10.37377651824951,1.6648679794311523,-2.3391350219726563
1788862762351102500,0.1211025390625,11.023353356170654,0.9766846397399902,-3.4439094505310055
1788862762361108500,0.1311083984375,11.776329778289794,0.41045594711303707,-5.010465524291992
1788862762371115800,0.14111572265625,11.196932976531981,0.39220015945434566,-5.424961686706543
1788862762381121500,0.15112158203125,10.384700063323974,0.5059247383117675,-4.641908106231689
1788862762391127600,0.16112744140625,10.487201821899413,1.5400702178955077,-4.095281939697266
1788862762401134800,0.171134765625,9.989207876586914,2.5680805557250976,-3.088669779205322
1788862762411140600,0.181140625,8.828768259429932,2.5827450408935544,-2.4919150154113767
1788862762421147600,0.191147705078125,7.8447513771057125,2.2960393920898436,-2.185307565307617
1788862762431153400,0.2011533203125,7.254730305480956,2.192939083099365,-2.070834798431396
1788862762441159700,0.21115966796875,7.083095973968505,2.5342624572753905,-2.0738275505065915
1788862762451166700,0.221166748046875,6.870161663818359,3.0684687026977535,-2.112583689880371
1788862762461172500,0.23117236328125,5.96245995941162,3.976020769500732,-3.1880291481018066
1788862762471179800,0.2411796875,6.527641188812256,5.211728101348877,-4.760870001220703
1788862762481185800,0.251185791015625,7.547421458435058,5.629665928649902,-5.397428367614745
1788862762491191600,0.261191650390625,8.014739694976805,4.646546871948242,-4.576666110992432
1788862762501198600,0.271198486328125,8.662371244049071,2.8024130432128906,-2.7467478546142576
1788862762511204600,0.28120458984375,9.988758963775634,1.3494319107055663,-1.7640777107238768
1788862762521211600,0.291211669921875,10.777947686004637,0.41419688720703124,-1.8760066383361815
1788862762531217700,0.3012177734375,12.485761657714843,0.43993455505371093,-1.2713210815429687
1788862762541224700,0.311224609375,13.420996681213378,0.4516062881469726,-1.3474866218566894
1788862762551230700,0.321230712890625,13.107954814147948,0.045938744354248044,-1.5548843406677244
1788862762561236700,0.33123681640625,12.926893313598631,0.04967968444824218,-1.795950520324707
1788862762571243500,0.341243408203125,12.779200998687744,0.28101941986083984,-1.914014589691162
1788862762581249800,0.351249755859375,11.657966433715819,0.699106884765625,-2.436100189208984
1788862762591256600,0.361256591796875,9.662848262786865,1.6864157943725584,-2.3205799591064453
1788862762601262600,0.3712626953125,8.462156130218505,3.1976059547424316,-2.514809568786621
1788862762611268600,0.3812685546875,8.004564337921142,3.7234324943542476,-2.8254572341918944
1788862762621275600,0.391275634765625,8.774000896453856,2.946364418029785,-1.7353472908020018
1788862762631281700,0.40128173828125,10.338611681365967,2.1748329330444336,-0.8783727340698242
1788862762641288700,0.411288818359375,11.963077507781982,1.5720926651000975,-0.4607341819763183
1788862762651294700,0.421294677734375,13.302782974243163,1.1394903526306153,-0.5389946487426758
1788862762661300700,0.43130078125,13.690494005584716,0.7466916427612305,-0.7529764221191406
1788862762671307500,0.4413076171875,14.298321952056884,0.43783962860107417,-0.7119757186889648
1788862762681313800,0.451313720703125,14.317475565338134,0.3480570663452148,-0.05626373901367187
1788862762691320600,0.461320556640625,13.24068336868286,0.273238264465332,0.9171288734436035
1788862762701326600,0.47132666015625,12.109722359466552,0.29493571701049803,1.7182886039733887
1788862762711332600,0.48133251953125,10.670358248901367,1.2093711135864258,2.3255180000305176
1788862762721339600,0.491339599609375,9.428815050506591,2.0597616157531737,2.114678616333008
1788862762731345700,0.501345703125,8.002619049072266,2.3282114768981934,1.401954709625244
1788862762741352400,0.5113525390625,6.644508157348632,2.3151930053710936,0.6461351730346679
1788862762751358700,0.521358642578125,5.482123251342773,1.195754091644287,-0.31588498153686523
1788862762761364700,0.53136474609375,4.318840519714355,0.672920304107666,-0.10983400115966796
1788862762771371500,0.54137158203125,3.177853791046142,0.4917091659545898,0.8500912269592285
1788862762781377500,0.55137744140625,3.7024832298278807,0.3877110313415527,1.22583125
1788862762791384600,0.561384521484375,4.542399099731445,0.5059247383117675,1.115997248840332
1788862762801390600,0.571390625,5.062240135192871,0.9362824867248535,1.0832266136169433
1788862762811396600,0.581396728515625,5.4418707359313965,1.394323191833496,0.9469067565917968
1788862762821403600,0.591403564453125,6.28866993560791,2.076221752166748,0.181959326171875
1788862762831409700,0.60140966796875,7.979275582885742,2.9780875900268553,-1.107617543029785
1788862762841416700,0.611416748046875,8.062474090576172,3.4593221237182616,-1.5064017570495605
1788862762851422500,0.62142236328125,7.523629079437256,3.6647745536804197,-1.0664672019958497
1788862762861428700,0.6314287109375,7.847145578765868,3.656245210266113,-0.5009866973876953
1788862762871435500,0.641435546875,8.0698063331604,2.7673978439331055,0.6856395004272461
1788862762881441500,0.651441650390625,8.672097688293457,1.5502455749511719,2.4040777420043944
1788862762891448800,0.66144873046875,8.14073455734253,-0.34700960311889645,5.331587821960449
1788862762901454600,0.67145458984375,5.728277109527587,-2.2608745552062985,7.745092733001709
1788862762911461600,0.681461669921875,4.022408426666259,-3.695899175262451,8.078634951782226
1788862762921467600,0.691467529296875,3.8672342315673824,-4.435108937835693,6.968024656677246
1788862762931473700,0.7014736328125,3.7077205459594724,-4.4850878974914545,5.7806502708435055
1788862762941480700,0.711480712890625,2.9114988563537594,-3.801094410705566,6.864625072479248
1788862762951487500,0.721487548828125,1.7374422172546387,-3.220201232910156,8.91316386795044
1788862762961494500,0.73149462890625,0.4129997863769531,-2.7974750022888184,10.211419718170166
1788862762971500300,0.741500244140625,-0.8728361427307129,-2.349011103820801,10.669610060882567
1788862762981506600,0.751506591796875,-2.082656169128418,-2.115127529144287,10.549301427459715
1788862762991513600,0.761513671875,-2.352602406311035,-2.676418180847168,10.005069462585448
1788862763001519400,0.771519287109375,-0.8328829025268554,-3.580678220367431,9.963021295928954
1788862763011526700,0.781526611328125,0.5249287139892578,-4.485536810302734,10.553940193176269
1788862763021532400,0.791532470703125,0.7139210075378417,-4.879382983398437,12.784139039611816
1788862763031538400,0.801538330078125,-0.27787703018188475,-4.215141660308838,16.614562420654295
1788862763041545700,0.811545654296875,-1.862988166809082,-2.7329811950683593,20.101417863464356
1788862763051551500,0.821551513671875,-2.618957341003418,-1.5915455535888672,21.873127091979978
1788862763061558500,0.83155859375,-2.1734861946105957,-1.1902175003051758,22.290915281677243
1788862763071564500,0.841564453125,-0.7326257080078125,-1.3531728507995604,21.851728914642333
1788862763081570600,0.851570556640625,1.396867031097412,-1.8448820167541502,21.058799252319336
1788862763091577600,0.86157763671875,2.2129905220031736,-1.6349404586791991,19.92454621582031
1788862763101583400,0.871583251953125,3.9018005180358886,-0.1331774673461914,22.080674448394774
1788862763111590700,0.881590576171875,1.0908581314086914,0.7911340110778808,25.201665950012206
1788862763121596700,0.8915966796875,-2.5821464904785154,3.359513842010498,25.22381231536865
1788862763131602400,0.9016025390625,-5.12688358001709,3.1645360443115234,19.06996586074829
1788862763141609500,0.911609375,-4.285920246887207,2.7602152389526364,14.274379935455322
1788862763151615700,0.92161572265625,-3.030610388946533,1.7054197700500486,13.197737376403808
1788862763161622500,0.93162255859375,-2.1013608695983885,3.047968350982666,12.84504154434204
1788862763171628500,0.941628662109375,-2.127098537445068,1.990629042816162,11.78605622253418
1788862763181634300,0.95163427734375,-0.4086602958679199,1.3518261123657225,10.58536408996582
1788862763191641600,0.9616416015625,0.07422025146484375,3.149422646331787,10.704774897766113
1788862763201647600,0.971647705078125,-1.5575778175354003,1.0579378585815429,11.29359886856079
1788862763211654400,0.981654296875,-0.6456862602233886,-0.7851485069274902,8.313416352081298
1788862763221660700,0.99166064453125,3.4726398704528805,-1.820790362548828,7.337629537963867
1788862763231666700,1.001666748046875,5.524321055603027,-1.5726912155151367,6.45416912536621
1788862763241673500,1.011673583984375,-1.6683096443176268,3.171868286895752,6.66515814666748
1788862763251679500,1.021679443359375,-7.5342533493041985,1.0592845970153808,4.988618434143066
1788862763261686500,1.0316865234375,-8.636932851409911,2.112733327484131,3.919308117675781
1788862763271692500,1.041692626953125,-8.232612046051026,3.9680899765014646,4.614524424743652
1788862763281699300,1.05169921875,-4.001159886932373,0.18285715179443357,5.355978751373291
1788862763291705600,1.06170556640625,0.20739771881103514,-1.7613842338562011,6.891110928344726
1788862763301711600,1.071711669921875,1.3620014694213867,-1.5442600708007812,6.451176373291015
1788862763311718400,1.081718505859375,0.9307458953857422,-0.9777321029663085,6.202628313446045
1788862763321724400,1.091724365234375,0.07781155395507812,-1.2045827102661133,6.793996123504638
1788862763331731500,1.1017314453125,-0.6373065544128418,-1.7797896591186522,7.8249992134094235
1788862763341737500,1.111737548828125,-1.0730512565612793,-1.468992356109619,8.833407025146483
1788862763351743500,1.121743408203125,-1.9853917266845702,-0.936581761932373,9.092429717254639
1788862763361750500,1.13175048828125,-3.0086136611938477,-0.4786906944274902,9.190292710113525
1788862763371756500,1.141756591796875,-2.440140404510498,-0.984465795135498,8.94383957672119
1788862763381763600,1.151763671875,-0.5591957252502441,-1.8538602729797362,8.783876978302002
1788862763391769300,1.161769287109375,0.4976946701049804,-2.2105963203430172,8.936357696533202
1788862763401775600,1.171775634765625,0.17432780838012693,-2.249053184509277,9.228899211883544
1788862763411782400,1.181782470703125,-0.7776666267395019,-2.5541642585754394,9.749638072967528
1788862763421788400,1.191788330078125,-1.808071166229248,-3.1603461914062496,9.689932669067382
1788862763431795700,1.201795654296875,-1.9636942741394041,-3.2884359802246093,9.589825112152099
1788862763441801500,1.211801513671875,-0.9853636207580566,-3.411587728118896,10.255413173675537
1788862763451807500,1.221807373046875,0.43020811080932614,-3.7747581924438474,10.83421142501831
1788862763461814500,1.231814453125,1.3416507553100585,-4.285321696472168,10.63025537109375
1788862763471820500,1.241820556640625,1.687313619995117,-4.489427388000488,9.596858079528808
1788862763481827600,1.25182763671875,1.1710638870239256,-4.238185851287842,8.634089736938476
1788862763491833300,1.261833251953125,1.0817302375793456,-3.7481226989746093,7.82679486465454
1788862763501839400,1.27183935546875,1.7474679367065429,-3.2625486747741697,7.398681680297851
1788862763511846700,1.2818466796875,1.6493056686401366,-2.7760768249511716,7.525873643493652
1788862763521852400,1.291852294921875,0.3865139305114746,-2.2737433891296384,7.577498616790771
1788862763531859500,1.301859375,-0.4547486778259277,-2.000355487060547,7.4046671844482415
1788862763541865500,1.311865478515625,-1.7857751632690428,-2.2369325386047363,7.792827128601074
1788862763551872500,1.32187255859375,-3.206883486175537,-2.3042694602966307,8.155698317718505
1788862763561878500,1.33187841796875,-3.2378584701538085,-2.101660144805908,8.151508464813231
1788862763571884500,1.341884521484375,-2.192789445495605,-2.1184195564270016,7.805396687316894
1788862763581891600,1.3518916015625,-1.0342951171875,-2.3726538452148436,7.823502837371826
1788862763591897600,1.361897705078125,-0.5168482833862305,-2.673724703979492,8.69454332885742
1788862763601904600,1.371904541015625,-0.7040449256896972,-3.2695816421508788,9.540893615722656
1788862763611910700,1.38191064453125,-1.2853870162963867,-5.0556560806274415,10.00387236175537
1788862763621916400,1.39191650390625,-1.717989328765869,-6.233154384613036,9.947010072326659
1788862763631923500,1.40192333984375,-1.7516577896118164,-6.085013156890869,9.997587582397461
1788862763641929700,1.4119296875,-1.0794856735229492,-6.053289984893799,10.15710126800537
1788862763651936500,1.4219365234375,-0.29014731369018554,-6.271461611175536,11.027992121887207
1788862763661942500,1.431942626953125,-0.5360018966674804,-6.2958525405883785,11.74086566619873
1788862763671948500,1.441948486328125,-1.1851298217773436,-6.51806438217163,11.966219897460936
1788862763681955600,1.45195556640625,-1.214907704925537,-6.5674447914123535,12.166734286499024
1788862763691961600,1.461961669921875,-0.5446808776855468,-6.789806270599365,11.974749240875244
1788862763701968400,1.471968505859375,0.20395605392456054,-7.113921320343017,11.864316689300537
1788862763711974700,1.481974609375,0.7775169891357422,-6.886621800231933,11.648838539886475
1788862763721981400,1.4919814453125,0.6157587394714356,-6.2499137962341305,10.82807628326416
1788862763731987500,1.501987548828125,0.04085106582641601,-5.515342799377441,10.282198304748535
1788862763741993500,1.511993408203125,-0.1605611488342285,-4.783315641784668,9.81293477935791
1788862763752000500,1.52200048828125,-0.22954408416748046,-4.192097469329834,9.233687615203857
1788862763762006500,1.532006591796875,-0.2980781066894531,-4.252700698852538,8.867973311614989
1788862763772013300,1.542013427734375,-0.35179800643920894,-4.5702316940307615,9.030629386901856
1788862763782019600,1.55201953125,-1.0549451065063475,-4.630236373138428,8.851962088012694
1788862763792025600,1.562025634765625,-0.11731588134765625,-5.074061505889892,9.89508582382202
1788862763802032400,1.572032470703125,0.8662520881652832,-3.241300135040283,8.730755628967284
1788862763812038400,1.582038330078125,1.0890624801635742,-2.9755437507629394,8.74661721496582
1788862763822045400,1.59204541015625,0.8559270935058593,-2.607285607910156,7.510460970306396
1788862763832051500,1.602051513671875,-2.9625252792358396,1.0437222862243651,2.3968951370239258
1788862763842057500,1.612057373046875,-3.6361937713623043,-1.268627604675293,4.354603907012939
1788862763852064500,1.622064453125,0.6226420692443847,-2.282422370147705,4.599261389160156
1788862763862070500,1.632070556640625,2.4260744697570797,-1.314566349029541,2.8016648551940917
1788862763872077600,1.64207763671875,-0.656310530090332,-0.7477391059875488,1.4606126502990722
1788862763882083300,1.652083251953125,-0.7504325828552245,-0.6503250259399413,1.8804957664489745
1788862763892090600,1.662090576171875,0.2650081962585449,-1.1566986770629881,3.5110967346191404
1788862763902096400,1.672096435546875,0.4327519500732422,-1.0736498069763183,4.178779722595214
1788862763912102400,1.682102294921875,-0.5693710823059082,-0.03681085052490234,5.125237566375732
1788862763922109700,1.692109619140625,-2.1212626708984375,0.55545478515625,6.274604000854492
1788862763932115500,1.702115478515625,-1.8478747688293455,0.8583212951660156,7.136516598510742
1788862763942122500,1.71212255859375,0.45295302658081055,0.1240495735168457,8.488641986083984
1788862763952128300,1.722128173828125,2.3472154525756834,-2.66878666305542,11.964573883819579
1788862763962134300,1.73213427734375,0.7676409072875976,-5.936572653961181,13.632135340118408
1788862763972141300,1.742141357421875,-0.32665888900756834,-4.726902265167236,12.532149314880371
1788862763982147300,1.752147216796875,0.741903239440918,-4.892401454925537,13.324480426788329
1788862763992154400,1.762154296875,2.1136311531066894,-7.314136434173584,13.999645294952392
1788862764002160400,1.772160400390625,2.8380267929077148,-7.873032884216308,12.232724469757079
1788862764012166100,1.782166259765625,2.571522220611572,-7.415441091918945,11.54244620361328
1788862764022173200,1.792173095703125,2.73866742401123,-6.633883887481689,12.916867594146728
1788862764032179500,1.802179443359375,2.3777415237426758,-3.089417967224121,12.273126622772216
1788862764042186200,1.812186279296875,2.8975825592041016,-3.1753099517822263,12.198307820892333
1788862764052192300,1.822192138671875,1.7075146965026855,1.0592845970153808,11.647791076660155
1788862764062199300,1.83219921875,-1.0934019706726072,3.186383134460449,11.375301000213623
1788862764072205300,1.842205322265625,-2.1262007118225097,-1.548898836517334,12.849231397247314
1788862764082211300,1.85221142578125,0.9118915573120117,-3.6483144172668456,10.97427222213745
1788862764092218000,1.862218017578125,0.8488941261291504,-5.680991626739502,9.19418328781128
1788862764102224400,1.872224365234375,-0.5491700057983399,-3.9758711318969726,7.566126158905029
1788862764112231200,1.882231201171875,-3.087472678375244,-4.844068508911133,6.28837066040039
1788862764122237200,1.8922373046875,-1.5566799919128418,-6.731597242736816,6.393266620635986
1788862764132243200,1.9022431640625,0.046537294769287106,-7.442525498199463,6.899640271759033
1788862764142250200,1.912250244140625,0.26665420989990235,-4.358793759918212,7.794772417449951
1788862764152256300,1.92225634765625,-0.601992079925537,-5.906645133209228,8.9378540725708
1788862764162263000,1.932262939453125,-1.1133037719726562,-9.084199649047852,9.668684129333496
1788862764172269300,1.942269287109375,-1.5028104545593262,-9.292046280670165,9.515604860687255
1788862764182275300,1.952275390625,-2.6964696197509763,-8.98304462890625,9.59551134109497
1788862764192282000,1.9622822265625,-3.292925108337402,-8.22902074356079,9.72285294189453
1788862764202288000,1.9722880859375,-3.8132150566101073,-7.382670456695556,9.445574462127684
1788862764212295200,1.982295166015625,-2.8094460105895993,-6.155193193054199,8.78507407913208
1788862764222301200,1.99230126953125,0.13901333389282225,-6.179284847259521,8.795548711395263
1788862764232307200,2.00230712890625,3.8980595779418943,-7.450157015991211,9.663297175598144
1788862764242314200,2.012314208984375,6.842329069519042,-8.949376168060303,11.06345623397827
1788862764252320300,2.0223203125,7.1230492141723625,-7.5531076873779295,11.736825450897216
1788862764262327300,2.032327392578125,3.4591724861145017,-6.169109490203857,12.071564770507813
1788862764272333000,2.0423330078125,-0.8860042518615722,-3.9845501129150387,12.231677006530761
1788862764282340400,2.05234033203125,-4.028992481231689,-1.7510592391967772,11.825859825134277
1788862764292346000,2.06234619140625,-4.5313259170532225,-1.4905401710510253,11.471368341827391
1788862764302352100,2.07235205078125,-3.40260947189331,-2.6063877822875976,11.273697067260741
1788862764312359400,2.082359375,-1.4366706336975097,-3.653252458190918,11.247510486602783
1788862764322365200,2.092365234375,0.5666776054382324,-4.351760792541504,10.752060380554198
1788862764332372200,2.102372314453125,0.12075754623413085,-3.5960908935546874,10.528801075744628
1788862764342378500,2.11237841796875,-1.0130465774536133,-1.4309844047546385,10.682478894805907
1788862764352384300,2.12238427734375,-0.4885667762756347,-0.6854898628234863,9.670030867767334
1788862764362391300,2.132391357421875,0.6762123313903808,-1.110161382293701,8.891765690612793
1788862764372397300,2.142397216796875,0.1452981132507324,-0.9180266990661621,8.956858048248291
1788862764382404400,2.152404296875,-0.30795418853759765,0.18779519271850584,9.834632231903075
1788862764392410400,2.162410400390625,0.021996727752685546,1.2592004356384277,9.51859761276245
1788862764402416000,2.172416015625,-0.03172317199707031,1.3356652511596678,7.926453508758544
1788862764412423400,2.18242333984375,-0.4156932632446289,0.42287586822509765,6.1942486076354975
1788862764422429400,2.192429443359375,-1.6208745239257811,-0.4562450538635254,5.501725777435302
1788862764432436200,2.202436279296875,-2.31758720703125,-1.1189900009155274,6.454019487762451
1788862764442442200,2.212442138671875,-1.4193126716613769,-2.4398411293029785,7.8399629737854
1788862764452448300,2.2224482421875,-0.7728782234191894,-3.831321206665039,8.82936680984497
1788862764462455300,2.232455322265625,-0.647332273864746,-4.03482834777832,10.129717586517334
1788862764472461300,2.24246142578125,-0.4878185882568359,-4.501996946716308,11.134833370971679
1788862764482468400,2.25246826171875,-1.2623428253173827,-3.330783422088623,11.168651469421386
1788862764492474400,2.262474365234375,-1.1882722114562987,-3.2933740211486815,11.577461402893066
1788862764502480400,2.27248046875,-0.9156324974060058,-3.9891888786315914,11.135431921386719
1788862764512487200,2.282487060546875,0.3570353225708008,-3.9076363845825193,10.537629694366455
1788862764522493400,2.292493408203125,2.546832015991211,-3.933523690032959,9.72285294189453
1788862764532500200,2.302500244140625,3.921702319335937,-3.708019821166992,8.627954595184326
1788862764542506200,2.31250634765625,3.4798224754333495,-3.689464758300781,8.447940557861328
1788862764552513300,2.32251318359375,2.176329309082031,-3.824587514495849,8.86064106903076
1788862764562519300,2.332519287109375,1.3914800773620604,-3.677942662811279,9.050980101013183
1788862764572525300,2.342525390625,1.9393033447265624,-4.960037651824951,9.064746760559082
1788862764582532000,2.352531982421875,1.0917559570312498,-4.020912050628662,8.60670605545044
1788862764592538400,2.362538330078125,-2.0705355232238767,-2.5731682342529294,8.499415893554687
1788862764602545200,2.372545166015625,-3.892971899414062,-2.9385832626342774,8.020725199127197
1788862764612551200,2.38255126953125,-3.6456209403991697,-4.2235213661193844,7.4208280456542965
1788862764622557200,2.39255712890625,-1.5644611473083496,-5.2456958374023435,7.175721650695801
1788862764632564200,2.402564208984375,-1.0544961936950683,-3.8423943893432613,7.151779634094238
1788862764642570200,2.4125703125,-1.9476830505371092,-3.2193034072875975,8.40125362548828
1788862764652577300,2.422577392578125,-2.103006883239746,-2.7404630752563475,9.96002854385376
1788862764662583300,2.432583251953125,-1.698835715484619,-2.3335984306335447,10.0357451713562
1788862764672589300,2.44258935546875,-1.2566565963745115,-2.4166473007202147,10.0234748878479
1788862764682596000,2.45259619140625,-0.7294833183288574,-2.1721394561767577,9.880870251464843
1788862764692602000,2.46260205078125,-0.16041151123046873,-1.6533458839416504,8.979902239227295
1788862764702609400,2.472609375,0.2959831802368164,-1.467645617675781,8.162581647491455
1788862764712615200,2.482615234375,0.8016086433410644,-1.6102502540588377,8.094945450592041
1788862764722621200,2.49262109375,1.5786767196655274,-2.5475802040100097,8.898050469970702
1788862764732628200,2.502628173828125,1.5020622665405272,-3.262847949981689,9.325415466308593
1788862764742634200,2.51263427734375,0.3573345977783203,-2.8734909049987793,8.994716361999512
1788862764752641300,2.522641357421875,-0.8258499351501465,-2.831293100738525,9.099761959838867
1788862764762647000,2.53264697265625,-1.705868682861328,-2.7480945930480956,9.146897805023192
1788862764772653300,2.5426533203125,-1.781884585571289,-2.2176292877197263,9.307309316253662
1788862764782660400,2.552660400390625,-1.692401298522949,-2.886808651733398,9.51814869995117
1788862764792666000,2.562666015625,-1.4446014266967773,-3.0747534820556637,9.000252953338622
1788862764802673400,2.57267333984375,-1.256357321166992,-3.3117794464111325,8.74003316040039
1788862764812679200,2.58267919921875,-0.7770680763244628,-3.7186440910339353,8.564208975982666
1788862764822686200,2.592686279296875,-0.19647417373657225,-3.8789059646606443,8.936656971740723
1788862764832692200,2.602692138671875,0.34012627334594725,-3.69664736328125,9.413103102111815
1788862764842698200,2.6126982421875,0.4282628219604492,-3.133411422729492,9.058013068389892
1788862764852705300,2.622705322265625,-0.08858546142578125,-2.862716997528076,8.846575134277343
1788862764862711300,2.632711181640625,-0.2871545616149902,-2.864213373565674,9.131634769439696
1788862764872718300,2.64271826171875,-0.035464112091064454,-2.618358790588379,9.204059369659424
1788862764882724400,2.652724365234375,0.08005611801147461,-2.4308628730773925,8.922142124176025
1788862764892730000,2.662730224609375,-0.2380734275817871,-2.279728893280029,8.773551983642578
1788862764902737400,2.6727373046875,-0.9302969825744628,-1.9020435813903807,8.3249384475708
1788862764912743400,2.682743408203125,-1.3769652297973631,-1.6677110939025879,7.948001323699951
1788862764922750200,2.692750244140625,-1.7874211769104003,-1.6006734474182127,8.040627000427246
1788862764932756200,2.702756103515625,-2.0724808120727536,-1.823334201812744,8.043170839691161
1788862764942762500,2.712762451171875,-2.0287866317749024,-2.1356278808593747,8.392275369262695
1788862764952769500,2.72276953125,-1.9183540802001953,-2.3000796073913574,8.75290199432373
1788862764962775600,2.732775634765625,-1.8787001152038574,-2.5577555610656737,8.834903401184082
1788862764972782300,2.7427822265625,-1.4531307701110838,-2.567781280517578,9.21962168045044
1788862764982788400,2.752788330078125,-1.1309610092163085,-2.5508722312927246,9.355342987060546
1788862764992794600,2.762794677734375,-0.9454103805541991,-2.680757671356201,9.504082765197753
1788862765002801400,2.772801513671875,-0.042646717071533204,-2.2385785522460937,10.55992569732666
1788862765012807400,2.782807373046875,0.21143793411254883,-1.8924667747497557,11.56174945449829
1788862765022814500,2.792814453125,-0.30795418853759765,-1.5164274765014647,11.43440785369873
1788862765032820500,2.802820556640625,-0.5131073432922363,-1.2291232772827148,10.951078393554686
1788862765042826500,2.812826416015625,-0.4929062667846679,-1.7149965766906736,10.590751043701172
1788862765052833300,2.822833251953125,-0.38037878875732417,-2.577358087158203,10.007164389038085
1788862765062839600,2.832839599609375,-0.7272387542724609,-2.683301510620117,8.876951567840576
1788862765072846300,2.842846435546875,-1.7473182991027831,-2.127697087860107,7.247248425292969
1788862765082852400,2.852852294921875,-2.9522002845764157,-1.7558476425170897,5.7614966575622555
1788862765092859400,2.862859375,-3.4478000282287597,-1.8315642700195311,5.334430936431884
1788862765102865400,2.872865478515625,-2.891447417449951,-1.9469348625183105,6.5403603851318355
1788862765112871400,2.882871337890625,-3.200449069213867,-3.1076737548828124,8.462455405426025
1788862765122878200,2.892878173828125,-3.072209642791748,-3.03270531539917,9.833584768676758
1788862765132884500,2.902884521484375,-2.3018752586364744,-2.3636755889892576,10.326790310668944
1788862765142891500,2.9128916015625,-0.9395745140075683,-2.6636989845275876,10.28489178161621
1788862765152897300,2.922897216796875,0.23777415237426758,-3.2142157287597652,10.45039097137451
1788862765162903600,2.932903564453125,1.0269628746032715,-2.980631429290771,10.29761097793579
1788862765172910300,2.942910400390625,2.0980688423156737,-1.9138649520874023,10.17011973953247
1788862765182916400,2.952916259765625,3.2124200775146483,-1.6852186935424804,9.604639234924315
1788862765192923600,2.962923583984375,3.575889817047119,-2.3126491661071777,9.65252326812744
1788862765202929400,2.972929443359375,2.8489503379821777,-1.7114052742004393,8.70217484664917
1788862765212935400,2.982935302734375,0.5683236190795898,-1.5589245559692382,8.135946154022216
1788862765222942500,2.9929423828125,-1.1095628318786621,-2.091335150146484,8.500014443969727
1788862765232948500,3.002948486328125,-0.6723217536926269,-2.73881706161499,8.3632456741333
1788862765242955500,3.01295556640625,0.21353286056518553,-3.2315736907958983,7.717260138702392
1788862765252961300,3.022961181640625,0.28012159423828126,-4.436006763458252,8.09569363861084
1788862765262968600,3.032968505859375,-0.8545803550720215,-4.3923125831604,8.279897528839111
1788862765272974600,3.042974609375,-2.1698948921203614,-2.789394571685791,8.42115542678833
1788862765282980400,3.05298046875,-1.5216647926330567,-1.2820949890136717,8.085817556762695
1788862765292987400,3.0629873046875,0.6280290229797363,-1.2069769119262694,7.698106525421142
1788862765302993400,3.072993408203125,1.6630723281860351,-3.231274415588379,8.340051845550537
1788862765313000400,3.08300048828125,1.1236287666320801,-5.412242490386962,10.570250691986084
1788862765323006500,3.09300634765625,1.495178936767578,-3.721337567901611,10.413430483245849
1788862765333012200,3.10301220703125,2.6912323036193846,-3.732261112976074,10.645518406677246
1788862765343019500,3.11301953125,3.882796542358398,-4.986523507690429,11.289259378051756
1788862765353025500,3.123025634765625,3.9196073928833006,-5.281159949493408,10.98684178085327
1788862765363032300,3.1330322265625,2.6631004341125486,-5.02423218383789,10.551545991516113
1788862765373038600,3.14303857421875,1.6627730529785156,-5.298068998718262,9.624690673828125
1788862765383044600,3.153044677734375,0.10953472595214843,-4.5611038002014155,8.230966032409668
1788862765393051400,3.163051513671875,-1.3967173934936523,-4.06700043258667,7.467814253234863
1788862765403057400,3.173057373046875,-3.137900550842285,-2.9001263984680175,5.099948811340331
1788862765413064400,3.183064453125,-0.14305354919433594,-4.144662348937988,5.240159246063232
1788862765423070500,3.193070556640625,2.0847510955810544,-7.288398766326904,9.418789331054686
1788862765433077200,3.2030771484375,2.1446061370849607,-7.9375266914367675,11.145457640838622
1788862765443083500,3.21308349609375,-0.11926117019653319,-6.489184324645996,7.567472897338867
1788862765453089500,3.223089599609375,-0.565630142211914,-4.104709108734131,-0.9690531219482421
1788862765463096300,3.233096435546875,-0.9403227020263671,-8.182034535980224,-0.6730699417114258
1788862765473102300,3.243102294921875,-1.4136264427185057,-13.214496788024901,5.533897862243652
1788862765483109400,3.253109375,2.5472809288024902,-11.138275035858154,8.868571862030029
1788862765493115400,3.263115478515625,3.337666751861572,-7.169885784149169,7.775319528961181
1788862765503121400,3.273121337890625,-0.21487959899902342,-6.351068816375732,9.200617704772949
1788862765513128400,3.28312841796875,-0.9747393508911132,-5.111171631622314,11.021258429718017
1788862765523134500,3.293134521484375,-2.1613655487060544,-4.29639487915039,15.186121855163574
1788862765533141200,3.303141357421875,-3.426401850891113,-2.7283424293518066,17.6328463142395
1788862765543147300,3.313147216796875,-3.5416228057861328,-1.6877625328063963,17.03878502731323
1788862765553153500,3.323153564453125,-2.1333833168029783,-2.526331664276123,13.77099903640747
1788862765563160300,3.333160400390625,-0.20036475143432617,-3.8049849884033202,11.304522413635253
1788862765573166300,3.343166259765625,-0.8604162216186523,-3.3200095146179196,11.44069263305664
1788862765583173600,3.353173583984375,-2.618059515380859,-2.824409770965576,11.820023958587646
1788862765593179400,3.363179443359375,-3.2577602714538574,-2.0292355445861814,10.563666637420654
1788862765603185400,3.373185302734375,-4.5964182746887206,-1.5358803649902344,8.498069155120849
1788862765613192200,3.383192138671875,-5.389347937011719,-2.492962478637695,7.031770275878906
1788862765623198500,3.393198486328125,-4.916792384338379,-4.022408426666259,5.959616844940185
1788862765633205500,3.40320556640625,-3.609558277893066,-4.731092118072509,5.206041872406005
1788862765643211300,3.413211181640625,-2.88561155090332,-5.415534517669677,5.463568188476562
1788862765653218600,3.423218505859375,-2.6659435485839844,-5.7882817886352536,6.158036307525634
1788862765663224600,3.433224609375,-4.283226770019531,-5.8728270347595215,7.738359040832519
1788862765673230300,3.443230224609375,-5.322310290527343,-5.060893396759033,8.879046494293213
1788862765683237400,3.4532373046875,-4.624400506591797,-8.207323291015625,9.611672202301024
1788862765693243400,3.463243408203125,-4.838382279968261,-11.502792238616943,9.140164112854004
1788862765703250400,3.47325048828125,-4.4273277824401855,-12.536488805389403,8.060977714538573
1788862765713256400,3.48325634765625,-3.967192150878906,-12.438476174926757,8.01863027267456
1788862765723262500,3.493262451171875,-3.7174469902038574,-12.376526206970214,7.48247873840332
1788862765733269500,3.50326953125,-3.5896564765930172,-12.79416475906372,7.621791347503661
1788862765743275500,3.513275634765625,-3.1407436653137206,-12.900706732940673,7.153425647735595
1788862765753282600,3.523282470703125,-3.283348301696777,-12.375179468536377,5.9002107162475586
1788862765763288600,3.53328857421875,-3.388244261932373,-11.962778232574463,6.191555130767822
1788862765773295400,3.54329541015625,0.6787561706542968,-11.023353356170654,3.863194016265869
1788862765783301400,3.55330126953125,1.6446669029235839,-9.857975698089598,3.112761433410644
1788862765793307600,3.5633076171875,-0.4008791404724121,-9.011924686431884,5.223399834442138
1788862765803314400,3.573314453125,-1.6217723495483398,-8.320598957061767,7.593210565185546
1788862765813320400,3.583320556640625,-2.8411691825866696,-7.470807005310058,6.7292030410766595
1788862765823327500,3.593327392578125,-2.085798558807373,-6.810905172729492,5.5187844642639154
1788862765833333500,3.60333349609375,-0.13467384338378904,-7.092223867797851,3.527407233428955
1788862765843339500,3.613339599609375,-0.016759411621093748,-8.895805905914306,0.7861959701538086
1788862765853346300,3.62334619140625,0.6934206558227539,-9.041702569580078,-0.4209305793762207
1788862765863352600,3.6333525390625,0.8928875816345214,-6.2778960281372065,0.08903437423706054
1788862765873359400,3.643359375,-0.07751227874755859,-3.2058360229492187,0.37319618377685543
1788862765883365400,3.653365478515625,-0.2211643783569336,-1.3224971420288085,1.3040917167663573
1788862765893371400,3.663371337890625,-0.7246949150085449,-1.0307038146972656,5.462071812438965
1788862765903378400,3.67337841796875,-3.240701584625244,-1.4591162742614745,8.020874836730956
1788862765913384400,3.683384521484375,-5.651064105987548,-1.5887024391174316,7.363217568206787
1788862765923391200,3.69339111328125,-5.224896210479736,-1.8698714965820311,2.7914894981384277
1788862765933397500,3.7033974609375,-1.0525509048461914,0.0025438392639160153,-2.924666965484619
1788862765943404500,3.713404541015625,1.295412735748291,-0.5826888290405273,-3.3559225395202636
1788862765953410300,3.723410400390625,3.571999239349365,-6.553079581451415,0.4917091659545898
1788862765963415600,3.73341552734375,5.308693268585205,-9.181763366699219,5.484966365814208
1788862765973422600,3.743422607421875,3.5913024902343746,-7.249343351745605,7.6276272140502925
1788862765983428400,3.753428466796875,0.4170400016784668,-4.7554830474853516,8.95730696105957
1788862765993435600,3.763435546875,-8.557924196624755,-5.4439656623840325,11.318289073181152
1788862766003441700,3.773441650390625,-18.886360520935057,-4.689343226623535,11.839925759887695
1788862766013447400,3.783447509765625,-12.982259226989745,-3.8687306076049803,6.956502561187744
1788862766023454500,3.793454345703125,-4.9166427467346185,-8.347683363342284,6.992116310882568
1788862766033460700,3.803460693359375,-4.1946413085937495,-14.60058991165161,8.194454457092284
1788862766043467500,3.813467529296875,-4.669890338134765,-15.854253755950927,6.6784758934021
1788862766053473500,3.8234736328125,-5.96275923461914,-14.481478379058837,5.336525862884521
1788862766063480600,3.83348046875,-7.413645440673828,-11.768548622894286,4.9175405723571775
1788862766073486600,3.843486572265625,-6.211307294464111,-9.85124200592041,4.726303714752197
1788862766083492600,3.85349267578125,-5.345803394317627,-8.758588223266601,4.667645774078369
1788862766093499400,3.86349951171875,-5.41388850402832,-7.531410234832763,5.005826758575439
1788862766103505700,3.873505615234375,-4.030039944458007,-7.392546538543701,5.516689537811279
1788862766113512400,3.883512451171875,-3.63275210647583,-7.387608497619628,6.155642105865478
1788862766123518500,3.8935185546875,-4.005200102233887,-7.7513775123596185,7.968052762603759
1788862766133524500,3.9035244140625,-5.229983889007568,-9.502436751556395,7.47619395904541
1788862766143531500,3.913531494140625,-5.671564457702637,-10.59090068130493,8.635735750579833
1788862766153537500,3.92353759765625,-6.672789664459228,-11.344176378631591,10.78318500213623
1788862766163544300,3.93354443359375,-8.430881871032714,-10.607959368133544,15.116839644622802
1788862766173550600,3.943550537109375,-7.17587128829956,-8.838644341278076,14.606425778198242
1788862766183557600,3.9535576171875,-5.888239707946777,-6.395660822296143,7.269394790649414
1788862766193563400,3.9635634765625,-2.4769512550354,-1.523161168670654,-0.0805050308227539
1788862766203569400,3.9735693359375,-0.09771335525512695,-1.307383744049072,-3.611503566741943
1788862766213576400,3.983576416015625,0.792929662322998,-4.725854801940918,-6.802675104522705
1788862766223582500,3.99358251953125,1.0356418556213378,-7.6571058219909665,-9.369857834625243
1788862766233589500,4.003589599609375,1.6733973228454588,-11.663203749847412,-7.024886946105957
1788862766243595500,4.013595458984375,2.9843723693847655,-17.64032819442749,-3.8572085121154784
1788862766253602600,4.0236025390625,0.9485527702331542,-18.605640376281738,-0.7504325828552245
1788862766263608600,4.033608642578125,-2.1429601234436033,-15.033341861724853,2.7760768249511716
1788862766273614300,4.0436142578125,-4.618265364837646,-12.113762574768066,4.5221980232238765
1788862766283621600,4.05362158203125,-8.476820615386963,-11.150545319366454,6.370820980072021
1788862766293627400,4.06362744140625,-10.159794744873047,-9.628581251525878,6.382791988372802
1788862766303634400,4.073634521484375,-5.245845475006103,-7.235127779388427,5.684732566833496
1788862766313640700,4.083640625,-0.5790975265502929,-5.653009394836426,4.979041627502441
1788862766323646500,4.093646484375,-0.09217676391601562,-5.100098448944092,4.6061447189331055
1788862766333653500,4.103653564453125,-0.23927052841186522,-5.054458979797363,4.649090711212158
1788862766343659500,4.113659423828125,-1.2594997108459471,-5.3883004737854,5.655403596496582
1788862766353666600,4.12366650390625,-3.77326181640625,-6.665906334686279,6.524349161529541
1788862766363672600,4.133672607421875,-5.8536734214782715,-6.131400814056396,6.498611493682861
1788862766373679400,4.143679443359375,-6.1456163864135736,-5.7974096824645995,6.112247200775146
1788862766383685600,4.153685546875,-5.70089342803955,-6.62056614074707,6.322787309265136
1788862766393691600,4.163691650390625,-5.272630606079101,-8.03703569793701,6.966977193450927
1788862766403698400,4.173698486328125,-5.582829358673095,-8.303240995025634,6.953509809112548
1788862766413704400,4.183704345703125,-5.680692351531982,-8.418761225128174,7.964012547302246
1788862766423711500,4.19371142578125,-6.816142488861083,-8.233509871673583,8.826074782562255
1788862766433717500,4.203717529296875,-5.293579870605469,-7.385064658355712,8.07683930053711
1788862766443723500,4.2137236328125,-1.9292776252746582,-7.421276958465576,7.430255214691162
1788862766453730600,4.22373046875,-0.43664252777099605,-7.673565958404541,6.5668462409973145
1788862766463736600,4.233736572265625,-0.5385457359313964,-7.222408583068847,4.832247138214111
1788862766473743400,4.243743408203125,-2.7602152389526364,-7.371746911621093,3.699640115356445
1788862766483749600,4.25374951171875,-4.7560815979003905,-7.026682597351074,3.831919757080078
1788862766493756400,4.26375634765625,-4.9723079353332515,-6.585251666259765,4.072836299133301
1788862766503762400,4.273762451171875,-4.2119992706298826,-6.595875936126709,4.6082396453857415
1788862766513768400,4.2837685546875,-4.774935935974121,-6.417058999633789,5.66288547668457
1788862766523775500,4.293775390625,-6.76092621307373,-5.973682779693603,6.1270613235473625
1788862766533781500,4.303781494140625,-7.772626052093505,-5.4230163978576655,6.1738978935241695
1788862766543788500,4.31378857421875,-5.052214415740966,-4.905419926452637,5.565621034240722
1788862766553794600,4.323794677734375,-1.3769652297973631,-5.163245517730712,4.445284294891358
1788862766563801600,4.333801513671875,-1.9167080665588379,-5.26080923538208,3.2154128295898436
1788862766573807400,4.343807373046875,-3.4127848289489746,-5.812074167633057,3.1980548675537106
1788862766583813400,4.3538134765625,-3.231124777984619,-6.8393363174438475,3.798101658630371
1788862766593820700,4.363820556640625,-2.7569232116699216,-5.8351183586120605,4.179677548217773
1788862766603826400,4.373826416015625,-1.9304747261047361,-3.6355952209472653,6.253654736328125
1788862766613833500,4.38383349609375,-3.0725089179992673,-6.326079336547851,9.095123194122314
1788862766623839700,4.39383984375,-5.922207444000244,-8.975413111114502,8.22961929397583
1788862766633846500,4.403846435546875,-5.623381149291992,-12.217611071777343,6.211307294464111
1788862766643852500,4.4138525390625,-4.988468796539307,-11.080066007995605,7.66787972946167
1788862766653858300,4.4238583984375,-5.354781650543212,-4.915296008300781,6.8309566116333
1788862766663865600,4.433865478515625,-5.271283867645264,-3.5103485466003415,5.734412251281738
1788862766673871600,4.44387158203125,-3.5693057624816893,-5.902455280303955,5.488856943511963
1788862766683878400,4.45387841796875,-2.8986300224304196,-6.692990740966796,4.180575373840332
1788862766693884700,4.463884765625,-2.9878140342712403,-6.687603787231445,3.451241693115234
1788862766703890700,4.473890625,-3.079092972564697,-7.8255977638244625,5.865943704986572
1788862766713897500,4.4838974609375,-4.284573508453369,-7.956530667114257,8.383596388244628
1788862766723903500,4.493903564453125,-5.571905813598632,-6.044611003875732,9.036315615844726
1788862766733910500,4.50391064453125,-4.869057988739013,-4.8701054519653315,8.442254328918457
1788862766743916500,4.51391650390625,-3.6864720062255856,-5.430348640441895,6.5505357421875
1788862766753923300,4.52392333984375,-2.9863176582336424,-6.749703392791748,4.914996733093261
1788862766763929600,4.5339296875,-2.742109088897705,-7.3000704994201655,4.064755868530273
1788862766773936400,4.543936279296875,-2.5828946784973144,-7.344363230133056,4.980089090728759
1788862766783942400,4.5539423828125,-2.361580662536621,-7.309048755645752,5.708674583435058
1788862766793948400,4.563948486328125,-4.554819020843506,-6.391321331787109,5.967547637939453
1788862766803955500,4.57395556640625,-4.287865535736084,-6.360495985412597,5.697152487945556
1788862766813961500,4.58396142578125,-3.762787184143066,-7.6014406333923334,6.215946060180664
1788862766823968500,4.593968505859375,-4.8792333457946775,-7.146691955566406,7.669825018310546
1788862766833974500,4.603974609375,-5.082291574096679,-7.4691609916687005,7.835324208068847
1788862766843980500,4.61398046875,-5.13945313873291,-8.161833459472655,7.115716971588134
1788862766853987300,4.6239873046875,-4.595670086669921,-8.952817832946776,6.790105545806885
1788862766863993300,4.633993408203125,-3.1938650146484373,-8.514080378723143,5.906495495605468
1788862766874000600,4.644000732421875,-3.3541268882751463,-7.668029367065429,6.460154629516601
1788862766884006400,4.65400634765625,-3.3119290840148925,-6.423942329406738,4.977844526672363
1788862766894013400,4.664013427734375,-2.7666496559143066,-5.016002115631103,2.7910405853271483
1788862766904019700,4.674019775390625,-3.590404664611816,-4.209754706573486,2.4705168380737303
1788862766914025500,4.684025390625,-4.394706784820556,-4.03482834777832,3.8552632232666015
1788862766924032500,4.694032470703125,-5.130624520111084,-5.538835903167724,4.658368242645263
1788862766934038500,4.70403857421875,-4.463689720153808,-5.1313727081298826,5.591059426879882
1788862766944045600,4.714045654296875,-1.3955202926635741,-2.0006547622680664,7.091326042175292
1788862766954051600,4.724051513671875,-0.49859249572753905,-0.28490999755859375,7.624933737182617
1788862766964059000,4.734058837890625,-4.08615404586792,-3.649810793304443,5.736806452941894
1788862766974065000,4.74406494140625,-6.478560054779052,-10.41298157043457,4.261828592681884
1788862766984071700,4.75407177734375,-2.970605709838867,-10.461164878845214,7.112574581909179
1788862766994078000,4.764077880859375,0.11088146438598633,-6.228515618896484,8.239196100616455
1788862767004084000,4.774083984375,-0.09995791931152344,-3.4888007316589356,6.214449684143066
1788862767014090800,4.7840908203125,-4.837185179138183,-6.527042638397217,3.595791618347168
1788862767024096800,4.7940966796875,-5.297171173095703,-5.282656325531006,4.042459865570068
1788862767034103800,4.804103759765625,-1.9710265167236327,-1.8953098892211913,5.310040007019043
1788862767044109800,4.81410986328125,-0.7012018112182616,-1.1902175003051758,4.534468306732178
1788862767054116600,4.82411669921875,-3.2254385490417476,-4.159626109313964,2.4211364288330075
1788862767064123000,4.834122802734375,-6.846967835235596,-6.057629475402831,1.9399018951416014
1788862767074129000,4.84412890625,-3.7638346473693844,-5.354482375335693,2.1333833168029783
1788862767084135700,4.8541357421875,-1.5101426971435545,-6.2401873519897455,2.3186346702575684
1788862767094141700,4.8641416015625,-8.295010926818847,-9.40427448348999,5.051166952514648
1788862767104149000,4.87414892578125,-8.917952271270751,-8.846275859069824,7.457489258575439
1788862767114154800,4.88415478515625,-0.1666962905883789,-7.811681466674804,7.618648957824707
1788862767124161800,4.894161865234375,-1.3521253875732422,-8.743774100494385,6.483647733306884
1788862767134167800,4.904167724609375,-4.13059641418457,-7.698256163024902,3.740491181182861
1788862767144173800,4.914173828125,-4.44363828125,-10.912322254180907,2.833836940002441
1788862767154180900,4.924180908203125,-6.552032118225097,-14.232182131195067,7.015908689880371
1788862767164186600,4.9341865234375,-5.510105483245849,-13.11932727203369,8.987833032226561
1788862767174194000,4.94419384765625,-4.2582372901916505,-9.339182125854492,7.221211482238769
1788862767184200000,4.954199951171875,-1.1282675323486326,-8.399607611846923,4.377498460388184
1788862767194206700,4.964206787109375,-5.205144046783447,-7.997082457733153,2.3295582153320313
1788862767204213000,4.974212890625,-7.038653605651855,-6.787561706542968,2.908057191467285
1788862767214218800,4.98421875,-3.114856359863281,-7.773823152923583,4.818480478668213
1788862767224225800,4.994225830078125,-1.193359889984131,-11.162067414855956,6.387430754089355
1788862767234231800,5.004231689453125,-4.9628807662963865,-13.381193078613281,6.977152550506592
1788862767244238800,5.01423876953125,-6.655132427215576,-13.53457162246704,3.116053460693359
1788862767254244900,5.024244873046875,-0.4240729690551758,-9.87009634399414,-1.6575357368469237
1788862767264251600,5.034251708984375,2.818124991607666,-10.371083041381835,-1.3120225097656248
1788862767274258000,5.0442578125,-1.2042834350585936,-11.381136866760253,1.4495394676208495
1788862767284264700,5.0542646484375,-3.9413048454284665,-11.919084052276611,3.7783494949340817
1788862767294270700,5.064270751953125,-3.597138356781006,-11.163264515686034,2.6785131072998047
1788862767304276700,5.07427685546875,-2.5571570106506347,-11.935394551086425,0.04563946914672851
1788862767314283800,5.08428369140625,-3.2430957862854,-11.130793155670165,0.7621043159484863
1788862767324289800,5.094289794921875,-4.364928901672363,-8.590545194244385,2.6636989845275876
1788862767334296600,5.104296630859375,-3.9023990684509275,-8.277952239990235,2.830095999908447
1788862767344302800,5.114302734375,-2.316689381408691,-8.776993648529052,2.501791097259521
1788862767354310000,5.124309814453125,-2.3479636405944824,-9.392004199981688,2.707542802429199
1788862767364315600,5.134315673828125,-2.9659669441223144,-10.320804806518554,3.843890765380859
1788862767374321700,5.14432177734375,-2.605489956665039,-11.672930194091796,4.014477633666992
1788862767384329000,5.154328857421875,-5.8916813728332516,-11.258733306884764,2.776376100158691
1788862767394334700,5.164334716796875,-10.929380941009521,-11.192892761230468,1.403301448059082
1788862767404341800,5.174341796875,-11.796830130004881,-7.495497209930419,1.1345523117065428
1788862767414347800,5.18434765625,-6.59497811050415,-3.876511763000488,2.338686109161377
1788862767424354800,5.194354736328125,1.7585411193847655,-4.8965913078308105,4.422988291931152
1788862767434360800,5.20436083984375,2.046892781829834,-4.3825861389160155,5.684732566833496
1788862767444368000,5.214367919921875,-6.631340048217773,-3.47952320022583,5.709871684265137
1788862767454374000,5.224373779296875,-12.064980715942383,-3.854215760040283,6.367379315185547
1788862767464380000,5.2343798828125,-6.932560544586181,-6.330568464660645,7.395389653015136
1788862767474386700,5.24438671875,-3.3638533325195312,-7.079205396270751,7.969698776245116
1788862767484393000,5.25439306640625,-4.6812627960205075,-6.118980892944336,5.673958659362793
1788862767494399700,5.264399658203125,-6.777984899902344,-5.52881018371582,2.921674213409424
1788862767504405800,5.27440576171875,-4.936993460845947,-7.014561951446533,0.39145197143554683
1788862767514412800,5.284412841796875,-2.7211598243713375,-8.825326594543457,-0.22086510314941404
1788862767524418800,5.294418701171875,-2.9043162513732907,-8.79674581222534,2.024896054077148
1788862767534424800,5.3044248046875,-4.342034348297119,-9.426720124053954,3.257909909057617
1788862767544431600,5.314431640625,-7.199962942504882,-7.440879484558105,3.4844612411499023
1788862767554438000,5.32443798828125,-8.849867161560057,-5.655553234100341,5.467009853363037
1788862767564444700,5.334444580078125,-2.1065981857299803,-10.573692356872558,5.638793822479248
1788862767574450700,5.34445068359375,-5.060893396759033,-6.322637671661377,2.6728268783569336
1788862767584458000,5.3544580078125,-6.459705716705322,-3.6463691284179687,1.648407843017578
1788862767594463700,5.364463623046875,-4.313453565979004,-4.533420843505859,1.9583073204040526
1788862767604470800,5.374470703125,-5.421819297027588,-5.265148725891113,3.8530186592102047
1788862767614476800,5.384476806640625,-6.087407358551025,-7.0102224609374995,5.652560482025146
1788862767624482800,5.39448291015625,-6.288969210815429,-9.524882392120361,5.47119970626831
1788862767634489900,5.40448974609375,-6.03967296295166,-9.897480025482178,5.369446135711669
1788862767644495600,5.41449560546875,-5.954828441619873,-9.298929610443114,4.567238941955567
1788862767654503000,5.4245029296875,-5.709422771453857,-9.312396994781494,3.2032921836853023
1788862767664509000,5.434509033203125,-5.671115544891357,-8.827271883392333,3.175609226989746
1788862767674515700,5.444515625,-5.906944408416748,-6.144568923187255,3.3710359375
1788862767684522000,5.45452197265625,-5.617994195556641,-3.63260246887207,2.722955475616455
1788862767694527700,5.46452783203125,-4.132990615844727,-3.450792780303955,3.5517981628417967
1788862767704534800,5.47453466796875,-3.1317654090881346,-5.181351667785644,4.685153373718261
1788862767714540800,5.484540771484375,-3.8603509017944333,-6.892308029174805,3.4810195762634275
1788862767724547800,5.4945478515625,-5.090970555114746,-8.209118942260742,1.4618097511291503
1788862767734553900,5.504553955078125,-6.0060045021057125,-10.005967288208007,0.3844190040588379
1788862767744560600,5.514560546875,-6.941688438415527,-9.629778352355956,0.4462193344116211
1788862767754567000,5.52456689453125,-5.86669189300537,-8.873509902954101,1.786224076080322
1788862767764573700,5.53457373046875,-4.460098417663574,-9.48088893661499,2.7959786262512205
1788862767774579700,5.544579833984375,-5.578489868164062,-9.16814634475708,2.1486463523864745
1788862767784585700,5.554585693359375,-7.199813304901123,-7.559841379547119,1.1596914291381835
1788862767794592800,5.5645927734375,-7.68015001296997,-7.145045941925049,2.1059996353149413
1788862767804598800,5.574598876953125,-6.82482146987915,-7.625532287597656,3.570652500915527
1788862767814605800,5.584605712890625,-4.960037651824951,-7.056460480499267,4.188655804443359
1788862767824611800,5.59461181640625,-4.553322644805908,-7.266551676177978,4.969015908050537
1788862767834619000,5.604618896484375,-6.540210747528076,-8.641870892333984,3.7901708656311035
1788862767844624600,5.614624755859375,-6.6319385986328125,-8.569745567321776,1.490091258239746
1788862767854632000,5.6246318359375,-5.934777002716064,-7.4114008766174315,1.7120038246154785
1788862767864638000,5.634637939453125,-7.475445771026611,-8.46604670791626,4.42463430557251
1788862767874643700,5.644643798828125,-6.836193927764892,-8.601618376922607,4.51381831741333
1788862767884650800,5.654650634765625,-5.261707061004638,-7.946654585266113,2.946514055633545
1788862767894657000,5.664656982421875,-5.3305403587341305,-7.683142765045165,2.2852654846191407
1788862767904663800,5.674663818359375,-5.181052392578125,-8.196549383544921,2.661604058074951
1788862767914669800,5.684669921875,-5.052513690948486,-8.31281780166626,2.9028198753356933
1788862767924676900,5.6946767578125,-4.960935477447509,-7.827991965484618,3.359513842010498
1788862767934683000,5.704682861328125,-4.920084411621094,-7.249642626953125,3.8322190322875973
1788862767944689700,5.714689697265625,-5.901856729888916,-6.993313411712646,3.351134136199951
1788862767954695700,5.72469580078125,-6.21175620727539,-6.630591860198974,2.6138696624755857
1788862767964702200,5.7347021484375,-5.223399834442138,-5.570409437561035,2.2909517135620114
1788862767974709200,5.744709228515625,-4.403236128234863,-5.351190348052978,1.8987515541076658
1788862767984715300,5.75471533203125,-3.9462428863525387,-5.495590635681152,1.5735890411376952
1788862767994722000,5.76472216796875,-3.8986581283569333,-6.744765351867676,2.790741310119629
1788862768004728000,5.77472802734375,-5.580135881805419,-8.535029643249512,3.544465920257568
1788862768014735000,5.784735107421875,-6.957550024414062,-9.306561128234863,2.500145083618164
1788862768024741000,5.7947412109375,-6.522254235076904,-8.372523205566406,2.033874310302734
1788862768034748200,5.804748046875,-5.654655408477783,-6.367229677581787,3.10931976852417
1788862768044754200,5.814754150390625,-5.2828059631347655,-5.328595069885254,3.4708442192077635
1788862768054760200,5.82476025390625,-5.761795932769775,-3.965246862030029,3.5238159309387207
1788862768064767200,5.834767333984375,-5.183446594238281,-2.8330887519836425,4.235941287231445
1788862768074773000,5.84477294921875,-4.373907157897949,-2.5055320373535155,3.7761049308776853
1788862768084780300,5.8547802734375,-4.289511549377441,-5.1399020515441896,3.144185330200195
1788862768094786000,5.8647861328125,-5.685031842041015,-8.807669357299805,3.1310172210693357
1788862768104793000,5.87479296875,-7.765144171905517,-8.525452836608887,2.708739903259277
1788862768114799400,5.88479931640625,-8.845677308654786,-8.126668622589111,2.1709423553466793
1788862768124806100,5.89480615234375,-6.97805037612915,-10.569053591156004,2.6650457229614255
1788862768134812200,5.904812255859375,-4.154388793182373,-11.105205125427245,2.9372365242004395
1788862768144819200,5.914819091796875,-3.6551977470397947,-9.643395374298095,1.6162357582092284
1788862768154825200,5.9248251953125,-3.8666356811523435,-8.17844323348999,1.445349614715576
1788862768164831200,5.934831298828125,-4.071639198303222,-7.691223195648193,2.2768857788085937
1788862768174838000,5.944838134765625,-5.8631005905151365,-8.450484397125244,2.3027730842590333
1788862768184844300,5.95484423828125,-6.738929485321044,-8.961047901153563,2.531868255615234
1788862768194851000,5.96485107421875,-5.530156922149658,-9.07926160812378,3.7517140014648436
1788862768204857000,5.974857177734375,-5.1225440895080565,-7.299920861816406,3.9655461372375487
1788862768214864100,5.984864013671875,-5.715857188415527,-5.111321269226074,2.593967861175537
1788862768224870100,5.9948701171875,-5.661089825439452,-4.968566995239257,1.910872200012207
1788862768234877200,6.004877197265625,-5.379920767974853,-6.082469317626953,1.785625525665283
1788862768244883200,6.01488330078125,-4.613028048706054,-5.329193620300293,1.0935516082763672
1788862768254889200,6.02488916015625,-2.6485855865478514,-5.322908840942382,0.821061531829834
1788862768264896300,6.034896240234375,-1.7969979835510252,-5.472546444702148,0.850989052581787
1788862768274902000,6.044902099609375,-3.962703022766113,-6.6528878631591795,0.27518355331420896
1788862768284909300,6.054909423828125,-5.623830062103271,-9.498845449066161,0.48662148742675776
1788862768294915000,6.0649150390625,-6.12870733718872,-9.947010072326659,3.10273571395874
1788862768304922000,6.074922119140625,-7.0932713310241695,-7.5345526245117185,5.423465310668945
1788862768314928400,6.084928466796875,-7.241262921142578,-7.969549138641357,5.308393993377686
1788862768324935200,6.09493505859375,-6.655581340026855,-8.590844469451904,3.222146521759033
1788862768334941200,6.104941162109375,-5.9498904006958,-8.3632456741333,1.0995371124267577
1788862768344947200,6.114947265625,-5.000739080047607,-9.16859525756836,1.0069114356994628
1788862768354954200,6.124954345703125,-4.409670545196533,-9.262717310333251,3.0994436866760253
1788862768364960300,6.134960205078125,-5.122095176696777,-8.976759849548339,4.800523966217041
1788862768374967000,6.144967041015625,-6.322338396453857,-10.31676459121704,4.533271205902099
1788862768384973300,6.154973388671875,-6.354510481262206,-12.209381003570556,2.1288941886901855
1788862768394980000,6.16497998046875,-6.363039824676513,-10.14453170928955,0.601992079925537
1788862768404986000,6.174986083984375,-5.899462528228759,-7.911190473175048,2.0536264739990235
1788862768414993400,6.184993408203125,-5.813720181274414,-6.855796453857422,3.1438860549926755
1788862768424999200,6.194999267578125,-7.043890921783447,-6.115389590454101,3.149273008728027
1788862768435006200,6.205006103515625,-7.542184142303467,-6.501155332946777,2.514809568786621
1788862768445012000,6.215011962890625,-6.634931350708007,-7.15686731262207,2.5076269638061524
1788862768455018200,6.225018310546875,-6.06496171798706,-7.527818932342528,3.4712931320190425
1788862768465025300,6.235025390625,-6.785466780090331,-8.40125362548828,4.6179660896301264
1788862768475031000,6.245031005859375,-7.268347327423095,-8.91211640472412,5.426009149932861
1788862768485038300,6.255038330078125,-8.15345375366211,-9.594164602661133,5.384260258483886
1788862768495044400,6.26504443359375,-9.19986951675415,-10.09979006576538,4.727650453186035
1788862768505051100,6.275051025390625,-8.002319773864746,-10.662577093505858,4.681113158416748
1788862768515057200,6.28505712890625,-6.25649785079956,-11.254094541168213,5.08782816543579
1788862768525064200,6.295064208984375,-7.4125979774475095,-11.843367424774168,4.857535893249511
1788862768535070200,6.3050703125,-10.313472563934326,-11.418546267700195,4.148253651428222
1788862768545077000,6.315076904296875,-9.379883554077148,-11.032780525207519,4.4768578292846675
1788862768555083300,6.325083251953125,-7.222408583068847,-10.258106650543212,5.001636905670166
1788862768565089300,6.33508935546875,-7.983315798187255,-9.152584033966065,4.911854343414307
1788862768575096000,6.345095947265625,-9.154529322814941,-8.959102612304687,4.291307200622558
1788862768585102000,6.35510205078125,-8.57498288345337,-7.851485069274902,3.8756139373779295
1788862768595109000,6.365109130859375,-6.78681351852417,-5.419125820159912,4.085405857849121
1788862768605115100,6.375115234375,-6.089951197814941,-3.087323040771484,4.405929605102539
1788862768615122200,6.3851220703125,-7.539341027832031,-1.7316063507080077,4.086303683471679
1788862768625128200,6.395128173828125,-8.036287509918212,-2.645592834472656,3.145532068634033
1788862768635135200,6.40513525390625,-6.676081691741943,-5.013607913970947,1.842487815093994
1788862768645141200,6.415141357421875,-5.590161601257324,-6.309469562530517,1.0794856735229492
1788862768655148300,6.425148193359375,-7.958027043151855,-4.426280319213867,0.14290391159057617
1788862768665154300,6.435154296875,-7.8362220336914055,-2.230049208831787,-0.04967968444824218
1788862768675160000,6.44516015625,-4.910806880187988,-0.41060558471679687,-0.1623568000793457
1788862768685167000,6.4551669921875,-5.20993245010376,0.7366659233093261,-0.8499415893554687
1788862768695173400,6.46517333984375,-6.774094322204589,0.9696516723632812,-2.1351789680480957
1788862768705180200,6.47518017578125,-5.042487971496581,-0.5565022483825683,-2.1856068405151365
1788862768715186200,6.485186279296875,-4.8032174430847165,-2.2946926536560057,-0.9497498710632324
1788862768725193200,6.495193115234375,-5.751919850921631,-2.883366986846924,-0.6287772109985351
1788862768735199200,6.50519921875,-6.621164691162109,-2.7117326553344725,-1.0105027381896972
1788862768745206000,6.5152060546875,-7.315782447814941,-2.099565218353271,-1.380257257080078
1788862768755212000,6.5252119140625,-7.343914317321777,-0.824802471923828,-1.81315884475708
1788862768765219300,6.53521923828125,-7.4040686340332025,-0.43454760131835934,-0.4234744186401367
1788862768775225000,6.54522509765625,-7.591414913940429,-1.2083236503601074,2.2423194923400875
1788862768785231000,6.555231201171875,-8.160785996246338,-2.654720728302002,3.1727661125183104
1788862768795238100,6.565238037109375,-9.191938723754882,-3.4763808105468748,2.137273894500732
1788862768805244200,6.575244140625,-9.05217720184326,-3.0508114654541014,0.98955347366333
1788862768815251200,6.585251220703125,-9.313594095611572,-2.410063246154785,0.47539866714477536
1788862768825257000,6.595257080078125,-9.615413142395019,-1.9183540802001953,0.17821838607788085
1788862768835264300,6.60526416015625,-9.688885205841064,-2.348262915802002,0.6742670425415038
1788862768845270300,6.615270263671875,-9.61406640396118,-3.331381972503662,1.1507131729125977
1788862768855277000,6.625277099609375,-9.527426231384277,-3.4287960525512693,0.6289268486022949
1788862768865283300,6.635283447265625,-9.418639693450928,-2.522889999389648,0.022445640563964843
1788862768875290000,6.6452900390625,-8.47786807861328,-2.0548235748291015,0.5077203895568847
1788862768885296000,6.655296142578125,-8.093299436950684,-1.8876783714294432,1.3395558288574219
1788862768895302400,6.665302490234375,-8.595183959960938,-1.276259122467041,1.1782464920043945
1788862768905309200,6.67530908203125,-9.137470635986327,-0.6643909606933593,0.7888894470214843
1788862768915315200,6.685315185546875,-8.339752570343016,-0.3532943824768066,1.21939683303833
1788862768925322200,6.695322265625,-7.297526660156249,-0.1322796417236328,1.8186954360961913
1788862768935328300,6.705328369140625,-7.257573419952392,0.09292495193481445,1.3678373359680176
1788862768945335000,6.7153349609375,-7.532607335662841,0.24256255569458007,0.5623381149291992
1788862768955341000,6.725341064453125,-7.8824600532531734,0.3404255485534668,0.09576806640624999
1788862768965347600,6.73534765625,-8.053346196746826,0.49155952835083006,0.028730419921875
1788862768975353600,6.745353515625,-7.656058358764648,0.5801449897766113,0.6242880828857421
1788862768985360600,6.755360595703125,-7.3006690498352045,0.5442319648742675,1.5147814628601073
1788862768995366700,6.76536669921875,-7.0926727806091305,0.24226328048706053,2.117671368408203
1788862769005372400,6.775372314453125,-7.742848168945312,-0.4595370811462402,2.4986487075805663
1788862769015379700,6.785379638671875,-8.264484855651855,-1.4254478134155273,2.1377228073120116
1788862769025385700,6.7953857421875,-8.450185121917723,-2.348113278198242,1.6858172439575194
1788862769035392500,6.805392578125,-8.696638255310058,-3.387645711517334,2.110638401031494
1788862769045398800,6.815398681640625,-8.181884898376465,-4.383932877349853,2.715473595428467
1788862769055405600,6.825405517578125,-7.669376105499267,-4.687248300170898,2.239626015472412
1788862769065411600,6.83541162109375,-7.529016033172607,-4.759523262786865,1.459415549468994
1788862769075418600,6.845418701171875,-7.465868964385986,-4.792293898010254,1.4501380180358885
1788862769085424600,6.855424560546875,-7.097012271118164,-4.640112454986572,1.948580876159668
1788862769095431700,6.865431640625,-6.702118634796142,-4.428674520874023,2.3656208778381345
1788862769105437700,6.875437744140625,-6.404190165710449,-4.445433932495117,2.5164555824279784
1788862769115443700,6.885443603515625,-6.864924347686767,-4.793939911651611,2.58558815536499
1788862769125450500,6.895450439453125,-8.122628407287598,-5.175066888427734,2.7035025871276854
1788862769135456500,6.90545654296875,-8.433126435089111,-5.314828410339355,3.0310593017578125
1788862769145463800,6.9154638671875,-7.542034504699706,-5.343858105468749,3.658789049530029
1788862769155469600,6.925469482421875,-6.510732139587402,-5.585373197937011,4.092738100433349
1788862769165476600,6.9354765625,-6.678775168609619,-5.794267292785644,3.7497687126159667
1788862769175482600,6.945482666015625,-7.569418186187744,-5.930138236999511,2.890998504638672
1788862769185489700,6.95548974609375,-8.084620455932617,-6.045359191894531,2.428468671417236
1788862769195495700,6.96549560546875,-7.880215489196777,-6.366481489562988,3.027168724060058
1788862769205502700,6.975502685546875,-7.74449418258667,-6.927921778869629,3.788225576782226
1788862769215508700,6.9855087890625,-7.749432223510742,-7.497891411590576,4.035726173400879
1788862769225515500,6.995515625,-7.445518250274658,-7.69945326385498,3.8193501983642575
1788862769235521500,7.005521484375,-7.034912665557861,-7.73147571105957,3.5046623176574707
1788862769245527800,7.01552783203125,-7.139958263397216,-7.488164967346191,3.0433295852661133
1788862769255534600,7.02553466796875,-7.148637244415283,-7.1769187515258785,3.0078654731750487
1788862769265540600,7.03554052734375,-6.752396869659424,-7.408108849334717,3.6170401580810543
1788862769275547600,7.045547607421875,-6.827066033935546,-8.028207079315186,4.102314907073974
1788862769285553700,7.0555537109375,-7.1589622390747065,-8.68242268295288,4.3549031822204585
1788862769295560700,7.065560791015625,-7.593659477996826,-9.346065455627441,4.333505004882812
1788862769305566500,7.07556640625,-7.924957132720947,-9.616161330413817,3.4789246498107906
1788862769315573800,7.08557373046875,-7.333140409851074,-9.368361458587646,2.5884312698364256
1788862769325579500,7.09557958984375,-6.043862815856933,-8.889371488952635,2.5848399673461913
1788862769335586600,7.105586669921875,-5.485564916229248,-8.226476904296874,2.812139487457275
1788862769345592800,7.1155927734375,-5.551255824279785,-7.595305491638183,2.7706898712158203
1788862769355598600,7.1255986328125,-5.3199160888671875,-7.823053924560546,3.3810616569519043
1788862769365605600,7.135605712890625,-5.607968476104736,-8.515876029968261,4.326771312713623
1788862769375611600,7.145611572265625,-6.177638833618164,-9.51261210861206,4.949114106750488
1788862769385618700,7.15561865234375,-6.954257997131347,-10.200645810699463,4.861725746154785
1788862769395624700,7.165624755859375,-7.391199800109863,-10.459219589996337,4.076876514434814
1788862769405631500,7.175631591796875,-6.632686786651611,-10.960655200195312,3.4331355430603026
1788862769415637800,7.1856376953125,-5.787234325408935,-11.018864228057861,2.6036943054199218
1788862769425644500,7.19564453125,-5.178957466125488,-10.736946982574462,2.0322282966613767
1788862769435650600,7.205650634765625,-4.8713025527954095,-10.378415283966063,1.9158102409362792
1788862769445657900,7.215657958984375,-5.077353533172607,-9.781959795379638,1.6488567558288574
1788862769455663600,7.22566357421875,-5.080196647644042,-9.253589416503905,1.606359676361084
1788862769465670700,7.235670654296875,-4.403535403442382,-8.659079216766356,2.2361843505859373
1788862769475676400,7.245676513671875,-4.016572560119629,-7.92929662322998,2.8549358421325683
1788862769485683700,7.25568359375,-3.7548563911437984,-7.496395035552978,3.284246127319336
1788862769495689700,7.265689697265625,-3.427299676513672,-7.615057655334472,3.8462849670410155
1788862769505695500,7.275695556640625,-4.270208298492431,-7.850587243652344,3.9483378128051756
1788862769515702800,7.285702880859375,-5.315426960754394,-8.06352155380249,3.6795886764526364
1788862769525708800,7.295708740234375,-6.040271513366699,-8.33780728149414,3.3611598556518554
1788862769535715600,7.305715576171875,-6.662763945007324,-8.596829973602295,3.1242835289001465
1788862769545721600,7.3157216796875,-7.256525956726073,-8.658779941558837,2.7054478759765623
1788862769555728600,7.325728759765625,-7.178864040374755,-8.416367023468018,2.347065814971924
1788862769565734700,7.335734619140625,-6.543203499603271,-8.074295461273193,2.3569418968200684
1788862769575741400,7.345741455078125,-6.148309863281249,-7.586027960205078,2.485480598449707
1788862769585747700,7.355747802734375,-5.568314511108398,-7.199514029693603,3.114257809448242
1788862769595754500,7.36575439453125,-4.646546871948242,-7.211933950805664,4.959738376617431
1788862769605760500,7.375760498046875,-5.21576831665039,-7.368754159545898,6.8308069740295405
1788862769615767800,7.385767822265625,-8.1594392578125,-7.158064413452148,7.039850706481933
1788862769625773600,7.395773681640625,-9.765050746154785,-7.0753148185729975,6.256348213195801
1788862769635779600,7.405779541015625,-9.057414517974854,-7.427711375427245,5.9217585311889644
1788862769645786600,7.41578662109375,-7.834875295257568,-7.6014406333923334,6.143671097564697
1788862769655792600,7.425792724609375,-6.8682163749694825,-7.725190931701659,6.2295630821228025
1788862769665799700,7.435799560546875,-7.1023992248535155,-7.480832724761963,5.24180525970459
1788862769675805700,7.4458056640625,-7.728333321380615,-6.883329772949218,3.715052788543701
1788862769685812700,7.455812744140625,-7.343764679718017,-6.027851592254638,2.84101954498291
1788862769695818800,7.46581884765625,-5.533299311828613,-5.275473720550536,2.9507039085388183
1788862769705825500,7.475825439453125,-4.21334600906372,-5.0945618576049805,3.374477602386474
1788862769715831800,7.485831787109375,-5.482123251342773,-5.310040007019043,3.361309493255615
1788862769725838600,7.495838623046875,-7.224054596710205,-5.421520021820068,3.103184626770019
1788862769735844600,7.5058447265625,-7.703194203948974,-5.005677120971679,2.7507880699157714
1788862769745851600,7.5158515625,-6.964283716583251,-4.064905506134033,2.7570728492736816
1788862769755857700,7.525857666015625,-5.772719477844238,-3.565564822387695,3.738695529937744
1788862769765863700,7.53586376953125,-5.9014078170776365,-3.892522986602783,4.632480937194824
1788862769775870500,7.545870361328125,-7.996932820129394,-4.416104962158203,4.881028997039794
1788862769785876700,7.555876708984375,-9.769839149475096,-4.718672196960449,4.723310962677002
1788862769795883800,7.5658837890625,-9.443928448486327,-4.847809449005126,4.636072239685058
1788862769805889500,7.5758896484375,-8.057685687255859,-4.880280809020996,4.985775319671631
1788862769815896800,7.585896728515625,-7.075614093780517,-5.079448459625244,5.698050313568115
1788862769825902600,7.595902587890625,-7.4214265960693355,-5.574599290466308,5.748777461242676
1788862769835909600,7.60590966796875,-8.889820401763915,-5.666776054382324,4.582053064727783
1788862769845915600,7.61591552734375,-10.21531029586792,-4.726303714752197,2.5719711334228514
1788862769855922700,7.625922607421875,-8.926331977081299,-3.5200749908447264,1.6144401069641112
1788862769865928700,7.6359287109375,-6.829460235595703,-3.073855656433105,2.3726538452148436
1788862769875935500,7.645935546875,-6.873752966308594,-3.45408480758667,2.939930001068115
1788862769885941800,7.655941650390625,-8.183830187225341,-4.192995294952392,2.625092482757568
1788862769895947800,7.66594775390625,-10.2410479637146,-4.6082396453857415,2.0573674140930174
1788862769905954600,7.67595458984375,-11.464933924865722,-4.3369466697692864,1.6672621810913084
1788862769915960600,7.685960693359375,-9.198522778320312,-3.9535751289367673,1.6374842979431152
1788862769925967600,7.695967529296875,-6.010643267822266,-4.103661645507812,2.398990063476562
1788862769935973600,7.7059736328125,-6.0054059516906735,-4.383035051727295,2.9213749382019043
1788862769945980700,7.715980712890625,-8.52889450149536,-4.848856912231445,3.1405940277099607
1788862769955986700,7.725986572265625,-9.510068269348144,-5.115511122131347,2.5597008499145506
1788862769965994200,7.735994140625,-8.869320050048827,-5.111021994018555,1.7712603157043456
1788862769976000000,7.746,-7.001693117523193,-4.670339250946045,0.9437643669128417
1788862769986007000,7.756007080078125,-6.055983461761474,-3.7666777618408203,0.1592144104003906
1788862769996012800,7.7660126953125,-6.928221054077148,-3.1296704826354977,0.17088614349365233
1788862770006020000,7.77602001953125,-7.444770062255859,-2.727145328521728,0.8319850769042968
1788862770016026000,7.786026123046875,-7.321169401550293,-2.5987562644958495,0.8051999458312988
1788862770026033000,7.796032958984375,-7.2541317550659175,-2.5665841796874997,0.4969464820861816
1788862770036039200,7.8060390625,-6.073640699005127,-2.9536966606140136,0.6833949363708496
1788862770046045200,7.816045166015625,-5.2174143302917475,-3.425055112457275,1.4016554344177246
1788862770056052000,7.826052001953125,-6.206818166351318,-3.4570775596618653,1.433827519226074
1788862770066058000,7.83605810546875,-8.517970956420898,-1.7099088981628416,-0.7053916641235352
1788862770076065000,7.84606494140625,-7.870339407348633,-0.03366846084594726,-1.7331027267456054
1788862770086071000,7.856071044921875,-7.4208280456542965,0.15083470458984374,-1.285835929107666
1788862770096077800,7.866077880859375,-7.685237691497802,-1.1586439659118652,0.2798223190307617
1788862770106084000,7.876083984375,-8.981548252868652,-2.2960393920898436,1.3166612754821776
1788862770116091100,7.886091064453125,-9.102006523895263,-2.4307132354736325,1.481711552429199
1788862770126097000,7.896096923828125,-9.30237127532959,-1.707065783691406,1.271171443939209
1788862770136104200,7.906104248046875,-8.444199617767334,-0.999130280303955,1.032948378753662
1788862770146110000,7.91610986328125,-6.61428136138916,-1.497722776031494,1.6261118400573729
1788862770156117000,7.926116943359375,-6.525995175170898,-2.4646809715270996,1.4724340209960938
1788862770166123000,7.936123046875,-7.711723547363281,-3.438073583984375,0.6531681404113769
1788862770176129000,7.94612890625,-8.036736422729492,-3.7357027778625485,0.5382464607238769
1788862770186136000,7.956135986328125,-7.437288182067871,-3.2308255027770993,0.7447463539123534
1788862770196142000,7.96614208984375,-6.534823793792724,-2.4980501571655274,0.17761983566284179
1788862770206149000,7.976149169921875,-6.468983248138428,-1.9295769004821777,0.06958148574829101
1788862770216155100,7.986155029296875,-8.5172227684021,-1.4764742362976073,0.01705868682861328
1788862770226162000,7.996161865234375,-9.418490055847167,-1.0580874961853026,-0.09831190567016601
1788862770236168000,8.00616796875,-8.004115425109863,-0.7101800674438477,0.778265177154541
1788862770246175000,8.016175048828124,-6.34568186264038,-0.42003275375366206,2.1939865463256836
1788862770256181000,8.026180908203125,-6.271910523986816,-0.37394437179565426,2.965518031311035
1788862770266188000,8.03618798828125,-7.007678621673583,-0.9778817405700683,2.927061167144775
1788862770276194000,8.046194091796876,-7.396886029052734,-2.25384158782959,2.3738509460449215
1788862770286201000,8.056201171875,-7.91672706451416,-3.831919757080078,1.6300024177551269
1788862770296206800,8.066206787109374,-8.039729174804688,-4.9720086601257325,1.773504879760742
1788862770306214100,8.076214111328126,-7.409605225372314,-5.278915385437012,2.5637410652160644
1788862770316220200,8.08622021484375,-7.3286512817382805,-5.002085818481445,2.6402058807373043
1788862770326226000,8.096225830078126,-7.73776049041748,-4.610633847045898,2.2219687782287596
1788862770336233000,8.10623291015625,-8.282591005706786,-4.374655345916747,2.2468086204528808
1788862770346239000,8.116239013671875,-8.569595929718018,-4.446780670928955,2.866009024810791
1788862770356246000,8.12624609375,-8.250418920898436,-4.498405644226074,3.2522236801147457
1788862770366252000,8.136251953125,-6.278793853759765,-4.931606507110596,3.712359311676025
1788862770376259000,8.146259033203124,-4.736329434204102,-6.026504853820801,4.357297383880615
1788862770386265000,8.15626513671875,-6.4463879699707025,-6.846518922424316,3.9175124664306638
1788862770396271900,8.16627197265625,-8.590545194244385,-6.8216790802001945,2.568828743743896
1788862770406278000,8.17627783203125,-7.175721650695801,-7.186794833374023,2.3397335723876953
1788862770416285000,8.186284912109375,-5.3950341659545895,-7.576900066375732,2.7136779441833494
1788862770426291000,8.196291015625,-5.706729294586181,-7.249642626953125,2.6288334228515624
1788862770436298200,8.20629833984375,-6.024110652160644,-6.689549076080322,2.8758851066589353
1788862770446304000,8.216303955078125,-5.7435401451110835,-6.523152060699463,3.7298669113159177
1788862770456310000,8.22631005859375,-5.6197898468017575,-6.723367174530029,4.267963734436035
1788862770466317000,8.236317138671875,-5.9497407630920405,-7.006481520843505,4.07298593673706
1788862770476323000,8.246322998046875,-6.789506995391846,-7.213729602050781,3.361459130859375
1788862770486330000,8.256330078125,-7.63555800704956,-7.34166975326538,2.525134563446045
1788862770496336000,8.2663359375,-7.426813549804687,-8.379705810546875,2.826953610229492
1788862770506343200,8.27634326171875,-7.542034504699706,-9.829095640563965,4.01597400970459
1788862770516349200,8.28634912109375,-8.404545652770995,-10.484957257843018,5.596745655822754
1788862770526356000,8.29635595703125,-8.904035974121093,-10.782287176513671,7.1778165771484375
1788862770536362000,8.306362060546874,-8.99591346282959,-11.322329288482665,7.845349927520751
1788862770546369000,8.316369140625,-9.201216255187989,-11.710489232635497,7.291840431213378
1788862770556375000,8.326375,-8.79090994567871,-11.534964323425292,6.301538769531249
1788862770566381800,8.3363818359375,-7.849390142822265,-10.59718546066284,4.798129764556885
1788862770576388000,8.34638818359375,-6.760477300262451,-9.60224503326416,2.771438059234619
1788862770586395100,8.35639501953125,-5.5063645431518555,-9.165003955078124,2.084451820373535
1788862770596401000,8.36640087890625,-4.990264447784424,-8.965836304473877,3.181445093536377
1788862770606408200,8.376408203125,-5.440075084686279,-8.549544490814208,3.890577697753906
1788862770616414000,8.3864140625,-5.308693268585205,-8.496572779083252,4.173542406463623
1788862770626420000,8.396419921875,-5.211428826141357,-8.562413324737548,4.368520204162597
1788862770636427000,8.406427001953125,-5.100098448944092,-8.629301333618164,4.286369159698486
1788862770646433000,8.41643310546875,-5.148281757354736,-8.48549959640503,4.007444666290283
1788862770656440000,8.426440185546875,-5.217563967895508,-8.314014902496337,3.515735500335693
1788862770666446000,8.436446044921874,-5.390545037841797,-8.145074047851562,2.500145083618164
1788862770676453000,8.446453125,-5.006574946594238,-7.965060010528564,2.1157260795593262
1788862770686459100,8.456459228515625,-4.949114106750488,-7.788338000488281,2.5731682342529294
1788862770696466000,8.4664658203125,-5.616048906707763,-7.795969518280029,2.972401361083984
1788862770706472000,8.476471923828125,-5.6964042999267575,-8.144774772644043,3.6355952209472653
1788862770716479000,8.48647900390625,-5.666177503967285,-8.454374974822997,3.8979099403381343
1788862770726485000,8.496485107421876,-5.701791253662109,-8.367585164642334,3.474585159301758
1788862770736492000,8.506491943359375,-5.547514884185791,-7.85941586227417,2.8413188201904296
1788862770746498000,8.516498046875,-5.536441701507568,-7.383418644714355,2.2296002960205077
1788862770756505000,8.526505126953126,-6.033537821197509,-6.975955449676513,1.6466121917724608
1788862770766510800,8.5365107421875,-6.67189183883667,-6.70331573562622,1.8523638969421385
1788862770776516900,8.546516845703126,-6.720673697662353,-6.6319385986328125,3.1377509132385253
1788862770786524200,8.556524169921875,-6.455366226196289,-6.748356654357909,4.731989943695068
1788862770796530000,8.566530029296874,-6.795642137145996,-7.006780796051025,5.811176342010498
1788862770806537000,8.576536865234376,-7.040898169708251,-7.325209616851806,6.2575453140258785
1788862770816543000,8.58654296875,-7.179761865997314,-7.4494088279724116,6.271760886383056
1788862770826550000,8.596550048828124,-7.870489044952392,-7.128436167907714,5.6058735496521
1788862770836556000,8.60655615234375,-8.059780613708496,-6.823175456237792,4.904971013641357
1788862770846563000,8.61656298828125,-7.523629079437256,-6.78022946395874,4.71148959197998
1788862770856569000,8.626569091796876,-6.9530608963012694,-6.756885997772216,4.98592495727539
1788862770866576000,8.636575927734375,-6.658424454498291,-6.74805737915039,5.392789601898193
1788862770876582000,8.646581787109374,-7.408108849334717,-6.919093160247803,5.4884080307006835
1788862770886589000,8.6565888671875,-8.27974789123535,-7.373243287658691,5.678597425079345
1788862770896595000,8.666594970703125,-7.593360202789306,-7.78878691329956,5.9670987251281735
1788862770906601000,8.67660107421875,-6.4752680274963375,-7.91014300994873,5.570858350372314
1788862770916608000,8.68660791015625,-6.147412037658691,-7.602787371826172,4.198831161499023
1788862770926614000,8.696614013671875,-6.140379070281982,-7.0567597557067865,2.893542343902588
1788862770936621000,8.70662109375,-6.250961259460449,-6.204723239898681,2.134281142425537
1788862770946626800,8.716626708984375,-5.84170241317749,-5.273977344512939,1.8589479515075682
1788862770956634000,8.726634033203124,-5.970390752410888,-4.575169734954834,1.8344073844909667
1788862770966640000,8.73664013671875,-7.043442008972168,-4.347870214843749,1.9487305137634277
1788862770976647400,8.7466474609375,-6.6790744438171386,-4.6812627960205075,2.740911988067627
1788862770986653400,8.7566533203125,-6.433668773651123,-4.997447052764892,3.8411972885131833
1788862770996660200,8.76666015625,-7.40586428527832,-5.334131661224365,4.069843547058105
1788862771006666500,8.77666650390625,-7.46317548751831,-5.734561888885498,3.6911107719421383
1788862771016673300,8.78667333984375,-6.795492499542236,-5.5373395271301264,3.725826696014404
1788862771026679300,8.79667919921875,-7.147889056396484,-5.116408947753906,4.022408426666259
1788862771036686300,8.806686279296875,-7.804947774505615,-4.90946014175415,4.122515983581542
1788862771046692400,8.8166923828125,-8.543409349060058,-4.399794463348388,3.539378241729736
1788862771056699400,8.826699462890625,-7.7127710105895995,-4.170250379180908,3.193416101837158
1788862771066705200,8.836705078125,-6.857442467498779,-4.095431577301025,2.9804817916870117
1788862771076711400,8.84671142578125,-6.082918230438232,-3.9514802024841305,2.139368820953369
1788862771086718200,8.85671826171875,-7.179911503601073,-3.487753268432617,1.0749965454101562
1788862771096724200,8.86672412109375,-8.652195886993407,-2.447622284698486,0.4652233100891113
1788862771106731500,8.8767314453125,-6.166416013336181,-2.0675427711486813,0.6596025573730468
1788862771116737300,8.8867373046875,-6.112546475982666,-2.085050370788574,1.575683967590332
1788862771126744300,8.896744384765626,-9.006986645507812,-2.6810569465637206,2.1279963630676266
1788862771136750300,8.906750244140625,-10.7390419090271,-4.1383775695800775,2.0076877296447755
1788862771146757400,8.91675732421875,-9.054272128295898,-5.303605590057373,1.6316484313964843
1788862771156763400,8.926763427734375,-7.261613635253906,-5.623231511688232,1.3340192375183104
1788862771166770200,8.936770263671875,-7.750928599548339,-5.379621492767334,0.8053495834350586
1788862771176776400,8.9467763671875,-9.042750032806396,-4.644302307891845,0.6783072578430175
1788862771186783200,8.956783203125,-9.711480484008788,-3.4775779113769527,0.8678981018066406
1788862771196789200,8.966789306640624,-8.522609722137451,-2.6589105812072753,1.7203835304260253
1788862771206796300,8.97679638671875,-7.737012302398681,-2.289904250335693,2.420388240814209
1788862771216802300,8.98680224609375,-7.1124249443054195,-1.9168577041625976,2.086397109222412
1788862771226808300,8.996808349609376,-7.526472193908691,-2.2469582580566403,1.619078872680664
1788862771236815000,9.006815185546875,-9.058461981201171,-2.8119898498535156,1.3811550827026366
1788862771246821400,9.0168212890625,-9.751433724212646,-3.218854494476318,1.6717513092041014
1788862771256828400,9.026828369140626,-8.520814070892333,-3.2650925140380855,1.843834553527832
1788862771266834200,9.036834228515625,-8.051550545501708,-2.478447631072998,0.19602526092529296
1788862771276841500,9.046841552734374,-7.992593329620361,-1.2150573425292968,-0.9111433692932128
1788862771286847200,9.05684716796875,-7.163750642395019,-1.4419079498291014,0.3333925811767578
1788862771296854300,9.066854248046875,-7.2803183357238765,-1.4806640892028808,0.8156745780944824
1788862771306860300,9.0768603515625,-7.34825380783081,-0.7012018112182616,-0.07332242584228515
1788862771316867300,9.086867431640625,-6.018125148010253,-0.0900818374633789,-0.14320318679809568
1788862771326873300,9.096873291015624,-4.994903213500976,0.567575431060791,0.502483073425293
1788862771336880000,9.106880126953126,-4.878784432983398,0.6892308029174804,1.4080898513793945
1788862771346886400,9.116886474609375,-4.898686234283447,0.42377369384765623,1.9017443061828612
1788862771356893200,9.12689306640625,-5.524171417999267,0.21906945190429686,1.178545767211914
1788862771366899200,9.136899169921875,-7.081749235534668,0.28924948806762696,-0.10714052429199218
1788862771376905200,9.1469052734375,-7.901164753723144,0.11297639083862304,-0.2814683326721191
1788862771386912300,9.156912353515626,-6.793846485900879,-0.7237970893859863,1.5209166046142577
1788862771396918300,9.166918212890625,-5.159205302429199,-2.088192760467529,3.5769372802734374
1788862771406925300,9.17692529296875,-5.837961473083496,-3.2517747673034667,3.8269817161560056
1788862771416931300,9.186931396484376,-7.464821501159667,-3.5359365768432616,2.625242120361328
1788862771426938400,9.1969384765625,-8.01144766769409,-3.970334540557861,1.8350059349060057
1788862771436944100,9.206944091796874,-8.679729206085204,-4.453215087890625,1.7323545387268064
1788862771446951400,9.216951416015625,-9.760860893249511,-4.310909726715088,2.122759046936035
1788862771456957400,9.22695751953125,-10.294318950653075,-3.568258299255371,2.2623709312438964
1788862771466964200,9.236964111328126,-9.88910031967163,-2.9779379524230953,2.680009483337402
1788862771476970200,9.24697021484375,-9.347112918853759,-3.2179566688537595,3.8132150566101073
1788862771486977300,9.256977294921874,-8.160337083435058,-4.141519959259033,4.906467389678955
1788862771496983300,9.2669833984375,-7.40571464767456,-5.059995571136474,5.017348854064941
1788862771506990000,9.276989990234375,-7.555501889038085,-5.92475128326416,4.247313745117188
1788862771516996400,9.286996337890624,-7.461080561065673,-7.152827097320556,3.512742748260498
1788862771527002400,9.29700244140625,-7.943063282775879,-8.57408505783081,3.7288194480895993
1788862771537009200,9.307009033203125,-8.999953678131103,-9.416095854187011,4.218583325195312
1788862771547015200,9.31701513671875,-9.46816974029541,-9.74290438079834,4.656273316192626
1788862771557022200,9.327022216796875,-9.337985025024414,-9.527725506591796,5.003133281707763
1788862771567028200,9.3370283203125,-8.179490696716307,-9.0657942237854,4.990713360595703
1788862771577035300,9.34703515625,-6.124667121887207,-8.732551280212402,4.951957221221924
1788862771587041300,9.357041259765625,-4.2706572113037105,-9.128941292572021,5.24823967666626
1788862771597048300,9.36704833984375,-3.928286373901367,-9.392453112792968,4.936544548034668
1788862771607054300,9.377054443359375,-5.100098448944092,-8.348132276153564,3.028066549682617
1788862771617061400,9.387061279296875,-5.2186114311218255,-6.454019487762451,0.914884309387207
1788862771627067400,9.3970673828125,-3.8928222618103026,-5.148132119750977,0.25827450408935543
1788862771637074200,9.40707421875,-3.369090648651123,-5.512948597717285,0.9035118515014647
1788862771647080400,9.41708056640625,-3.7849335494995113,-6.845321821594238,1.8436849159240722
1788862771657087200,9.427087158203125,-5.079298822021484,-7.693767034912109,2.2194249389648437
1788862771667093200,9.43709326171875,-5.728277109527587,-7.97418790435791,2.696170344543457
1788862771677099300,9.447099365234376,-5.021837982177734,-7.962665808868408,3.4687492927551267
1788862771687106300,9.457106201171875,-4.853046765136718,-8.642319805145263,4.18835652923584
1788862771697112300,9.4671123046875,-5.792322003936767,-9.555258825683593,4.2606314918518065
1788862771707119000,9.477119140625,-6.51192924041748,-10.640730003356932,3.3291374084472656
1788862771717125400,9.48712548828125,-6.329072088623047,-11.263222434997559,2.9709049850463867
1788862771727132400,9.49713232421875,-6.573729570770263,-11.810746427154541,3.737498429107666
1788862771737138200,9.50713818359375,-7.015010864257812,-11.518504187011718,4.247463382720947
1788862771747145500,9.5171455078125,-7.249193714141845,-10.771513269042968,4.5319244674682615
1788862771757151500,9.5271513671875,-7.308450205230712,-10.91726029510498,4.3549031822204585
1788862771767158300,9.537158203125,-7.573458401489257,-10.576385833740234,4.251353960418701
1788862771777164300,9.547164306640624,-7.1029977752685545,-8.695291516876221,3.7961563697814937
1788862771787171300,9.55717138671875,-5.125836116790771,-7.115118421173095,3.8072295524597166
1788862771797177300,9.56717724609375,-4.3610383239746096,-6.5874962303161615,4.395903885650634
1788862771807184100,9.57718408203125,-4.757727611541748,-6.675483141326904,4.48852956237793
1788862771817190400,9.5871904296875,-4.646696509552002,-7.022941657257079,4.33500138092041
1788862771827197400,9.597197509765625,-5.036203192138672,-7.16315209197998,4.273799600982666
1788862771837203200,9.607203125,-5.415833792877197,-7.04149672012329,3.9833530120849607
1788862771847209200,9.617209228515625,-5.395483078765869,-7.06094960861206,3.5429695442199707
1788862771857216300,9.62721630859375,-5.712415523529052,-7.209090836334228,3.2947207595825194
1788862771867222300,9.63722216796875,-5.847239004516601,-7.349301271057128,3.080589348602295
1788862771877229300,9.647229248046875,-5.782745197296142,-7.30381143951416,2.96207636642456
1788862771887235300,9.6572353515625,-5.879560726928711,-6.966378643035888,2.6253917579650876
1788862771897242400,9.667242431640625,-5.464765289306641,-7.038503968048095,3.0883705039978024
1788862771907248400,9.677248291015625,-6.018873336029053,-7.061697796630859,3.9188592048645017
1788862771917255400,9.68725537109375,-7.407061386108398,-7.711424272155761,4.324377111053466
1788862771927261400,9.697261474609375,-8.134599415588378,-7.988253839111327,4.043208053588867
1788862771937268200,9.707268310546874,-8.313117076873779,-7.8624086143493646,3.952677303314209
1788862771947274200,9.717274169921875,-8.065766117858887,-7.793126403808594,4.2034699272155756
1788862771957281300,9.72728125,-7.164498830413818,-8.150461001586914,4.604498705291748
1788862771967286300,9.737286376953126,-7.167641220092773,-8.517372406005858,4.611082759857178
1788862771977293600,9.74729345703125,-7.602787371826172,-8.981847528076171,4.164264875030518
1788862771987299300,9.75729931640625,-7.069478952026366,-8.92543415145874,4.426579594421386
1788862771997305300,9.767305419921875,-6.994510512542724,-8.38898334197998,4.854393503570557
1788862772007312600,9.777312744140625,-7.519439226531982,-8.253860585784912,5.070919116210937
1788862772017318400,9.787318359375,-7.426813549804687,-8.233210596466064,5.210231725311279
1788862772027325400,9.797325439453125,-7.541585591888428,-8.080131327819824,5.063287598419189
1788862772037331500,9.80733154296875,-7.625233012390137,-8.05035344467163,4.874893855285644
1788862772047338500,9.81733837890625,-7.573907314300537,-7.718307601928711,4.636820427703857
1788862772057344500,9.827344482421875,-7.62927322769165,-7.474697583007812,3.899406316375732
1788862772067351300,9.837351318359374,-6.412120958709717,-7.538892115020752,3.801393685913086
1788862772077357600,9.847357666015625,-5.782445922088622,-6.878391732025146,3.6545991966247557
1788862772087364400,9.8573642578125,-6.087556996154785,-6.208164904785156,3.3283892204284666
1788862772097370400,9.867370361328126,-4.157381545257568,-6.378602135467529,3.847930980682373
1788862772107377400,9.87737744140625,-3.724031044769287,-6.391919882202148,4.036324723815918
1788862772117383400,9.887383544921875,-6.26263299255371,-5.754912602996826,3.024325609588623
1788862772127390500,9.897390380859376,-7.619846058654785,-5.015852478027344,1.9065327095031737
1788862772137396200,9.907396240234375,-8.124872971343994,-4.429422708892822,1.2939163597106933
1788862772147402500,9.917402587890624,-8.324190259552001,-4.5072342628479,1.406443837738037
1788862772157409500,9.927409423828125,-8.0567878616333,-5.075857157135009,2.402282090759277
1788862772167415300,9.937415283203125,-7.698256163024902,-5.526864894866943,4.24506918106079
1788862772177422600,9.947422607421874,-7.84594847793579,-5.856067623138427,5.466112027740478
1788862772187428400,9.957428466796875,-7.830386167144775,-6.616525925445556,5.134964010620117
1788862772197435400,9.967435302734375,-8.0950950881958,-6.807463507843017,3.70263286743164
1788862772207441400,9.97744140625,-7.0744169929504395,-5.3378726013183595,2.4446295326232907
1788862772217448400,9.987448486328125,-5.221005632781982,-3.545214108276367,1.5732897659301757
1788862772227454500,9.997454345703124,-4.180575373840332,-3.062632836151123,1.3063362808227539
1788862772237461200,10.007461181640625,-5.904699844360351,-3.2137668159484862,1.3986626823425292
1788862772247467500,10.017467529296875,-8.775646910095213,-3.0123546012878415,1.4854524925231933
1788862772257474300,10.027474365234376,-9.770437699890136,-2.7320833694458004,0.8363245674133301
1788862772267480300,10.037480224609375,-7.273584643554687,-2.799121015930176,0.371550170135498
1788862772277487600,10.047487548828125,-4.633678038024902,-2.6678888374328613,0.876577082824707
1788862772287493400,10.057493408203126,-3.5755905418395995,-2.8857611885070797,1.5837643981933593
1788862772297499400,10.06749951171875,-5.875670149230957,-2.8259061470031734,1.253214931488037
1788862772307506400,10.07750634765625,-7.918821990966796,-1.7052701324462889,0.3435679382324219
1788862772317512400,10.087512451171875,-6.3895256805419915,-0.9434650917053222,0.6558616172790527
1788862772327519500,10.09751953125,-5.0014872680664055,-0.6453869850158691,1.7254712089538573
1788862772337525200,10.107525146484376,-7.1395093505859375,-1.8209400001525877,2.034772135925293
1788862772347532500,10.117532470703125,-9.16799670715332,-2.6599580444335937,1.687313619995117
1788862772357538600,10.12753857421875,-9.757119953155517,-3.1904233497619625,1.8637363548278807
1788862772367545300,10.13754541015625,-8.903736698913574,-4.435857125854492,2.99439808883667
1788862772377551400,10.14755126953125,-9.099911597442626,-4.74994645614624,3.008912936401367
1788862772387558400,10.157558349609374,-8.106467546081543,-3.9887399658203124,1.739686781311035
1788862772397564400,10.167564453125,-6.547692627716064,-2.442085693359375,0.7881412590026855
1788862772407571200,10.1775712890625,-6.555024870300293,-1.4012065216064453,0.08020575561523437
1788862772417577500,10.187577392578126,-6.911312004852294,-2.0492869834899903,0.06673837127685546
1788862772427584500,10.19758447265625,-8.547299926757812,-1.446696353149414,-0.01705868682861328
1788862772437590300,10.20759033203125,-8.808118270111084,-0.5936123741149902,-0.5377975479125976
1788862772447596300,10.21759619140625,-7.8547770965576165,-0.8767267204284668,-0.13138181610107422
1788862772457603300,10.227603271484375,-8.570493755340575,-0.8035539321899413,0.4192845657348633
1788862772467609300,10.237609375,-8.281393904876708,-0.8462006492614745,1.1659762084960936
1788862772477616600,10.24761669921875,-6.189609841918945,-1.9479823257446287,2.5541642585754394
1788862772487622400,10.257622314453124,-6.2684688591003415,-2.572420046234131,2.98122997970581
1788862772497629400,10.26762939453125,-7.2708911666870115,-1.9268834236145018,2.058265239715576
1788862772507635500,10.277635498046875,-7.223904959106445,-1.8243816650390623,1.4052467369079589
1788862772517642500,10.287642578125,-6.361094535827636,-2.6027964797973633,1.011250926208496
1788862772527648500,10.2976484375,-5.953930615997314,-3.2522236801147457,0.8131307388305664
1788862772537655300,10.3076552734375,-7.79552060546875,-3.5823242340087886,0.3865139305114746
1788862772547661600,10.31766162109375,-9.762506906890868,-3.810820854949951,0.7206546997070312
1788862772557668400,10.32766845703125,-9.760262342834473,-5.026776023101807,2.3581389976501463
1788862772567674400,10.33767431640625,-7.982118697357177,-6.258592777252197,4.058171813964844
1788862772577681700,10.347681640625,-6.706458125305176,-6.508786850738525,4.2217257148742675
1788862772587687400,10.3576875,-6.258293502044677,-5.843049151611328,3.494187685394287
1788862772597693400,10.367693359375,-5.885396593475342,-4.646995784759521,2.8411691825866696
1788862772607700200,10.3777001953125,-5.323956304168701,-3.5907039398193357,2.168697791290283
1788862772617706500,10.38770654296875,-4.8041152687072755,-2.9319992080688473,1.5586252807617187
1788862772627713500,10.397713623046876,-4.781370352935791,-2.7156232330322263,1.8734627990722654
1788862772637719300,10.40771923828125,-5.319018263244629,-3.2411504974365233,3.039588645172119
1788862772647726600,10.4177265625,-6.467935784912109,-4.055179061889648,3.611653204345703
1788862772657732600,10.427732666015626,-7.845649202728271,-4.712237779998779,3.041533934020996
1788862772667739400,10.437739501953125,-8.856900128936767,-5.9676972755432125,2.6856957122802734
1788862772677745400,10.447745361328124,-8.534281455230712,-7.6951137733459465,2.996193740081787
1788862772687752400,10.45775244140625,-6.87584789276123,-8.790311395263672,3.7008372161865233
1788862772697758500,10.467758544921875,-5.964554885864257,-9.027786272430419,3.9811084480285643
1788862772707765200,10.47776513671875,-6.215048234558105,-8.393921382904052,3.5693057624816893
1788862772717771500,10.487771484375,-5.986102700805664,-7.712621372985839,3.201197257232666
1788862772727778600,10.497778564453125,-5.518485189056396,-7.3843164703369135,2.5800515640258785
1788862772737784300,10.507784423828125,-5.084985050964355,-7.423521522521972,1.7443255470275878
1788862772747790300,10.517790283203125,-5.5187844642639154,-7.85268217010498,1.8938135131835936
1788862772757797400,10.52779736328125,-6.819434516143798,-8.818892177581787,2.8452093978881834
1788862772767803400,10.537803466796875,-8.065167567443847,-10.183437486267088,4.622754492950439
1788862772777810400,10.547810546875,-9.468319377899169,-10.71315460357666,5.50292287826538
1788862772787816400,10.55781640625,-9.78166052017212,-11.551125184631347,5.286397265624999
1788862772797823500,10.567823486328125,-8.697835356140136,-11.41465569000244,4.457853853607178
1788862772807829500,10.57782958984375,-7.400178056335449,-10.06118356399536,2.9384336250305174
1788862772817836500,10.58783642578125,-5.629965203857422,-8.886229099273681,1.6947955001831054
1788862772827842600,10.597842529296875,-3.670311145019531,-8.288875785064697,1.7812860351562498
1788862772837849300,10.607849365234374,-2.926612254333496,-8.65773247833252,3.064877400207519
1788862772847855400,10.61785546875,-3.5494039611816404,-9.262567672729492,4.470722687530517
1788862772857862400,10.6278623046875,-5.134964010620117,-10.940603761291504,5.3481975959777825
1788862772867868400,10.637868408203126,-7.49489865951538,-11.982530396270752,4.744559502410889
1788862772877874400,10.64787451171875,-8.394071020507813,-11.608586024475096,4.693682717132568
1788862772887881500,10.657881591796874,-7.596801867675781,-10.55304236755371,5.431396103668212
1788862772897887500,10.667887451171875,-6.353612655639648,-10.324994659423828,4.910806880187988
1788862772907894300,10.677894287109375,-6.544250962829589,-10.781987901306152,2.5959131500244137
1788862772917900300,10.687900390625,-6.929867067718505,-10.051008206939697,0.323666136932373
1788862772927907600,10.697907470703125,-5.083787950134277,-9.92680899581909,1.2313678413391111
1788862772937913300,10.707913330078124,-3.6240731254577634,-9.42267990875244,2.89219560546875
1788862772947920400,10.71792041015625,-3.7032314178466796,-9.664793551635741,3.9643490364074703
1788862772957926400,10.727926513671875,-5.5820811706542965,-9.881768077087402,4.069394634246826
1788862772967934200,10.737934326171874,-7.383269007110595,-9.277232157897949,2.596960613250732
1788862772977940000,10.74793994140625,-7.244854223632812,-8.353369592285155,1.6690578323364256
1788862772987947300,10.757947265625,-4.746804066467285,-8.060977714538573,2.934094134521484
1788862772997953300,10.767953369140624,-2.6075848831176756,-8.155698317718505,4.649389986419678
1788862773007960000,10.7779599609375,-3.162740393066406,-7.980622321319579,4.7752352111816405
1788862773017966000,10.787966064453125,-4.397699536895752,-7.983615073394775,3.8015433235168454
1788862773027973000,10.79797314453125,-6.002562837219238,-7.38686030960083,2.1848586524963376
1788862773037979100,10.807979248046875,-5.300313562774658,-6.675333503723144,1.7052701324462889
1788862773047985200,10.817985107421874,-3.1286230194091793,-6.580463262939452,1.8791490280151366
1788862773057992200,10.8279921875,-1.5150807380676268,-7.8244006629943845,1.8598457771301269
1788862773067998200,10.837998291015625,-2.7240029388427733,-6.237942787933349,1.4199112220764158
1788862773078005000,10.8480048828125,-4.2390836769104006,-5.740547393035889,1.4800655387878416
1788862773088011000,10.858010986328125,-5.913378825378418,-6.227468155670166,1.5626654960632322
1788862773098018000,10.86801806640625,-6.564601676940917,-6.1741971687316894,1.9449895736694334
1788862773108024000,10.878024169921876,-7.653813794708252,-4.6636055587768555,2.3367408203125
1788862773118031000,10.888031005859375,-9.738415252685547,-5.906495495605468,2.0331261222839356
1788862773128037000,10.898037109375,-10.199598347473144,-8.858995055389403,1.5774796188354492
1788862773138044200,10.908044189453125,-9.192537274169922,-10.640730003356932,2.058265239715576
1788862773148050200,10.91805029296875,-8.792705596923827,-12.330437825012206,3.2760160591125485
1788862773158057200,10.92805712890625,-9.241019857788086,-12.879757468414306,3.9094320358276367
1788862773168063200,10.938063232421875,-9.324218365478515,-12.750470578765869,3.806780639648437
1788862773178069000,10.948069091796874,-9.88954923248291,-12.051214056396484,3.061884648132324
1788862773188076000,10.958075927734376,-9.50617769165039,-11.066598623657226,2.261473105621338
1788862773198082300,10.968082275390625,-7.447463539123535,-10.261847590637206,2.382679564666748
1788862773208089000,10.978089111328124,-4.74994645614624,-9.222165519714355,3.0404864707946775
1788862773218095000,10.98809521484375,-5.0966567840576165,-8.339752570343016,2.788197470855713
1788862773228102100,10.99810205078125,-7.680898200988769,-6.726509564208984,1.597979970550537
1788862773238108200,11.008108154296876,-8.563011875152588,-5.567715960693359,1.5529390518188475
1788862773248115000,11.018114990234375,-8.175450481414794,-4.842272857666015,2.3318027793884277
1788862773258121200,11.028121337890624,-6.7745432350158685,-4.472667976379395,2.9417256523132322
1788862773268128300,11.038128173828126,-6.366331851959228,-4.032434146118164,2.8480525123596188
1788862773278134000,11.048134033203125,-5.927295122528076,-3.610905016326904,2.3048680107116697
1788862773288141300,11.058141357421874,-4.269310472869873,-3.2728736694335936,1.734599102783203
1788862773298147300,11.068147216796875,-2.6177602401733395,-3.1548096000671384,1.8014871116638183
1788862773308154000,11.078154052734375,-3.630208267211914,-2.8344354904174804,1.7802385719299316
1788862773318160100,11.08816015625,-7.154173835754394,-2.086397109222412,1.3431471313476562
1788862773328166100,11.098166259765625,-7.985111449432373,-2.0006547622680664,1.2792518745422363
1788862773338173200,11.108173095703124,-6.950965969848633,-2.480991470336914,1.5503952125549316
1788862773348179200,11.11817919921875,-7.65456198272705,-2.6355671150207516,1.5451578964233397
1788862773358186200,11.128186279296875,-9.511265370178222,-3.0502129150390624,1.1575965026855468
1788862773368192300,11.138192138671876,-9.383624494171142,-3.687070556640625,0.30750527572631836
1788862773378199000,11.148198974609375,-8.462006492614746,-3.993378731536865,-0.23358429946899412
1788862773388205000,11.158205078125,-6.478560054779052,-4.0738837623596185,0.6061819328308106
1788862773398212000,11.168212158203126,-4.4753614532470705,-4.823418519592285,2.0765210273742674
1788862773408218000,11.178218017578125,-5.3113867454528805,-6.386682566070556,2.5375544845581053
1788862773418225200,11.18822509765625,-9.689483756256102,-5.615001443481445,0.9880570976257324
1788862773428231200,11.198231201171875,-10.48286233139038,-3.7288194480895993,-0.04025251541137695
1788862773438238200,11.20823828125,-7.977180656433105,-2.685994987487793,0.5204395858764648
1788862773448244000,11.218243896484376,-7.019799267578125,-2.0299837326049803,0.33414076919555663
1788862773458250000,11.22825,-8.24129102706909,-1.2699743431091308,-0.14335282440185546
1788862773468257300,11.23825732421875,-9.119963036346435,0.22400749282836913,-0.29433716659545894
1788862773478263000,11.248262939453125,-7.3359835243225096,-0.7383119369506835,1.6207248863220214
1788862773488270000,11.25827001953125,-7.258471245574951,-1.6316484313964843,2.1727380065917967
1788862773498276400,11.2682763671875,-8.709956002044677,-0.9452607429504394,0.8019079185485839
1788862773508283100,11.278283203125,-7.8727336090087885,-0.5159504577636719,0.7357680976867675
1788862773518289200,11.2882890625,-7.736264114379883,-1.2765583976745605,0.8577227447509765
1788862773528296200,11.298296142578126,-8.908824377441405,-2.8685528640747067,1.1391910774230956
1788862773538302200,11.30830224609375,-9.975441217041014,-3.668515493774414,1.9228432083129883
1788862773548309000,11.31830908203125,-9.102754711914063,-2.7268460533142087,1.1148001480102538
1788862773558315000,11.32831494140625,-6.0239610145568845,-2.959083614349365,1.1673229469299315
1788862773568322300,11.338322265625,-5.444863488006591,-2.8061539833068845,1.3256395317077636
1788862773578328000,11.348328125,-6.301987682342529,-1.6135422813415525,0.2929904281616211
1788862773588334000,11.358333984375,-6.120926181793212,-0.6699275520324707,-0.8255506599426269
1788862773598341000,11.368341064453125,-4.9263691909790035,-0.7445967163085937,-0.46731823654174803
1788862773608347100,11.37834716796875,-4.3540053565979004,-2.072929724884033,1.247528702545166
1788862773618354200,11.388354248046875,-7.6014406333923334,-2.0932804389953614,1.0166378799438476
1788862773628360000,11.39835986328125,-8.238447912597655,-1.9981109230041503,0.10369885940551757
1788862773638367200,11.4083671875,-7.8639049903869624,-1.4707880073547361,-0.682497110748291
1788862773648373200,11.418373291015625,-8.35785872039795,-0.29074586410522457,-1.2955623733520507
1788862773658380000,11.428380126953124,-7.434594705200195,-0.4595370811462402,0.831236888885498
1788862773668386300,11.43838623046875,-7.235277416992187,-2.364723052215576,3.9372646301269527
1788862773678393000,11.44839306640625,-7.490409531402587,-4.285022421264649,4.338742321014404
1788862773688399000,11.458399169921876,-7.076212644195556,-5.34984360961914,3.2570120834350584
1788862773698405000,11.468405029296875,-7.69960290145874,-5.365106645202636,1.7916110298156738
1788862773708412200,11.478412109375,-7.519139951324463,-5.730970586395263,1.3168109130859373
1788862773718418200,11.488418212890625,-7.70573804321289,-6.340893459320068,1.3934253662109375
1788862773728425000,11.498425048828125,-8.177246132659912,-7.02279201965332,1.3314753982543945
1788862773738431200,11.50843115234375,-7.670124293518066,-7.614908017730713,1.5286977600097655
1788862773748438000,11.51843798828125,-7.368454884338378,-7.480683087158202,1.5685013626098632
1788862773758444000,11.528444091796874,-7.055413017272949,-6.95261198348999,1.44280577545166
1788862773768451300,11.538451416015626,-5.872378121948242,-6.344933674621582,1.867477294921875
1788862773778457000,11.54845703125,-4.659864618682861,-5.934328089904785,2.8745383682250973
1788862773788464000,11.558464111328124,-5.864148053741455,-5.472546444702148,3.2294787643432614
1788862773798470100,11.56847021484375,-8.081178791046142,-5.098602072906494,2.8076503593444824
1788862773808477200,11.578477294921875,-7.7784619186401365,-6.189909117126464,3.1952117530822752
1788862773818483200,11.588483154296876,-6.3341597671508785,-8.121880219268798,4.0626609420776365
1788862773828490200,11.598490234375,-6.04595774230957,-9.861267725372313,4.549132791900634
1788862773838496300,11.608496337890625,-7.541585591888428,-10.902146897125244,4.19479094619751
1788862773848502300,11.618502197265625,-8.320000406646727,-10.86009873046875,3.1489737335205077
1788862773858509000,11.628509033203125,-7.5159975616455075,-10.695497366333008,2.493710666656494
1788862773868515300,11.638515380859374,-6.066607731628418,-10.370185215759276,2.715323957824707
1788862773878522000,11.648522216796875,-5.63086302947998,-8.79749400024414,3.094505645751953
1788862773888528100,11.658528076171875,-5.7966614944458,-7.0196496299743645,2.9562404998779295
1788862773898535200,11.66853515625,-5.979219371032714,-6.1261634979248045,2.6542718154907226
1788862773908541200,11.678541259765625,-6.38398908920288,-6.259191327667236,2.8467057739257813
1788862773918548200,11.68854833984375,-7.2532339294433585,-7.213879239654541,3.997867859649658
1788862773928554000,11.698553955078125,-7.543081967926025,-9.036614891052245,5.657648160552978
1788862773938561300,11.708561279296875,-7.27807377166748,-10.927286014556884,5.833621982574463
1788862773948567000,11.718567138671874,-6.944381915283203,-12.090868021392822,5.0674774513244625
1788862773958573000,11.728572998046875,-6.728454853057861,-12.37862113342285,4.13673155593872
1788862773968580400,11.738580322265625,-6.143072547149658,-11.626991449737549,2.6497826873779293
1788862773978586000,11.748586181640626,-4.675576567077637,-10.931775142669677,2.2854151222229
1788862773988593400,11.758593505859375,-4.4650364585876465,-10.695946279144286,3.7044285186767576
1788862773998599200,11.76859912109375,-6.023512101745605,-11.221024630737304,4.932205057525635
1788862774008606200,11.778606201171876,-7.591265276336669,-11.710489232635497,4.276044165039062
1788862774018612500,11.788612548828125,-8.175749756622315,-11.489324854278564,2.095525003051758
1788862774028619300,11.798619384765624,-6.64600453338623,-10.748169802856445,1.6367361099243163
1788862774038625300,11.808625244140625,-5.576694216918945,-9.306710765838622,2.3792378997802732
1788862774048632300,11.81863232421875,-5.191676662445068,-7.842806088256835,2.8815713356018064
1788862774058638300,11.828638427734376,-4.957044899749755,-6.8876692634582515,2.8604724334716796
1788862774068645000,11.83864501953125,-4.499752382659912,-6.669647274780273,2.837278604888916
1788862774078651100,11.848651123046874,-4.798728314971924,-6.736684921264648,2.749890244293213
1788862774088657400,11.858657470703125,-6.19290186920166,-6.41646044921875,2.1555296821594236
1788862774098664200,11.868664306640625,-5.531204385375976,-6.93929423675537,2.525733113861084
1788862774108670200,11.878670166015626,-4.48209514541626,-7.969399501037597,3.6737528099060057
1788862774118677500,11.888677490234375,-5.1690813842773435,-8.462305767822265,4.261529317474365
1788862774128683300,11.898683349609374,-6.366331851959228,-8.555679632568358,3.9873932273864745
1788862774138690300,11.908690185546876,-7.135169860076904,-8.270619997406005,3.0781951469421385
1788862774148696300,11.9186962890625,-6.70346537322998,-8.153603391265868,2.064699656677246
1788862774158703400,11.928703369140624,-5.743091232299804,-7.906551707458496,1.683572679901123
1788862774168709400,11.93870947265625,-5.332186372375488,-7.470657367706298,1.789516103363037
1788862774178716400,11.94871630859375,-4.870255089569092,-7.288099491119384,2.083853269958496
1788862774188722400,11.958722412109376,-5.189731373596191,-6.996904714202881,2.1525369300842283
1788862774198729200,11.968729248046875,-7.016956153106689,-6.028599780273437,1.673995873260498
1788862774208735200,11.9787353515625,-7.161057165527343,-5.506813455963134,2.0184616371154784
1788862774218741500,11.988741455078125,-6.659471917724609,-5.46536383972168,3.0336031410217283
1788862774228748300,11.998748291015625,-7.245153498840332,-5.865644429779052,4.146009087371826
1788862774238754300,12.00875439453125,-8.961646451568603,-6.469881073760986,4.946270992279053
1788862774248761300,12.01876123046875,-10.334122553253174,-6.99735362701416,5.293729508209228
1788862774258767400,12.028767333984375,-10.084826305389404,-7.7395561416625975,5.36959577331543
1788862774268774100,12.038774169921876,-8.850615349578858,-8.283339193725585,5.288791467285156
1788862774278780200,12.0487802734375,-8.291120349121094,-8.693645503234864,4.329764064788818
1788862774288787500,12.058787353515624,-8.86872149963379,-8.485649234008788,3.444208725738525
1788862774298793200,12.068793212890625,-8.827421520996094,-7.877372374725342,3.0193875686645506
1788862774308800300,12.07880029296875,-8.038980986785889,-7.434295429992676,2.9363386985778805
1788862774318806500,12.088806640625,-7.41873311920166,-6.987627182769775,3.336320013427734
1788862774328812300,12.098812255859375,-6.687454149627685,-6.791751559448242,3.859303438568115
1788862774338819300,12.1088193359375,-6.181679048919677,-6.689848351287841,4.079420353698731
1788862774348825300,12.118825439453126,-6.417956825256347,-6.3341597671508785,3.7298669113159177
1788862774358832400,12.128832275390625,-6.931662718963623,-5.804143374633789,2.7151743202209473
1788862774368838400,12.13883837890625,-7.2815154365539545,-5.052064778137207,1.3691840744018553
1788862774378845200,12.14884521484375,-6.304082608795166,-4.141819234466553,1.1002853004455566
1788862774388851500,12.1588515625,-5.3287447074890135,-3.5844191604614255,1.5366285530090331
1788862774398858200,12.168858154296874,-6.070947222137451,-3.452588431549072,1.7411831573486327
1788862774408864300,12.1788642578125,-8.42669201812744,-3.265691064453125,1.656039360809326
1788862774418871300,12.188871337890625,-8.840888905334472,-3.061286097717285,1.3147159866333007
1788862774428877300,12.198877197265626,-7.365911045074462,-3.149123371124267,1.1534066497802733
1788862774438884400,12.20888427734375,-5.702090528869628,-3.46007031173706,1.4981716888427734
1788862774448890000,12.21889013671875,-4.75009609375,-4.267963734436035,1.8531120849609375
1788862774458896400,12.228896484375,-6.237194599914551,-5.267243652343749,1.8733131614685057
1788862774468903400,12.2389033203125,-8.642020529937744,-5.933430264282226,1.2491747161865234
1788862774478909200,12.2489091796875,-9.224410083770751,-6.520159308624267,0.5838859298706054
1788862774488916500,12.25891650390625,-9.51889688796997,-6.367977865600586,-0.21832126388549802
1788862774498922200,12.268922119140624,-8.41412245941162,-6.141426533508301,-0.3589806114196777
1788862774508929300,12.27892919921875,-6.937049672698974,-6.553378856658935,0.5255272644042969
1788862774518935300,12.288935302734375,-7.414393628692626,-5.990142916107177,0.5837362922668456
1788862774528942300,12.2989423828125,-7.893533235931396,-4.246116644287109,-0.2587234169006348
1788862774538948400,12.3089482421875,-7.051372801971435,-2.2577321655273437,-0.23956980361938476
1788862774548955100,12.318955078125,-6.257694951629638,-0.5303156677246094,0.3633201019287109
1788862774558961400,12.32896142578125,-6.222979027557373,0.08559270935058594,0.7043442008972167
1788862774568967400,12.338967529296875,-7.334038235473632,-0.4402338302612304,0.665887336730957
1788862774578974200,12.34897412109375,-7.357680976867675,-0.9693523971557617,0.697161595916748
1788862774588980200,12.358980224609375,-6.378602135467529,-1.1662754837036131,0.9255085792541503
1788862774598987300,12.3689873046875,-5.832873794555664,-0.843956085205078,0.6567594429016113
1788862774608993300,12.3789931640625,-6.4263365310668945,0.11956044540405272,0.14215572357177733
1788862774619000300,12.389000244140625,-6.871358764648437,0.9751882637023925,-0.05970540390014648
1788862774629006300,12.39900634765625,-6.581361088562011,0.941070890045166,-0.13572130661010742
1788862774639013400,12.409013427734376,-6.855946091461181,-0.06943184814453125,-0.04997895965576172
1788862774649019100,12.41901904296875,-8.2743609375,-0.6419453201293945,0.5406406623840332
1788862774659026400,12.4290263671875,-8.047061417388916,-1.6338929954528807,2.1815666252136228
1788862774669032400,12.439032470703125,-7.828889791107177,-3.0898668800354003,3.0041245330810544
1788862774679038200,12.4490380859375,-7.886350630950927,-3.6209307357788085,2.08115979309082
1788862774689045200,12.459045166015626,-7.385812846374511,-3.521122454071045,0.9769839149475097
1788862774699051300,12.46905126953125,-7.293636082458495,-3.246537451171875,0.6462848106384277
1788862774709058300,12.479058349609375,-8.001122673034667,-3.268234903717041,0.4291606475830078
1788862774719064300,12.489064208984376,-9.754875389099121,-3.7970541954040526,-0.23687632675170897
1788862774729071400,12.4990712890625,-11.768698260498047,-4.037671462249755,-0.6163572898864745
1788862774739077400,12.509077392578124,-11.744456968688963,-3.8531682968139647,-0.08783727340698241
1788862774749084200,12.519084228515625,-10.140491493988037,-3.6023756729125975,0.9259574920654297
1788862774759090400,12.52909033203125,-8.634089736938476,-3.780743696594238,2.2822727325439454
1788862774769097200,12.53909716796875,-9.694272159576416,-3.9604584587097165,2.9314006576538083
1788862774779103200,12.549103271484375,-10.220846887207031,-4.214543109893799,3.3002573509216306
1788862774789109200,12.559109130859374,-8.620173439788818,-4.882375735473633,3.9821559112548828
1788862774799116300,12.5691162109375,-7.20160895614624,-5.610063402557373,4.776731587219238
1788862774809122300,12.579122314453125,-7.488164967346191,-5.9400143188476555,5.0097173362731935
1788862774819129300,12.58912939453125,-7.621342434692382,-5.821202061462402,4.318541244506836
1788862774829135400,12.59913525390625,-6.885574337005615,-5.172223773956299,2.879925321960449
1788862774839142400,12.609142333984375,-5.765686510467529,-4.554519745635986,1.6967407890319823
1788862774849148200,12.619148193359376,-4.867860887908935,-4.055029424285888,1.1572972274780273
1788862774859155500,12.629155517578125,-4.951657946014404,-3.565714459991455,1.1088146438598632
1788862774869161500,12.639161376953124,-4.464138632965088,-3.328089945220947,1.8206407249450682
1788862774879168300,12.649168212890626,-4.287566260528564,-3.2980127868652342,2.596511700439453
1788862774889174300,12.65917431640625,-5.294776971435547,-3.3047464790344234,2.5713725830078125
1788862774899180300,12.66918017578125,-4.69921930847168,-3.7406408187866207,2.733879020690918
1788862774909187300,12.679187255859375,-2.3994389762878416,-5.021389069366455,3.6236242126464844
1788862774919193300,12.689193359375,-1.8429367279052733,-6.81898560333252,4.122366345977783
1788862774929200400,12.699200439453126,-4.288314448547363,-7.994837893676757,3.425952938079834
1788862774939206400,12.709206298828125,-6.855347541046142,-8.235455160522461,1.8408418014526367
1788862774949213200,12.719213134765624,-6.902932299041748,-8.931868568420409,0.6578069061279297
1788862774959219200,12.72921923828125,-5.833023432159424,-10.789918694305419,0.8843582382202148
1788862774969225500,12.7392255859375,-7.139958263397216,-12.673856125640869,1.9589058708190916
1788862774979231500,12.7492314453125,-9.680355862426758,-14.436138185119628,3.801094410705566
1788862774989238500,12.759238525390625,-12.192920867156982,-16.435446208953856,5.108927067565918
1788862774999244500,12.76924462890625,-13.397353939819336,-18.184111246490477,5.9302878746032714
1788862775009250300,12.779250244140625,-13.388375683593749,-18.673276573181152,7.18275461807251
1788862775019257600,12.789257568359375,-11.41510460281372,-16.760907997131348,8.032995482635497
1788862775029263600,12.799263671875,-7.836072396087646,-12.738200295257567,6.424540879821777
1788862775039270400,12.8092705078125,-7.081898873138427,-9.771784438323975,4.337545220184326
1788862775049276700,12.819276611328124,-6.581361088562011,-8.883236347198485,3.4783260993957517
1788862775059283500,12.829283447265626,-4.2965445167541505,-8.281543542480469,3.539378241729736
1788862775069289500,12.83928955078125,-2.549675130462646,-7.74404526977539,4.09872360458374
1788862775079296500,12.849296630859374,-2.865410474395752,-7.249193714141845,4.629488185119628
1788862775089302500,12.859302490234375,-4.016273284912109,-7.033565927124023,4.088847522735596
1788862775099309600,12.8693095703125,-4.504690423583984,-7.171681435394286,2.7756279121398926
1788862775109315300,12.8793154296875,-4.25195251083374,-6.8225769058227534,1.8136077575683593
1788862775119321600,12.889321533203125,-3.3646015205383297,-6.0351838348388664,1.7660229995727539
1788862775129328400,12.899328369140624,-2.0892402236938477,-5.326799418640136,2.4302643226623535
1788862775139334400,12.90933447265625,-2.147598889160156,-4.716277995300293,2.8088474601745603
1788862775149341700,12.919341796875,-3.2133179031372068,-4.371961869049072,2.456750178527832
1788862775159347500,12.929347412109376,-3.8603509017944333,-4.623951593780517,1.6932991241455078
1788862775169354500,12.9393544921875,-3.833715408325195,-4.693233804321289,0.6718728408813476
1788862775179360500,12.949360595703125,-2.8809727851867675,-4.504091873168945,0.3708019821166992
1788862775189367600,12.959367431640626,-2.431012510681152,-5.17162522354126,0.971746598815918
1788862775199373600,12.96937353515625,-3.8826469047546386,-5.719149215698242,0.9753379013061523
1788862775209379300,12.97937939453125,-5.974580605316162,-5.776610055541992,0.33952772293090816
1788862775219386600,12.98938671875,-6.689549076080322,-6.590040069580078,0.898274535369873
1788862775229392600,12.999392578125,-7.088782202911377,-8.319252218627929,3.028515462493896
1788862775239399400,13.0093994140625,-8.54894594039917,-9.290998817443848,5.175066888427734
1788862775249405700,13.01940576171875,-10.806528468322753,-10.051157844543457,6.4086792938232415
1788862775259412500,13.02941259765625,-12.728773126220702,-11.0707884765625,7.09940647277832
1788862775269418500,13.03941845703125,-13.580510366821288,-11.802665996551513,7.1303814567565915
1788862775279425500,13.049425537109375,-13.296049282073973,-12.427851905059814,7.050923889160156
1788862775289431600,13.059431640625,-11.90666413116455,-12.777106072235107,7.579743180847167
1788862775299438600,13.0694384765625,-10.673201363372803,-12.285247268676757,7.259219433593749
1788862775309444400,13.0794443359375,-8.971971446228027,-11.346420942687988,5.959317569732666
1788862775319450600,13.08945068359375,-6.498162580871582,-10.263493604278564,5.224896210479736
1788862775329457400,13.09945751953125,-5.514444973754882,-9.115773183441162,4.595071536254882
1788862775339463400,13.10946337890625,-6.998850003051757,-7.435642168426513,2.921524575805664
1788862775349470700,13.119470703125,-7.223605683898925,-6.194098970031738,1.81944362411499
1788862775359476500,13.1294765625,-6.05897621383667,-5.517437725830078,2.058564514923096
1788862775369483500,13.1394833984375,-5.668422068023681,-4.945073891448974,2.6527754394531247
1788862775379489500,13.149489501953125,-5.996577333068847,-4.642207381439209,2.873790180206299
1788862775389496600,13.15949658203125,-6.174047531127929,-4.434660025024414,2.9085061042785645
1788862775399502600,13.169502685546876,-6.454019487762451,-3.8329672203063962,2.984671644592285
1788862775409509400,13.17950927734375,-5.795165118408203,-3.4849101539611813,2.808697822570801
1788862775419515600,13.189515625,-3.567061198425293,-3.790470140838623,2.480542557525635
1788862775429521700,13.199521728515625,-2.2506991981506346,-3.827879541778564,1.9915268684387206
1788862775439528400,13.209528564453125,-2.5116671791076657,-3.521721004486084,1.4085387641906737
1788862775449534500,13.219534423828126,-4.132990615844727,-2.954744123840332,0.6584054565429687
1788862775459541500,13.22954150390625,-5.550058723449706,-2.429216859436035,0.08394669570922851
1788862775469547500,13.239547607421875,-5.69445901107788,-2.4405893173217774,0.5093664031982421
1788862775479554300,13.24955419921875,-6.4861915725708,-2.9378350746154784,1.5352818145751952
1788862775489560600,13.259560546875,-8.60655641784668,-4.2137949218749995,2.3259669128417966
1788862775499567600,13.269567626953124,-10.072556021881104,-5.33083963394165,2.4150012870788573
1788862775509573400,13.279573486328125,-9.090783703613281,-5.962609597015381,2.697367445373535
1788862775519580700,13.28958056640625,-7.787140899658203,-6.11015227432251,3.2501287536621093
1788862775529586400,13.29958642578125,-8.166472225189208,-5.891232460021972,3.127725193786621
1788862775539592400,13.309592529296875,-10.38724390258789,-4.567687854766845,1.9240403091430662
1788862775549599500,13.319599609375,-11.725153717803954,-2.6765678184509274,0.9699509475708007
1788862775559605500,13.32960546875,-11.029638135528565,-1.785625525665283,1.2479776153564452
1788862775569612500,13.339612548828125,-9.483732051086426,-1.6364368347167968,1.7559972801208494
1788862775579618600,13.34961865234375,-9.016114539337158,-2.7041011375427244,2.880523872375488
1788862775589625600,13.35962548828125,-9.255385067749023,-3.791816879272461,3.6592379623413085
1788862775599631600,13.369631591796875,-9.459490759277344,-3.7383962547302243,3.231872966003418
1788862775609638400,13.379638427734376,-8.671050225067138,-3.2713772933959957,2.8217162940979
1788862775619644400,13.38964453125,-7.171232522583008,-3.1702222732543945,2.8057050704956055
1788862775629650700,13.399650634765624,-5.985354512786865,-3.6572926734924316,2.7449522033691403
1788862775639657500,13.409657470703126,-6.008548341369629,-4.199429711914062,2.2514473861694335
1788862775649663500,13.41966357421875,-7.253982117462158,-3.4659061782836913,0.8631096984863281
1788862775659670500,13.42967041015625,-6.251559809875488,-2.461089669036865,-0.4469675224304199
1788862775669676500,13.439676513671875,-4.471321237945556,-2.7014076606750486,-0.6470329986572265
1788862775679683300,13.449683349609375,-4.744110589599609,-3.028066549682617,-0.744447078704834
1788862775689689300,13.459689453125,-4.978891989898681,-2.814084776306152,-0.9413701652526855
1788862775699696600,13.469696533203125,-5.387253010559082,-2.0042460647583007,-1.7477672119140624
1788862775709702400,13.479702392578124,-5.385756634521484,-1.5173253021240234,-2.676418180847168
1788862775719708400,13.48970849609375,-5.2439001861572265,-2.170044529724121,-2.4453777206420897
1788862775729715700,13.4997158203125,-7.630919241333007,-1.4716858329772948,-2.0452467681884765
1788862775739721500,13.509721435546876,-8.138489993286132,-0.3591302490234375,-1.0410288093566893
1788862775749728500,13.519728515625,-6.808660608673096,0.11671733093261719,0.11956044540405272
1788862775759734500,13.529734619140624,-6.237044962310791,0.14859014053344727,-0.4011784156799316
1788862775769741600,13.539741455078126,-7.173028173828125,-0.33578678283691404,-0.3321954803466797
1788862775779747600,13.54974755859375,-9.150638745117186,-0.11252747802734374,0.7272387542724609
1788862775789754600,13.559754638671874,-9.651625442504882,-0.2765302917480469,1.6475100173950195
1788862775799760600,13.5697607421875,-9.048885174560546,-0.4492120864868164,1.8139070327758788
1788862775809766700,13.5797666015625,-7.231087564086914,-1.3524246627807617,2.4993968955993653
1788862775819773400,13.5897734375,-5.821501336669922,-3.3452982696533202,4.288763361358642
1788862775829779700,13.59977978515625,-7.669825018310546,-3.465457265472412,4.361786511993408
1788862775839786500,13.609786376953124,-8.345588436889647,-3.571999239349365,4.096778315734863
1788862775849792500,13.61979248046875,-7.745541645812988,-5.1158103973388664,4.257938014984131
1788862775859799600,13.629799560546875,-7.516147199249267,-6.751798319244385,4.03482834777832
1788862775869805600,13.6398056640625,-7.551760948944091,-7.420079857635498,3.2983120620727537
1788862775879812400,13.649812255859375,-6.802375829315185,-6.6343328002929685,1.8115128311157225
1788862775889818400,13.659818359375,-6.833650088500976,-5.953780978393555,-0.3844190040588379
1788862775899825700,13.66982568359375,-8.281393904876708,-5.276820458984375,-1.8619407035827635
1788862775909831400,13.67983154296875,-8.958952974700928,-4.421940828704834,-1.7257704841613768
1788862775919837400,13.68983740234375,-6.887369988250732,-4.808754034423828,-0.052073886108398436
1788862775929844700,13.6998447265625,-4.405331054687499,-7.014113038635253,1.8939631507873533
1788862775939850500,13.7098505859375,-5.536441701507568,-6.713341455078124,2.2273557319641113
1788862775949857500,13.719857421875,-7.54008921585083,-6.219687000274658,1.2171522689819336
1788862775959863600,13.729863525390625,-7.417685655975341,-6.913855844116211,0.7872434333801269
1788862775969871000,13.73987109375,-7.275529932403564,-7.952939364624023,1.4939818359375
1788862775979877000,13.749877197265626,-7.853131082916259,-8.876353017425537,2.773233710479736
1788862775989884000,13.7598837890625,-8.900743946838379,-9.120561586761474,3.4536358947753905
1788862775999890200,13.76989013671875,-9.089137689971924,-9.460089309692382,3.040187195587158
1788862776009896000,13.77989599609375,-8.495674953460693,-10.564564463043212,2.614767488098144
1788862776019903000,13.789903076171875,-7.227945174407958,-11.67712004699707,3.491643846130371
1788862776029909000,13.799908935546876,-7.529913858795165,-11.88766015548706,3.891774798583984
1788862776039916000,13.809916015625,-9.013720337677002,-11.541548377990722,1.6795324645996093
1788862776049922000,13.819922119140625,-9.134328246307373,-11.23060143737793,-0.694617756652832
1788862776059928800,13.8299287109375,-8.697685718536377,-10.748469078063964,-1.1463736824035644
1788862776069935000,13.83993505859375,-7.548917834472656,-10.919953771972656,0.5787982513427734
1788862776079942000,13.84994189453125,-6.8219783554077145,-10.6241202293396,2.6707319519042967
1788862776089948000,13.859947998046875,-7.723993830871581,-9.33978067626953,3.040187195587158
1788862776099954200,13.8699541015625,-7.773972790527344,-8.608202431488037,2.635417477416992
1788862776109961000,13.8799609375,-6.380996337127685,-7.789235826110839,2.8488007003784177
1788862776119967000,13.889967041015625,-4.593874435424804,-6.691943277740478,3.727323072052002
1788862776129974000,13.89997412109375,-2.882020248413086,-5.1608513160705565,4.613028048706054
1788862776139980000,13.90997998046875,-2.517503045654297,-3.2185552192687985,4.508132088470458
1788862776149987000,13.919987060546875,-3.700388303375244,-3.1103672317504882,4.475960003662109
1788862776159992800,13.929992919921874,-5.352985999298095,-5.570708712768554,5.219658894348144
1788862776170000100,13.940000244140625,-7.069478952026366,-9.088539139556884,4.985476044464111
1788862776180006100,13.950006103515625,-7.920318367004394,-11.123760188293456,4.010287780761718
1788862776190012000,13.960011962890626,-7.5074682182312005,-11.544840405273437,4.018966761779785
1788862776200019200,13.970019287109375,-7.314884622192382,-10.957662448120116,3.746327047729492
1788862776210025000,13.98002490234375,-7.513603359985352,-9.885658654785155,2.7445032905578612
1788862776220032000,13.990031982421876,-6.828562409973144,-9.128043466949462,1.9737199935913086
1788862776230038000,14.0000380859375,-5.234024104309082,-8.348880464172362,2.3325509674072262
1788862776240045000,14.010045166015624,-5.584774647521972,-8.041973738861083,3.2308255027770993
1788862776250051000,14.020051025390625,-6.842628344726562,-8.499266255950927,3.8907273353576657
1788862776260057900,14.030057861328125,-6.707355950927734,-9.059509444427489,4.585195454406738
1788862776270064000,14.040064208984376,-6.011391455841064,-9.139715200042724,4.904671738433837
1788862776280070100,14.050070068359375,-5.748478186035156,-8.735693669891356,4.428375245666504
1788862776290077000,14.060076904296874,-5.7782560691833496,-8.044367940521239,3.1872809600830077
1788862776300083000,14.0700830078125,-5.415833792877197,-7.564180870056152,1.5997756217956542
1788862776310090000,14.080090087890625,-4.2779894538879395,-6.971167046356201,0.6021417175292968
1788862776320096000,14.090095947265626,-2.7736826232910157,-6.423194141387939,1.0401309837341308
1788862776330103000,14.10010302734375,-3.628711891174316,-6.095787064361572,1.6038158370971678
1788862776340109000,14.110109130859374,-5.899312890625,-6.592583908843994,2.067393133544922
1788862776350116000,14.1201162109375,-6.938546048736572,-7.88455497970581,2.661604058074951
1788862776360121900,14.130121826171875,-6.899789909362792,-9.190591985321044,3.706074532318115
1788862776370128000,14.1401279296875,-7.209689386749267,-10.079888264465332,4.914847095489502
1788862776380135200,14.15013525390625,-8.40843623046875,-10.235661009979248,5.086930339813232
1788862776390141000,14.160140869140625,-9.287257877349854,-9.575310264587403,4.084508032226562
1788862776400148000,14.17014794921875,-7.949796974945068,-9.031826487731934,3.6927567855834957
1788862776410154000,14.180154052734375,-5.93747047958374,-8.139387818908691,3.8482302558898924
1788862776420161000,14.1901611328125,-4.912602531433105,-6.667851623535156,3.3822587577819823
1788862776430167000,14.2001669921875,-5.10084663696289,-5.272331330871582,2.5499744056701656
1788862776440174000,14.210174072265625,-5.559934805297852,-4.492420140075684,2.0473416946411134
1788862776450180000,14.22018017578125,-5.576694216918945,-4.423736479949951,2.344821250915527
1788862776460186000,14.23018603515625,-5.730372035980224,-4.879981533813476,3.2390555709838864
1788862776470193000,14.24019287109375,-6.967725381469726,-5.691017346191406,3.916165727996826
1788862776480199200,14.25019921875,-8.806771531677246,-6.758532011413574,4.040215301513672
1788862776490206000,14.2602060546875,-9.245359348297118,-8.026860340881347,3.864391117095947
1788862776500212000,14.2702119140625,-8.651447698974609,-8.814253411865234,3.633350656890869
1788862776510219000,14.280218994140625,-8.502259008026122,-8.652046249389647,3.4439094505310055
1788862776520225000,14.29022509765625,-8.008903828430176,-7.81452458114624,3.0539538551330563
1788862776530232000,14.300232177734374,-6.3618427238464355,-7.081599597930908,3.2351649932861326
1788862776540237800,14.31023779296875,-6.034884559631347,-6.214599321746825,3.439719597625732
1788862776550244000,14.320244140625,-7.004087319183349,-5.225794036102295,3.1982045051574706
1788862776560251000,14.3302509765625,-7.96161834564209,-4.321384358978271,2.4920646530151367
1788862776570257000,14.3402568359375,-7.43743781967163,-3.9291841995239256,2.048688433074951
1788862776580264200,14.35026416015625,-7.18275461807251,-3.6801872268676754,2.00454533996582
1788862776590270000,14.36027001953125,-7.935132489776611,-3.4675521919250487,2.1193173820495605
1788862776600277000,14.370277099609375,-8.54894594039917,-3.6132992179870604,2.133084041595459
1788862776610283000,14.380282958984376,-7.971195152282714,-4.182520662689209,2.207753205871582
1788862776620290000,14.3902900390625,-7.44417151184082,-4.497208543395995,2.2934955528259278
1788862776630296000,14.400296142578124,-7.204302433013916,-4.031237045288086,1.9072808975219726
1788862776640301800,14.4103017578125,-6.2128036705017085,-3.303998291015625,1.3533224884033201
1788862776650309000,14.42030908203125,-6.215497147369384,-2.647538123321533,1.2586018852233887
1788862776660315100,14.430315185546876,-7.200561492919921,-2.340032847595215,1.2217910346984862
1788862776670322000,14.440322021484375,-7.561637030792236,-2.352003855895996,1.1522095489501953
1788862776680328200,14.450328125,-7.202806056976318,-2.912546319580078,1.0489596023559569
1788862776690335000,14.4603349609375,-7.279420510101318,-3.87531466217041,0.4923077163696289
1788862776700341000,14.470341064453125,-7.274632106781006,-4.850203650665283,0.055066638183593745
1788862776710348000,14.48034814453125,-6.70361501083374,-6.038475862121581,0.9680056587219238
1788862776720354000,14.49035400390625,-8.469189097595214,-6.462249555969238,1.2892775939941405
1788862776730360000,14.500360107421875,-11.901875727844237,-5.668422068023681,0.3251625129699707
1788862776740366800,14.510366943359376,-12.09805062637329,-3.91975703048706,0.16280571289062498
1788862776750373000,14.520373046875,-9.719860189819336,-1.7534534408569336,1.162534543609619
1788862776760380000,14.5303798828125,-6.711994716644287,-1.1303624588012695,2.05587103805542
1788862776770386000,14.540385986328126,-6.610091508483887,-1.356764153289795,2.1253028861999512
1788862776780393200,14.550393310546875,-8.14627114868164,-0.5895721588134766,1.1393407150268553
1788862776790399000,14.56039892578125,-7.212981414031982,0.06284779357910156,1.0000281059265137
1788862776800405000,14.570405029296875,-5.951835689544677,-0.13242927932739257,1.5264531959533691
1788862776810412000,14.580412109375,-6.198887373352051,-0.946757118988037,1.2128127784729004
1788862776820418000,14.59041796875,-6.764068602752685,-2.6355671150207516,1.3848960227966307
1788862776830425000,14.600425048828125,-7.354239311981201,-3.8832454551696776,1.8933646003723144
1788862776840430800,14.610430908203124,-8.712350203704833,-2.473659227752685,-0.08215104446411133
1788862776850438100,14.620438232421876,-8.703521585083008,-2.6752210800170895,-1.6852186935424804
1788862776860444200,14.630444091796875,-9.179369165039063,-2.965518031311035,-1.37262573928833
1788862776870451000,14.640450927734374,-7.8176669708251945,-2.662950796508789,-0.31064766540527344
1788862776880457000,14.65045703125,-5.42630842514038,-4.080467816925049,1.4966753128051757
1788862776890463200,14.660463134765624,-7.196820552825927,-4.418648801422119,1.8186954360961913
1788862776900470000,14.670469970703126,-7.895478524780273,-3.8607998146057128,1.1613374427795409
1788862776910476000,14.68047607421875,-5.38201569442749,-4.3534068061828615,2.2489035469055176
1788862776920483000,14.690483154296874,-4.894496381378174,-4.9260699157714845,3.0225299583435055
1788862776930489000,14.700489013671875,-6.38473727722168,-4.424933580780029,1.8537106353759765
1788862776940496000,14.710495849609375,-6.704512836456298,-4.327369863128662,0.7050923889160156
1788862776950502000,14.720501953125,-6.836942115783691,-3.826832078552246,-0.30840310134887694
1788862776960508200,14.730508056640625,-6.745214264678955,-2.855833667755127,-1.2202946586608887
1788862776970515200,14.74051513671875,-6.393116983032226,-2.193687271118164,-1.5465046348571776
1788862776980521200,14.750521240234375,-6.30782354888916,-1.5809212837219238,-1.2261305252075194
1788862776990528000,14.760528076171875,-6.820631616973877,-1.0577882209777831,-0.37499183502197264
1788862777000534000,14.770533935546876,-7.394192552185058,-1.1846809089660644,1.0384849700927734
1788862777010541300,14.780541259765625,-7.7221981796264645,-1.6826748542785643,2.51540811920166
1788862777020547000,14.790547119140625,-8.520514795684814,-2.362777763366699,3.8805519783020017
1788862777030554000,14.80055419921875,-9.202263718414306,-3.299359525299072,5.3868040977478024
1788862777040560000,14.81056005859375,-7.609221788787841,-4.956446349334716,6.96488226699829
1788862777050566100,14.820566162109374,-5.6283191902160645,-6.874351516723633,7.248744801330566
1788862777060573200,14.8305732421875,-5.785289036560059,-8.021922299957275,5.671714095306396
1788862777070579000,14.840578857421875,-6.558017622375488,-8.129362099456786,3.3839047714233397
1788862777080586200,14.850586181640624,-6.206967803955078,-7.445817525482178,1.497722776031494
1788862777090592300,14.86059228515625,-5.663633664703369,-6.374412282562256,0.328155265045166
1788862777100599000,14.87059912109375,-5.72678073348999,-5.365405920410156,-0.347308878326416
1788862777110605300,14.880605224609376,-7.001543479919433,-4.546439315032958,-0.4339490509033203
1788862777120611000,14.890611083984375,-9.254337604522705,-4.262127867889404,0.14499883804321287
1788862777130618000,14.9006181640625,-10.848875910186766,-4.939387662506103,1.4552256965637207
1788862777140624100,14.9106240234375,-10.25227078399658,-6.852803701782226,4.369268392181397
1788862777150631200,14.920631103515625,-9.00100114135742,-9.739313078308104,8.14028564453125
1788862777160637200,14.93063720703125,-8.84178673095703,-13.175291735839844,9.954940865325927
1788862777170644000,14.94064404296875,-9.676614922332764,-15.126266813659667,8.301894256591796
1788862777180650200,14.950650146484374,-9.30296982574463,-14.577096807861327,4.750993919372558
1788862777190657000,14.960656982421876,-8.630199159240723,-12.69226155090332,1.6460136413574218
1788862777200663000,14.9706630859375,-8.113201238250731,-10.825981356811523,0.3194762840270996
1788862777210669000,14.9806689453125,-7.585279772186279,-9.656862758636475,0.448164623260498
1788862777220676000,14.990676025390625,-7.286303839874267,-9.955838690948486,2.3183353950500485
1788862777230682000,15.00068212890625,-8.346785537719725,-10.919654496765135,4.272901775360107
1788862777240689200,15.010689208984376,-9.395296227264403,-11.904569204711914,5.12658430480957
1788862777250695200,15.020695068359375,-8.493430389404296,-12.438476174926757,5.868038631439209
1788862777260702200,15.0307021484375,-6.262184079742431,-11.741763491821288,7.088632565307617
1788862777270708000,15.0407080078125,-5.341613541412353,-10.27247186050415,7.032668101501464
1788862777280714000,15.0507138671875,-5.192574488067627,-8.836848690032959,5.077203895568847
1788862777290721300,15.06072119140625,-4.3436803619384765,-7.854477821350097,2.7287913421630856
1788862777300727000,15.07072705078125,-3.500472464752197,-6.990021384429931,0.9497498710632324
1788862777310734000,15.080734130859375,-3.023128508758545,-6.111947925567627,0.5303156677246094
1788862777320740000,15.090739990234376,-2.47081611328125,-5.575197840881347,1.5182231277465819
1788862777330747100,15.1007470703125,-2.2393267402648926,-5.472696082305908,2.544737089538574
1788862777340753200,15.110753173828124,-2.8817209732055664,-5.862651677703857,2.602497204589844
1788862777350760200,15.12076025390625,-3.988141415405273,-6.469581798553467,1.578227806854248
1788862777360766200,15.13076611328125,-4.499752382659912,-7.081749235534668,0.6094739601135254
1788862777370772200,15.140772216796876,-3.9686885269165035,-7.583633758544922,0.4978443077087402
1788862777380779000,15.150779052734375,-3.6644752784729,-7.980921596527099,0.8277952239990234
1788862777390785300,15.160785400390624,-4.758026886749267,-8.07579183731079,1.1017816764831543
1788862777400792000,15.1707919921875,-6.639270841217041,-7.64184278640747,1.1848305465698241
1788862777410798000,15.180798095703125,-7.442226222991943,-6.94602792892456,1.7197849800109861
1788862777420805000,15.19080517578125,-6.730699417114257,-6.363937650299072,2.8757354690551757
1788862777430811100,15.20081103515625,-6.051793608856201,-6.023811376953125,3.7202901046752928
1788862777440817200,15.210817138671874,-6.155642105865478,-5.799055696105957,3.605966975402832
1788862777450824000,15.220823974609376,-6.608744770050048,-5.570110162353515,2.758569225311279
1788862777460830200,15.230830322265625,-6.2870239219665525,-5.494842447662354,2.112733327484131
1788862777470837000,15.2408369140625,-4.652831651306152,-5.713462986755371,2.372504207611084
1788862777480843000,15.250843017578125,-3.500622102355957,-6.020968262481689,3.4949358734130858
1788862777490850300,15.260850341796875,-5.000290167236328,-6.738929485321044,4.797980126953124
1788862777500856000,15.27085595703125,-8.134599415588378,-8.116044352722167,5.5726540016174315
1788862777510862000,15.280862060546875,-10.108469046783446,-9.542240354156494,6.00136573638916
1788862777520869400,15.290869384765625,-10.305691408538818,-10.594043070983886,6.492476351928711
1788862777530875100,15.300875244140625,-9.370606022644042,-11.42183829498291,7.211335400390625
1788862777540882200,15.310882080078125,-8.971821808624266,-11.943325344085693,7.293486444854736
1788862777550888000,15.320887939453126,-10.454580824279784,-11.7082446685791,5.5415293800354
1788862777560895200,15.330895263671875,-11.345822392272948,-10.912920804595947,3.366397171783447
1788862777570901200,15.3409013671875,-9.516053773498534,-9.482834225463867,2.639457692718506
1788862777580907000,15.350906982421876,-7.448211727142334,-7.557596815490722,2.682553322601318
1788862777590914300,15.360914306640625,-6.257096401214599,-5.990142916107177,2.7219080123901365
1788862777600920300,15.37092041015625,-6.05897621383667,-4.856638067626953,2.721608737182617
1788862777610927000,15.380927001953125,-5.8554690727233885,-4.253598524475097,2.8262054222106934
1788862777620933000,15.39093310546875,-5.359719691467284,-3.901501242828369,2.7073931648254392
1788862777630940200,15.400940185546874,-5.429301177215576,-3.6917093223571773,2.5610475883483885
1788862777640946200,15.4109462890625,-6.0221653633117675,-3.727323072052002,2.504634211730957
1788862777650953000,15.420952880859375,-6.215796422576904,-3.9941269195556637,2.470217562866211
1788862777660959200,15.430959228515626,-6.510432864379882,-4.333205729675293,2.5451860023498534
1788862777670965200,15.44096533203125,-6.738630210113525,-4.556913947296143,2.756025386047363
1788862777680972000,15.450971923828124,-5.842450601196289,-4.93504817199707,3.192817551422119
1788862777690978000,15.46097802734375,-4.5227965736389155,-5.8642976913452145,3.671657883453369
1788862777700985000,15.470985107421875,-4.1100960624694824,-6.868964562988281,3.8973113899230953
1788862777710991000,15.4809912109375,-5.973084229278564,-7.012467024993896,3.2736218574523925
1788862777720998100,15.490998046875,-7.126191603851318,-6.03293927078247,2.186654303741455
1788862777731004200,15.501004150390624,-3.648464054870605,-5.480776512908935,2.103755071258545
1788862777741010200,15.51101025390625,-2.8383260681152342,-5.0568531814575195,2.148347077178955
1788862777751017200,15.521017333984375,-5.296871897888184,-4.082562743377685,1.6994342658996582
1788862777761023000,15.53102294921875,-8.33077431411743,-2.795679351043701,0.21742343826293944
1788862777771030300,15.5410302734375,-9.419836794281006,-1.6726491348266601,-1.4097358650207519
1788862777781036000,15.5510361328125,-9.536105212402344,-0.41374797439575195,-2.042254016113281
1788862777791043000,15.56104296875,-10.945990715026856,0.8572738319396972,-1.1517606361389159
1788862777801049300,15.57104931640625,-12.13740531616211,0.7202057868957519,1.2217910346984862
1788862777811055000,15.58105517578125,-13.316399996185302,-0.8622118728637694,3.8645407546997066
1788862777821062100,15.591062255859375,-14.50557003326416,-3.303250102996826,6.036829848480224
1788862777831068200,15.601068115234375,-12.960861049652099,-6.096684889984131,7.7310267982482905
1788862777841075200,15.6110751953125,-10.792612171173095,-7.955932116699218,7.72489165649414
1788862777851081200,15.621081298828125,-11.17224277191162,-8.781333139038086,5.611410140991211
1788862777861088000,15.631087890625,-11.852345680999756,-9.050980101013183,3.344250806427002
1788862777871094300,15.64109423828125,-10.75714805908203,-7.89727417602539,1.0890624801635742
1788862777881100300,15.651100341796875,-7.3080012924194335,-5.382165332031249,-0.4665700485229492
1788862777891107000,15.661107177734374,-5.16489153137207,-3.2755671463012694,-0.7314286071777343
1788862777901113000,15.671113037109375,-6.600514701843261,-1.6519991455078125,-0.8652046249389648
1788862777911120100,15.6811201171875,-7.745990558624267,-0.9416694404602051,-0.6275801101684569
1788862777921126100,15.691126220703126,-6.620865415954589,-0.3938461730957031,0.005237316131591796
1788862777931133000,15.7011328125,-4.538807797241211,0.39115269622802734,0.37334582138061523
1788862777941139200,15.71113916015625,-3.6640263656616208,0.5793968017578125,0.3184288208007812
1788862777951145200,15.721145263671875,-4.298190530395508,0.5137058937072754,-0.3037643356323242
1788862777961152000,15.731152099609375,-4.472219063568115,0.39234979705810547,-1.4118307914733885
1788862777971157800,15.74115771484375,-4.257489102172851,0.20141221466064452,-2.784157255554199
1788862777981164800,15.751164794921875,-4.217236586761475,0.13482348098754882,-3.305195391845703
1788862777991170800,15.7611708984375,-4.220977526855468,0.2861070983886719,-2.380584638214111
1788862778001177900,15.771177734375,-4.526238238525391,0.9280524185180663,-0.9003694618225098
1788862778011183600,15.78118359375,-4.998793791198731,0.8692448402404784,1.0298059890747069
1788862778021189600,15.791189697265626,-5.9296893241882325,-0.06120177993774414,2.250399922943115
1788862778031197000,15.801197021484375,-5.562927557373047,-1.0342951171875,2.03671742477417
1788862778041202700,15.81120263671875,-5.673509746551513,-1.8815432296752927,1.265934127807617
1788862778051209700,15.821209716796876,-6.771550482940674,-2.5082255142211913,0.910395181274414
1788862778061216000,15.831216064453125,-7.054365554046631,-3.407397875213623,1.773504879760742
1788862778071222800,15.841222900390624,-7.390301974487304,-4.988019883728027,2.911947769165039
1788862778081228800,15.851228759765625,-9.240870220184325,-6.309918475341797,3.1859342216491697
1788862778091234800,15.86123486328125,-10.959009186553955,-6.111499012756347,2.393453472137451
1788862778101241900,15.871241943359376,-10.200645810699463,-5.050119489288329,1.8089689918518066
1788862778111248000,15.881247802734375,-9.32766003036499,-4.130746051788329,2.1068974609374997
1788862778121255000,15.8912548828125,-10.04831473007202,-3.399167807006836,2.7486931434631345
1788862778131261000,15.901260986328126,-10.77690022277832,-3.127276280975342,3.178751616668701
1788862778141267700,15.911267822265625,-10.590451768493653,-3.3590649291992185,3.6125510299682615
1788862778151273700,15.921273681640624,-8.704120135498046,-4.5970168251037595,4.927715929412842
1788862778161280000,15.931280029296875,-7.321169401550293,-6.226420692443847,5.839607486724853
1788862778171286800,15.941286865234375,-7.698405800628661,-7.480383811950683,5.109824893188477
1788862778181292800,15.951292724609376,-7.494449746704101,-8.386589140319824,3.7940614433288573
1788862778191299800,15.9612998046875,-7.658003647613525,-8.37057791671753,2.142660848236084
1788862778201305900,15.971305908203124,-8.347384088134765,-7.904905693817138,0.7375637489318847
1788862778211313000,15.98131298828125,-8.43372498550415,-7.274931381988525,0.258573779296875
1788862778221318700,15.991318603515625,-6.995857250976562,-6.378452497863769,1.082029512786865
1788862778231325000,16.001324951171874,-5.074959331512451,-5.501276864624023,2.4589947425842285
1788862778241331700,16.011331787109373,-4.66734649887085,-4.740070374298096,3.1675287963867187
1788862778251337700,16.021337646484376,-5.52895982131958,-4.384082514953613,3.1444846054077145
1788862778261345000,16.031344970703124,-5.381716419219971,-4.740968199920654,3.4542344451904294
1788862778271350800,16.041350830078127,-4.744559502410889,-5.73920065460205,3.9948751075744626
1788862778281357800,16.05135791015625,-5.046528186798096,-7.09895755996704,3.921702319335937
1788862778291363800,16.06136376953125,-5.923254907226562,-8.066813581085205,3.237559194946289
1788862778301369900,16.071369873046876,-5.977573357391357,-8.247426168823242,2.126649624633789
1788862778311377000,16.081376953125,-4.759972175598144,-8.31940185623169,1.383399646759033
1788862778321382700,16.091382568359375,-4.006546840667724,-8.197746484375,1.0887632049560547
1788862778331390000,16.101389892578126,-5.482721801757812,-7.6470801025390625,0.5832873794555664
1788862778341396000,16.11139599609375,-7.1972694656372065,-7.564779420471191,0.21009119567871093
1788862778351402800,16.12140283203125,-8.211662781524657,-8.593687583923339,0.047285482788085934
1788862778361408800,16.13140869140625,-9.4864255279541,-9.907655382537842,0.699106884765625
1788862778371414800,16.141414794921875,-10.651054998016356,-12.108525258636474,3.7198411918640133
1788862778381421800,16.151421875,-10.2402997756958,-14.950143354034424,8.264484855651855
1788862778391427800,16.161427734375,-9.510966094970703,-16.544681659698487,11.228506510925293
1788862778401435000,16.171434814453125,-9.954491952514648,-16.429759980010985,11.250203963470458
1788862778411441000,16.18144091796875,-9.9468604347229,-14.191031790161132,7.614309467315674
1788862778421447700,16.19144775390625,-7.861361151123046,-11.384129618835448,2.0272902557373045
1788862778431453700,16.20145361328125,-3.971830916595459,-9.558850128173827,-1.012597664642334
1788862778441460000,16.2114599609375,-1.7143980262756346,-8.296357665252685,-0.6610989334106445
1788862778451466800,16.221466796875,-3.033902416229248,-7.287949853515625,0.34401685104370117
1788862778461472800,16.23147265625,-4.999691616821289,-7.299023036193847,0.7151181083679199
1788862778471479800,16.241479736328124,-5.30540124130249,-7.598148606109619,2.05572140045166
1788862778481485800,16.25148583984375,-5.29881718673706,-7.567472897338867,4.707748651885986
1788862778491491800,16.261491943359374,-6.637175914764404,-7.435791806030273,6.500856057739258
1788862778501498600,16.27149853515625,-7.194875263977051,-7.341370478057861,7.015609414672851
1788862778511505000,16.2815048828125,-6.372317356109619,-7.0741177177429195,6.736236008453369
1788862778521511700,16.29151171875,-5.47134934387207,-6.5859998542785645,5.5653217590332025
1788862778531517700,16.301517578125,-5.747430722808837,-5.967996550750732,3.2433950614929197
1788862778541525000,16.31152490234375,-5.9105357109069825,-5.961711771392822,1.291522158050537
1788862778551530800,16.32153076171875,-4.448725959777832,-6.516268730926513,0.5147533569335937
1788862778561536800,16.331536865234376,-2.2967875801086426,-7.249492989349365,0.9962871658325195
1788862778571543800,16.341543701171876,-1.966986301422119,-7.756165915679931,1.6989853530883787
1788862778581549800,16.3515498046875,-3.9234979705810544,-7.649025391387939,1.2898761444091795
1788862778591556900,16.361556884765626,-6.048501581573486,-7.286603115081786,0.32306758651733397
1788862778601562600,16.371562744140626,-6.115239952850342,-6.8779428192138665,0.10070610733032226
1788862778611570000,16.38156982421875,-5.400870032501221,-6.180930860900879,0.587926145172119
1788862778621576000,16.391575927734376,-5.717353564453124,-5.757456442260742,1.6769886253356932
1788862778631581700,16.401581787109375,-7.124246315002441,-6.054935998535156,3.157652714538574
1788862778641588700,16.411588623046875,-9.106645289611816,-7.128286530303955,4.872200378417968
1788862778651594800,16.4215947265625,-10.614992335510253,-8.994566724395751,7.005134782409668
1788862778661601800,16.431601806640625,-11.065551160430907,-11.183914505004882,8.23590407333374
1788862778671607800,16.44160791015625,-10.716446630859375,-11.75358486251831,6.935254021453857
1788862778681614800,16.45161474609375,-10.80817448196411,-9.677363110351562,3.729118723297119
1788862778691620900,16.461620849609375,-8.884134172821044,-7.095366257476806,2.381931376647949
1788862778701627000,16.471626953125,-5.753416226959228,-4.853046765136718,3.0385411819458006
1788862778711634000,16.481634033203125,-4.1940427581787105,-3.282749751281738,4.281131843566894
1788862778721640000,16.491639892578124,-5.6489691795349115,-2.890848867034912,5.148730670166016
1788862778731646700,16.501646728515624,-8.138489993286132,-4.144811986541748,5.787832875823974
1788862778741652700,16.51165283203125,-9.677512747955321,-6.200383749389648,6.304232246398925
1788862778751659800,16.52165966796875,-10.068066893768309,-7.981370509338379,6.236296774291992
1788862778761665800,16.531665771484374,-8.841188180541991,-9.56318961868286,5.417330168914795
1788862778771671800,16.541671875,-7.006182245635986,-10.204536388397216,3.6954502624511716
1788862778781678800,16.551678955078124,-5.014805014801025,-9.415048390960694,2.2423194923400875
1788862778791684900,16.561684814453123,-4.592078784179687,-7.023540207672118,1.1581950531005858
1788862778801691600,16.571691650390626,-3.6234745750427244,-4.618115727233887,0.7736264114379883
1788862778811697700,16.58169775390625,-3.2154128295898436,-2.779069577026367,0.22385785522460935
1788862778821704000,16.591703857421876,-5.045031810760498,-1.4208090476989745,-0.42975919799804685
1788862778831710700,16.601710693359376,-7.385064658355712,-0.8710404914855957,-0.2929904281616211
1788862778841716700,16.611716796875,-9.581146131134032,-0.9727940620422363,0.45115737533569333
1788862778851724000,16.62172412109375,-11.143512351989745,-1.627308940887451,1.215506255340576
1788862778861729800,16.631729736328126,-9.728838446044922,-2.9493571701049803,2.249202822113037
1788862778871736800,16.64173681640625,-6.94617756652832,-4.33500138092041,3.085527389526367
1788862778881742600,16.65174267578125,-4.743362401580811,-5.634304694366454,3.5799300323486327
1788862778891748900,16.661748779296875,-3.8244378768920897,-6.677129154968261,4.209904344177246
1788862778901756000,16.671755859375,-5.099050985717773,-7.368903797149658,4.649988536834717
1788862778911761700,16.68176171875,-9.737218151855469,-7.049427513122558,3.331980522918701
1788862778921769000,16.69176904296875,-11.941529692840575,-5.619340933990478,1.1354501373291015
1788862778931775000,16.70177490234375,-11.80386309738159,-3.300107713317871,-0.9205705383300781
1788862778941780700,16.71178076171875,-10.357466019439697,-1.1788450424194334,-1.94723413772583
1788862778951787800,16.721787841796875,-8.819041815185546,0.0796072052001953,-1.304241354370117
1788862778961793800,16.731793701171874,-8.182782723999024,0.24465748214721678,1.066916114807129
1788862778971800600,16.741800537109373,-6.711096891021728,-0.6986579719543456,3.5794811195373533
1788862778981806600,16.751806640625,-5.306149429321289,-2.9613281784057617,4.743362401580811
1788862778991813400,16.7618134765625,-5.070619841003418,-4.584896179199219,4.169651828765869
1788862779001819600,16.771819580078127,-6.056881287384033,-3.9926305435180662,2.3171382942199705
1788862779011825700,16.78182568359375,-6.931662718963623,-2.9097032051086424,0.3381809844970703
1788862779021832400,16.79183251953125,-7.21432815246582,-2.0286369941711424,-1.4297873039245605
1788862779031838500,16.80183837890625,-8.562263687133788,-0.8990227233886718,-3.0086136611938477
1788862779041845500,16.811845458984376,-8.13923818130493,-0.3618237258911133,-2.678213832092285
1788862779051851500,16.8218515625,-7.404218271636963,-0.48811786346435543,-0.7438485282897949
1788862779061858300,16.8318583984375,-7.433247966766357,-2.1532851181030273,1.5466542724609373
1788862779071864600,16.841864501953125,-8.58051947479248,-3.4983775382995606,2.5995044525146485
1788862779081870600,16.85187060546875,-8.090306684875488,-2.581697577667236,1.6874632575988768
1788862779091877400,16.86187744140625,-7.081150685119629,-1.4682441680908203,0.830638338470459
1788862779101883400,16.87188330078125,-7.158214051055908,-1.2208932090759277,1.5658078857421873
1788862779111890400,16.881890380859375,-7.490559169006347,-0.8731354179382323,1.9713257919311522
1788862779121896400,16.891896484375,-6.810306622314453,-0.33010055389404297,1.5031097297668456
1788862779131902500,16.90190234375,-5.971438215637207,-0.5699696327209473,1.8263269538879394
1788862779141909500,16.911909423828124,-6.950068144226074,-1.430685129547119,1.7010802795410156
1788862779151915500,16.92191552734375,-7.663240963745117,-2.3246201744079587,1.0806827743530272
1788862779161922600,16.931922607421875,-6.981492041015625,-2.823811220550537,1.0907084938049316
1788862779171928300,16.94192822265625,-6.630292584991455,-2.7756279121398926,1.3088801200866698
1788862779181935600,16.951935546875,-7.885901718139648,-2.155380044555664,1.0491092399597168
1788862779191941400,16.96194140625,-10.206481677246094,-1.0206780952453613,0.4327519500732422
1788862779201947400,16.971947509765624,-10.518476081085204,-0.7673416320800781,1.299901863861084
1788862779211954700,16.98195458984375,-7.953837190246581,-2.462436407470703,4.0520366722106935
1788862779221960400,16.99196044921875,-5.990292553710937,-5.017648129272461,5.783194110107422
1788862779231967500,17.001967529296873,-5.842749876403809,-7.106289802551269,5.297171173095703
1788862779241973500,17.011973388671876,-6.212504395294189,-7.848342679595947,3.6372412345886227
1788862779251979500,17.0219794921875,-6.053289984893799,-7.198915479278564,1.1915642387390135
1788862779261986600,17.031986572265627,-5.157708926391601,-6.327874987792969,-0.6712742904663086
1788862779271992300,17.041992431640626,-4.971859022521972,-4.9351978096008295,-1.5596727439880371
1788862779281999600,17.05199951171875,-5.63744708404541,-2.9049148017883297,-1.7606360458374022
1788862779292005600,17.062005615234376,-6.657676266479492,-0.8845078758239746,-1.1761515655517578
1788862779302012400,17.072012451171876,-7.287351303100586,0.05386953735351562,0.2678513107299805
1788862779312018400,17.082018310546875,-6.918344972229003,-0.5169979209899902,2.7186159851074216
1788862779322024700,17.092024658203126,-7.273285368347167,-2.4531588760375973,5.455038845062256
1788862779332031500,17.102031494140626,-8.264784130859374,-5.45848050994873,7.272836455535888
1788862779342037500,17.11203759765625,-8.33825619430542,-8.470386198425292,7.70543876800537
1788862779352044500,17.12204443359375,-7.729979335021972,-10.562170261383056,7.09970574798584
1788862779362050600,17.132050537109375,-7.521833428192139,-11.828702939605712,6.377105759429932
1788862779372056600,17.142056640625,-7.097311546325683,-13.149404430389403,6.3627405494689935
1788862779382063600,17.152063720703126,-6.729651953887939,-14.086135829925537,6.34583150024414
1788862779392069600,17.162069580078125,-7.89083975906372,-12.930783891296386,4.58429762878418
1788862779402076400,17.172076416015624,-8.61942525177002,-11.184812330627441,2.375048046875
1788862779412082400,17.18208251953125,-7.048529687499999,-10.846631346130371,1.5352818145751952
1788862779422089500,17.19208935546875,-6.364685838317871,-11.120468161010741,1.240495735168457
1788862779432095500,17.202095458984374,-7.958775231170653,-11.714379810333252,1.32144967880249
1788862779442101500,17.2121015625,-9.802909059906005,-12.576591683197021,2.1939865463256836
1788862779452108500,17.222108642578124,-9.434650917053222,-13.355305773162842,3.8166567214965816
1788862779462114600,17.232114501953124,-8.470685473632813,-12.786533241271972,4.992209736633301
1788862779472121600,17.24212158203125,-7.3180270118713375,-11.422885758209228,6.823774006652831
1788862779482127400,17.25212744140625,-6.640019029235839,-10.308833798217773,8.020725199127197
1788862779492133600,17.262133544921873,-8.017433171844482,-9.065195673370361,5.8862944190979
1788862779502140400,17.272140380859376,-6.629544396972656,-8.648604584503174,3.9158664527893063
1788862779512146400,17.282146484375,-4.450820886230469,-8.211363506317138,2.8645126487731933
1788862779522153700,17.29215380859375,-4.495861804962158,-7.407959211730956,2.0216040267944333
1788862779532159500,17.302159423828126,-5.115660759735107,-7.338527363586425,2.2002713256835937
1788862779542165500,17.31216552734375,-5.430947190856934,-7.472901931762695,2.3728034828186035
1788862779552172500,17.322172607421876,-5.303306314849853,-7.0096239105224605,2.3740005836486815
1788862779562178600,17.332178466796876,-4.227411943817138,-6.484545558929443,2.8884546653747556
1788862779572185600,17.342185546875,-2.7446529281616208,-6.308871012115478,3.649212242889404
1788862779582191400,17.35219140625,-2.9405285514831543,-5.874473048400879,3.225887461853027
1788862779592198700,17.36219873046875,-4.446631033325195,-5.329193620300293,1.2401964599609374
1788862779602204700,17.37220458984375,-4.368819479370117,-5.08169302368164,-0.29972412033081053
1788862779612210400,17.38221044921875,-2.4329577995300293,-5.143792629241943,0.40147769088745117
1788862779622217500,17.392217529296875,-1.5224129806518554,-5.82239916229248,2.1437083114624023
1788862779632223500,17.402223388671874,-2.680757671356201,-6.681767920684814,2.9727006362915036
1788862779642230500,17.41223046875,-4.830301849365234,-7.321917589569091,2.3033716346740722
1788862779652236500,17.422236572265625,-6.939144599151611,-7.079355033874512,0.6178536659240722
1788862779662242300,17.4322421875,-8.313565989685058,-6.160580146789551,-0.40985739669799803
1788862779672249600,17.44224951171875,-8.888772938537597,-5.429750090026855,0.3872621185302734
1788862779682255600,17.452255615234375,-8.960898263549804,-5.750573112487793,3.3002573509216306
1788862779692262400,17.462262451171874,-10.829871934509276,-6.892308029174805,7.1404071762084955
1788862779702268700,17.4722685546875,-13.520356050109863,-9.710881933593749,10.684573821258544
1788862779712274400,17.4822744140625,-14.33902338027954,-14.125191244506835,12.049568042755126
1788862779722281500,17.492281494140624,-12.861052767944335,-15.929072557830809,10.295815326690674
1788862779732287500,17.50228759765625,-10.608408280944824,-13.958943866729735,7.613411641693115
1788862779742294500,17.51229443359375,-8.317755842590332,-10.781538988494873,5.374384176635742
1788862779752300500,17.522300537109373,-6.140977620697021,-7.594407666015624,3.526659045410156
1788862779762307300,17.532307373046876,-5.447856240081787,-5.256769020080566,2.196829660797119
1788862779772313600,17.542313720703124,-4.952106858825683,-4.605097255706787,2.421435704040527
1788862779782319600,17.552319580078127,-4.856338792419433,-6.048351943969727,4.221276802062988
1788862779792326400,17.562326416015626,-7.064840186309814,-8.10796392211914,5.438877983856201
1788862779802332400,17.57233251953125,-9.1676974319458,-9.645340663146973,5.285649077606201
1788862779812339500,17.58233935546875,-8.209867130279541,-10.473435162353516,4.525789325714111
1788862779822345500,17.592345458984376,-6.632387511444091,-10.058789362335204,3.7147535133361815
1788862779832351500,17.6023515625,-6.370820980072021,-8.630348796844482,2.328361114501953
1788862779842358500,17.612358642578126,-5.268141477966308,-6.853102976989746,0.9356839363098144
1788862779852364500,17.622364501953125,-2.921075662994385,-5.231480265045166,0.17118541870117188
1788862779862371300,17.632371337890625,-1.5295955856323242,-3.432088079833984,-0.489015689086914
1788862779872377300,17.64237744140625,-2.198924587249756,-1.7624316970825193,-0.8846575134277344
1788862779882383600,17.652383544921875,-3.7395933555603027,-0.7197568740844726,-0.7369651985168456
1788862779892390400,17.662390380859375,-5.007023859405518,-0.5027823486328125,-0.17657237243652343
1788862779902396400,17.672396484375,-5.514744248962402,-0.974888988494873,0.9346364730834961
1788862779912403500,17.682403564453125,-6.5224038726806635,-1.720533168029785,2.3026234466552733
1788862779922409500,17.692409423828124,-8.773851258850097,-2.678213832092285,3.0150480781555173
1788862779932416500,17.70241650390625,-8.914660243988036,-4.032583783721924,3.479972113037109
1788862779942422500,17.712422607421875,-7.626579750823974,-5.021538706970214,4.052485585021972
1788862779952428500,17.722428466796874,-6.767809542846679,-5.294627333831786,4.160075022125244
1788862779962435600,17.732435546875,-6.382941625976562,-5.246144750213623,3.8316204818725583
1788862779972441300,17.74244140625,-6.027851592254638,-5.215319403839111,3.0003835929870606
1788862779982448400,17.752448486328124,-7.541735229492187,-4.240131140136718,1.0075099861145018
1788862779992454700,17.76245458984375,-9.130437668609618,-2.910152117919922,-0.7603086647033691
1788862780002460400,17.77246044921875,-9.470863217163085,-2.1712416305541993,-0.6441898841857909
1788862780012467500,17.782467529296873,-10.863241120147704,-1.8957588020324705,0.20530279235839843
1788862780022473200,17.79247314453125,-11.648239989471435,-2.2258593559265134,1.57044665145874
1788862780032480500,17.80248046875,-11.377395926666258,-2.8622680847167965,2.886958289337158
1788862780042486500,17.812486572265627,-10.160991845703125,-3.3117794464111325,3.5945945175170895
1788862780052492300,17.8224921875,-7.557297540283202,-2.7539304595947263,3.743184658050537
1788862780062499600,17.83249951171875,-5.9962780578613275,-1.7995418228149413,3.3915362892150878
1788862780072505600,17.842505615234376,-7.547271820831298,-1.096843635559082,2.4115596221923825
1788862780082512400,17.852512451171876,-9.766996035003661,-0.9045593147277832,1.7986439971923827
1788862780092518400,17.862518310546875,-10.899154145050048,-0.488417138671875,0.8750807067871094
1788862780102524400,17.8725244140625,-9.65237363052368,0.8258499351501465,0.0665887336730957
1788862780112531500,17.882531494140625,-6.841281606292724,-0.6075286712646484,1.7708114028930664
1788862780122537500,17.892537353515625,-6.938396411132812,-2.9349919601440426,2.5629928771972654
1788862780132544500,17.90254443359375,-8.416965573883056,-3.5939959671020505,1.218648645019531
1788862780142550500,17.912550537109375,-8.677634279632567,-3.07714768371582,0.47809214401245115
1788862780152556500,17.922556640625,-7.693767034912109,-3.787776663970947,1.464652865600586
1788862780162563300,17.932563232421874,-7.692719571685791,-3.9739258430480953,1.3064859184265136
1788862780172569600,17.942569580078125,-7.6182000450134275,-3.051260378265381,0.17612345962524412
1788862780182576400,17.952576416015624,-6.9415388008117676,-2.4519617752075193,-0.06404489440917968
1788862780192582400,17.96258251953125,-7.37997697982788,-1.9270330612182616,-0.8804676605224608
1788862780202588400,17.97258837890625,-7.115716971588134,-2.098368117523193,-1.3172598258972168
1788862780212595500,17.982595458984374,-6.430526383972167,-2.5068787757873534,-0.42706572113037106
1788862780222601500,17.9926015625,-6.102820031738281,-2.069637697601318,-0.022744915771484374
1788862780232608300,18.002608154296876,-4.808005846405029,-1.2669815910339355,-0.19422960968017577
1788862780242614500,18.012614501953124,-4.641159918212891,-0.4291606475830078,-0.2678513107299805
1788862780252621300,18.022621337890627,-6.33954672088623,0.08948328704833984,-0.2002151138305664
1788862780262627300,18.03262744140625,-7.472453018951415,-0.5334580574035644,0.6878840644836426
1788862780272633300,18.04263330078125,-7.40571464767456,-1.8185457984924316,1.845779842376709
1788862780282640400,18.052640380859376,-6.961739877319336,-2.625242120361328,2.2872107734680176
1788862780292646400,18.062646484375,-6.833949363708496,-2.9243676902770996,2.300977433013916
1788862780302653400,18.0726533203125,-6.584054565429687,-3.1569045265197753,2.460491118621826
1788862780312659500,18.082659423828126,-7.015908689880371,-3.69634808807373,2.710236279296875
1788862780322665500,18.09266552734375,-7.816020957183837,-4.34143579788208,2.5213936233520506
1788862780332672300,18.10267236328125,-7.3419690284729,-4.874444942474365,2.402581365966797
1788862780342678500,18.112678466796876,-6.18676672744751,-5.316175148773193,2.635267839813232
1788862780352685600,18.122685546875,-5.6687213432312005,-5.444713850402832,2.73866742401123
1788862780362691300,18.13269140625,-6.043563540649414,-5.0489223884582515,2.3751976844787595
1788862780372697300,18.142697265625,-7.570615287017822,-4.249558309173584,1.5171756645202636
1788862780382704400,18.152704345703125,-8.807220444488525,-3.403956210327148,1.128716445159912
1788862780392710400,18.16271044921875,-8.110208486175537,-3.5959412559509274,2.514809568786621
1788862780402717400,18.172717529296875,-7.20116004333496,-5.0951604080200195,4.311209001922607
1788862780412723500,18.182723388671874,-6.866869636535644,-6.621613603973389,4.445433932495117
1788862780422729500,18.1927294921875,-6.507290474700928,-7.672069582366943,3.604620236968994
1788862780432736500,18.202736572265625,-6.4369608009338375,-8.226327266693115,2.7214590995788575
1788862780442742300,18.2127421875,-6.808660608673096,-8.744821563720702,2.4138041862487793
1788862780452749600,18.22274951171875,-7.10569125213623,-9.34067850189209,3.074005294036865
1788862780462755300,18.23275537109375,-7.490110256195068,-9.85019454269409,4.268711922454834
1788862780472761300,18.24276123046875,-8.360701834869385,-10.286687432861328,5.08782816543579
1788862780482768600,18.2527685546875,-8.999055852508544,-10.787225217437744,5.307496167755127
1788862780492774400,18.2627744140625,-9.120411949157715,-11.512069770050049,5.256020832061767
1788862780502781400,18.272781494140624,-8.770858506774902,-12.041188336944579,4.99864415359497
1788862780512787500,18.282787353515626,-7.6373536582946775,-12.185139711761474,5.005677120971679
1788862780522793500,18.29279345703125,-8.188169677734374,-11.254543453979492,4.209305793762207
1788862780532800500,18.302800537109373,-8.972869271850586,-10.030208580017089,2.8076503593444824
1788862780542806300,18.31280615234375,-7.973589353942871,-9.093028267669677,2.156427507781982
1788862780552813600,18.3228134765625,-6.732943981170654,-7.853131082916259,2.333448793029785
1788862780562819600,18.332819580078127,-5.6018333343505855,-6.817040314483642,3.934122240447998
1788862780572825300,18.342825439453126,-5.4506993545532225,-6.751947956848144,5.641936212158202
1788862780582832400,18.352832275390625,-6.214599321746825,-7.445817525482178,5.243600910949707
1788862780592838400,18.36283837890625,-5.167285733032227,-8.347683363342284,4.75638087310791
1788862780602845400,18.372845458984376,-4.256142363739014,-8.63154589767456,4.610933122253417
1788862780612851500,18.3828515625,-4.406827430725097,-8.525901749420166,3.346645008087158
1788862780622857200,18.392857177734374,-4.476408916473388,-8.40185217590332,1.4398130233764648
1788862780632864500,18.402864501953125,-4.11757794265747,-8.330026126098632,0.45804070510864253
1788862780642870500,18.41287060546875,-4.351461517333984,-8.235006247711182,0.29822774429321286
1788862780652877300,18.422877197265624,-4.406528155517578,-7.990947315979003,0.974290438079834
1788862780662883600,18.432883544921875,-4.600757765197754,-7.615506568145752,1.8320131828308104
1788862780672889300,18.442889404296874,-4.957793087768555,-7.215674890899658,2.338686109161377
1788862780682896400,18.452896484375,-5.234622654724121,-6.9612909645080565,2.945167317199707
1788862780692902400,18.46290234375,-6.296600728607177,-7.028627886199951,3.1988030555725095
1788862780702909400,18.472909423828124,-7.2812161613464355,-7.416787830352782,3.033303865814209
1788862780712915500,18.48291552734375,-6.903830124664307,-8.020425923919678,3.079841160583496
1788862780722921500,18.49292138671875,-6.1465142120361325,-8.860491431427002,3.466055815887451
1788862780732928500,18.502928466796874,-6.515071630096435,-9.717914900970458,3.674650635528564
1788862780742934500,18.5129345703125,-7.577199341583252,-10.469095671844482,3.243694336700439
1788862780752941300,18.52294140625,-8.509142337799071,-10.458920314788818,2.138171720123291
1788862780762947300,18.532947265625,-7.528417482757568,-9.938929641723632,2.321328147125244
1788862780772953600,18.54295361328125,-6.303184783172607,-9.326014016723633,3.9956232955932616
1788862780782960400,18.55296044921875,-6.733692169189453,-8.598625624847411,5.531354022979736
1788862780792966400,18.56296630859375,-7.420977683258056,-7.89098939666748,6.113743576812744
1788862780802973400,18.572973388671876,-7.914482500457763,-7.49489865951538,5.6289177406311035
1788862780812979500,18.5829794921875,-7.96775348739624,-7.24590168685913,4.8409261192321775
1788862780822985500,18.5929853515625,-7.15028325805664,-7.069179676818847,4.688894313812256
1788862780832992300,18.6029921875,-6.727557027435302,-7.0388032432556145,4.460996243286132
1788862780842998500,18.61299853515625,-7.331195121002197,-6.693140378570556,4.078821803283692
1788862780853005300,18.62300537109375,-7.108085453796386,-6.447734708404541,4.023755165100098
1788862780863011300,18.63301123046875,-5.768379987335205,-6.517914744567871,4.102165269470214
1788862780873017300,18.643017333984375,-4.773738835144043,-6.23749387512207,4.029441394042968
1788862780883024400,18.6530244140625,-3.95207875289917,-6.067655194854736,3.9092823982238767
1788862780893030400,18.663030517578125,-3.6715082458496093,-6.058377663421631,3.461566687774658
1788862780903037400,18.673037353515625,-5.274426257324219,-6.161926885223388,2.6301801612854003
1788862780913043500,18.68304345703125,-7.957278855133056,-6.615628099822998,2.2049100914001465
1788862780923049500,18.693049560546875,-9.637559507751464,-7.738658316040039,2.8227637573242186
1788862780933056300,18.70305615234375,-10.81580599975586,-9.300575624084471,3.5577836669921874
1788862780943062500,18.7130625,-10.867730248260498,-10.580575686645508,3.402160559082031
1788862780953069600,18.723069580078125,-9.305214389801025,-10.19555813217163,2.754828285217285
1788862780963075300,18.733075439453124,-6.319794557189941,-7.81422530593872,2.8694506896972656
1788862780973082000,18.74308203125,-3.4247558372497555,-5.433491030120849,3.277961347961426
1788862780983089000,18.7530888671875,-3.0193875686645506,-3.4407670608520506,3.279607361602783
1788862780993095200,18.76309521484375,-5.545120682525634,-2.0862474716186523,3.0192379310607906
1788862781003102000,18.77310205078125,-7.826345951843261,-1.5457564468383789,2.7967268142700195
1788862781013108000,18.78310791015625,-9.044994596862793,-1.6105495292663574,2.834136215209961
1788862781023114000,18.793114013671875,-10.820295127868652,-2.3249194496154786,3.003974895477295
1788862781033121000,18.80312109375,-12.235866859436035,-3.721337567901611,2.9619267288208007
1788862781043127000,18.813126953125,-9.4618849609375,-6.06541063079834,3.0129531517028805
1788862781053134000,18.823134033203125,-5.440374359893799,-8.175600119018554,3.1036335395812986
1788862781063140000,18.83314013671875,-4.843918871307372,-8.328679387664794,2.9798832412719727
1788862781073146000,18.84314599609375,-5.783792660522461,-6.3241340476989745,2.5671827301025387
1788862781083153000,18.85315283203125,-6.821529442596435,-3.347842108917236,2.008585555267334
1788862781093159000,18.863158935546874,-7.333140409851074,-1.2253823371887207,1.1061211669921875
1788862781103166200,18.873166259765625,-7.379827342224121,-0.556053335571289,0.39010523300170896
1788862781113172000,18.883171875,-7.7118731849670406,-0.23852234039306638,-0.2678513107299805
1788862781123178000,18.893177978515624,-7.2623618232727045,-0.11133037719726561,-0.6414964073181152
1788862781133185000,18.90318505859375,-5.86699116821289,-0.34970307998657224,0.02184709014892578
1788862781143191000,18.91319091796875,-5.494692810058593,-0.701650724029541,0.9030629386901855
1788862781153198000,18.923197998046874,-6.5954270233154295,-1.1040262405395507,1.127519344329834
1788862781163203800,18.933203857421876,-6.5674447914123535,-1.1988964813232421,0.8876502655029296
1788862781173210000,18.943210205078124,-5.858312187194824,-0.5270236404418945,0.3963900123596191
1788862781183217200,18.953217041015623,-8.958504061889649,-0.9578303016662597,0.039055414581298825
1788862781193223000,18.963222900390626,-13.456311155700682,-2.297685405731201,0.6552630668640136
1788862781203229000,18.97322900390625,-14.832079284667968,-3.374776877593994,0.8080430603027343
1788862781213236000,18.983236083984377,-12.765583976745605,-4.67991605758667,2.1226094093322754
1788862781223242000,18.993241943359376,-10.060585013580322,-7.097311546325683,4.880280809020996
1788862781233249000,19.0032490234375,-10.25990230178833,-7.708132244873046,2.8235119453430175
1788862781243255000,19.013255126953126,-9.97798505630493,-6.52464843673706,0.029628245544433593
1788862781253261000,19.023260986328125,-8.309376136779784,-5.039644857025146,-0.26919804916381834
1788862781263268000,19.03326806640625,-7.905504244232177,-2.467524085998535,-0.3459621398925781
1788862781273273900,19.04327392578125,-7.988104201507568,-0.10729016189575195,-0.27997195663452146
1788862781283281200,19.05328125,-7.39299545135498,1.025915411376953,0.4225765930175781
1788862781293287000,19.063286865234375,-6.730400141906738,1.820191812133789,0.6768108818054199
1788862781303293000,19.07329296875,-6.500556782531738,2.8612206214904785,0.6147112762451171
1788862781313300200,19.08330029296875,-5.899312890625,3.5139398490905758,0.8450035484313965
1788862781323306000,19.093305908203124,-4.872200378417968,3.5482068603515624,1.2870330299377442
1788862781333313000,19.10331298828125,-3.9451954231262203,2.573617147064209,1.8842367065429686
1788862781343319000,19.113319091796875,-3.6427778259277344,0.869544115447998,2.127248175048828
1788862781353325000,19.123324951171874,-3.5558383781433105,-1.5078981330871581,2.1906945190429687
1788862781363332000,19.13333203125,-3.9549218673706052,-4.856787705230713,2.381781739044189
1788862781373338000,19.143338134765624,-6.540659660339355,-8.200739236450195,2.446275546264648
1788862781383345200,19.15334521484375,-9.549722234344483,-9.673622170257568,1.8216881881713867
1788862781393351200,19.16335107421875,-8.901492134857177,-8.064419379425049,1.5282488471984863
1788862781403357000,19.17335693359375,-6.627299832916259,-5.482721801757812,2.314145542144775
1788862781413364200,19.1833642578125,-5.9491422126770015,-3.3940801284790036,2.586785256195068
1788862781423370200,19.193370361328125,-6.591985358428954,-1.9162591537475584,1.9268834236145018
1788862781433376000,19.2033759765625,-6.3323641159057615,-1.580023458099365,1.1136030471801757
1788862781443383000,19.213383056640627,-5.155015449523925,-1.7696143020629882,0.7869441581726073
1788862781453389000,19.22338916015625,-4.595520449066162,-1.8308160820007322,0.8795698348999023
1788862781463396000,19.23339599609375,-6.404040528106689,-1.71095636138916,0.48991351470947264
1788862781473402000,19.243402099609376,-10.589404305267333,-1.6689081947326658,-0.4691138877868652
1788862781483408000,19.253407958984376,-15.259593918609617,-2.7307366310119625,0.2587234169006348
1788862781493415200,19.263415283203123,-17.043872705841064,-5.560982268524169,4.778976151275635
1788862781503421200,19.273421142578126,-13.249362349700927,-11.145756916046142,11.594969002532958
1788862781513428000,19.283427978515626,-8.625710031127928,-16.96486405105591,13.163021452331542
1788862781523434200,19.293434326171877,-9.065046035766601,-17.161188587188718,7.500285613250732
1788862781533440000,19.30343994140625,-7.889343383026122,-14.67735400238037,2.860771708679199
1788862781543447000,19.313447021484375,-5.890633909606933,-11.291952854919433,1.41093296585083
1788862781553453000,19.323453125,-5.482721801757812,-7.020697093200683,1.1049240661621094
1788862781563460000,19.333460205078126,-6.0242602897644035,-3.201047619628906,1.2232874107360838
1788862781573466000,19.343466064453125,-6.51806438217163,-0.6028899055480956,1.3914800773620604
1788862781583472000,19.35347216796875,-5.6495677299499505,0.42975919799804685,1.776048719024658
1788862781593479200,19.363479248046875,-5.1788078285217285,0.5684732566833496,1.9393033447265624
1788862781603485200,19.373485107421875,-5.437381607818603,-0.016609774017333982,1.757493656158447
1788862781613492000,19.383491943359374,-5.219658894348144,-1.758840394592285,1.891718586730957
1788862781623498000,19.393498046875,-4.725106613922119,-4.434510387420654,3.00068286819458
1788862781633504300,19.403504150390624,-5.504868167114258,-7.674613421630859,5.310339282226562
1788862781643511000,19.413510986328124,-7.220463294219971,-10.81430962371826,8.864830921936035
1788862781653517000,19.42351708984375,-8.741230261230468,-14.145691596221923,12.386103013610839
1788862781663523000,19.433523193359374,-11.03891566696167,-17.70257743759155,14.28171217803955
1788862781673530000,19.443530029296873,-15.736638599395752,-20.68006647720337,13.252953652191161
1788862781683536100,19.4535361328125,-18.537405628967285,-21.427057395172117,8.544456812286377
1788862781693543000,19.46354296875,-13.229759823608397,-19.02627168045044,3.4579753852844237
1788862781703549200,19.473549072265627,-5.728426747131348,-14.39019944076538,0.565031591796875
1788862781713555200,19.48355517578125,-2.6262895835876465,-10.905738199615477,-0.2332850242614746
1788862781723562000,19.49356201171875,-2.6225486434936522,-8.723423386383056,-0.6795043586730957
1788862781733568000,19.503568115234376,-2.1909937942504882,-7.4399816589355465,-1.0027215827941893
1788862781743575000,19.513574951171876,-1.1153986984252928,-7.061847434234619,0.44202948150634763
1788862781753581000,19.5235810546875,-2.8009166671752928,-6.8505591377258295,2.4238299057006834
1788862781763587000,19.533587158203126,-4.020014225006103,-6.949768869018555,3.9832033744812008
1788862781773594000,19.543593994140625,-4.25838692779541,-7.218817280578613,4.432714736175537
1788862781783600000,19.55360009765625,-4.32198290939331,-7.199663667297363,3.9543233169555663
1788862781793607000,19.56360693359375,-4.631134198760986,-7.236474517822265,3.3469442832946776
1788862781803613000,19.573613037109375,-4.882675010681152,-7.719953615570068,2.992153524780273
1788862781813619200,19.583619140625,-4.809502222442626,-8.026261790466307,2.5568577354431152
1788862781823626000,19.5936259765625,-4.672883090209961,-7.779659019470214,1.895459526824951
1788862781833632000,19.603632080078125,-3.921253406524658,-7.171980710601806,1.8924667747497557
1788862781843638000,19.613637939453124,-3.544465920257568,-6.272957987213134,2.1046528968811034
1788862781853645000,19.62364501953125,-3.0069676475524902,-5.414337416839599,2.4007857147216796
1788862781863651000,19.633651123046874,-2.231395947265625,-4.560355612182617,2.57930337600708
1788862781873657900,19.643657958984374,-1.8760066383361815,-3.665672379302978,2.4747066909790036
1788862781883664100,19.6536640625,-2.1273978126525876,-2.8284499862670898,1.9967641845703124
1788862781893670100,19.663670166015624,-2.6282348724365234,-2.2246622550964354,1.1725602630615233
1788862781903677000,19.673677001953124,-2.891597055053711,-2.084601457977295,0.5135562561035156
1788862781913683000,19.683682861328126,-3.5908535774230956,-2.850596351623535,0.5524620330810547
1788862781923690000,19.69368994140625,-4.34113652267456,-4.821622868347168,1.458816999053955
1788862781933696000,19.703696044921877,-5.6878749565124505,-7.221211482238769,2.87289235458374
1788862781943702000,19.713701904296876,-8.460659754180908,-9.275286869049072,3.750666538238525
1788862781953709000,19.723708984375,-10.485855083465575,-10.745925238800048,3.7630864593505855
1788862781963715000,19.733715087890626,-10.569652141571044,-10.960804837799072,3.515885137939453
1788862781973720300,19.74372021484375,-10.412383020019531,-9.509619356536865,2.722805838012695
1788862781983727400,19.753727294921877,-9.745597857666015,-7.464222950744628,2.139518458557129
1788862781993733400,19.7637333984375,-7.949497699737548,-5.2061915100097655,2.836081504058838
1788862782003740400,19.773740478515624,-5.923554182434081,-3.6240731254577634,4.362385062408447
1788862782013746400,19.783746337890626,-5.748029273223876,-3.4554315460205074,4.897489133453369
1788862782023752400,19.79375244140625,-6.968024656677246,-3.564816634368896,4.501398396301269
1788862782033759200,19.80375927734375,-7.497891411590576,-3.206135298156738,4.6061447189331055
1788862782043765200,19.81376513671875,-7.14414811630249,-2.955193036651611,5.462820000457763
1788862782053771500,19.823771484375,-7.7124717353820795,-3.21765739364624,5.691316621398926
1788862782063778300,19.8337783203125,-8.416815936279296,-3.7865795631408687,5.543624306488037
1788862782073784300,19.843784423828126,-7.657704372406005,-4.491671952056884,5.893327386474609
1788862782083791600,19.85379150390625,-6.449380722045898,-5.231330627441406,6.179135209655762
1788862782093797400,19.86379736328125,-6.463297019195556,-6.121225457000732,5.438877983856201
1788862782103803400,19.873803466796875,-7.020098542785644,-6.938246773529053,3.902548706054687
1788862782113810200,19.88381005859375,-6.528688652038574,-7.193229250335693,2.8233623077392576
1788862782123816400,19.89381640625,-5.572953276824951,-7.435791806030273,3.0814871742248533
1788862782133823500,19.903823486328125,-5.811475617218017,-7.850138330841064,3.716848439788818
1788862782143829200,19.913829345703125,-8.47846662902832,-8.110358123779296,3.394379403686523
1788862782153835300,19.923835205078124,-10.807575931549072,-7.76978293762207,1.7452233726501465
1788862782163842600,19.933842529296875,-7.842656450653076,-7.488164967346191,0.7966706024169922
1788862782173848300,19.943848388671874,-5.214271940612793,-7.232434302520751,1.569848101043701
1788862782183854300,19.953854248046873,-5.1605520408630365,-7.1297829063415525,2.390311082458496
1788862782193861400,19.963861328125,-6.543502774810791,-7.6942159477233885,3.0545524055480957
1788862782203867400,19.973867431640624,-9.06534531097412,-8.20343271331787,2.2936451904296873
1788862782213874400,19.98387451171875,-10.193313568115233,-7.73147571105957,0.598251139831543
1788862782223880200,19.993880126953126,-8.883086709594727,-6.759729112243652,0.586729044342041
1788862782233886500,20.003886474609374,-7.596951505279541,-5.900061078643798,1.698835715484619
1788862782243893500,20.0138935546875,-7.671919944763183,-5.633855781555176,2.6005519157409664
1788862782253899300,20.023899169921876,-9.471761042785644,-5.514594611358643,2.9715035354614256
1788862782263906600,20.033906494140624,-10.001478160095214,-4.9540521476745605,3.462763788604736
1788862782273912300,20.043912353515626,-8.224681253051758,-4.143764523315429,3.481318851470947
1788862782283918300,20.05391845703125,-7.109132917022705,-3.122637515258789,2.650231600189209
1788862782293925400,20.06392529296875,-7.396437116241454,-3.4270004013061524,2.520944710540771
1788862782303931400,20.073931396484376,-5.927295122528076,-4.747701892089843,2.6473884857177734
1788862782313937400,20.0839375,-1.9515736282348632,-5.0954596832275385,2.0781670410156248
1788862782323944400,20.0939443359375,-0.5422866760253906,-3.7113118484497067,0.8334814529418945
1788862782333950200,20.1039501953125,-1.3811550827026366,-1.8209400001525877,-0.5880757827758789
1788862782343957500,20.11395751953125,-2.1074960113525387,-0.6733692169189452,-1.933916390991211
1788862782353963300,20.12396337890625,-2.43235924911499,-0.007930792999267577,-2.831442738342285
1788862782363969300,20.13396923828125,-2.1631611999511717,0.24405893173217771,-2.820519193267822
1788862782373976600,20.1439765625,0.35628713455200195,-0.9159317726135253,-0.8499415893554687
1788862782383982300,20.153982421875,-0.35194764404296874,-2.1478981643676756,0.4955997436523437
1788862782393988400,20.16398828125,-5.719897403717041,-1.9681834022521971,-1.395071379852295
1788862782403995400,20.173995361328124,-8.081627703857421,-0.24121581726074218,-4.9646764175415035
1788862782414001400,20.18400146484375,-7.030722812652588,1.7121534622192383,-5.9579708312988275
1788862782424008400,20.194008544921875,-7.423371884918213,3.080439710998535,-4.133140253448486
1788862782434014200,20.20401416015625,-8.184877650451659,3.474435521697998,-0.9335890098571776
1788862782444020200,20.214020263671873,-7.298723760986328,2.599055539703369,3.368492098236084
1788862782454027500,20.224027587890625,-6.813149736785888,0.9475053070068359,6.638672290802002
1788862782464033300,20.234033203125,-10.861295831298827,0.6024409927368164,6.471227812194824
1788862782474039300,20.244039306640627,-17.233613187408448,1.2759598472595215,5.459976885986328
1788862782484046300,20.25404638671875,-20.2247192489624,1.6198270606994627,6.461202092742919
1788862782494052400,20.26405224609375,-17.611747412109374,0.08783727340698241,9.061155458068846
1788862782504059400,20.274059326171876,-15.215750100708007,-2.5573066482543942,10.71315460357666
1788862782514065400,20.2840654296875,-14.686332258605956,-4.470722687530517,9.463830249786376
1788862782524071400,20.294071533203127,-13.067552661132812,-6.099528004455566,6.3700727920532225
1788862782534078500,20.304078369140626,-11.283124236297606,-7.726836945343017,3.4968811622619627
1788862782544084200,20.314084228515625,-10.683675995635985,-8.667458922576904,1.3941735542297362
1788862782554090500,20.324090576171876,-10.471489873504638,-9.060856182861327,0.7248445526123046
1788862782564097300,20.33409716796875,-8.374169219207763,-9.28246947402954,1.707065783691406
1788862782574103300,20.344103271484375,-7.168539045715332,-8.596081785583495,2.4568998161315916
1788862782584110600,20.354110595703126,-7.698405800628661,-6.6148799118041985,2.348113278198242
1788862782594116400,20.364116455078126,-7.997531370544433,-4.402787215423584,2.168248878479004
1788862782604122400,20.374122314453125,-6.023512101745605,-2.735674671936035,2.881272060394287
1788862782614129400,20.38412939453125,-3.3879449867248534,-1.5013140785217285,3.9878421401977535
1788862782624135400,20.394135498046875,-3.1471780822753903,-0.4376899909973144,3.9809588104248044
1788862782634141400,20.404141357421874,-2.4447791702270507,0.03591302490234375,3.4460043769836424
1788862782644148200,20.414148193359374,-1.3199533027648924,-0.08349778289794921,3.217058843231201
1788862782654154200,20.424154296875,-1.526602833557129,-0.5422866760253906,2.580650114440918
1788862782664161500,20.43416162109375,-3.5058594184875487,-1.0021230323791503,0.704194563293457
1788862782674167300,20.444167236328123,-5.772869115447998,-1.2609960868835448,-1.857152300262451
1788862782684173300,20.45417333984375,-6.0975827156066895,-2.1389199081420895,-3.0654759506225586
1788862782694180600,20.4641806640625,-5.034706816101074,-4.975599962615966,-1.348982997894287
1788862782704186400,20.474186279296877,-5.5832782714843745,-8.26089355316162,2.3603835617065427
1788862782714192400,20.4841923828125,-7.454346868896484,-10.785579203796386,6.580313625335693
1788862782724199200,20.49419921875,-8.143577671813965,-12.817059312438964,8.652495162200927
1788862782734205400,20.504205322265626,-8.000973035430908,-13.53427234725952,7.3946414649963375
1788862782744212500,20.51421240234375,-7.915529963684081,-13.235745327758789,4.416404237365723
1788862782754218200,20.52421826171875,-7.701398552703857,-12.80778178100586,1.5740379539489746
1788862782764224300,20.534224365234376,-7.940519443511962,-12.221052736663818,0.14888941574096679
1788862782774231600,20.5442314453125,-8.06950705795288,-11.975198153686522,1.1363479629516602
1788862782784237300,20.5542373046875,-7.89727417602539,-12.133963651275634,4.09842432937622
1788862782794243300,20.564243408203126,-8.001870861053467,-12.974926984405517,6.206668528747558
1788862782804250400,20.57425048828125,-8.494328215026854,-13.607894048309326,6.115239952850342
1788862782814256400,20.58425634765625,-8.449885846710204,-12.931083166503905,5.5467666961669915
1788862782824263400,20.594263427734376,-8.02491505203247,-11.518055274200439,5.345953031921386
1788862782834269200,20.604269287109375,-7.385812846374511,-10.424354028320312,5.354482375335693
1788862782844275500,20.614275390625,-7.21417851486206,-9.71058265838623,4.842572132873535
1788862782854282500,20.624282470703125,-6.528389376831054,-9.232191239166259,4.457853853607178
1788862782864288300,20.634288330078125,-5.278466472625732,-8.75978532409668,4.653729476928711
1788862782874294300,20.644294189453124,-4.296993429565429,-8.034791133880615,4.48778137435913
1788862782884301300,20.65430126953125,-3.6596868751525875,-7.586925785827637,3.5700539505004882
1788862782894307300,20.664307373046874,-3.0783447845458984,-7.3802762550354,2.635267839813232
1788862782904314400,20.674314453125,-2.66205297088623,-7.145943767547607,1.9322703773498533
1788862782914320400,20.6843203125,-2.8297967247009277,-7.205948446655273,1.4368202713012694
1788862782924326400,20.694326416015624,-3.2191537696838375,-7.470208454895019,1.2894272315979003
1788862782934333400,20.70433349609375,-3.301304814147949,-7.764096708679198,1.3884873252868652
1788862782944339200,20.714339111328126,-3.1741128509521483,-7.946056034851074,1.5604209320068358
1788862782954345500,20.724345458984374,-3.263745775604248,-7.881113314819335,1.7248726585388183
1788862782964352300,20.734352294921877,-4.0547301490783685,-7.652467056274413,1.797895809173584
1788862782974358500,20.744358642578124,-5.270685317230225,-7.434594705200195,1.495777487182617
1788862782984365600,20.754365478515624,-5.868188269042968,-7.101052486419677,0.8761281700134277
1788862782994371300,20.764371337890626,-5.236268668365478,-6.3621419990539545,0.8530839790344238
1788862783004377600,20.774377685546874,-4.377797735595703,-5.582230808258056,1.6078560523986816
1788862783014384400,20.78438427734375,-4.799326865386963,-5.2453965621948235,2.159270622253418
1788862783024390400,20.794390380859376,-5.897367601776122,-5.316923336791992,2.319382858276367
1788862783034396400,20.804396484375,-6.553678131866454,-5.810577791595459,2.7802666778564453
1788862783044403500,20.814403564453126,-7.6193971458435055,-6.6018614402771,3.714454238128662
1788862783054409500,20.824409423828126,-8.93770443496704,-7.6014406333923334,4.792742810821533
1788862783064416500,20.83441650390625,-9.633220017242431,-8.613140472412109,5.414487054443359
1788862783074422500,20.844422607421876,-9.943718045043944,-9.31464155883789,5.1894320983886715
1788862783084428500,20.854428466796875,-10.280402653503417,-9.48687444076538,4.854243865966796
1788862783094435300,20.864435302734375,-9.556156651306152,-9.184157568359375,5.497984837341308
1788862783104441300,20.87444140625,-8.40140326309204,-8.24188957748413,6.535123069000243
1788862783114447600,20.884447509765625,-7.943063282775879,-7.317877374267578,7.176619476318359
1788862783124454400,20.894454345703124,-8.463802143859862,-6.9725137847900385,7.172130348205566
1788862783134460400,20.90446044921875,-8.90643017578125,-7.098209371948242,6.4734723762512205
1788862783144466400,20.914466552734375,-8.019528098297119,-7.369951260375976,5.565770671844482
1788862783154473500,20.924473388671874,-6.651241849517822,-7.3748893013000485,4.871751465606689
1788862783164479500,20.9344794921875,-6.771101570129394,-7.053318090820312,3.837605986022949
1788862783174486300,20.944486328125,-6.819733791351318,-6.649745473480224,2.8080992721557614
1788862783184492500,20.954492431640624,-5.950937863922118,-6.258592777252197,2.3116017028808593
1788862783194498600,20.96449853515625,-5.089474179077148,-5.93103606262207,2.313546991729736
1788862783204505300,20.97450537109375,-4.952256496429443,-5.856815811157226,2.746298941802978
1788862783214511400,20.984511474609373,-6.590339344787597,-6.02036971206665,3.070114716339111
1788862783224517600,20.994517578125,-9.035567427825928,-6.357203958129882,3.2227450721740722
1788862783234524400,21.0045244140625,-10.434679022979736,-6.969072119903564,3.2396541213989254
1788862783244530400,21.014530517578127,-10.440963802337645,-7.377283502960204,3.175010676574707
1788862783254537500,21.024537353515626,-9.994445192718505,-7.493551921081543,3.040336833190918
1788862783264543500,21.03454345703125,-9.251494490051268,-7.052569902801514,2.846855411529541
1788862783274549500,21.044549560546876,-6.6264020072937,-5.947346561431885,2.9008745864868164
1788862783284556500,21.054556640625,-4.733635957336426,-4.489427388000488,2.9945477264404294
1788862783294562600,21.0645625,-5.080495922851562,-3.4120366409301757,3.1917700881958004
1788862783304568600,21.074568603515626,-5.946149460601807,-2.530671154785156,3.0672716018676756
1788862783314575400,21.084575439453126,-6.48020606842041,-1.4513351188659667,2.3460183517456055
1788862783324581600,21.09458154296875,-6.094889238739014,-0.5134066184997559,1.349581548309326
1788862783334587600,21.104587646484376,-5.314379497528076,0.13856442108154296,0.3962403747558593
1788862783344594400,21.114594482421875,-5.137208574676514,0.20679916839599607,0.29074586410522457
1788862783354600400,21.124600341796874,-4.983381118011474,-0.526125814819336,0.8354267417907715
1788862783364607500,21.134607421875,-5.321711740112304,-1.831713907623291,1.1945569908142089
1788862783374613500,21.144613525390625,-6.85040950012207,-3.481468489074707,1.636287197113037
1788862783384619500,21.15461962890625,-7.223456046295166,-4.942380414581298,1.8649334556579589
1788862783394626600,21.16462646484375,-7.0461354858398435,-5.355679476165771,1.416020644378662
1788862783404632600,21.174632568359375,-6.8296098731994626,-4.649240348815917,0.4638765716552734
1788862783414638600,21.184638671875,-7.36740742111206,-3.7255274208068845,-0.5319616813659668
1788862783424645400,21.194645263671877,-8.59323867111206,-2.8297967247009277,-1.4202104972839356
1788862783434651600,21.204651611328124,-9.620351183319091,-1.9315221893310546,-1.4870985061645507
1788862783444658400,21.214658447265624,-9.215581465148926,-2.0138228713989257,-0.023942016601562498
1788862783454664400,21.22466455078125,-9.343671253967285,-2.461987494659424,1.6448165405273436
1788862783464670500,21.23467041015625,-10.283545043182372,-1.6680103691101074,0.7736264114379883
1788862783474677500,21.244677490234373,-9.25029738922119,-0.7392097625732421,-0.35613749694824215
1788862783484683500,21.25468359375,-8.493580027008056,0.6187514915466308,-0.05566518859863281
1788862783494689500,21.264689453125,-8.620771990203856,1.615936483001709,1.1131541343688964
1788862783504696600,21.274696533203127,-9.776123928833007,1.4079402137756347,2.5966613380432126
1788862783514702600,21.28470263671875,-10.831368310546875,0.6037877311706542,3.3535283378601073
1788862783524708600,21.29470849609375,-10.104877744293212,-0.834379278564453,4.280682930755615
1788862783534715400,21.30471533203125,-9.375843338775635,-3.216460292816162,5.4415714607238765
1788862783544721700,21.3147216796875,-9.416095854187011,-4.537012145996093,4.830152211761474
1788862783554728400,21.324728515625,-7.6288243148803705,-4.152593141937255,3.2187048568725585
1788862783564734500,21.334734375,-6.139930157470703,-3.500472464752197,2.039410901641846
1788862783574740500,21.344740478515625,-6.7268088394165035,-2.4992472579956053,0.19318214645385742
1788862783584747500,21.35474755859375,-5.8159647453308105,-2.1154268043518063,-0.6929717430114746
1788862783594753500,21.36475341796875,-4.4211926406860345,-2.607435245513916,-0.15307926864624022
1788862783604759600,21.374759521484375,-3.918709567260742,-3.2152631919860837,0.3553893089294433
1788862783614766600,21.3847666015625,-4.114734828186035,-3.399766357421875,-0.05027823486328125
1788862783624772600,21.394772705078125,-4.590582408142089,-2.8570307685852048,-0.9811737678527831
1788862783634778600,21.404778564453125,-4.352209705352783,-1.8071733406066894,-1.547552098083496
1788862783644785400,21.414785400390624,-3.7008372161865233,-0.7683890953063964,-1.4136264427185057
1788862783654791700,21.424791748046875,-4.853645315551757,-0.09980828170776367,-1.5114894355773925
1788862783664798500,21.434798583984374,-7.263110011291504,0.29613281784057616,-1.8766051887512205
1788862783674804500,21.444804443359374,-8.06412010421753,0.21862053909301757,-1.0455179374694823
1788862783684810500,21.454810546875,-6.937648223114013,-1.2463316017150878,1.8806454040527343
1788862783694817500,21.464817626953124,-6.618171939086913,-3.799298759460449,5.540930829620361
1788862783704823600,21.474823486328123,-7.734917375946044,-6.387879666900634,7.228992637634277
1788862783714829600,21.48482958984375,-8.043021202087402,-8.387337328338623,6.5218053222656245
1788862783724836600,21.494836669921874,-7.661594950103759,-9.853037657165526,5.128679231262207
1788862783734842600,21.504842529296877,-8.412775720977782,-10.804134266662597,3.8634932914733886
1788862783744848400,21.514848388671876,-9.65297218093872,-11.201122829437255,3.0535049423217773
1788862783754855400,21.52485546875,-9.571868599700927,-11.251550701904296,3.0793922477722164
1788862783764861700,21.53486181640625,-8.621520178222656,-10.724676699066162,3.3625065940856933
1788862783774868500,21.544868408203126,-7.4503066535949705,-9.535805937194823,3.946093248748779
1788862783784874500,21.55487451171875,-7.562834131622314,-7.801057196807861,3.986345764160156
1788862783794880500,21.564880615234376,-8.489090898895263,-6.075286712646484,3.0885201416015624
1788862783804887600,21.574887451171875,-8.756942209625244,-4.880879359436035,1.9595044212341308
1788862783814893600,21.5848935546875,-7.690026094818115,-4.355651370239258,1.6123451805114746
1788862783824899300,21.5948994140625,-5.4050598854064935,-4.742015663146972,2.7067946144104003
1788862783834906600,21.60490673828125,-4.412663297271728,-5.562329006958008,3.738096979522705
1788862783844912600,21.61491259765625,-5.038747031402588,-5.996577333068847,3.731662562561035
1788862783854918400,21.62491845703125,-4.549432067108154,-6.58270782699585,3.5893572013854977
1788862783864925700,21.63492578125,-3.647117316436767,-7.766790185546874,3.7765538436889647
1788862783874931500,21.644931396484374,-4.506336437225341,-9.377788627624511,4.1548377059936525
1788862783884938500,21.6549384765625,-6.118531980133056,-10.288034171295166,4.356998108673095
1788862783894944500,21.664944580078124,-7.512705534362793,-10.323947196197508,3.865737855529785
1788862783904950500,21.674950439453124,-8.437914838409423,-10.487800372314453,3.1479262702941893
1788862783914957600,21.68495751953125,-8.316259466552735,-10.640730003356932,3.556586566162109
1788862783924963600,21.694963623046874,-7.612813091278076,-10.014945544433592,4.557362860107421
1788862783934969300,21.70496923828125,-7.512555896759033,-8.669703486633301,4.197185147857666
1788862783944976600,21.7149765625,-7.499687062835693,-7.8906901214599605,3.407397875213623
1788862783954982400,21.724982421875,-7.033565927124023,-7.877671649932861,3.376572528839111
1788862783964988400,21.734988525390627,-5.9394157684326165,-8.186374026489258,4.012681982421875
1788862783974996000,21.744995849609374,-5.385158084106445,-8.349927927398682,4.634276588439941
1788862783985002000,21.755001953125,-6.563853488922119,-9.005490269470215,4.429422708892822
1788862783995008000,21.765008056640625,-8.0437693901062,-10.247332743072509,3.762787184143066
1788862784005014800,21.775014892578124,-8.12726717300415,-10.968735630798339,3.614346681213379
1788862784015021000,21.78502099609375,-7.153276010131836,-10.858751992034911,3.7888241271972656
1788862784025028000,21.795028076171874,-6.682516108703613,-10.555286931610107,3.7945103561401363
1788862784035033900,21.805033935546874,-7.2617632728576655,-10.226084203338623,3.574692716217041
1788862784045040000,21.8150400390625,-7.670573206329346,-9.531017533874511,2.886210101318359
1788862784055047000,21.825046875,-6.799981627655029,-8.511386901855468,2.5094226150512693
1788862784065053000,21.835052978515623,-5.212476289367675,-7.181707154846191,3.2736218574523925
1788862784075059000,21.845058837890626,-3.7849335494995113,-6.489034687042236,4.610633847045898
1788862784085066000,21.85506591796875,-4.017021472930908,-6.707505588531494,4.889408702850342
1788862784095072000,21.865072021484377,-4.983979668426513,-7.073219892120361,4.11144280090332
1788862784105078000,21.875078125,-5.673809021759033,-7.130680731964111,3.2653917892456055
1788862784115085000,21.8850849609375,-6.5391632843017575,-7.260266896820068,2.590825471496582
1788862784125091000,21.895091064453126,-6.594379560089111,-7.345410693359375,2.4993968955993653
1788862784135097000,21.90509716796875,-6.1076084350585935,-7.324910341644287,2.8000188415527343
1788862784145104000,21.915103759765625,-5.904400569152831,-7.177218026733398,3.022230683135986
1788862784155110100,21.925110107421876,-6.183474700164795,-6.753294695281982,3.443161262512207
1788862784165117000,21.935116943359375,-7.219565468597412,-6.067355919647216,3.979911347198486
1788862784175123000,21.945123046875,-7.730727523040771,-5.424512773895263,5.077054257965088
1788862784185129000,21.95512890625,-8.106467546081543,-5.330390721130371,6.6048541923522945
1788862784195136000,21.965135986328125,-9.133131145477295,-5.890035359191894,7.690026094818115
1788862784205142000,21.97514208984375,-9.424325922393798,-6.347178238677978,7.498190686798095
1788862784215148000,21.98514794921875,-8.681973770141601,-6.608595132446289,6.29495471496582
1788862784225155000,21.995155029296875,-8.04406866531372,-6.598120500183105,4.75653051071167
1788862784235161000,22.0051611328125,-7.0735191673278806,-6.395511184692382,3.591152852630615
1788862784245167000,22.0151669921875,-5.156511825561523,-6.4828995452880855,3.2704794677734372
1788862784255174000,22.025173828125,-4.139873945617675,-7.173177811431884,3.344250806427002
1788862784265180200,22.03518017578125,-5.702539441680908,-8.170961353302001,3.101987525939941
1788862784275187000,22.04518701171875,-7.317727736663818,-8.915707707214356,2.8610709838867185
1788862784285193000,22.05519287109375,-6.990171022033691,-9.35294878540039,3.164236769104004
1788862784295199000,22.065198974609373,-7.396736391448974,-9.28875425338745,3.358616016387939
1788862784305206000,22.0752060546875,-9.447370113372802,-8.814702324676514,2.724152576446533
1788862784315212000,22.0852119140625,-9.945812971496581,-8.225429441070556,1.8167501472473144
1788862784325218000,22.095218017578127,-7.694964135742187,-7.74374599456787,1.9834464378356933
1788862784335225000,22.10522509765625,-6.3049804344177245,-6.788908444976807,2.7747300865173337
1788862784345231000,22.115231201171873,-6.787112793731689,-5.099200623321533,3.1405940277099607
1788862784355237000,22.125237060546876,-7.424568985748291,-3.079841160583496,3.1995512435913085
1788862784365244000,22.135243896484376,-7.950245887756347,-1.3353659759521483,2.891597055053711
1788862784375250200,22.145250244140627,-8.09539436340332,0.08215104446411133,2.809745285797119
1788862784385256000,22.155255859375,-8.468740184783934,0.7951742263793945,3.116801648712158
1788862784395263000,22.165262939453125,-9.419088606262207,0.006284779357910156,3.339761678314209
1788862784405269000,22.17526904296875,-8.536974932098389,-2.2882582366943356,3.282749751281738
1788862784415276000,22.185276123046876,-6.69733023147583,-4.504091873168945,2.5284265907287597
1788862784425282000,22.195281982421875,-5.903802018737792,-5.36899722290039,1.1384428894042968
1788862784435288000,22.2052880859375,-5.86130493927002,-5.132120896148681,0.003441664886474609
1788862784445295000,22.215295166015625,-6.88258158493042,-4.151545678710937,-0.11731588134765625
1788862784455301000,22.225301025390625,-8.2230352394104,-3.1636382186889644,0.5065232887268066
1788862784465307000,22.235306884765624,-9.163507579040527,-2.627935597229004,0.5330091445922851
1788862784475314000,22.24531396484375,-8.725368675231934,-2.073528275299072,-0.3559878593444824
1788862784485320200,22.2553203125,-7.19472562637329,-1.5900491775512695,-0.8493430389404296
1788862784495326000,22.265325927734374,-7.031770275878906,-1.2720692695617675,-0.5249287139892578
1788862784505333000,22.2753330078125,-8.754847283172607,-0.6667851623535156,-0.8239046463012695
1788862784515339000,22.285339111328124,-10.141090044403075,0.06150105514526367,-0.8270470359802246
1788862784525345000,22.295344970703123,-10.68651911010742,0.38232407760620113,1.3819032707214354
1788862784535352000,22.30535205078125,-10.764480301666259,-0.9130886581420898,2.8042086944580076
1788862784545357800,22.31535791015625,-9.318232861328125,-2.517503045654297,3.469796755981445
1788862784555364000,22.325364013671877,-9.494805233764648,-3.1399954772949217,3.6789901260375975
1788862784565371100,22.33537109375,-9.370755660247802,-2.2390274650573727,2.3868694175720213
1788862784575377000,22.345376953125,-8.202235612487792,-0.6446387969970703,0.869544115447998
1788862784585384200,22.35538427734375,-6.430825659179687,-0.3452139518737793,1.0941501586914062
1788862784595390200,22.36539013671875,-5.507112731170654,-1.712303099822998,2.7103859169006346
1788862784605396000,22.37539599609375,-7.448511002349853,-2.30471837310791,1.805377689361572
1788862784615403000,22.385403076171876,-7.043442008972168,-2.2266075439453124,0.25423428878784177
1788862784625409000,22.395408935546875,-5.242703085327149,-2.184559377288818,0.09906009368896483
1788862784635415000,22.4054150390625,-5.033210440063476,-2.216731462097168,0.4008791404724121
1788862784645422000,22.415422119140626,-5.9193643295288085,-2.0594623405456542,0.06419453201293945
1788862784655427800,22.425427734375,-5.917119765472412,-1.613991194152832,-0.5493196434020996
1788862784665434000,22.43543408203125,-4.919186585998535,-1.1902175003051758,-0.6220435188293457
1788862784675441200,22.445441162109375,-4.796783026123046,-0.7844003189086913,-0.06808510971069336
1788862784685447000,22.455447021484375,-5.946299098205566,-0.7080851409912109,0.776319888305664
1788862784695453000,22.465452880859374,-6.743717888641357,-1.0142436782836914,1.5774796188354492
1788862784705460000,22.4754599609375,-5.627720639801025,-1.75569800491333,2.5254338386535644
1788862784715466000,22.485466064453124,-4.3439796371459956,-2.74525147857666,3.3391631278991696
1788862784725472000,22.495471923828124,-5.1422962532043455,-3.4671032791137693,3.1968577667236326
1788862784735479000,22.50547900390625,-6.550984654998779,-3.967042513275146,2.3870190551757813
1788862784745485000,22.515485107421874,-7.614459104919433,-4.1834184883117675,1.6811784782409667
1788862784755491000,22.525490966796873,-8.923488862609863,-4.157082270050049,1.5282488471984863
1788862784765497900,22.535497802734376,-9.890746333312988,-4.4662335594177245,2.699013459014892
1788862784775504100,22.545504150390624,-10.122086068725585,-5.84215132598877,5.022436532592773
1788862784785511000,22.555510986328127,-10.039785386657714,-7.771578588867187,6.550685379791259
1788862784795517000,22.565516845703126,-9.199570241546631,-9.874136559295653,6.70975015258789
1788862784805523000,22.57552294921875,-8.705167598724366,-11.735927625274657,6.021866088104248
1788862784815530000,22.585530029296876,-8.955810585021972,-12.297667189788818,4.251353960418701
1788862784825536000,22.595535888671876,-8.091952698516845,-11.780669268798828,2.3683143547058103
1788862784835542000,22.6055419921875,-6.039224050140381,-10.782436814117432,1.2761094848632812
1788862784845549000,22.615549072265626,-4.6061447189331055,-9.139116649627685,0.8586205703735351
1788862784855555000,22.62555517578125,-4.670937801361084,-7.1221513885498045,1.0673650276184081
1788862784865561000,22.63556103515625,-5.357175852203369,-5.1882349975585935,1.5774796188354492
1788862784875567900,22.64556787109375,-5.577592042541504,-3.9770682327270506,1.9927239692687988
1788862784885574100,22.65557421875,-5.202450569915771,-3.244442524719238,2.3344962562561036
1788862784895580200,22.665580078125,-4.354454269409179,-3.143736417388916,3.099593324279785
1788862784905587000,22.6755869140625,-4.377498460388184,-3.9743747558593747,3.9769185951232906
1788862784915593000,22.685593017578125,-5.660491275024413,-5.893776299285888,4.519205271148682
1788862784925599000,22.695598876953124,-7.1212535629272455,-8.295310202026366,4.889109427642822
1788862784935606000,22.70560595703125,-7.599495344543457,-10.555436569213867,5.773766941070556
1788862784945612000,22.715612060546874,-6.68386284713745,-12.572551467895508,7.38012661743164
1788862784955617800,22.72561767578125,-6.285976458740234,-13.838934508514404,7.7772648178100585
1788862784965625000,22.735625,-7.563881594848632,-13.884873252868651,5.6964042999267575
1788862784975630800,22.745630859375,-7.726388032531738,-13.308319565582275,3.144334967803955
1788862784985638000,22.755637939453123,-6.2204351882934565,-12.63495034866333,2.15792388381958
1788862784995644000,22.765643798828126,-5.748777461242676,-11.18511160583496,2.3145944549560546
1788862785005650000,22.77564990234375,-6.357652870941162,-9.67137760620117,2.909254292297363
1788862785015656700,22.78565673828125,-7.23348176574707,-8.66282015686035,3.044077773284912
1788862785025663000,22.7956630859375,-7.480533449554443,-8.050951995086669,3.7178959030151364
1788862785035668700,22.805668701171875,-7.481281637573241,-7.111377481079101,4.0924388252258295
1788862785045675800,22.81567578125,-7.063942360687255,-6.083666418457031,4.351461517333984
1788862785055681800,22.825681884765626,-6.601711802673339,-5.49693737411499,4.625447969818115
1788862785065687800,22.835687744140625,-6.273257262420654,-5.734711526489257,4.904372463226318
1788862785075694800,22.84569482421875,-7.416338917541504,-6.612635347747802,5.090970555114746
1788862785085700900,22.855700927734375,-7.9943889808654784,-7.622988448333739,5.2910360313415525
1788862785095706600,22.86570654296875,-6.785466780090331,-8.597278886413573,5.870133557891846
1788862785105714000,22.8757138671875,-5.8928784736633295,-9.306561128234863,6.069001933288574
1788862785115719700,22.8857197265625,-6.456862602233886,-9.413103102111815,5.044732535552979
1788862785125725700,22.8957255859375,-6.564152764129639,-9.197624952697753,3.4096424392700193
1788862785135733000,22.90573291015625,-5.11356583328247,-8.650849148559569,2.3403321228027343
1788862785145738800,22.91573876953125,-2.8098949234008788,-7.7215996292114255,2.121412308502197
1788862785155744800,22.925744873046874,-2.6689363006591798,-6.589291881561279,1.9023428565979004
1788862785165751800,22.935751708984377,-4.430021259307861,-5.861753852081298,1.4944307487487791
1788862785175757800,22.9457578125,-5.537489164733886,-5.698798501586913,1.712303099822998
1788862785185764900,22.955764892578124,-6.268319221496582,-6.002113924407959,2.8272528854370114
1788862785195770600,22.9657705078125,-8.039429899597167,-6.834248638916015,4.289511549377441
1788862785205776600,22.975776611328126,-10.449343508148193,-7.9195701789855955,5.448305152893066
1788862785215784000,22.985783935546873,-12.25861177520752,-9.222614432525635,5.849333930969238
1788862785225789700,22.995789794921876,-12.292429873657225,-10.289979460144043,6.357503233337402
1788862785235795700,23.005795654296875,-10.84034656677246,-10.591199956512451,7.611167077636718
1788862785245802800,23.015802734375,-9.291447730255127,-10.101884992218016,8.125022608947754
1788862785255808800,23.025808837890626,-8.28633194580078,-9.49315922012329,7.191433599090575
1788862785265814800,23.035814697265625,-7.136217323303223,-8.990526509094238,5.981463935089111
1788862785275821600,23.045821533203124,-6.396558647918701,-8.290372161102294,4.761318914031982
1788862785285827800,23.055827880859376,-5.782894834899902,-7.3742907508850095,3.684377079772949
1788862785295833900,23.065833740234375,-4.916493109130859,-6.647351271820068,3.0352491546630858
1788862785305840600,23.075840576171874,-4.406827430725097,-6.177638833618164,2.6619033332824706
1788862785315847000,23.085846923828125,-5.144690454864501,-5.886743331909179,2.2168810997009274
1788862785325853000,23.09585302734375,-5.9868508888244625,-5.607070650482178,1.9505261650085448
1788862785335859700,23.105859619140624,-4.931756144714355,-5.652859757232665,2.177676047515869
1788862785345865700,23.11586572265625,-4.101267443847656,-5.832724156951904,2.328361114501953
1788862785355872000,23.1258720703125,-4.418648801422119,-5.937320841979981,2.2336405113220215
1788862785365878800,23.135878662109373,-5.224596935272216,-5.622932236480713,1.7721581413269043
1788862785375884800,23.145884765625,-5.933579901885986,-4.5884874816894525,0.9172785110473632
1788862785385890800,23.155890869140624,-5.968595101165771,-3.5021184783935544,0.443076944732666
1788862785395897900,23.16589794921875,-5.9756280685424805,-2.2782325172424316,0.6305728622436523
1788862785405904000,23.17590380859375,-5.93103606262207,-1.4808137268066406,1.5625158584594725
1788862785415910000,23.185909912109373,-6.477213316345215,-1.745522647857666,2.919579286956787
1788862785425917000,23.1959169921875,-7.395389653015136,-2.897881834411621,3.922600144958496
1788862785435923000,23.2059228515625,-8.001870861053467,-4.009988505554199,4.038569287872314
1788862785445928700,23.2159287109375,-8.539369133758544,-4.247313745117188,3.329885596466064
1788862785455935700,23.225935791015626,-7.757363016510009,-4.138976119995117,2.908655741882324
1788862785465942000,23.23594189453125,-8.054094384765625,-3.789572315216064,2.7454011161804197
1788862785475947800,23.24594775390625,-9.131934044647217,-3.5098996337890624,2.1115362266540525
1788862785485954800,23.255954833984376,-8.693944778442383,-3.5793314819335937,1.0375871444702147
1788862785495960800,23.2659609375,-9.017461277770996,-3.3200095146179196,0.06763619689941405
1788862785505967900,23.2759677734375,-8.411728257751465,-2.94307239074707,0.03980360260009765
1788862785515974000,23.285973876953125,-8.348880464172362,-2.8507459892272946,0.4734533782958984
1788862785525979600,23.295979736328125,-8.95147109451294,-2.994996639251709,0.373495458984375
1788862785535987000,23.305987060546876,-8.794052335357666,-3.458873210906982,0.4433762199401855
1788862785545993000,23.315992919921875,-9.029133010864257,-3.5914521278381346,0.8575731071472168
1788862785555998700,23.325998779296874,-8.954314208984375,-3.725228145599365,1.2566565963745115
1788862785566005800,23.336005859375,-8.652195886993407,-3.897610665130615,1.5291466728210448
1788862785576011800,23.34601171875,-8.423250353240967,-3.984999025726318,1.5453075340270994
1788862785586017800,23.356017822265624,-6.878092456817627,-3.540724980163574,1.7966987083435058
1788862785596024800,23.36602490234375,-6.480954256439208,-3.4293946029663083,1.788917552947998
1788862785606030600,23.376030517578126,-6.983886242675781,-3.106626291656494,1.1534066497802733
1788862785616036900,23.386036865234374,-7.372046186828613,-1.7362451164245605,0.19168577041625975
1788862785626044000,23.3960439453125,-6.776338886260986,-0.6405985816955566,-0.31797990798950193
1788862785636049700,23.406049560546876,-5.956923368072509,-0.8295908752441405,-0.26755203552246093
1788862785646055700,23.4160556640625,-6.966079367828368,-1.651699870300293,0.6275801101684569
1788862785656062700,23.426062744140626,-7.587973249053954,-1.7986439971923827,0.9877578224182129
1788862785666068700,23.43606884765625,-6.250661984252929,-1.661127039337158,0.9674071083068847
1788862785676074800,23.44607470703125,-5.1985599922180175,-1.354669226837158,0.8171709541320801
1788862785686081800,23.456081787109376,-4.994753575897216,-0.945560018157959,0.5930138236999511
1788862785696087800,23.466087890625,-5.6407391113281244,-0.8182184173583984,0.5590460876464843
1788862785706093800,23.47609375,-5.884648405456542,-0.8877999031066894,0.6362590911865234
1788862785716100600,23.4861005859375,-5.7523687637329095,-0.6343138023376464,0.3752911102294922
1788862785726107000,23.49610693359375,-6.099827279663086,-0.5113116920471191,0.39923312683105466
1788862785736113000,23.50611279296875,-6.787112793731689,-0.856824919128418,0.948702407836914
1788862785746119700,23.51611962890625,-6.864924347686767,-1.23211602935791,1.4823101028442383
1788862785756125700,23.526125732421875,-6.931064168548583,-1.4986206016540526,1.9419968215942383
1788862785766132000,23.536132080078126,-7.491606632232665,-1.8860323577880858,2.422782442474365
1788862785776138800,23.546138671875,-8.168118238830566,-2.64963304977417,3.087472678375244
1788862785786144800,23.556144775390624,-8.373271393585204,-3.763535372161865,3.8453871414184566
1788862785796151000,23.566151123046875,-7.85911658706665,-4.894646018981933,4.090792811584472
1788862785806157800,23.57615771484375,-7.948899149322509,-5.732766237640381,3.8736686485290526
1788862785816163800,23.586163818359374,-8.634389012145995,-6.312312677001953,3.5773861930847164
1788862785826169900,23.596169921875,-8.610147720336913,-6.670994013214111,3.366397171783447
1788862785836177000,23.606177001953125,-8.838494703674316,-6.667552348327637,3.312826909637451
1788862785846183000,23.616182861328124,-9.556156651306152,-6.572382832336426,3.615394144439697
1788862785856188700,23.626188720703126,-10.116699114990233,-6.621912879180908,4.065803331756592
1788862785866196000,23.636196044921874,-9.687089554595946,-6.479008967590332,4.219481150817871
1788862785876202000,23.646201904296873,-8.18562583847046,-6.2475195945739745,4.371213681030273
1788862785886207700,23.656207763671876,-7.381473355865478,-6.538265458679199,4.636970065307617
1788862785896214800,23.66621484375,-7.988852389526366,-7.106289802551269,4.440795166778564
1788862785906220800,23.676220703125,-8.270619997406005,-7.881412590026855,4.030788132476807
1788862785916226800,23.686226806640626,-7.427561737823486,-9.025691345977783,4.062212029266357
1788862785926233900,23.69623388671875,-6.797737063598633,-10.171915390777587,4.318241969299316
1788862785936239600,23.706239501953124,-7.32251613998413,-10.838251640319823,3.844040402984619
1788862785946246000,23.716245849609376,-7.357680976867675,-10.512789852142333,2.858078231811523
1788862785956253000,23.7262529296875,-6.033837096405029,-9.624541036224365,2.339434297180176
1788862785966258700,23.7362587890625,-5.2162172294616695,-7.734318825531005,2.342427049255371
1788862785976265000,23.746264892578125,-5.308393993377686,-5.6395420104980465,2.625691033172607
1788862785986272000,23.75627197265625,-4.9078141281127925,-4.410119458007812,3.182642194366455
1788862785996278000,23.766278076171876,-3.8257846153259276,-3.9906852546691893,4.068047895812988
1788862786006284000,23.776283935546875,-4.218583325195312,-4.128800762939453,4.209754706573486
1788862786016290800,23.786290771484374,-5.658246710968017,-5.119850612640381,3.4223616355895996
1788862786026297000,23.796297119140625,-5.4415714607238765,-7.08055213470459,3.225288911437988
1788862786036303000,23.80630322265625,-4.66091208190918,-9.067290599822998,3.602674948120117
1788862786046310000,23.816309814453124,-5.3484968711853025,-10.5597760597229,3.7849335494995113
1788862786056316000,23.82631591796875,-6.960393138885498,-11.991209377288818,3.7925650672912594
1788862786066323000,23.836322998046874,-7.208193010711669,-13.618368680572509,4.300884007263184
1788862786076329000,23.846328857421874,-7.124096677398681,-14.512453363037109,4.592078784179687
1788862786086335000,23.8563349609375,-7.990199127960205,-14.33887374267578,4.509628464508056
1788862786096342000,23.866342041015624,-8.129362099456786,-13.245621409606933,4.043806604003906
1788862786106348000,23.87634814453125,-7.0364090415954585,-11.272051053619384,2.9523499221801757
1788862786116354000,23.88635400390625,-6.369025328826904,-9.586533084869384,2.66205297088623
1788862786126361000,23.896361083984374,-6.2766989273071285,-8.583362589263915,3.143586779785156
1788862786136367000,23.9063671875,-5.934328089904785,-7.8906901214599605,3.637540509796142
1788862786146373000,23.916373046875,-5.512499684906006,-7.240963645935058,3.7677252250671383
1788862786156379000,23.92637890625,-5.31827007522583,-6.600365064239502,3.591901040649414
1788862786166386200,23.93638623046875,-5.064634336853027,-6.057180562591553,3.3444004440307613
1788862786176392200,23.94639208984375,-4.565293653106689,-6.018125148010253,3.543867369842529
1788862786186399000,23.95639892578125,-4.061912754058838,-6.316801805114745,3.8242882392883297
1788862786196405000,23.966405029296876,-4.228160131835938,-6.452523111724853,3.5194764404296874
1788862786206411000,23.976410888671875,-4.875342768096924,-6.577171235656738,3.075800945281982
1788862786216417000,23.9864169921875,-5.313631309509277,-6.8785413696289055,2.9652187561035155
1788862786226424000,23.996424072265626,-4.837334816741943,-7.4874167793273925,3.6008792968749996
1788862786236429800,24.006429931640625,-4.16276849899292,-8.151508464813231,4.3813890380859375
1788862786246436000,24.01643603515625,-4.945822079467773,-8.305036646270752,4.038419650268555
1788862786256443100,24.026443115234375,-6.351966641998291,-8.054842572784423,2.8137855010986326
1788862786266449000,24.036448974609375,-6.13529139175415,-7.690923920440674,2.057217776489258
1788862786276456200,24.046456298828126,-5.295076246643066,-7.192481062316894,1.802235299682617
1788862786286462000,24.0564619140625,-5.6961050247192375,-6.595726298522949,1.8781015647888182
1788862786296468000,24.066468017578124,-6.760028387451172,-6.284928995513916,2.5020903724670407
1788862786306474000,24.076473876953123,-7.709927896118163,-6.2392895263671875,3.4389714096069333
1788862786316481000,24.08648095703125,-8.003067961883545,-6.2581438644409175,4.722413137054443
1788862786326487000,24.096487060546874,-8.480411917877197,-6.535871257019043,6.187365277862549
1788862786336493000,24.1064931640625,-10.533140566253662,-6.870460939025879,6.990320659637451
1788862786346499800,24.116499755859376,-12.342857746124267,-7.387458860015869,7.1595607894897455
1788862786356506000,24.126506103515624,-12.35363165359497,-8.125022608947754,7.245602411651611
1788862786366513000,24.136512939453127,-11.169848570251464,-8.7853733543396,7.492654095458984
1788862786376519000,24.146518798828126,-9.861567000579834,-9.05891089401245,7.187991934204101
1788862786386525000,24.15652490234375,-8.570493755340575,-8.604611128997803,6.088754096984863
1788862786396531200,24.16653125,-6.88258158493042,-7.631667429351806,5.209782812499999
1788862786406538000,24.1765380859375,-6.0154316711425775,-6.384886914825439,4.567538217163086
1788862786416544000,24.1865439453125,-6.178536659240723,-5.390694675445556,3.9064392837524413
1788862786426550000,24.196550048828126,-5.820154598236083,-5.184494057464599,3.717147714996338
1788862786436557000,24.20655712890625,-5.821800611877441,-5.475539196777343,3.600131108856201
1788862786446563000,24.21656298828125,-5.989544365692138,-5.818209309387207,3.1976059547424316
1788862786456568800,24.22656884765625,-5.760598831939697,-5.678298149871826,2.618807703399658
1788862786466576100,24.236576171875,-6.0160302215576165,-5.090372004699707,2.1027076080322264
1788862786476582100,24.24658203125,-6.144568923187255,-4.413561122894287,1.686116519165039
1788862786486588000,24.256587890625,-5.7812488212585444,-3.8818987167358396,1.4386159225463866
1788862786496595000,24.266594970703125,-6.042964990234375,-3.484760516357422,1.1782464920043945
1788862786506601200,24.276601318359376,-6.504297722625732,-3.166032420349121,0.8789712844848633
1788862786516607000,24.28660693359375,-6.547393352508545,-2.7780221138000485,0.5627870277404785
1788862786526614000,24.296614013671874,-6.932410906982422,-2.530521517181396,0.8325836273193359
1788862786536619800,24.306619873046873,-8.192060255432128,-2.503886023712158,1.13649760055542
1788862786546626000,24.3166259765625,-9.350105670928954,-2.7383681488037106,1.4878466941833495
1788862786556633000,24.326633056640624,-8.326434823608398,-3.501220652770996,2.4549545272827147
1788862786566638800,24.336638916015627,-7.566275796508789,-4.601206678009033,3.042132484436035
1788862786576644900,24.346644775390626,-7.7787611938476555,-5.030516963195801,2.392106733703613
1788862786586652200,24.356652099609374,-6.641365767669678,-4.8038159934997555,1.5901988151550293
1788862786596658000,24.366657958984376,-6.973860523223877,-3.2814030128479,1.07245270614624
1788862786606664000,24.376663818359376,-8.538172032928466,-1.8360533981323242,0.8611644096374511
1788862786616671000,24.3866708984375,-10.204686026000976,-1.0848726272583007,1.0498574279785156
1788862786626677000,24.396677001953126,-9.512163195800781,-0.05162497329711914,1.2265794380187987
1788862786636683000,24.40668310546875,-7.5731591262817375,0.7353191848754882,1.0063128852844239
1788862786646690000,24.41668994140625,-7.4114008766174315,0.19826982498168944,0.679953271484375
1788862786656696000,24.426696044921876,-7.785943798828124,-0.6480804618835448,0.9701005851745604
1788862786666702000,24.4367021484375,-8.156596143341064,-1.8418892646789549,2.1453543251037597
1788862786676708900,24.446708984375,-6.844872908782959,-2.6713305023193357,2.0452467681884765
1788862786686715100,24.456715087890625,-6.023063188934326,-2.6409540687561033,0.718260498046875
1788862786696721200,24.46672119140625,-7.315483172607421,-2.0495862586975098,-0.10265139617919922
1788862786706728000,24.47672802734375,-7.972541890716553,-1.3877391372680663,-0.31169512863159177
1788862786716734000,24.48673388671875,-6.878391732025146,-1.1092635566711424,-0.15128361740112303
1788862786726740200,24.496740234375,-6.613084260559082,-0.8149263900756836,-0.361374813079834
1788862786736747000,24.5067470703125,-6.969521032714844,-0.5093664031982421,-0.48228199691772455
1788862786746753000,24.5167529296875,-7.310545131683349,-0.4616320075988769,0.3576338729858398
1788862786756759000,24.526759033203124,-6.500107869720458,-0.7799111907958984,1.707215421295166
1788862786766766000,24.53676611328125,-7.13726478652954,-1.4024036224365233,2.5802012016296385
1788862786776772000,24.546772216796874,-8.633341548919677,-1.6271593032836913,2.3684639923095703
1788862786786777900,24.55677783203125,-7.6936173973083495,-1.8037316757202146,2.2905028007507324
1788862786796785200,24.56678515625,-6.892756941986083,-1.7833809616088867,2.1294927391052245
1788862786806791200,24.576791259765624,-7.448810277557373,-1.7106570861816406,2.038662713623047
1788862786816797000,24.586796875,-8.320449319458007,-2.440140404510498,2.5248352882385254
1788862786826804000,24.596803955078126,-9.668384854125977,-3.3008559013366696,2.3063643867492676
1788862786836810000,24.60681005859375,-9.18056626586914,-3.865588217926025,1.5634136840820312
1788862786846816000,24.61681591796875,-7.895328887176513,-4.275744889831543,1.6814777534484862
1788862786856823000,24.626822998046876,-7.043142733764648,-4.7375265350341795,2.5450363647460934
1788862786866828800,24.636828857421875,-6.871508402252197,-5.116408947753906,2.688389189147949
1788862786876835000,24.6468349609375,-6.836044290161133,-5.189581735992431,2.2080524810791013
1788862786886842000,24.656842041015626,-6.900238822174072,-4.964227504730224,1.7425298957824706
1788862786896848000,24.666847900390625,-6.91400548171997,-4.593874435424804,1.8365023109436034
1788862786906854000,24.67685400390625,-6.996904714202881,-4.380940125274658,2.3478140029907224
1788862786916861200,24.686861083984375,-6.820033066558837,-4.465485371398925,2.7557261108398436
1788862786926867000,24.696866943359375,-6.536769082641602,-4.600308852386474,2.5350106452941894
1788862786936873000,24.706873046875,-6.338648895263671,-4.518157807922363,1.9729718055725096
1788862786946880000,24.7168798828125,-6.153397541809082,-4.547187503051758,1.7854758880615234
1788862786956886000,24.726885986328124,-6.133645378112792,-4.827309097290039,2.155380044555664
1788862786966892000,24.73689208984375,-5.813420906066894,-5.154267261505127,2.9964930152893063
1788862786976898300,24.746898193359375,-5.653607945251465,-5.832424881744385,3.892971899414062
1788862786986904300,24.756904296875,-6.748805567169189,-6.611138971710204,4.123264171600342
1788862786996910300,24.766910400390625,-7.01620796508789,-7.483077288818359,4.146158724975586
1788862787006917400,24.77691748046875,-6.556221971130371,-8.424896366882324,4.252850336456299
1788862787016923400,24.78692333984375,-6.676231329345702,-8.744372650909423,3.793612530517578
1788862787026929400,24.796929443359375,-6.876596080780029,-8.672546601104736,2.92391877746582
1788862787036935400,24.806935302734374,-6.616974838256835,-8.6061075050354,2.370409281158447
1788862787046942500,24.8169423828125,-6.17988339767456,-8.256554062652587,2.2545897758483884
1788862787056948500,24.826948486328124,-6.193799694824218,-7.82065972290039,2.4197896903991696
1788862787066954500,24.83695458984375,-7.109881105041503,-7.989301302337646,2.8655601119995118
1788862787076961500,24.84696142578125,-7.880814039611816,-8.794501248168945,3.6941035240173337
1788862787086967600,24.856967529296874,-8.233509871673583,-9.865756853485108,4.436605313873291
1788862787096973300,24.866973388671877,-8.671349500274658,-10.852317575073242,4.82012649230957
1788862787106980400,24.87698046875,-8.990676146697998,-11.802815634155273,5.559186617279052
1788862787116986600,24.886986572265624,-9.28217019882202,-12.387449752044677,5.917269403076172
1788862787126992400,24.896992431640626,-8.919897560119628,-12.281655966186523,5.275324082946777
1788862787136999400,24.90699951171875,-7.611915265655517,-11.82331598587036,4.940435125732422
1788862787147005400,24.91700537109375,-6.460453904724121,-10.963498314666747,4.742314938354492
1788862787157011500,24.927011474609376,-5.510404758453369,-9.666888478088378,3.743783208465576
1788862787167018500,24.9370185546875,-5.179855291748047,-8.280944992065429,2.6090812591552734
1788862787177024300,24.947024169921875,-4.8235681571960445,-7.350797647094726,2.8947394447326658
1788862787187030300,24.9570302734375,-4.830601124572754,-7.112574581909179,4.37944374923706
1788862787197037600,24.96703759765625,-5.974580605316162,-7.165995206451416,5.002534731292724
1788862787207043300,24.977043212890624,-6.742371150207519,-7.3365820747375485,4.638616078948974
1788862787217049300,24.98704931640625,-6.405686541748047,-7.339425189208984,4.587290380859375
1788862787227056400,24.997056396484375,-5.930138236999511,-7.702745291137695,4.959139826202392
1788862787237062400,25.0070625,-6.158036307525634,-7.932887925720214,4.422838654327393
1788862787247068400,25.017068359375,-5.8862944190979,-7.881412590026855,3.1976059547424316
1788862787257075500,25.027075439453125,-4.8786347953796385,-7.925854958343505,2.3364415451049805
1788862787267081500,25.03708154296875,-4.307916974639892,-7.883357878875732,2.257432890319824
1788862787277087500,25.04708740234375,-4.8503532882690426,-7.6759601600646965,2.5623943267822265
1788862787287094300,25.05709423828125,-5.183745869445801,-7.907449533081055,3.1376012756347653
1788862787297100500,25.0671005859375,-5.048174200439453,-8.65683465270996,4.316446318054199
1788862787307106600,25.0771064453125,-6.101622930908203,-9.426121573638916,5.114912571716308
1788862787317113300,25.08711328125,-7.887248456573486,-9.74275474319458,4.590732045745849
1788862787327119400,25.097119384765627,-7.7221981796264645,-9.541791441345215,3.7970541954040526
1788862787337125600,25.107125732421874,-6.628646571350097,-8.95147109451294,3.691559684753418
1788862787347132400,25.11713232421875,-7.021146006011962,-7.794922055053711,3.586065174102783
1788862787357138400,25.127138427734376,-7.229291912841797,-6.63328533706665,3.79855057144165
1788862787367144400,25.13714453125,-6.822726543426513,-5.80354482421875,4.397849174499512
1788862787377150500,25.147150390625,-6.299892755889892,-5.430647915649414,5.302109214019775
1788862787387157500,25.157157470703126,-6.969521032714844,-5.443666387176513,5.821650974273681
1788862787397163300,25.167163330078125,-7.934683576965331,-5.644480051422119,5.473444270324706
1788862787407169300,25.177169189453124,-6.750152305603027,-6.053589260101318,5.167585008239746
1788862787417176600,25.187176513671876,-5.481823976135254,-6.397905386352539,5.070320565795898
1788862787427182300,25.197182373046875,-6.110750824737549,-6.49307490234375,4.722413137054443
1788862787437188400,25.207188232421874,-7.260266896820068,-6.5671455162048336,4.377797735595703
1788862787447195600,25.217195556640625,-7.027430785369873,-6.6629135826110835,4.337844495391845
1788862787457201400,25.227201416015625,-6.193500419616699,-6.734889270019531,4.735730883789063
1788862787467207400,25.23720751953125,-6.273855812835693,-6.622810704803467,5.120898075866699
1788862787477214500,25.24721435546875,-7.050325338745116,-6.462698468780517,4.978143801879883
1788862787487220500,25.257220458984374,-7.238270169067382,-6.507290474700928,4.496759630584717
1788862787497226500,25.2672265625,-6.5306339408874505,-6.669048724365234,4.122515983581542
1788862787507233300,25.2772333984375,-6.65932228012085,-6.618471214294433,3.6553473846435547
1788862787517239300,25.2872392578125,-7.596203317260742,-6.285527545928955,2.76440509185791
1788862787527245600,25.29724560546875,-8.069357420349121,-5.485714553833008,2.057068138885498
1788862787537252400,25.30725244140625,-7.512256621551513,-4.401739752197265,2.189198143005371
1788862787547258400,25.31725830078125,-6.9075710647583,-3.200598706817627,2.971204260253906
1788862787557264400,25.327264404296876,-7.489810980987548,-2.5616461387634275,3.8323686698913573
1788862787567271400,25.337271484375,-8.176198669433592,-2.7310359062194824,4.5617023506164545
1788862787577277400,25.34727734375,-8.412177170562744,-3.2603041107177733,4.741716387939453
1788862787587283500,25.357283447265626,-9.151237295532226,-3.483862690734863,4.259135115814209
1788862787597290500,25.36729052734375,-9.082703273010253,-3.4295442405700682,4.173392768859863
1788862787607296500,25.377296630859377,-8.88712692489624,-3.44106633605957,4.333355367279053
1788862787617302500,25.387302490234376,-8.425494917297362,-4.2019735511779785,4.341884710693359
1788862787627308300,25.397308349609375,-7.430404852294921,-5.478232673645019,4.369866942596436
1788862787637315600,25.407315673828126,-7.329848382568359,-6.873752966308594,3.4925416717529294
1788862787647321300,25.4173212890625,-6.9612909645080565,-7.32939946975708,1.3916297149658203
1788862787657327400,25.427327392578125,-5.077353533172607,-6.62685092010498,0.12569558715820311
1788862787667334400,25.43733447265625,-5.5558945899963375,-5.158008201599121,-0.26485855865478514
1788862787677340400,25.44734033203125,-7.17557201309204,-4.015225821685791,-0.4697124382019043
1788862787687346400,25.457346435546874,-8.668057472991944,-3.4124855537414547,-0.8316858016967773
1788862787697353500,25.467353515625,-8.584559690093993,-2.756623936462402,-1.7305588874816893
1788862787707359200,25.477359130859377,-6.737582746887207,-1.8984522789001463,-1.6897078216552734
1788862787717365500,25.487365478515624,-5.6857800300598145,-1.1990461189270019,-0.5571007987976074
1788862787727372300,25.497372314453123,-6.32039310760498,-1.4241010749816894,0.15696984634399413
1788862787737378300,25.50737841796875,-6.4840966461181635,-2.0133739585876462,0.6893804405212401
1788862787747384600,25.517384521484374,-6.359448522186279,-2.1007623191833495,1.0455179374694823
1788862787757391400,25.527391357421877,-6.530484303283691,-1.4360720832824707,1.0787374855041503
1788862787767397400,25.5373974609375,-7.7413517929077145,-1.0543465560913086,1.1558008514404297
1788862787777403400,25.5474033203125,-9.38422304458618,-0.5108627792358398,1.5132850868225096
1788862787787410400,25.557410400390626,-9.603591771697998,-1.1400889030456542,2.3656208778381345
1788862787797416400,25.56741650390625,-9.935637614440918,-2.179172423553467,2.6129718368530273
1788862787807422500,25.57742236328125,-9.233837252807616,-3.014599165344238,2.8386253433227537
1788862787817428200,25.58742822265625,-7.784896335601807,-3.5500025115966793,2.971653173065185
1788862787827435500,25.597435546875,-6.488436136627197,-3.022380320739746,1.4603133750915527
1788862787837441500,25.607441650390626,-5.45892942276001,-2.3964462242126463,-0.4079121078491211
1788862787847447300,25.617447265625,-6.593182459259033,-1.825279490661621,-1.0386346076965332
1788862787857454600,25.62745458984375,-8.314763090515136,-0.97683427734375,-1.0896610305786132
1788862787867460600,25.637460693359376,-7.595904042053222,-0.28490999755859375,-0.5662286926269531
1788862787877466400,25.64746630859375,-6.232106921386718,-0.1470937644958496,0.9099462684631348
1788862787887473400,25.657473388671875,-5.75880318069458,-0.49200844116210934,1.8855834449768065
1788862787897479400,25.6674794921875,-5.871330658721924,-0.8601169464111328,1.543062969970703
1788862787907485400,25.6774853515625,-6.4609028175354,-0.7633014167785644,0.4939537300109863
1788862787917492500,25.687492431640624,-6.808062058258057,-0.19378069686889648,-0.12808978881835936
1788862787927498200,25.697498291015624,-6.931064168548583,0.1671452033996582,0.40970775909423823
1788862787937504500,25.70750439453125,-7.078756483459472,-0.39264907226562495,1.7763479942321776
1788862787947511600,25.717511474609374,-6.584503478240967,-1.617133583831787,3.1856349464416502
1788862787957517300,25.727517333984373,-5.791124903106689,-3.0377929939270016,3.7696705139160156
1788862787967523300,25.7375234375,-6.7924997474670405,-4.0997710678100585,2.8562825805664063
1788862787977529600,25.747529541015624,-7.726388032531738,-4.952555771636963,2.50268892288208
1788862787987536600,25.75753662109375,-7.273285368347167,-6.096535252380371,3.2230443473815917
1788862787997542700,25.767542724609374,-7.476792509460449,-7.088931840515136,3.144185330200195
1788862788007548700,25.777548583984377,-8.827571158599852,-7.529165670776367,2.3042694602966307
1788862788017555700,25.7875556640625,-9.03437032699585,-7.82080936050415,2.0458453186035155
1788862788027561700,25.797561767578124,-8.199242860412598,-7.805995237731933,2.2168810997009274
1788862788037567500,25.8075673828125,-7.570016736602783,-7.221810032653808,2.385373041534424
1788862788047574800,25.81757470703125,-7.567921810150146,-6.426486168670654,2.6804583961486816
1788862788057580800,25.827580810546873,-7.7778633682250975,-5.816712933349609,3.093158907318115
1788862788067586600,25.837586669921876,-7.494300109100341,-5.381117868804932,3.480869938659668
1788862788077593600,25.847593505859376,-6.880785933685302,-5.1976621665954585,3.7491701622009277
1788862788087599900,25.857599853515627,-6.884676511383057,-5.278017559814453,3.8070799148559566
1788862788097605600,25.867605712890626,-6.7550903465270995,-5.732466962432861,3.9543233169555663
1788862788107612700,25.87761279296875,-6.133196465301514,-6.815394300842285,4.172494943237305
1788862788117618700,25.88761865234375,-6.5117796028137205,-7.864503540802001,4.087949697113037
1788862788127624700,25.897624755859376,-7.556549352264404,-9.138218824005126,3.852869021606445
1788862788137630700,25.907630615234375,-7.8362220336914055,-10.59853219909668,4.120720332336425
1788862788147637500,25.917637451171874,-7.0841434371948235,-11.556212863159178,4.720617485809326
1788862788157643800,25.927643798828125,-6.709001964569091,-11.512069770050049,4.873846392059326
1788862788167649800,25.93764990234375,-7.332841134643554,-10.75744733428955,4.48823028717041
1788862788177656600,25.947656494140624,-7.767987286376953,-9.553762449645996,3.5748423538208005
1788862788187662600,25.95766259765625,-6.752247232055663,-8.252064934539794,2.7410616256713864
1788862788197668900,25.9676689453125,-6.008697978973388,-6.878990282440185,2.3452701637268065
1788862788207675600,25.977675537109373,-5.98191284790039,-6.018125148010253,2.766200743103027
1788862788217681700,25.987681640625,-5.885396593475342,-6.007800153350829,3.801393685913086
1788862788227687700,25.997687744140624,-5.373187075805664,-6.701370446777343,4.454711463928223
1788862788237694700,26.00769482421875,-5.113266558074951,-7.371896549224853,3.960159183502197
1788862788247700700,26.01770068359375,-5.312434208679199,-7.87841983795166,3.222296159362793
1788862788257706800,26.027706787109373,-5.410147563934326,-8.769511768341063,3.1759085021972653
1788862788267713800,26.0377138671875,-5.514444973754882,-10.004620549774168,3.6795886764526364
1788862788277719800,26.0477197265625,-6.345532225036621,-11.160271763610838,4.243722442626953
1788862788287725600,26.0577255859375,-7.612813091278076,-12.210278829193115,4.721365673828124
1788862788297732600,26.067732666015626,-8.571092305755615,-12.780098824310302,4.781370352935791
1788862788307739000,26.07773876953125,-8.294861289215087,-12.210727742004394,4.269310472869873
1788862788317744600,26.08774462890625,-7.486967866516113,-10.733206042480468,4.007444666290283
1788862788327750700,26.097750732421876,-6.711994716644287,-9.463381336975097,4.44992306060791
1788862788337757700,26.1077578125,-6.401496688842773,-8.43357534790039,4.61602080078125
1788862788347763700,26.117763671875,-6.228515618896484,-7.716960863494872,4.3245267486572265
1788862788357769700,26.127769775390625,-5.427355888366699,-7.586925785827637,4.535216494750976
1788862788367776500,26.137776611328125,-5.134814373016357,-7.91612851409912,5.246892938232421
1788862788377782500,26.147782470703124,-6.038176586914062,-8.277353689575195,5.167435370635986
1788862788387788800,26.157788818359375,-6.774992147827148,-8.428936582183837,4.031237045288086
1788862788397795600,26.167795654296874,-6.28866993560791,-8.230367481994628,2.9153894340515136
1788862788407801600,26.177801513671874,-4.883572836303711,-7.981520146942138,2.740014162445068
1788862788417807600,26.1878076171875,-4.367622378540039,-7.562235581207275,2.93035319442749
1788862788427814700,26.197814697265624,-4.979041627502441,-7.051522439575195,2.835482953643799
1788862788437820700,26.207820556640623,-5.350591797637939,-6.62026686553955,2.5641899780273434
1788862788447826700,26.21782666015625,-5.146635743713379,-6.420201389312743,2.859574607849121
1788862788457832400,26.22783251953125,-5.6672249671936035,-6.477362953948974,3.406649687194824
1788862788467839700,26.23783984375,-6.878092456817627,-6.520308946228027,3.3966239677429195
1788862788477845800,26.247845703125,-6.9624880653381345,-6.700173345947265,3.296965323638916
1788862788487851500,26.2578515625,-6.04625701751709,-6.860734494781494,3.398569256591797
1788862788497858800,26.26785888671875,-5.216666142272949,-6.747009915924072,3.5467104843139645
1788862788507864800,26.27786474609375,-5.66917025604248,-6.060322952270507,3.3514334114074704
1788862788517870600,26.28787060546875,-5.909488247680664,-5.266345826721191,3.1658827827453613
1788862788527877600,26.297877685546876,-5.204395858764648,-4.805312369537353,3.4400188728332517
1788862788537883600,26.307883544921875,-5.751919850921631,-4.651036000061035,4.00340445098877
1788862788547889700,26.3178896484375,-7.478139247894287,-5.012859725952148,4.6155718879699705
1788862788557896700,26.327896728515626,-8.685565072631835,-6.106560971832275,5.225494760894775
1788862788567902500,26.33790234375,-9.80006594543457,-7.427561737823486,5.373635988616943
1788862788577908700,26.34790869140625,-10.615890161132812,-8.66356834487915,5.164292980957031
1788862788587914800,26.357914794921875,-10.95526824645996,-9.560945054626464,4.686799387359619
1788862788597921500,26.367921630859374,-10.759991173553466,-9.427468312072753,3.953874404144287
1788862788607927600,26.377927490234374,-8.744073375701904,-8.801234940338134,4.170400016784668
1788862788617933800,26.387933837890625,-6.7191773216247555,-7.620145333862304,5.036801742553711
1788862788627940600,26.397940673828124,-6.564003126525878,-5.942258882904053,4.943876790618896
1788862788637946600,26.407946533203123,-6.891859116363525,-4.46877739868164,4.0732852119445795
1788862788647953000,26.417952880859374,-6.684760672760009,-3.3387142150878906,3.0400375579833985
1788862788657959700,26.427959716796874,-5.767033248901367,-2.915539071655273,2.296937217712402
1788862788667965700,26.437965576171877,-5.925499471282959,-3.0035259826660154,2.0588637901306153
1788862788677971700,26.4479716796875,-7.279719785308838,-3.30714068069458,1.8957588020324705
1788862788687978800,26.457978759765624,-7.459883460235595,-4.101417081451416,1.8951602516174315
1788862788697984800,26.46798486328125,-7.02264238204956,-5.0291702247619625,2.29843359375
1788862788707990500,26.477990478515625,-7.560888842773437,-5.792172366333007,2.624643569946289
1788862788717996500,26.48799658203125,-8.355464518737792,-6.411821683502197,2.5999533653259275
1788862788728003800,26.49800390625,-7.091625317382812,-6.571784281921387,1.8810943168640135
1788862788738009600,26.508009521484375,-6.541856761169433,-5.80953032836914,1.1730091758728027
1788862788748015600,26.518015625,-6.268019946289062,-4.676474392700195,0.943614729309082
1788862788758023000,26.52802294921875,-7.06708475036621,-3.8144121574401852,1.16837041015625
1788862788768028700,26.538028564453125,-8.371625379943847,-3.73480495223999,1.3883376876831053
1788862788778034700,26.54803466796875,-8.042123376464843,-4.234444911193847,1.5300444984436035
1788862788788041500,26.55804150390625,-7.810484365844726,-4.22636448059082,1.3997101455688477
1788862788798047700,26.5680478515625,-7.066336562347412,-3.580229307556152,1.2773065856933592
1788862788808053800,26.5780537109375,-6.685658498382568,-2.3561937088012694,0.6229413444519043
1788862788818060500,26.588060546875,-5.730820948791504,-0.9543886367797851,-0.1001075569152832
1788862788828066600,26.598066650390624,-5.884498767852783,0.5862801315307616,-0.826149210357666
1788862788838072800,26.60807275390625,-6.684760672760009,2.251746661376953,-1.1276689819335937
1788862788848078800,26.618078857421875,-6.465092670440673,2.931101382446289,0.14604630126953125
1788862788858085600,26.628085693359374,-6.304082608795166,1.7874211769104003,2.0892402236938477
1788862788868091600,26.638091552734377,-8.276156588745117,0.19348142166137694,2.7263971405029297
1788862788878097700,26.64809765625,-8.526350662231446,-1.590348452758789,2.98137961730957
1788862788888104700,26.658104736328124,-7.374739663696289,-2.6816554969787596,3.1012393379211423
1788862788898110700,26.66811083984375,-6.626551644897461,-2.207005017852783,1.753154165649414
1788862788908116500,26.678116455078126,-6.9515645202636716,-1.3606547309875487,0.01975216369628906
1788862788918123800,26.688123779296873,-7.950844438171386,-1.0390835205078124,0.21652561264038084
1788862788928129800,26.6981298828125,-8.149413538360594,-1.1225813034057617,1.0345943923950194
1788862788938135600,26.708135498046875,-7.839065148162842,-1.1299135459899903,0.9153332221984862
1788862788948141600,26.7181416015625,-8.046911779785155,-1.8950106140136718,1.6304513305664061
1788862788958148600,26.728148681640626,-9.668235216522216,-2.7446529281616208,2.158522434234619
1788862788968154600,26.738154541015625,-9.315689022064209,-2.4944588546752926,1.750011775970459
1788862788978160600,26.74816064453125,-8.45856482772827,-1.6446669029235839,0.7369651985168456
1788862788988168200,26.758168212890624,-9.055918141937255,-0.831236888885498,-0.24914661026000975
1788862788998174200,26.76817431640625,-9.508721530914306,-0.9730933372497558,0.2353799507141113
1788862789008180200,26.77818017578125,-9.003993893432616,-1.9973627349853516,1.7453730102539062
1788862789018187300,26.788187255859373,-8.51063871383667,-2.890250316619873,2.8088474601745603
1788862789028193300,26.798193359375,-8.31910258102417,-3.840898013305664,3.3215058906555175
1788862789038199300,26.80819921875,-9.244910435485838,-4.899434422302246,3.543717732238769
1788862789048206000,26.8182060546875,-9.34651436843872,-5.756259341430663,3.359364204406738
1788862789058212400,26.82821240234375,-7.716960863494872,-6.232705471801758,2.957287963104248
1788862789068218000,26.838218017578125,-6.957250749206542,-6.148609138488769,2.3569418968200684
1788862789078224100,26.84822412109375,-7.135918048095703,-5.613654705047607,1.6418237884521483
1788862789088231200,26.858231201171876,-6.030694706726074,-5.354482375335693,1.7009306419372558
1788862789098237200,26.8682373046875,-5.279065023040771,-5.341314266204834,2.376843698120117
1788862789108243200,26.8782431640625,-5.7064300193786615,-5.2934302330017085,2.9562404998779295
1788862789118250200,26.888250244140625,-5.877016887664794,-5.322609565734863,3.1503204719543456
1788862789128256000,26.898256103515624,-5.552901837921143,-5.29268204498291,2.8106431114196777
1788862789138262300,26.90826220703125,-4.434809662628173,-5.161000953674316,2.3796868125915527
1788862789148269000,26.91826904296875,-3.7753567428588863,-4.868459438323974,1.832911008453369
1788862789158275000,26.928275146484374,-4.36029013595581,-4.370166217803955,1.0504559783935545
1788862789168281000,26.938281005859373,-5.027673848724365,-3.969735990142822,0.5862801315307616
1788862789178287400,26.948287353515624,-4.585494729614258,-3.9214030441284176,1.094299796295166
1788862789188294100,26.958294189453124,-3.754108203125,-4.055777612304687,2.1772271347045895
1788862789198300200,26.968300048828127,-3.784035723876953,-4.294150315093994,3.1356559867858884
1788862789208306200,26.97830615234375,-4.4960114425659174,-4.833444239044189,3.6086604522705077
1788862789218313200,26.988313232421874,-5.086182151794433,-5.653607945251465,3.803189337158203
1788862789228319200,26.9983193359375,-6.213102945709228,-6.647800184631348,3.5345898384094236
1788862789238325000,27.008324951171875,-8.258200076293944,-8.352322129058837,3.0056209091186523
1788862789248332300,27.018332275390627,-9.823110136413574,-10.991779821777342,3.224540723419189
1788862789258338300,27.02833837890625,-9.810091664886475,-14.508862060546875,4.844667059326172
1788862789268344000,27.038343994140625,-9.522338552856445,-17.586009744262693,6.68446139755249
1788862789278350000,27.04835009765625,-10.440065976715088,-18.43131256790161,6.99705435180664
1788862789288357400,27.058357421875,-11.465083562469482,-17.108366513061522,5.424063861083984
1788862789298363100,27.068363037109375,-11.224615933227538,-13.927669607543944,2.656516379547119
1788862789308369200,27.078369140625,-10.807575931549072,-10.588207204437255,1.2529156562805175
1788862789318376200,27.088376220703125,-8.883535622406006,-8.706065424346923,3.49239203414917
1788862789328382200,27.09838232421875,-6.42304450378418,-7.690774282836913,6.39670828552246
1788862789338388200,27.10838818359375,-6.128408061981201,-7.308300567626953,7.2249524223327635
1788862789348395000,27.11839501953125,-6.628496933746337,-7.615656205749511,7.591564551544189
1788862789358401300,27.1284013671875,-7.135618772888183,-7.8176669708251945,7.25862088317871
1788862789368407300,27.1384072265625,-6.78636460571289,-7.726088757324218,5.093065481567383
1788862789378414000,27.1484140625,-5.552602562713623,-7.727884408569335,2.399887889099121
1788862789388420000,27.158420166015624,-3.7675755874633787,-8.04421830291748,1.9716250671386717
1788862789398426400,27.16842626953125,-3.680037589263916,-8.400505437469482,3.1664813331604003
1788862789408432000,27.17843212890625,-5.11386510848999,-8.610746270751953,3.433584455871582
1788862789418439200,27.188439208984374,-5.690867708587646,-8.718784620666504,2.90476516418457
1788862789428445200,27.198445068359376,-4.994753575897216,-8.371924655151366,2.6575638427734374
1788862789438451200,27.208451171875,-4.203320289611816,-7.789834376525879,3.573196340179443
1788862789448458200,27.218458251953123,-4.289661186981201,-7.525574368286132,4.50094948348999
1788862789458464300,27.22846435546875,-4.516212519073486,-7.336731712341308,4.376301359558105
1788862789468470000,27.238469970703125,-4.890755441284179,-6.885424699401855,2.878728221130371
1788862789478476300,27.248476318359376,-5.0382981185913085,-6.190956580352783,1.2050316230773925
1788862789488483000,27.258483154296876,-4.823717794799804,-5.39473489074707,0.3737947341918945
1788862789498489000,27.268489013671875,-4.108300411224365,-4.746055878448486,0.5008370597839356
1788862789508495000,27.2784951171875,-3.756053491973877,-4.630236373138428,1.3316250358581543
1788862789518502100,27.288502197265625,-4.552724094390869,-5.441721098327636,2.812887675476074
1788862789528508200,27.298508056640625,-6.753893245697021,-6.8578913803100585,4.18835652923584
1788862789538514200,27.30851416015625,-8.91271495513916,-8.563610425567626,5.2186114311218255
1788862789548521200,27.318521240234375,-10.106972670745849,-10.018686484527587,5.835866546630859
1788862789558527200,27.32852734375,-10.178948358154296,-10.767024140930175,5.979668283843994
1788862789568533200,27.338533203125,-9.941623118591307,-10.780790800476074,5.622184048461913
1788862789578540000,27.3485400390625,-9.504531678009032,-10.428543881225586,5.27981321105957
1788862789588546300,27.35854638671875,-8.40140326309204,-9.923217693328857,5.045929636383057
1788862789598552300,27.36855224609375,-6.779182000732422,-9.49959363708496,5.204994409179688
1788862789608558000,27.37855810546875,-6.661267568969726,-9.126547090911865,5.557690241241454
1788862789618565000,27.388565185546874,-7.275829207611084,-8.820388553619384,5.338321514129638
1788862789628571400,27.3985712890625,-7.160009702301025,-8.20298380050659,4.2791865547180175
1788862789638577200,27.4085771484375,-6.650493661499023,-7.281814711761474,2.80256268081665
1788862789648584200,27.418584228515623,-6.047304480743408,-6.085462069702148,1.4903905334472656
1788862789658590000,27.42858984375,-5.092018018341064,-4.814290625762939,1.35347212600708
1788862789668596200,27.43859619140625,-5.514594611358643,-3.8645407546997066,2.283170558166504
1788862789678602200,27.448602294921876,-5.960514670562744,-3.7861306503295897,3.8257846153259276
1788862789688609000,27.458609130859376,-6.271461611175536,-4.256591276550293,4.939088387298583
1788862789698615000,27.468614990234375,-6.603806729125976,-4.66734649887085,4.610484209442139
1788862789708621300,27.478621337890626,-5.623680424499511,-5.09441222000122,3.4905963829040525
1788862789718628000,27.488628173828126,-4.441094441986084,-5.372289250183105,2.6116250984191893
1788862789728634000,27.498634033203125,-5.067178176116943,-5.230582439422607,2.10031340637207
1788862789738640100,27.50864013671875,-6.351817004394531,-4.933851071166992,1.943343560028076
1788862789748647200,27.518647216796875,-7.095216619873047,-4.5042415107727045,2.325218724822998
1788862789758653200,27.528653076171874,-7.343166129302978,-4.342034348297119,3.1006407875061033
1788862789768659200,27.5386591796875,-7.604882298278808,-4.814589900970459,3.55613765335083
1788862789778665000,27.5486650390625,-8.61927561416626,-5.438728346252441,3.0654759506225586
1788862789788672300,27.55867236328125,-8.773551983642578,-5.535843151092529,2.1197662948608396
1788862789798678300,27.56867822265625,-8.519317694854736,-4.474313990020752,1.5075988578796387
1788862789808684000,27.57868408203125,-8.092102336120606,-2.570175482177734,1.3551181396484375
1788862789818691300,27.58869140625,-7.583484120941161,-0.5984007774353027,1.8573019378662108
1788862789828697000,27.598697021484377,-8.13983673171997,0.6196493171691894,2.8770822074890137
1788862789838703000,27.608703125,-9.388263259887696,0.004638765716552734,4.029291756439209
1788862789848710400,27.61871044921875,-10.256759912109374,-1.7018284675598143,3.9459436111450192
1788862789858716200,27.628716064453126,-9.447220475769042,-3.4880525436401366,2.567781280517578
1788862789868722200,27.63872216796875,-8.389881167602539,-4.557362860107421,1.65992993850708
1788862789878728200,27.648728271484377,-9.022249681091308,-4.689941777038574,1.1685200477600097
1788862789888735200,27.6587353515625,-9.695768535614013,-4.390666569519043,1.2381015335083008
1788862789898741200,27.6687412109375,-9.629778352355956,-3.864241479492187,1.5750854171752928
1788862789908747300,27.678747314453126,-9.558700490570068,-3.3270424819946287,1.0995371124267577
1788862789918754000,27.688754150390626,-8.246677980804442,-3.176806327819824,0.5512649322509765
1788862789928760300,27.69876025390625,-7.799560820770263,-3.247136001586914,0.02498947982788086
1788862789938766300,27.708766357421876,-7.879766576385498,-2.9324481208801267,-0.33788170928955075
1788862789948772000,27.718772216796875,-6.0324903579711915,-2.3728034828186035,0.5651812294006348
1788862789958779100,27.728779052734374,-5.538985540771484,-2.614767488098144,1.2713210815429687
1788862789968785400,27.738785400390626,-6.124517484283447,-2.377142973327637,0.8858546142578124
1788862789978791200,27.748791259765625,-6.562506750488281,-0.8672995513916015,0.20515315475463866
1788862789988798200,27.758798095703124,-5.551106186676025,-0.2609679809570312,0.5434837768554687
1788862789998804000,27.768803955078123,-5.92490092086792,-0.5163993705749511,0.7191583236694336
1788862790008810000,27.77881005859375,-7.909694097137451,-0.8473977500915527,0.5339069702148437
1788862790018817300,27.7888173828125,-8.15300484085083,-0.2910451393127441,0.7178115852355956
1788862790028823000,27.798822998046877,-6.7736454093933105,-0.06823474731445311,1.1993453941345213
1788862790038829000,27.8088291015625,-5.5921068901062005,-0.6265326469421386,1.8996493797302245
1788862790048835000,27.8188349609375,-5.394136340332031,-1.5692495506286621,2.3683143547058103
1788862790058842000,27.828842041015626,-6.917297509002685,-2.055122850036621,1.9324200149536133
1788862790068848000,27.83884814453125,-7.633163805389404,-2.2198738517761227,1.3123217849731446
1788862790078854100,27.848854248046877,-7.677456536102294,-2.0418051033020017,0.5466261665344238
1788862790088861200,27.858861083984376,-7.087285826873779,-1.6934487617492675,0.5440823272705078
1788862790098867200,27.8688671875,-6.931961994171142,-1.6927005737304686,1.390582251739502
1788862790108873200,27.878873291015626,-7.860762600708007,-1.6135422813415525,1.4106336906433106
1788862790118879000,27.88887890625,-8.709357451629637,-0.967856021118164,0.7972691528320313
1788862790128886300,27.89888623046875,-9.19268691177368,-0.013916297149658202,0.964713631439209
1788862790138892300,27.908892333984376,-8.600271638488769,0.5735609352111816,2.099864493560791
1788862790148898000,27.91889794921875,-7.012766300201416,0.044891281127929686,3.8687306076049803
1788862790158905000,27.928905029296875,-6.919542073059081,-1.5770307060241697,5.064335061645507
1788862790168911000,27.9389111328125,-7.307552379608154,-3.7644331977844234,5.110124168395996
1788862790178917000,27.948917236328125,-8.166023312377929,-5.963806697845459,4.478952755737304
1788862790188924200,27.958924072265624,-10.274267511749267,-6.9792474769592285,3.470544944000244
1788862790198930000,27.968929931640623,-9.324667278289795,-7.5546040634155265,3.4958336990356442
1788862790208936200,27.978936279296875,-6.587645867919922,-8.227225092315674,4.546588952636719
1788862790218942200,27.988942138671874,-6.610390783691406,-8.434772448730468,4.726004439544678
1788862790228949000,27.998948974609377,-7.1869444709777826,-8.585008602905273,4.359841223144531
1788862790238955000,28.008955078125,-6.06511135559082,-9.169044170379639,4.2408793281555175
1788862790248961300,28.018961181640623,-5.947346561431885,-9.685892453765868,3.3635540573120117
1788862790258968000,28.028968017578126,-6.861931595611572,-9.822511585998535,1.8893243850708006
1788862790268974000,28.03897412109375,-7.513304084777832,-9.610026188659667,0.3323451179504394
1788862790278980400,28.04898046875,-8.176647582244872,-9.37240167388916,-0.4725555526733398
1788862790288986000,28.058986083984376,-9.2963857711792,-8.86782367401123,-0.40147769088745117
1788862790298993200,28.0689931640625,-8.66371798248291,-7.990348765563964,0.6361094535827636
1788862790308999200,28.078999267578126,-6.349273165130615,-7.0741177177429195,2.842964833831787
1788862790319005200,28.089005126953126,-5.442020373535156,-6.185868901824951,5.109375980377197
1788862790329012200,28.09901220703125,-6.105214233398437,-5.351938536071777,6.129605162811279
1788862790339018000,28.10901806640625,-5.6389434600830075,-4.840028293609619,6.184821438598632
1788862790349024000,28.11902392578125,-3.5166333259582516,-5.130774157714844,6.573879208374023
1788862790359031300,28.12903125,-3.0358477050781247,-5.906495495605468,7.087285826873779
1788862790369037000,28.139037109375,-5.90544803237915,-6.902333748626709,6.089502285003662
1788862790379043000,28.14904296875,-8.281693180084227,-8.157643606567383,4.206911592102051
1788862790389049000,28.159049072265624,-7.845798840332031,-9.503633852386473,3.23067586517334
1788862790399056100,28.16905615234375,-6.540659660339355,-10.342951171874999,3.5218706420898434
1788862790409062100,28.179062255859375,-5.570559075164795,-10.00955859069824,4.48179587020874
1788862790419068200,28.189068115234374,-5.3384711517333985,-8.181286347961425,3.680785777282715
1788862790429075200,28.1990751953125,-5.359869329071045,-6.617274113464355,1.2440870376586914
1788862790439081200,28.209081298828124,-4.51351904220581,-5.855319435119629,-0.2127846725463867
1788862790449087200,28.219087158203124,-4.453813638305664,-5.610213040161132,-0.23567922592163085
1788862790459093000,28.229093017578126,-4.930858319091796,-6.4083800186157225,1.2930185340881346
1788862790469100300,28.239100341796874,-4.86486813583374,-7.743446719360351,3.8576574249267575
1788862790479106300,28.249106201171877,-5.796362219238281,-8.782230964660645,6.659771192932128
1788862790489112000,28.259112060546876,-9.184606481170654,-10.160692570495605,8.450334759521484
1788862790499119000,28.269119140625,-12.493842088317871,-11.771242099761961,7.694664860534668
1788862790509125000,28.279125,-12.344204484558105,-11.700164237976074,5.466261665344238
1788862790519131100,28.289131103515626,-10.60421842803955,-11.213393112945557,4.5139679550170895
1788862790529137200,28.29913720703125,-9.364021968078612,-11.876437335205077,6.254552561950684
1788862790539144000,28.30914404296875,-9.425373385620116,-12.830676334381103,7.774272065734863
1788862790549150200,28.319150146484375,-10.008960040283203,-14.029722453308105,8.132055576324463
1788862790559156200,28.32915625,-9.07911197052002,-14.961515811920165,8.510788351440429
1788862790569163000,28.3391630859375,-8.339902207946777,-14.253879583740234,8.149413538360594
1788862790579169000,28.3491689453125,-7.133074933624267,-12.502969982147215,6.698976245117187
1788862790589175300,28.35917529296875,-4.09842432937622,-11.107748964691162,5.35627802658081
1788862790599182000,28.36918212890625,-2.549675130462646,-9.446921200561523,3.5160347755432126
1788862790609188000,28.37918798828125,-2.4363994644165037,-7.523180166625976,1.43652099609375
1788862790619194000,28.389194091796874,-2.2098481323242187,-5.610512315368652,0.4632780212402344
1788862790629200100,28.3992001953125,-2.0980688423156737,-3.863642929077148,0.6006453414916992
1788862790639207200,28.409207275390624,-2.4455273582458497,-2.6511294258117672,1.2078747375488281
1788862790649213200,28.419213134765624,-3.5619735198974607,-1.9782091217041013,1.674594423675537
1788862790659219000,28.429218994140626,-4.614225149536132,-1.8104653678894043,2.220472402191162
1788862790669226200,28.439226318359374,-4.634426226043701,-2.379836450195312,3.111564332580566
1788862790679232000,28.44923193359375,-5.007323134613037,-3.470544944000244,3.711162210845947
1788862790689238000,28.459238037109376,-5.970690027618408,-4.417451700592041,3.2570120834350584
1788862790699244000,28.469244140625,-5.782745197296142,-5.17761072769165,2.4191911399841306
1788862790709251000,28.4792509765625,-4.281580756378173,-5.834819083404541,2.3035212722778318
1788862790719257000,28.489257080078126,-3.8212954872131344,-5.9874494392395015,2.728043154144287
1788862790729263000,28.49926318359375,-5.129876332092285,-6.022614276123046,3.1407436653137206
1788862790739270100,28.509270263671876,-6.8311062492370604,-6.106112059020996,3.5064579689025877
1788862790749276200,28.519276123046875,-7.749731498718261,-6.207865629577636,4.080767092132568
1788862790759282200,28.5292822265625,-8.12098239364624,-6.357802508544921,4.747402616882324
1788862790769288000,28.539287841796874,-8.230517119598389,-6.643610331726074,5.106532865905762
1788862790779295200,28.549295166015625,-8.086565744781494,-6.883180135345459,4.843170683288574
1788862790789301200,28.55930126953125,-7.801356472015381,-6.867468186950683,4.40548069229126
1788862790799307000,28.56930712890625,-8.166621862792969,-6.656479165649413,4.0726866615295405
1788862790809314300,28.579314208984375,-8.640673791503906,-6.1638721740722655,3.993378731536865
1788862790819320300,28.5893203125,-8.501061907196044,-5.829432129669189,4.623203405761719
1788862790829326000,28.599326171875,-9.430909976959228,-5.689820245361328,5.221005632781982
1788862790839332000,28.60933203125,-11.08246020965576,-5.718401027679443,5.336825138092041
1788862790849339100,28.619339111328124,-12.351387089538573,-6.228515618896484,4.780322889709472
1788862790859345200,28.62934521484375,-11.245415560150146,-6.88871672668457,4.3902176567077635
1788862790869351200,28.63935107421875,-9.846603240203857,-7.053018815612792,4.426729232025147
1788862790879358000,28.64935791015625,-8.547000651550292,-6.5482911781311035,4.4662335594177245
1788862790889364200,28.6593642578125,-6.368127503204345,-5.584176097106933,4.452017987060547
1788862790899370200,28.669370361328124,-5.647023890686035,-4.761019638824463,3.8126165061950683
1788862790909376300,28.679376220703126,-5.070170928192138,-4.604199430084228,2.863465185546875
1788862790919383000,28.689383056640626,-5.221604183197021,-4.436156401062012,1.6639701538085936
1788862790929389300,28.699389404296873,-6.526444087982178,-3.5271079582214355,0.014514847564697266
1788862790939395000,28.70939501953125,-5.8098296035766595,-2.8541876541137694,-0.5231330627441406
1788862790949402000,28.719402099609376,-5.622632961273193,-2.5655367164611813,-0.21383213577270507
1788862790959408000,28.729408203125,-6.216245335388183,-2.4474726470947266,-0.16026187362670896
1788862790969414100,28.7394140625,-5.8734255851745605,-2.6755203552246094,-0.1222539222717285
1788862790979420200,28.749420166015625,-5.117157135772705,-2.7762264625549316,-0.021398177337646485
1788862790989427500,28.759427490234376,-4.7399207366943354,-2.1511901916503904,-0.03651157531738281
1788862790999433200,28.76943310546875,-3.8878842208862303,-0.962768342590332,0.1149216796875
1788862791009439200,28.779439208984375,-4.571428794860839,0.0939724151611328,0.6171054779052734
1788862791019446300,28.7894462890625,-6.42888037033081,-0.07975684280395508,0.7116764434814453
1788862791029452300,28.799452392578125,-8.308328673553467,-0.59376201171875,0.03456628646850586
1788862791039458300,28.809458251953124,-8.52889450149536,-0.6597521949768066,-0.3989338516235351
1788862791049465300,28.81946533203125,-7.598896794128417,-1.4974235008239745,1.498470964050293
1788862791059471400,28.829471435546875,-8.45916337814331,-2.437297290039062,2.559401574707031
1788862791069477400,28.839477294921874,-8.640673791503906,-2.970456072235107,1.61533793258667
1788862791079483400,28.8494833984375,-8.769062855529784,-3.4093431640625,1.85790048828125
1788862791089490400,28.859490478515625,-10.08153427810669,-2.8124387626647946,1.961300072479248
1788862791099496400,28.869496337890624,-9.574262801361083,-1.4891934326171874,0.6845920372009276
1788862791109502200,28.879502197265627,-8.199093222808838,-0.22340894241333006,0.21787235107421873
1788862791119508200,28.88950830078125,-7.745092733001709,0.8292916000366211,0.845901374053955
1788862791129515500,28.899515625,-8.507645961761474,0.7556698989868164,1.652896971130371
1788862791139521300,28.909521240234376,-10.301202280426025,0.2488473350524902,1.6374842979431152
1788862791149527300,28.91952734375,-10.391134480285643,0.26261399459838863,1.4469956283569334
1788862791159534300,28.929534423828127,-8.117091815948486,-0.9160814102172851,3.254168968963623
1788862791169540400,28.939540283203126,-7.104344513702392,-3.293074745941162,5.192275212860107
1788862791179546400,28.94954638671875,-8.093598712158203,-4.102165269470214,3.8537668472290036
1788862791189552400,28.959552490234376,-8.96359174041748,-3.118896575164795,0.9964368034362793
1788862791199559200,28.96955908203125,-8.278850065612792,-3.2122704399108883,0.579696076965332
1788862791209565400,28.9795654296875,-9.319429962158203,-4.575020097351074,2.1000141311645506
1788862791219571500,28.989571533203126,-9.923816243743897,-5.268440753173828,2.4756045166015626
1788862791229578200,28.999578125,-7.199962942504882,-5.142445890808105,1.6983868026733397
1788862791239584300,29.009584228515624,-5.269937129211425,-4.472817613983154,1.2835913650512694
1788862791249590300,29.01959033203125,-5.359420416259765,-3.5474586723327635,1.4021043472290038
1788862791259596300,29.02959619140625,-6.609193682861328,-2.706345701599121,1.5421651443481443
1788862791269603300,29.039603271484374,-7.352443660736084,-2.095973915863037,1.2990040382385253
1788862791279609000,29.049609130859373,-6.41616117401123,-1.8656816436767576,1.16837041015625
1788862791289615400,29.059615478515624,-5.34400774307251,-1.9538181922912596,1.4086884017944334
1788862791299622400,29.069622314453124,-4.983530755615234,-2.2170307373046874,1.8058266021728515
1788862791309628200,29.079628173828127,-4.9914615486145015,-2.521094348144531,2.1760300338745115
1788862791319634200,29.08963427734375,-5.061342309570312,-2.9563901374816894,2.610727272796631
1788862791329640400,29.099640380859373,-5.3573254898071285,-3.6267666023254392,3.200598706817627
1788862791339647200,29.109647216796876,-5.9302878746032714,-4.523544761657715,3.9395091941833495
1788862791349653200,29.1196533203125,-5.9115831741333,-5.708524945831298,4.7852609306335445
1788862791359659300,29.1296591796875,-5.4321442916870115,-7.22061293182373,5.55424857635498
1788862791369666300,29.139666259765626,-6.114042852020264,-8.814103774261474,5.6012347839355465
1788862791379672300,29.14967236328125,-6.9075710647583,-10.275913525390624,5.175665438842773
1788862791389678300,29.15967822265625,-6.5786676116943354,-11.823465623474121,5.008071322631836
1788862791399684000,29.16968408203125,-6.804171480560302,-13.437157542419433,4.525041137695312
1788862791409691400,29.17969140625,-8.662371244049071,-14.266598780059814,2.7916391357421872
1788862791419697400,29.189697509765626,-8.398111235809326,-14.19941149597168,1.2140098793029785
1788862791429703200,29.199703125,-6.778433812713622,-13.158532324218749,0.4471171600341797
1788862791439710500,29.20971044921875,-6.282385156249999,-10.530746364593504,0.26605565948486326
1788862791449716200,29.21971630859375,-6.746710640716552,-8.006958539581298,1.0338462043762207
1788862791459722200,29.22972216796875,-7.264307112121582,-6.94572865371704,2.581697577667236
1788862791469728300,29.239728271484374,-7.314435709381103,-6.419453201293945,4.235791649627686
1788862791479735300,29.2497353515625,-7.471405555725097,-6.101174018096923,5.6952071990966795
1788862791489741300,29.2597412109375,-7.636006919860839,-6.42903000793457,7.331195121002197
1788862791499747300,29.269747314453124,-8.001721223449707,-7.4025722579956055,8.443301792144775
1788862791509754400,29.27975439453125,-8.615684311676025,-8.870517150878905,7.944559658813476
1788862791519760400,29.289760498046874,-7.951442988586425,-10.296264239501953,6.772448308563232
1788862791529766400,29.299766357421873,-6.61383244857788,-10.748917990875244,5.3107881950378415
1788862791539772200,29.309772216796876,-6.504746635437011,-10.046668716430663,3.070413991546631
1788862791549779500,29.319779541015624,-5.776310780334472,-9.227552473449707,2.323273435974121
1788862791559785500,29.329785400390627,-4.673481640625,-8.399457974243164,3.180098355102539
1788862791569791200,29.339791259765626,-4.127005111694336,-7.484424027252197,3.8290766426086424
1788862791579798300,29.34979833984375,-3.720140467071533,-6.950816332244873,4.348618402862549
1788862791589804300,29.35980419921875,-4.0352772605895995,-6.600963614654541,3.9989153228759764
1788862791599810300,29.369810302734376,-4.090792811584472,-6.359448522186279,3.0692168907165525
1788862791609816300,29.37981640625,-3.615394144439697,-6.181679048919677,2.6405051559448243
1788862791619823000,29.389822998046874,-4.301482557678223,-6.225971779632568,2.335244444274902
1788862791629829400,29.399829345703125,-5.413289953613281,-6.507290474700928,2.050035171508789
1788862791639835400,29.40983544921875,-6.009595804595947,-6.9539587219238275,1.8694225837707519
1788862791649842200,29.41984228515625,-6.299892755889892,-7.466766790008545,2.041056915283203
1788862791659848200,29.42984814453125,-6.798335614013672,-8.291120349121094,3.1274259185791013
1788862791669854500,29.4398544921875,-8.563011875152588,-9.105298551177977,4.14361488571167
1788862791679860500,29.449860595703125,-9.731382285308838,-10.249876582336425,5.374084901428223
1788862791689867300,29.4598671875,-10.514585503387451,-11.371709697723388,6.885723974609375
1788862791699873300,29.469873291015624,-11.355698474121093,-12.180650583648681,8.008754190826416
1788862791709879300,29.47987939453125,-11.213692388153076,-12.394333081817626,7.927052059173583
1788862791719886300,29.48988623046875,-9.929951385498047,-11.642254485321045,6.728454853057861
1788862791729892400,29.499892333984373,-7.941866181945801,-10.56022497253418,5.84140313796997
1788862791739898000,29.509898193359376,-5.834819083404541,-9.492710307312011,5.726331820678711
1788862791749904400,29.519904296875,-4.743811314392089,-8.310872512817383,5.325153404998779
1788862791759911400,29.529911376953127,-4.957493812561035,-7.0275804229736325,4.075080863189697
1788862791769917200,29.539917236328126,-4.149151477050781,-6.189011291503906,3.1147067222595215
1788862791779923200,29.549923095703125,-3.025073797607422,-5.661239463043213,2.9575872383117674
1788862791789930200,29.55993017578125,-3.0789433349609374,-5.221304907989501,3.1392472892761227
1788862791799936300,29.569936279296876,-4.261080404663086,-5.045779998779296,3.1171009239196774
1788862791809942300,29.5799423828125,-5.437980158233643,-5.032462252044677,2.7334301078796384
1788862791819948300,29.5899482421875,-5.595249279785156,-4.882824648284912,2.4257751945495603
1788862791829955300,29.599955322265625,-5.176712902069092,-4.573972634124756,2.4097639709472656
1788862791839961300,29.60996142578125,-4.567987129974365,-4.393210408782958,2.541594699859619
1788862791849967400,29.61996728515625,-4.54599040222168,-4.409670545196533,2.6892870147705077
1788862791859973000,29.62997314453125,-5.445162763214111,-4.518905995941162,2.7211598243713375
1788862791869980400,29.63998046875,-6.482600270080566,-4.452766175079345,2.611924373626709
1788862791879986200,29.649986083984373,-6.340594184112549,-4.291756113433838,2.946364418029785
1788862791889992200,29.6599921875,-6.319644919586182,-4.242375704193115,3.69649772567749
1788862791899999500,29.66999951171875,-6.793547210693359,-4.45635747756958,4.547935691070556
1788862791910005200,29.680005126953127,-7.452251942443847,-5.1045875770568845,5.132420171356201
1788862791920011300,29.69001123046875,-8.438812664031982,-6.025906303405761,5.010764799499511
1788862791930017300,29.700017333984373,-9.555707738494872,-6.717680945587158,4.387224904632568
1788862791940024300,29.7100244140625,-9.584737433624268,-6.810306622314453,4.053084135437011
1788862791950030300,29.7200302734375,-8.500762631988525,-6.257096401214599,4.096179765319824
1788862791960036400,29.730036376953127,-7.709179708099365,-5.709123496246337,4.284723146057129
1788862791970043400,29.74004345703125,-8.054244022369383,-5.566668497467041,4.04126276473999
1788862791980049400,29.75004931640625,-8.199991048431396,-5.410596476745605,3.4256536628723144
1788862791990055000,29.760054931640624,-7.752125700378418,-4.919336223602294,3.0291140129089356
1788862792000061000,29.77006103515625,-8.144924410247802,-4.434061474609375,2.7829601547241207
1788862792010068000,29.78006787109375,-8.82278275527954,-4.6341269508361815,2.347514727783203
1788862792020074000,29.790073974609374,-9.268253901672363,-5.2810103118896485,1.7106570861816406
1788862792030079700,29.800079833984373,-9.378836090850829,-5.530905110168456,1.4294880287170408
1788862792040086000,29.8100859375,-8.973168547058105,-5.464316376495361,2.182763726043701
1788862792050093000,29.820093017578124,-9.732429748535155,-5.297769723510742,2.8384757057189938
1788862792060098800,29.830098876953127,-9.727491707611083,-4.357895934295654,2.6593594940185543
1788862792070104800,29.840104736328126,-7.87168614578247,-2.9601310775756833,2.555211721801758
1788862792080111900,29.85011181640625,-6.440552103424072,-1.4791677131652832,1.9105729248046874
1788862792090118000,29.860117919921876,-5.815515832519531,-0.9621697921752929,1.1914146011352538
1788862792100124000,29.8701240234375,-5.534496412658691,-1.1709142494201659,1.5028104545593262
1788862792110130000,29.8801298828125,-5.82883357925415,-1.479317350769043,1.591695191192627
1788862792120137000,29.890136962890626,-6.174346806335449,-1.5126865364074706,0.8940846824645996
1788862792130143000,29.90014306640625,-6.601711802673339,-1.0567407577514647,-0.03681085052490234
1788862792140149000,29.91014892578125,-6.397606111145019,-0.0143652099609375,-0.5651812294006348
1788862792150156000,29.920156005859376,-5.330241083526611,0.20874445724487303,0.03561374969482422
1788862792160162000,29.930162109375,-5.909937160491943,-0.11776479415893554,0.3510498184204101
1788862792170167800,29.940167724609374,-6.864924347686767,-0.6087257720947266,0.08753799819946288
1788862792180173800,29.950173828125,-6.857592105102539,-1.0262146865844726,0.869544115447998
1788862792190181000,29.96018115234375,-6.979696389770507,-1.5080477706909179,0.9641150810241699
1788862792200187000,29.970186767578124,-6.863577609252929,-2.3318027793884277,0.5472247169494628
1788862792210193000,29.98019287109375,-7.699902176666259,-2.8954876327514647,1.3670891479492187
1788862792220199000,29.990198974609374,-8.104971170043944,-3.0653263130187987,2.0765210273742674
1788862792230206000,30.0002060546875,-7.633612718200683,-3.44121597366333,1.6124948181152343
1788862792240212000,30.0102119140625,-8.508543787384033,-3.838204536437988,1.207276187133789
1788862792250218000,30.020218017578124,-9.85767642288208,-3.171569011688232,0.4267664459228515
1788862792260224800,30.030224853515627,-9.642796823883057,-2.0765210273742674,0.19692308654785154
1788862792270231000,30.04023095703125,-9.757419228363036,-1.2955623733520507,0.8209118942260741
1788862792280237000,30.050237060546873,-10.104129556274414,-1.0506056159973145,1.7308581626892088
1788862792290242800,30.060242919921876,-10.803685353851318,-1.442207225036621,2.625840670776367
1788862792300249900,30.070249755859376,-11.267113012695312,-1.9213468322753906,3.2493805656433103
1788862792310256000,30.080256103515627,-10.488398922729491,-1.8347066596984862,3.794360718536377
1788862792320262000,30.090261962890626,-9.399336442565918,-1.8155530464172362,4.842871408081054
1788862792330268000,30.100267822265625,-8.540117321777343,-2.87932677154541,5.766883611297607
1788862792340274700,30.110274658203124,-8.07534292449951,-4.4193969894409175,5.336525862884521
1788862792350281000,30.120281005859376,-7.778312281036376,-5.552303287506104,3.6734535346984862
1788862792360287000,30.130286865234375,-7.165396656036377,-6.0036103004455565,2.048688433074951
1788862792370293800,30.140293701171874,-6.605901655578613,-5.945700547790527,1.5918448287963867
1788862792380300000,30.150300048828125,-5.858012911987305,-5.563675745391845,1.8619407035827635
1788862792390306000,30.16030615234375,-5.713462986755371,-4.798578677368163,1.2575544219970702
1788862792400312000,30.17031201171875,-5.349544334411621,-3.7371991539001463,0.3429693878173828
1788862792410318800,30.18031884765625,-4.611830947875976,-2.4712650260925293,0.18809446792602538
1788862792420325000,30.1903251953125,-4.027795380401611,-1.4000094207763671,0.8678981018066406
1788862792430331000,30.200330810546873,-4.017470385742187,-0.9205705383300781,1.965041012573242
1788862792440338000,30.210337890625,-3.7394437179565427,-0.9639654434204101,3.1338603355407715
1788862792450344000,30.220343994140624,-3.263745775604248,-1.6229694503784178,4.103362370300292
1788862792460350000,30.230349853515627,-4.162169948577881,-2.8362311416625974,4.16875400314331
1788862792470356000,30.24035595703125,-5.419125820159912,-4.433014011383056,3.7304654617309567
1788862792480363000,30.250363037109373,-6.142922909545898,-6.159532683563232,3.47937356262207
1788862792490368800,30.26036865234375,-6.292859788513184,-7.689577182006835,3.5345898384094236
1788862792500375000,30.270375,-6.858639568328857,-8.988581220245361,3.5531449012756346
1788862792510381000,30.280381103515627,-7.558045728302002,-9.973795203399657,3.41547830581665
1788862792520387800,30.290387939453126,-8.015936795806883,-10.531494552612305,3.149422646331787
1788862792530393900,30.300393798828125,-8.686013985443115,-11.062857683563232,2.8944401695251463
1788862792540400000,30.310400146484376,-9.636811319732665,-11.899182250976562,3.273172944641113
1788862792550407000,30.320406982421876,-10.668412960052489,-12.988244731140137,4.853346040344238
1788862792560413000,30.330412841796875,-10.499771380615234,-14.360271920013426,7.145794129943847
1788862792570419000,30.3404189453125,-9.819668471527098,-15.125518625640868,8.56106658630371
1788862792580425000,30.350425048828125,-9.779266318511961,-15.008053106689452,8.37581523284912
1788862792590432000,30.360431884765624,-9.49929436187744,-13.728801232147216,6.598719050598144
1788862792600437800,30.370437744140624,-8.094197262573243,-11.253346353149414,4.055328699493408
1788862792610443800,30.38044384765625,-5.932981351470947,-9.105747463989257,2.420238603210449
1788862792620451000,30.390451171875,-4.376151721954345,-7.968950588226318,2.542193250274658
1788862792630456800,30.400456787109373,-4.377648097991943,-7.567023984527587,3.7496190750122067
1788862792640462800,30.410462890625,-5.017049578857422,-7.13112964477539,3.8896798721313472
1788862792650468900,30.42046875,-4.734084870147705,-6.532429592132568,3.3687913734436035
1788862792660476000,30.430475830078127,-3.7045781562805176,-6.0339867340087885,3.8706758964538572
1788862792670482000,30.44048193359375,-3.2836475769042965,-5.693112272644043,4.478354205322265
1788862792680488000,30.450488037109373,-3.3948283164978026,-5.370792874145508,3.9734769302368163
1788862792690493700,30.46049365234375,-3.3084874191284177,-5.319766451263427,3.115005997467041
1788862792700501000,30.4705009765625,-3.408146063232422,-5.353734187316895,2.25369195022583
1788862792710507000,30.480507080078127,-3.8090252037048336,-5.327098693847656,0.9897031112670898
1788862792720512800,30.4905126953125,-3.5884593757629393,-5.125836116790771,0.1301847152709961
1788862792730520000,30.50052001953125,-3.0611364601135254,-4.991910461425781,0.2688987739562988
1788862792740526000,30.510526123046876,-3.059939359283447,-5.491101507568359,0.8991723609924316
1788862792750531800,30.52053173828125,-3.7789480453491207,-6.293009426116943,1.4704887321472166
1788862792760537900,30.530537841796875,-4.9069163024902345,-7.068431488800049,1.9487305137634277
1788862792770545000,30.540544921875,-6.002113924407959,-7.991545866394042,3.0090625740051267
1788862792780551000,30.550551025390625,-6.878092456817627,-9.032125762939453,4.844367784118652
1788862792790557000,30.560556884765624,-7.89098939666748,-9.888202494049072,6.58270782699585
1788862792800563000,30.57056298828125,-9.191639448547363,-10.511143838500976,7.472153743743896
1788862792810570000,30.580570068359375,-10.38155767364502,-10.608408280944824,6.60156216506958
1788862792820576000,30.590575927734374,-9.87054525680542,-10.029310754394531,5.092766206359863
1788862792830582000,30.60058203125,-8.651896611785888,-9.491363568878173,4.542997650146484
1788862792840589000,30.610589111328125,-8.134898690795898,-9.362076679229736,4.516960707092285
1788862792850595000,30.620594970703124,-8.05693749923706,-9.324218365478515,4.338443045806884
1788862792860600800,30.630600830078127,-8.066364668273925,-9.054421765899658,4.3165959556579585
1788862792870606800,30.64060693359375,-8.415918110656738,-8.563011875152588,5.039944132232666
1788862792880614100,30.6506142578125,-8.79674581222534,-8.042871564483642,6.407931105804443
1788862792890620000,30.660619873046876,-9.014019612884521,-7.596053679656982,7.135169860076904
1788862792900626000,30.6706259765625,-9.141061938476563,-7.406612473297119,6.724115362548828
1788862792910632000,30.6806318359375,-8.292018174743651,-7.403320446014404,6.051494333648681
1788862792920639000,30.690638916015626,-6.832452987670898,-7.353042211151123,5.5546974891662595
1788862792930645000,30.70064501953125,-5.908141509246826,-7.314585346984863,4.981286191558838
1788862792940651000,30.710651123046876,-5.634454331970215,-7.162254266357421,3.985747213745117
1788862792950657800,30.72065771484375,-5.250783515930175,-6.749404117584228,2.9128455947875973
1788862792960664000,30.7306640625,-4.283077132415771,-6.177638833618164,2.3900118072509766
1788862792970670000,30.740670166015626,-3.625270226287842,-5.616647457122802,2.3573908096313474
1788862792980675800,30.75067578125,-4.3068695114135735,-5.2533273551940916,2.271498825073242
1788862792990682600,30.7606826171875,-5.397278730010986,-5.109525617980957,2.06215581741333
1788862793000688600,30.770688720703124,-5.470900431060791,-5.323507391357421,2.2501006477355956
1788862793010694400,30.7806943359375,-5.557091690826415,-5.454889207458495,2.5923218475341794
1788862793020700400,30.790700439453126,-6.047005205535888,-5.250484240722656,2.549076580047607
1788862793030707700,30.800707763671873,-6.977002912902831,-4.934599259185791,1.9589058708190916
1788862793040713500,30.81071337890625,-7.274033556365966,-4.669890338134765,1.5949872184753418
1788862793050719500,30.820719482421875,-7.310694769287109,-4.391564395141601,1.9455881240844726
1788862793060726500,30.8307265625,-8.272116373443604,-3.927987098693847,2.7814637786865233
1788862793070732500,30.840732666015626,-8.993818536376953,-3.860650177001953,3.89446827545166
1788862793080738600,30.850738525390625,-8.17799432067871,-4.322880735015869,4.988019883728027
1788862793090744600,30.86074462890625,-7.765293809509277,-4.802319617462158,5.078999546813964
1788862793100751400,30.87075146484375,-7.41828420639038,-4.942380414581298,4.302679658508301
1788862793110757600,30.880757568359375,-6.960991689300537,-4.431367997741699,3.348440659332275
1788862793120763600,30.890763671875,-7.948749511718749,-3.5543420021057126,2.358587910461426
1788862793130769400,30.900769287109377,-8.838195428466797,-2.9243676902770996,1.7437269966125488
1788862793140776400,30.9107763671875,-9.13582462234497,-2.6228479187011717,1.7271172225952147
1788862793150782500,30.920782470703124,-8.172158454132079,-2.8817209732055664,2.1902456062316893
1788862793160788500,30.93078857421875,-7.66758045425415,-3.8982092155456542,2.8043583320617675
1788862793170795500,30.94079541015625,-7.588422161865234,-4.919635498809814,2.7430069145202634
1788862793180801500,30.950801513671873,-7.096563358306884,-5.493346071624756,1.9672855766296387
1788862793190807600,30.9608076171875,-7.3754878517150875,-5.488258393096923,1.2457330513000489
1788862793200813600,30.9708134765625,-7.598298243713378,-4.834790977478027,1.20024321975708
1788862793210820400,30.9808203125,-8.012644768524169,-3.938461730957031,1.394323191833496
1788862793220826600,30.99082666015625,-8.775646910095213,-3.066373776245117,1.193359889984131
1788862793230832600,31.00083251953125,-9.030479749298095,-2.7262475028991697,0.5984007774353027
1788862793240838400,31.01083837890625,-7.906701345062255,-2.7308862686157225,0.006733692169189453
1788862793250845400,31.020845458984375,-7.024587670898437,-2.4230817176818844,-0.5925649108886718
1788862793260851700,31.030851806640626,-7.4594345474243156,-2.057068138885498,-0.5428852264404297
1788862793270857500,31.040857421875,-8.176647582244872,-1.995118170928955,0.7055413017272949
1788862793280863500,31.050863525390625,-8.10182878036499,-2.4823382087707517,1.8792986656188964
1788862793290870500,31.06087060546875,-7.639448584747314,-3.5702035881042478,2.0964228286743163
1788862793300876500,31.07087646484375,-7.752574613189696,-4.3059716857910155,2.0534768363952636
1788862793310882600,31.080882568359375,-8.955062397003173,-3.0295629257202146,0.6982090591430664
1788862793320889600,31.0908896484375,-7.260566172027588,-0.9000701866149902,-0.0909796630859375
1788862793330895400,31.100895263671877,-6.4269350814819335,-0.28969840087890625,0.16699556579589842
1788862793340901600,31.110901611328124,-7.5737576766967765,-0.9469067565917968,0.5503671066284179
1788862793350907600,31.12090771484375,-9.030779024505614,-2.1615151863098143,1.5441104331970215
1788862793360914400,31.13091455078125,-8.603264390563965,-2.2590789039611816,2.031480108642578
1788862793370920400,31.14092041015625,-6.68416212234497,-1.778742195892334,1.701379554748535
1788862793380926700,31.1509267578125,-5.040692320251464,-1.7702128524780272,1.548898836517334
1788862793390932500,31.160932373046876,-5.261557423400879,-2.0260931549072265,1.5497966621398924
1788862793400939500,31.170939453125,-6.363937650299072,-1.732055263519287,0.44577042160034175
1788862793410945500,31.180945556640626,-6.242581553649902,-1.3307272102355956,-0.5505167442321777
1788862793420951600,31.19095166015625,-6.023212826538086,-1.3739724777221678,-0.6290764862060546
1788862793430957600,31.20095751953125,-6.320692382812499,-1.529745223236084,-0.3414730117797851
1788862793440964400,31.21096435546875,-6.234800398254394,-1.7073650588989258,0.36436756515502927
1788862793450970400,31.220970458984375,-6.102071843719482,-1.9589058708190916,1.3488333602905274
1788862793460976600,31.2309765625,-6.366331851959228,-1.9243395843505857,1.698835715484619
1788862793470983400,31.2409833984375,-7.012915937805175,-1.589001714324951,1.8505682456970214
1788862793480989400,31.250989501953125,-8.42115542678833,-1.445499252319336,2.343474512481689
1788862793490995500,31.260995361328124,-9.132382957458496,-1.6885107208251953,3.038241906738281
1788862793501001500,31.27100146484375,-8.391078268432617,-2.4105121589660645,4.069843547058105
1788862793511008500,31.281008544921875,-7.631667429351806,-3.505560143280029,4.8971898582458495
1788862793521014500,31.2910146484375,-7.145644492340088,-4.535216494750976,4.912452893829346
1788862793531020300,31.301020263671877,-6.853701527404785,-5.34370846786499,4.333205729675293
1788862793541026600,31.311026611328124,-7.503727278137206,-5.860107838439941,3.4006641830444333
1788862793551033600,31.32103369140625,-8.36953045349121,-6.197390997314453,2.7837083427429197
1788862793561039400,31.331039306640626,-9.520393264007568,-6.571933919525146,2.9117981315612793
1788862793571045400,31.34104541015625,-10.469544584655761,-7.285406014251708,3.1549592376708984
1788862793581051600,31.3510517578125,-9.626486325073241,-8.143577671813965,3.352480874633789
1788862793591058400,31.361058349609376,-7.991695503997803,-8.721777372741698,3.5140894866943357
1788862793601064400,31.371064453125,-6.8387377670288085,-8.883535622406006,3.711162210845947
1788862793611070500,31.381070556640626,-6.590788257598876,-8.547150289154052,3.766228849029541
1788862793621077500,31.391077392578126,-7.259518708801269,-7.732972087097168,3.272574394226074
1788862793631083500,31.40108349609375,-6.879588832855224,-7.109282554626464,2.8993782104492185
1788862793641089500,31.411089599609376,-6.0330889083862305,-6.692392190551757,3.346645008087158
1788862793651095600,31.421095458984375,-5.797260044860839,-6.2581438644409175,4.332307904052734
1788862793661102600,31.4311025390625,-5.739350292205811,-6.114791040039062,5.208286436462402
1788862793671108600,31.441108642578126,-6.015132395935058,-6.2581438644409175,5.3962312667846675
1788862793681114400,31.4511142578125,-6.341342372131347,-6.827814221954346,5.036352829742431
1788862793691120600,31.46112060546875,-6.246621768951416,-7.877970925140381,4.725854801940918
1788862793701127400,31.47112744140625,-5.789329251861572,-8.988581220245361,4.735880521392822
1788862793711133400,31.481133544921875,-5.951386776733398,-9.745747495269775,4.2588358406066895
1788862793721139500,31.491139404296874,-6.911012729644775,-10.434828660583495,3.384353684234619
1788862793731145700,31.501145751953125,-7.823203562164307,-10.90513964920044,2.837428242492676
1788862793741152500,31.511152587890624,-6.968473569488525,-10.893318278503417,3.4762311729431152
1788862793751158500,31.521158447265623,-6.170905141448975,-10.030956768035889,4.651036000061035
1788862793761164500,31.53116455078125,-6.787412068939209,-8.916755170440673,5.449202978515625
1788862793771171600,31.541171630859374,-7.7218989044189446,-8.111106311798094,4.915296008300781
1788862793781177600,31.551177490234377,-6.981791316223144,-7.187393383789062,3.857507787322998
1788862793791183400,31.561183349609376,-5.304802690887451,-6.294056889343262,3.7954081817626952
1788862793801189400,31.571189453125,-4.32243182220459,-5.712265885925293,4.4479777717590325
1788862793811196700,31.58119677734375,-4.835239890289307,-6.157288119506836,4.706701188659668
1788862793821202400,31.591202392578126,-6.000767185974121,-7.851933982086181,4.076876514434814
1788862793831208400,31.60120849609375,-5.989245090484618,-9.535207386779785,3.403507297515869
1788862793841214500,31.61121435546875,-5.453093556213378,-10.874314302825928,3.841496563720703
1788862793851221500,31.621221435546875,-5.888987895965576,-12.042385437774657,4.50738390045166
1788862793861227500,31.6312275390625,-7.126939791870117,-12.670264823150633,4.204667028045654
1788862793871233500,31.641233642578126,-7.755118452453613,-12.670264823150633,3.5615246070861812
1788862793881239300,31.6512392578125,-7.576750428771972,-11.461192984771728,3.5613749694824217
1788862793891246600,31.66124658203125,-6.728155577850341,-9.452906704711914,4.523694399261474
1788862793901252600,31.671252685546875,-5.766883611297607,-7.782951046752929,5.439177259063721
1788862793911258400,31.68125830078125,-5.606921012878417,-6.25006343383789,5.31812043762207
1788862793921264400,31.691264404296874,-5.315875873565673,-4.988468796539307,4.646397234344482
1788862793931271700,31.701271728515625,-4.680963520812988,-4.421791191101074,4.205564853668212
1788862793941277400,31.71127734375,-4.869656539154052,-4.482544058227539,3.8251860649108886
1788862793951283500,31.721283447265623,-5.511003308868408,-4.990114810180664,3.3454479072570797
1788862793961290500,31.73129052734375,-5.801749172973633,-5.776909330749511,3.266738527679443
1788862793971296500,31.741296630859374,-6.434865874481201,-6.477811866760254,3.8495769943237304
1788862793981302500,31.751302490234377,-7.761852144622802,-7.078906121063232,4.759523262786865
1788862793991308800,31.761308837890624,-8.466345983123778,-7.819163346862792,5.954828441619873
1788862794001315800,31.77131591796875,-8.43971048965454,-8.63738176422119,7.16285281677246
1788862794011321900,31.78132177734375,-8.758288948059082,-8.960898263549804,7.722347817230224
1788862794021327600,31.79132763671875,-8.147767524719237,-8.81051247177124,7.4506059288024895
1788862794031334000,31.801333984375,-6.749104842376709,-8.39616594696045,6.143222184753418
1788862794041341000,31.8113408203125,-5.530007284545898,-7.763797433471679,4.668094686889648
1788862794051346700,31.8213466796875,-4.826860184478759,-7.0367083168029785,3.7859810127258298
1788862794061352700,31.831352783203126,-5.073762230682373,-6.485742659759521,3.2396541213989254
1788862794071359000,31.84135888671875,-5.539883366394043,-6.309619200134277,3.031208939361572
1788862794081365800,31.85136572265625,-5.189731373596191,-6.291513050079345,3.395127591705322
1788862794091371800,31.861371826171876,-5.249586415100097,-6.251410172271728,4.014178358459472
1788862794101377800,31.871377685546875,-6.523451335906982,-6.0811225791931145,4.357596659088134
1788862794111383800,31.8813837890625,-8.157942881774902,-5.766584336090087,4.246864832305908
1788862794121390800,31.891390869140626,-9.130138393402099,-5.348047958374023,3.7921161544799804
1788862794131396900,31.90139697265625,-9.180117353057861,-4.868459438323974,3.7379473419189453
1788862794141402600,31.911402587890624,-9.330353507232665,-4.520252734375,4.580556688690185
1788862794151410000,31.921409912109375,-9.93399160079956,-4.620509928894043,5.999121172332764
1788862794161416000,31.931416015625,-10.024522351074218,-5.3405660781860345,7.049427513122558
1788862794171421700,31.941421630859374,-8.155548680114746,-6.476315490722656,6.9150529449462885
1788862794181427700,31.951427734375,-5.06298832321167,-7.001842755126953,5.889436808776855
1788862794191434800,31.961434814453124,-3.2345664428710936,-6.465691220855713,4.77568412399292
1788862794201440800,31.971440673828123,-3.414879755401611,-5.355080925750732,3.821894037628174
1788862794211446800,31.98144677734375,-4.773738835144043,-4.489726663208008,2.7359739471435547
1788862794221452800,31.991452880859374,-5.891082822418213,-3.7544074783325194,1.6958429634094236
1788862794231459800,32.0014599609375,-6.273257262420654,-2.820968106079101,1.01514150390625
1788862794241465900,32.0114658203125,-6.031742169952392,-2.648286311340332,0.951844797515869
1788862794251472000,32.02147192382812,-6.229114169311523,-3.1214404144287107,1.0574889457702636
1788862794261477600,32.0314775390625,-5.723937619018554,-3.91362188873291,0.7633014167785644
1788862794271485000,32.04148486328125,-5.533448949432373,-4.8032174430847165,0.14589666366577148
1788862794281490700,32.05149072265625,-6.299593480682373,-5.172822324371338,-0.5434837768554687
1788862794291496700,32.06149658203125,-6.776787799072265,-4.6441526702880855,-0.9383774131774901
1788862794301502700,32.071502685546875,-7.233930678558349,-3.635295945739746,-0.2985270195007324
1788862794311509800,32.081509765625,-9.444676636505127,-2.589478733062744,0.8364742050170898
1788862794321515800,32.09151586914062,-10.664372744750976,-2.3766940605163573,2.16420866317749
1788862794331521800,32.10152172851563,-10.791115795135497,-2.7070938896179197,2.9727006362915036
1788862794341527800,32.11152783203125,-10.888080962371825,-2.844910122680664,3.273023307037353
1788862794351534800,32.121534912109375,-10.171466477966309,-3.2233436225891112,3.965097224426269
1788862794361540900,32.131540771484374,-9.575310264587403,-3.7927147048950194,4.479551306152343
1788862794371546600,32.141546630859374,-9.063549659729004,-3.569605037689209,3.8539164848327636
1788862794381554000,32.15155395507813,-9.374346962738036,-2.9314006576538083,3.3640029701232907
1788862794391560000,32.16155981445313,-10.63579196243286,-3.3827076705932617,3.0343513290405273
1788862794401565700,32.17156567382813,-9.963619846343994,-4.326621675109863,2.4283190338134766
1788862794411571700,32.18157177734375,-8.706663974761963,-4.977545251464844,1.6021698234558104
1788862794421579000,32.1915791015625,-7.767987286376953,-4.229207595062255,0.29972412033081053
1788862794431584800,32.20158471679687,-7.530662046813965,-3.5603275062561033,-0.09756371765136718
1788862794441590800,32.2115908203125,-8.375067044830322,-3.020435031890869,-0.27563246612548825
1788862794451596800,32.2215966796875,-7.168539045715332,-2.067243495941162,-0.9277531433105468
1788862794461603800,32.231603759765626,-5.174318700408935,-1.6111480796813964,-0.5975029518127442
1788862794471609900,32.24160986328125,-4.388272367858886,-1.795202332305908,0.5457283409118652
1788862794481616000,32.25161596679688,-4.452766175079345,-1.699583903503418,0.8918401184082031
1788862794491621600,32.26162158203125,-3.9354689788818358,-1.0999860252380371,0.49320554199218747
1788862794501629000,32.27162890625,-2.6593594940185543,-0.4644751220703125,0.19378069686889648
1788862794511635000,32.28163500976562,-2.804657607269287,0.12075754623413085,-0.14425065002441406
1788862794521640700,32.291640625,-4.7852609306335445,0.45295302658081055,-0.8699930282592773
1788862794531646700,32.30164672851563,-5.788431426239013,0.39713820037841796,-1.4323311431884764
1788862794541653800,32.31165380859375,-5.626972451782226,0.5594950004577637,-1.5474024604797363
1788862794551659800,32.32165966796875,-5.849333930969238,1.0016741195678711,-0.7261912910461426
1788862794561665800,32.331665771484374,-7.2912418807983395,1.0091559997558592,1.437119546508789
1788862794571671800,32.341671875,-8.923339225006103,0.2911947769165039,3.9736265678405758
1788862794581678800,32.35167895507813,-8.305335921478271,-0.9668085578918456,5.795614031219482
1788862794591684900,32.36168481445313,-6.458508615875243,-2.7199627235412596,6.649146923065185
1788862794601691000,32.37169091796875,-6.893654767608642,-4.279785105133056,6.1070098846435545
1788862794611696600,32.381696533203126,-8.48445213317871,-5.34370846786499,4.6447512207031245
1788862794621704000,32.391703857421874,-9.083152185821532,-5.808782140350341,3.114108171844482
1788862794631709700,32.40170971679687,-9.644293199920654,-5.368249034881591,1.78113639755249
1788862794641715700,32.4117158203125,-10.347589937591552,-4.497807093811035,1.4613608383178711
1788862794651721700,32.4217216796875,-9.175777862548827,-3.9477392623901366,2.7328315574645994
1788862794661728800,32.431728759765626,-7.586327235412597,-4.214692747497558,4.50094948348999
1788862794671734800,32.44173486328125,-8.974515285491943,-5.444414575195312,5.10084663696289
1788862794681740800,32.45174072265625,-10.7007346824646,-7.597699693298339,4.863671035003661
1788862794691746800,32.461746826171876,-10.102633180236817,-10.030657492828368,4.751891744995117
1788862794701753900,32.47175390625,-8.53577783126831,-12.067973468017577,4.781370352935791
1788862794711760000,32.481759765625,-8.072799085235594,-13.01712478866577,4.033182334136963
1788862794721765600,32.491765625,-7.747486934661865,-12.818106775665283,3.0843302886962887
1788862794731773000,32.50177294921875,-7.647229740142822,-11.550825909423827,2.8631659103393554
1788862794741779000,32.511779052734376,-7.052869178009033,-9.490914656066893,3.2878374298095703
1788862794751784700,32.52178466796875,-5.718101752471924,-7.23946726989746,3.403956210327148
1788862794761790700,32.531790771484374,-4.44977342300415,-5.066130712890625,3.1854853088378903
1788862794771798000,32.54179809570312,-3.6728549842834473,-3.1880291481018066,2.80929637298584
1788862794781803800,32.5518037109375,-2.897283283996582,-1.9274819740295408,2.6146178504943847
1788862794791809800,32.56180981445313,-2.6262895835876465,-1.4706383697509764,2.530671154785156
1788862794801815800,32.57181591796875,-3.6655227416992187,-1.698835715484619,2.1658546768188476
1788862794811822800,32.58182275390625,-4.975450325012207,-3.0909143432617188,1.861641428375244
1788862794821828900,32.59182885742187,-5.871031383514404,-5.862352402496337,2.7160721458435058
1788862794831835000,32.6018349609375,-6.969820307922363,-8.923937775421143,4.703109886169433
1788862794841840600,32.61184057617187,-7.587673973846435,-12.012009004211425,7.680748563385009
1788862794851848000,32.62184790039063,-8.353369592285155,-14.496142864227295,9.42986251373291
1788862794861854000,32.63185400390625,-9.542539629364013,-15.172055920410155,7.875875998687744
1788862794871859700,32.641859619140625,-9.663297175598144,-13.91031164550781,4.862773209381103
1788862794881865700,32.65186572265625,-8.187421489715575,-12.007819151306151,3.4174235946655274
1788862794891872800,32.66187280273437,-7.694066310119628,-10.147674098968505,2.8042086944580076
1788862794901878800,32.67187866210938,-6.779182000732422,-8.74003316040039,1.8824410552978514
1788862794911884800,32.681884765625,-5.034856453704833,-7.611167077636718,1.5692495506286621
1788862794921890800,32.69189086914062,-4.604049792480469,-6.321141295623779,1.5562310791015623
1788862794931897900,32.70189794921875,-4.268711922454834,-5.014505739593505,1.9211971946716306
1788862794941904000,32.71190380859375,-3.756801679992676,-4.1280525749206545,2.423530630493164
1788862794951910000,32.721909912109375,-4.501847309112549,-3.8961142890930174,1.664419066619873
1788862794961915600,32.73191552734375,-4.914996733093261,-5.167285733032227,2.184559377288818
1788862794971923000,32.7419228515625,-5.695356836700439,-7.334487148284912,5.150376683807373
1788862794981928700,32.7519287109375,-7.9664067489624015,-10.097395864105223,8.226776179504395
1788862794991934500,32.7619345703125,-10.766425590515135,-14.018200357818603,9.569324760437011
1788862795001940700,32.77194067382813,-11.911602172088623,-17.418864540863037,8.219743212127685
1788862795011947500,32.78194750976562,-11.470470516204834,-17.47452972946167,4.195389496612549
1788862795021953500,32.79195361328125,-9.976039767456054,-15.095890380096435,1.3727753768920898
1788862795031959600,32.80195947265625,-7.24605132446289,-12.093561498260497,1.898003366088867
1788862795041965800,32.8119658203125,-4.9257706405639645,-8.865728747558594,2.957886513519287
1788862795051972600,32.82197265625,-3.881000891113281,-6.111499012756347,3.9674914260864256
1788862795061978600,32.831978515625,-4.206313041687012,-4.438849877929687,4.659714981079102
1788862795071984600,32.841984619140625,-4.313752841186523,-4.216039485931396,5.053411516571044
1788862795081990700,32.85199072265625,-3.595641980743408,-4.963778591918945,5.343409192657471
1788862795091997700,32.86199780273437,-4.389619106292725,-5.877914713287353,4.829852936553955
1788862795102003500,32.87200341796875,-6.998850003051757,-6.465840858459472,3.4757822601318358
1788862795112009500,32.88200952148438,-7.912088298797607,-6.880187383270263,2.993649900817871
1788862795122015700,32.892015625,-7.104793426513671,-6.983736605072021,3.425803300476074
1788862795132022500,32.9020224609375,-5.915324114227294,-7.202207506561279,4.165611613464355
1788862795142028500,32.912028564453124,-5.5906105140686035,-7.251288640594482,4.375104258728027
1788862795152034600,32.92203466796875,-5.641786574554443,-6.7663131668090815,3.699640115356445
1788862795162040800,32.932040771484374,-4.859032269287109,-6.147412037658691,2.932298483276367
1788862795172047600,32.94204760742188,-4.256591276550293,-5.194370139312744,2.692130129241943
1788862795182053600,32.9520537109375,-4.933102883148193,-4.618265364837646,3.0747534820556637
1788862795192059600,32.9620595703125,-6.389076767730712,-4.941781864166259,3.7065234451293945
1788862795202065700,32.972065673828126,-6.893355492401122,-5.906794770812988,4.263773881530762
1788862795212072700,32.98207275390625,-6.615328824615478,-6.864176159667968,4.452167624664306
1788862795222078500,32.99207836914063,-6.59512774810791,-7.296628834533691,3.920654856109619
1788862795232084700,33.00208471679687,-6.884377236175537,-6.901884835815429,2.688987739562988
1788862795242090800,33.0120908203125,-6.228216343688964,-5.779153894805908,1.8327613708496093
1788862795252097500,33.02209765625,-4.806958383178711,-4.854243865966796,2.2617723808288575
1788862795262103600,33.032103515625,-4.859630819702148,-4.380042299652099,3.1350574363708494
1788862795272109800,33.04210986328125,-7.208791561126708,-4.129848226165771,3.5410242553710933
1788862795282115600,33.052115478515624,-11.973701777648925,-3.72852017288208,3.137302000427246
1788862795292122600,33.06212255859375,-13.969867411804199,-3.577835105895996,3.300107713317871
1788862795302128600,33.07212866210938,-11.972953589630126,-4.69847112045288,5.382614244842529
1788862795312134700,33.082134765625,-10.279055915069579,-6.535721619415283,7.366659233093261
1788862795322140700,33.092140625,-8.691550576782227,-8.45272896118164,7.556100439453124
1788862795332147700,33.102147705078124,-7.312041507720947,-8.996362375640869,5.992986030578613
1788862795342153500,33.11215356445312,-4.8971898582458495,-7.268646602630615,4.369118754577636
1788862795352159700,33.12215966796875,-3.3400609535217285,-5.240608158874512,3.5625720703124997
1788862795362165800,33.132165771484374,-4.894945294189453,-3.7421371948242186,2.3083096755981445
1788862795372172500,33.14217260742188,-7.207444822692871,-3.0720600051879883,0.6456862602233886
1788862795382178600,33.152178466796876,-8.058284237670899,-2.8488007003784177,-0.18599954147338865
1788862795392184800,33.16218481445313,-8.699780644989014,-2.39420166015625,0.13377601776123046
1788862795402190600,33.172190673828126,-9.630526540374754,-2.634669289398193,0.1997662010192871
1788862795412197600,33.18219775390625,-8.424148178863526,-3.6420296379089354,0.14380173721313474
1788862795422203600,33.19220361328125,-6.417058999633789,-4.552724094390869,0.7900865478515624
1788862795432209700,33.20220971679687,-6.116885966491699,-4.809651860046387,1.477970612335205
1788862795442215700,33.21221557617187,-7.474099032592773,-4.6258968826293945,1.698835715484619
1788862795452222500,33.222222412109375,-8.544756087493896,-3.6706104202270504,1.0417769973754882
1788862795462228500,33.232228515625,-7.844003189086914,-2.1287445510864256,0.6995557975769042
1788862795472234800,33.24223486328125,-7.095515895080566,-1.285835929107666,1.4067431129455565
1788862795482240800,33.25224072265625,-7.645434088897705,-1.7820342231750488,2.1595698974609374
1788862795492247600,33.26224755859375,-8.13923818130493,-2.687341725921631,2.4774001678466795
1788862795502253600,33.27225366210938,-6.503998447418213,-2.4531588760375973,2.3946505729675294
1788862795512259800,33.282259765625,-5.069572377777099,-1.7929577682495117,1.790114653778076
1788862795522265600,33.292265625,-5.640290198516845,-2.235885075378418,0.8806172981262207
1788862795532272600,33.302272705078124,-6.921786637115478,-2.856432218170166,0.2154781494140625
1788862795542278700,33.31227856445312,-7.723993830871581,-1.383399646759033,-1.4565724349975586
1788862795552284700,33.32228466796875,-5.999121172332764,0.1479915901184082,-2.066644945526123
1788862795562290700,33.332290771484374,-6.026055941009521,-0.039055414581298825,-0.5376479103088379
1788862795572297500,33.34229736328125,-8.96419029083252,-0.3459621398925781,0.5826888290405273
1788862795582303500,33.352303466796876,-9.847351428222655,-0.5487210929870605,1.6446669029235839
1788862795592309800,33.36230981445313,-8.353968142700195,-1.1559504890441894,2.7474960426330566
1788862795602315800,33.372315673828126,-6.834847189331055,-2.2340894241333005,4.033631246948242
1788862795612322600,33.38232250976562,-6.366481489562988,-3.19835414276123,4.345775288391113
1788862795622328600,33.39232861328125,-5.698499226379394,-2.8954876327514647,3.158849815368652
1788862795632334600,33.40233447265625,-5.5181859138488765,-1.7443255470275878,1.350329736328125
1788862795642340600,33.41234057617187,-7.4128972526550285,-0.3995324020385742,-0.6379051048278809
1788862795652347600,33.42234765625,-10.3559696434021,0.05955576629638672,-1.1831845329284667
1788862795662353700,33.432353759765626,-12.36679976272583,-0.7317278823852539,0.5581482620239258
1788862795672359700,33.442359619140625,-10.996867500305175,-2.0868460220336913,3.1298201202392577
1788862795682365700,33.45236572265625,-9.519345800781249,-4.112490264129638,5.941211419677734
1788862795692372500,33.46237255859375,-10.160991845703125,-6.2413844528198235,6.51881257019043
1788862795702378800,33.47237866210938,-10.985794317626953,-7.152228546905517,4.47551109085083
1788862795712384800,33.482384765625,-9.69756418685913,-7.263708561706543,2.33659118270874
1788862795722390500,33.492390625,-8.10093095474243,-7.174823825073242,1.298555125427246
1788862795732397600,33.5023974609375,-8.183979824829102,-6.469132885742187,1.35990654296875
1788862795742403800,33.51240380859375,-8.41442173461914,-5.115660759735107,1.9470845001220702
1788862795752409600,33.52240966796875,-8.128164998626708,-3.421314172363281,2.0278888061523435
1788862795762415600,33.53241552734375,-7.045985848236084,-2.0706851608276367,2.329707852935791
1788862795772422700,33.54242260742188,-5.206490785217285,-1.7060183204650878,3.524564118957519
1788862795782428700,33.5524287109375,-4.890007253265381,-1.7571943809509276,4.081066367340088
1788862795792434700,33.5624345703125,-4.544643663787841,-1.9309236389160156,3.4585739356994627
1788862795802440700,33.572440673828126,-3.3738790519714352,-2.23468797454834,2.551021868896484
1788862795812447500,33.58244750976562,-3.269432004547119,-2.447023734283447,1.603666199493408
1788862795822453800,33.59245385742187,-4.227711219024658,-2.709488091278076,1.1314099220275877
1788862795832459800,33.60245971679687,-5.387402648162841,-3.35188232421875,1.7881693649291992
1788862795842465500,33.61246557617188,-5.22250200881958,-4.584147991180419,3.4024598342895507
1788862795852472600,33.62247265625,-4.349516228485107,-6.1845221633911125,5.225195485687255
1788862795862478800,33.632478759765625,-4.994454300689697,-7.840561524200439,6.106112059020996
1788862795872484600,33.642484619140625,-6.794445036315918,-9.064148210144042,5.600037683105469
1788862795882490600,33.65249072265625,-7.835473845672607,-9.399785355377198,3.9920319931030273
1788862795892497700,33.66249755859375,-7.208342648315429,-9.65925696029663,2.494309217071533
1788862795902503700,33.67250366210938,-6.795342861938476,-10.082881016540528,1.2000935821533203
1788862795912509700,33.682509765625,-6.279841316986084,-10.330531250762938,0.5255272644042969
1788862795922515700,33.692515625,-5.295076246643066,-10.092457823181151,0.7022492744445801
1788862795932522500,33.7025224609375,-5.397278730010986,-9.130437668609618,0.914884309387207
1788862795942528800,33.71252880859375,-6.931513081359863,-8.391676818847655,0.7631517791748046
1788862795952534800,33.72253466796875,-7.861061875915527,-8.996960926055907,1.5295955856323242
1788862795962540500,33.73254052734375,-8.150461001586914,-10.702231058502196,3.6535517333984373
1788862795972547600,33.742547607421876,-9.01386997528076,-12.970886769104004,6.556970159149169
1788862795982553600,33.7525537109375,-10.359411308288573,-15.662418347930908,10.312275463104248
1788862795992560000,33.76256005859375,-11.793089189910887,-17.674595205688476,11.665149038696288
1788862796002566400,33.77256640625,-11.68894141769409,-16.958579271697996,9.498396536254882
1788862796012573200,33.7825732421875,-9.835081144714355,-13.73314072265625,7.687482255554198
1788862796022579200,33.7925791015625,-7.875277448272705,-10.962151576232909,7.414243991088867
1788862796032585200,33.802585205078124,-6.052841072082519,-9.024045332336426,5.612307966613769
1788862796042591200,33.81259130859375,-4.636820427703857,-7.320421213531493,2.7320833694458004
1788862796052598300,33.82259838867188,-2.8841151748657223,-6.0227639137268065,0.932691184234619
1788862796062604300,33.83260424804688,-1.6811784782409667,-4.847061260986328,0.3516483688354492
1788862796072610300,33.8426103515625,-1.1347019493103028,-3.784634274291992,0.4171896392822265
1788862796082616300,33.8526162109375,-0.6766612442016601,-2.8089970977783203,0.9286509689331054
1788862796092622300,33.86262231445313,-0.8297405128479003,-2.09402862701416,1.6938976745605467
1788862796102629000,33.87262915039062,-1.6201263359069824,-2.226308268737793,2.3693618179321287
1788862796112635400,33.882635498046874,-2.7768250129699705,-3.179948717498779,2.4781483558654784
1788862796122641400,33.89264135742187,-4.409071994781494,-4.600458489990234,1.3922282653808593
1788862796132647200,33.90264721679687,-3.877259951019287,-6.356455770111084,0.9445125549316405
1788862796142654200,33.912654296875,-3.3463457328796387,-7.745691283416748,1.4612112007141111
1788862796152660500,33.922660400390626,-5.418227994537353,-8.384344576263427,1.2210428466796874
1788862796162666200,33.932666259765625,-6.9515645202636716,-9.079411245727538,1.241094285583496
1788862796172672300,33.94267236328125,-7.317578099060058,-9.747243871307372,2.3464672645568845
1788862796182679300,33.95267919921875,-7.825747401428222,-9.790339501190186,4.431966548156738
1788862796192685300,33.96268530273438,-8.621819453430176,-9.763853645324707,7.257573419952392
1788862796202691300,33.97269140625,-9.561094692230224,-9.930549935913085,8.65728356552124
1788862796212697300,33.982697265625,-9.955539415740967,-9.287257877349854,7.551012760925293
1788862796222704000,33.9927041015625,-9.211391612243652,-8.090306684875488,5.93073678741455
1788862796232710400,34.00271044921875,-8.457517364501953,-7.183802081298828,5.487659842681884
1788862796242716400,34.01271630859375,-7.856123834991455,-6.911312004852294,5.6568999725341795
1788862796252722200,34.02272216796875,-7.310545131683349,-7.361421916961669,5.607818838500976
1788862796262729200,34.03272924804688,-7.851185794067383,-8.087463570404053,5.629665928649902
1788862796272735200,34.0427353515625,-8.936656971740723,-8.898649020385742,6.2578445892333985
1788862796282741200,34.0527412109375,-8.689754925537109,-9.711929396820068,6.854000802612305
1788862796292747300,34.06274731445313,-8.53009160232544,-9.763704007720946,5.94405453414917
1788862796302754000,34.07275415039062,-7.381473355865478,-9.20016879196167,4.657171141815185
1788862796312760300,34.08276025390625,-6.00720160293579,-8.352771041870117,3.9995138732910154
1788862796322766300,34.09276635742187,-5.532401486206054,-7.285106739044189,3.9176621040344237
1788862796332772400,34.1027724609375,-5.7788546195983885,-6.379350323486328,3.9451954231262203
1788862796342779100,34.112779052734375,-5.852625958251953,-6.065260993194579,4.052784860229492
1788862796352785400,34.122785400390626,-5.796062944030761,-5.580584794616699,4.200327537536621
1788862796362791400,34.13279150390625,-5.743091232299804,-4.917839847564697,4.135534455108642
1788862796372797200,34.142797119140624,-5.557390966033935,-4.363582163238525,3.7294179985046383
1788862796382804200,34.15280419921875,-4.861127195739746,-4.224568829345703,3.1530139488220215
1788862796392810200,34.16281030273438,-4.100818531036377,-4.30312857131958,2.5002947212219238
1788862796402816300,34.17281616210938,-3.423259461212158,-4.203918840026855,1.9539678298950194
1788862796412822300,34.182822265625,-3.9104794990539546,-3.667168755340576,1.107018992614746
1788862796422828300,34.19282836914063,-5.237765044403075,-2.728043154144287,-0.13407529296874998
1788862796432835300,34.20283544921875,-5.749376011657715,-1.7814356727600096,-0.8708908538818358
1788862796442841300,34.21284130859375,-5.422567485046386,-1.0996867500305174,-0.32411504974365235
1788862796452847400,34.222847412109374,-6.682516108703613,-0.7815572044372558,1.2994529510498045
1788862796462853000,34.23285302734375,-10.333075090026854,-1.2038345222473144,3.463661614227295
1788862796472860400,34.2428603515625,-12.562076835632324,-3.2597055603027343,5.799354971313476
1788862796482866200,34.2528662109375,-11.442189009094237,-7.1018006744384765,7.139060437774658
1788862796492872200,34.2628720703125,-8.849567886352538,-10.78872159347534,6.759878749847411
1788862796502878200,34.272878173828126,-7.472602656555176,-11.558008514404296,4.834042789459228
1788862796512885200,34.28288525390625,-6.982090591430664,-9.503484214782715,2.6152164009094236
1788862796522891300,34.29289135742187,-6.570138268280029,-6.587795505523681,2.1422119354248044
1788862796532897300,34.30289721679687,-7.274033556365966,-4.229656507873535,2.364872689819336
1788862796542903300,34.3129033203125,-8.601319101715088,-2.8712463409423825,2.326415825653076
1788862796552910300,34.322910400390626,-10.43827032546997,-2.2493524597167966,2.008435917663574
1788862796562916400,34.332916259765625,-10.999560977172852,-2.2028151649475096,2.083853269958496
1788862796572922000,34.342922119140624,-10.844835694885253,-2.3837270278930665,2.361431024932861
1788862796582928100,34.35292822265625,-10.707169099426268,-2.4542063392639157,1.947832688140869
1788862796592935400,34.36293530273438,-9.095422469329833,-2.3315035041809082,1.668758557128906
1788862796602941200,34.37294116210938,-7.0187518043518065,-1.5288473976135253,3.0096611244201656
1788862796612947200,34.382947265625,-6.666355247497558,-1.451784031677246,4.766855505371093
1788862796622953200,34.392953125,-7.81422530593872,-3.019088293457031,4.960935477447509
1788862796632959500,34.40295947265625,-8.794950160980225,-3.8310219314575193,2.624344294738769
1788862796642966300,34.41296630859375,-6.691344727325439,-2.520944710540771,0.44412440795898434
1788862796652972300,34.42297216796875,-4.700117134094238,-2.147000338745117,0.725293465423584
1788862796662978000,34.43297802734375,-6.123021108245849,-2.726546778106689,0.7122749938964843
1788862796672984300,34.442984375,-7.4314523155212395,-2.6226982810974118,-0.3667617668151855
1788862796682991400,34.45299145507813,-6.376656846618652,-1.9291279876708982,-1.0999860252380371
1788862796692997000,34.4629970703125,-5.81581510772705,-1.5976806953430174,-1.268029054260254
1788862796703003100,34.473003173828126,-6.865822173309326,-1.9469348625183105,-0.6308721374511719
1788862796713009400,34.48300952148438,-7.387159584808349,-2.726696415710449,1.4059949249267578
1788862796723016200,34.49301611328125,-6.589740794372558,-2.0528782859802246,1.354669226837158
1788862796733022200,34.50302221679687,-5.680093801116943,-0.49425300521850585,-0.6491279251098633
1788862796743028200,34.5130283203125,-5.588066674804687,0.4025251541137695,-1.488295606994629
1788862796753034200,34.5230341796875,-6.136338854980468,1.054047280883789,-1.0052654220581054
1788862796763041300,34.533041259765625,-6.463745932006836,1.3208511283874511,0.5590460876464843
1788862796773047300,34.54304736328125,-7.4877160545349115,0.9572317512512206,2.186055753326416
1788862796783053000,34.55305297851562,-8.44045867767334,-0.4417302062988281,3.264942876434326
1788862796793059300,34.563059326171874,-8.70157629623413,-2.170044529724121,4.251204322814941
1788862796803065300,34.5730654296875,-8.531587978363037,-2.817975354003906,4.395155697631836
1788862796813072100,34.58307202148438,-7.958775231170653,-3.0699650787353514,4.108150773620605
1788862796823078100,34.593078125,-8.997858751678466,-3.1012393379211423,3.561674244689941
1788862796833084400,34.60308447265625,-10.261847590637206,-2.957287963104248,3.1015386131286617
1788862796843090200,34.613090087890626,-10.193014292907714,-3.1413422157287596,3.1281741065979003
1788862796853097200,34.62309716796875,-9.029881198883055,-3.6233249374389644,3.199251968383789
1788862796863103200,34.63310327148437,-7.975085729980468,-4.402637577819824,3.427150038909912
1788862796873109200,34.64310913085937,-7.7204025283813476,-5.278167197418212,3.6329017440795894
1788862796883115300,34.653115234375,-7.714716299438476,-5.849932481384277,2.903568063354492
1788862796893122300,34.663122314453126,-7.566425434112548,-5.956175180053711,1.850268970489502
1788862796903128000,34.673128173828125,-7.491157719421386,-5.432293929290771,1.3166612754821776
1788862796913134300,34.68313427734375,-7.706336593627929,-4.8689083511352536,1.812560294342041
1788862796923140400,34.693140380859376,-7.770381488037109,-4.716277995300293,2.634070738983154
1788862796933147100,34.70314721679687,-6.54380205001831,-4.7399207366943354,3.0475194381713866
1788862796943153400,34.7131533203125,-4.7275008155822755,-4.899733697509765,3.2640450508117675
1788862796953159400,34.72315942382812,-4.62903927230835,-5.155464362335205,3.4337340934753415
1788862796963165200,34.73316528320313,-6.432920585632324,-5.109525617980957,3.019088293457031
1788862796973172200,34.743172119140624,-7.037905417633056,-5.051765502929687,2.5350106452941894
1788862796983178500,34.753178466796875,-6.571634644317626,-4.931756144714355,2.3804350006103516
1788862796993183500,34.76318359375,-6.290465586853027,-4.725256251525878,2.742258726501465
1788862797003189500,34.773189453125,-5.866242980194092,-5.061641584777831,3.937563905334472
1788862797013195800,34.78319580078125,-5.9570730056762695,-6.007051965332031,5.334131661224365
1788862797023202600,34.79320263671875,-6.365733301544189,-7.095964807891845,5.778405706787109
1788862797033208600,34.80320849609375,-6.504447360229491,-8.49732096710205,5.623081874084472
1788862797043214800,34.81321484375,-7.334636785888671,-9.5645363571167,4.958990188598633
1788862797053220900,34.823220947265625,-8.206874378204345,-9.913640886688231,3.6049195121765134
1788862797063227600,34.8332275390625,-7.948001323699951,-9.880720613861083,2.431311785888672
1788862797073233700,34.84323364257813,-7.714117749023437,-9.347112918853759,1.556530354309082
1788862797083239700,34.85323974609375,-7.7890861885070795,-8.821884929656981,1.23855044631958
1788862797093245700,34.86324560546875,-7.499238150024413,-8.582614401245117,1.9812018737792967
1788862797103252700,34.87325268554687,-7.537246101379394,-8.49103618774414,3.2881367050170898
1788862797113258500,34.88325854492187,-7.858368399047851,-8.273163836669921,4.547486778259277
1788862797123264800,34.8932646484375,-7.2653545753479,-8.233210596466064,5.759252093505859
1788862797133270800,34.90327075195312,-6.593032821655273,-8.078485314178467,5.944802722167968
1788862797143277600,34.913277587890626,-5.7529673141479485,-8.030302005767822,5.323208116149902
1788862797153283600,34.92328369140625,-4.929810855865478,-8.476670977783202,4.348768040466308
1788862797163289900,34.933289794921876,-4.670638526153565,-9.718363813781737,3.470544944000244
1788862797173295600,34.943295654296875,-4.86471849822998,-11.544990042877197,2.956539775085449
1788862797183301600,34.953301513671875,-5.182099855804443,-12.845939369964599,2.532466806030273
1788862797193308700,34.96330859375,-5.863549503326416,-12.887388986206053,2.41964005279541
1788862797203314700,34.97331469726562,-6.18018267288208,-12.80658468017578,3.8429929397583007
1788862797213320700,34.98332080078125,-6.987627182769775,-13.035979126739502,4.975151049804687
1788862797223326700,34.99332666015625,-7.951442988586425,-13.236792790985106,5.063287598419189
1788862797233333500,35.00333349609375,-9.553912087249754,-13.15838268661499,4.177133708953857
1788862797243339800,35.01333984375,-9.252392315673827,-13.097779457092285,4.642506656646728
1788862797253345800,35.023345703125,-7.717260138702392,-12.539331919860839,6.483348458099365
1788862797263351600,35.0333515625,-6.730250504302978,-11.527632080841064,7.39314508895874
1788862797273358600,35.04335864257813,-6.463446656799316,-10.333075090026854,6.776039611053466
1788862797283364900,35.05336474609375,-5.991489654541016,-9.215431827545165,5.4686558670043945
1788862797293370600,35.06337060546875,-5.060594121551514,-7.968651313018798,4.191498918914795
1788862797303376600,35.07337670898438,-4.592527696990967,-6.486041934967041,2.9605799903869627
1788862797313383700,35.0833837890625,-4.180126461029053,-5.2934302330017085,2.233341236114502
1788862797323389700,35.0933896484375,-3.387645711517334,-4.617816452026367,2.3772926109313963
1788862797333395700,35.10339575195312,-3.0205846694946286,-4.428375245666504,2.9192800117492674
1788862797343401700,35.11340161132812,-3.816955996704101,-4.528632440185547,3.2823008384704586
1788862797353407700,35.12340771484375,-4.976198513031005,-4.693832354736328,3.349787397766113
1788862797363414800,35.133414794921876,-5.800552072143554,-4.776731587219238,3.2995091629028317
1788862797373420800,35.1434208984375,-5.8098296035766595,-4.62260485534668,3.0514100158691404
1788862797383426600,35.153426513671874,-5.0748096939086915,-4.454112913513184,2.7274446037292477
1788862797393432600,35.1634326171875,-3.7674259498596188,-4.482394420623779,2.5936685859680173
1788862797403439900,35.17343994140625,-2.68779063873291,-4.43720386428833,2.5857377929687497
1788862797413445600,35.18344555664063,-2.6343700141906736,-4.232200347137451,2.3759458724975584
1788862797423451600,35.19345166015625,-3.2077813117980956,-3.5727474273681636,1.992424694061279
1788862797433457700,35.20345776367188,-3.8769606758117674,-2.5055320373535155,1.9289783500671385
1788862797443464700,35.213464599609374,-5.533598587036132,-1.5524901390075683,2.3760955101013184
1788862797453470700,35.223470703125,-8.470386198425292,-1.4104840530395506,3.242497235870361
1788862797463476700,35.233476806640624,-11.473612905883789,-2.570923670196533,5.1319712585449215
1788862797473482500,35.243482421875,-13.913753310394286,-4.801870704650879,7.842656450653076
1788862797483488800,35.25348876953125,-15.553033259582518,-7.879916213989257,10.155006341552733
1788862797493495800,35.26349584960938,-16.954987969207764,-11.021856980133055,10.535385130310058
1788862797503501600,35.27350146484375,-16.16998909988403,-12.16209552078247,9.085696025085449
1788862797513507600,35.283507568359376,-11.834987718963623,-10.794258184814453,7.6838909530639645
1788862797523513900,35.29351391601563,-8.001721223449707,-9.004293168640137,7.517793212890624
1788862797533520600,35.30352075195312,-7.658302922821044,-7.888295919799805,7.485172215270996
1788862797543526700,35.31352661132812,-9.105148913574219,-7.024288395690918,7.357232064056396
1788862797553532700,35.32353271484375,-9.664943189239501,-6.2401873519897455,6.750152305603027
1788862797563538700,35.33353857421875,-9.504232402801513,-6.018424423217773,5.185391883087158
1788862797573545700,35.343545654296875,-8.60595786743164,-6.452074198913574,4.281281481170654
1788862797583551700,35.3535517578125,-7.673565958404541,-6.840683055877685,4.400991564178467
1788862797593557500,35.3635576171875,-6.073491061401366,-6.9348051086425775,4.667945049285889
1788862797603563800,35.373563720703125,-4.405779967498779,-7.126341241455077,4.671685989379882
1788862797613569800,35.38356982421875,-3.6450223899841308,-7.242609659576416,4.23264925994873
1788862797623576600,35.39357666015625,-3.7466263229370114,-6.723816087341308,3.0578444328308105
1788862797633582600,35.40358251953125,-3.163338943481445,-5.70089342803955,1.622819812774658
1788862797643588900,35.4135888671875,-2.2246622550964354,-4.434211112213134,0.14649521408081054
1788862797653594600,35.4235947265625,-2.388964344024658,-3.047968350982666,-1.8166005096435547
1788862797663601700,35.4336015625,-4.835688803100585,-1.6080056900024413,-4.253149611663818
1788862797673607700,35.44360766601562,-5.682338365173339,-0.20739771881103514,-5.812373442840576
1788862797683613700,35.45361376953125,-3.8660371307373045,0.8928875816345214,-4.776881224822998
1788862797693619700,35.46361962890625,-3.4166754066467284,0.6385036552429199,-1.720533168029785
1788862797703626800,35.473626708984376,-5.270236404418945,-0.8354267417907715,1.189918225097656
1788862797713632500,35.483632568359376,-6.053439622497558,-3.1598972785949706,2.996792290496826
1788862797723638800,35.493638671875,-5.261407785797119,-4.818031565856933,3.1796494422912596
1788862797733644800,35.503644775390626,-4.275894527435303,-4.710591766357422,2.680159120941162
1788862797743650600,35.513650634765625,-5.507412006378173,-3.2746693206787105,1.8812439544677733
1788862797753657600,35.52365771484375,-6.918644247436523,-1.4657003288269042,1.070058504486084
1788862797763664000,35.53366381835937,-7.798962270355224,-0.4352957893371582,1.089212117767334
1788862797773669600,35.54366967773438,-8.50405465927124,-0.5226841499328613,1.9680337646484374
1788862797783675600,35.55367553710938,-8.615235398864746,-0.9255085792541503,3.0062194595336913
1788862797793682700,35.5636826171875,-9.190292710113525,-1.2886790435791016,3.056198419189453
1788862797803688700,35.573688720703124,-9.974094478607178,-1.0869675537109373,2.375646597290039
1788862797813694700,35.58369482421875,-9.032275400543213,-0.6959644950866699,2.5846903297424313
1788862797823700700,35.59370068359375,-8.699930282592772,-0.8028057441711425,3.338414939880371
1788862797833707500,35.60370751953125,-10.466252557373046,-1.7571943809509276,3.756502404785156
1788862797843713800,35.6137138671875,-11.048043560791015,-2.423530630493164,3.7057752571105955
1788862797853719800,35.6237197265625,-9.690231944274903,-1.6838719551086425,3.0711621795654294
1788862797863725600,35.6337255859375,-8.009203103637695,-1.2054805358886718,2.779967402648926
1788862797873731600,35.643731689453126,-7.559392466735839,-1.6823755790710448,2.693626505279541
1788862797883739000,35.65373876953125,-7.455693607330322,-2.1739351074218747,1.7616835090637206
1788862797893744600,35.66374462890625,-6.96518154220581,-2.101211231994629,0.07796119155883789
1788862797903750700,35.67375073242187,-7.236773793029784,-1.7899650161743164,-1.1403881782531737
1788862797913756700,35.68375659179687,-8.093748349761963,-1.454327870941162,-1.138293251800537
1788862797923763700,35.693763671875,-8.411428982543946,-0.7332242584228515,-0.44143093109130854
1788862797933769700,35.703769775390626,-7.419630944824219,0.4230255058288574,0.04144961624145507
1788862797943775700,35.713775634765625,-6.553378856658935,1.1047744285583496,1.0033201332092285
1788862797953781500,35.723781494140624,-7.312939333343506,0.5068225639343261,2.5752631607055663
1788862797963787800,35.733787841796875,-7.808389439392089,-0.4599859939575195,3.191620450592041
1788862797973794800,35.743794921875,-6.219986275482177,-1.7034744812011717,3.2089784126281735
1788862797983800600,35.75380053710938,-5.352387448883056,-2.9026702377319333,3.0068180099487303
1788862797993807600,35.7638076171875,-6.303035145568847,-3.462913426208496,2.399887889099121
1788862798003813600,35.773813720703124,-5.375132364654541,-3.647117316436767,1.949777976989746
1788862798013820700,35.78382055664063,-4.106953672790527,-3.340809141540527,1.603666199493408
1788862798023826700,35.79382666015625,-4.946719905090331,-2.7965771766662595,0.8872013526916503
1788862798033832400,35.80383251953125,-6.959944226074218,-2.39405202255249,0.10160393295288085
1788862798043838700,35.81383862304688,-8.209268579864501,-2.0929811637878415,-0.02154781494140625
1788862798053844700,35.8238447265625,-7.879018388366699,-1.9964649093627929,0.8060977714538574
1788862798063851500,35.8338515625,-6.6611179313659665,-2.3828292022705075,2.73268191986084
1788862798073857500,35.843857421875,-7.101052486419677,-3.565714459991455,4.9151463706970215
1788862798083863800,35.85386376953125,-8.364293137359619,-5.327248331451416,6.130652626037597
1788862798093869600,35.86386962890625,-8.372972118377685,-7.287650578308105,5.986701251220703
1788862798103876600,35.873876708984376,-7.681796026611328,-8.749460329437255,4.7658080421447755
1788862798113882600,35.883882568359375,-7.323413965606689,-9.44243207244873,3.1495722839355467
1788862798123888600,35.893888671875,-6.938845323944092,-9.413103102111815,1.86433490524292
1788862798133894700,35.903894775390626,-5.928791498565674,-8.767716117095947,1.0851719024658202
1788862798143901700,35.91390161132812,-5.86714080581665,-7.455543969726562,0.3280056274414062
1788862798153907500,35.92390747070313,-5.985354512786865,-5.732766237640381,0.1596633232116699
1788862798163913700,35.93391381835937,-5.58028551940918,-4.172195668029785,1.1435305679321288
1788862798173919700,35.94391967773438,-5.770774188995361,-3.4370261207580564,2.7787703018188474
1788862798183925500,35.95392553710938,-6.4992100440979,-3.502417753601074,3.9667432380676266
1788862798193932500,35.9639326171875,-5.761047744750976,-4.135235179901123,4.638017528533935
1788862798203938800,35.973938720703124,-4.324826023864746,-5.3095910942077635,4.904372463226318
1788862798213944600,35.98394458007812,-4.412962572479247,-6.766013891601562,4.759822537994385
1788862798223950600,35.99395068359375,-5.392191051483154,-8.412775720977782,4.318990157318115
1788862798233957600,36.00395751953125,-5.466112027740478,-9.699808750915526,3.751863639068603
1788862798243963600,36.01396362304688,-4.474014714813232,-10.338761318969725,3.5131916610717773
1788862798253969700,36.0239697265625,-4.733785594940185,-9.62065045852661,3.0014310562133786
1788862798263975700,36.0339755859375,-5.272630606079101,-7.940369805908203,2.2272060943603513
1788862798273981700,36.043981689453126,-4.934449621582031,-6.772448308563232,2.008435917663574
1788862798283988700,36.05398876953125,-4.931905782318115,-6.634931350708007,2.09402862701416
1788862798293994800,36.06399487304687,-6.140528707885742,-7.038952880859375,2.1484967147827145
1788862798304000500,36.07400048828125,-7.389853061676025,-8.20403126373291,2.6431986328124997
1788862798314006500,36.08400659179687,-8.012644768524169,-9.51919616317749,3.0915128936767577
1788862798324013800,36.094013916015626,-8.193406993865967,-10.134356352233887,3.065625588226318
1788862798334019600,36.10401953125,-8.629002058410643,-10.34983450164795,3.429095327758789
1788862798344025600,36.114025634765625,-9.232340876770019,-10.734253505706786,4.697722932434082
1788862798354031600,36.124031494140624,-9.242067321014403,-11.155932273101806,6.067355919647216
1788862798364037600,36.13403759765625,-9.616759880828857,-11.416600978851317,7.070825690460205
1788862798374044700,36.14404467773438,-11.07033956375122,-11.813739179229735,8.574683608245849
1788862798384050700,36.15405078125,-12.128726335144043,-12.420220387268065,10.02901147918701
1788862798394056400,36.164056396484376,-11.303026037597656,-12.62133332672119,10.652102461242675
1788862798404062700,36.17406274414063,-9.920075303649902,-12.018892333984374,10.13151323776245
1788862798414069800,36.18406982421875,-8.045415403747558,-11.133785907745361,8.544606449890136
1788862798424075500,36.19407543945312,-5.678747062683105,-10.341604433441162,6.628496933746337
1788862798434081500,36.20408154296875,-3.9215526817321775,-9.534908111572266,4.7849616554260255
1788862798444087800,36.214087890625,-3.3994670822143553,-8.783876978302002,3.2050878349304197
1788862798454093600,36.22409350585937,-3.44091669845581,-8.461108666992187,2.2845172966003418
1788862798464100600,36.2341005859375,-3.976768957519531,-8.122478769683838,2.701856573486328
1788862798474106600,36.244106689453126,-5.000439804840088,-7.832181818389892,3.878008139038086
1788862798484112600,36.254112548828125,-5.986701251220703,-7.888445557403564,4.441992267608643
1788862798494118700,36.26411865234375,-6.30168840713501,-7.917774527740478,4.314201753997803
1788862798504125700,36.27412573242187,-5.9115831741333,-7.892635410308838,4.436006763458252
1788862798514131500,36.28413134765625,-5.264699813079834,-7.888595195007324,4.609736021423339
1788862798524137700,36.2941376953125,-4.816984102630615,-7.764844896697998,4.177582621765136
1788862798534143700,36.30414379882812,-5.197811804199218,-7.321468676757812,2.8139351387023925
1788862798544150500,36.314150634765625,-5.786635774993896,-6.5862991294860835,1.7182886039733887
1788862798554156500,36.324156494140624,-5.916072302246094,-5.827337203216552,1.9298761756896972
1788862798564162800,36.334162841796875,-6.574627396392822,-5.674108296966552,2.7515362579345704
1788862798574168600,36.34416845703125,-7.2523361038208005,-6.336553968811034,3.730764736938476
1788862798584174600,36.35417456054687,-7.473650119781493,-7.175422375488281,4.645200133514404
1788862798594181600,36.364181640625,-7.032219188690185,-7.409904500579834,5.340117165374756
1788862798604187600,36.37418774414063,-6.1644707244873045,-7.101651036834716,5.568015235900878
1788862798614193700,36.38419360351563,-5.7998038841247554,-6.6982280570983885,5.192125575256347
1788862798624199700,36.39419970703125,-5.580734432220459,-6.235099673461914,4.51381831741333
1788862798634206500,36.40420654296875,-5.052812966156005,-5.828235028839111,4.107552223205566
1788862798644212700,36.41421264648437,-4.760421088409424,-5.716455738830566,4.206911592102051
1788862798654218800,36.42421875,-4.789001870727539,-6.006303777313232,4.262876055908203
1788862798664224500,36.434224609375,-4.734683420562744,-6.469282523345947,3.9974189468383785
1788862798674230500,36.44423046875,-4.616619351196289,-6.6623150321960445,3.893869725036621
1788862798684237800,36.45423779296875,-5.255272644042968,-6.670694738006591,3.997718222045898
1788862798694243600,36.46424365234375,-6.513425616455078,-6.853402252197265,3.8233904136657713
1788862798704249600,36.47424951171875,-6.760178025054931,-7.250690090179443,3.4624645133972165
1788862798714255600,36.484255615234375,-6.4728738258361815,-7.353790399169921,3.107224842071533
1788862798724262700,36.4942626953125,-6.884526873779296,-6.878092456817627,2.7521348083496093
1788862798734268700,36.5042685546875,-8.15958889541626,-5.851129582214355,2.422183892059326
1788862798744274700,36.51427465820313,-9.012822512054443,-4.763862753295898,2.5876830818176266
1788862798754280400,36.52428051757813,-9.04005655593872,-4.291307200622558,3.590404664611816
1788862798764286700,36.53428662109375,-10.334272190856932,-4.036923274230957,4.904821376037598
1788862798774293800,36.544293701171874,-11.292850680541992,-4.2034699272155756,6.432471672821045
1788862798784299500,36.55429956054687,-11.036371827697753,-4.8983869590759275,7.066037287139892
1788862798794305500,36.56430541992187,-9.657760584259032,-5.610811590576172,6.780528739166259
1788862798804311800,36.57431176757812,-8.122029856872558,-5.608567026519775,6.3238347724914545
1788862798814318600,36.58431860351563,-7.359476628112793,-5.198111079406738,5.389347937011719
1788862798824324600,36.59432470703125,-7.396137841033935,-4.6179660896301264,3.8578070625305174
1788862798834330600,36.60433056640625,-6.88243194732666,-3.637540509796142,2.742857276916504
1788862798844336600,36.614336669921876,-6.345232949829101,-2.609979084777832,2.5520693321228025
1788862798854342700,36.6243427734375,-6.919990985870361,-2.43879366607666,2.2303484840393066
1788862798864349700,36.634349609375,-7.664138789367676,-3.0588918960571285,1.6406266876220703
1788862798874355500,36.64435546875,-7.382820094299316,-3.7599440696716306,1.1480196960449218
1788862798884361700,36.65436181640625,-6.831704799652099,-4.030937770080566,1.1336544860839843
1788862798894367700,36.66436767578125,-6.336105055999756,-4.072836299133301,1.4299369415283203
1788862798904373800,36.67437377929687,-5.815515832519531,-3.9270892730712887,1.147870058441162
1788862798914380500,36.684380615234375,-5.156811100769042,-2.7449522033691403,-0.2663549346923828
1788862798924386800,36.69438671875,-3.7104140228271483,-0.6554127044677734,-1.4107833282470703
1788862798934392600,36.704392578125,-4.5221980232238765,0.9994295555114745,-1.542464419555664
1788862798944398600,36.714398681640624,-6.781426564788818,1.2841899154663086,-0.5747580360412597
1788862798954405600,36.72440551757813,-8.955960222625732,0.4670189613342285,0.3363853332519531
1788862798964411600,36.73441162109375,-9.149890557098388,-0.9288006065368651,0.5057751007080078
1788862798974417700,36.74441772460938,-9.329904594421386,-2.4958055931091305,1.3491326354980469
1788862798984423700,36.75442358398438,-10.29776061553955,-3.710114747619629,2.6426000823974607
1788862798994429400,36.764429443359376,-10.109067597198486,-3.0098107620239256,2.4769512550354
1788862799004436500,36.7744365234375,-7.958326318359375,-1.4887445198059082,1.9364602302551268
1788862799014442500,36.7844423828125,-7.417685655975341,-0.790385823059082,2.608781983947754
1788862799024448500,36.79444848632812,-9.08479819946289,-1.1013327636718748,3.4747347969055173
1788862799034454300,36.80445434570313,-10.628758995056153,-0.9787795661926268,3.0424317596435544
1788862799044461600,36.814461669921876,-9.730783734893798,0.15517419509887695,1.7794903839111327
1788862799054467300,36.82446728515625,-7.912686849212646,0.22670096969604492,2.6038439430236813
1788862799064473300,36.834473388671874,-8.884882360839843,-1.4784195251464842,4.495562529754638
1788862799074479400,36.84447924804687,-8.808267907714843,-2.8618191719055175,4.2229228157043455
1788862799084485600,36.854485595703125,-7.42471862335205,-3.1036335395812986,2.5573066482543942
1788862799094492400,36.86449243164063,-7.161206803131103,-3.1745617637634274,1.192013151550293
1788862799104498400,36.87449853515625,-7.897872726440429,-3.4190696083068848,0.22071546554565427
1788862799114504400,36.88450439453125,-6.125265672302246,-4.204667028045654,0.5773018753051757
1788862799124510500,36.89451049804688,-3.6378397850036617,-4.884769937133789,1.4483423667907713
1788862799134517500,36.904517578125,-4.970961196899414,-4.50109912109375,0.8949825080871582
1788862799144523300,36.91452319335937,-7.640496047973633,-4.003554088592529,0.05970540390014648
1788862799154529300,36.924529296875,-8.485649234008788,-3.6764462867736816,0.04129997863769531
1788862799164535600,36.93453564453125,-6.733093618774413,-3.038092269134521,0.4800374328613281
1788862799174541600,36.94454150390625,-4.537161783599854,-2.3350948066711426,1.1997943069458008
1788862799184548400,36.95454833984375,-4.47521181564331,-1.792808130645752,1.8095675422668456
1788862799194554400,36.964554443359376,-6.069301208496094,-1.40464818649292,2.1437083114624023
1788862799204560600,36.974560546875,-6.561010374450683,-1.6065093139648436,2.507327688598633
1788862799214566400,36.98456640625,-5.105036489868164,-2.4730606773376462,2.972999911499023
1788862799224572400,36.994572509765625,-4.272153587341308,-3.4862568923950192,3.114108171844482
1788862799234579200,37.0045791015625,-4.3622354248046875,-4.349665866088867,2.803909419250488
1788862799244585500,37.01458544921875,-4.269609748077392,-4.978592714691162,2.491765377807617
1788862799254591500,37.02459155273438,-4.839579380798339,-5.1201498878479,2.2512977485656736
1788862799264597500,37.03459741210938,-6.500856057739258,-5.4795794120788575,2.5950153244018552
1788862799274604300,37.04460424804687,-9.086294575500487,-6.598569412994385,3.708019821166992
1788862799284610600,37.054610595703124,-10.129268673706054,-7.652317418670654,5.483021076965332
1788862799294616600,37.064616455078124,-8.607154968261717,-8.577377085113525,7.5625348564147945
1788862799304622300,37.07462231445312,-6.705410662078857,-9.431358889770507,7.899668377685546
1788862799314628400,37.08462841796875,-5.739051016998291,-9.820865572357176,6.030096156311035
1788862799324635400,37.09463549804688,-4.855141691589355,-9.392004199981688,3.781940797424316
1788862799334641400,37.104641357421876,-4.590732045745849,-8.45886410293579,1.7663222747802734
1788862799344647400,37.1146474609375,-5.1611505912780755,-7.133673484039306,0.08738836059570312
1788862799354653400,37.1246533203125,-6.015730946350097,-5.181800580596923,-0.5883750579833984
1788862799364660500,37.13466040039062,-6.54395168762207,-3.800495860290527,0.1815104133605957
1788862799374666500,37.14466650390625,-6.688351975250244,-4.066102606964111,2.065298207092285
1788862799384672500,37.15467260742187,-7.5899185379028316,-5.437381607818603,3.909731311035156
1788862799394678300,37.16467822265625,-8.311171788024902,-8.159738533020018,6.108057347869873
1788862799404684500,37.1746845703125,-8.30623374710083,-11.635520793151855,8.256105149841309
1788862799414691300,37.18469140625,-9.290250629425048,-14.3138842628479,8.930671467590331
1788862799424697300,37.194697265625,-10.62920790786743,-15.81400124053955,8.508094874572754
1788862799434703400,37.204703369140624,-10.671405712127685,-16.1533793258667,8.006060713958739
1788862799444709600,37.214709716796875,-9.727940620422363,-15.144372963714599,7.426663912200928
1788862799454716400,37.22471630859375,-9.264512961578369,-13.308918115997313,6.424540879821777
1788862799464722400,37.23472241210938,-9.02658917160034,-11.607688198852538,5.65660069732666
1788862799474728400,37.244728515625,-7.916278151702881,-9.830741654205323,5.336376225280762
1788862799484734500,37.254734375,-6.501005695343017,-7.962516171264648,4.834491702270507
1788862799494740500,37.26474047851563,-5.543923581695556,-7.022043831634521,4.80725765838623
1788862799504747300,37.27474731445312,-5.400271482086182,-7.0932713310241695,4.898835871887207
1788862799514753300,37.28475317382812,-5.110573081207275,-7.374590026092529,4.515763606262206
1788862799524759600,37.29475952148437,-5.082590849304199,-7.344961780548095,3.7606922576904296
1788862799534765600,37.304765625,-5.016301390838623,-7.16973614654541,3.708169458770752
1788862799544771300,37.31477124023438,-4.6246997817993165,-7.164648468017577,4.230255058288574
1788862799554778400,37.3247783203125,-4.831648587799072,-7.142352465057373,4.124610910034179
1788862799564784600,37.33478466796875,-5.4236149482727045,-7.125742691040038,3.478176461791992
1788862799574790400,37.344790283203125,-5.252279891967773,-7.506720030212402,3.387645711517334
1788862799584796400,37.35479638671875,-5.228487512969971,-7.972392253112792,3.4994250015258785
1788862799594803500,37.36480346679687,-4.900930798339844,-8.183530912017822,3.5420717185974118
1788862799604809500,37.3748095703125,-3.93891064376831,-8.170063527679442,3.6255695014953613
1788862799614815500,37.3848154296875,-3.8476317054748534,-7.810933278656005,2.9882629470825193
1788862799624821500,37.39482153320313,-4.630386010742187,-7.136217323303223,1.7983447219848632
1788862799634827300,37.4048271484375,-5.046228911590576,-6.292710150909423,1.2333131301879883
1788862799644834600,37.41483447265625,-4.493317965698242,-5.98236176071167,1.9533692794799804
1788862799654840600,37.424840576171874,-4.728249003601074,-6.899191358947753,3.8908769729614257
1788862799664846300,37.43484643554687,-8.081777341461182,-8.103175518798828,5.254674093627929
1788862799674852400,37.44485229492187,-10.103381368255615,-9.002946430206299,6.069750121307373
1788862799684858400,37.4548583984375,-9.62753378829956,-9.204807557678222,6.668450173950195
1788862799694865400,37.46486547851563,-8.897451919555664,-8.767416841888426,6.994360874938964
1788862799704871400,37.474871337890626,-8.730605991363525,-8.091503785705566,7.019200717163086
1788862799714877400,37.48487744140625,-8.211812419128417,-7.592761652374267,6.445041231536865
1788862799724883200,37.49488330078125,-7.324012516021728,-7.128735443115234,5.368249034881591
1788862799734890500,37.50489038085937,-5.924003095245361,-6.647800184631348,4.743362401580811
1788862799744896500,37.514896484375,-4.725106613922119,-6.307973186492919,4.66091208190918
1788862799754902300,37.52490234375,-4.733635957336426,-6.1544450050354,4.648641798400878
1788862799764908300,37.534908203125,-5.29238276977539,-6.181379773712158,4.557362860107421
1788862799774914600,37.54491455078125,-5.7885810638427735,-6.33341157913208,4.275295977020264
1788862799784921300,37.55492138671875,-5.8731263099670405,-6.343886211395263,3.962852660369873
1788862799794927400,37.56492724609375,-5.595099642181396,-6.081870767211914,3.750666538238525
1788862799804933600,37.57493359375,-5.625176800537109,-5.756259341430663,3.553294538879394
1788862799814939400,37.584939453125,-5.587917037200928,-5.626822814178467,3.4626141510009765
1788862799824945400,37.5949453125,-5.935525190734863,-5.616946732330322,3.310133432769775
1788862799834952400,37.60495239257813,-6.656628803253174,-5.636698896026611,2.887407202148437
1788862799844958500,37.61495849609375,-7.187692658996582,-5.463268913269043,2.300378882598877
1788862799854964500,37.62496459960938,-6.7651160659790035,-5.078999546813964,2.129941651916504
1788862799864970500,37.63497045898438,-6.1459156616210935,-4.468178848266601,2.5457845527648924
1788862799874977300,37.64497729492187,-6.075885263061523,-3.6905122215270993,3.497778987884521
1788862799884983600,37.654983642578124,-8.317755842590332,-3.1215900520324706,4.161421760559082
1788862799894989600,37.66498950195312,-10.081683915710448,-3.063829936981201,4.370465493011475
1788862799904995300,37.67499536132812,-8.424148178863526,-3.5021184783935544,5.0939633071899415
1788862799915001300,37.68500146484375,-8.01803172225952,-3.9782653335571285,5.558139154052734
1788862799925008600,37.695008544921876,-9.222764070129394,-4.490923764038086,5.430049365234375
1788862799935014400,37.705014404296875,-10.001777435302733,-4.885368487548828,4.612878411102295
1788862799945020400,37.7150205078125,-8.492682201385497,-4.549731342315674,3.6540006462097168
1788862799955026400,37.7250263671875,-6.250661984252929,-3.866934956359863,3.7753567428588863
1788862799965032400,37.735032470703125,-6.274903276062012,-3.44091669845581,3.6571430358886716
1788862799975039500,37.74503955078125,-6.881234846496581,-3.826532803344726,2.7629087158203123
1788862799985045500,37.75504541015625,-7.067683300781249,-4.271854312133788,1.7015291923522948
1788862799995051000,37.765051025390626,-8.023568313598632,-4.0075943038940425,0.43888709182739255
1788862800005056800,37.775056884765625,-8.981997165679932,-3.5715503265380857,-0.3012204963684082
1788862800015064000,37.78506396484375,-9.553463174438477,-3.362656231689453,-0.25483283920288086
1788862800025070000,37.79507006835937,-9.079710520935057,-3.1444846054077145,0.12853870162963865
1788862800035075800,37.80507592773437,-8.115296164703368,-3.074005294036865,1.032948378753662
1788862800045081900,37.81508178710938,-8.104522257232665,-3.4370261207580564,2.007987004852295
1788862800055087900,37.825087890625,-8.420407238769531,-3.761440445709228,2.3081600379943845
1788862800065095000,37.835094970703125,-6.7082537765502925,-3.047818713378906,2.3440730628967286
1788862800075101000,37.845100830078124,-4.894047468566894,-1.1155483360290526,1.7456722854614257
1788862800085107000,37.85510693359375,-5.538237352752685,-0.5930138236999511,1.0173860679626465
1788862800095112700,37.86511279296875,-8.074445098876952,-1.7313070755004882,1.1737573638916015
1788862800105119000,37.87511889648437,-8.947430879211426,-1.9774609336853026,0.8280944992065429
1788862800115126000,37.8851259765625,-7.52093560256958,-0.7770680763244628,-0.32127193527221676
1788862800125131800,37.8951318359375,-7.144746666717529,-0.2811690574645996,-0.18689736709594726
1788862800135137800,37.9051376953125,-7.0467340362548825,-0.7733271362304687,1.2541127571105957
1788862800145144000,37.91514404296875,-7.703942391967773,-1.0793360359191895,1.828421880340576
1788862800155149800,37.92514990234375,-8.35666161956787,-0.4116530479431152,0.32127193527221676
1788862800165156900,37.93515698242187,-8.771008144378662,-0.25917232971191406,-0.2754828285217285
1788862800175163000,37.94516284179687,-8.748113591003417,-1.2081740127563476,1.9370587806701658
1788862800185169000,37.9551689453125,-6.912658743286133,-2.473659227752685,4.273201050567627
1788862800195175000,37.9651748046875,-4.919485861206055,-2.813635863494873,4.068945721435546
1788862800205182000,37.975181884765625,-5.257517208099365,-2.2016180641174317,2.226308268737793
1788862800215187700,37.985187744140624,-6.1626750732421876,-1.312621060180664,0.55545478515625
1788862800225194000,37.995194091796876,-6.491578526306152,-0.5641337661743163,-0.16894085464477537
1788862800235200000,38.005199951171875,-6.600664339447021,-0.04713584518432617,-0.024690204620361325
1788862800245205800,38.015205810546874,-6.598419775390624,0.04848258361816406,0.5802946273803711
1788862800255212800,38.025212890625,-7.143549565887451,-0.42182840499877927,1.2719196319580077
1788862800265219000,38.03521899414063,-7.691372833251953,-1.0901099433898924,1.8474258560180663
1788862800275224800,38.04522485351563,-8.14686969909668,-2.01127903213501,2.598905902099609
1788862800285230800,38.05523095703125,-9.464279162597656,-2.941875289916992,2.941276739501953
1788862800295236900,38.06523681640625,-9.932644862365722,-3.844638953399658,3.3616087684631344
1788862800305244000,38.07524389648437,-8.621669815826415,-5.275324082946777,4.288912998962402
1788862800315250000,38.08525,-7.250690090179443,-6.608146219635009,4.570381331634521
1788862800325256000,38.095255859375,-7.6096707015991205,-7.273883918762206,4.106205484771729
1788862800335261700,38.10526171875,-8.531887253570556,-7.387758135223388,3.8227918632507323
1788862800345267700,38.11526782226562,-8.582464763641356,-7.021445281219482,3.7618893585205075
1788862800355275000,38.12527490234375,-8.007706727600096,-6.284330445098877,3.8486791687011714
1788862800365280800,38.13528076171875,-7.628076126861572,-5.671265182495117,3.712209674072265
1788862800375286800,38.145286865234375,-7.642740612030029,-5.27966357345581,2.905363714599609
1788862800385293000,38.15529296875,-7.224503509521484,-5.109675255584716,2.1676503280639645
1788862800395299800,38.1652998046875,-6.453720212554932,-4.939088387298583,1.9871873779296874
1788862800405305900,38.17530590820313,-6.285078633117675,-4.531774829864502,1.9080290855407713
1788862800415312000,38.18531176757813,-6.561908200073241,-4.28412459564209,2.042254016113281
1788862800425318000,38.19531787109375,-5.8262897399902345,-4.401290839385986,3.0454245117187497
1788862800435324000,38.20532397460938,-4.857535893249511,-4.760570726013183,4.27110612411499
1788862800445331000,38.2153310546875,-4.557362860107421,-5.406855536651611,5.056703543853759
1788862800455336700,38.22533666992187,-4.9066170272827145,-6.08426496887207,5.156062912750244
1788862800465343000,38.235343017578124,-5.114463658905029,-6.505195548248291,4.586542192840576
1788862800475349000,38.24534887695312,-4.986822782897949,-7.325359254455566,4.058770364379883
1788862800485355000,38.25535498046875,-5.391293225860595,-8.576479259490966,3.901950155639648
1788862800495361800,38.26536181640625,-6.527790826416015,-9.600748657226562,3.750067987823486
1788862800505368000,38.2753681640625,-7.030722812652588,-10.382156224060058,3.5321956367492673
1788862800515373800,38.285373779296876,-6.804620393371581,-10.821641866302489,3.1043817276000976
1788862800525379800,38.2953798828125,-6.512976703643798,-10.96843635559082,2.840121719360351
1788862800535385900,38.3053857421875,-6.893954042816162,-10.6746977394104,2.731784094238281
1788862800545393000,38.31539282226562,-7.431901228332519,-10.201543636322022,2.5999533653259275
1788862800555399000,38.32539892578125,-7.669226467895507,-10.00402199935913,2.576609899139404
1788862800565405000,38.33540502929687,-7.53978994064331,-10.209773704528809,3.0487165390014646
1788862800575411000,38.34541088867188,-7.302913613891601,-10.852167937469481,4.599111751556396
1788862800585418000,38.35541796875,-7.232284664916992,-11.857732634735108,6.14157617111206
1788862800595424000,38.365424072265625,-7.531260597229004,-12.049717680358887,6.0139352951049805
1788862800605429800,38.3754296875,-7.5062711174011225,-11.583895819854735,5.79052635269165
1788862800615435800,38.385435791015624,-7.468712078857421,-10.714052429199219,6.379649598693847
1788862800625441800,38.39544189453125,-7.683591677856445,-9.35983211517334,5.972934591674805
1788862800635448800,38.40544873046875,-6.666205609893798,-8.122628407287598,4.632780212402343
1788862800645454800,38.41545483398438,-5.2736780693054195,-7.069927864837646,3.582773146820068
1788862800655460900,38.4254609375,-4.183867401123047,-6.746710640716552,3.780145146179199
1788862800665467000,38.435466796875,-4.581604151916504,-6.877493906402587,3.8926726242065426
1788862800675473000,38.44547290039063,-4.56439582748413,-7.007229708862305,3.0564976943969726
1788862800685480000,38.45547998046875,-3.469946393585205,-7.072920616912842,2.3151930053710936
1788862800695486000,38.46548583984375,-2.7283424293518066,-7.094019519042968,2.855684030151367
1788862800705491700,38.47549169921875,-3.97736750793457,-7.325209616851806,3.6104561035156246
1788862800715498000,38.485498046875,-5.058499195098877,-7.740304329681396,3.7030817802429197
1788862800725504000,38.49550390625,-5.277867922210693,-7.757961566925048,3.1542110496520994
1788862800735510800,38.5055107421875,-4.608538920593261,-7.478737798309326,3.2746693206787105
1788862800745516800,38.515516845703125,-4.874295304870605,-7.4579381713867186,3.752611827087402
1788862800755523000,38.525523193359376,-5.91846650390625,-7.502979090118408,3.7249288703918455
1788862800765528800,38.53552880859375,-6.290764862060547,-7.356633513641357,3.2638954132080076
1788862800775534800,38.545534912109375,-5.943156708526611,-7.33523533630371,3.15391177444458
1788862800785542000,38.5555419921875,-6.447734708404541,-7.5348518997192375,3.6055180625915524
1788862800795548000,38.5655478515625,-7.3469070693969725,-7.719953615570068,4.192247106933594
1788862800805554000,38.57555395507813,-6.846369284820557,-7.803002485656738,4.673780915832519
1788862800815560000,38.58555981445313,-5.678447787475585,-7.969698776245116,5.212775564575195
1788862800825567000,38.59556689453125,-6.399551399993896,-7.751527149963379,5.451746817779541
1788862800835573000,38.605572998046874,-8.279598253631592,-7.217620179748534,5.182249493408203
1788862800845579000,38.6155791015625,-8.826074782562255,-6.870460939025879,5.285349802398681
1788862800855584800,38.62558471679687,-8.72821178970337,-7.139210075378418,6.8822823097229
1788862800865590800,38.6355908203125,-10.231920069885254,-7.552958049774169,8.635436475372314
1788862800875598000,38.64559814453125,-10.486752909088134,-8.22932001876831,9.07821414489746
1788862800885603800,38.655603759765626,-8.859294330596923,-8.807669357299805,8.042273014068604
1788862800895609900,38.66560986328125,-7.137115148925781,-8.474875326538086,6.182876149749755
1788862800905616000,38.675615966796876,-5.824344451141357,-7.321618314361571,4.342932173919677
1788862800915622000,38.685621826171875,-5.108627792358398,-5.876119062042236,2.907309003448486
1788862800925629000,38.69562890625,-4.9078141281127925,-4.670488888549804,2.28556475982666
1788862800935635000,38.70563500976562,-4.9069163024902345,-4.137928656768799,2.345719076538086
1788862800945640700,38.715640625,-5.443067836761474,-4.090194261169433,2.830844187927246
1788862800955647000,38.72564697265625,-6.900687734985351,-4.074931225585937,3.564966271972656
1788862800965653000,38.73565307617187,-7.9110408355712885,-4.282927494812012,4.14960038986206
1788862800975659800,38.74565966796875,-7.664886977386474,-4.834940615081787,4.21349564666748
1788862800985665800,38.755665771484374,-6.340294908905029,-5.531204385375976,3.9830537368774412
1788862800995671600,38.76567163085937,-5.484816728210449,-5.625176800537109,3.5500025115966793
1788862801005677600,38.77567749023437,-5.722291605377197,-5.070320565795898,3.0826842750549313
1788862801015683300,38.78568334960938,-5.98834726486206,-4.386177441406249,2.844910122680664
1788862801025690400,38.7956904296875,-6.437409713745117,-3.857358149719238,2.8112416618347167
1788862801035696400,38.8056962890625,-7.27807377166748,-3.291728007507324,2.854337291717529
1788862801045702400,38.815702392578125,-7.584830859375,-3.0144495277404784,3.0123546012878415
1788862801055708400,38.82570849609375,-8.20403126373291,-3.0316578521728514,3.075800945281982
1788862801065714400,38.83571435546875,-8.752153806304932,-3.066224138641357,3.0111575004577635
1788862801075721500,38.84572143554688,-8.973767097473145,-3.059490446472168,2.8770822074890137
1788862801085727500,38.8557275390625,-8.792705596923827,-3.14104294052124,2.555062084197998
1788862801095733500,38.8657333984375,-7.373392925262451,-3.10273571395874,2.0534768363952636
1788862801105739300,38.8757392578125,-5.893925936889648,-2.5975591636657716,1.9961656341552734
1788862801115746600,38.88574658203125,-6.318896731567382,-2.427720483398437,2.9290064559936524
1788862801125752600,38.895752685546874,-8.155997592926026,-4.065055143737792,4.158129733276367
1788862801135758300,38.90575830078125,-11.93913549118042,-6.311564488983154,3.1214404144287107
1788862801145764400,38.91576440429687,-11.643152310943602,-6.721421885681152,0.6274304725646972
1788862801155770600,38.9257705078125,-7.937676329040527,-5.891082822418213,0.14918869094848633
1788862801165776400,38.9357763671875,-6.5960255737304685,-5.1051861274719235,0.8396165946960449
1788862801175783400,38.945783447265626,-7.317129186248779,-4.518756358337402,0.9133879333496093
1788862801185789400,38.95578955078125,-7.642740612030029,-3.3871967987060545,0.4011784156799316
1788862801195795500,38.96579541015625,-7.661894225311279,-1.961300072479248,0.1227028350830078
1788862801205801500,38.975801513671875,-7.915679601287842,-1.74926358795166,0.4617816452026367
1788862801215808500,38.98580859375,-8.0062103515625,-2.048987708282471,0.6869862388610839
1788862801225814300,38.99581420898438,-6.9998974662780755,-1.205929448699951,-0.0047884033203125
1788862801235820500,39.00582055664062,-5.38231496963501,-0.0939724151611328,0.1958756233215332
1788862801245826600,39.01582666015625,-5.869535007476807,-0.17821838607788085,0.7190086860656738
1788862801255832300,39.02583227539063,-7.89697490081787,-0.9674071083068847,0.10564414825439453
1788862801265839400,39.03583935546875,-8.61897633895874,-1.2229881355285643,0.1253963119506836
1788862801275845600,39.045845703125,-6.871358764648437,-0.5840355674743652,0.9135375709533691
1788862801285851400,39.05585131835937,-4.788702595520019,-0.8189666053771972,2.637362766265869
1788862801295857400,39.065857421875,-7.256376319122314,-1.956212393951416,3.3355718254089353
1788862801305863400,39.07586352539062,-9.241917683410644,-1.8376994117736816,1.176001927947998
1788862801315870500,39.085870361328126,-6.785017867279052,-1.5288473976135253,0.616058014678955
1788862801325876500,39.09587646484375,-5.792322003936767,-1.3756184913635252,1.0298059890747069
1788862801335882500,39.10588256835938,-7.068132213592529,-0.8900444671630859,0.7987655288696288
1788862801345888300,39.11588818359375,-6.932859819793701,-0.8508394149780273,0.9929951385498046
1788862801355894300,39.125894287109375,-5.269338578796386,-1.2433388496398925,1.8409914390563964
1788862801365901600,39.13590161132812,-4.581304876708984,-1.6627730529785156,2.144456499481201
1788862801375907300,39.1459072265625,-4.94193150177002,-2.6198551666259764,2.2758383155822752
1788862801385913300,39.15591333007813,-5.724236894226074,-3.282749751281738,2.272097375488281
1788862801395919400,39.16591943359375,-5.387253010559082,-3.5242648437499997,1.527650296783447
1788862801405925600,39.17592553710937,-6.21863953704834,-3.397821068572998,0.22535423126220702
1788862801415932400,39.185932373046874,-9.438092581939697,-1.861641428375244,-1.1791443176269532
1788862801425938400,39.1959384765625,-12.172570153045653,0.27578210372924805,-0.7417536018371581
1788862801435944200,39.20594409179687,-13.07533381652832,0.6590040069580078,2.8993782104492185
1788862801445950500,39.215950439453124,-11.10296056137085,-1.420509772491455,7.994538618469238
1788862801455956500,39.22595654296875,-8.813205948638915,-4.958541275787353,10.518027168273925
1788862801465963300,39.23596337890625,-7.196222002410888,-7.793874591827392,9.067290599822998
1788862801475969300,39.24596923828125,-6.788459532165527,-9.051877926635742,5.914725563812255
1788862801485975600,39.2559755859375,-7.610568527221679,-9.362675229644775,3.293822933959961
1788862801495981600,39.26598168945313,-9.65282254333496,-8.512135089874267,1.6265607528686523
1788862801505987300,39.2759873046875,-10.908730951690673,-7.139060437774658,1.6615759521484375
1788862801515994600,39.28599462890625,-10.620828202056884,-6.222081201934814,2.9089550170898435
1788862801526000400,39.29600048828125,-9.235483266448973,-6.008997254180908,4.321384358978271
1788862801536006400,39.30600634765625,-8.273163836669921,-6.378602135467529,5.2551230064392085
1788862801546012400,39.31601245117187,-6.889913827514648,-7.078756483459472,5.636698896026611
1788862801556018400,39.32601831054688,-5.852326683044433,-7.504924378967285,5.116708222961425
1788862801566025500,39.336025390625,-5.411793577575684,-7.220164019012451,3.895665376281738
1788862801576031500,39.346031494140625,-4.802768530273437,-6.495020191192626,2.9619267288208007
1788862801586037500,39.35603759765625,-4.829553661346435,-5.610063402557373,2.5733178718566894
1788862801596043300,39.366043212890624,-4.997596690368652,-4.924274264526367,3.190872262573242
1788862801606049500,39.376049560546875,-5.045031810760498,-4.640711005401611,4.386626354217529
1788862801616056300,39.38605639648438,-5.451447542572021,-5.186738621520996,5.358821865844726
1788862801626062300,39.39606225585938,-6.105214233398437,-6.4089785690307615,5.716006826019287
1788862801636068400,39.406068359375,-6.268917771911621,-7.692569934082031,5.513547148132324
1788862801646074600,39.41607470703125,-6.000617548370361,-8.608501706695556,4.391265119934082
1788862801656080400,39.426080322265626,-5.598840582275391,-9.191340173339842,2.952649197387695
1788862801666087400,39.43608740234375,-6.570287905883789,-9.482086037445068,1.7172411407470702
1788862801676093400,39.44609350585937,-7.70543876800537,-10.014646269226073,1.4127286170959472
1788862801686099500,39.45609936523437,-7.7967177062988275,-11.41450605239868,2.4467244590759276
1788862801696105500,39.46610546875,-7.840561524200439,-13.24756669845581,4.225167379760742
1788862801706111500,39.47611157226562,-8.060678439331054,-14.878466941833496,6.359448522186279
1788862801716118300,39.4861181640625,-8.38180073699951,-15.331419968414306,6.36528438873291
1788862801726124500,39.49612451171875,-8.235006247711182,-13.538911112976074,4.544494026184082
1788862801736130600,39.506130615234376,-7.894730336761474,-10.69938794403076,4.011933794403076
1788862801746136300,39.51613623046875,-7.1395093505859375,-8.850914624786377,5.077054257965088
1788862801756142300,39.526142333984374,-5.677400324249267,-7.689128269195556,5.729923123168945
1788862801766149600,39.53614965820312,-4.236839112854003,-7.055263379669189,5.6401405609130855
1788862801776155400,39.5461552734375,-4.401290839385986,-6.800430540466309,4.908562316131592
1788862801786161400,39.55616137695313,-4.901529348754883,-7.180958966827392,4.592078784179687
1788862801796167400,39.56616748046875,-4.623053768157959,-7.902062579345703,4.62859035949707
1788862801806173400,39.57617333984375,-4.693084166717529,-7.986158912658691,3.44091669845581
1788862801816180500,39.586180419921874,-4.656572591400146,-7.492803733062743,1.980453685760498
1788862801826186500,39.5961865234375,-4.543596200561523,-6.962936978149414,1.9502268898010253
1788862801836192300,39.60619213867187,-4.8698061767578125,-6.439803915405273,2.611774736022949
1788862801846198300,39.6161982421875,-4.956446349334716,-6.545896976470947,3.5079543449401855
1788862801856204500,39.62620458984375,-5.047874925231933,-6.875548617553711,4.185513414764404
1788862801866211300,39.63621142578125,-5.1702784851074215,-6.8779428192138665,4.247463382720947
1788862801876217300,39.64621728515625,-5.219808531951904,-6.889764189910888,4.112939176940918
1788862801886223400,39.656223388671876,-5.411793577575684,-6.969221757507324,3.893271174621582
1788862801896229600,39.66622973632813,-5.576394941711426,-6.9427359016418455,3.4530373443603515
1788862801906235400,39.6762353515625,-5.614253255462646,-6.950068144226074,2.8953379951477047
1788862801916242400,39.68624243164062,-6.220584825897216,-6.861781958007812,2.31743756942749
1788862801926248200,39.69624829101563,-6.360795260620117,-6.705709937286376,2.1101894882202146
1788862801936254500,39.70625439453125,-5.096956059265136,-6.612036797332763,2.788796021270752
1788862801946260500,39.71626049804688,-4.224718466949462,-6.638522653198242,4.288464086151123
1788862801956266500,39.7262666015625,-5.312134933471679,-6.589142243957519,5.703886180114746
1788862801966273500,39.7362734375,-6.884227598571777,-6.6714429260253905,6.47377165145874
1788862801976279600,39.746279541015625,-8.03703569793701,-6.743119338226318,6.5303346656799315
1788862801986285600,39.75628564453125,-8.65099878616333,-6.532130316925048,6.111349375152588
1788862801996292400,39.76629223632813,-8.31850403060913,-6.2304609077453605,5.857563999176025
1788862802006298400,39.77629833984375,-7.85911658706665,-6.057030924987792,5.98161357269287
1788862802016305200,39.78630517578125,-7.665186252593994,-6.14786095046997,6.012139643859863
1788862802026311400,39.7963115234375,-7.625382649993896,-6.427383994293213,5.7423430442810055
1788862802036317400,39.8063173828125,-7.588272524261474,-6.3700727920532225,5.389796849822997
1788862802046323200,39.8163232421875,-6.847117472839355,-6.0036103004455565,5.465812752532958
1788862802056329200,39.8263291015625,-5.9771244445800775,-5.752817676544189,5.5927054405212395
1788862802066336500,39.83633642578125,-5.84828646774292,-5.574748928070068,5.046079273986816
1788862802076342300,39.84634228515625,-6.297797829437256,-5.390844313049316,3.888782046508789
1788862802086348300,39.856348388671876,-6.225373229217529,-5.032761527252197,3.0838813758850097
1788862802096354300,39.866354248046875,-6.004657763671875,-4.767753330993652,3.0576947952270506
1788862802106360300,39.8763603515625,-6.458508615875243,-5.0495209388732905,3.188328423309326
1788862802116367400,39.88636743164062,-7.267748777008056,-5.888389345550537,3.1338603355407715
1788862802126373400,39.89637329101563,-8.24862326965332,-6.883180135345459,3.125181354522705
1788862802136379100,39.90637915039063,-9.196427851867675,-7.930344086456298,3.3506852233886715
1788862802146385200,39.91638525390625,-8.859294330596923,-8.723573023986816,3.288585617828369
1788862802156391400,39.92639135742188,-6.51836365737915,-9.02718772201538,3.217058843231201
1788862802166398200,39.93639819335937,-5.136909299468994,-8.189067503356933,3.275716783905029
1788862802176404200,39.946404296875,-5.9299885993957515,-6.022315000915527,2.4410382301330564
1788862802186410200,39.95641015625,-6.459107166290283,-3.886238207244873,1.5626654960632322
1788862802196416300,39.96641625976562,-5.967248362731933,-1.9566613067626952,1.459415549468994
1788862802206422300,39.97642236328125,-5.516839175415039,-1.1822867073059082,1.6826748542785643
1788862802216429300,39.98642919921875,-7.254879943084716,-1.4393641105651855,1.8273744171142576
1788862802226435300,39.996435302734376,-8.978256225585938,-1.906383071899414,1.8677765701293945
1788862802236441300,40.00644140625,-8.293813825988769,-2.6984149085998532,2.201767701721191
1788862802246447400,40.016447265625,-7.117063710021972,-3.5699043128967283,2.574365335083008
1788862802256453400,40.026453369140626,-6.826168208312988,-4.189403992462158,2.1818659004211423
1788862802266460400,40.03646044921875,-7.294384270477295,-3.9930794563293457,1.4842553916931152
1788862802276466400,40.04646655273437,-7.5260232810974115,-3.2869396041870114,1.613991194152832
1788862802286472400,40.05647241210937,-7.76319888305664,-2.87932677154541,2.3479636405944824
1788862802296478200,40.06647827148438,-8.697984993743896,-2.8309938255310056,2.2700024490356445
1788862802306484200,40.07648413085938,-8.79719472503662,-2.862866635131836,1.3482348098754882
1788862802316491300,40.0864912109375,-7.901464028930664,-2.608482708740234,0.9005190994262695
1788862802326497300,40.096497314453124,-7.214926702880859,-2.3409306732177733,0.9898527488708495
1788862802336503300,40.10650341796875,-7.082796698760986,-2.45779764175415,1.0200795448303221
1788862802346509300,40.11650927734375,-7.497891411590576,-1.9370587806701658,0.6200982299804687
1788862802356515300,40.126515380859374,-6.280290229797363,-0.3190273712158203,-0.03845686416625976
1788862802366522400,40.1365224609375,-4.393509683990478,0.03920505218505859,0.6465840858459472
1788862802376528400,40.1465283203125,-6.092195761871338,-1.4024036224365233,1.0510545288085937
1788862802386534100,40.1565341796875,-9.079560883331299,-1.7910124794006346,-0.047285482788085934
1788862802396540400,40.16654052734375,-8.828468984222411,-0.09442132797241211,-0.7905354606628417
1788862802406546400,40.17654638671875,-8.321047869873047,1.1450269439697265,-0.5723638343811035
1788862802416552200,40.18655224609375,-8.86213744506836,0.7838017684936524,0.5204395858764648
1788862802426559200,40.19655932617187,-10.792312895965576,-0.5367500846862793,2.6134207496643067
1788862802436565500,40.2065654296875,-11.05073703765869,-1.6973393394470213,4.462043706512451
1788862802446571300,40.2165712890625,-9.272892667388916,-3.1371523628234863,5.509955845642089
1788862802456577300,40.22657739257812,-8.945934503173827,-4.540603448486328,4.7481508049011225
1788862802466583300,40.23658325195313,-8.473977500915527,-5.129577056884766,3.499125726318359
1788862802476590300,40.24659033203125,-7.798962270355224,-5.154865811920166,2.5453356399536133
1788862802486596400,40.256596435546875,-7.971644065093994,-4.42463430557251,0.8475473876953125
1788862802496602400,40.266602294921874,-8.308627948760986,-3.061435735321045,-0.805050308227539
1788862802506608000,40.27660815429687,-8.26224029159546,-1.8212392753601072,-0.7631517791748046
1788862802516614100,40.2866142578125,-7.912537211608886,-0.960224503326416,0.35449148330688474
1788862802526621400,40.29662133789063,-6.941389163208007,-0.2832639839172363,1.3626000198364256
1788862802536627200,40.30662719726563,-5.4047606101989745,-0.5746083984375,2.5424925254821775
1788862802546633200,40.31663330078125,-5.9385179428100585,-1.3024457031249999,3.1747114013671873
1788862802556639200,40.32663916015625,-7.148637244415283,-1.925536685180664,3.014748802947998
1788862802566645500,40.3366455078125,-6.742969700622559,-2.693626505279541,2.684498611450195
1788862802576652300,40.34665234375,-5.796511856842041,-3.3482910217285156,2.4914661026000977
1788862802586658300,40.356658203125,-5.153967986297607,-3.8605005393981933,2.409315058135986
1788862802596664000,40.3666640625,-5.122394451904297,-4.155136981201172,2.343474512481689
1788862802606670300,40.37667041015625,-5.6857800300598145,-4.126705836486816,2.2954408416748047
1788862802616676400,40.38667626953125,-6.273706175231934,-4.0991725173950195,2.500145083618164
1788862802626683100,40.39668310546875,-6.204573602294921,-4.2788872795104975,3.174262488555908
1788862802636689200,40.406689208984375,-6.334907955169677,-4.574571184539795,3.7300165489196777
1788862802646695400,40.4166953125,-5.992537117767333,-5.122244814300537,4.0547301490783685
1788862802656701400,40.426701416015625,-5.02423218383789,-5.819855323028564,4.231302521514892
1788862802666707200,40.436707275390624,-5.792920554351806,-6.455216588592529,3.800046947479248
1788862802676713200,40.44671313476562,-8.066663943481444,-6.9156514953613275,3.0461726997375487
1788862802686720300,40.45672021484375,-8.624363292694092,-7.345560330963134,3.094505645751953
1788862802696726300,40.46672631835938,-7.667730091857909,-7.671171756744385,4.087800059509277
1788862802706732300,40.47673217773438,-7.317877374267578,-7.99917738418579,5.138256037902832
1788862802716738300,40.48673828125,-8.009502378845214,-8.352022853851318,5.360617517089843
1788862802726744300,40.49674438476563,-8.070404883575439,-8.815450512695312,5.141847340393066
1788862802736751400,40.50675146484375,-7.89113903427124,-9.590274024963378,5.001636905670166
1788862802746757400,40.51675732421875,-8.75379981994629,-10.535085855102539,5.005677120971679
1788862802756763100,40.52676318359375,-9.230694863128662,-11.477653121185302,5.795314756011963
1788862802766769400,40.53676928710937,-9.07222864074707,-12.132766550445556,7.09970574798584
1788862802776775400,40.546775390625,-9.292794468688964,-11.917737313842773,7.430105577087402
1788862802786782200,40.5567822265625,-8.850914624786377,-11.208155796813964,6.987477545166016
1788862802796788200,40.566788330078126,-7.419780582427978,-10.156203442382813,6.502801346588134
1788862802806794500,40.57679443359375,-6.567893704223632,-8.653093712615966,5.467009853363037
1788862802816800300,40.58680029296875,-5.693561185455322,-7.565976521301269,4.04769718170166
1788862802826806300,40.59680615234375,-4.504690423583984,-7.388506323242187,2.99424845123291
1788862802836813300,40.60681323242188,-4.22636448059082,-7.6008420829772945,2.179022785949707
1788862802846819300,40.6168193359375,-4.262576780700683,-8.270320722198486,2.6824036849975585
1788862802856825300,40.62682543945313,-4.478503842926025,-8.929624004364014,3.866934956359863
1788862802866831400,40.63683129882813,-4.413112210083008,-9.110086954498291,4.408024531555175
1788862802876837400,40.64683740234375,-5.04996985168457,-9.03945800552368,4.412364022064208
1788862802886844400,40.656844482421874,-5.979518646240234,-8.726565776062012,3.8148610702514647
1788862802896850400,40.666850341796874,-5.952583877563476,-8.164526936340332,2.7445032905578612
1788862802906856200,40.67685620117187,-5.289390017700195,-7.229740825653076,2.2245126174926755
1788862802916862200,40.6868623046875,-4.991012635803222,-6.293907251739501,2.3184850326538085
1788862802926868200,40.6968681640625,-5.002235456085205,-5.845892266082763,2.6595091316223143
1788862802936875300,40.706875244140626,-5.466860215759277,-6.167762751770019,3.1675287963867187
1788862802946881300,40.71688134765625,-5.482572164154052,-6.829759510803222,4.349516228485107
1788862802956887300,40.72688720703125,-5.047874925231933,-7.484573664855956,5.93133533782959
1788862802966893300,40.736893310546876,-5.997924071502685,-8.175899394226073,6.487239035797119
1788862802976899300,40.7468994140625,-7.3946414649963375,-9.011625411224365,5.68832386932373
1788862802986905300,40.7569052734375,-7.198765841674804,-9.50004254989624,4.208856880950927
1788862802996912000,40.766912109375,-6.360645623016357,-9.604938510131836,3.1850363960266113
1788862803006918100,40.77691821289063,-5.553799663543701,-9.498396536254882,3.5989340080261227
1788862803016924200,40.78692407226563,-5.859658925628662,-9.305812940216065,4.339191233825684
1788862803026930200,40.79693017578125,-6.934356195831298,-9.29548794555664,4.7566801483154295
1788862803036936000,40.80693603515625,-7.0649898239135736,-9.268403539276122,5.173869787597656
1788862803046943200,40.81694311523437,-6.709301239776611,-8.858845417785645,5.626673176574707
1788862803056949200,40.82694921875,-6.462249555969238,-8.189217140960693,5.9953802322387695
1788862803066955000,40.836955078125,-6.325181510925293,-7.51435154800415,5.890783547210693
1788862803076961000,40.8469609375,-5.802946273803711,-7.226299160766601,5.596446380615234
1788862803086967300,40.85696728515625,-6.323385859680175,-6.904727950286865,4.869357263946533
1788862803096974000,40.86697412109375,-7.180659691619873,-6.291363412475586,4.15004930267334
1788862803106980000,40.87697998046875,-6.950517057037353,-5.863399865722656,4.187159428405762
1788862803116986000,40.886986083984375,-6.685359223175048,-5.769577088165283,4.486434635925293
1788862803126992100,40.8969921875,-6.845022546386718,-5.780949546051025,4.657021504211426
1788862803136998100,40.906998046875,-6.860135944366455,-5.885396593475342,4.786906944274902
1788862803147005200,40.91700512695313,-7.062445984649658,-5.970241114807129,4.632480937194824
1788862803157011000,40.92701098632813,-6.611887159729004,-5.972036766052246,4.578162487030029
1788862803167017200,40.93701733398437,-5.709123496246337,-6.118531980133056,4.939238024902344
1788862803177023200,40.94702319335938,-6.420051751708984,-6.151751528167725,4.749048630523681
1788862803187029200,40.957029296875,-7.163451367187499,-6.025756665802001,4.171746755218505
1788862803197035000,40.967034912109376,-6.560860736846924,-5.726032545471191,3.775207105255127
1788862803207042300,40.977042236328124,-5.398026918029784,-5.302707764434814,3.7651813858032224
1788862803217048000,40.98704809570312,-4.969614458465576,-5.070021290588379,3.967192150878906
1788862803227054000,40.99705419921875,-5.264400537872314,-5.181501305389404,4.074781587982177
1788862803237060000,41.00706005859375,-5.442618923950195,-5.45892942276001,4.018517848968505
1788862803247066000,41.01706616210937,-4.9437271530151365,-5.543325031280517,3.932176951599121
1788862803257073200,41.0270732421875,-5.023483995819092,-5.35014288482666,3.4823663146972654
1788862803267079200,41.0370791015625,-6.324582960510254,-4.626345795440674,2.4157494750976563
1788862803277085200,41.047085205078126,-7.920318367004394,-3.438073583984375,1.4989198768615721
1788862803287091200,41.05709130859375,-8.150161726379395,-2.8067525337219235,2.0437503921508786
1788862803297097200,41.06709716796875,-9.226505010223388,-3.028515462493896,3.571999239349365
1788862803307104000,41.07710400390625,-10.954071145629882,-4.4273277824401855,4.540004898071289
1788862803317110000,41.08711010742188,-10.256460636901854,-6.6994251579284665,4.029591031646729
1788862803327116300,41.0971162109375,-8.119486017608642,-7.42501789855957,3.093009269714355
1788862803337122300,41.10712231445312,-7.548618559265137,-6.103119306945801,3.028066549682617
1788862803347128000,41.11712817382813,-8.685265797424316,-3.989488153839111,3.61973363494873
1788862803357135000,41.127135009765624,-9.120411949157715,-2.3792378997802732,4.095132302093505
1788862803367141000,41.13714111328125,-7.996932820129394,-2.0982184799194337,3.867832781982422
1788862803377147100,41.147147216796874,-7.604882298278808,-2.4536077888488768,3.2418986854553222
1788862803387153200,41.15715307617187,-8.271218547821045,-3.1350574363708494,2.8851626380920408
1788862803397159200,41.1671591796875,-8.52934341430664,-4.204068477630615,2.350657117462158
1788862803407165000,41.1771650390625,-7.745990558624267,-4.92247861328125,1.5198691413879393
1788862803417172200,41.18717211914063,-6.650493661499023,-5.1410991523742675,1.260247898864746
1788862803427178200,41.19717822265625,-6.909067440795898,-5.0766053451538085,1.1613374427795409
1788862803437184000,41.20718408203125,-7.7633485206604,-4.331559716033936,0.49096097793579097
1788862803447190000,41.21718994140625,-6.668001261138915,-3.2091280502319335,0.24405893173217771
1788862803457196300,41.2271962890625,-5.5355438758850095,-2.114528978729248,0.5175964714050293
1788862803467203000,41.237203125,-5.863399865722656,-1.6531962463378904,0.5648819541931152
1788862803477209000,41.247208984375,-6.202628313446045,-2.1507412788391114,1.1620856307983398
1788862803487215000,41.25721508789063,-6.563554213714599,-2.198774949645996,0.9286509689331054
1788862803497221000,41.26722119140625,-5.093813669586181,-1.5110405227661132,-0.08918401184082031
1788862803507227100,41.27722705078125,-5.537040251922607,-1.291671795654297,0.003591302490234375
1788862803517234200,41.287234130859375,-7.76364779586792,-0.503081623840332,-0.4520552009582519
1788862803527240000,41.297239990234374,-8.221688500976562,0.12375029830932617,-0.5346551582336425
1788862803537246200,41.30724609375,-7.872883246612548,0.34536358947753903,-0.1388636962890625
1788862803547252200,41.317252197265624,-6.756137809753418,0.18345570220947263,1.2542623947143554
1788862803557258200,41.32725830078125,-6.554127044677734,-1.3853449356079102,3.582174596405029
1788862803567264000,41.33726391601562,-8.169913890075684,-2.428618309020996,3.6158430572509763
1788862803577271300,41.34727124023438,-7.632265979766845,-2.2649147705078123,2.3344962562561036
1788862803587277000,41.35727709960938,-7.34241794128418,-1.516277838897705,1.6569371864318847
1788862803597283000,41.367282958984376,-8.181286347961425,-0.9775824653625488,1.565957523345947
1788862803607289000,41.3772890625,-8.813654861450194,-1.2448352256774902,1.7149965766906736
1788862803617295000,41.387295166015626,-8.997559476470947,-2.035969236755371,2.0253449668884276
1788862803627302100,41.39730224609375,-8.692598040008544,-2.532616443634033,2.1220108589172364
1788862803637308200,41.40730810546875,-7.370250535583495,-3.041683571624756,2.7551275604248047
1788862803647314200,41.41731420898437,-7.684339865875244,-3.81141940536499,3.547757947540283
1788862803657320000,41.42731982421875,-8.996063100433348,-4.110844250488281,2.8923452430725094
1788862803667326200,41.437326171875,-8.48549959640503,-3.7612908081054686,1.7820342231750488
1788862803677332200,41.44733227539062,-8.42788911895752,-2.8214170188903807,1.4339771568298338
1788862803687339000,41.457339111328125,-8.29321527557373,-2.1716905433654783,2.3792378997802732
1788862803697345300,41.46734521484375,-8.066514305877686,-2.3509563926696777,3.7032314178466796
1788862803707351300,41.477351318359375,-8.497021691894531,-2.7500398818969725,3.7693712387084957
1788862803717357000,41.487357177734374,-7.85268217010498,-2.754678647613525,3.0597897216796874
1788862803727363000,41.49736303710937,-6.265176831817627,-2.7156232330322263,2.9683611457824703
1788862803737370400,41.50737036132813,-5.323208116149902,-3.3360207382202147,3.497778987884521
1788862803747376000,41.51737622070313,-5.702240166473389,-4.149001839447021,3.303848653411865
1788862803757382100,41.52738208007813,-6.019920799255371,-4.78825368270874,2.457199091339111
1788862803767388200,41.53738818359375,-6.252906548309326,-4.983381118011474,1.614589744567871
1788862803777394200,41.54739428710938,-6.788010619354248,-4.798279402160644,1.6246154640197752
1788862803787401200,41.55740112304687,-7.266850951385497,-4.956595986938476,2.769043857574463
1788862803797407200,41.5674072265625,-7.010372098541259,-5.676203223419189,4.053682685852051
1788862803807413000,41.5774130859375,-6.140678345489501,-6.495768379211426,4.46907667388916
1788862803817419000,41.5874189453125,-5.7335144256591795,-7.457788533782958,4.279785105133056
1788862803827425300,41.59742529296875,-6.48589229736328,-8.39541775894165,3.8883331336975093
1788862803837431300,41.60743139648437,-7.375637489318847,-8.954314208984375,3.469198205566406
1788862803847438000,41.61743798828125,-7.001992392730712,-9.492111756896971,3.5366847648620605
1788862803857444000,41.627444091796875,-6.712593267059326,-9.662548987579346,3.925143984222412
1788862803867450000,41.6374501953125,-7.430105577087402,-9.517250874328612,4.1115924385070795
1788862803877456100,41.6474560546875,-7.638850034332275,-9.427468312072753,4.337844495391845
1788862803887462100,41.657462158203124,-7.075614093780517,-9.653870006561279,4.815637364196777
1788862803897469000,41.66746899414063,-7.185148819732666,-9.700706576538085,5.036352829742431
1788862803907475200,41.67747509765625,-7.326257080078125,-9.350704221343994,5.0562546310424805
1788862803917481200,41.68748120117188,-7.063643085479736,-8.761730612945556,4.809352584838867
1788862803927487200,41.6974873046875,-6.747458828735351,-7.991096953582764,4.20062681274414
1788862803937493000,41.707492919921876,-6.796390325164794,-7.531410234832763,3.9419033958435055
1788862803947500300,41.71750024414062,-7.633612718200683,-7.876025636291503,4.403086490631103
1788862803957506300,41.72750634765625,-7.8727336090087885,-8.947730154418945,5.52881018371582
1788862803967512000,41.73751196289062,-6.928520329284668,-9.965265859985351,6.841730519104003
1788862803977518000,41.74751806640625,-6.563554213714599,-10.357166744232178,7.474847220611572
1788862803987524000,41.75752416992187,-7.2988733985900875,-10.349535226440429,6.682216833496093
1788862803997529900,41.76752978515625,-7.063044535064697,-9.821464122772216,4.735880521392822
1788862804007537000,41.777536865234374,-5.358821865844726,-8.611344821166991,3.068917615509033
1788862804017543000,41.78754296875,-4.023455889892578,-7.059902145385742,2.433705987548828
1788862804027549000,41.797548828125,-3.362207318878174,-6.583456015014648,3.3351229125976563
1788862804037555000,41.807554931640624,-4.16231958618164,-7.058405769348144,4.217984774780273
1788862804047561000,41.81756103515625,-5.2542251808166505,-7.466168239593506,3.602674948120117
1788862804057567700,41.827567626953126,-4.891503629302978,-7.40526573486328,2.5125650047302246
1788862804067574000,41.83757397460938,-4.114734828186035,-6.964582991790771,2.9601310775756833
1788862804077580000,41.847580078125,-4.802169979858398,-6.887968538665771,3.9558196929931637
1788862804087586000,41.8575859375,-5.8369140098571775,-6.795941412353515,3.763685009765625
1788862804097591800,41.867591796875,-5.959766482543945,-6.825868933105468,3.163488581085205
1788862804107597800,41.877597900390626,-6.033537821197509,-6.843675807952881,3.031208939361572
1788862804117604900,41.88760498046875,-5.8180596717834465,-7.306654553985595,4.119373593902588
1788862804127611000,41.89761083984375,-6.293308701324462,-8.083273717498779,5.196165790557861
1788862804137617000,41.90761694335937,-6.750451580810546,-8.980800064849854,5.272181693267822
1788862804147623000,41.91762280273438,-7.174225274658203,-9.809792389678954,4.715080894470215
1788862804157629000,41.92762890625,-7.80809016418457,-10.346991387176512,4.394108234405517
1788862804167636000,41.937635986328125,-8.182333811187744,-10.148721562194824,4.157680820465088
1788862804177642000,41.94764208984375,-6.990171022033691,-9.685742816162108,4.5599066993713375
1788862804187647700,41.957647705078124,-6.0422168022155756,-9.266757525634764,5.615450356292724
1788862804197654000,41.967654052734375,-7.045237660217285,-8.751854531097411,6.170905141448975
1788862804207660000,41.977659912109374,-8.051999458312988,-8.283039918518066,5.867589718627929
1788862804217666800,41.98766674804688,-7.119008998870849,-7.948749511718749,5.6209869476318355
1788862804227672800,41.9976728515625,-6.213102945709228,-7.389703424072265,6.159532683563232
1788862804237679000,42.00767919921875,-6.840383780670166,-7.0090253601074215,6.700322983551025
1788862804247684900,42.017684814453126,-7.540837403869628,-6.819434516143798,6.293159063720703
1788862804257691000,42.02769091796875,-7.535899362945556,-6.766612442016601,5.0866310646057125
1788862804267697000,42.03769677734375,-6.700173345947265,-6.594379560089111,4.246415919494629
1788862804277704000,42.04770385742187,-5.650914468383789,-6.304232246398925,4.198531886291503
1788862804287710000,42.0577099609375,-5.765985785675048,-6.115539228057861,4.123114533996582
1788862804297716000,42.06771606445312,-5.935076277923583,-6.042366439819336,3.6864720062255856
1788862804307721700,42.0777216796875,-4.997447052764892,-6.091447573852538,3.4057518615722655
1788862804317728000,42.08772802734375,-4.321533996582031,-6.149058051300049,3.257909909057617
1788862804327734000,42.09773413085937,-5.134066184997558,-5.969941839599609,2.9077579162597655
1788862804337740800,42.10774072265625,-6.137535955810547,-5.455936670684814,2.3487118286132813
1788862804347746800,42.117746826171874,-5.2742766197204585,-5.153967986297607,2.3427263244628906
1788862804357753000,42.127753173828125,-5.045331085968018,-4.824765258026122,2.6234464691162107
1788862804367759000,42.137759033203125,-5.991639292144775,-4.61572152557373,2.896984008789062
1788862804377764900,42.147764892578124,-7.06139852142334,-4.886266313171387,3.0665234138488766
1788862804387772000,42.15777197265625,-6.909217078399657,-5.538386990356445,3.6037224113464355
1788862804397778000,42.16777783203125,-6.255001474761962,-6.3250318733215325,4.501548033905029
1788862804407784000,42.17778393554688,-6.430376746368408,-6.787561706542968,4.931307231903076
1788862804417790000,42.1877900390625,-7.861959701538085,-6.723965724945068,4.273350688171386
1788862804427796000,42.1977958984375,-7.893383598327636,-6.029647243499755,3.341706967163086
1788862804437803000,42.20780297851562,-6.980594215393066,-4.910208329772949,3.17306538772583
1788862804447809000,42.21780908203125,-8.633640824127196,-3.1854853088378903,2.952798834991455
1788862804457815000,42.22781494140625,-10.08737014465332,-1.9728221679687499,3.0090625740051267
1788862804467820800,42.23782080078125,-10.248978756713866,-1.820790362548828,3.5308488983154294
1788862804477826800,42.24782690429687,-9.950601374816895,-2.5182512336730953,3.8347628715515136
1788862804487833000,42.2578330078125,-8.840290354919434,-3.273771495056152,3.5564369285583495
1788862804497839900,42.26783984375,-7.569118910980224,-3.88803385848999,3.3500866729736325
1788862804507846000,42.277845947265625,-7.148038694000244,-4.580855963897704,3.0337527786254883
1788862804517852000,42.287851806640624,-7.222109307861328,-5.000290167236328,2.460491118621826
1788862804527858000,42.29785791015625,-8.448239833068847,-4.780921440124511,2.1350293304443357
1788862804537864000,42.307864013671875,-9.298331060028076,-4.5404538108825685,2.0655974822998044
1788862804547871000,42.31787109375,-8.792705596923827,-4.639513904571533,1.8032827629089354
1788862804557876700,42.32787670898438,-8.672995513916016,-4.648342523193359,1.2722189071655272
1788862804567883000,42.33788305664063,-9.214833277130126,-4.093336650848388,1.1142015975952149
1788862804577889000,42.34788891601563,-8.846575134277343,-3.2972645988464353,1.3254898941040039
1788862804587895000,42.35789501953125,-7.320421213531493,-2.608781983947754,1.0758943710327147
1788862804597900800,42.36790087890625,-5.739051016998291,-2.255786876678467,1.036090768432617
1788862804607908000,42.377908203125,-6.41631081161499,-2.336142269897461,1.2126631408691406
1788862804617913900,42.38791381835937,-7.579443905639648,-1.933916390991211,0.8978256225585937
1788862804627920000,42.397919921875,-6.804021842956542,-0.8188169677734375,0.7363666481018066
1788862804637926000,42.40792578125,-5.8840498550415035,-0.05431845016479492,0.6530185028076172
1788862804647932000,42.41793188476562,-5.7329158752441405,-0.5961562133789062,0.5331587821960448
1788862804657938000,42.42793798828125,-6.245723943328857,-1.4546271461486815,0.9102455436706542
1788862804667945000,42.437945068359376,-7.151480358886718,-0.7365162857055664,0.3564367721557617
1788862804677951000,42.447950927734375,-6.696432405853271,0.4670189613342285,-0.9865607215881347
1788862804687957000,42.45795703125,-6.192004043579101,0.5596446380615234,-0.44532150878906246
1788862804697963000,42.467962890625,-7.06139852142334,0.2941875289916992,0.7402572257995605
1788862804707969000,42.477968994140625,-7.606528311920165,-0.22131401596069333,1.5315408744812011
1788862804717975800,42.48797583007813,-8.719682446289061,-0.43020811080932614,1.9806033233642577
1788862804727982000,42.49798217773437,-8.316558741760254,-0.037409400939941405,2.0968717414855957
1788862804737988000,42.50798803710938,-6.265476107025146,-0.743100340270996,3.4569279220581053
1788862804747993900,42.51799389648438,-6.966528280639648,-2.740163800048828,4.7283986412048336
1788862804757999900,42.527999755859376,-9.32122561340332,-3.659986150360107,3.3119290840148925
1788862804768006000,42.538005859375,-8.639027777862548,-3.393032665252685,1.6564882736206055
1788862804778013000,42.54801293945312,-7.578845355224609,-3.494187685394287,1.6769886253356932
1788862804788019000,42.55801904296875,-7.638101846313476,-3.6516064445495604,1.5898995399475098
1788862804798025000,42.56802490234375,-7.22106184463501,-3.5359365768432616,1.3153145370483397
1788862804808030700,42.57803076171875,-7.372944012451171,-3.304596841430664,1.345092420196533
1788862804818037000,42.588037109375,-8.284087381744385,-2.839672806549072,1.1454758567810057
1788862804828044000,42.5980439453125,-9.223661895751952,-2.086546746826172,0.9395745140075683
1788862804838049800,42.6080498046875,-9.623643210601806,-1.650951682281494,1.804180588531494
1788862804848055800,42.618055908203125,-8.965537029266358,-1.88977329788208,3.074603844451904
1788862804858062000,42.62806201171875,-7.674314146423339,-2.346916177368164,3.681234690093994
1788862804868068000,42.638068115234375,-7.378181328582763,-2.8034605064392086,3.879205239868164
1788862804878073900,42.648073974609375,-7.681347113800048,-3.6213796485900875,4.11174207611084
1788862804888081000,42.65808081054688,-7.935132489776611,-5.10114591217041,4.769548982238769
1788862804898087000,42.6680869140625,-8.349179739379883,-6.632836424255371,5.099350260925292
1788862804908093000,42.67809301757813,-8.062623728179931,-7.786542349243164,4.534019393920898
1788862804918099000,42.68809887695313,-6.943783364868164,-8.763376626586913,3.988440690612793
1788862804928105000,42.69810498046875,-6.252756910705566,-9.509619356536865,3.6824317909240722
1788862804938110700,42.70811083984375,-6.686406686401367,-9.559149403381348,2.899078935241699
1788862804948118000,42.71811791992187,-6.299593480682373,-9.195230751037597,2.1543325813293457
1788862804958124000,42.7281240234375,-5.556343502807617,-8.585307878112792,1.9077298103332518
1788862804968129800,42.7381298828125,-5.455188482666015,-7.655459808349609,1.82587804107666
1788862804978135800,42.7481357421875,-5.412392127990723,-6.506841561889648,1.6666636306762694
1788862804988142000,42.75814208984375,-5.050718039703368,-5.223399834442138,1.5952864936828612
1788862804998149000,42.76814916992188,-4.3363481193542475,-4.049792108154296,1.8004396484374998
1788862805008155100,42.778155029296876,-3.6222774742126465,-3.247136001586914,2.372354570007324
1788862805018161200,42.7881611328125,-3.6174890708923337,-2.8323405639648436,3.062632836151123
1788862805028167200,42.798167236328126,-4.183268850708007,-2.7825112419128417,3.4578257476806638
1788862805038173200,42.808173095703125,-4.211849633026123,-3.1384991012573242,3.5208231788635254
1788862805048179200,42.81817919921875,-4.297891255187988,-3.7556045791625974,3.0062194595336913
1788862805058186000,42.82818603515625,-5.022885445404053,-4.671685989379882,2.250549560546875
1788862805068192300,42.83819213867187,-5.639691648101806,-6.143371822357177,2.270900274658203
1788862805078198300,42.8481982421875,-6.178387021636962,-8.345588436889647,3.4974797126770016
1788862805088204000,42.8582041015625,-7.079953584289551,-10.886135673522949,6.299593480682373
1788862805098210000,42.8682099609375,-8.757540760040282,-13.231555474853515,9.016862727355957
1788862805108216000,42.87821606445313,-10.990881996154785,-14.990545507049559,9.46158568572998
1788862805118223000,42.88822314453125,-11.650185278320311,-15.735441498565672,7.851784344482422
1788862805128229000,42.89822900390625,-9.524283841705321,-15.419556517028807,5.595398917388915
1788862805138235100,42.90823510742187,-6.481103894042969,-14.521581256866455,3.5564369285583495
1788862805148241200,42.9182412109375,-4.843469958496094,-14.129231459808349,2.109441300201416
1788862805158247200,42.9282470703125,-5.3281461570739745,-13.449128550720214,1.2779051361083984
1788862805168254200,42.93825415039063,-5.612607241821289,-12.203245861816406,1.5617676704406738
1788862805178260000,42.948260009765626,-6.156689569091797,-11.55561431274414,4.30896443786621
1788862805188266000,42.958265869140625,-7.567173622131347,-10.58491517715454,6.196044258880615
1788862805198272300,42.968272216796876,-7.5142019104003905,-9.343222341156006,6.080972941589355
1788862805208278300,42.9782783203125,-7.402123345184326,-8.045415403747558,5.604526811218261
1788862805218284000,42.988283935546875,-7.442824773406982,-7.250241177368164,6.027701954650879
1788862805228291000,42.998291015625,-6.860884132385253,-6.987926457977294,7.0640919982910155
1788862805238297300,43.00829736328125,-6.604106004333496,-6.8499605873107905,7.180958966827392
1788862805248303000,43.01830322265625,-6.285377908325195,-6.6805708198547356,6.028749417877197
1788862805258309000,43.02830908203125,-4.865616323852539,-6.828712047576904,5.023783271026611
1788862805268315100,43.03831518554688,-3.9772178703308105,-6.876895355987548,3.9661446876525877
1788862805278321200,43.04832104492188,-3.8193501983642575,-6.622212154388428,2.3062147491455076
1788862805288328200,43.058328125,-2.38133282623291,-6.544849513244628,1.6350900962829589
1788862805298334200,43.068334228515624,-0.9630676177978515,-6.457161877441406,1.8056769645690918
1788862805308340000,43.07834008789062,-1.6895581840515135,-6.03293927078247,1.5842133110046386
1788862805318346000,43.08834594726562,-3.0349498794555663,-5.793968017578124,1.1465233200073242
1788862805328352300,43.098352294921874,-3.051110740661621,-5.882403841400146,0.9290998817443847
1788862805338359000,43.10835913085938,-2.184709014892578,-6.0902504730224605,1.3302782974243164
1788862805348365000,43.118364990234376,-2.872443441772461,-6.4852937469482415,2.1136311531066894
1788862805358371000,43.12837109375,-5.01809704208374,-7.244255673217773,2.715473595428467
1788862805368377000,43.138377197265626,-6.519560758209228,-8.16572403717041,2.8075007217407224
1788862805378383000,43.148383056640625,-6.51881257019043,-8.775796547698974,2.992153524780273
1788862805388389000,43.15838916015625,-6.604554917144775,-8.92498523864746,3.356221814727783
1788862805398396200,43.16839624023437,-7.586776148223876,-8.467842359161377,3.3228526290893554
1788862805408402200,43.17840209960937,-7.5725605758666985,-7.638700396728515,3.3481413841247556
1788862805418408200,43.188408203125,-7.222558220672607,-6.724564275360107,3.854215760040283
1788862805428414200,43.19841430664062,-8.334664891815185,-5.829282492065429,4.873547116851807
1788862805438420000,43.208419921875,-10.49558152770996,-5.273827706909179,6.634183162689209
1788862805448426200,43.21842626953125,-12.482918543243407,-5.376628740692138,8.84837078552246
1788862805458433000,43.22843310546875,-13.571981023406982,-6.4739212890625,11.125855114746093
1788862805468439000,43.23843896484375,-14.691719212341308,-8.259097901916503,12.029965516662598
1788862805478445000,43.24844506835937,-13.63797120666504,-9.654468556976317,10.943297238159179
1788862805488451300,43.258451416015625,-9.771634800720214,-9.51964507598877,8.764424089813232
1788862805498457000,43.26845703125,-6.478859329986572,-8.240093926239012,6.4466872451782224
1788862805508464000,43.27846411132813,-4.552724094390869,-6.630891135406494,4.533869756317139
1788862805518470100,43.28847021484375,-2.9439702163696286,-5.287594366455078,3.501819203186035
1788862805528476200,43.29847607421875,-3.270629105377197,-4.828206922912598,2.8574796813964842
1788862805538482200,43.308482177734376,-4.978891989898681,-5.4013189453125,2.0409072776794432
1788862805548488200,43.31848828125,-5.4981344749450685,-6.2207344635009765,1.504157192993164
1788862805558494200,43.328494140625,-5.270535679626464,-6.439803915405273,1.369483349609375
1788862805568501200,43.33850122070312,-5.6672249671936035,-6.087108083343505,1.5483002861022948
1788862805578507300,43.34850732421875,-6.375010832977295,-5.315726235961914,1.7124527374267577
1788862805588513000,43.35851293945313,-6.134243928527832,-4.159925384521484,1.599925259399414
1788862805598519000,43.36851904296875,-4.416254599761962,-2.9803321540832517,1.5034090049743651
1788862805608525000,43.37852514648438,-3.2793080863952633,-1.9942203453063965,1.430685129547119
1788862805618531300,43.38853125,-3.6171897956848142,-1.357362703704834,1.1572972274780273
1788862805628538000,43.3985380859375,-3.8813001663208007,-0.8840589630126953,0.888697728729248
1788862805638544100,43.408544189453124,-4.784812017822265,-0.611568886566162,0.46402620925903315
1788862805648550100,43.41855004882812,-6.458508615875243,-0.4466682472229004,-0.5295674797058105
1788862805658556200,43.42855615234375,-7.825448126220703,-0.10818798751831055,-1.1936591651916504
1788862805668562200,43.438562255859374,-9.521440727233886,0.2959831802368164,-0.2109890213012695
1788862805678568200,43.44856811523437,-11.631480577850342,-0.08903437423706054,2.7697920455932614
1788862805688575000,43.458574951171876,-13.296947107696532,-1.9182044425964355,6.2587424148559565
1788862805698581200,43.46858129882813,-13.156138122558593,-6.313060865020751,8.642469442749023
1788862805708587300,43.478587158203126,-12.783989402008055,-11.062558408355713,8.245780155181885
1788862805718593000,43.488593017578125,-11.048342835998534,-11.61337442779541,5.926846209716796
1788862805728599000,43.49859912109375,-9.181613729095458,-10.123133531951904,4.58998385772705
1788862805738606300,43.5086064453125,-9.687688105010986,-8.915258794403076,3.005171996307373
1788862805748612000,43.51861206054687,-11.084854411315918,-7.08698655166626,0.370951619720459
1788862805758618000,43.5286181640625,-10.316016403198242,-4.5139679550170895,-0.9350853858947753
1788862805768624000,43.5386240234375,-7.924508219909668,-2.0816087059020996,-0.5529109458923339
1788862805778630100,43.54863012695313,-6.618770489501952,-1.051503441619873,0.8565256439208984
1788862805788636200,43.55863623046875,-6.3150061538696285,-1.549497386932373,2.0471920570373534
1788862805798643200,43.568643310546875,-5.9503393135070795,-1.2702736183166503,1.7775450950622558
1788862805808649000,43.57864892578125,-4.144063798522949,0.15158289260864258,0.7592612014770508
1788862805818655200,43.5886552734375,-2.899677485656738,0.9241618408203125,0.8737339683532714
1788862805828661200,43.5986611328125,-5.324255579376221,1.7618331466674804,0.527322915649414
1788862805838667300,43.608667236328124,-7.362768655395508,3.101987525939941,0.09172785110473632
1788862805848673000,43.61867309570312,-5.765836148071289,3.6360441337585447,0.4242226066589355
1788862805858680300,43.62868041992188,-3.0641292121887207,2.0766706649780273,1.8734627990722654
1788862805868686000,43.63868603515625,-3.1106665069580077,-0.31259295425415035,2.2601263671875
1788862805878692000,43.648692138671876,-4.67318236541748,-1.798494359588623,1.463306127166748
1788862805888698000,43.658697998046875,-6.6808700950622555,-2.0069395416259765,-0.2641103706359863
1788862805898704100,43.6687041015625,-6.564900952148437,-1.4203601348876953,-1.8466776679992676
1788862805908710100,43.678710205078126,-5.008819510650635,-1.2843395530700683,-0.8702923034667969
1788862805918717200,43.68871728515625,-5.1337669097900385,-1.8984522789001463,1.004966146850586
1788862805928723200,43.69872314453125,-5.7435401451110835,-2.9979893913269042,1.4923358222961425
1788862805938729000,43.70872900390625,-6.16731383895874,-3.8054339012145992,0.7089829666137695
1788862805948735200,43.7187353515625,-7.191732874298095,-3.6016274848937986,-0.027084406280517576
1788862805958741200,43.7287412109375,-8.06322227859497,-2.530521517181396,0.1936310592651367
1788862805968747300,43.73874731445313,-8.377161971282959,-1.3705308128356932,1.4993687896728514
1788862805978754000,43.748754150390624,-9.510217906951905,-0.8071452346801757,3.0151977157592773
1788862805988760300,43.75876025390625,-10.707169099426268,-1.0238204849243164,4.218882600402832
1788862805998766300,43.768766357421875,-11.401337943267821,-1.5062521194458007,5.0203416061401365
1788862806008772400,43.7787724609375,-11.623100872039794,-2.409315058135986,6.085312432098388
1788862806018778400,43.7887783203125,-9.95299557647705,-3.867533506774902,7.012018112182616
1788862806028785400,43.79878540039063,-8.820538191223145,-4.887613051605224,6.506093373870849
1788862806038791400,43.80879150390625,-9.96556513519287,-5.706130744171142,5.843498064422607
1788862806048797400,43.81879736328125,-11.053280876922607,-6.938246773529053,6.330568464660645
1788862806058803200,43.82880322265625,-11.256937655639648,-8.08237589187622,6.360047072601318
1788862806068809200,43.83880932617188,-10.656292314147949,-8.587851717376708,5.608118113708496
1788862806078815500,43.8488154296875,-8.72072990951538,-8.485349958801269,5.006874221801757
1788862806088821500,43.85882153320313,-6.676231329345702,-7.98077195892334,4.203021014404297
1788862806098828300,43.86882836914062,-6.244975755310058,-7.175721650695801,3.1573534393310547
1788862806108834600,43.87883447265625,-6.298546017456054,-6.0981812660217285,2.2481553588867187
1788862806118840600,43.88884057617187,-5.975328793334961,-4.816834465026855,1.5774796188354492
1788862806128846300,43.89884643554687,-5.673210471343994,-3.341706967163086,1.2285247268676758
1788862806138852400,43.90885229492188,-4.875342768096924,-2.186055753326416,1.7567454681396484
1788862806148859400,43.918859375,-4.003703726196289,-1.942745009613037,3.038241906738281
1788862806158865400,43.928865478515625,-3.6788404884338375,-2.3108535148620604,3.9463925239562987
1788862806168871400,43.938871337890625,-3.6563948478698727,-2.9249662406921386,3.971830916595459
1788862806178877400,43.94887744140625,-3.764882110595703,-3.7620389961242675,3.374028689575195
1788862806188883200,43.95888330078125,-3.9393595565795896,-4.651036000061035,2.823661582946777
1788862806198889500,43.968889404296874,-4.327369863128662,-5.568763423919678,2.597858438873291
1788862806208896500,43.978896484375,-5.0477252876281735,-6.708702689361572,2.553116795349121
1788862806218902300,43.98890234375,-5.446060588836669,-7.889941933441162,2.8281507110595703
1788862806228908300,43.998908203125,-5.353135636901855,-9.068338063049316,3.4214638099670407
1788862806238914600,44.00891455078125,-5.700145240020752,-10.110713610839843,3.752013276672363
1788862806248920300,44.01892041015625,-6.526144812774658,-10.838550915527343,3.6076129890441893
1788862806258926300,44.02892626953125,-7.215674890899658,-11.285967350769042,3.066373776245117
1788862806268933400,44.03893334960937,-7.696011598968505,-11.63252804107666,2.658012755584717
1788862806278939400,44.048939453125,-8.205677277374267,-11.943175706481933,2.789244934082031
1788862806288945400,44.0589453125,-8.520963708496094,-12.360963896179198,3.563020983123779
1788862806298951400,44.06895141601562,-8.330325401306151,-12.846687557983397,4.945971717071533
1788862806308957400,44.07895751953125,-8.320449319458007,-12.896965792846679,6.702268272399902
1788862806318963200,44.08896313476563,-8.33227069015503,-12.121693367767334,8.546402101135254
1788862806328970500,44.098970458984375,-8.168267876434326,-10.434529385375976,9.527575868988036
1788862806338976300,44.108976318359375,-8.012644768524169,-8.577676360321044,8.395866671752929
1788862806348982300,44.118982177734374,-7.4500073783874505,-7.3286512817382805,6.323385859680175
1788862806358988300,44.12898828125,-6.111199737548827,-7.048529687499999,5.048772750854492
1788862806368994600,44.13899462890625,-4.829553661346435,-7.387608497619628,4.321234721374512
1788862806379000300,44.14900024414062,-4.543895475769043,-8.157942881774902,3.98365228729248
1788862806389007400,44.15900732421875,-4.978742352294922,-8.800786027526854,4.210652532196045
1788862806399013400,44.16901342773438,-5.117755686187744,-8.794052335357666,4.4942157913208005
1788862806409019400,44.17901928710938,-4.758176524353027,-8.337657643890381,4.356399558258056
1788862806419025400,44.189025390625,-4.435557850646973,-7.603834835052489,3.713706050109863
1788862806429031400,44.19903149414063,-3.9299323875427246,-6.845321821594238,2.9779379524230953
1788862806439037400,44.209037353515626,-3.369090648651123,-6.155642105865478,2.1532851181030273
1788862806449044500,44.21904443359375,-3.027168724060058,-5.700594152832031,1.4707880073547361
1788862806459050500,44.22905053710937,-3.263745775604248,-5.652560482025146,1.2785036865234374
1788862806469056300,44.23905615234375,-3.705326344299316,-6.011092180633544,1.581370196533203
1788862806479062300,44.24906225585938,-3.3807623817443844,-7.10554161453247,2.823661582946777
1788862806489068300,44.259068359375,-4.235193099212646,-8.307430847930908,4.062212029266357
1788862806499074600,44.26907446289062,-5.782146646881103,-9.18056626586914,4.420145177459717
1788862806509081300,44.279081298828125,-6.627898383331298,-9.552565348815918,3.621828561401367
1788862806519087400,44.28908740234375,-6.4356140625,-9.359981752777099,2.563890702819824
1788862806529093400,44.29909326171875,-6.857741742706298,-8.718485345458983,1.8766051887512205
1788862806539099400,44.309099365234374,-7.192630699920654,-8.166023312377929,2.1957821975708005
1788862806549105400,44.31910546875,-7.2626610984802245,-7.593659477996826,3.1069255668640134
1788862806559112200,44.3291123046875,-6.717232032775878,-7.299023036193847,4.688295763397217
1788862806569118500,44.33911840820313,-7.498789237213134,-7.2057988090515135,6.282684431457519
1788862806579124500,44.34912451171875,-9.77507646560669,-7.192780337524414,7.059752507781982
1788862806589130500,44.35913061523438,-10.772860007476806,-7.350648009490967,7.461679111480713
1788862806599136300,44.36913623046875,-9.771485163116454,-7.7130702857971185,8.167968601226805
1788862806609142300,44.379142333984376,-9.604489597320557,-7.659500023651122,8.50405465927124
1788862806619149600,44.389149658203124,-9.489567917633057,-7.326705992889404,7.740603604888916
1788862806629155300,44.3991552734375,-7.6930188468933105,-6.9524623458862305,6.719476596832275
1788862806639161300,44.40916137695312,-5.461772537231445,-6.220285550689697,6.249764158630371
1788862806649167400,44.41916748046875,-4.680963520812988,-5.24794040145874,5.883301667022705
1788862806659173400,44.42917333984375,-5.1782092781066895,-4.661360994720459,5.338321514129638
1788862806669179400,44.43917944335937,-5.940912144470214,-4.653729476928711,4.677970768737793
1788862806679186400,44.4491865234375,-6.009446166992187,-4.964975692749023,4.117129029846192
1788862806689192200,44.459192138671874,-5.623081874084472,-5.4147863296508785,3.857358149719238
1788862806699198500,44.469198486328125,-6.3998506752014155,-5.696254662322998,3.42849677734375
1788862806709204500,44.47920458984375,-7.513902635192871,-5.664082577514648,2.4919150154113767
1788862806719210500,44.48921044921875,-7.27822340927124,-5.521926853942871,1.7037737564086912
1788862806729216300,44.49921630859375,-7.300818687438964,-5.117306773376464,1.6341922706604004
1788862806739223600,44.5092236328125,-8.009801654052733,-4.546439315032958,1.9252374099731444
1788862806749229300,44.51922924804688,-8.4145713722229,-4.149001839447021,2.206556105041504
1788862806759235300,44.5292353515625,-8.366088788604737,-4.114435552978516,2.4205378784179685
1788862806769241300,44.53924145507813,-8.52889450149536,-4.055777612304687,2.341678861236572
1788862806779247400,44.549247314453126,-8.321347145080566,-3.4920927589416504,2.344821250915527
1788862806789253400,44.55925341796875,-8.299799330139159,-2.457199091339111,2.7406127128601074
1788862806799260400,44.56926049804687,-9.712378309631347,-1.749862138366699,3.143736417388916
1788862806809266400,44.57926635742187,-9.841216286468505,-1.8341081092834473,3.7339071266174315
1788862806819272200,44.58927221679688,-8.295908752441406,-3.0142998901367184,4.46219334411621
1788862806829278500,44.59927856445312,-7.283161450195312,-5.058648832702636,4.335599931335449
1788862806839284500,44.60928442382812,-7.0190510795593255,-6.219088449859619,3.2583588218688964
1788862806849290500,44.61929052734375,-6.606200930786132,-5.634005419158935,2.4392425788879395
1788862806859297300,44.62929736328125,-6.225373229217529,-4.3725604194641114,2.5589526618957517
1788862806869303600,44.639303466796875,-7.303961077117919,-3.3686417358398435,2.5909751091003415
1788862806879309300,44.649309326171874,-9.041702569580078,-2.690184840393066,2.258031440734863
1788862806889315300,44.6593154296875,-9.466374089050293,-2.0898387741088866,1.7730559669494628
1788862806899321300,44.6693212890625,-8.550891229248046,-1.5161282012939452,1.5055039314270018
1788862806909327600,44.67932763671875,-8.129511737060547,-1.5409680435180664,1.7313070755004882
1788862806919334400,44.68933447265625,-7.228094812011718,-2.4979005195617674,2.2378303642272948
1788862806929340400,44.69934033203125,-5.540781192016601,-3.2224457969665528,1.6059107635498047
1788862806939346400,44.70934643554688,-5.1517234222412105,-1.5882535263061524,-0.5255272644042969
1788862806949352400,44.7193525390625,-6.046556292724609,1.0359411308288573,-1.8519149841308593
1788862806959358500,44.7293583984375,-6.780828014373779,1.6386813987731932,-0.7383119369506835
1788862806969364500,44.739364501953126,-6.884975786590576,0.4267664459228515,1.0031704956054688
1788862806979370200,44.749370361328126,-7.781454670715331,-0.1683423042297363,0.8696937530517578
1788862806989377500,44.75937744140625,-8.492831838989257,0.1949777976989746,0.5051765502929687
1788862806999383300,44.76938330078125,-8.33840583190918,0.10324994659423828,2.0700866104125977
1788862807009389000,44.77938916015625,-8.482506844329833,-0.04249707946777344,2.780416315460205
1788862807019395300,44.78939526367188,-7.161655715942382,-0.5309142181396485,3.266289614868164
1788862807029401300,44.7994013671875,-7.209090836334228,-1.4291887535095213,3.44121597366333
1788862807039407400,44.80940747070313,-8.332420327758788,-1.99182614364624,2.236483625793457
1788862807049414100,44.8194140625,-8.623315829467773,-2.8739398178100584,1.7450737350463865
1788862807059420400,44.82942041015625,-8.77115778198242,-3.8982092155456542,2.1537340309143067
1788862807069426200,44.83942626953125,-7.972541890716553,-4.550180255126953,2.402581365966797
1788862807079432200,44.84943212890625,-7.64827720336914,-4.825064533233642,2.1980267616271973
1788862807089438200,44.85943823242187,-7.861810063934326,-4.9911622734069825,2.057068138885498
1788862807099444200,44.8694443359375,-8.517522043609619,-4.822819969177246,1.7660229995727539
1788862807109451300,44.879451171875,-8.31955149383545,-4.1003696182250975,1.4139257179260254
1788862807119457300,44.889457275390626,-8.102726605987549,-2.942324202728271,1.1103110198974608
1788862807129463300,44.89946337890625,-7.821707186126709,-1.7886182777404784,1.2756605720520018
1788862807139469000,44.909468994140624,-6.968623207092285,-0.9504980590820312,1.7776947326660155
1788862807149475300,44.919475341796876,-5.714510449981689,-0.5108627792358398,2.409315058135986
1788862807159481300,44.9294814453125,-5.1243397407531734,-0.4857236618041992,2.7060464263916013
1788862807169488100,44.93948803710938,-5.709123496246337,-0.8604162216186523,2.5788544631958006
1788862807179494400,44.94949438476562,-6.508637213134765,-1.5158289260864257,2.246060432434082
1788862807189500400,44.95950048828125,-6.685209585571289,-2.2939444656372068,2.0389619888305663
1788862807199506200,44.96950610351563,-6.801926916503906,-3.1501708343505856,2.602497204589844
1788862807209512200,44.97951220703125,-7.325059979248047,-4.355052819824219,3.7900212280273435
1788862807219518200,44.98951831054688,-7.99947665939331,-5.700145240020752,4.744559502410889
1788862807229525200,44.99952514648437,-7.938274879455566,-7.0847419876098625,5.317821162414551
1788862807239531300,45.00953125,-7.305906365966797,-8.345738074493408,5.7131637115478515
1788862807249537300,45.019537353515624,-7.187991934204101,-9.424774835205078,5.888838258361816
1788862807259543300,45.02954321289062,-7.80779088897705,-9.934889426422119,5.3490954216003415
1788862807269549300,45.03954931640625,-7.687781530761718,-9.551517885589599,3.893720087432861
1788862807279555300,45.04955541992187,-6.086958445739746,-8.686762173461913,2.6219500930786133
1788862807289562000,45.05956201171875,-5.137507849884033,-7.132925296020507,1.6437690773010254
1788862807299568000,45.069568115234375,-5.058798470306396,-5.550357998657226,1.2814964385986327
1788862807309574400,45.079574462890626,-5.409399375915527,-4.266766633605957,1.3856442108154297
1788862807319580400,45.089580322265626,-5.663484027099609,-3.358765653991699,1.8978537284851074
1788862807329586200,45.099586181640625,-5.610811590576172,-3.046621612548828,2.826504697418213
1788862807339592200,45.10959228515625,-5.789927802276611,-3.726574884033203,3.8480806182861325
1788862807349599500,45.119599609375,-6.675483141326904,-5.090521642303466,4.209455431365966
1788862807359605200,45.12960522460938,-6.88243194732666,-7.083395249176025,4.291905751037597
1788862807369611300,45.139611328125,-7.1875430213928215,-9.906907194519043,4.666448673248291
1788862807379617300,45.1496171875,-7.991096953582764,-13.147908054351806,5.839607486724853
1788862807389623000,45.159623046875,-8.546551738739014,-15.427337672424315,7.218368367767334
1788862807399629300,45.16962939453125,-9.279626359558105,-15.58460679397583,7.158812601470947
1788862807409636400,45.17963623046875,-9.657012396240233,-14.227842640686035,5.998522621917724
1788862807419642000,45.18964208984375,-9.253290141296386,-12.36590193710327,5.406855536651611
1788862807429648100,45.19964819335937,-8.1464207862854,-10.779144786834717,5.046528186798096
1788862807439654400,45.209654296875,-6.244077929687499,-9.464877713012696,3.1420904037475585
1788862807449660400,45.21966040039062,-4.314650666809082,-7.938274879455566,0.8788216468811034
1788862807459666200,45.22966625976562,-2.6478373985290524,-6.829160960388183,0.8601169464111328
1788862807469672200,45.23967211914062,-1.8990508293151855,-6.567893704223632,3.4989760887145995
1788862807479679200,45.24967919921875,-3.5419220809936522,-6.899041721343994,4.825513446044922
1788862807489685200,45.259685302734376,-5.533897862243652,-7.361421916961669,4.2149920227050774
1788862807499691300,45.269691162109375,-6.5586161727905266,-7.845349927520751,4.199130436706542
1788862807509697300,45.279697265625,-6.717232032775878,-8.329577213287353,5.692663359832763
1788862807519703000,45.289703125,-7.052719540405273,-8.81694688873291,6.804919668579101
1788862807529709300,45.299709228515624,-7.39987878112793,-8.91271495513916,5.6115597785949705
1788862807539716400,45.30971630859375,-6.889764189910888,-8.354117780303955,3.3541268882751463
1788862807549722000,45.31972216796875,-6.132597914886475,-7.679701100158691,2.452261050415039
1788862807559728000,45.32972802734375,-5.615001443481445,-7.522731253814697,3.1584009025573727
1788862807569734400,45.339734375,-4.704606262207031,-7.786243074035644,3.9694367149353025
1788862807579740200,45.349740234375,-3.837605986022949,-8.130559200286864,4.464138632965088
1788862807589746200,45.35974609375,-4.141220684051514,-8.29396346359253,4.501847309112549
1788862807599753500,45.36975341796875,-5.361814617919921,-8.024316501617431,3.974823668670654
1788862807609759200,45.37975927734375,-5.7523687637329095,-7.902062579345703,3.5411738929748533
1788862807619765200,45.38976513671875,-5.198111079406738,-7.733570637512207,3.3719337631225583
1788862807629771300,45.39977124023437,-4.88372247390747,-7.287949853515625,3.2550667945861815
1788862807639777300,45.40977734375,-5.652859757232665,-7.101501399230957,3.259406285095215
1788862807649783300,45.419783203125,-6.982838779449462,-6.996904714202881,3.181894006347656
1788862807659790300,45.429790283203126,-6.744316439056396,-6.767809542846679,3.8824972671508786
1788862807669796400,45.43979638671875,-5.748328548431396,-6.9527616210937495,5.604526811218261
1788862807679802000,45.449802001953124,-6.57597413482666,-7.286004564666747,6.725761376190185
1788862807689808400,45.459808349609375,-8.388684066772461,-7.4951979347229,6.443095942687988
1788862807699814400,45.469814453125,-8.3502272026062,-7.776666267395019,5.50367106628418
1788862807709820200,45.47982006835937,-6.909815628814697,-7.864204265594482,4.844068508911133
1788862807719827200,45.4898271484375,-5.984007774353027,-7.513304084777832,4.477157104492187
1788862807729833500,45.49983349609375,-5.81581510772705,-7.04224490814209,4.2414778785705565
1788862807739839200,45.50983911132813,-5.7980082328796385,-6.751499044036865,4.280832568359375
1788862807749845200,45.51984521484375,-5.731269861602783,-6.672041476440429,4.6541783897399895
1788862807759851300,45.52985131835938,-6.728155577850341,-6.736086370849609,5.042936884307861
1788862807769857300,45.539857177734376,-7.8152727691650385,-6.904727950286865,5.26080923538208
1788862807779863300,45.54986328125,-8.26777688293457,-6.888118176269531,5.042039058685303
1788862807789870300,45.55987036132812,-7.905354606628418,-6.650344023895263,4.856039517211914
1788862807799876000,45.5698759765625,-7.678055086517333,-6.150105514526367,4.676025479888915
1788862807809882000,45.57988208007812,-7.384466107940673,-5.430049365234375,4.515165055847167
1788862807819888400,45.58988842773437,-6.721122610473633,-5.192724125671386,4.574720822143554
1788862807829894400,45.59989428710937,-6.192153681182861,-5.572803639221191,4.602104503631591
1788862807839900200,45.60990014648438,-6.184971076202392,-6.0610711402893065,4.427627057647705
1788862807849907200,45.6199072265625,-6.133645378112792,-6.30782354888916,4.281131843566894
1788862807859913500,45.62991357421875,-5.9002107162475586,-6.292261238098144,4.299686906433105
1788862807869919200,45.639919189453124,-6.481253531646728,-6.31395869064331,3.9790135215759275
1788862807879925200,45.64992529296875,-6.899789909362792,-6.055833824157714,3.1381998260498043
1788862807889931300,45.65993115234375,-6.758831286621094,-5.17776036529541,2.4768016174316405
1788862807899937300,45.669937255859374,-6.833051538085937,-4.096927953338623,2.4054244804382323
1788862807909944300,45.6799443359375,-6.906074688720703,-2.9659669441223144,2.696768894958496
1788862807919950300,45.68995043945313,-7.324611066436767,-2.252494849395752,3.0174422798156737
1788862807929956000,45.6999560546875,-7.8350249328613275,-2.3090578636169434,3.173813575744629
1788862807939962000,45.709962158203126,-7.519439226531982,-2.723703663635254,3.2544682441711426
1788862807949968400,45.71996850585938,-6.506392649078369,-3.3372178390502927,3.127276280975342
1788862807959974400,45.729974365234376,-6.283282981872558,-3.9854479385375976,2.666093186187744
1788862807969981200,45.73998120117187,-6.935254021453857,-4.014776908874511,2.1576246086120605
1788862807979987200,45.7499873046875,-7.908945909118652,-3.280804462432861,1.6747440612792968
1788862807989993200,45.7599931640625,-8.35696089477539,-2.3992893386840817,1.6539444343566894
1788862807999999500,45.76999951171875,-8.232761683654784,-2.009782656097412,2.20895030670166
1788862808010005500,45.78000561523437,-8.08252552947998,-2.3403321228027343,2.6382605918884274
1788862808020011500,45.79001147460937,-8.568548466491698,-3.0385411819458006,2.5225907241821286
1788862808030018600,45.8000185546875,-8.954314208984375,-3.90060341720581,2.4506150367736814
1788862808040024600,45.810024658203126,-9.43016178894043,-4.660313531494141,2.148945627593994
1788862808050030600,45.820030517578125,-9.7936315284729,-4.635623326873779,1.3801076194763182
1788862808060036400,45.830036376953124,-9.138368461608886,-4.216638036346435,1.84503165435791
1788862808070042600,45.840042724609376,-8.793154509735107,-4.075529776000976,2.7862521820068356
1788862808080048600,45.850048583984375,-8.66341870727539,-3.5235166557312008,2.3322516921997067
1788862808090054400,45.860054443359374,-7.52737001953125,-2.201318788909912,2.0528782859802246
1788862808100061400,45.8700615234375,-6.903381211853027,-1.2179004570007324,2.2480057212829587
1788862808110067700,45.88006762695313,-7.210138299560547,-0.3676595924377441,1.1837830833435057
1788862808120073500,45.89007348632813,-7.6182000450134275,0.9561842880249023,0.05596446380615234
1788862808130079500,45.90007958984375,-7.9183730781555175,2.065896757507324,0.32561142578124996
1788862808140085500,45.91008544921875,-6.86941347579956,1.753752716064453,1.5842133110046386
1788862808150091500,45.92009155273438,-6.414964073181152,0.16115969924926757,2.286013672637939
1788862808160098600,45.9300986328125,-7.764545621490478,-1.114650510406494,1.4463970779418944
1788862808170104600,45.9401044921875,-8.128464273834227,-1.5110405227661132,1.5448586212158202
1788862808180110300,45.9501103515625,-7.295731008911132,-2.4350527259826658,2.803161231231689
1788862808190116400,45.96011645507812,-7.040898169708251,-3.5263597702026366,2.616114226531982
1788862808200122600,45.97012255859375,-6.904727950286865,-4.017919298553466,1.697638614654541
1788862808210128600,45.98012866210937,-7.445967163085937,-4.233247810363769,1.5819687469482422
1788862808220135400,45.990135498046875,-8.418910862731932,-3.5098996337890624,0.7083844161987304
1788862808230141400,46.000141357421874,-7.260865447235107,-2.599654090118408,0.11866261978149413
1788862808240147700,46.010147705078126,-6.733093618774413,-2.300977433013916,0.4997895965576172
1788862808250153500,46.020153564453125,-7.0184525291442865,-2.494309217071533,1.2452841384887694
1788862808260159500,46.030159423828124,-6.8140475624084464,-2.4386440284729,1.6910545600891111
1788862808270165500,46.04016552734375,-6.175394269561767,-2.129642376708984,1.9274819740295408
1788862808280171500,46.050171630859374,-6.120327631378173,-1.868674395751953,2.087145297241211
1788862808290178600,46.06017846679688,-6.858639568328857,-1.8730138862609862,1.9780594841003416
1788862808300184600,46.0701845703125,-7.899518740081787,-2.2116437835693357,1.7504606887817382
1788862808310190300,46.0801904296875,-8.047360692596435,-2.584391054534912,1.6928502113342283
1788862808320196600,46.09019653320313,-7.485920403289795,-2.8719945289611815,2.01112939453125
1788862808330202600,46.10020263671875,-7.758560117340087,-3.0672716018676756,2.4705168380737303
1788862808340208600,46.11020874023438,-8.399607611846923,-3.57529126663208,3.1260791801452634
1788862808350215400,46.12021533203125,-8.716839331817626,-4.4559085647583005,3.947888899993896
1788862808360221700,46.1302216796875,-8.312668164062499,-5.494094259643554,4.619462465667724
1788862808370227500,46.1402275390625,-7.334636785888671,-6.555324145507812,5.317521887207031
1788862808380233500,46.1502333984375,-6.800729815673828,-7.377433140563965,5.6952071990966795
1788862808390239500,46.16023950195312,-6.347178238677978,-7.803451398468017,5.184793332672119
1788862808400245500,46.17024560546875,-5.549759448242187,-7.688828993988037,4.126406561279297
1788862808410251500,46.18025146484375,-5.191826300048827,-6.961590239715576,3.1859342216491697
1788862808420258600,46.190258544921875,-5.776011505126953,-6.017975510406494,2.601150466156006
1788862808430264600,46.2002646484375,-6.412719509124756,-5.081543386077881,2.127697087860107
1788862808440270300,46.21027026367187,-6.297797829437256,-4.333804280090332,1.9137153144836425
1788862808450276600,46.220276611328124,-5.915922664642333,-3.886836757659912,1.9487305137634277
1788862808460282600,46.23028271484375,-5.553650025939941,-3.5537434516906736,2.2016180641174317
1788862808470288600,46.24028857421875,-4.899434422302246,-3.610905016326904,2.8465561363220213
1788862808480295400,46.25029541015625,-4.648791436004639,-4.2131963714599605,3.7587469688415527
1788862808490301700,46.2603017578125,-5.180753117370605,-5.222950921630859,4.365527452087402
1788862808500307500,46.270307373046876,-6.377704309844971,-6.847716023254394,4.5875896560668945
1788862808510313500,46.2803134765625,-7.806294512939453,-9.079860158538818,4.608090007781982
1788862808520319500,46.290319580078126,-7.887697369384765,-12.338667893218993,5.038148480987549
1788862808530325500,46.300325439453125,-7.84639739074707,-15.93535733718872,5.889885721588135
1788862808540332500,46.31033251953125,-8.999355127716063,-17.719486486816404,6.542305673980713
1788862808550338600,46.32033862304687,-10.367940651702881,-16.91249088973999,6.600365064239502
1788862808560344600,46.33034448242187,-10.453832636260985,-14.444068978118896,5.687575681304931
1788862808570350300,46.34035034179688,-9.567828384399414,-11.027094296264648,4.18805725402832
1788862808580356600,46.35035668945312,-8.755296195983886,-7.8255977638244625,3.7683237754821777
1788862808590362600,46.36036254882813,-7.978377757263183,-5.543175393676758,4.675127654266357
1788862808600368400,46.37036840820313,-6.584503478240967,-4.2779894538879395,5.824643726348876
1788862808610375400,46.38037548828125,-5.565621034240722,-4.3445781875610345,6.502502071380615
1788862808620381700,46.390381591796874,-5.5455695953369135,-5.364358457183838,6.449979272460937
1788862808630387500,46.40038745117187,-5.449502253723145,-6.627449470520019,6.402993064880371
1788862808640393500,46.4103935546875,-4.910058692169189,-7.555352251434326,5.952883152770996
1788862808650399500,46.4203994140625,-4.955847798919677,-7.3569327888488765,3.8817490791320797
1788862808660405500,46.43040551757812,-4.1745898696899415,-7.0467340362548825,2.344821250915527
1788862808670412500,46.44041259765625,-2.851045264434814,-6.9904702972412105,2.286761860656738
1788862808680418600,46.45041845703125,-2.5959131500244137,-6.849212399291992,2.2948422912597657
1788862808690424300,46.46042431640625,-2.4932617538452146,-6.988076095581055,2.3268647384643555
1788862808700430600,46.4704306640625,-2.639457692718506,-7.320720488739013,2.1679496032714844
1788862808710436600,46.4804365234375,-3.444358363342285,-7.557596815490722,1.6941969497680662
1788862808720442600,46.490442626953126,-3.6545991966247557,-8.258798626708984,1.7075146965026855
1788862808730448400,46.500448486328125,-3.5699043128967283,-9.23712928009033,2.5212439857482907
1788862808740455700,46.51045556640625,-4.729446104431152,-10.773907470703124,3.3496377601623535
1788862808750461700,46.52046166992187,-6.96533117980957,-12.86464407043457,3.4090438888549803
1788862808760467500,46.53046752929688,-8.751854531097411,-14.070274243927,2.577956637573242
1788862808770473500,46.54047338867188,-8.06322227859497,-13.587842609405516,2.933495584106445
1788862808780479500,46.5504794921875,-7.739256866455078,-11.634473329925536,4.649240348815917
1788862808790485500,46.56048559570313,-8.531737615966797,-9.364321243286133,5.801599535369872
1788862808800492500,46.57049243164062,-8.630947347259522,-7.292139706420898,6.029347968292236
1788862808810498600,46.58049853515625,-7.006481520843505,-5.625176800537109,6.6334349746704095
1788862808820504300,46.59050439453125,-5.313332034301758,-4.712237779998779,8.137741805267334
1788862808830510600,46.60051049804687,-7.203404607391357,-5.316624061584473,8.768464305114746
1788862808840516600,46.6105166015625,-9.37838717803955,-8.119486017608642,8.212859882354735
1788862808850522600,46.62052270507812,-8.88607946166992,-10.787973405456542,7.044190196990966
1788862808860529400,46.630529296875,-7.504325828552246,-11.573570825195311,5.807585039520263
1788862808870535700,46.64053564453125,-6.800430540466309,-10.797849487304687,4.428674520874023
1788862808880541400,46.65054150390625,-6.343437298583984,-10.14498062210083,3.2918776451110836
1788862808890547500,46.66054736328125,-4.865765961456298,-9.175777862548827,2.6140193000793457
1788862808900553500,46.670553466796875,-3.9858968513488766,-7.614159829711913,1.9936217948913573
1788862808910559500,46.6805595703125,-3.4157775810241695,-5.679944163513183,1.3486837226867674
1788862808920565500,46.6905654296875,-2.5668834548950192,-4.330961165618897,1.3718775512695311
1788862808930572500,46.70057250976563,-2.3341969810485836,-3.649960430908203,1.9397522575378416
1788862808940578600,46.71057861328125,-2.3995886138916016,-2.6912323036193846,2.3024738090515133
1788862808950584300,46.72058422851563,-2.6192566162109374,-1.976712745666504,2.328361114501953
1788862808960590600,46.73059057617188,-2.653224352264404,-1.958157682800293,2.2723966506958004
1788862808970596600,46.7405966796875,-2.7741315361022947,-2.4142530990600584,2.0738275505065915
1788862808980602600,46.7506025390625,-3.3815105697631833,-2.972401361083984,1.7516577896118164
1788862808990609400,46.760609375,-3.90060341720581,-3.592948503875732,1.5415665939331054
1788862809000615700,46.77061572265625,-4.22621484298706,-4.385129978179932,1.4499883804321287
1788862809010621400,46.78062133789062,-5.501576139831543,-4.6067432693481445,0.8423100715637206
1788862809020627500,46.79062744140625,-7.017405065917968,-4.3637318008422845,0.24136545486450195
1788862809030633500,46.80063354492187,-8.79749400024414,-4.142567422485351,1.0830769760131835
1788862809040639500,46.81063940429687,-12.711864076995848,-3.902548706054687,3.2185552192687985
1788862809050645500,46.8206455078125,-17.292869678497315,-3.8845921936035155,6.277447115325927
1788862809060652500,46.830652587890626,-19.281703070068357,-5.224596935272216,10.09335564880371
1788862809070658600,46.840658447265625,-17.49308479232788,-8.27406166229248,13.107805176544188
1788862809080664300,46.850664306640624,-13.715932398223876,-11.915642387390136,13.543849153900146
1788862809090670600,46.860670654296875,-9.134328246307373,-14.152425288391113,11.402983956909178
1788862809100676600,46.870676513671874,-5.45892942276001,-13.08161859588623,8.313117076873779
1788862809110682400,46.880682373046874,-5.829731404876709,-9.48029038619995,5.201103831481933
1788862809120688400,46.8906884765625,-7.314136434173584,-5.559485892486572,2.2436662307739255
1788862809130695700,46.90069580078125,-7.163750642395019,-1.5432126075744628,1.023371572113037
1788862809140701400,46.91070141601563,-7.576600791168213,0.49425300521850585,0.91293902053833
1788862809150707500,46.92070751953125,-9.663147537994384,-0.4939537300109863,0.7481880187988281
1788862809160713500,46.93071337890625,-10.268730920410155,-2.0527286483764646,0.8271966735839843
1788862809170719700,46.9407197265625,-8.368333352661132,-2.533813544464111,1.5171756645202636
1788862809180725500,46.9507255859375,-5.9105357109069825,-3.086874127960205,2.4352023635864257
1788862809190732500,46.96073266601562,-4.550329892730713,-4.4668321098327635,2.8953379951477047
1788862809200738300,46.97073828125,-4.779275426483154,-5.613505067443847,2.373102758026123
1788862809210744600,46.98074462890625,-4.988768071746826,-5.36286208114624,1.3195043899536132
1788862809220750600,46.99075048828125,-4.031386682891846,-4.050839571380615,1.455076058959961
1788862809230756600,47.00075659179687,-3.2134675407409667,-3.182642194366455,2.3020248962402343
1788862809240762400,47.01076245117188,-3.332130160522461,-3.1262288177490234,2.573467509460449
1788862809250768400,47.02076831054688,-4.548085328674316,-3.3755250656127926,1.5728408531188964
1788862809260775700,47.030775634765625,-5.222801284027099,-2.7641058166503907,-0.5545569595336913
1788862809270781400,47.040781494140624,-4.563498001861572,-1.438316647338867,-2.1095909378051756
1788862809280787500,47.050787353515624,-4.3825861389160155,-0.11103110198974608,-2.504484574127197
1788862809290793500,47.06079345703125,-6.252307997894286,1.2657844902038573,-2.791788773345947
1788862809300799500,47.070799560546874,-7.824251025390624,1.5607202072143553,-2.6581623931884764
1788862809310805500,47.08080541992187,-8.320150044250488,0.7308300567626953,-1.3648445838928223
1788862809320812500,47.0908125,-8.226925817108153,-0.4629787460327148,0.8494926765441894
1788862809330818300,47.100818359375,-8.381351824188233,-2.1398177337646485,2.8119898498535156
1788862809340824600,47.110824462890626,-9.094375006103515,-3.7626375465393065,3.769221601104736
1788862809350830600,47.12083056640625,-9.656563483428954,-4.30896443786621,3.6557962974548337
1788862809360836600,47.13083666992188,-10.229376230621337,-3.5420717185974118,2.540247961425781
1788862809370842400,47.14084228515625,-10.536731868743896,-2.4096143333435056,2.126499987030029
1788862809380848400,47.150848388671875,-10.311676912689208,-1.8474258560180663,3.3482910217285156
1788862809390855400,47.16085546875,-10.395025057983398,-2.032677209472656,4.0800189041137696
1788862809400861400,47.170861328125,-10.516381154632567,-1.3187562019348145,3.447051840209961
1788862809410867500,47.18086743164063,-10.871171913146972,0.4748001167297363,3.0132524269104004
1788862809420873500,47.19087353515625,-10.669310785675048,1.2508207298278808,3.9668928756713866
1788862809430879500,47.20087939453125,-9.153182584381103,0.03800795135498047,5.352237811279297
1788862809440885500,47.21088549804688,-8.486547059631347,-1.8254291282653807,5.2748751701354974
1788862809450891500,47.2208916015625,-8.093897987365722,-2.696170344543457,3.2837972145080565
1788862809460898300,47.23089819335937,-6.433519136047363,-3.1507693847656246,2.114080065917969
1788862809470904600,47.240904541015624,-6.372466993713378,-3.9041947196960445,2.2234651542663575
1788862809480910600,47.25091064453125,-7.149385432434082,-4.323030372619629,1.9047370582580565
1788862809490916600,47.26091650390625,-7.3371806251525875,-3.750067987823486,0.4317044868469238
1788862809500922400,47.27092236328125,-5.896020863342285,-2.878728221130371,-0.20081366424560546
1788862809510928600,47.2809287109375,-5.347000495147705,-2.1205144828796385,0.053420624542236325
1788862809520935400,47.290935302734376,-6.4469865203857415,-1.8789993904113769,0.3826233528137207
1788862809530941400,47.30094140625,-6.899640271759033,-1.9128174888610838,0.5764040496826172
1788862809540947500,47.310947509765626,-6.011092180633544,-2.143259398651123,1.0860697280883789
1788862809550953700,47.32095361328125,-5.316025511169434,-2.5016414596557617,1.8321628204345701
1788862809560959500,47.33095947265625,-5.007023859405518,-3.093607820129394,2.5098715278625487
1788862809570965500,47.340965576171875,-5.610063402557373,-3.764133922576904,2.8067525337219235
1788862809580971500,47.350971435546874,-6.490381425476074,-4.433462924194336,2.6755203552246094
1788862809590978600,47.360978515625,-6.7645175155639645,-4.857535893249511,2.634220376586914
1788862809600984600,47.37098461914063,-7.012616662597656,-5.078400996398925,3.0819360870361328
1788862809610990600,47.38099047851563,-6.987627182769775,-5.304653053283691,3.6447231147766113
1788862809620996400,47.39099633789063,-6.785915692901611,-5.702240166473389,4.160224659729003
1788862809631002400,47.40100244140625,-7.615955480957031,-6.519411120605469,4.316446318054199
1788862809641008600,47.41100854492188,-8.69544115447998,-7.608024687957763,4.151096765899658
1788862809651014700,47.4210146484375,-8.220042487335204,-8.647257846069335,4.461594793701171
1788862809661021400,47.431021484375,-7.353940036773682,-9.509020806121825,5.168782109069824
1788862809671027500,47.44102734375,-7.773972790527344,-9.812186591339112,4.722862049865722
1788862809681033700,47.45103369140625,-7.622090622711181,-9.627084875488281,3.7297172737121578
1788862809691039500,47.46103955078125,-7.174973462677001,-8.816348338317871,3.3090859695434567
1788862809701045500,47.47104541015625,-7.502679814910889,-7.729380784606933,3.558681492614746
1788862809711051500,47.48105151367187,-7.573009488677978,-6.683713209533691,4.535964682769775
1788862809721058600,47.49105859375,-7.004087319183349,-6.329221726226806,6.003460662841796
1788862809731064600,47.501064697265626,-6.481852082061767,-6.4932245399475095,6.761375125885009
1788862809741070600,47.511070556640625,-6.2018801254272455,-6.658274816894531,6.497115117645263
1788862809751076400,47.521076416015624,-5.660341637420654,-6.992415586090088,5.914127013397216
1788862809761082400,47.531082275390624,-5.108328517150879,-7.622988448333739,5.459378335571289
1788862809771088600,47.541088623046875,-5.289838930511475,-8.14058491973877,4.728548278808593
1788862809781094700,47.5510947265625,-5.449352616119384,-8.589797006225586,3.8310219314575193
1788862809791101400,47.56110131835938,-5.084985050964355,-9.169493083190918,3.4591724861145017
1788862809801107500,47.571107421875,-5.211428826141357,-9.66015478591919,3.4198177963256833
1788862809811113500,47.58111352539063,-6.329072088623047,-9.853785845184326,3.2591070098876953
1788862809821119500,47.591119384765626,-7.654412345123291,-9.850044905090332,2.8721441665649414
1788862809831125500,47.60112548828125,-7.3861121215820305,-9.775974291229247,3.2133179031372068
1788862809841131500,47.61113159179688,-6.3049804344177245,-9.138817374420166,4.408174169158936
1788862809851138600,47.621138671875,-6.4646437576293945,-8.126518984985351,4.987570970916748
1788862809861144600,47.63114453125,-6.431723484802245,-8.032845845031737,5.124788653564453
1788862809871150600,47.64115063476562,-6.451176373291015,-8.322244970703125,4.6453497711181635
1788862809881156400,47.65115625,-5.661987651062011,-8.62496184310913,4.345027100372314
1788862809891162400,47.66116235351563,-5.108478154754638,-8.591443019866944,4.554519745635986
1788862809901168600,47.67116870117187,-5.569810887145996,-8.564508251190185,4.75653051071167
1788862809911174700,47.68117456054687,-6.5683426170349115,-8.762478800964354,4.529829541015625
1788862809921181400,47.691181396484374,-6.791153009033203,-8.975413111114502,4.295646691131592
1788862809931187700,47.701187744140626,-6.331316652679443,-8.949825080871582,4.825962358856201
1788862809941193500,47.711193359375,-5.941361057281494,-8.566603177642822,5.897068326568603
1788862809951199500,47.721199462890624,-5.941660332489013,-8.022071937561035,6.043563540649414
1788862809961205500,47.73120556640625,-6.311115576171875,-7.380874805450439,4.924573539733887
1788862809971211500,47.74121142578125,-5.962160684204101,-6.969969945526123,4.1006688934326165
1788862809981217500,47.75121752929687,-4.611232397460937,-7.072920616912842,4.722113861846924
1788862809991224600,47.761224609375,-4.436006763458252,-7.687781530761718,5.5644239334106445
1788862810001230000,47.77122998046875,-5.674557209777832,-8.292616725158691,4.808305121612548
1788862810011235800,47.78123583984375,-5.531204385375976,-8.987084844207763,3.6891654830932614
1788862810021241900,47.791241943359374,-4.556315396881104,-9.111583330535888,3.8742671989440916
1788862810031248000,47.80124780273437,-4.049642470550537,-8.135497241210937,4.316895230865478
1788862810041254000,47.81125390625,-4.40503177947998,-6.872705503082275,3.6686651313781735
1788862810051261000,47.82126098632813,-5.287444728851318,-5.950788226318359,2.6200048042297364
1788862810061267000,47.83126684570313,-5.5668181350708,-5.083189399719238,2.129193463897705
1788862810071273000,47.84127294921875,-5.142146615600586,-4.422090466308593,2.1966800231933594
1788862810081278700,47.85127880859375,-4.802918167877197,-4.572326620483398,2.8675054008483887
1788862810091285000,47.861284912109376,-5.639990923309326,-5.596296743011474,3.788225576782226
1788862810101291000,47.871291015625,-7.002291667938232,-6.7268088394165035,4.219481150817871
1788862810111296800,47.881296875,-6.997952177429199,-7.457189983367919,4.492719415283203
1788862810121303800,47.8913037109375,-6.423643054199219,-7.838466597747802,5.281309587097168
1788862810131310000,47.90131005859375,-6.679523356628418,-8.004265062713623,6.3335612167358395
1788862810141315800,47.91131591796875,-7.914781775665283,-8.131606663513184,6.593182459259033
1788862810151321900,47.92132177734375,-8.80482624282837,-8.504802847290039,5.923703820037842
1788862810161327900,47.93132788085938,-8.589497731018065,-8.796147261810303,4.971260472106933
1788862810171334000,47.941333984375,-6.9545572723388664,-8.578873461151122,4.687846850585937
1788862810181340000,47.95133984375,-5.933130989074707,-7.90385823059082,4.899434422302246
1788862810191347000,47.961346923828124,-6.906074688720703,-7.179013677978515,4.808903672027587
1788862810201353000,47.97135302734375,-7.647678652954101,-6.968473569488525,4.84556488494873
1788862810211358700,47.98135864257812,-7.14444739151001,-7.1504328956604,5.387851560974121
1788862810221365000,47.99136499023437,-6.688501612854004,-7.585429409790039,5.998522621917724
1788862810231371000,48.00137109375,-7.607575775146484,-7.923760031890868,5.890633909606933
1788862810241376800,48.01137670898437,-8.78507407913208,-7.739705779266357,4.885218849945068
1788862810251382800,48.0213828125,-7.950245887756347,-7.005733332824707,4.300135819244384
1788862810261390000,48.03139013671875,-6.6717422012329095,-5.965452711486816,4.5325230178833005
1788862810271395800,48.041395751953125,-6.478111141967773,-5.046528186798096,4.614674062347412
1788862810281401900,48.05140185546875,-6.142623634338379,-4.392911133575439,4.339191233825684
1788862810291408000,48.061407958984375,-4.994603938293457,-3.676745561981201,3.95192911529541
1788862810301414000,48.071413818359375,-4.350264416503906,-2.931101382446289,3.5289036094665525
1788862810311420000,48.081419921875,-4.7469537040710446,-2.2234651542663575,2.9870658462524413
1788862810321426000,48.091426025390625,-5.137507849884033,-1.6885107208251953,2.5157073944091795
1788862810331432700,48.1014326171875,-4.9175405723571775,-1.7360954788208007,2.382679564666748
1788862810341438700,48.11143872070313,-5.4013189453125,-2.0766706649780273,2.385971591949463
1788862810351445000,48.12144506835938,-6.246023218536377,-2.730586993408203,2.31758720703125
1788862810361451000,48.13145092773438,-6.749104842376709,-3.7413890068054196,2.2480057212829587
1788862810371456800,48.14145678710938,-7.091774954986572,-4.4458828453063965,2.2541408630371094
1788862810381462800,48.151462890625,-7.736413751983642,-4.68590156173706,2.231844860076904
1788862810391470000,48.16146997070312,-9.082403997802734,-4.544942938995361,1.9883844787597655
1788862810401475800,48.17147583007812,-8.71444513015747,-4.388422005462647,2.3056161987304686
1788862810411481900,48.18148193359375,-7.714117749023437,-4.583100527954102,3.4145804801940915
1788862810421487900,48.19148779296875,-7.191732874298095,-5.428702626800537,3.755454941558838
1788862810431494000,48.20149389648437,-7.089979303741455,-5.9132291877746574,2.888753940582275
1788862810441500000,48.2115,-7.855525284576416,-5.06942274017334,1.5034090049743651
1788862810451506000,48.221505859375,-6.824971107482909,-3.4524387939453125,0.7963713272094726
1788862810461512700,48.2315126953125,-7.345111418151855,-1.6787842765808105,0.21293431015014647
1788862810471519000,48.24151904296875,-9.13492679672241,-0.19467852249145506,0.08469488372802735
1788862810481525000,48.25152490234375,-9.152733671569823,-0.08080430603027343,1.7884686401367187
1788862810491531000,48.261531005859375,-9.605985973358154,-1.077540384674072,3.374776877593994
1788862810501536800,48.271536865234374,-10.752808568572997,-2.0872949348449708,3.2302269523620604
1788862810511542800,48.28154272460937,-9.546130931854247,-1.9726725303649901,3.4275989517211913
1788862810521549000,48.291549072265624,-7.4699091796875,-2.6336218261718747,4.637119702911376
1788862810531555800,48.30155590820313,-7.842806088256835,-4.441094441986084,4.588038568878174
1788862810541561900,48.31156176757813,-9.449465039825439,-4.794089549255371,3.3749265151977537
1788862810551568000,48.32156787109375,-10.231321519470214,-3.787627026367187,2.2212205902099607
1788862810561574000,48.33157397460938,-9.827000714111328,-3.674800273132324,2.2692542610168456
1788862810571580000,48.341579833984376,-8.933364944458008,-4.472518338775634,2.3108535148620604
1788862810581586000,48.3515859375,-8.935459870910645,-5.0568531814575195,1.524507907104492
1788862810591592000,48.361592041015626,-9.355342987060546,-4.750993919372558,0.7312789695739745
1788862810601599000,48.37159887695312,-8.002768686676024,-4.543745838165283,1.4935329231262207
1788862810611605000,48.38160498046875,-7.358129889678954,-4.874893855285644,1.8360533981323242
1788862810621610800,48.39161083984375,-7.172130348205566,-4.174739507293701,0.33039982910156246
1788862810631616800,48.40161669921875,-6.015730946350097,-3.337517114257812,-0.34446576385498046
1788862810641622800,48.41162280273438,-5.834220532989502,-2.4818892959594727,-0.0962169792175293
1788862810651629000,48.42162915039062,-5.192275212860107,-1.814355945587158,0.6227917068481444
1788862810661634800,48.431634765625,-4.887014501190185,-1.4459481651306152,0.9279027809143066
1788862810671641900,48.441641845703124,-5.10743069152832,-1.183633445739746,0.5165490081787109
1788862810681647900,48.45164794921875,-5.883002391815185,-0.5443816024780274,-0.44502223358154297
1788862810691654000,48.46165380859375,-6.4166100868225096,0.6649895111083984,-1.5734394035339354
1788862810701660000,48.471659912109374,-5.619490571594238,1.3536217636108399,-1.1311106468200682
1788862810711666000,48.481666015625,-5.2444987365722655,1.0633248123168946,0.37663784866333005
1788862810721672000,48.491671875,-5.0662803504943845,0.4339490509033203,1.5445593460083007
1788862810731677700,48.501677734375,-4.881477909851074,-0.1452981132507324,2.164956851196289
1788862810741685000,48.51168505859375,-5.396081629180908,-0.5975029518127442,2.0328268470764157
1788862810751690800,48.521690673828125,-5.722441242980957,-0.8589198455810546,1.642123063659668
1788862810761696800,48.53169677734375,-6.2207344635009765,-1.0534487304687499,1.6150386573791502
1788862810771703000,48.541703125,-6.141426533508301,-1.2708721687316893,2.1589713470458984
1788862810781709000,48.551708984375,-6.112696113586425,-1.7414824325561522,3.1453824310302734
1788862810791714800,48.56171484375,-7.160458615112304,-2.459144380187988,3.8142625198364257
1788862810801720800,48.571720947265625,-7.766041997528076,-3.252672592926025,4.237587300872803
1788862810811728100,48.58172802734375,-7.5068696678161615,-4.6267947082519525,4.714332706451415
1788862810821734000,48.59173388671875,-8.014590057373047,-6.649146923065185,4.793490998840332
1788862810831740000,48.60173999023438,-9.141211576080321,-8.379107260131835,4.308515525054931
1788862810841746000,48.61174584960938,-9.205106832885741,-9.087192401123046,3.425354387664795
1788862810851751700,48.62175170898438,-8.019827373504638,-9.075071755218506,3.0807389862060544
1788862810861758000,48.63175805664063,-8.309974687194824,-8.34469061126709,3.079242610168457
1788862810871764000,48.64176391601563,-9.489867192840576,-7.268048052215576,3.047968350982666
1788862810881770800,48.65177075195312,-10.129867224121092,-6.200832662200927,3.5607764190673827
1788862810891776800,48.66177685546875,-10.52775361251831,-5.467758041381836,4.754734859466552
1788862810901783000,48.67178295898437,-10.70597199859619,-5.29926609954834,5.996128420257568
1788862810911789000,48.6817890625,-10.443058728790282,-5.736207902526855,6.97834965133667
1788862810921794800,48.691794921875,-10.245237816619872,-6.5774705108642575,7.017105790710449
1788862810931800800,48.70180078125,-9.252392315673827,-7.697059062194824,6.243329741668701
1788862810941806800,48.71180688476562,-7.339275551605224,-8.583512226867676,5.635052882385254
1788862810951814000,48.72181396484375,-6.126462773132324,-9.71073229598999,5.649418092346191
1788862810961820000,48.73181982421875,-6.3329626663208005,-10.986243230438232,5.084685775756836
1788862810971826000,48.741825927734375,-6.303184783172607,-11.934496725463866,3.9636008483886718
1788862810981831700,48.751831787109374,-5.410596476745605,-12.281655966186523,3.4350808319091795
1788862810991838000,48.761837890625,-5.669918444061279,-11.25603983001709,3.5794811195373533
1788862811001844000,48.771843994140625,-7.039701068878173,-9.036315615844726,3.146429894256592
1788862811011850200,48.781850341796876,-6.853402252197265,-7.078307570648193,2.2563854270935058
1788862811021857000,48.79185693359375,-5.483021076965332,-5.521627578735351,1.4936825607299804
1788862811031863000,48.80186303710938,-3.9076363845825193,-4.26482134475708,1.6297031425476074
1788862811041868800,48.81186889648438,-2.4652795219421386,-3.5072061569213866,3.168426622009277
1788862811051875000,48.821875,-2.681954772186279,-3.121141139221191,4.582202702331543
1788862811061881000,48.83188110351563,-3.2227450721740722,-3.3550247138977047,4.815038813781738
1788862811071887000,48.84188720703125,-3.1229367904663086,-4.34757093963623,4.318241969299316
1788862811081892900,48.851892822265626,-3.1006407875061033,-5.676801773834228,3.8893805969238278
1788862811091900200,48.86190014648437,-3.9311294883728025,-6.519860033416748,3.19850378036499
1788862811101906200,48.87190625,-4.135983367919922,-6.922085912322998,2.417694763946533
1788862811111912000,48.88191186523437,-3.9673417884826656,-7.090428216552734,2.1537340309143067
1788862811121918000,48.89191796875,-4.9832314804077145,-7.001842755126953,1.7483657623291016
1788862811131924000,48.90192407226562,-6.3447840370178215,-7.435642168426513,1.5812205589294432
1788862811141930000,48.91192993164063,-8.17141026611328,-8.89386061706543,2.480991470336914
1788862811151936000,48.92193603515625,-10.256759912109374,-11.405677433776855,5.034557178497314
1788862811161943000,48.931943115234375,-10.877007779693603,-14.404415013122557,8.585307878112792
1788862811171948800,48.94194873046875,-10.914267543029785,-17.176601260375975,11.470769791412353
1788862811181955000,48.951955078125,-11.372906798553466,-18.69916387863159,11.419144818115234
1788862811191961000,48.961961181640625,-10.608109005737305,-16.782455812072754,8.065317205047608
1788862811201967000,48.971967041015624,-7.430255214691162,-14.016404706573486,4.8397290184021
1788862811211972900,48.98197290039062,-4.003254813385009,-11.934945638275146,3.11560454788208
1788862811221979000,48.99197875976562,-2.0364181495666505,-10.0740523979187,2.929305731201172
1788862811231986000,49.00198583984375,-2.558653386688232,-9.064746760559082,3.5289036094665525
1788862811241992000,49.01199194335938,-3.3451486320495603,-8.84163709335327,4.7572786987304685
1788862811251998000,49.021998046875,-3.363254782104492,-8.653243350219727,5.649118817138672
1788862811262004000,49.03200390625,-2.8688521392822266,-8.078036401367187,5.379920767974853
1788862811272010000,49.042010009765626,-2.5604490379333495,-7.157914775848388,3.744531396484375
1788862811282016000,49.05201611328125,-2.0952257278442383,-5.98804798965454,1.83859723739624
1788862811292022000,49.06202197265625,-1.2032359718322754,-4.7370776222229,0.6778583450317383
1788862811302028800,49.07202880859375,-0.8758288948059082,-3.490895658111572,-0.15741875915527342
1788862811312035000,49.08203515625,-1.3154641746520996,-2.601000828552246,-0.9154828598022461
1788862811322041000,49.092041015625,-1.3370119895935058,-2.3401824851989743,-1.1355997749328612
1788862811332047000,49.10204711914062,-0.7644985176086425,-2.8664579376220702,-0.5761047744750977
1788862811342052900,49.11205297851563,-0.6869862388610839,-4.211849633026123,0.8644564369201659
1788862811352059100,49.12205908203125,-2.0278888061523435,-5.936123741149902,2.1842601020812986
1788862811362065200,49.13206518554688,-3.6010289344787596,-7.260117259216308,2.3292589401245114
1788862811372072000,49.142072021484374,-4.72435842590332,-8.166322587585448,1.5988777961730956
1788862811382078000,49.15207788085937,-5.27322915649414,-8.68287159576416,0.7460930923461914
1788862811392084200,49.162084228515624,-5.103839389038086,-8.71399621734619,0.8448539108276367
1788862811402090000,49.17209008789062,-5.442020373535156,-8.399607611846923,1.1972504676818847
1788862811412096000,49.18209594726562,-5.434837768554687,-8.643666543579101,1.803582038116455
1788862811422102000,49.19210205078125,-5.499181938171386,-9.492411032104492,3.146878807067871
1788862811432108000,49.20210791015625,-6.526893000793456,-10.5843166267395,4.691138877868652
1788862811442115000,49.212114990234376,-7.497292861175537,-11.420790831756591,6.081721129608154
1788862811452121000,49.22212109375,-7.946654585266113,-11.34522384185791,7.08025285949707
1788862811462126800,49.232126953125,-7.817816608428955,-9.954192677307129,7.190535773468017
1788862811472132900,49.2421328125,-6.824222919464111,-7.975833917999267,6.51881257019043
1788862811482139100,49.25213916015625,-5.638494547271728,-6.431573847198486,5.603180072784424
1788862811492145200,49.262145263671876,-4.583250165557861,-5.925948384094238,4.59013349533081
1788862811502151000,49.27215087890625,-4.033780884552002,-6.477362953948974,3.8781577766418454
1788862811512158000,49.28215795898438,-4.5988124763488765,-7.602937009429931,3.3138743728637694
1788862811522164200,49.29216430664062,-4.731391393280029,-8.598625624847411,2.8357822288513184
1788862811532170000,49.302169921875,-4.260781129455566,-9.066841687011719,3.077746234130859
1788862811542176000,49.31217602539063,-4.583699078369141,-9.296535408782958,3.6701615074157714
1788862811552182000,49.32218212890625,-5.0583495574951165,-9.361328491210937,3.2576106338500974
1788862811562188000,49.33218798828125,-4.579209950256347,-9.21872385482788,2.7052982383728024
1788862811572194000,49.34219409179688,-4.13044677658081,-8.556278182983398,2.734028658294678
1788862811582201000,49.352201171875,-3.904793270111084,-7.6844895034790035,2.7084406280517577
1788862811592206800,49.36220678710937,-3.6406828994750975,-7.011868474578857,1.8936638755798338
1788862811602212900,49.372212890625,-2.8383260681152342,-6.747608466339111,1.3946224670410154
1788862811612219100,49.38221923828125,-2.3861212295532224,-7.144297753906249,2.3165397438049316
1788862811622225200,49.39222509765625,-3.003974895477295,-8.028057441711425,2.785503993988037
1788862811632231000,49.40223095703125,-3.5519478004455562,-8.76502264022827,2.379836450195312
1788862811642237000,49.41223681640625,-4.056226525115966,-8.789114294433594,1.8008885612487793
1788862811652244000,49.422243896484375,-3.675398823547363,-8.078186038970946,1.704073031616211
1788862811662250000,49.43225,-3.247734552001953,-7.19472562637329,1.8020856620788572
1788862811672256000,49.442256103515625,-3.4413656112670896,-6.925826852416992,1.4348749824523925
1788862811682262000,49.452261962890624,-3.733458213806152,-7.16300245437622,1.0699088668823242
1788862811692267800,49.46226782226562,-4.186860153198242,-7.60353555984497,1.0435726486206054
1788862811702274000,49.472274169921874,-4.284274233245849,-8.214954808807372,1.479915901184082
1788862811712280000,49.482280029296874,-4.297891255187988,-8.824428768920898,3.0918121688842772
1788862811722286800,49.49228686523438,-5.188683910369873,-9.469815753936768,5.227440049743652
1788862811732293000,49.50229321289063,-6.553079581451415,-10.478672478485107,6.376507209014892
1788862811742299100,49.51229907226563,-7.8152727691650385,-10.830769760131835,5.248838227081299
1788862811752305200,49.52230517578125,-6.489034687042236,-9.738265615081787,3.775656018066406
1788862811762311000,49.532310791015625,-4.793490998840332,-8.476670977783202,3.6982933769226074
1788862811772317000,49.54231689453125,-4.726004439544678,-8.315810553741455,4.1569326324462885
1788862811782323200,49.5523232421875,-4.457554578399658,-9.003245705413818,3.978564608764648
1788862811792329000,49.562328857421875,-3.6578912239074706,-9.513210659027099,3.717147714996338
1788862811802336000,49.5723359375,-4.207959055328369,-9.676914197540283,3.2022447204589843
1788862811812342000,49.58234204101562,-4.526238238525391,-9.463082061767578,2.883217349243164
1788862811822348000,49.59234814453125,-3.984999025726318,-8.658181391143799,2.911947769165039
1788862811832354000,49.60235400390625,-3.8563106864929195,-7.740005054473876,2.5014918220520017
1788862811842360000,49.61236010742188,-3.4677018295288082,-6.937498585510253,2.0796634170532227
1788862811852366000,49.62236596679688,-3.1114146949768067,-6.650643299102783,2.1709423553466793
1788862811862371800,49.63237182617188,-3.2887352554321287,-6.803872205352783,2.2390274650573727
1788862811872379100,49.642379150390624,-3.4585739356994627,-7.090577854156494,2.3337480682373046
1788862811882385000,49.652385009765624,-4.004900827026367,-7.429806301879882,2.2565350646972653
1788862811892391000,49.66239086914062,-4.3071687866210935,-7.7605054061889645,2.2156839988708494
1788862811902397000,49.67239697265625,-4.420743727874756,-8.095992913818359,2.501940734863281
1788862811912403200,49.6824033203125,-5.10129554977417,-8.398709786224364,2.609829447174072
1788862811922409000,49.69240893554687,-4.632331299591065,-8.566603177642822,3.0807389862060544
1788862811932415000,49.7024150390625,-4.555417571258545,-8.719233533477782,3.118148387145996
1788862811942422000,49.712422119140626,-4.977994164276123,-9.065195673370361,2.485480598449707
1788862811952428000,49.722427978515626,-4.316745593261719,-9.56962403564453,2.660855870056152
1788862811962434000,49.73243408203125,-4.0343794349670405,-9.928006096649169,3.088669779205322
1788862811972440000,49.742440185546876,-4.674529103851318,-9.938480728912353,2.35574479598999
1788862811982446000,49.752446044921875,-3.796006732177734,-10.052354945373535,2.217479650115967
1788862811992451800,49.762451904296874,-3.7114614860534667,-10.166528437042235,2.523039636993408
1788862812002458000,49.7724580078125,-5.206041872406005,-9.883713365936279,2.1441572242736817
1788862812012465000,49.78246484375,-4.9337014335632325,-9.701155489349365,2.3114520652770993
1788862812022471000,49.79247094726563,-4.293701402282714,-9.405770859527587,3.2263363746643066
1788862812032477000,49.80247680664063,-5.034257903289794,-8.992022885131835,3.5289036094665525
1788862812042483200,49.81248315429688,-5.368398672485351,-8.557475283813476,2.9671640449523924
1788862812052489000,49.82248901367188,-4.53282229309082,-8.409034780883788,2.967463320159912
1788862812062495000,49.832494873046876,-4.631882386779785,-8.398709786224364,3.4382232215881348
1788862812072501000,49.8425009765625,-5.11386510848999,-8.582464763641356,3.0635306617736813
1788862812082508000,49.85250805664062,-3.7448306716918944,-8.86872149963379,2.8383260681152342
1788862812092514000,49.86251416015625,-3.2040403717041013,-8.738536784362793,2.668188112640381
1788862812102520000,49.87252001953125,-4.482544058227539,-8.168267876434326,1.9499276145935058
1788862812112525800,49.88252587890625,-3.9508816520690915,-7.546373995208739,2.0875942100524902
1788862812122532000,49.89253198242187,-3.293673296356201,-7.194426351165771,2.788197470855713
1788862812132538000,49.9025380859375,-4.400991564178467,-7.065139461517334,2.8368296920776364
1788862812142544100,49.91254418945312,-4.745307690429687,-7.619846058654785,3.070413991546631
1788862812152550000,49.9225498046875,-4.7101428535461425,-8.647257846069335,3.770568339538574
1788862812162557200,49.93255712890625,-5.989993278503418,-9.336937561798095,3.571251051330566
1788862812172563200,49.942563232421875,-6.253654736328125,-9.011924686431884,2.7717373344421383
1788862812182569000,49.95256884765625,-5.096956059265136,-8.24248812789917,2.2617723808288575
1788862812192575000,49.962574951171874,-4.276493077850342,-7.79537096786499,2.570923670196533
1788862812202581000,49.9725810546875,-4.447528858947754,-8.081178791046142,2.708889540863037
1788862812212587000,49.9825869140625,-3.930830213165283,-8.43297679748535,2.4973019691467284
1788862812222593000,49.99259301757812,-3.1248820793151855,-8.103175518798828,2.3383868339538574
1788862812232600000,50.00260009765625,-3.322254078674316,-7.534402986907959,1.928679074859619
1788862812242605800,50.012605712890625,-3.9824551864624023,-7.45075556640625,1.4640543151855467
1788862812252612000,50.02261206054688,-3.8200983863830564,-7.57869571762085,1.527650296783447
1788862812262618000,50.0326181640625,-3.5516485252380368,-7.630619966125487,1.6941969497680662
1788862812272624000,50.0426240234375,-3.9305309379577635,-7.263708561706543,1.498470964050293
1788862812282630000,50.0526298828125,-4.580107775878906,-6.675632778930663,1.2668319534301757
1788862812292636000,50.062635986328125,-4.573523721313476,-6.170605866241455,1.5556325286865234
1788862812302643000,50.07264282226563,-3.8991070411682127,-6.116586691284179,2.5215432609558106
1788862812312649000,50.08264892578125,-4.708496839904785,-6.181230136108398,2.694823606109619
1788862812322655000,50.09265502929688,-5.4242134986877435,-6.337002881622314,2.0540753868103026
1788862812332661000,50.10266088867188,-4.8618753837585444,-6.433070223236084,1.9770120208740234
1788862812342667000,50.1126669921875,-4.229806145477295,-7.014861226654053,2.9077579162597655
1788862812352673000,50.12267309570313,-4.709245027923584,-8.31955149383545,3.1015386131286617
1788862812362679000,50.13267895507813,-4.335450293731689,-8.900743946838379,2.5807997520446775
1788862812372685800,50.14268579101562,-3.694402799224853,-8.76562119064331,2.3946505729675294
1788862812382692000,50.152692138671874,-4.843170683288574,-8.945635227966308,1.9508254402160643
1788862812392698000,50.16269799804687,-5.783194110107422,-8.91780263366699,1.412130066680908
1788862812402704100,50.1727041015625,-4.095132302093505,-8.885630548858643,2.372953120422363
1788862812412710000,50.1827099609375,-4.382436501312256,-8.935160595703124,2.7911902229309082
1788862812422716000,50.1927158203125,-5.535992788696289,-8.767267204284668,2.3159411933898926
1788862812432722200,50.20272216796875,-5.3205146392822265,-8.646659295654297,1.9843442634582518
1788862812442728000,50.21272802734375,-3.9817069984436033,-9.035717065429687,2.4239795433044433
1788862812452735000,50.22273486328125,-4.3430818115234375,-9.364021968078612,2.212092696380615
1788862812462741000,50.232740966796875,-4.8695069015502925,-9.469666116333007,1.4481927291870116
1788862812472747000,50.2427470703125,-4.761767826843261,-9.483582413482665,1.0482114143371581
1788862812482753000,50.2527529296875,-5.039345581817627,-9.48133784942627,0.7986158912658691
1788862812492759000,50.262759033203125,-5.2639516250610345,-9.600449382019042,0.8387187690734863
1788862812502765000,50.27276513671875,-4.777479775238037,-9.496451247406005,1.0034697708129883
1788862812512771000,50.28277099609375,-4.266916271209716,-9.1163717338562,0.7676409072875976
1788862812522778000,50.29277807617188,-4.1745898696899415,-8.878747219085692,0.13676876983642577
1788862812532783900,50.30278393554688,-4.270806848907471,-8.889970039367675,-0.11671733093261719
1788862812542790000,50.312789794921876,-4.525789325714111,-9.262717310333251,0.46402620925903315
1788862812552796200,50.32279614257813,-5.047276374816894,-10.126724834442138,1.6301520553588866
1788862812562802200,50.33280224609375,-5.918616141510009,-10.439916339111328,1.6813281158447264
1788862812572808000,50.342807861328126,-5.390245762634277,-9.714473236083984,0.7770680763244628
1788862812582814000,50.35281396484375,-3.724629595184326,-8.548197752380371,0.23852234039306638
1788862812592821200,50.3628212890625,-2.6809073089599607,-7.89772308883667,0.6554127044677734
1788862812602827000,50.37282690429687,-3.9100305862426756,-8.201637062072754,0.9389759635925292
1788862812612833000,50.3828330078125,-4.923376438903809,-8.885031998443603,1.3150152618408202
1788862812622839000,50.39283911132812,-4.097676141357422,-9.335890098571777,1.8733131614685057
1788862812632844800,50.4028447265625,-3.1664813331604003,-9.130587306213378,1.957409494781494
1788862812642851000,50.41285107421875,-3.520523903656006,-9.066991324615477,1.5102923347473143
1788862812652857000,50.42285717773437,-4.42433503036499,-9.73661960144043,0.5849333930969238
1788862812662863000,50.43286303710938,-4.863671035003661,-10.358064569854736,-0.10893617553710937
1788862812672870000,50.442869873046874,-4.491073401641845,-10.756699146270751,0.09816226806640624
1788862812682876200,50.452876220703125,-3.3463457328796387,-10.921300510406493,1.0821791503906248
1788862812692882200,50.462882080078124,-2.928557543182373,-10.925041450500487,1.16193599319458
1788862812702888000,50.47288793945312,-2.7174188842773437,-10.494683702087402,0.512059880065918
1788862812712894000,50.48289404296875,-2.3713071067810056,-9.85064345550537,0.17328034515380858
1788862812722900000,50.49289990234375,-2.156577145385742,-9.375992976379393,-0.15427636947631834
1788862812732906000,50.50290600585937,-2.252345211791992,-9.022548956298827,-0.3510498184204101
1788862812742913000,50.5129130859375,-2.4910171897888183,-8.782829515075683,-0.12449848632812499
1788862812752919000,50.5229189453125,-2.6116250984191893,-8.594735047149658,0.3872621185302734
1788862812762924800,50.5329248046875,-2.5555109970092773,-8.492532563781738,0.7555202613830566
1788862812772931000,50.54293115234375,-2.972401361083984,-8.329726850891113,0.4444236831665039
1788862812782937000,50.55293701171875,-3.0288147377014156,-8.078036401367187,0.033219548034667964
1788862812792943000,50.562943115234376,-2.527079852294922,-7.754220626831054,0.5168482833862305
1788862812802948900,50.572948974609375,-2.327762564086914,-7.582586295318603,1.182436344909668
1788862812812955000,50.582954833984374,-2.3855226791381834,-7.8261963142395015,1.1363479629516602
1788862812822962000,50.5929619140625,-2.6414029815673827,-8.203283075714111,0.8928875816345214
1788862812832968000,50.60296801757813,-3.2324715164184568,-8.470984748840332,1.0507552536010742
1788862812842974000,50.61297387695313,-3.7556045791625974,-8.737339683532714,1.1315595596313477
1788862812852980000,50.62297998046875,-4.220977526855468,-9.18759923324585,0.5612906517028808
1788862812862986000,50.63298608398438,-4.508730638885498,-10.124330632781982,-0.131531453704834
1788862812872992000,50.64299194335938,-4.455010739135742,-11.050587400054932,-0.277727392578125
1788862812882998000,50.652998046875,-3.9508816520690915,-11.442039371490479,0.17387889556884764
1788862812893004800,50.6630048828125,-3.6659716545104977,-11.449521251678465,0.18240823898315428
1788862812903011000,50.67301098632812,-3.6803368644714354,-11.14022032470703,-0.4156932632446289
1788862812913017000,50.68301708984375,-3.360112392425537,-10.368539202117919,-0.848445213317871
1788862812923023000,50.69302319335937,-2.7979239151000974,-9.37898572845459,-0.361973363494873
1788862812933028900,50.70302880859375,-2.513612467956543,-8.564208975982666,0.7053916641235352
1788862812943035100,50.71303515625,-2.443432431793213,-8.320898232269286,1.388636962890625
1788862812953041200,50.72304125976562,-2.321328147125244,-8.603713303375244,1.115249060821533
1788862812963048000,50.7330478515625,-2.2828712829589843,-8.603114752960204,0.3929483474731445
1788862812973054000,50.743053955078125,-2.3196821334838864,-8.42070651397705,0.031124621582031248
1788862812983060200,50.753060302734376,-2.2143372604370115,-8.17889214630127,-0.2415150924682617
1788862812993066000,50.76306591796875,-2.3973440498352048,-8.454374974822997,-0.5253776268005371
1788862813003071700,50.77307177734375,-2.9940988136291504,-9.612719665527344,-0.7519289588928222
1788862813013077800,50.78307788085937,-3.609558277893066,-11.067496449279785,-0.5798457145690917
1788862813023083800,50.79308374023437,-4.24506918106079,-11.999738720703125,0.2876034744262695
1788862813033089500,50.80308959960937,-4.064755868530273,-12.597540947723388,0.9085995300292968
1788862813043096800,50.81309692382813,-2.9435213035583496,-12.279860314941406,0.04668693237304687
1788862813053102800,50.823102783203126,-1.6160861206054686,-11.117475408935546,-1.1667243965148926
1788862813063108600,50.833108642578125,-0.8788216468811034,-10.231321519470214,-1.2159551681518554
1788862813073114600,50.843114501953124,-1.5093945091247558,-9.959280355834961,-0.21158757171630857
1788862813083120600,50.85312060546875,-2.744054377746582,-10.078541526031493,0.6839934867858887
1788862813093126700,50.863126708984375,-3.6768951995849606,-10.322450820159911,1.209071838378906
1788862813103132700,50.873132568359374,-3.9897874290466304,-10.306888509368896,1.4665981544494628
1788862813113139700,50.8831396484375,-3.6278140655517577,-9.881917714691161,1.0875661041259765
1788862813123145500,50.8931455078125,-3.1479262702941893,-9.452457791900635,0.7577648254394531
1788862813133151700,50.90315185546875,-3.219602682495117,-8.986336656188964,1.0673650276184081
1788862813143157800,50.91315771484375,-3.6296097167968746,-8.193257356262206,1.1499649848937987
1788862813153163800,50.92316381835938,-3.60072965927124,-7.680898200988769,0.7416039642333984
1788862813163169500,50.93316943359375,-3.0576947952270506,-7.616105118560791,0.46402620925903315
1788862813173175600,50.943175537109376,-2.7563246612548826,-7.747636572265624,0.5636848533630371
1788862813183181800,50.95318188476563,-3.268234903717041,-7.883357878875732,1.3684358863830566
1788862813193188600,50.96318872070312,-3.5461119338989255,-8.667458922576904,2.8775311203002927
1788862813203194600,50.97319458007812,-3.55598801574707,-9.251494490051268,3.52396556854248
1788862813213200600,50.98320068359375,-3.7581484184265133,-9.69187795791626,3.779995508575439
1788862813223206700,50.99320654296875,-3.988291053009033,-10.021230323791503,3.834164321136474
1788862813233212700,51.00321264648438,-3.5480572227478024,-10.113556725311279,3.093158907318115
1788862813243218700,51.01321875,-2.1474492515563965,-9.798270294189452,1.9283797996520995
1788862813253224700,51.023224609375,-1.2249334243774412,-9.062202921295166,1.0835258888244628
1788862813263230500,51.03323046875,-0.7022492744445801,-8.739135334777831,0.6419453201293945
1788862813273237800,51.04323779296875,-1.30229606552124,-8.986935206604004,0.22086510314941404
1788862813283243800,51.053243896484375,-2.801365579986572,-9.772382988739013,-0.24510639495849607
1788862813293249500,51.06324951171875,-2.603544667816162,-10.762235737609863,-0.6854898628234863
1788862813303255800,51.073255859375,-2.1396680961608885,-11.31963581161499,-0.74699091796875
1788862813313261800,51.08326171875,-2.0301333702087403,-11.248258674621582,-0.36391865234375
1788862813323267600,51.093267578125,-1.7477672119140624,-10.663026006317137,0.04668693237304687
1788862813333273600,51.10327368164062,-1.477970612335205,-9.973645565795898,0.6105214233398437
1788862813343281000,51.11328100585938,-1.3581108917236326,-9.325415466308593,1.3385083656311034
1788862813353286700,51.12328662109375,-1.2581529724121092,-8.841188180541991,1.8113631935119627
1788862813363292700,51.133292724609376,-1.130661734008789,-8.808267907714843,1.7847277000427244
1788862813373298700,51.143298583984375,-1.152957736968994,-9.112481156158447,1.582118384552002
1788862813383304700,51.1533046875,-1.2298714653015137,-9.69127940750122,1.6445172653198241
1788862813393310700,51.163310791015626,-1.729511424255371,-9.999682508850096,1.833509558868408
1788862813403316700,51.173316650390625,-2.1609166358947753,-9.813084416961669,1.6106991668701172
1788862813413323500,51.18332348632813,-1.897404815673828,-9.699808750915526,1.1578957778930663
1788862813423329500,51.19332958984375,-1.9399018951416014,-9.721955116271973,0.7966706024169922
1788862813433335800,51.20333569335938,-1.984194625854492,-9.881618439483642,0.7251438278198242
1788862813443341800,51.213341796875,-2.267757884979248,-9.908702845764159,0.7365162857055664
1788862813453347600,51.22334765625,-2.402282090759277,-9.854982946014404,0.8152256652832031
1788862813463353600,51.233353515625,-2.1312883903503415,-9.63307037963867,0.8418611587524414
1788862813473359600,51.24335961914063,-1.9292776252746582,-9.23712928009033,0.6091746849060058
1788862813483366000,51.25336596679688,-1.3727753768920898,-8.88757583770752,0.26740239791870113
1788862813493372700,51.26337255859375,-1.4169184700012205,-8.674042977142333,0.1801636749267578
1788862813503378700,51.27337866210937,-1.8321628204345701,-8.760533512115478,0.47494975433349607
1788862813513384700,51.283384765625,-1.9328689277648925,-9.253140503692626,0.8464999244689941
1788862813523390700,51.293390625,-2.0220529396057128,-9.872191270446777,0.8056488586425781
1788862813533396700,51.30339672851562,-2.245611519622803,-10.185831687927246,0.3899555953979492
1788862813543402800,51.31340283203125,-2.5781062751770016,-10.280701928710936,-0.044592005920410155
1788862813553408500,51.32340844726563,-2.7377695983886716,-10.160842208099364,-0.25917232971191406
1788862813563414500,51.33341455078125,-2.6135703872680662,-9.862464826202393,-0.11162965240478515
1788862813573421800,51.343421875,-2.2909517135620114,-9.533262097930908,0.23567922592163085
1788862813583427600,51.353427490234374,-2.19608147277832,-9.332598071289063,0.316034619140625
1788862813593433600,51.36343359375,-2.169595616912842,-9.28875425338745,0.14544775085449219
1788862813603439600,51.373439697265624,-2.008585555267334,-9.436895481109618,0.04608838195800781
1788862813613445600,51.38344555664062,-2.068590234375,-9.763105457305908,0.24839842224121092
1788862813623451600,51.39345166015625,-2.4488193855285645,-10.319009155273436,0.6043862815856933
1788862813633457700,51.403457763671874,-2.8482021499633787,-10.32424647140503,0.7636006919860839
1788862813643464400,51.41346435546875,-2.834136215209961,-9.683198976898193,1.0956465347290039
1788862813653470700,51.423470703125,-2.6337714637756346,-8.97002615737915,1.5090952339172363
1788862813663476700,51.43347680664063,-2.5960627876281737,-8.612990834808349,1.880196491241455
1788862813673482800,51.443482666015626,-2.703053674316406,-8.686462898254394,2.2934955528259278
1788862813683488500,51.453488525390625,-2.9128455947875973,-8.21734901046753,2.3077111251831055
1788862813693494800,51.463494873046876,-3.407397875213623,-7.629871778106689,3.109918318939209
1788862813703500800,51.473500732421876,-3.346495370483398,-7.22719698638916,4.412812934875488
1788862813713506800,51.4835068359375,-1.6112977172851561,-7.2629603736877435,4.142118509674072
1788862813723513600,51.493513671875,-1.6724994972229004,-7.778013005828857,2.8803742347717285
1788862813733520000,51.50351977539062,-4.140472496032714,-8.353519229888915,2.863914098358154
1788862813743525600,51.51352563476563,-4.693682717132568,-9.55181716079712,3.3819594825744628
1788862813753531600,51.52353173828125,-3.488351818847656,-10.458920314788818,2.5655367164611813
1788862813763537700,51.53353759765625,-3.4383728591918943,-10.698041205596923,1.5337854385375975
1788862813773543700,51.54354370117188,-3.527257595825195,-10.775553484344481,0.9355342987060546
1788862813783549700,51.5535498046875,-3.2118215270996093,-10.768520516967772,0.622492431640625
1788862813793555700,51.5635556640625,-2.8398224441528317,-10.45113915939331,0.625036270904541
1788862813803562800,51.573562744140624,-2.3240216239929197,-9.974543391418456,0.5331587821960448
1788862813813568500,51.58356860351562,-1.783081686401367,-9.513958847045897,0.2289455337524414
1788862813823574800,51.59357470703125,-1.1164461616516113,-9.041104019165038,-0.21443068618774414
1788862813833580800,51.60358081054687,-0.7893383598327637,-8.815899425506592,-0.8384194938659667
1788862813843586600,51.61358666992187,-1.3230956924438475,-9.08479819946289,-1.2181997322082518
1788862813853592600,51.62359252929687,-1.6702549331665038,-9.37823754043579,-0.9190741622924804
1788862813863598600,51.6335986328125,-1.5062521194458007,-9.433603453826903,-0.28999767608642574
1788862813873605600,51.643605712890626,-1.138293251800537,-9.223512258148192,0.16430208892822265
1788862813883611600,51.653611572265625,-1.0877157417297363,-8.942941751098632,0.184503165435791
1788862813893617700,51.66361767578125,-1.5957354064941405,-8.844779483032227,0.17836802368164062
1788862813903623700,51.673623779296875,-2.679859845733642,-8.970624707794189,0.7607575775146483
1788862813913629700,51.683629638671874,-3.596988719177246,-9.553463174438477,1.8466776679992676
1788862813923635700,51.6936357421875,-3.9068881965637203,-10.552294179534911,2.6841993362426755
1788862813933641700,51.703641845703125,-3.226037099456787,-11.879729362487792,2.5857377929687497
1788862813943647700,51.713647705078124,-2.4301146850585935,-15.368829369354247,0.0665887336730957
1788862813953654800,51.72365478515625,-4.950909757995605,-14.086435105133056,0.7764695259094238
1788862813963660800,51.73366088867188,-4.762964927673339,-8.245031967163085,4.282179306793212
1788862813973666600,51.74366650390625,-6.61428136138916,-6.421398490142822,6.16087942199707
1788862813983672600,51.753672607421876,-1.8272247795104979,-4.990414085388183,4.995052851104736
1788862813993678600,51.7636787109375,-1.5508441253662109,-5.862801315307617,2.940678189086914
1788862814003684600,51.7736845703125,-0.5407902999877929,-7.802852848052978,2.020107650756836
1788862814013690400,51.7836904296875,-2.874837643432617,-10.529399626159668,1.9384055191040037
1788862814023696400,51.7936962890625,1.550095937347412,-9.088239864349365,1.2660837654113768
1788862814033703700,51.80370361328125,-5.187337171936035,-9.711929396820068,2.0370166999816894
1788862814043709400,51.81370947265625,-1.7272668601989745,-11.608735662078857,1.7075146965026855
1788862814053715500,51.82371557617188,-2.380584638214111,-11.566238582611083,0.9358335739135741
1788862814063721500,51.83372143554688,-3.232920429229736,-12.581230448913573,1.2282254516601563
1788862814073727500,51.8437275390625,-2.2474071708679197,-10.792462533569335,0.29074586410522457
1788862814083733500,51.8537333984375,-1.180341418457031,-8.974964198303223,-0.011372457885742187
1788862814093739500,51.86373950195313,-1.233462767791748,-8.45228004837036,0.43020811080932614
1788862814103746300,51.87374633789062,-1.8840870689392089,-7.802104660034179,0.9087491676330566
1788862814113752600,51.883752685546874,-1.5529390518188475,-7.746888384246826,1.33431851272583
1788862814123758600,51.89375854492187,-2.1595698974609374,-8.909572565460204,1.5307926864624022
1788862814133764600,51.9037646484375,-2.15163910446167,-9.306710765838622,1.8486229568481445
1788862814143770400,51.91377026367188,-1.8376994117736816,-9.618256256866454,1.8825906929016112
1788862814153776400,51.9237763671875,-2.311751340484619,-10.01629228286743,2.516006669616699
1788862814163782700,51.93378271484375,-2.5067291381835934,-9.679607674407958,2.9185318237304685
1788862814173788700,51.94378857421875,-2.55386498336792,-8.736890770721436,2.9372365242004395
1788862814183795500,51.95379541015625,-2.5526678825378415,-9.107393477630614,3.277811710357666
1788862814193801500,51.963801513671875,-2.2679075225830077,-9.274987593841551,3.2122704399108883
1788862814203807500,51.973807373046874,-2.355295883178711,-9.328857131195068,2.8253075965881345
1788862814213813500,51.9838134765625,-2.7048493255615234,-9.612270752716064,2.8664579376220702
1788862814223819500,51.993819580078124,-2.6018986541748044,-9.345317267608642,2.8987796600341795
1788862814233825500,52.003825439453124,-2.3870190551757813,-8.42729056854248,2.573617147064209
1788862814243831300,52.01383129882812,-2.455403440093994,-8.058733150482178,2.264615495300293
1788862814253837600,52.023837646484374,-2.4672248107910155,-8.36908154067993,1.9780594841003416
1788862814263844600,52.0338447265625,-2.4494179359436035,-8.275558038330077,1.622819812774658
1788862814273850400,52.043850341796876,-2.5195979721069333,-8.199242860412598,1.4803648139953614
1788862814283856600,52.05385668945313,-2.5392004981994627,-8.403947102355957,1.8261773162841797
1788862814293862700,52.063862548828126,-2.31130242767334,-8.489839086914062,1.9871873779296874
1788862814303868400,52.073868408203126,-2.0760721145629883,-8.833107749938964,1.7772458198547363
1788862814313874400,52.08387451171875,-2.1155764419555663,-9.484330601501464,1.4948796615600586
1788862814323880400,52.09388037109375,-2.123357597351074,-9.981127445983887,1.2565069587707518
1788862814333886700,52.10388671875,-2.0048446151733397,-10.29776061553955,0.9665092826843261
1788862814343893500,52.1138935546875,-2.355295883178711,-10.449942058563233,0.9068038787841797
1788862814353899500,52.1238994140625,-2.7226562004089354,-10.562918449401854,1.0266635993957518
1788862814363905500,52.13390551757813,-2.4383447532653806,-10.431835908508301,0.7294833183288574
1788862814373911600,52.14391162109375,-1.8305168067932127,-10.153061052703857,0.4944026428222656
1788862814383917600,52.15391748046875,-2.3246201744079587,-8.909572565460204,1.1372457885742187
1788862814393923600,52.16392358398438,-2.80929637298584,-10.115202738952636,2.4334067123413083
1788862814403929300,52.17392944335938,-2.514211018371582,-9.080907621765137,1.2179004570007324
1788862814413935400,52.183935302734376,-2.4768016174316405,-7.142502102661132,2.0923826133728025
1788862814423942700,52.193942626953124,-0.5859808563232421,-9.847949978637695,1.022773021697998
1788862814433948400,52.20394848632812,-3.1197944007873533,-9.829394915771484,0.5517138450622558
1788862814443954400,52.21395434570312,-4.516062881469726,-9.097367758178711,2.127098537445068
1788862814453960400,52.22396044921875,-3.229778039550781,-7.697807250213622,2.204461178588867
1788862814463966700,52.233966796875,-1.852064621734619,-7.821407910919189,1.9553145683288573
1788862814473972500,52.24397241210937,-1.8338088340759275,-10.128670123291014,1.2644377517700194
1788862814483978500,52.253978515625,-3.209427325439453,-9.773280814361572,1.336263801574707
1788862814493985500,52.263985595703126,-2.224811892700195,-10.0357451713562,2.431162148284912
1788862814503991600,52.273991455078125,-2.149095265197754,-10.064625228881836,2.562095051574707
1788862814513997600,52.28399755859375,-3.3857004226684566,-6.688351975250244,3.014898440551758
1788862814524003600,52.294003662109375,-3.500622102355957,-1.9065327095031737,4.726902265167236
1788862814534009300,52.30400927734375,-2.2162825492858884,-4.5127708541870115,5.4524950057983395
1788862814544015400,52.314015380859374,-1.6027683738708496,-7.449558465576171,3.399616719818115
1788862814554021600,52.324021728515625,-2.0588637901306153,-7.426813549804687,1.0739490821838378
1788862814564027600,52.334027587890624,-1.4752771354675291,-9.951798475646973,0.8463502868652343
1788862814574034400,52.34403442382813,-0.7580641006469726,-11.317989797973633,0.6582558189392089
1788862814584040400,52.35404052734375,0.02154781494140625,-12.821698078155517,0.22266075439453123
1788862814594046700,52.36404663085938,-0.11342530364990233,-13.482048823547363,-0.6648398735046386
1788862814604052500,52.37405249023438,-0.7032967376708984,-13.355006497955321,-1.3289315589904784
1788862814614058500,52.38405859375,-1.7890671905517577,-13.484891938018798,-1.058536408996582
1788862814624064500,52.394064453125,-3.1783027038574216,-15.744270117187499,0.40462008056640625
1788862814634070300,52.4040703125,-2.645742472076416,-15.879542510986328,1.382202545928955
1788862814644076500,52.41407666015625,-0.6151601890563965,-15.259444281005859,1.4908394462585448
1788862814654083600,52.42408349609375,0.6437409713745117,-13.76486389465332,-0.17238251953125
1788862814664089300,52.43408935546875,4.413411485290527,-13.10615916290283,-1.4438532386779783
1788862814674095600,52.444095703125,12.312481312561035,-17.60351734390259,-2.8576293190002438
1788862814684101600,52.4541015625,6.885723974609375,-10.861744744110107,-2.144456499481201
1788862814694107600,52.46410766601562,-2.7207109115600585,-7.096413720703125,1.7259201217651365
1788862814704113400,52.47411352539063,-11.943474981689452,-4.3153988548278805,4.3342531929016115
1788862814714119400,52.48411938476563,-14.640393514251707,-5.031863701629638,3.9528269409179684
1788862814724125700,52.49412573242188,-5.869086094665527,-5.950937863922118,0.6479308242797851
1788862814734132500,52.504132568359374,3.0023288818359375,-6.555324145507812,-1.6404770500183103
1788862814744138500,52.51413842773437,5.213823027801514,-6.191405493164062,-1.910872200012207
1788862814754144500,52.52414453125,2.8508956268310546,-5.862502040100098,-0.834379278564453
1788862814764150500,52.53415063476562,-1.0344447547912596,-5.427355888366699,0.4643254844665527
1788862814774156500,52.54415649414062,-2.507178050994873,-4.468029210662841,1.28957686920166
1788862814784162600,52.55416259765625,-1.2192471954345703,-4.9090112289428705,2.0980688423156737
1788862814794168600,52.56416845703125,-0.13871405868530273,-6.151901165771484,2.7864018196105955
1788862814804174300,52.57417431640625,-0.3570353225708008,-6.694786392211913,2.8336873023986815
1788862814814181600,52.584181640625,-1.2407950103759764,-7.183502806091308,2.539499773406982
1788862814824187400,52.5941875,-1.9500772521972656,-8.419359775543212,2.2481553588867187
1788862814834193400,52.604193359375,-1.946485949707031,-11.642404122924804,2.290053887939453
1788862814844199400,52.614199462890625,-1.1267711563110352,-14.736011943054198,1.5394716674804687
1788862814854205700,52.624205810546876,-0.4493617240905761,-15.789311035919189,0.3161842567443848
1788862814864211500,52.63421142578125,-3.29427184677124,-12.428450455474852,-0.6461351730346679
1788862814874217500,52.644217529296874,-1.4172177452087402,-7.493103008270263,-2.3994389762878416
1788862814884223500,52.65422338867187,1.8953098892211913,-4.508880276489258,-2.003946789550781
1788862814894230500,52.66423046875,0.1423053611755371,-4.979340902709961,1.9409493583679198
1788862814904236500,52.67423657226563,-0.8617629600524902,-9.230395587921143,4.935646722412109
1788862814914242600,52.68424267578125,-1.234061318206787,-9.820416659545899,5.742791957092285
1788862814924248600,52.69424853515625,-1.3590087173461913,-10.895562842559814,4.173392768859863
1788862814934254300,52.70425439453125,-0.512059880065918,-12.170175951385497,1.873163523864746
1788862814944260600,52.714260498046876,-0.7176619476318359,-11.062708045959472,0.5761047744750977
1788862814954266600,52.7242666015625,-1.3563152404785155,-11.561001266479492,0.9909002120971679
1788862814964272400,52.7342724609375,-1.2822446266174317,-10.332027626800537,2.0866963844299313
1788862814974279400,52.74427954101562,-0.8105868995666503,-9.955090502929687,3.808875566101074
1788862814984285700,52.75428564453125,-0.2551321144104004,-11.962329319763183,4.8877626892089845
1788862814994291500,52.76429150390625,-0.5716156463623047,-14.137910440826415,4.622006304931641
1788862815004298000,52.774298095703124,-1.3453916954040526,-14.151228187561035,3.1176994743347164
1788862815014304000,52.78430395507812,-1.2548609451293944,-8.852560638427734,1.197100830078125
1788862815024309800,52.79430981445312,-0.7836521308898925,-5.517138450622558,2.009932293701172
1788862815034315800,52.80431567382813,0.39594109954833984,-5.5452703201293945,3.039439007568359
1788862815044321800,52.81432177734375,0.5087678527832031,-6.926126127624511,3.331980522918701
1788862815054328800,52.824328857421875,-0.5183446594238281,-9.57022258605957,3.8607998146057128
1788862815064334800,52.8343349609375,-1.3407529296874998,-10.520122094726561,3.485209429168701
1788862815074340900,52.8443408203125,-1.1397896278381348,-10.079588989257813,3.4395699600219722
1788862815084347000,52.854346923828125,-0.5789478889465332,-9.932046311950684,3.671657883453369
1788862815094353000,52.864352783203124,-0.5587468124389648,-9.150189832305907,3.151218297576904
1788862815104359000,52.87435888671875,-0.4321533996582031,-9.006687370300293,2.5598504875183106
1788862815114365000,52.884364990234374,-0.17866729888916014,-9.523535653686523,2.4607903938293454
1788862815124370700,52.89437060546875,0.22939444656372068,-9.600898294830321,2.9851205574035644
1788862815134378000,52.9043779296875,0.05835866546630859,-8.823979856109618,3.8826469047546386
1788862815144384000,52.91438403320313,0.5882254203796387,-8.1586910697937,5.881805290985107
1788862815154389800,52.9243896484375,0.6645405982971191,-9.769240599060058,8.106317908477783
1788862815164395800,52.934395751953126,-0.8985738105773925,-13.041366080474853,8.913762418365478
1788862815174402000,52.94440209960938,-2.1836615516662596,-13.79733525466919,8.176497944641113
1788862815184408000,52.954407958984376,-2.0014029502868653,-13.587992247009277,7.649474304199218
1788862815194413800,52.964413818359375,-1.4680945304870605,-13.776385990142822,7.716811225891113
1788862815204420900,52.9744208984375,-0.6733692169189452,-14.266898055267333,7.639448584747314
1788862815214427000,52.98442700195312,-0.3151367935180664,-14.457237087249755,6.548141540527343
1788862815224433000,52.99443286132812,-0.2814683326721191,-14.567669638824462,5.514744248962402
1788862815234439000,53.00443896484375,0.013617021942138671,-15.744868667602539,5.62472788772583
1788862815244445000,53.01444482421875,-0.20994155807495116,-17.16792227935791,6.53766690826416
1788862815254450700,53.02445068359375,-0.3437175758361816,-16.787543490600584,6.434716236877441
1788862815264457000,53.03445703125,0.09442132797241211,-15.937152988433837,5.577891317749023
1788862815274463000,53.044462890625,-0.2645592834472656,-14.299369415283202,4.573374083709717
1788862815284469000,53.05446899414063,-0.8559270935058593,-11.540800189971923,3.248931652832031
1788862815294475800,53.06447583007812,-2.287360411071777,-11.425429597473144,2.7536311843872068
1788862815304482000,53.07448193359375,-0.8114847251892089,-9.500940375518798,1.1872247482299805
1788862815314487800,53.08448779296875,0.3839700912475586,-7.913584674835205,-0.7167641220092773
1788862815324493800,53.09449389648437,1.8330606460571288,-7.690325370025635,-0.6362590911865234
1788862815334499800,53.10449975585937,2.8197710052490232,-7.5984478813171386,1.4927847351074217
1788862815344505900,53.114505859375,1.686116519165039,-8.381351824188233,3.9631519355773923
1788862815354512000,53.12451196289062,-0.07841010437011718,-8.703970497894286,5.213074839782714
1788862815364518000,53.13451782226562,-1.8296189811706542,-6.847716023254394,6.389675318145752
1788862815374525000,53.14452490234375,-1.1429320175170898,-7.49534757232666,4.738873273468017
1788862815384530700,53.15453076171875,-1.4375684593200684,-13.121571836090087,3.104082452392578
1788862815394537000,53.164536865234375,-3.4907460205078125,-17.808520861053466,3.9547722297668453
1788862815404543000,53.17454296875,-4.886266313171387,-10.110264698028564,2.1658546768188476
1788862815414549000,53.184549072265625,4.818630116271972,-12.541875759124755,1.806125877380371
1788862815424554800,53.1945546875,7.436240718841552,-12.504167082977295,5.778106431579589
1788862815434560800,53.20456079101562,2.492214290618896,-10.424204390716552,3.858106337738037
1788862815444567000,53.214567138671875,-7.830984717559814,-10.472836611938476,2.658461668395996
1788862815454573800,53.22457373046875,-9.924714069366454,-6.081870767211914,0.7049427513122558
1788862815464579800,53.23457983398438,-10.679186867523192,-5.0562546310424805,-1.1243769546508788
1788862815474585900,53.2445859375,1.4975731384277342,-9.152434396362304,0.015562310791015624
1788862815484591900,53.254591796875,2.014870334625244,-5.217863243103027,-0.6434416961669921
1788862815494598000,53.264597900390626,1.2849381034851073,-6.082020404815673,1.5183727653503416
1788862815504604000,53.27460400390625,-3.236212456512451,-9.613168578338623,8.333916703796387
1788862815514610000,53.28460986328125,-5.320365001678466,-5.757157167053222,8.882937071990966
1788862815524616000,53.294615966796876,-5.571905813598632,-1.51942022857666,5.897367601776122
1788862815534623000,53.304623046875,-4.395754248046875,-3.850474819946289,7.5342533493041985
1788862815544628700,53.31462866210938,-0.17208324432373046,-5.260061047363281,9.28291838684082
1788862815554634800,53.324634765625,4.6915877906799315,-3.912424787902832,9.982474184417724
1788862815564641000,53.33464111328125,4.9351978096008295,-3.0645781249999997,11.045798996734618
1788862815574647000,53.34464697265625,4.289511549377441,-3.9127240631103515,13.200580490875243
1788862815584652800,53.35465283203125,3.8001965850830075,-3.612102117156982,14.381221184539793
1788862815594658800,53.36465893554688,3.089417967224121,-2.886958289337158,14.227094452667236
1788862815604664800,53.37466479492188,1.9246388595581054,-2.441487142944336,12.987346905517578
1788862815614672000,53.384671875,1.3890858757019042,-2.048089882659912,11.729044295501708
1788862815624678000,53.394677978515624,1.2291232772827148,-2.334645893859863,10.550199253082274
1788862815634684000,53.40468383789062,1.470339094543457,-3.4680011047363277,9.132382957458496
1788862815644690000,53.41468994140625,2.607285607910156,-4.485836085510254,7.76319888305664
1788862815654696000,53.42469604492187,4.00310517578125,-4.999691616821289,6.908468890380859
1788862815664702000,53.43470190429687,4.554968658447265,-5.354482375335693,6.445041231536865
1788862815674708000,53.4447080078125,5.051615865325927,-4.521749110412597,5.970540390014648
1788862815684713700,53.45471362304688,6.351368091583252,-3.356221814727783,5.3381718765258785
1788862815694721000,53.464720947265626,6.769305918884277,-2.9583354263305663,5.288342554473877
1788862815704727000,53.47472705078125,6.864176159667968,-3.1030349891662596,5.763441946411133
1788862815714732800,53.48473291015625,6.600215426635742,-3.112911071014404,6.14187544631958
1788862815724738800,53.49473876953125,6.533925968170165,-2.8938416191101073,6.369324604034423
1788862815734744800,53.504744873046874,7.107337265777588,-2.7370214103698727,6.491129613494873
1788862815744751000,53.514751220703126,7.489810980987548,-2.4628853202819823,5.786037224578857
1788862815754756900,53.5247568359375,7.10539197692871,-2.279728893280029,4.8050130943298335
1788862815764763000,53.534762939453124,6.745064627075195,-3.0289643753051756,4.683806635284424
1788862815774769000,53.54476879882812,6.748356654357909,-3.244442524719238,4.299387631225586
1788862815784776000,53.55477587890625,6.30782354888916,-3.075352032470703,4.137629381561279
1788862815794782000,53.56478198242188,6.120776544189453,-3.357568553161621,4.846313072967529
1788862815804788000,53.5747880859375,5.91846650390625,-3.2601544731140133,5.465214202117919
1788862815814793700,53.584793701171876,4.9911622734069825,-2.7480945930480956,5.63729744644165
1788862815824799700,53.5947998046875,4.486434635925293,-1.9656395629882812,5.639691648101806
1788862815834806000,53.604805908203126,4.734234507751465,-1.014542953491211,5.482721801757812
1788862815844812000,53.61481201171875,4.712387417602539,-0.3365349708557129,5.008071322631836
1788862815854817800,53.62481787109375,5.161300228881836,-0.2572270408630371,4.935945997619629
1788862815864824800,53.63482495117187,6.271012698364258,-0.8077437850952148,4.891503629302978
1788862815874830800,53.64483081054688,7.108833641815185,-1.0568903953552244,4.387224904632568
1788862815884836900,53.6548369140625,7.792976766204833,-1.0256161361694336,3.681982878112793
1788862815894843000,53.6648427734375,9.37180312347412,-1.0592845970153808,3.0535049423217773
1788862815904849000,53.67484887695313,10.289979460144043,-1.0401309837341308,2.778321389007568
1788862815914855000,53.68485498046875,11.027543209075928,-0.3890577697753906,2.7192145355224606
1788862815924861000,53.69486083984375,11.564293293762207,0.005237316131591796,3.1970074043273926
1788862815934867000,53.70486694335938,11.720514952087402,-0.2786252182006836,3.5501521492004393
1788862815944873700,53.71487377929687,11.686846491241454,-0.9485527702331542,3.58157604598999
1788862815954880000,53.7248798828125,10.992378372192382,-1.1282675323486326,3.1763574150085447
1788862815964886000,53.73488598632812,9.7162688873291,-0.7854477821350098,2.5631425148010254
1788862815974891800,53.74489184570312,9.128492379760742,-0.1949777976989746,2.0471920570373534
1788862815984897800,53.75489770507812,9.096769207763671,2.386719779968262,1.7188871543884277
1788862815994903800,53.76490380859375,8.176797219848632,1.5765817932128905,1.8511667961120604
1788862816004910000,53.77491015625,8.360851472473144,1.597979970550537,2.048688433074951
1788862816014916000,53.784916015625,9.328557855987547,1.4643535903930662,2.389562894439697
1788862816024922000,53.79492211914062,9.611372927093505,0.8060977714538574,2.5571570106506347
1788862816034929200,53.80492919921875,9.412953464508057,0.673518854522705,2.2096984947204588
1788862816044935200,53.81493505859375,9.096021019744873,1.005564697265625,1.5327379753112793
1788862816054941200,53.824941162109376,8.9508725440979,1.2508207298278808,1.1646294700622557
1788862816064947200,53.834947265625,8.964489566040038,1.4001590583801269,1.4377180969238281
1788862816074953000,53.844952880859374,8.892513878631592,1.6210241615295409,1.5595231063842772
1788862816084959200,53.854959228515625,8.226925817108153,1.6558897232055663,1.886630908203125
1788862816094965200,53.86496533203125,7.720103253173828,1.55772745513916,2.1230583221435544
1788862816104971300,53.87497119140625,7.942614369964599,1.4661492416381836,1.939004069519043
1788862816114978000,53.88497802734375,8.482656481933594,1.6258125648498534,1.7010802795410156
1788862816124984300,53.894984375,9.202562993621825,1.961300072479248,1.3379098152160644
1788862816134990300,53.904990234375,9.732579386138916,2.3331495178222657,0.8776245460510254
1788862816144996000,53.91499609375,10.158597644042969,2.747795317840576,0.5395931991577149
1788862816155002000,53.92500219726563,10.219799423980712,3.0828339126586912,0.4164414512634277
1788862816165008100,53.935008056640626,10.036942272186279,3.21765739364624,0.47061026382446286
1788862816175014100,53.94501416015625,9.645340663146973,3.1298201202392577,0.847846662902832
1788862816185646300,53.95564624023437,9.157821350097656,2.8898014038085935,1.380257257080078
1788862816195652400,53.96565234375,8.413374271392822,2.4664766227722166,1.9756652824401855
1788862816205658000,53.975658203125,7.7218989044189446,2.4206875160217285,2.383278115081787
1788862816215664000,53.9856640625,7.280019060516357,2.613720024871826,2.447771922302246
1788862816225670100,53.99567016601563,7.44402187423706,2.9697078842163083,2.151040554046631
1788862816235676400,54.00567651367187,8.282591005706786,3.4888007316589356,1.63449154586792
1788862816245682200,54.01568212890625,9.087042763519287,3.7874773887634277,1.178545767211914
1788862816255688200,54.02568823242188,9.669282679748534,3.8200983863830564,0.8451531860351562
1788862816265695000,54.035695068359374,10.096797313690185,3.95192911529541,0.7619546783447265
1788862816275701200,54.045701171875,9.867402867126465,3.9983167724609374,1.029207438659668
1788862816285707300,54.055707275390624,9.280673822784424,3.7274727096557614,1.4797662635803221
1788862816295713300,54.06571337890625,8.698882819366455,3.3354221878051757,1.910872200012207
1788862816305719000,54.07571899414062,8.324489534759522,3.165433869934082,2.0868460220336913
1788862816315725000,54.08572509765625,8.431779696655273,3.197755592346191,1.9418471839904785
1788862816325731300,54.0957314453125,8.72087954711914,3.277811710357666,1.609502066040039
1788862816335737300,54.1057373046875,8.858396504974365,3.35173268661499,1.2671312286376952
1788862816345744100,54.115744140625,8.924685963439941,3.3713352127075193,1.068113215637207
1788862816355750100,54.125750244140626,9.149740919494628,3.5187282524108885,0.9138368461608887
1788862816365756200,54.135756103515625,9.127145641326903,3.649361880493164,0.873434693145752
1788862816375762200,54.14576220703125,8.78552299194336,3.6674680305480956,0.917428148651123
1788862816385768200,54.155768310546875,8.556727095794677,3.6125510299682615,1.1189900009155274
1788862816395774200,54.165774169921875,8.368482990264893,3.629908992004394,1.3224971420288085
1788862816405780000,54.175780029296874,8.11365015106201,3.7249288703918455,1.4068927505493163
1788862816415786200,54.1857861328125,7.9928926048278806,3.691559684753418,1.3367127143859863
1788862816425792300,54.195792236328124,8.232312770843505,3.6611832511901854,1.0012252067565917
1788862816435799000,54.20579907226563,8.842983831787109,3.8269817161560056,0.6087257720947266
1788862816445805000,54.21580517578125,9.261220934295654,4.107552223205566,0.35015199279785153
1788862816455811300,54.22581127929688,9.41040962524414,4.44992306060791,0.23567922592163085
1788862816465817000,54.23581713867188,9.360879578399658,4.466682472229004,0.4661211357116699
1788862816475823000,54.245822998046876,8.952219282531738,4.246116644287109,0.8698433906555175
1788862816485829000,54.2558291015625,8.420407238769531,4.046500080871581,1.2509703674316406
1788862816495835100,54.265835205078126,8.212560607147216,3.847930980682373,1.4743793098449707
1788862816505841200,54.275841064453125,8.251167108917237,3.821594762420654,1.332373223876953
1788862816515848200,54.28584814453125,8.308927223968505,3.859453076171875,0.9154828598022461
1788862816525854200,54.29585424804687,8.371176467132567,3.7762545684814453,0.4242226066589355
1788862816535860000,54.30585986328125,8.696338980102539,3.735553140258789,-0.0848445213317871
1788862816545866200,54.3158662109375,9.049783000183105,3.944896147918701,-0.6790554458618163
1788862816555872300,54.32587231445312,9.294290844726563,4.140622133636475,-1.163133094024658
1788862816565878300,54.33587817382813,9.552415711212157,4.27095648651123,-1.4555249717712402
1788862816575884000,54.34588403320313,9.782109432983399,4.403086490631103,-1.502960092163086
1788862816585890300,54.35589038085938,9.578901567077637,4.507982450866699,-1.2786533241271971
1788862816595897000,54.36589697265625,9.056965605163574,4.421791191101074,-0.8083423355102538
1788862816605903000,54.37590307617187,8.576479259490966,4.29639487915039,-0.3553893089294433
1788862816615909000,54.3859091796875,8.286032670593261,4.396203160858154,-0.18315642700195311
1788862816625915400,54.395915283203124,8.31850403060913,4.378246648406982,-0.37544074783325193
1788862816635921200,54.40592114257812,8.651298061370849,4.247463382720947,-0.7365162857055664
1788862816645927200,54.41592724609375,9.050680825805664,4.159027558898925,-1.1131541343688964
1788862816655933200,54.42593310546875,9.450213227844237,4.141220684051514,-1.5882535263061524
1788862816665939200,54.43593920898437,9.725247143554688,4.135684092712402,-1.9964649093627929
1788862816675945200,54.4459453125,9.658059859466553,4.055777612304687,-2.0982184799194337
1788862816685952300,54.4559521484375,9.242067321014403,4.061613478851318,-2.0437503921508786
1788862816695958000,54.4659580078125,8.997858751678466,4.212747458648681,-1.9008464805603027
1788862816705964000,54.475964111328125,8.894010254669189,4.3734582450866695,-1.6536451591491699
1788862816715970300,54.48597021484375,8.616282862091063,4.365826727294921,-1.2618939125061035
1788862816725976300,54.495976318359375,8.396614859771727,4.329913702392578,-0.9057564155578612
1788862816735982000,54.505982177734374,8.27451057510376,4.402338302612304,-0.6739677673339843
1788862816745988000,54.51598803710937,8.252663484954834,4.448127409362793,-0.7932289375305175
1788862816755994000,54.525994140625,8.623465467071533,4.114435552978516,-1.1061211669921875
1788862816766001200,54.53600122070313,9.626336687469482,3.305943579864502,-1.2342109558105467
1788862816776007200,54.54600708007813,9.973047015380859,3.405302948760986,-1.2626421005249022
1788862816786013200,54.55601318359375,9.635464581298828,3.827430628967285,-0.9398737892150878
1788862816796019200,54.56601928710938,9.472509230804443,3.6004303840637206,-0.39264907226562495
1788862816806025200,54.576025146484376,9.469217203521728,3.6358944961547848,-0.23732523956298826
1788862816816031200,54.58603125,9.291298092651367,3.876062850189209,-0.22161329116821288
1788862816826037200,54.59603735351563,8.672247325897215,3.969137439727783,-0.24570494537353516
1788862816836043000,54.60604296875,8.181735260772705,3.906588921356201,-0.41973347854614257
1788862816846050300,54.61605029296875,7.893084323120116,3.97123236618042,-0.4590881683349609
1788862816856056300,54.62605639648437,7.564629782867431,4.143764523315429,-0.4795885200500488
1788862816866062000,54.63606201171875,7.457489258575439,4.1937434829711915,-0.3526958320617676
1788862816876068000,54.64606811523438,7.646631189727783,4.465784646606445,-0.3368342460632324
1788862816886074000,54.65607421875,8.196250108337402,4.810848960876465,-0.30151977157592774
1788862816896080100,54.666080078125,8.860491431427002,5.214720853424072,-0.32411504974365235
1788862816906086100,54.67608618164063,9.235483266448973,5.386055909729004,-0.4691138877868652
1788862816916092200,54.68609204101563,9.329156406402587,5.191975937652588,-0.5249287139892578
1788862816926098200,54.69609814453125,9.383624494171142,4.9914615486145015,-0.5997475158691405
1788862816936105200,54.706105224609374,9.381080654907226,4.781071077728271,-0.4969464820861816
1788862816946111200,54.716111328125,9.32691184234619,4.515913243865967,-0.31977555923461914
1788862816956117200,54.7261171875,9.488969367218017,4.27110612411499,-0.18809446792602538
1788862816966123000,54.736123046875,9.65910732269287,4.07971962890625,-0.25692776565551756
1788862816976129300,54.74612939453125,9.816376444244383,4.052186309814453,-0.38247371520996093
1788862816986135300,54.75613525390625,9.842862300109863,4.031237045288086,-0.44547114639282226
1788862816996141300,54.76614135742187,9.545532381439209,3.963002297973633,-0.42332478103637694
1788862817006147000,54.77614697265625,9.27678324508667,4.030488857269287,-0.4263175331115722
1788862817016153900,54.78615380859375,9.102455436706542,4.106055847167968,-0.5461772537231445
1788862817026160000,54.79616015625,8.94473740234375,4.169502191162109,-0.7496843948364257
1788862817036166000,54.80616577148437,8.940098636627196,4.341884710693359,-1.0211270080566406
1788862817046172000,54.816171875,9.046191697692871,4.332158266448975,-1.1629834564208983
1788862817056178000,54.826177978515624,9.22485899658203,4.039018200683594,-1.207276187133789
1788862817066183700,54.83618359375,9.38422304458618,3.929333837127685,-1.2421417488098143
1788862817076190000,54.84618994140625,9.371204573059082,3.9891888786315914,-1.1897685874938964
1788862817086196000,54.85619604492187,9.221267694091797,3.944297597503662,-1.0676643028259276
1788862817096202800,54.86620263671875,9.079860158538818,3.88144980392456,-0.9900023864746094
1788862817106208800,54.876208740234375,8.980949702453612,3.802441149139404,-0.9792284790039062
1788862817116215000,54.886215087890626,8.964639203643799,3.749319799804687,-0.9859621711730956
1788862817126221000,54.896220947265626,8.902090685272217,3.726724521636963,-1.0453682998657226
1788862817136226800,54.906226806640625,8.917353720855713,3.6641760032653807,-1.0544961936950683
1788862817146232800,54.91623291015625,9.063998572540283,3.665223466491699,-1.0609306106567382
1788862817156238800,54.92623876953125,9.159766638946532,3.5884593757629393,-1.0390835205078124
1788862817166244900,54.936244873046874,9.323470177459717,3.5290532470703124,-0.9513958847045898
1788862817176252000,54.946251953125,9.454103805541992,3.547907585144043,-0.8812158485412597
1788862817186258000,54.9562578125,9.331849883270262,3.491045295715332,-0.8170213165283202
1788862817196263700,54.966263671875,9.299827436065673,3.4389714096069333,-0.9172785110473632
1788862817206270000,54.97627001953125,9.280524185180663,3.5447651954650876,-1.1180921752929687
1788862817216276000,54.98627587890625,8.981099340057373,3.7096658348083493,-1.2005424949645995
1788862817226282000,54.99628198242188,8.75275235671997,3.749918350219726,-1.1145008728027344
1788862817236287700,55.006287841796876,8.684667247009276,3.726724521636963,-1.070657054901123
1788862817246293800,55.016293701171875,8.666112184143065,3.74123936920166,-1.152359186553955
1788862817256300800,55.02630078125,8.755296195983886,3.7683237754821777,-1.2560580459594726
1788862817266306800,55.03630688476562,8.814702324676514,3.7288194480895993,-1.2786533241271971
1788862817276312800,55.04631274414062,8.79779327545166,3.642179275512695,-1.304989542388916
1788862817286318800,55.05631884765625,8.795548711395263,3.5776854682922363,-1.3319243110656738
1788862817296324900,55.06632495117187,8.858546142578124,3.5666122856140134,-1.3159130874633789
1788862817306331000,55.07633081054688,8.828020071411132,3.604470599365234,-1.2795511497497558
1788862817316337000,55.0863369140625,8.776395098114014,3.6311060928344725,-1.218798282623291
1788862817326343000,55.09634301757813,8.845527671051025,3.6337995697021483,-1.1900678627014158
1788862817336350000,55.106349853515624,8.882637796783447,3.6242227630615234,-1.0808324119567871
1788862817346356000,55.11635595703125,8.898649020385742,3.618386896514892,-0.9555857376098632
1788862817356362000,55.126362060546874,8.922591036987304,3.5161844131469726,-0.9273042304992676
1788862817366367700,55.13636767578125,8.985438830566405,3.4712931320190425,-1.0479121391296387
1788862817376374000,55.1463740234375,9.18700068283081,3.576488367462158,-1.285087741088867
1788862817386380000,55.156380126953124,8.996811288452149,3.706074532318115,-1.2469301521301268
1788862817396385800,55.1663857421875,8.623615104675292,3.6296097167968746,-1.1104606575012206
1788862817406391800,55.17639184570312,8.707412162780761,3.605368424987793,-1.269824705505371
1788862817416399000,55.18639916992188,8.6061075050354,3.8136639694213863,-1.304989542388916
1788862817426404900,55.19640478515625,8.51677385559082,3.820996212005615,-1.2707225311279295
1788862817436411000,55.206410888671876,8.633341548919677,3.716399526977539,-1.317708738708496
1788862817446417000,55.2164169921875,8.412177170562744,3.686172731018066,-1.2509703674316406
1788862817456423000,55.2264228515625,8.404396015167237,3.7657799362182613,-1.2705728935241698
1788862817466429000,55.236428955078125,8.365939151000976,3.922600144958496,-1.3308768478393553
1788862817476435000,55.24643505859375,8.354117780303955,3.9558196929931637,-1.3048399047851562
1788862817486441000,55.25644091796875,8.538471308135986,3.796006732177734,-1.227028350830078
1788862817496447700,55.26644775390625,8.959401887512206,3.681982878112793,-1.1959037292480468
1788862817506454000,55.2764541015625,9.348609294891357,3.54311918182373,-1.0811316871643066
1788862817516460000,55.2864599609375,9.540295065307618,3.339612040710449,-0.9406219772338866
1788862817526465800,55.2964658203125,9.903166254425049,3.196558491516113,-0.8378209434509277
1788862817536471800,55.30647192382813,9.995043743133545,3.1735143005371094,-0.8723872299194335
1788862817546477800,55.316477783203126,9.820865572357176,3.254019331359863,-0.9310451705932616
1788862817556484000,55.32648413085938,9.577554828643798,3.3578678283691406,-1.0085574493408203
1788862817566489900,55.33648974609375,9.357138638305663,3.508702532958984,-1.123030216217041
1788862817576497000,55.34649682617187,9.172186560058593,3.6541502838134763,-1.1249755050659178
1788862817586503000,55.3565029296875,8.957905511474609,3.6077626266479492,-1.030404539489746
1788862817596509000,55.36650903320312,8.85555339050293,3.5742438034057615,-0.9911994873046874
1788862817606515000,55.37651489257812,8.794650885772704,3.591901040649414,-1.00227266998291
1788862817616521000,55.38652099609375,8.831162461090088,3.6131495803833005,-1.0025719451904296
1788862817626526700,55.39652661132813,8.914211331176757,3.699939390563965,-1.0013748443603514
1788862817636532700,55.40653271484375,8.993219985961913,3.8097733917236325,-0.9751882637023925
1788862817646539000,55.4165390625,9.15512787322998,3.794809631347656,-0.8565256439208984
1788862817656545800,55.4265458984375,9.290549904632568,3.633949207305908,-0.8047510330200195
1788862817666551800,55.4365517578125,9.479093285369872,3.5404257049560544,-0.8813654861450195
1788862817676557800,55.446557861328124,9.53820013885498,3.533542375183105,-0.9593266777038574
1788862817686564000,55.456564208984375,9.458592933654785,3.4835634155273434,-0.9490016830444336
1788862817696569900,55.46656982421875,9.421632445526123,3.497928625488281,-0.9165303230285644
1788862817706576000,55.47657592773437,9.440337145996093,3.6329017440795894,-0.8993219985961913
1788862817716582000,55.48658178710937,9.461136772918701,3.7370495162963864,-0.8291419624328613
1788862817726587600,55.49658764648437,9.547926583099365,3.6584897743225095,-0.7285854927062988
1788862817736595000,55.50659497070313,9.574562076568602,3.5691561248779293,-0.5719149215698242
1788862817746601000,55.51660107421875,9.564985269927979,3.5411738929748533,-0.41195232315063474
1788862817756606700,55.526606689453125,9.458592933654785,3.6010289344787596,-0.2539350135803223
1788862817766613000,55.536613037109376,9.275286869049072,3.69664736328125,-0.12315174789428711
1788862817776619000,55.546618896484375,9.101557611083983,3.7859810127258298,-0.06988076095581054
1788862817786625000,55.556625,9.006687370300293,3.841047650909424,-0.033518823242187495
1788862817796630800,55.566630859375,9.020005117034911,3.8741175613403316,-0.033219548034667964
1788862817806636800,55.57663671875,8.991573972320555,3.764283560180664,-0.05805939025878906
1788862817816643800,55.58664379882813,8.9761612991333,3.6749499107360837,-0.1728314323425293
1788862817826649900,55.59664990234375,8.955361672210692,3.7018846794128417,-0.39863457641601563
1788862817836655900,55.60665576171875,8.834155213165282,3.7906197784423825,-0.6066308456420898
1788862817846662000,55.61666186523438,8.745120838928223,3.8256349777221677,-0.7211036125183105
1788862817856668000,55.62666796875,8.766818291473388,3.8256349777221677,-0.8601169464111328
1788862817866674000,55.636673828125,8.76607010345459,3.8926726242065426,-0.9962871658325195
1788862817876680000,55.64667993164063,8.841936368560791,3.9309798507690425,-1.0609306106567382
1788862817886686000,55.65668603515625,8.942492838287354,3.868281694793701,-1.034893667602539
1788862817896693000,55.66669287109375,8.955960222625732,3.8277299041748045,-0.9204209007263183
1788862817906699000,55.67669897460937,8.862586357879637,3.704727793884277,-0.7595604766845703
1788862817916704800,55.68670483398437,8.817695076751708,3.655646659851074,-0.7224503509521484
1788862817926710800,55.69671069335938,8.813505223846436,3.6979941017150875,-0.7869441581726073
1788862817936716800,55.706716796875,8.859294330596923,3.7612908081054686,-0.8777741836547851
1788862817946723000,55.71672314453125,8.955960222625732,3.7859810127258298,-0.9530418983459472
1788862817956728800,55.72672875976563,8.993519261169434,3.8302737434387204,-1.0359411308288573
1788862817966734800,55.73673486328125,9.060856182861327,3.8358103347778316,-0.9943418769836425
1788862817976742000,55.746741943359375,9.010278672790527,3.7924154296875,-0.8358756546020507
1788862817986748000,55.756747802734374,8.84208600616455,3.765630298614502,-0.6863876884460449
1788862817996754000,55.76675390625,8.715941506195067,3.800495860290527,-0.6400000312805175
1788862818006760000,55.776760009765624,8.6704516746521,3.834164321136474,-0.6368576416015624
1788862818016765700,55.786765625,8.67598826599121,3.837456348419189,-0.6263830093383789
1788862818026771700,55.79677172851562,8.756792572021483,3.8269817161560056,-0.6009446166992187
1788862818036777700,55.80677783203125,8.845228395843506,3.8329672203063962,-0.5862801315307616
1788862818046783700,55.81678369140625,8.966434854888915,3.797952021026611,-0.5985504150390625
1788862818056790500,55.82679052734375,9.068637338256835,3.7765538436889647,-0.6172551155090331
1788862818066796800,55.836796875,9.140313750457763,3.7963060073852537,-0.5888239707946777
1788862818076802800,55.846802734375,9.164704679870605,3.7575498680114743,-0.5178957466125488
1788862818086808600,55.85680859375,9.210942699432373,3.72866981048584,-0.44262803192138667
1788862818096814600,55.866814697265625,9.205705383300781,3.694552436828613,-0.36062662506103516
1788862818106820600,55.876820556640624,9.184905756378173,3.6783915756225585,-0.28206688308715816
1788862818116827000,55.886826904296875,9.131485131835937,3.7452795845031734,-0.2533364631652832
1788862818126832600,55.89683251953125,9.133280783081053,3.7879263015747067,-0.27742811737060546
1788862818136839700,55.90683959960938,9.251195214843749,3.7505169006347656,-0.31977555923461914
1788862818146845700,55.916845703125,9.383175581359863,3.7324107505798336,-0.3778349494934082
1788862818156851700,55.92685180664063,9.432107077789306,3.7385458923339843,-0.4343979637145996
1788862818166857700,55.93685766601563,9.447968663787842,3.708768009185791,-0.44412440795898434
1788862818176863700,55.94686376953125,9.444377361297606,3.7446810340881345,-0.40566754379272457
1788862818186869500,55.956869384765625,9.40412484588623,3.791517604064941,-0.3737947341918945
1788862818196875500,55.96687548828125,9.290699542236327,3.820547299194336,-0.3416226493835449
1788862818206882800,55.9768828125,9.099013771820069,3.826083890533447,-0.32441432495117184
1788862818216888600,55.986888671875,8.998457302093506,3.8304233810424804,-0.3799298759460449
1788862818226894600,55.99689453125,9.004143531036377,3.8474820678710935,-0.4900631523132324
1788862818236900600,56.00690063476563,9.011775048828124,3.800495860290527,-0.5451297904968262
1788862818246907000,56.01690698242187,9.009979397583008,3.7530607398986815,-0.5424363136291503
1788862818256912600,56.02691259765625,9.050830463409424,3.7765538436889647,-0.5159504577636719
1788862818266918700,56.03691870117188,9.115922821044922,3.8066310020446776,-0.4382885414123535
1788862818276924700,56.04692456054688,9.138817374420166,3.781491884613037,-0.37319618377685543
1788862818286931700,56.056931640625,9.20645357131958,3.7439328460693355,-0.35090018081665036
1788862818296937700,56.066937744140624,9.291896643066405,3.746327047729492,-0.3342904067993164
1788862818306943700,56.07694384765625,9.259874195861816,3.6637270904541013,-0.26605565948486326
1788862818316949500,56.08694946289062,9.14225903930664,3.5535938140869137,-0.2998737579345703
1788862818326955800,56.09695581054687,8.946233778381346,3.47323842086792,-0.48198272171020506
1788862818336961800,56.1069619140625,8.987384119415283,3.4733880584716794,-0.7841010437011718
1788862818346967800,56.1169677734375,9.197176039886473,3.759495156860351,-1.0877157417297363
1788862818356973600,56.1269736328125,8.897900832366943,4.057273988342285,-1.033696566772461
1788862818366980900,56.13698095703125,8.60670605545044,4.051438121795654,-0.6585550941467285
1788862818376986600,56.146986572265625,8.654141175842284,3.8775592262268064,-0.26919804916381834
1788862818386992600,56.15699267578125,8.704419410705565,3.8262335281372066,-0.0948702407836914
1788862818396998700,56.16699853515625,8.66955384902954,3.782090435028076,0.047285482788085934
