time,seconds_elapsed,z,y,x
1788862270940402000,0.04540185546875,1.3820453095406293,-2.1871941097065806,-0.6944177040360867
1788862270950409000,0.055408935546875,0.8863964660495519,-2.813723249517381,-0.16956848502382635
1788862270960415000,0.0654150390625,0.33587329207658767,-2.107117533428967,-0.3389164591647684
1788862270970421000,0.0754208984375,-0.21965338927209377,-1.5322843863248825,-0.510507243796438
1788862270980428000,0.085427978515625,-0.6619909138143062,-1.0671741812214255,-0.5649680981066078
1788862270990434000,0.09543408203125,-1.18095925809443,-0.6999725616842508,-0.4305249582061544
1788862271000439800,0.105439697265625,-1.8971984794467687,-0.5928054416462779,-0.17413469696082173
1788862271010447000,0.115447021484375,-2.3893255785524845,-0.5414598698124289,-0.08486421241294592
1788862271020452900,0.125452880859375,-2.5426719737023116,-0.49989802536815403,-0.2619474752473645
1788862271030459000,0.135458984375,-2.1351386360377074,-0.2569274733945727,-0.5621865045640617
1788862271040466200,0.145466064453125,-1.8672317957282065,0.2513528881326318,-1.0712095742173493
1788862271050472000,0.155471923828125,-2.7554005321472883,1.7351520604908466,-3.4268428726568816
1788862271060478000,0.16547802734375,-2.03207339836061,2.6723531233653426,-3.8823599045068025
1788862271070485000,0.175485107421875,-1.206836042150855,3.957410177055001,-4.788995148725808
1788862271080491000,0.185490966796875,-0.8748685253411531,2.8422791896551844,-3.3837396439895033
1788862271090498000,0.195498046875,-0.8772089509874582,-0.418611781039834,-1.606037750930339
1788862271100503800,0.20550390625,0.14452069913744925,-1.7932903612047433,-1.455229642086476
1788862271110509800,0.215509765625,0.48280222139954565,-1.6455276114061475,-1.2835507407799363
1788862271120517000,0.22551708984375,0.45040626470744605,-1.8912573989599941,-0.6465346206810325
1788862271130523000,0.23552294921875,0.2056348007917404,-2.3943816928982735,-0.7302729343365878
1788862271140529000,0.24552880859375,0.3144254303783178,-2.191957963107526,-1.1707626390550285
1788862271150536000,0.255535888671875,0.05254676431715488,-1.903583212047815,-0.8936335046309978
1788862271160542000,0.2655419921875,-0.4330091397047043,-1.6781959552988408,-0.9412412781760096
1788862271170548000,0.2755478515625,-0.518723429608345,-1.4486039403364062,-0.5735484045231715
1788862271180554800,0.2855546875,-0.6096843879938125,-1.681052806034684,-0.15601161403739824
1788862271190561000,0.29556103515625,-0.7304372580528259,-1.707713141684234,-0.2149395855579525
1788862271200568000,0.305568115234375,-0.74492054143548,-1.7596011498317121,-0.48076607592944054
1788862271210573800,0.31557373046875,-0.9644289692789315,-2.1429966560617086,-0.03006765987500548
1788862271220579800,0.325579833984375,-1.0678916818410158,-2.426337212346494,1.2947314754858612
1788862271230587000,0.3355869140625,0.5839741926759481,-1.9166198037534952,0.820169478360936
1788862271240593000,0.345593017578125,1.6548095267534255,-1.7489800948351621,0.178388262752071
1788862271250599000,0.355598876953125,1.903181060987711,-2.150355494391918,0.47338805797472594
1788862271260606000,0.36560595703125,1.8969822063475845,-2.526192255805433,0.5387621551610529
1788862271270612000,0.375612060546875,1.9868302350550888,-3.0186212604671714,0.7646376338183879
1788862271280618000,0.385617919921875,2.177996950033307,-1.7026342309847473,-0.3263137288317084
1788862271290624800,0.395624755859375,0.5143582201361656,-1.832938773243129,0.3468839309126138
1788862271300631000,0.405631103515625,-1.8519354423969983,-2.441127369721234,0.853139508613944
1788862271310637000,0.415636962890625,-3.0266105056554076,-2.849643580943346,0.8848533282607793
1788862271320643800,0.425643798828125,-3.6481191869556904,-3.1840625825583935,1.4033362271115184
1788862271330650000,0.435650146484375,-4.75617687496841,-3.8603640535369514,2.461716861024499
1788862271340657000,0.445656982421875,-4.824720249840617,-4.277310531713068,2.3605969121962787
1788862271350663000,0.455662841796875,-2.451600540679693,-2.711092311604321,1.2825719588756561
1788862271360669000,0.4656689453125,3.8647523516237734,0.5996899404630065,-2.5328780171796677
1788862271370676000,0.475676025390625,1.7382926966041325,-0.5266393172994256,-2.035885065603256
1788862271380682000,0.485681884765625,-1.4860598107665777,-2.6517820445016027,-0.07999415869116783
1788862271390688000,0.49568798828125,-2.9115070396602154,-3.7076495265498757,0.7428478268146514
1788862271400695000,0.505695068359375,-3.7651200110048055,-4.371794111266732,1.3593050699442624
1788862271410701000,0.515701171875,-3.3462323356330392,-4.295405868113041,1.0300865595817565
1788862271420707000,0.52570703125,-2.0248867017269134,-3.8252085690036415,-0.3480149807691574
1788862271430713900,0.5357138671875,0.8410410745412111,-2.1420888935670255,-3.9451393090248104
1788862271440720100,0.54572021484375,2.7877111486434933,0.633117286029458,-8.983466069188713
1788862271450727000,0.555726806640625,2.213659215044975,3.756835582262277,-13.438964884102344
1788862271460733000,0.56573291015625,-0.35547698721289633,3.1814041770040986,-10.592539680683613
1788862271470739000,0.575739013671875,-2.2354802939698097,-1.9988123492717742,-5.407058365747332
1788862271480746000,0.58574609375,-3.2031749870464203,-4.923126263535022,-2.335296466723084
1788862271490752000,0.595751953125,-4.567906758214533,-5.661541076338291,-2.489517891141772
1788862271500758000,0.605758056640625,-4.326805214983224,-5.679948255166411,-2.8526936161637306
1788862271510765000,0.61576513671875,-2.0852102375254034,-5.058793209609389,-2.582580205720663
1788862271520771000,0.62577099609375,-2.4178720202095807,-5.268480500662326,-2.8703789104580877
1788862271530777000,0.635777099609375,-3.379716672083735,-6.284146320703625,-2.1412387064784766
1788862271540783900,0.645783935546875,-3.5192858862936496,-6.522829989138245,-0.4736714049607515
1788862271550790100,0.6557900390625,-4.042916961687803,-6.038339668521285,2.3605016351282595
1788862271560797000,0.665796875,-3.8007951354980465,-5.591301418942213,5.646437615230679
1788862271570803000,0.675802978515625,-3.5944530632197855,-5.513169546991587,7.315123691645264
1788862271580809000,0.68580908203125,-3.6701311122775078,-5.448168959292769,7.98134829750657
1788862271590816000,0.69581591796875,-3.088933398577571,-5.693491042828559,7.76146460660994
1788862271600822000,0.705822021484375,-1.9600404278069734,-6.308675781804323,7.556409651532769
1788862271610828000,0.715828125,-0.8328810758959502,-7.246715341329574,8.641804841360448
1788862271620835000,0.7258349609375,0.8794804030507802,-8.151578607439994,11.05400334597826
1788862271630841000,0.735841064453125,1.9351666833132504,-8.881361200976372,13.268207335424423
1788862271640846800,0.745846923828125,2.2598902203440665,-8.526630063694714,14.724141472518443
1788862271650854000,0.75585400390625,1.6231329703770576,-7.477506210687756,14.67465117316246
1788862271660860200,0.765860107421875,-0.6084709205508232,-6.26815321727991,15.071866530430317
1788862271670867000,0.775866943359375,-3.940912046718597,-4.3556811808556315,14.38775847735405
1788862271680873000,0.785873046875,-6.767961518537998,-1.6704852347910404,12.801969295334816
1788862271690879000,0.79587890625,-8.990254706415534,1.0798954233676195,10.48918452014923
1788862271700886000,0.805885986328125,-9.740996501350402,1.7063456527233123,9.800902396258712
1788862271710892000,0.81589208984375,-6.018537235942483,-1.5053583854764698,9.424783018511533
1788862271720897800,0.825897705078125,-1.435600520247966,-3.057556263539195,6.143195881268381
1788862271730905000,0.835905029296875,2.2896686880141495,-2.7201252206265925,3.1733693391084667
1788862271740911000,0.8459111328125,3.8897491379752753,-3.8428976626902815,2.8320272602319716
1788862271750916900,0.855916748046875,3.874822494739294,-1.0937187815368175,-0.22981296423673628
1788862271760924000,0.865923828125,5.841111461547016,-1.2112813311219215,0.6583014116466045
1788862271770930200,0.87593017578125,9.743525143045186,-5.266843254849315,5.2493122743338345
1788862271780937000,0.88593701171875,-2.9659958779558537,5.54503709589541,-1.1364379793226718
1788862271790943000,0.89594287109375,-3.1458442033231258,5.458535455006361,-1.1385323212534189
1788862271800948700,0.90594873046875,-2.049372908207774,1.7520383133620023,-0.7465221314132213
1788862271810956000,0.9159560546875,-3.1149379006668925,3.530122922128439,-0.6376099212735891
1788862271820962000,0.925962158203125,-2.0257310435965654,7.233086628949642,-6.015818040111661
1788862271830967800,0.9359677734375,-0.6489584137618541,6.032733519077301,-5.847415530127287
1788862271840975000,0.94597509765625,-3.458088198009133,5.424914924955368,-5.6384659056991335
1788862271850981000,0.955981201171875,-4.227460459133982,5.060099031510949,-6.470221850022673
1788862271860987000,0.96598681640625,0.11389818185865878,3.2884090922176834,-4.973909525310993
1788862271870994200,0.975994140625,3.2055519453108308,3.3880700744092462,-4.223577480220794
1788862271881000000,0.986,1.4412538698345423,4.013152522543073,-4.055219393900036
1788862271891007000,0.996007080078125,-0.9135048377275466,4.773344282868504,-3.7691760083973405
1788862271901013000,1.006012939453125,-4.099721383449435,6.056548109906911,-2.051722686204314
1788862271911019000,1.01601904296875,-6.834833160805702,6.68399494908452,-1.6196785921394825
1788862271921026000,1.026026123046875,-7.409373754703998,6.20825024498105,-1.6428396874964237
1788862271931032000,1.036031982421875,-5.61184034910202,4.496122501724958,-1.990934747764468
1788862271941037800,1.046037841796875,-2.259999818198383,1.6597241868019104,-2.4565035102903843
1788862271951045000,1.056045166015625,-2.2233380207553504,1.702092086932063,-2.436348611012101
1788862271961051000,1.06605078125,-0.706988285665214,0.6641682578533887,-2.3378064037173987
1788862271971058000,1.076057861328125,0.030490999853610992,0.19208207625746726,-1.310981476280093
1788862271981064200,1.086064208984375,-0.5232949753075837,1.0949211430639028,-1.4516706344306467
1788862271991070000,1.096070068359375,-0.6263917771667241,2.0348586451649666,-2.334150219297409
1788862272001077000,1.106076904296875,-0.624316432197392,2.1852619726002214,-1.3862450993180273
1788862272011083000,1.1160830078125,-1.4215829546809196,3.4126258389949795,-0.2031295399725437
1788862272021089000,1.126089111328125,-2.067971225693822,5.325547372752427,-1.194672726148367
1788862272031096000,1.136095947265625,-1.847635114854574,4.858748776170611,-1.6873907768845557
1788862272041101800,1.146101806640625,-1.0550365841820835,4.481496595001221,-1.7019821968168019
1788862272051107800,1.15610791015625,-0.04215396511852741,3.5027789881289,-0.20094927332401274
1788862272061115100,1.166115234375,-0.1766647268950939,1.8388690400749443,-0.14598551099300383
1788862272071121000,1.176120849609375,0.5547779088079929,1.7430910367965697,-1.4652151756584644
1788862272081128000,1.1861279296875,2.7062451638340947,0.8991822978645563,-0.6280903977781533
1788862272091134000,1.196134033203125,1.9839934041939675,-3.1525919240176674,0.7976251266628503
1788862272101140000,1.206139892578125,0.5154308178037404,-6.116495505869389,0.10110475125908851
1788862272111147000,1.21614697265625,-1.5269593919098376,-6.601690175363421,0.9104279145002364
1788862272121152800,1.22615283203125,-3.012377982163429,-5.569873430988192,0.8247679851323366
1788862272131159000,1.236158935546875,-3.8953567487239837,-2.8130940117031336,-0.72498366882205
1788862272141166000,1.246166015625,-2.8675393031179905,-0.9969950218409299,-2.2625322592854498
1788862272151171800,1.256171875,-1.1036745044924319,-2.460064417642355,-0.7966033823996782
1788862272161179100,1.26617919921875,-0.6118593939453363,-2.351657234415412,-2.471975220188498
1788862272171185000,1.276184814453125,2.3583552707493305,-1.6728022795617579,-4.206200228962302
1788862272181191000,1.28619091796875,2.227494263651967,-7.411489139422774,0.7727619035631418
1788862272191198000,1.296197998046875,2.546076229187846,-6.402119789177179,0.5741577320605517
1788862272201204000,1.306203857421875,3.5432062755852938,-5.001836812156439,-0.7154203061848878
1788862272211210000,1.3162099609375,3.4778280867457387,-3.5630180605143305,-2.0324439852386713
1788862272221217000,1.326217041015625,1.1471154406815767,-3.29173502177,0.7550672569185495
1788862272231222800,1.336222900390625,-4.986173379078507,-1.6939982123255728,3.0063924780130384
1788862272241230000,1.34622998046875,-3.49739028082788,2.123724677097797,3.6581127577036616
1788862272251235800,1.35623583984375,-1.1387141075611114,5.278459458363056,2.629501823632419
1788862272261241900,1.366241943359375,-0.47893736266493797,4.575819138774276,2.280995259954035
1788862272271249200,1.376249267578125,0.023927403554320333,2.8862931034266945,2.8812840430930255
1788862272281255000,1.3862548828125,0.6829033534616231,2.4450579871684313,4.085098691596091
1788862272291261000,1.396260986328125,0.3317009748280048,2.068708892318606,4.656078085881472
1788862272301268000,1.40626806640625,-0.8817880954712629,2.0799358042538163,6.547204551938176
1788862272311274000,1.41627392578125,-1.788604249215126,2.55929226911366,6.809619224572181
1788862272321280000,1.426280029296875,-1.6358628342211246,3.3266923533827066,6.093840606468915
1788862272331286800,1.436286865234375,-1.3730290593922136,3.169392836692929,5.407462270373106
1788862272341292800,1.446292724609375,-1.3336112412393093,2.4243916312366722,5.21629087921977
1788862272351300000,1.456300048828125,-1.7970868308782577,1.3127321193397044,5.104753581273555
1788862272361305900,1.466305908203125,-1.637760192275047,2.693973126760125,4.300887222133577
1788862272371311900,1.476311767578125,0.1357341660916805,4.34031702298522,1.889786157363653
1788862272381319200,1.486319091796875,0.957292541527748,5.044824890011549,0.04451923294514418
1788862272391325000,1.496324951171875,0.6484931343376636,5.420220629659295,-1.8516081101387738
1788862272401332000,1.50633203125,0.3064963909447193,5.8165621267020695,-4.0262066499054425
1788862272411338000,1.516337890625,0.5603086549282074,6.300950155988335,-4.712586155045032
1788862272421344000,1.526343994140625,1.1179045437663793,6.890184461149573,-4.870864161378145
1788862272431351000,1.53635107421875,1.7914865266531705,6.2225593408405775,-4.67926139307022
1788862272441356800,1.546356689453125,2.010655347278714,5.276835072031617,-4.722626195283234
1788862272451363000,1.556363037109375,2.009090582180023,5.015311210757494,-4.659190664944052
1788862272461370000,1.5663701171875,1.8919687620997427,4.0682881343096495,-4.912980717095732
1788862272471376000,1.5763759765625,2.1784400176256895,1.996263249310851,-4.885556703597307
1788862272481382000,1.5863818359375,1.8386872537672518,-1.6958955703794956,-3.6596585258409378
1788862272491388700,1.596388671875,0.04142046321220696,-1.758077593526244,-1.892164284671843
1788862272501394700,1.606394775390625,2.1239532251566646,2.620397018417716,-1.1464211748071014
1788862272511402000,1.616402099609375,4.428268862682581,4.699003619894385,-0.9669854488287121
1788862272521407700,1.62640771484375,4.418752846318483,5.340064558404684,-0.8447497928660362
1788862272531413800,1.636413818359375,3.3610283382266757,5.529598703745007,-1.1309827826566994
1788862272541421000,1.646421142578125,-0.17094576472640036,3.834226280456781,-1.0461743555516003
1788862272551426800,1.6564267578125,-2.5050340247035026,1.8862685046315193,-0.380783862426877
1788862272561433900,1.666433837890625,-1.4110902022391556,1.1309954960078001,0.0026953034985810515
1788862272571439600,1.676439697265625,-1.359928754800558,-0.2067553292542696,0.653190352243185
1788862272581446000,1.68644580078125,-2.116533888810873,-2.2691776886492967,1.4878133764356374
1788862272591453000,1.696452880859375,-1.7088707872867583,-3.488103397044539,1.7166190633259713
1788862272601458700,1.706458740234375,-0.25307035957500335,-3.4900007550984617,1.3208417760372162
1788862272611464700,1.716464599609375,0.5738683937251567,-4.185281944096088,0.8432841772928833
1788862272621472000,1.726471923828125,1.73652568693161,-10.552442648094893,1.0997696060083806
1788862272631477800,1.736477783203125,3.3097657685011623,-28.41777085351944,4.353270612582564
1788862272641484800,1.74648486328125,2.443244800266623,-30.53337301443815,4.904823714125156
1788862272651490800,1.75649072265625,0.3942753582932055,-18.89888214885592,3.503381337936222
1788862272661496800,1.766496826171875,-0.8444451838962733,-6.75413757584691,1.4331259468279778
1788862272671504000,1.77650390625,-1.4027584272235631,1.1087895094186067,-0.25203933602683243
1788862272681509600,1.786509521484375,-0.8971183510720729,3.995610436111688,-1.0277966220136732
1788862272691516000,1.796515869140625,-0.10550196330472826,3.1991414937466383,-1.4534664318062365
1788862272701523000,1.80652294921875,0.4026104943096637,2.4057582424372432,-1.6605200133547187
1788862272711528700,1.81652880859375,0.4723663137115538,2.2812422204524276,-1.2112570003982632
1788862272721536000,1.826535888671875,0.33406887300312516,1.5078092857599257,-0.5821234502427279
1788862272731541800,1.836541748046875,0.31528760016560553,0.33360359357893465,0.19206658642739055
1788862272741547800,1.8465478515625,0.5818599770009517,-0.6048422086596489,0.7929229403212666
1788862272751555000,1.85655517578125,0.6063419456981122,-1.0629682539641856,1.1173761359781027
1788862272761560800,1.866560791015625,0.38599253698587416,-1.0212632016569376,1.145204200232774
1788862272771566800,1.87656689453125,0.20869236173145472,-0.45435061841905117,0.8947644083570688
1788862272781574000,1.886573974609375,0.22820954762808976,0.12114449972510337,0.4927694155972451
1788862272791580000,1.896579833984375,0.22191768094226716,0.5490262134134769,0.1870791534036398
1788862272801587000,1.9065869140625,0.1570709686309099,0.6243944658696651,0.05551467421203851
1788862272811592700,1.9165927734375,0.1327022510498762,0.41545945448875427,0.10624671725742518
1788862272821598700,1.9265986328125,0.1615912225343287,0.28790625676512716,0.23204276911541818
1788862272831606000,1.93660595703125,-0.07539221785366534,-0.16862521282434462,0.39514688043072815
1788862272841611800,1.94661181640625,-0.2643587924391031,-0.36863925112485885,0.530985822071135
1788862272851617800,1.95661767578125,-0.0732681383717805,-0.3267915754765272,0.6105869628567249
1788862272861624800,1.966624755859375,-0.00913205854780972,-0.21386253091096877,0.6340358621791005
1788862272871630800,1.976630859375,0.09062778090834617,-0.1039987191349268,0.5948509759992361
1788862272881638000,1.986637939453125,0.1823158845245838,-0.013667290824651717,0.5113217750497162
1788862272891643600,1.9966435546875,0.3133165923535824,0.07645020247399807,0.350720878726989
1788862272901650000,2.00664990234375,0.4411982183139771,0.10267419253289699,0.16088395104780792
1788862272911657000,2.016656982421875,0.5552308402072638,0.17272914101183415,-0.04949914024956524
1788862272921662700,2.026662841796875,0.6605768092326819,0.2132780090212822,-0.19140088906027375
1788862272931668700,2.036668701171875,0.6859509044639766,0.23399112670421598,-0.25310659993216394
1788862272941675800,2.04667578125,0.6632375528745352,0.2718897724658251,-0.21691395437084138
1788862272951681800,2.056681884765625,0.44403724113218485,0.17726327731013297,-0.03700885731503367
1788862272961688800,2.066688720703125,0.07679623943269252,-0.043515316599607466,0.2652664818685502
1788862272971694800,2.07669482421875,-0.05648001211285591,-0.1056757124364376,0.6735869513228535
1788862272981700900,2.086700927734375,0.1888297233980149,0.02946048776209354,1.0786461539588867
1788862272991708000,2.0967080078125,0.8676086904060095,0.12515958058536053,1.3467270356610417
1788862273001713700,2.106713623046875,1.4337299040704965,0.11780220355987549,1.2519959110870957
1788862273011721000,2.116720947265625,1.500087751597166,0.23376550125479698,0.8005541658520698
1788862273021726700,2.126726806640625,1.3044757476478814,0.4557078782469034,0.22245807142928242
1788862273031732700,2.136732666015625,1.0094728106200694,0.5203425552427768,-0.2574291393063962
1788862273041740000,2.146739990234375,0.5778430695097894,0.4132534688770771,-0.5607976805541665
1788862273051745800,2.156745849609375,0.2311415824919939,0.15853870309591292,-0.7625449723880737
1788862273061751800,2.166751708984375,-0.020534838506579396,-0.2793763288289308,-0.9111408850751817
1788862273071758800,2.1767587890625,-0.32024843744337556,-0.6647001727730035,-1.038792940063402
1788862273081764900,2.186764892578125,-0.7973387109369039,-0.9546388121485709,-1.082734738446772
1788862273091772000,2.19677197265625,-1.2842448605239392,-0.9421101699650287,-0.9594142098568379
1788862273101777700,2.206777587890625,-1.5052040716975927,-0.4924252052694559,-0.6105772451803088
1788862273111783700,2.21678369140625,-1.470605636525154,0.2448649874180555,-0.12309139600917696
1788862273121791000,2.226791015625,-1.287354224716127,0.7154542084544897,0.373970967541635
1788862273131796700,2.236796630859375,-1.015585082955286,0.7652338461458682,0.8042285435158759
1788862273141802800,2.246802734375,-0.7098719513427466,0.5254740729123354,1.1243457557950167
1788862273151810000,2.25681005859375,-0.4816179800510406,0.11512801591455936,1.457191882070154
1788862273161815800,2.26681591796875,-0.4001765451610088,-0.36707273246049876,1.7232456418588757
1788862273171822800,2.27682275390625,-0.4184060293346643,-0.7325701784282922,1.8267177067711948
1788862273181828900,2.286828857421875,-0.45348779104463754,-0.5481821638047695,1.7291497513361274
1788862273191835000,2.2968349609375,-0.7869323946695774,-0.39780280176699157,1.796509907773137
1788862273201842000,2.306842041015625,-1.0856628277879208,-0.14013678496479987,1.8467615468904375
1788862273211847700,2.31684765625,-1.2503192100465297,0.36810382907390593,1.863772156793624
1788862273221853700,2.326853759765625,-1.3541180226951837,0.8014046452015637,1.9970560071237384
1788862273231861000,2.336861083984375,-1.3000392265051604,0.9824971254110336,2.1693042327508327
1788862273241866800,2.34686669921875,-1.198801788777113,0.9461042080372571,2.3146622594952584
1788862273251873800,2.356873779296875,-1.0165005172997712,0.7509259193301201,2.4506213203839957
1788862273261879800,2.3668798828125,-0.9242875130265951,0.45675709503889084,2.5372631003960966
1788862273271885800,2.3768857421875,-0.846761205753684,0.18889643195867536,2.502052963066101
1788862273281892900,2.386892822265625,-0.6493553041249513,0.06827624836862087,2.349745993966609
1788862273291899000,2.39689892578125,-0.3958914517203346,0.11658698255121708,2.08291759654358
1788862273301905000,2.40690478515625,-0.18263269538879393,0.2326087324351072,1.8012775605663656
1788862273311912000,2.416911865234375,-0.0021031462917104364,0.36745734786391254,1.513036665019393
1788862273321917700,2.426917724609375,0.1531587636232376,0.42837388111948965,1.315187403537333
1788862273331925000,2.436925048828125,0.21982465418577193,0.39171500628590583,1.188972760941088
1788862273341930800,2.4469306640625,0.16474691008627415,0.36671617410778995,1.1063614054888486
1788862273351936800,2.456936767578125,0.10410915723945945,0.34093700520694253,1.0657660679891705
1788862273361944000,2.466944091796875,0.17900566399805246,0.2794593309372663,1.0479697145357727
1788862273371949800,2.47694970703125,0.4690290955802425,0.1483487329930067,1.056540193678066
1788862273381955800,2.486955810546875,0.5775070424884557,-0.07627133877575397,1.0487463979966938
1788862273391963000,2.496962890625,0.2787713121404871,-0.41569793941974637,1.0110117106251417
1788862273401969000,2.506968994140625,0.17212006920278072,-0.5722983679294585,1.1389326456826179
1788862273411976000,2.516975830078125,0.35740532492697236,-0.20358254443705082,1.3955173700541257
1788862273421981700,2.526981689453125,0.9828677122890949,0.39120296511054037,1.855134238438308
1788862273431987700,2.53698779296875,1.593008027356863,0.5218254872769117,2.106100465340912
1788862273441995000,2.5469951171875,1.9145219546914098,0.47188218345642086,1.7956291794158517
1788862273452000800,2.557000732421875,1.8815227714091538,0.43366380422115325,1.2559633534133434
1788862273462007800,2.5670078125,1.6155676496893168,0.3389636593073606,0.8399722762659192
1788862273472013800,2.577013916015625,1.5985165616452692,0.11493979986608027,0.554075094300881
1788862273482020400,2.587020263671875,1.8395161058068275,-0.28673429037630555,0.33731464999131855
1788862273492027600,2.597027587890625,1.935603905686736,-0.8552303434133529,0.1266189125481993
1788862273502033400,2.607033447265625,1.7514765878260135,-1.419267663475871,-0.21352135279048232
1788862273512039400,2.617039306640625,1.8185814543277024,-1.6127087531268596,-0.6810572141382842
1788862273522046500,2.62704638671875,1.9999287860810755,-1.6788772155612706,-1.2138979433611035
1788862273532052500,2.637052490234375,1.9761516046524046,-1.9756980156660078,-1.849410892355442
1788862273542059500,2.6470595703125,1.901088472622633,-2.730118791374564,-2.5335575238764285
1788862273552065300,2.657065185546875,2.2250702513754366,-3.807014448404312,-3.468998591341078
1788862273562071600,2.667071533203125,3.323388051140308,-4.859745385992527,-4.513965909190476
1788862273572078600,2.67707861328125,4.669778109931945,-5.604061531794071,-5.46288312882185
1788862273582084400,2.68708447265625,5.318453615099191,-5.484917850497364,-6.317016324648261
1788862273592090400,2.69709033203125,5.092033215910196,-3.9937440577179193,-6.607164807382226
1788862273602097400,2.707097412109375,4.549416869539022,-1.4287503620922564,-6.154020642143488
1788862273612103400,2.717103515625,3.6205145561933514,1.3438205005645751,-5.365522240266204
1788862273622110500,2.7271103515625,2.4231436770021912,3.17964885776937,-4.088408546796441
1788862273632116500,2.737116455078125,1.778915214371681,4.083153695008159,-2.280737047409266
1788862273642122500,2.74712255859375,1.506510478121042,4.0145395929872985,-0.14701178530082107
1788862273652129500,2.757129638671875,0.6656745707631111,2.945407555696368,2.0254645016148687
1788862273662135300,2.76713525390625,-0.7032195807814597,1.0422294173181057,3.719521458390355
1788862273672142600,2.777142578125,-1.8247510828733444,-1.3472212489187716,4.7064627037286755
1788862273682148400,2.7871484375,-2.350319848331809,-3.644859892898798,4.71515483648926
1788862273692154400,2.797154296875,-2.7700328686118123,-5.197613651278615,3.3921146736249326
1788862273702161700,2.80716162109375,-3.7432226519733667,-5.964378944775461,1.6014698584929108
1788862273712167400,2.81716748046875,-5.3837248364329335,-5.491788320788741,0.2573722945526242
1788862273722173400,2.82717333984375,-6.623948184400796,-3.7228666771650314,-0.3420972811579704
1788862273732180500,2.837180419921875,-6.937676280164718,-1.4926193154126406,-0.5013172445163131
1788862273742186500,2.8471865234375,-6.652651131793856,0.4692436516463756,-0.7135048279523849
1788862273752193500,2.857193603515625,-5.981814063701033,1.7399848874747752,-1.6106123653694986
1788862273762199300,2.86719921875,-4.255409373289346,2.123387407967448,-2.9455095547661183
1788862273772205600,2.87720556640625,-1.6877952660322189,1.1255898375719786,-4.129617924541234
1788862273782212600,2.887212646484375,0.9659218381851911,-0.5494353787362575,-5.043402748253941
1788862273792218400,2.89721826171875,3.569972117435932,-1.5361170963555573,-5.0843420768857
1788862273802225700,2.9072255859375,4.587770273330808,-1.5340186627715826,-4.241533115889132
1788862273812231400,2.9172314453125,2.7211528101086615,-1.1415250733286142,-2.8739079613670704
1788862273822237400,2.927237548828125,0.0664017597336322,-0.45042730749547477,-0.7006725266471505
1788862273832244500,2.937244384765625,-0.6347246481608599,0.14012041835188865,1.4020242677301167
1788862273842250500,2.94725048828125,0.2605318545620888,-0.03623509646356106,2.078881326764822
1788862273852256500,2.957256591796875,0.5275595739495009,-0.8369324701786041,1.0979594878464936
1788862273862263600,2.967263671875,0.25492870079278945,-1.2596861733287572,-0.5553396343439817
1788862273872269300,2.977269287109375,0.9774188722986727,-0.5000280814886093,-2.121571298456192
1788862273882276600,2.987276611328125,1.8112047880798576,-0.4406938489884138,-3.6136698048651215
1788862273892282400,2.997282470703125,2.417176293030381,-1.6652864971041679,-5.086531111362576
1788862273902288400,3.007288330078125,1.9334458508700132,-2.695658887889981,-6.182938693591952
1788862273912295700,3.017295654296875,0.046850525436922905,-3.647151803228259,-5.676610635176301
1788862273922301400,3.027301513671875,-2.8199703272134062,-4.577094565537571,-3.0822090587586164
1788862273932308500,3.03730859375,-5.440531011760235,-5.29639317446053,0.15154840581715107
1788862273942314500,3.047314453125,-6.6468450758636,-5.469064447805285,2.98589271081984
1788862273952320500,3.057320556640625,-6.072865038457513,-5.3346127227395765,5.335058128419518
1788862273962327600,3.06732763671875,-3.6364591443002223,-4.972773799279332,6.5573249639362094
1788862273972333300,3.077333251953125,-0.6991467053193599,-4.4116953290224075,6.466922223955392
1788862273982340600,3.087340576171875,1.3697224190622568,-3.7861680597305294,5.210871192258596
1788862273992346600,3.0973466796875,2.8761826283007856,-3.1506098102897404,2.955170824819803
1788862274002352400,3.107352294921875,2.567315416571498,-2.203248880189657,0.7393366038233041
1788862274012359400,3.117359375,-0.29237792228646575,-1.5003648149728774,-0.26847441106438635
1788862274022365700,3.12736572265625,-4.462327784150839,-1.5858958572641013,0.28323534234464165
1788862274032371500,3.137371337890625,-7.954928492614626,-2.2035683214023707,1.267174483257532
1788862274042378500,3.14737841796875,-8.560729317173362,-3.1376743408709764,2.0027321530640125
1788862274052384300,3.15738427734375,-6.6172688527673476,-4.14462990797311,3.214658796352148
1788862274062391600,3.1673916015625,-3.9490918460428714,-4.626447794510423,4.477759746560454
1788862274072397600,3.1773974609375,-1.8788328016728162,-4.008880836573243,4.699064410170912
1788862274082403300,3.1874033203125,-0.5828875664830208,-2.818920525899529,3.893382818302512
1788862274092410600,3.19741064453125,0.08087327961325645,-1.6690733221665024,2.8167215545505284
1788862274102416600,3.207416748046875,-0.6783727973598986,-0.8623647253379225,1.9856413175314664
1788862274112423400,3.21742333984375,-2.6199498591721055,-0.6527846940517426,1.7179805609375238
1788862274122429400,3.227429443359375,-4.01843543138206,-1.0487944749221205,1.8819371974289416
1788862274132435500,3.237435546875,-3.387697149443626,-1.753485443430394,2.2373498872339725
1788862274142442500,3.2474423828125,-1.9147879121512172,-2.1121587424665687,2.738908831551671
1788862274152448500,3.257448486328125,-2.0300386776626107,-1.9840197076790034,3.1236697809159755
1788862274162454300,3.267454345703125,-2.0748541170753536,-1.6258797848671673,3.0389784043192862
1788862274172461600,3.277461669921875,-1.4560913734823464,-1.3253726974651217,2.9910972937256095
1788862274182467600,3.287467529296875,-1.3320780403226613,-0.7579168741960078,2.833001658222079
1788862274192474400,3.297474365234375,-2.043214385578036,0.1590440953347832,2.6745857047230004
1788862274202480600,3.307480712890625,-2.9004356105476616,0.6830757874190807,1.9729969400137661
1788862274212486400,3.317486328125,-1.6631436398565769,0.4993287010475993,1.309873807299137
1788862274222493400,3.327493408203125,-0.28825916185602546,0.010087094250321388,0.7275292616516351
1788862274232499500,3.33749951171875,-0.18859306509792803,-0.2733615437851287,0.8728589390844106
1788862274242506500,3.347506591796875,-1.4337790039092302,-0.36189112857151773,1.5220441473394632
1788862274252512500,3.357512451171875,-1.9671499675512312,-0.584312082860805,2.1062246762424706
1788862274262518500,3.3675185546875,-1.2115871091354637,-0.5254892339488492,2.248063004428148
1788862274272525600,3.377525634765625,-0.8366764495909214,0.034834938208898526,2.475903791809082
1788862274282531600,3.387531494140625,-1.0508166283994913,0.6554370351914316,2.714780352467298
1788862274292538400,3.397538330078125,-1.2639251260727644,0.6092608288194984,2.7549077801942823
1788862274302544400,3.40754443359375,-0.8738977075476199,0.01384398083211854,2.677653860121965
1788862274312550700,3.417550537109375,-0.21765490893125533,-0.15104765322078018,2.829849916192889
1788862274322557400,3.427557373046875,-0.14345613864585757,0.07833961468348279,2.5716899783939122
1788862274332563500,3.4375634765625,0.3871480636965483,0.505915897418186,2.3197312333226203
1788862274342569500,3.447569580078125,1.0904844757907093,0.20465196376685052,2.0919377922147513
1788862274352576500,3.457576416015625,0.36560265990793706,-0.029665399217046796,1.8730442813992498
1788862274362582500,3.46758251953125,-0.6042598787270486,-0.34304139360766855,1.7329706247985361
1788862274372589600,3.477589599609375,-0.816683316745609,-0.5861529980197548,1.544528950870037
1788862274382595600,3.487595703125,-0.3648205696195364,-0.542484025228396,1.4625754748046398
1788862274392601600,3.4976015625,0.09453706330657005,-0.4333130545547232,1.5826590672999619
1788862274402608400,3.5076083984375,0.13367540693096816,-0.6392608302857726,1.8833944104999303
1788862274412614700,3.51761474609375,0.1024615726955235,-0.8459221245810389,1.7692074748277664
1788862274422621400,3.527621337890625,0.5511756465323269,-0.7790079583458602,1.48221365673244
1788862274432627500,3.53762744140625,0.7048533194631338,-0.5037188988305628,1.4438883099913595
1788862274442633500,3.547633544921875,0.1279003306608647,-0.4134444248719141,1.491827288252115
1788862274452640500,3.557640625,-0.3990696068324148,-0.4617153750333935,1.2880471754163503
1788862274462646500,3.567646484375,-0.4057682276882231,-0.5532768200626597,1.113093344092369
1788862274472653300,3.5776533203125,-0.3645559273339808,-0.5263399690266698,1.0793185002624988
1788862274482658800,3.587658935546875,-0.4111509436398744,-0.6687587274488062,0.8852560638427733
1788862274492664800,3.597664794921875,0.3193265733581036,-1.18928394578211,0.788272776427865
1788862274502672000,3.607671875,0.9323130716372281,-1.2101538614619523,0.8313269052565098
1788862274512678000,3.617677978515625,0.8002297562032937,-0.3295218772232532,0.6953583458870649
1788862274522685000,3.627684814453125,-0.029006387319043276,-0.22627171143330632,0.7615297309309244
1788862274532690700,3.637690673828125,-0.15732107093445954,-0.40345052533037956,1.2192857738792895
1788862274542697000,3.647697021484375,-0.719582686561346,-0.23852124441452324,1.1672884601384401
1788862274552703700,3.657703857421875,-1.4076146350830792,-0.17071882410272954,0.7469792275309562
1788862274562709800,3.667709716796875,-0.8273708611071109,-0.19200638067275286,0.9344313059002161
1788862274572715800,3.6777158203125,-1.357670162218809,-0.4534852337613702,0.5219979212343693
1788862274582722800,3.687722900390625,-1.5848445946455,-0.469410824906826,0.2950999676615
1788862274592728800,3.697728759765625,-1.12825408834517,0.23472747815474868,0.4328565794914961
1788862274602735900,3.70773583984375,-1.3595125752151012,0.9180226074129343,0.48040158999860283
1788862274612742000,3.717741943359375,-2.303904718637466,1.6506642436422407,0.6487456477940082
1788862274622748000,3.727747802734375,-2.301743156689405,1.8248593655534087,1.076712701678276
1788862274632754700,3.737754638671875,-2.055376532536745,1.346402772142738,0.8596236099362373
1788862274642760700,3.7477607421875,-2.2281308079898356,0.6267690860465168,-0.16146423515379427
1788862274652768000,3.75776806640625,-2.2107786911725995,0.08461144322827457,-0.8627303437799215
1788862274662773800,3.767773681640625,-2.3216122247636317,-0.7357438400283456,-1.7199246807426214
1788862274672779800,3.77777978515625,-2.7549334991574286,-1.0970099320366977,-2.972948473572731
1788862274682786800,3.787786865234375,-2.777380308765173,-0.6110667822629213,-2.948490324142575
1788862274692792800,3.797792724609375,-2.9661972457468506,-0.019584698174893854,-2.0179221234112976
1788862274702800000,3.8077998046875,-3.654040393698215,-0.2268783720895648,-0.7785323036581278
1788862274712805600,3.8178056640625,-3.4742125265970825,-1.1634256472304463,1.153929796871543
1788862274722812000,3.82781201171875,-3.2250574407696724,-1.5934093016341329,1.9449007263422011
1788862274732819000,3.83781884765625,-3.2140053008794784,-1.4931708118155598,0.7015992861032485
1788862274742824700,3.84782470703125,-2.7929943497434255,-1.777848461923003,-1.0527782838612794
1788862274752832000,3.85783203125,-2.007050600785017,-2.196937797346711,-2.018691354218125
1788862274762837800,3.867837646484375,-0.22546938207447528,-2.478408760367334,-1.5322756184965372
1788862274772843800,3.87784375,1.04111151920408,-2.0492118724271653,-0.3670207100123167
1788862274782850800,3.887850830078125,0.26210078437924383,-1.149269111584127,0.5409644875109195
1788862274792856800,3.89785693359375,-1.378467158792913,-0.19214608140438794,1.1477245124906301
1788862274802863900,3.90786376953125,-2.4737170954197643,0.2170578198209405,1.818852672484517
1788862274812870000,3.917869873046875,-3.0410686545968053,0.18212591491043567,2.1714999892294404
1788862274822875600,3.927875732421875,-3.116519909161329,-0.5482049601584673,2.3404829294502734
1788862274832883000,3.937883056640625,-1.8696183986037969,-1.5959280064567922,1.4613859727591276
1788862274842889000,3.947888916015625,-0.24776830764412877,-2.5667019608482717,-0.8224801664561032
1788862274852895700,3.957895751953125,0.9576213350906968,-3.093772655302286,-2.9657927565991877
1788862274862902000,3.967902099609375,1.798210866472125,-3.2716265919819474,-3.655469549718499
1788862274872907800,3.97790771484375,2.5105787993490694,-3.1614974072679876,-3.4706261925429103
1788862274882914800,3.987914794921875,3.1419051103085276,-2.1294252268269656,-3.2159196100682017
1788862274892920800,3.9979208984375,2.709043854641914,-1.3385530815556645,-2.5246213532269
1788862274902928000,4.007927978515625,1.6953157246649264,-0.8249559089198708,-1.9910294403105973
1788862274912934000,4.017933837890625,0.21560206805467605,-0.9454378530830144,-1.460898481503129
1788862274922940000,4.02793994140625,-0.6716448773443698,-1.4456035894766448,-1.0394412479043007
1788862274932947000,4.037947021484375,0.09359072236716746,-1.2847905117079614,-1.3351532099843024
1788862274942953000,4.047952880859375,1.4687673151820897,-0.6399810343191027,-1.8490683625280857
1788862274952959700,4.057959716796875,2.175919559237361,-0.0019245383217930793,-2.0896406211882828
1788862274962966000,4.067966064453125,2.2215216189831493,0.28894086050987244,-1.5413433065712452
1788862274972972000,4.077971923828125,2.1570126141935586,0.24893472107499837,-0.8659966520994901
1788862274982978800,4.087978759765625,2.0578853004872797,0.3161190825536847,-0.9028338061094283
1788862274992984800,4.09798486328125,1.7597066560328005,0.32816111026406286,-1.4979460633933543
1788862275002991900,4.107991943359375,1.8757266523510217,0.003833586813509464,-1.1948416529744863
1788862275012998000,4.117997802734375,1.2317875280559063,-0.20886136162281035,-0.30875849065780636
1788862275023004000,4.12800390625,0.07880407212376594,-0.5998366554573178,0.03556815698742866
1788862275033011000,4.138010986328125,-0.5717962636262178,-0.8606234346285462,-0.05915536880195141
1788862275043017000,4.148016845703125,-0.8681921163171529,-0.5937845158115029,-0.15687018536180256
1788862275053023700,4.158023681640625,-0.21834756737053393,-0.28560090243220326,0.6135816876932978
1788862275063029800,4.16802978515625,0.5368190582692622,0.16868834118843076,1.111336563552916
1788862275073036000,4.1780361328125,1.2694950351595877,0.45861529012620444,1.556140478208661
1788862275083042800,4.188042724609375,0.5297416672289371,0.43221068280339237,2.2112205897212025
1788862275093048800,4.198048828125,-0.05630348650217056,-0.008946692043542861,2.6001415813744067
1788862275103056000,4.208055908203125,-0.5854127010464668,-0.09270108005106449,2.4288985872671005
1788862275113062000,4.218061767578125,-0.4043640599787235,0.06733107647299766,2.5543168187886476
1788862275123068000,4.22806787109375,0.008442834174633025,0.21728052266091108,2.7628929337292907
1788862275133074700,4.23807470703125,0.12625672817230224,0.5597638805270194,2.846980206952989
1788862275143081000,4.2480810546875,-0.39353988362550735,0.8424933191761373,2.8739716742530463
1788862275153087700,4.258087646484375,-0.1836754824399948,0.7830427668198943,2.6845085483223197
1788862275163093800,4.26809375,0.7670002712965012,0.13188625849187374,2.1852345000714064
1788862275173099800,4.278099853515625,1.144018643710017,-0.45388270864635705,1.6859347328573464
1788862275183106800,4.28810693359375,0.4449316326886415,-1.178924537396431,1.7005100784376264
1788862275193112800,4.29811279296875,0.093371526658535,-1.6609271328508852,2.066320974268764
1788862275203119900,4.308119873046875,-0.04223053748607635,-1.5562269874483345,2.140012379553914
1788862275213126000,4.3181259765625,-0.22023849568367004,-0.888697728729248,1.414689834166318
1788862275223132000,4.3281318359375,-0.34594577327966686,0.1582780063331127,-0.11962065115869044
1788862275233138700,4.338138671875,-0.15100772306919097,0.5888876836806536,-0.9989996396616101
1788862275243144700,4.348144775390625,0.3693406773924827,0.17593115192353725,-1.1151944080248475
1788862275253152000,4.358152099609375,0.8561065417259931,0.012761866417527199,-1.8158366856642065
1788862275263157800,4.36815771484375,1.1427239277243613,0.21924890012443066,-2.504287005728483
1788862275273163800,4.378163818359375,1.5572808804154394,0.38125849420130253,-2.0839067537114024
1788862275283170800,4.3881708984375,2.1348130573451516,-0.0632294863730669,-1.2948404888182878
1788862275293176800,4.3981767578125,2.226809788519144,-0.7014104855328798,-0.6765167942296714
1788862275303184000,4.408183837890625,0.7931997114360332,-0.4490682941019535,-0.4836760816246271
1788862275313189600,4.418189697265625,-0.949379284185171,0.2435328620314598,-0.05953918048776686
1788862275323196000,4.42819580078125,-1.2668266927331686,-0.04060030593574047,0.5884192624513059
1788862275333203000,4.438202880859375,-0.542731497183442,-0.6967232044994831,0.47153395454064007
1788862275343208700,4.448208740234375,-0.3503939848601818,-0.591930704638362,-0.05257810930348932
1788862275353216000,4.458216064453125,-0.13828268153071402,0.051832478567957876,-0.03156045571602881
1788862275363221800,4.4682216796875,0.20731588574647902,0.38020109410285946,0.36356698936186727
1788862275373228800,4.478228759765625,1.100258412438631,0.5166659125566482,0.5465643533445894
1788862275383234800,4.48823486328125,1.6167074673742055,0.8192962757229805,0.535353661891818
1788862275393240800,4.49824072265625,1.1114841553300618,1.0474567965775727,0.5595310216192155
1788862275403247900,4.508247802734375,-0.2603366973161697,1.1929910566717385,0.23253186780661342
1788862275413254000,4.51825390625,-1.2695008803784846,0.8265601292461157,-0.7617629551649093
1788862275423261000,4.528260986328125,-0.923349355393648,0.09004208997488021,-1.1264563912734389
1788862275433267000,4.538266845703125,-0.8985837474495172,-0.08166296868622303,-0.8307694175042212
1788862275443272700,4.548272705078125,-0.9384060547500849,-0.2851683562338352,-0.06943776642866432
1788862275453279700,4.55827978515625,-1.0518792891949416,-0.5125514629751443,0.18395408018566667
1788862275463286000,4.5682861328125,-0.6037433075070381,0.061171969321370125,0.9436892558500171
1788862275473292800,4.578292724609375,-0.7928758863091468,1.0492495252132414,1.7436730744682252
1788862275483298600,4.588298583984375,-0.42436347643434996,0.885049727615714,1.8825906929016112
1788862275493304600,4.5983046875,0.33086101687252517,-0.20582593944966793,1.8325369144439696
1788862275503311400,4.608311279296875,-0.022535656934976576,-0.8899737400144339,1.4607783622547983
1788862275513317600,4.618317626953125,-1.1466928313553333,-0.8367039221197367,0.9087953448623418
1788862275523324400,4.628324462890625,-2.041511673313379,-0.8005588420271873,0.4997722800966352
1788862275533330400,4.638330322265625,-1.9820751494824884,-0.9611106385111808,0.7238920741930603
1788862275543337500,4.64833740234375,-1.5710060389071703,-0.9159387868762016,0.8636313842728733
1788862275553343500,4.658343505859375,-1.264289283210039,-0.7151081714957952,0.37883587016426024
1788862275563349500,4.668349609375,-0.8277239123284816,-0.3745055128097534,0.019187150224670768
1788862275573356300,4.678356201171875,-0.07692424972653389,0.06095803430974483,0.3314848478592932
1788862275583362600,4.688362548828125,0.35447745478153225,0.5355068066269159,0.6725418992493302
1788862275593369600,4.69836962890625,0.30268063204884527,0.8065513604402542,0.5383930295877158
1788862275603375400,4.708375244140625,0.48732057560682296,0.8997866934984922,0.3791805919487029
1788862275613381400,4.71838134765625,0.6843816093206405,0.9537029926031827,0.6345663888592272
1788862275623388400,4.728388427734375,0.3458189320296049,0.938551016178727,1.05700868797265
1788862275633394400,4.73839453125,0.06610124241709708,0.8972826017230748,1.1012006617248058
1788862275643401500,4.7484013671875,-0.010138532176613807,0.9308341581910848,0.5569366942770779
1788862275653407500,4.758407470703125,0.02694996624588966,0.8800538190245628,-0.10650237251892686
1788862275663413500,4.76841357421875,0.05562894824147224,0.9158750739902257,-0.426573919025436
1788862275673420500,4.778420654296875,0.006106500181555748,0.9416700249820947,-0.6737753865670413
1788862275683426300,4.78842626953125,-0.5577969643682241,0.8140764952480792,-1.0061357751518487
1788862275693433600,4.79843359375,-1.3451321676850319,0.714487409248948,-0.7626177453633397
1788862275703439400,4.808439453125,-1.825611499094963,0.5519786334782838,-0.03902721140012145
1788862275713446400,4.8184462890625,-1.4370663550168274,0.07360884156823158,0.4665196335099637
1788862275723452700,4.82845263671875,-0.8693740195780992,-0.22066461214125155,0.4113709430661052
1788862275733458400,4.83845849609375,-0.16203648208379745,0.10329787738919258,0.22657566281594335
1788862275743465500,4.848465576171875,0.06323883872330188,0.7491279299974442,0.3338550110567361
1788862275753471500,4.858471435546875,0.0494914683997631,1.0175281067818402,0.5031532277718186
1788862275763478500,4.868478515625,-0.041598669323325156,0.8264245201677084,0.7677902526304126
1788862275773484500,4.878484619140625,-0.25173954936265946,0.5450111325532198,1.1899273582521825
1788862275783490300,4.888490234375,-0.013777765461802483,0.30280805782079695,1.3211195700652896
1788862275793497600,4.89849755859375,0.14170271910727023,0.26270693357884883,1.30701491073668
1788862275803503600,4.908503662109375,-0.547021303331852,0.31031390340626236,1.3081041672781109
1788862275813510400,4.918510498046875,-1.531596988582611,0.3285299435764551,1.3116460776686667
1788862275823516400,4.928516357421875,-1.8802479291677474,0.3521291380897164,1.5983426663830875
1788862275833523500,4.9385234375,-1.309187578600645,0.3807628196388483,1.8527716009601949
1788862275843529500,4.948529541015625,-0.6415063441902399,0.39312545760571954,1.7692011912174521
1788862275853535500,4.958535400390625,-0.2795639603555202,0.568241201493144,1.7276716416075826
1788862275863542500,4.96854248046875,0.0011959317862987517,0.7787503303229808,1.5998219451554119
1788862275873548500,4.978548583984375,0.5391559767842292,1.0965504978314042,1.3530813731238245
1788862275883555300,4.988555419921875,-0.031924247527122494,1.4319345450863241,0.6096183370202779
1788862275893561300,4.998561279296875,0.1535848800808191,1.4938447655543685,0.34328649094253777
1788862275903568400,5.008568359375,0.3460030564248562,1.134102814373374,0.3913968071822077
1788862275913574400,5.018574462890625,0.4607523021548986,0.5109861133545637,0.34864531456194814
1788862275923580400,5.028580322265625,0.6124141052186489,0.1054299209818244,0.32096118882261215
1788862275933587500,5.03858740234375,0.4796861352056265,0.007068915472924709,0.408885263730213
1788862275943593500,5.048593505859375,0.5994751286685467,-0.13551789299249647,0.6277515212126076
1788862275953600500,5.0586005859375,0.5966401975035667,-0.21417495786100624,0.5021509188614786
1788862275963606300,5.068606201171875,-0.07854980510175227,0.2967319527775049,-0.6155078334502876
1788862275973612500,5.078612548828125,-0.22077800938785075,1.5560162673071025,-1.4918280189044772
1788862275983619300,5.088619384765625,0.633497809779644,2.122405995714664,-0.13649535972252488
1788862275993625300,5.098625244140625,0.44039048212766646,1.1745520214006304,1.132049388974905
1788862276003632600,5.108632568359375,0.2584773331850767,-0.5086801744997501,1.019494146157801
1788862276013638400,5.118638427734375,0.7922808430254459,-1.4218465740531683,0.45956996050253507
1788862276023645400,5.1286455078125,-0.3205342686474323,-0.8019722159564494,-0.2851179412208497
1788862276033651700,5.138651611328125,-1.8160265091478824,0.45837475936859845,-0.4685340420722961
1788862276043657500,5.148657470703125,-2.275883323767781,0.7833923109099269,-0.15736030696630476
1788862276053664500,5.15866455078125,-2.1128063927203415,0.017037644040584565,-0.29471915165036916
1788862276063670300,5.168670166015625,-1.9291992993414402,-0.9923767143905162,-0.38997225427180526
1788862276073677600,5.178677490234375,-1.3939467597365378,-1.3638605412915348,-0.07867664635181426
1788862276083683600,5.18868359375,-0.12424714191555976,-0.756203859733045,0.8948017446927726
1788862276093690400,5.1986904296875,0.7210954292118549,-0.031500469157099725,1.503798150422424
1788862276103696600,5.208696533203125,0.3688286362171173,0.08986322627663612,1.3059212702810763
1788862276113702700,5.21870263671875,-0.34743688862025734,0.08847031061351299,1.0115162991464137
1788862276123709400,5.22870947265625,-0.6583540186166763,0.36265520827919245,1.003336207561195
1788862276133715500,5.238715576171875,-0.5136129547268152,0.7271823479101062,0.905135945571959
1788862276143722500,5.248722412109375,0.2671346868932247,0.7781497340813278,0.47201560057774183
1788862276153728500,5.258728515625,0.8446528352975845,0.4132099219962954,0.13546718571856617
1788862276163735300,5.2687353515625,0.6460825660645961,0.03014583967775106,0.30659999744966626
1788862276173741600,5.278741455078125,0.30157647019922734,0.04018208052366972,0.7710254351593554
1788862276183747600,5.28874755859375,0.4521043007969856,0.5286579636454581,1.032079194703698
1788862276193754400,5.29875439453125,0.5887818852186203,0.620356880916655,1.0014470328137277
1788862276203760400,5.308760498046875,0.6436468633502721,0.056602469448745245,0.6087906540244817
1788862276213767400,5.318767333984375,0.7010486664831638,-0.6456108568996191,0.34589784248471256
1788862276223773400,5.3287734375,0.3118073568344116,-1.080847609525919,-0.03984057360962033
1788862276233779500,5.338779541015625,-0.2687736862719059,-0.7317242291234434,-0.543580222967267
1788862276243786500,5.348786376953125,-0.25478783101737495,-0.22259061176776884,-0.6973645711429417
1788862276253792500,5.35879248046875,-0.3326046456694603,0.20103373673707245,-1.1162808880873023
1788862276263799600,5.368799560546875,-0.07144727962017058,0.8670409004554152,-1.2692676561444998
1788862276273805300,5.378805419921875,1.3896727356791496,0.11432473670765757,-0.09897314605787395
1788862276283812600,5.3888125,0.6105541565656661,-0.8843833726614713,-0.2637637491554022
1788862276293818400,5.398818359375,-0.5172884283691644,-1.1068063727773725,-0.8820821099817753
1788862276303824400,5.408824462890625,-0.6292962664365768,-1.234112902263552,-1.2622254825480281
1788862276313831700,5.418831787109375,-0.31791794866919515,-1.0981981189079582,-1.6823269176237283
1788862276323837400,5.42883740234375,0.15785422796308993,-0.287222073893249,-1.4980490853764117
1788862276333844500,5.438844482421875,0.24744214442968368,1.1133186772808432,-1.0164223374970256
1788862276343850500,5.4488505859375,0.5358996053367853,1.3802508273392915,-0.2573908531226218
1788862276353857500,5.458857421875,0.5919008940219879,0.6928003319673239,0.8158873440623283
1788862276363863600,5.468863525390625,1.1176976230174303,0.19627485177218912,1.56560710247308
1788862276373869300,5.478869384765625,1.6697428919911383,0.37326588801220056,1.3431385096497832
1788862276383876600,5.488876708984375,1.792764876025915,0.9418700775988399,0.7238285074375569
1788862276393882600,5.498882568359375,1.9517817180275916,1.3613055961117149,0.7586379550121725
1788862276403889400,5.508889404296875,1.9176093993127346,1.513373641888797,1.1802815049633384
1788862276413895400,5.5188955078125,1.5374708490520714,1.8694281367287038,1.02609383668378
1788862276423902500,5.52890234375,1.4018366362035273,2.1792465117029844,0.38741380196064706
1788862276433908500,5.538908447265625,1.5455308213889598,2.033374544087052,0.4526629575930535
1788862276443914500,5.54891455078125,1.5810872879385947,1.073057394041121,1.573224007217586
1788862276453921500,5.558921630859375,0.6953741279780864,0.4030401178985834,1.5674686585612594
1788862276463927600,5.568927490234375,-0.07059153957366943,0.6357251304402947,0.7305361883826553
1788862276473934300,5.578934326171875,-0.6063274787813425,1.2145970315411687,0.2830250605948269
1788862276483940600,5.588940673828125,-0.672804568773508,1.466924317663908,0.19932590990588067
1788862276493947600,5.59894775390625,-0.30298984412848945,1.3550900825977326,0.3201256878465414
1788862276503953700,5.60895361328125,-0.07456921103298664,0.9404662021502852,0.672767159372568
1788862276513959700,5.618959716796875,-0.3263385710120201,0.3338125601544976,0.937881738615036
1788862276523966500,5.628966552734375,-0.39371407114863394,-0.42852088837474583,0.9758926125794648
1788862276533972700,5.63897265625,-0.5275917957186699,-0.8936012828618287,0.5843513554252684
1788862276543979500,5.6489794921875,-0.5147580331087113,-0.7347112821102142,0.22718451542928814
1788862276553985500,5.658985595703125,-0.3262497236847877,-0.570044743783772,0.22784305240325628
1788862276563992800,5.668992919921875,-0.35850831773281094,-0.4651537519842386,0.5394830898467451
1788862276573998600,5.67899853515625,-0.2852560345172882,-0.2753200391754508,0.9436777115426958
1788862276584004600,5.689004638671875,-0.186733700966835,-0.026659166605770588,0.9724226714465767
1788862276594011600,5.69901171875,-0.17324761192798613,0.3421080948129296,0.6963861545648425
1788862276604017700,5.709017578125,-0.11465455318391322,0.7797896102428435,0.408859252506122
1788862276614024700,5.719024658203125,0.5353039775311946,0.9746206929475069,0.34261812669429925
1788862276624030500,5.729030517578125,1.1354618277668953,1.0360784934729337,0.14688289822414516
1788862276634037800,5.739037841796875,0.9507394666224718,1.5461629818126559,-0.38795927048157897
1788862276644043800,5.749043701171875,0.6920388460755348,2.234595327828824,-0.8313108309045434
1788862276654050600,5.759050537109375,0.6614286037564278,2.2679957853883503,-0.7669142004482448
1788862276664056600,5.769056640625,0.4861959554910659,1.4648460500851272,-0.7738210572272539
1788862276674062800,5.779062744140625,0.3190957602769136,0.4784197685316205,-0.9574012625992298
1788862276684069600,5.789069580078125,0.19259996265172957,0.2462257543772459,-0.49865050952509044
1788862276694075600,5.79907568359375,0.10803893443644046,0.7593094245329499,0.06338981433419975
1788862276704082700,5.809082763671875,0.22638065170049665,1.2994085273861884,0.21243308262974023
1788862276714088700,5.819088623046875,0.6697264765024185,1.3099603165388107,0.20816291276356205
1788862276724095500,5.829095458984375,0.9751005854189395,0.8899690638393163,0.3864282980546355
1788862276734101500,5.8391015625,0.8184627475082874,0.6943465384960175,0.8952528494611381
1788862276744107800,5.849107666015625,0.3364402783095836,0.9793979903519153,1.547170843680948
1788862276754114600,5.859114501953125,0.269314369019866,1.0245569825053213,1.7101719330132006
1788862276764120600,5.86912060546875,0.20346271744966507,0.9255103328198194,1.157794801736623
1788862276774127600,5.879127685546875,-0.3432996426850557,0.9049158730804919,0.6671881901964545
1788862276784133600,5.889133544921875,-0.8261749293208122,0.47351299952864645,0.7112329374976456
1788862276794140700,5.899140625,-0.9072165512382984,-0.4260439768671989,0.567904663015157
1788862276804146400,5.909146484375,-0.5773375311404466,-1.2147580673217773,0.05088489551953971
1788862276814153700,5.91915380859375,-0.7720581392079592,-1.4290204112052918,-0.026675679349154234
1788862276824159700,5.92915966796875,-2.222424705302715,-1.2775912478536366,-0.04111526972055435
1788862276834165500,5.93916552734375,-1.502583075544238,-1.74501177572608,0.6770335846453904
1788862276844172800,5.9491728515625,-0.9657610946655273,-3.0065894618898628,1.3070254321306942
1788862276854178600,5.959178466796875,-2.280519751396775,-3.607199732068181,0.7816412294588982
1788862276864185600,5.969185546875,-3.0155677181154488,-2.9818916584849355,0.26517909584604205
1788862276874191600,5.979191650390625,-2.266128237950802,-1.9239058691084383,0.20407580784671006
1788862276884198700,5.98919873046875,-0.47187341562807555,-1.6525976959228514,0.5319909074604511
1788862276894204700,5.99920458984375,0.18760756119191646,-1.6057359915047884,0.884703836787492
1788862276904210700,6.009210693359375,0.657991030523181,-0.8587889126777648,1.2817827081941067
1788862276914217700,6.0192177734375,1.1709715325653551,0.5437409664869308,1.0669977286759764
1788862276924223700,6.0292236328125,1.5885323432475327,1.5485931315690278,0.9093136696480214
1788862276934230500,6.03923046875,2.0818512824863196,2.016429839026928,1.3255506843805311
1788862276944236800,6.04923681640625,2.507406014531851,2.2180559886991977,2.1798834944322705
1788862276954243600,6.05924365234375,2.0704145271927117,2.1842419819027183,2.7184780379414555
1788862276964249600,6.06924951171875,0.7939011377036571,1.9509183791965246,2.2692153903111816
1788862276974256600,6.079256591796875,-0.5595692347377539,1.6607564524590968,1.4348331891372799
1788862276984262700,6.0892626953125,-1.3964257170706986,1.4699632469683885,0.8849382300652563
1788862276994268700,6.0992685546875,-1.4113216729074716,1.4046744899779557,0.6733502199575304
1788862277004275500,6.109275390625,-0.5201373880594968,1.4861574259221553,0.6442608305301517
1788862277014281700,6.11928173828125,0.9770943895846604,1.7089245633006094,0.42167354323063044
1788862277024288800,6.129288818359375,2.034492149940133,1.8150567873328922,0.1915476405872032
1788862277034294500,6.13929443359375,1.8245085062891244,1.665994937634468,0.0783814810638316
1788862277044301800,6.1493017578125,1.0991606803297995,1.3192068683117628,0.18657441875189543
1788862277054307600,6.1593076171875,-0.2562631642669439,0.687036507743597,0.285053223687876
1788862277064314600,6.169314697265625,-0.851399386948347,0.29794542022049425,-0.24787213334478436
1788862277074320600,6.179320556640625,-0.15647592534720897,-0.02250292370915413,-0.8027680425092577
1788862277084326700,6.18932666015625,0.21494272736310957,-0.2706780585885048,-1.1227572444945573
1788862277094333700,6.199333740234375,-0.03328209187686443,-0.5984037000447512,-1.3702002657070755
1788862277104339700,6.209339599609375,-0.7253887424916029,-0.9943617507278919,-1.5350950598314403
1788862277114346800,6.2193466796875,-1.3280395785868166,-1.5337538743555545,-1.291345047917962
1788862277124352800,6.229352783203125,-1.2306477103710174,-2.050821937972307,-0.5134948082398623
1788862277134359600,6.239359619140625,-1.0566010570198296,-2.328543485331535,-0.06770014724740758
1788862277144365600,6.249365478515625,-1.4417542205721139,-2.671516380280256,-0.11371588409431278
1788862277154372600,6.25937255859375,-1.351504625326395,-2.983004003641009,-0.3125751263365149
1788862277164378600,6.269378662109375,-0.12021277183294296,-3.2652743003457783,0.0376973327695392
1788862277174384600,6.279384521484375,0.3232476192593574,-2.715939459374547,0.15978273007394744
1788862277184391700,6.2893916015625,0.3177934455066919,-1.6704139231204986,0.08614879059707746
1788862277194397700,6.299397705078125,0.6073977383613586,-0.9307067324191332,0.43489327295087277
1788862277204404500,6.309404541015625,1.876451459494233,-0.7922206372708082,1.586456121495366
1788862277214410500,6.319410400390625,2.585908473360538,-0.7078104157030582,2.721970263971388
1788862277224417800,6.329417724609375,1.469623055228591,-0.32413959966301914,2.6645930107578635
1788862277234423600,6.339423583984375,-0.7417828279316425,-0.29734044006466864,1.3648298247151076
1788862277244430600,6.3494306640625,-3.3736271230369805,-0.8792267205506563,0.04042438311325386
1788862277254436600,6.3594365234375,-4.2383477638512845,-1.7811463344246148,0.7198509090434759
1788862277264442600,6.369442626953125,-3.998883758693933,-2.371359129229188,2.250308153006434
1788862277274449700,6.37944970703125,-4.250556672561168,-2.5118302607148886,2.5550273051455616
1788862277284455400,6.389455322265625,-3.853928175270557,-2.684181800585985,2.2857200965188444
1788862277294462700,6.399462646484375,-1.8848463628739118,-2.5883909378260372,1.9197617550410329
1788862277304468700,6.40946875,1.33952192658782,-2.2037778724998236,1.3356051915355025
1788862277314475500,6.4194755859375,3.490148054614663,-1.2332798124402762,0.17691563291624188
1788862277324481800,6.429481689453125,4.603787926673889,-0.07342354812920093,-0.3264774314934388
1788862277334488600,6.439488525390625,5.186772523790598,1.0117454317271708,0.1734279917298816
1788862277344494600,6.44949462890625,4.335556092193722,2.0756816539406775,1.0420197931554167
1788862277354500600,6.45950048828125,2.7736919756412504,2.6094272961139677,2.116490926451981
1788862277364507600,6.469507568359375,1.052551489368081,2.5712825666368007,3.2107144426405427
1788862277374513700,6.479513671875,-0.40683717209398745,2.064302181792259,4.291206078335643
1788862277384520400,6.4895205078125,-1.6770324644774197,1.1110066009461879,5.049817291471362
1788862277394526700,6.499526611328125,-2.3180822970718142,0.1685650070697069,5.428564679634571
1788862277404533500,6.509533447265625,-2.0096979004234075,-0.2845803272128105,4.737864388686418
1788862277414539500,6.51953955078125,-0.661857058301568,0.012006079614162444,3.109406570024788
1788862277424546800,6.529546875,1.322190268036723,0.635610856410861,2.04518422434628
1788862277434552600,6.539552490234375,2.456708677473664,1.1763368589907883,2.3026086874775586
1788862277444558600,6.54955859375,1.538715880677104,1.2140402744412422,2.666877030041814
1788862277454565600,6.559565673828125,0.4147118509918451,0.6801859111964702,2.6333541151463984
1788862277464571600,6.569571533203125,-0.4099018203616142,0.20229601175785064,2.003120567859709
1788862277474578700,6.57957861328125,-0.6475105530411005,-0.08300327737927436,1.2855454217284916
1788862277484584700,6.589584716796875,-0.24082944829165934,-0.198197928789258,1.268328183337301
1788862277494591700,6.599591796875,-0.3423801897525787,-0.3913374051451683,1.5028009560786186
1788862277504597800,6.60959765625,-0.7098837148457765,-0.824278740310669,1.5130409028030931
1788862277514604800,6.619604736328125,-0.9670423666477203,-1.4027239404320717,1.1853441951803863
1788862277524610800,6.62961083984375,-1.3086445577651262,-1.6550667163848876,0.7171242605585605
1788862277534616800,6.639616943359375,-1.3633224888920783,-1.487840264442563,0.6505095887266099
1788862277544623600,6.64962353515625,-0.7333376556694507,-1.3240519702553748,1.1865660651255399
1788862277554630000,6.6596298828125,-0.4572849183052778,-1.340804952135682,1.5829177182361482
1788862277564636700,6.66963671875,-0.394400299847126,-1.458912276121974,1.73012867937088
1788862277574642700,6.679642578125,-0.08978314677774905,-1.6370616886168718,1.9289540924087165
1788862277584649700,6.689649658203125,0.30120880593061444,-1.708621196439862,2.28120071939826
1788862277594655700,6.69965576171875,0.31282325587868687,-1.5512275717258452,2.5022566689446566
1788862277604662800,6.709662841796875,0.013846154522895813,-1.1701000104278325,2.5296032332926988
1788862277614668500,6.71966845703125,-0.09245090468227862,-0.41572950360178945,2.604628079138696
1788862277624674800,6.7296748046875,-0.08161386884748935,0.5829249758839606,2.2086991084195673
1788862277634681600,6.739681640625,-0.20427344931066035,1.021278983747959,1.3909272657848895
1788862277644687600,6.7496875,-0.17773381743133068,1.005055578699708,0.49867524210754777
1788862277654695000,6.75969482421875,0.3179477592855692,0.9027759384423494,-0.17437047847807408
1788862277664700700,6.76970068359375,1.241504619950056,0.9635475102692842,-0.3292490150986239
1788862277674707700,6.779707763671875,2.3017945946156977,1.1684750395745038,0.09237875276152044
1788862277684713700,6.789713623046875,2.8097125525712965,1.3824866235673428,0.881429783552885
1788862277694720800,6.799720703125,2.302761978343129,1.608964890423417,1.4315594281636177
1788862277704726800,6.809726806640625,1.3810171355366705,1.7305898671418427,1.6157017974629997
1788862277714733800,6.81973388671875,0.4238976124882698,1.7238614356696604,1.6983717512346803
1788862277724739800,6.82973974609375,-0.6229062731385231,1.6115893937081098,1.8148352535367012
1788862277734745900,6.839745849609375,-1.267515844041109,1.2876058613896368,1.962088592508435
1788862277744752600,6.849752685546875,-1.346978087812662,0.6607096418321132,1.965998167167604
1788862277754759000,6.859759033203125,-1.3250269527673721,-0.17642741100788115,1.9610551578074693
1788862277764765700,6.869765625,-1.080990817388892,-0.8380880699545145,2.2868320032835006
1788862277774771700,6.879771728515625,-0.7874281422972679,-1.1779010395675897,2.896165970404446
1788862277784778800,6.88977880859375,-0.8152730115562676,-1.2441647790700197,3.4209716425359247
1788862277794784800,6.89978466796875,-0.4961357502251863,-0.8011141378223896,4.0046068125158545
1788862277804791800,6.909791748046875,0.011889175236225128,0.016616203758120535,4.569215502725541
1788862277814797600,6.919797607421875,-0.10958850196599959,0.4557435340821743,4.276647976151109
1788862277824803800,6.929803955078125,-0.050776247513294216,0.32795243594944473,3.4022581742376086
1788862277834810600,6.939810546875,0.1368108554124832,-0.02244096438884735,2.5535949342548845
1788862277844816600,6.949816650390625,0.17916414249539375,-0.5733733036845922,2.1068369629219172
1788862277854824000,6.959823974609375,-0.8466261811971664,-1.1460212157040834,1.8580128626145422
1788862277864829700,6.96982958984375,-1.4744669881284236,-1.3898188661515711,1.9682363014832138
1788862277874836700,6.979836669921875,-0.6787164231657982,-1.3944097010731695,2.4540295213922856
1788862277884842800,6.9898427734375,-0.8946323794752359,-1.6022072328567505,2.5656340393558144
1788862277894849800,6.999849853515625,-2.6856144637376067,-2.331964984212816,1.9236030867695808
1788862277904855800,7.009855712890625,-3.2251445345312355,-3.1747651773810386,1.5600719724386929
1788862277914861600,7.019861572265625,-2.4889421370804308,-3.9104780377492308,2.2992644916161895
1788862277924868900,7.029868896484375,-1.7658721929252146,-4.122284220652282,3.240250625987351
1788862277934875000,7.039875,-1.1581921304911373,-3.545469252081215,2.9409122901037335
1788862277944881700,7.049881591796875,0.1314127957612276,-2.538416654345393,1.2299933381155133
1788862277954887700,7.0598876953125,2.6424960375010964,-0.8551049634680151,-0.041917233753204344
1788862277964894700,7.069894775390625,2.9030963541895147,0.7728831918552518,-0.610393997567892
1788862277974900700,7.079900634765625,2.4804198079288002,1.332501818692684,-0.3221533942818641
1788862277984907500,7.089907470703125,3.554360122284293,0.9836436650976538,0.5291410709872841
1788862277994913800,7.099913818359375,4.756209023672342,0.13762187953442334,1.6559978597551583
1788862278004920800,7.1099208984375,4.556025474023818,-0.7370066995710134,1.8246067059665918
1788862278014926600,7.119926513671875,1.6220464903146028,-0.6679533293500542,-0.11891805584728717
1788862278024932600,7.1299326171875,0.8147720762968063,0.43178895025998354,-2.527890584155917
1788862278034939600,7.139939697265625,2.8517408454835413,0.9428905066877603,-1.9793521542593835
1788862278044945700,7.149945556640625,4.669636071112752,0.7557562620960175,1.25711632284075
1788862278054952700,7.15995263671875,6.072671561712026,-0.863715117033571,4.610882268849015
1788862278064958700,7.169958740234375,6.748472974213957,-1.9135449263527988,5.641034879404306
1788862278074965800,7.1799658203125,5.021400759804249,0.6082730598911643,1.9213313424453138
1788862278084971800,7.1899716796875,2.1733973472833634,4.25605585449934,-3.7430546019300817
1788862278094978800,7.199978759765625,0.4100912054538727,6.291506620338558,-5.232599039942026
1788862278104984800,7.20998486328125,1.2027905661523342,4.958046770268679,-1.939492437557876
1788862278114990600,7.219990478515625,2.765495809704065,1.83423801927343,2.7180568899199367
1788862278124997600,7.22999755859375,4.098293396472931,-0.15590966976657508,5.7578089089602225
1788862278135004000,7.24000390625,5.3006911639153955,-0.9534607082799077,6.763441410765052
1788862278145010700,7.2500107421875,3.639781566721201,-0.16582330714613197,5.166936188942194
1788862278155016700,7.2600166015625,0.4296785339772701,1.6704202067308127,2.006352389387786
1788862278165023700,7.270023681640625,0.04924947633743286,2.7700217626959085,0.40375542656108737
1788862278175029800,7.28002978515625,1.7142717695474623,2.77639714294672,1.0916041274704038
1788862278185036500,7.29003662109375,2.551082659173012,2.4829057795256375,2.496156890764832
1788862278195042600,7.30004248046875,-0.1583750369668007,3.2705361663967367,1.9518768489651381
1788862278205049900,7.3100498046875,-5.772888989192247,5.41750727904737,-0.1763338875055313
1788862278215055600,7.3200556640625,-10.250971976357699,6.960395476973057,-1.7246958406671882
1788862278225061600,7.3300615234375,-7.964149325424432,5.91290886977911,-1.5054014939658342
1788862278235068700,7.340068603515625,-2.710491130840778,1.8318340268716216,0.8448075144026428
1788862278245074700,7.35007470703125,-1.192505318981409,-3.284286167068779,2.3935331132449207
1788862278255081700,7.360081787109375,-2.7133699011474848,-7.626786671572924,2.2716402793705464
1788862278265087500,7.37008740234375,-4.317540543031693,-10.295768564939499,1.0794330665528773
1788862278275094800,7.3800947265625,-4.559487597176433,-11.261741256529092,0.49232437524348494
1788862278285100800,7.390100830078125,-3.472568558782339,-9.497397003823519,1.5525488834574819
1788862278295107800,7.40010791015625,-1.9949422298401593,-5.659127585455775,2.492298754031956
1788862278305113900,7.41011376953125,-0.46333413534164425,-2.181699603943527,2.369296789871901
1788862278315120600,7.42012060546875,0.3257937966108322,0.4632642849758267,1.6305083214506506
1788862278325126700,7.430126708984375,2.052023130455613,2.4210431975916027,1.0908439567528665
1788862278335133000,7.4401328125,2.2283505882203576,3.9408068327784536,0.30547760582361366
1788862278345139700,7.4501396484375,1.906552583247423,4.728042667374015,0.17213574169594795
1788862278355145700,7.460145751953125,2.6390625559210776,4.421138280150294,1.297053780953586
1788862278365152800,7.47015283203125,2.57622645277977,3.300733736261725,2.6118144835114476
1788862278375158800,7.48015869140625,1.6170891601681707,1.8026152389109134,3.5263583088979122
1788862278385165600,7.49016552734375,1.1813140628814696,0.19139818564653396,4.017935372905433
1788862278395171600,7.500171630859375,0.8982347878813743,-0.8194862453371285,3.5960362407580018
1788862278405179000,7.510178955078125,0.6570464431494474,-0.8514134154736995,2.315080484907329
1788862278415184600,7.5201845703125,1.2202543266505002,-0.4923305127233267,0.9708499422371387
1788862278425191700,7.530191650390625,1.6487930429428814,-0.08592647134959697,0.0010844890347681939
1788862278435198000,7.540197998046875,1.5936352193444967,0.45674189746975896,-0.5508788190102204
1788862278445203700,7.55020361328125,1.2089192781656979,0.8066349470704793,-0.9836283944632858
1788862278455210800,7.560210693359375,0.25134675065279005,1.0102256748139857,-1.5467822827547788
1788862278465216500,7.570216552734375,-0.2748953840225935,0.7521300344228744,-1.01349534413442
1788862278475223800,7.580223876953125,-1.0181640665978193,0.05297404981851577,0.39154768689498304
1788862278485229600,7.5902294921875,-1.6195751317650078,-0.8953922579318284,1.121486566971615
1788862278495236400,7.600236328125,-1.636501716646552,-1.9658359623432158,1.1964802870269864
1788862278505242600,7.61024267578125,-1.8728379451721906,-2.554955701214075,1.0913235569633544
1788862278515249400,7.62024951171875,-1.7141688936948776,-2.601823250851035,1.492751855751127
1788862278525255400,7.63025537109375,-1.3800059126675128,-2.6817753239661455,2.0528513979732987
1788862278535262500,7.640262451171875,-1.5947569168508051,-2.87749897159636,2.0930776098996398
1788862278545268500,7.6502685546875,-1.9187340194284914,-2.8485739058852193,1.9861109808698296
1788862278555274500,7.6602744140625,-2.1467665299892422,-2.522489601895213,1.9224422262966632
1788862278565281300,7.67028125,-1.9177964463174342,-2.3192735526829957,1.9366122059464455
1788862278575287600,7.68028759765625,-1.4874772763490676,-2.3346774580419063,2.305347026400268
1788862278585294600,7.690294677734375,-1.3492390184819698,-2.4099884273529053,3.019705256311595
1788862278595300400,7.70030029296875,-1.5354869817584753,-2.420876901113987,2.951338407050073
1788862278605307600,7.7103076171875,-1.7572265296548604,-2.463864978969097,2.061912510176748
1788862278615313400,7.7203134765625,-1.9265595984876154,-2.6608073547393083,1.6241212507620453
1788862278625320400,7.730320556640625,-1.7024509833723305,-2.8900404732614753,1.8771373959317803
1788862278635326500,7.740326416015625,-1.35459090090394,-2.8905326406925913,1.756679855557531
1788862278645333500,7.75033349609375,-0.4440437439382076,-2.6018577376425265,1.4105847369350493
1788862278655339500,7.760339599609375,0.8057751153707504,-2.145146819832921,1.414972304369509
1788862278665345500,7.770345458984375,1.5469138001799583,-1.549870311897993,1.1497926240015774
1788862278675352600,7.7803525390625,1.9193845922917125,-0.6028688627600669,0.21101406441098078
1788862278685358600,7.790358642578125,2.2503607599765063,0.3759644794464111,-0.7783028057511896
1788862278695365400,7.800365478515625,3.1610809354215856,0.7889876466989517,-0.5902725621677934
1788862278705371400,7.810371337890625,3.3817642522633076,0.6346013871073722,0.3370476330855861
1788862278715378400,7.82037841796875,1.8213520880848169,0.5377040244102478,0.5514368547517806
1788862278725384400,7.830384521484375,0.07381167066395282,0.07197977906167506,0.6456415442988276
1788862278735391500,7.8403916015625,-1.0517653074264526,-0.8170727544546127,1.124622746105492
1788862278745397500,7.8503974609375,-2.2853327046364544,-1.4903233134299516,1.5944624639488756
1788862278755404500,7.860404541015625,-3.2460365159124134,-1.5953981373637913,1.877493223632127
1788862278765410300,7.870410400390625,-2.9154496398061513,-1.7171715826421976,2.056587515761703
1788862278775416300,7.880416259765625,-1.7195751366525887,-2.113752733659744,1.9001728190824387
1788862278785423600,7.890423583984375,-0.5665934342861175,-2.3438035983055827,1.1086772812157868
1788862278795429400,7.900429443359375,0.7884037093311548,-2.2918302499622105,0.2569720066560432
1788862278805436400,7.9104365234375,1.8293869259804487,-2.247843808719516,-0.08970693973638116
1788862278815442700,7.920442626953125,2.265882738757133,-1.8816613030970095,0.1722100673074834
1788862278825449500,7.930449462890625,1.5163830528378486,-1.3466823197364806,0.5302466941416263
1788862278835455500,7.94045556640625,0.4661111988395452,-1.063086911907792,0.7415146785147487
1788862278845462500,7.950462646484375,-0.05940028347373008,-1.1395955665707587,0.8774019162762909
1788862278855468500,7.960468505859375,0.24893852046728132,-1.2546727290809154,1.194563932011649
1788862278865475300,7.970475341796875,0.2724731253117323,-1.089170616713166,1.2140239808935671
1788862278875481300,7.9804814453125,0.30331717638671396,-0.8721031522810458,0.7022497128359974
1788862278885487600,7.990487548828125,0.8527706753015518,-0.7914315327197313,0.24152813461292533
1788862278895494400,8.000494384765625,0.8040472686648369,-0.9150485600382089,-0.0005963401916436851
1788862278905500400,8.01050048828125,0.6121522394120693,-1.0043167430311442,-0.06598779037157074
1788862278915507500,8.020507568359376,1.4743921693265438,-1.1311340276956559,0.5439953796394169
1788862278925513500,8.030513427734375,2.269568733793497,-1.293387367400527,1.4402541912727058
1788862278935520500,8.0405205078125,1.8427134405434131,-1.1770920612722635,1.798889788646996
1788862278945526300,8.0505263671875,0.72300681579113,-0.7967857532292604,1.4768939230144023
1788862278955533600,8.060533447265625,0.2656359727680683,-0.22096154926121234,0.8308110646888613
1788862278965539300,8.070539306640624,0.4577905297398567,0.5297574493199586,0.7316623428683727
1788862278975546400,8.08054638671875,0.402813323405385,1.0592869351029395,1.3078804415248333
1788862278985552600,8.090552734375,0.03750409348607063,1.0892319915115833,1.8475157262586057
1788862278995559400,8.100559326171876,-0.41813539569973945,0.5049351427525282,1.9104890459135173
1788862279005565400,8.1105654296875,-0.28298341341018673,-0.3630208267211914,1.4079776231765746
1788862279015571500,8.120571533203124,0.46049394347965716,-0.8809078055053949,0.8239151676952838
1788862279025578500,8.13057861328125,0.9534808742851019,-1.1271724305883049,0.5973510126540437
1788862279035584500,8.14058447265625,1.3327543321490287,-1.3202698213681578,0.5939598723784089
1788862279045591300,8.15059130859375,1.4593717103272676,-1.3840160250917077,0.7388184251680969
1788862279055597600,8.16059765625,0.7788941227078438,-1.2405512647479773,1.1436494450714438
1788862279065604400,8.170604248046875,-0.19805238283872603,-1.10305768776834,1.4564263045251369
1788862279075610400,8.1806103515625,-0.4874228669375181,-1.04398385977,1.3710039833053946
1788862279085617700,8.19061767578125,0.011413374418020247,-0.8631780875474214,1.2789451466806232
1788862279095623400,8.20062353515625,0.867048791500926,-0.8422221010193228,1.3657773346982895
1788862279105630500,8.21063037109375,0.7411603121191263,-0.7186833996340632,1.199097118461877
1788862279115636500,8.220636474609375,0.4824561844408512,-0.21630641693174837,1.0539574106432497
1788862279125642500,8.230642578125,1.447559691980481,0.24482728575617074,1.2257660758092999
1788862279135649500,8.2406494140625,1.5962766737639904,0.40573739415854215,1.3432567292019724
1788862279145655300,8.2506552734375,0.6073123981654643,0.20704817472100256,0.9536655832022428
1788862279155662600,8.26066259765625,0.7619248677283526,0.21912527374476193,0.463797076678276
1788862279165668600,8.270668701171875,2.117158158189058,0.4514490517586469,0.1441436825186014
1788862279175675400,8.28067529296875,2.666409997051954,0.5247945662155747,0.09113909143134952
1788862279185681700,8.290681640625,2.061978122758865,0.10106734185814857,0.4706815754950046
1788862279195688400,8.3006884765625,1.2070289343744516,-0.7592945192247629,0.9992921928673982
1788862279205694500,8.310694580078126,0.014333645778894424,-0.7712354246482253,1.0032907609842716
1788862279215701500,8.320701416015625,-0.31806758627295495,0.28960663094222544,0.6765414172142744
1788862279225707500,8.33070751953125,0.24222879369556902,1.1722976666025817,0.4268427260294556
1788862279235713500,8.340713623046875,0.21896423796415326,1.3890705320023,-0.019216157123446462
1788862279245720300,8.35072021484375,-0.16605331650972366,1.5443945108354091,-0.33001521369814873
1788862279255726600,8.3607265625,0.4799883330225944,1.1968719897583127,0.532775481966883
1788862279265733400,8.3707333984375,1.7137778485506772,-0.3870486219100654,1.4549835583709179
1788862279275739400,8.380739501953125,1.8014567165255546,-2.1487281854510307,1.689471967072785
1788862279285746700,8.39074658203125,0.3975514573544264,-2.9281106761977074,1.639320427329093
1788862279295752400,8.40075244140625,0.3095318131178617,-3.178266463500261,2.1214023716300723
1788862279305759500,8.410759521484374,1.4978484482377767,-2.2969882172472773,2.010735719038546
1788862279315765500,8.420765625,2.276441542172432,-0.9613181437820195,0.8987712328456342
1788862279325772500,8.4307724609375,2.431103111574054,-0.7871672994039952,0.5865561719931661
1788862279335778600,8.440778564453124,1.881703388673067,0.01593026732057333,0.8145313994087279
1788862279345785300,8.450785400390625,2.9432278735697266,1.269558163523674,1.52552336775735
1788862279355791600,8.46079150390625,3.980909710586071,1.2109843940019607,1.7142080566614866
1788862279365797600,8.470797607421876,3.455764138975739,1.243816988545656,0.636892128393054
1788862279375804400,8.480804443359375,2.3390789078712464,2.2362556622564793,0.09969766094014049
1788862279385810400,8.490810546875,1.7050673033505677,2.993899491664767,0.973767144858092
1788862279395817500,8.5008173828125,1.949533646839857,2.7898610201537606,1.0757913490496576
1788862279405823500,8.510823486328125,2.410466566258669,2.031482885121554,0.5882827035248279
1788862279415830300,8.520830322265626,2.294057278361916,0.9388707496523857,1.24641621125862
1788862279425836500,8.53083642578125,1.2948486721247434,0.3902145385950804,1.7314271947488187
1788862279435843600,8.540843505859375,1.0011065488129853,0.5381244417794049,1.6947583830431103
1788862279445849300,8.550849365234376,0.5428992549657822,0.7683892414368688,1.5286464682139456
1788862279455856600,8.560856689453125,0.3362976549685001,1.0819012102320789,1.4179003206454217
1788862279465862400,8.5708623046875,1.0124643936514854,0.922758403763175,1.5191197843253612
1788862279475869400,8.580869384765625,0.9945733476519584,0.1858154170781374,1.15378600448668
1788862279485875500,8.59087548828125,0.27765491186380387,-0.2503869657099247,0.8785282168924808
1788862279495881500,8.600881591796876,-0.036921909683942794,-0.18290595937222243,1.1636267227604984
1788862279505888500,8.610888427734375,0.45418870585560794,-0.1706678245678544,1.6771071371488273
1788862279515894500,8.62089453125,0.8186006946742534,-0.38574411518275736,1.8377049647316335
1788862279525901600,8.630901611328126,0.8945499618887901,-0.7123235092133283,1.7677466084949671
1788862279535907600,8.640907470703125,1.3749077127456664,-1.3893039023667573,1.7837088783890007
1788862279545914400,8.650914306640624,1.2971803299427032,-1.9229761870428919,1.5351882910728454
1788862279555920400,8.66092041015625,0.7393500478267669,-1.6735010754808783,1.233839492149651
1788862279565927400,8.670927490234375,0.985358944582939,-0.9961448347523808,1.4761734997853635
1788862279575933400,8.680933349609376,1.5599556525826452,-0.3438067154243588,1.619147846263647
1788862279585940500,8.6909404296875,1.2768892370641232,0.3271846664473414,1.069261070498079
1788862279595946500,8.700946533203124,0.7505237682700157,1.1635977889269589,0.6174038032647222
1788862279605952500,8.710952392578125,0.725782125723362,1.4824702618420122,0.8598361567083745
1788862279615959300,8.720959228515625,0.7806441812455653,0.8484925595909356,1.2915299029655753
1788862279625965300,8.73096533203125,0.9633739072680473,-0.49572483133673667,1.3542711674302816
1788862279635972600,8.74097265625,1.4851380197465418,-2.0464912152916193,1.0106256339170039
1788862279645978400,8.750978271484374,1.631175553187728,-3.335908510017395,0.5173159739632159
1788862279655985400,8.7609853515625,1.3148270457923412,-3.9057723442763086,0.05145252107335254
1788862279665991400,8.770991455078125,0.5630120686680078,-3.659806117618084,-0.18313439783323554
1788862279675998500,8.78099853515625,-0.24647943687736987,-2.8661346970170736,0.02343145499723032
1788862279686004500,8.79100439453125,-0.5325333437740802,-1.8697499160289763,0.6374593338217586
1788862279696011500,8.801011474609375,-0.8665770823359489,-1.1214333024144172,1.0871820732444524
1788862279706017500,8.811017578125,-1.1829092231184244,-0.7134867077738046,1.141747556972876
1788862279716024300,8.8210244140625,-0.8939975887030363,-0.7670148843437433,1.3512351607352495
1788862279726030600,8.831030517578125,-0.7522510304540395,-1.037221233767271,1.4373979250587523
1788862279736036600,8.84103662109375,-0.6003764614224434,-1.3026385953485966,1.27064230549857
1788862279746043400,8.85104345703125,-0.8504647364467381,-1.094989532124996,1.0965811121653766
1788862279756049400,8.86104931640625,-1.0799725802570581,-0.7410100899934768,1.6158128566220402
1788862279766056400,8.871056396484375,-0.78468264298141,-0.9367886826813221,2.5599679764181373
1788862279776062500,8.8810625,-0.884469881901145,-1.3927619338661432,2.8800086163297296
1788862279786069500,8.891069580078126,-1.2951099534094332,-1.8673118752270936,2.8662261746928093
1788862279796075500,8.901075439453125,-1.4455302319794892,-2.5657635109543797,2.786166257289052
1788862279806082600,8.91108251953125,-1.5968524278253315,-2.922920998600125,2.2357788385249675
1788862279816088300,8.92108837890625,-1.6480711584091186,-2.3965075990110636,1.4183619468078017
1788862279826095600,8.931095703125,-1.3149480418235062,-1.42022043415606,1.255929597274214
1788862279836101600,8.9411015625,-0.7762462385475635,-0.5934872864305972,1.8431968401461838
1788862279846108400,8.9511083984375,-0.8434726856023073,-0.02230418626666069,1.8768145937182008
1788862279856114400,8.961114501953125,-1.0602087261229753,0.47069443497657776,1.173456042857468
1788862279866120700,8.97112060546875,-0.7462310395121574,0.2642337047547102,1.2403379142582416
1788862279876127500,8.98112744140625,-1.6459060893297195,-0.36621699241399763,1.6267217886492609
1788862279886133500,8.991133544921874,-2.3598382027834655,-1.0139227757662534,1.811838117547333
1788862279896140500,9.001140625,-1.6734727261692284,-1.7862942187070845,2.6987369801610708
1788862279906146600,9.011146484375,-1.1344763238608837,-2.451983402517438,3.1683699233859777
1788862279916153300,9.0211533203125,-1.8393670527249573,-2.2171242608070374,1.4156513726748525
1788862279926159400,9.031159423828125,-1.6835013682305813,-1.6087077007919548,-0.6716309218842536
1788862279936166400,9.04116650390625,-0.32748715652525423,-1.289713062801957,-1.2741174342632293
1788862279946172400,9.05117236328125,0.7628612717956305,-0.9316261853516101,-0.8711086613509803
1788862279956179500,9.061179443359375,1.1121394043684005,-0.3650117082774639,-0.545323815231584
1788862279966185500,9.071185546875,0.7438900293439626,0.16417232506871224,-0.1826134426990524
1788862279976191500,9.08119140625,0.2603139009624719,0.32281156592965127,0.6215777279485016
1788862279986198500,9.091198486328125,-0.43187399819493294,0.16786591888964175,1.2174486215800047
1788862279996204300,9.101204345703126,-0.3991156379312277,-0.4869850600421428,2.080046132760495
1788862280006211600,9.111211669921875,-0.15022680182456968,-1.414435421013832,3.4150416679650544
1788862280016217300,9.12121728515625,-0.8683756561905145,-2.1872148602336643,3.919183029991388
1788862280026224400,9.131224365234376,-2.2771230946958063,-2.4131845930457114,2.4644492085978387
1788862280036230700,9.141230712890625,-2.5640619677335024,-2.291088491684198,0.6665385671813041
1788862280046237400,9.151237548828124,-1.4139526059329508,-2.241757182282209,0.7618773753248155
1788862280056243500,9.161243408203125,-0.2091518690019846,-1.52240421282351,1.3853886286191641
1788862280066250500,9.17125048828125,0.3723720079123974,-0.32665479735434055,1.5031874711781739
1788862280076256500,9.181256591796876,0.5026496621638536,0.4444412188231945,1.5459278578825295
1788862280086263300,9.19126318359375,0.8024789964348077,0.5794201826333999,1.5863609905578195
1788862280096269300,9.201269287109374,0.8525181618452071,0.48034956755042074,1.019419911877811
1788862280106275600,9.211275634765625,0.8258084340959787,0.47770811313092704,0.2756087016574107
1788862280116282400,9.221282470703125,0.3528542374938726,0.19769699352979658,-0.1844636188766919
1788862280126288400,9.231288330078126,-0.20842823090255258,-0.4694283605635166,-0.1526389410002157
1788862280136295700,9.241295654296875,-0.27192016760408877,-1.4030670547813175,-0.011978734949510544
1788862280146301400,9.251301513671875,-0.36382337527573105,-2.21047941596508,-0.10607828362165019
1788862280156308500,9.26130859375,-1.0049766682446002,-2.452268649199605,-0.5372188712418079
1788862280166314200,9.271314208984375,-1.3138193300545216,-2.0495476802527905,-0.5545366473980248
1788862280176321500,9.281321533203124,-0.2139168914467096,-1.230695056644082,0.8042983208164572
1788862280186327600,9.29132763671875,0.277669524911046,-0.44423722068369387,1.95246531637758
1788862280196334300,9.301334228515625,-0.11276830104589462,0.0016886837393045423,2.059865660649538
1788862280206340600,9.311340576171874,-0.11910334928631781,-0.04889525607228279,1.87277335550338
1788862280216347400,9.321347412109375,0.42550680125057694,-0.37486616281569,1.778065027283132
1788862280226353400,9.331353515625,0.9645943889737129,-0.41896658582687374,1.8558149141788483
1788862280236359400,9.341359375,1.4866525159627197,-0.515681577694416,2.22223911960274
1788862280246366500,9.351366455078125,1.5654419750392436,-0.9868336933106183,2.324663867419213
1788862280256372500,9.36137255859375,0.9220902952432631,-1.5273779095828532,1.4346538870476186
1788862280266379300,9.371379150390625,0.9892764102876186,-1.6961498374015092,0.23759598279576746
1788862280276385500,9.381385498046875,1.9660493128329515,-1.2169886028528212,-0.05481100118840113
1788862280286392600,9.391392578125,2.4300293448626995,0.005034194774925708,0.40733273705858736
1788862280296398300,9.4013984375,2.276890454983711,1.3043600123137236,0.9278563114240765
1788862280306405600,9.411405517578125,1.7000854232847689,1.963791889294982,0.6368202322006226
1788862280316411400,9.421411376953126,-0.09120295044779778,2.1722063839331267,-0.6897462050937115
1788862280326418400,9.43141845703125,-1.061074403041601,1.8935475557237862,-0.8719641822017729
1788862280336424700,9.4414248046875,-1.0467530322223901,1.1129428297057746,0.2501218119677156
1788862280346430500,9.451430419921875,0.18617255995273588,-0.08945055382251739,1.1284786178160457
1788862280356437500,9.4614375,1.2353402521014212,-1.6346981743559241,1.3962176272779703
1788862280366443500,9.471443603515626,1.145716095277667,-3.1158117608919738,1.3018370697073638
1788862280376450600,9.481450439453125,0.6199696351647377,-3.9200194808155295,0.9129596249349414
1788862280386456600,9.49145654296875,0.08944938477873801,-3.8444907771006225,0.8407958676084876
1788862280396463400,9.50146337890625,-0.9367132793575524,-3.16304112957865,0.8618431856818497
1788862280406469600,9.5114697265625,-1.2389070046722888,-2.372265138158202,0.4354701229907572
1788862280416476400,9.521476318359374,-0.03631283787488937,-1.7795204867884515,-0.2106134659871459
1788862280426482400,9.531482421875,2.0777391709923743,-1.3733537613019347,-0.6283955182045697
1788862280436489500,9.541489501953125,2.8397411956101655,-0.907840236094594,-0.9827508079111575
1788862280446495500,9.55149560546875,1.834627164721489,-0.3339280032277107,-1.1644003374814986
1788862280456502500,9.56150244140625,0.4720014259219169,0.39472354045212266,-1.0447060365647076
1788862280466508300,9.57150830078125,0.5716419498473405,0.6240460908234119,-0.5723528745956719
1788862280476514600,9.5815146484375,2.2717162672162057,-0.2802624640136957,-0.3050201809123158
1788862280486521600,9.591521484375,4.252685501283407,-1.5742369836524128,-0.19269523971974847
1788862280496527600,9.601527587890626,2.956402412441373,-1.705976088758558,-0.4144694205380976
1788862280506535000,9.611534912109375,0.7707236757338046,-1.1578383486174046,-0.41911943830102677
1788862280516540700,9.621540771484375,1.9292893157124518,-1.2844551422737538,0.501903958363086
1788862280526547700,9.631547607421876,2.9540479582697152,-1.4490531454086304,0.21919775445908307
1788862280536554000,9.641553955078125,2.105987360355258,-0.5648386995732784,-1.2456449346251786
1788862280546560800,9.651560791015624,1.2744932818382977,0.608375205091387,-1.698954519558698
1788862280556566800,9.66156689453125,1.3309341309845446,1.099552456126362,-1.9870169897988437
1788862280566573800,9.67157373046875,1.642736227121949,0.877931858434528,-1.9687774226225911
1788862280576579800,9.681579833984374,1.2671645463854073,0.3527102989785373,-0.7163108252838254
1788862280586585900,9.6915859375,1.25119482383728,0.6363166665926575,0.10620733509510755
1788862280596592600,9.701592529296875,2.1775334241747855,0.933241511593759,0.16213161302134393
1788862280606599000,9.711598876953126,2.547120769804716,0.9071740272708236,-0.024861323403567073
1788862280616605700,9.721605712890625,3.0221663857281205,0.9112538439303636,0.7184009294308722
1788862280626611700,9.73161181640625,3.542276301258802,1.319065560144931,0.6256624399788677
1788862280636618800,9.74161865234375,4.215824966397881,1.8013295830145477,-0.5387001958407461
1788862280646624800,9.751624755859375,3.784071379712224,1.7483831518553197,-1.7173939932212232
1788862280656631800,9.7616318359375,3.3402526767015455,0.7899740273877978,-1.4170616778641938
1788862280666637600,9.771637451171875,2.9728485203295945,-0.1963455789208412,0.25267061966769394
1788862280676644900,9.781644775390625,2.0907728400886056,0.5467227587766945,0.21279731283225117
1788862280686651000,9.79165087890625,2.0317583410620688,1.5890252413310109,-0.8414752281747758
1788862280696657700,9.80165771484375,1.205051496821642,2.912458641296625,-1.5303414355635643
1788862280706664000,9.811663818359374,0.4602817620337009,4.535440658895671,-1.228503391818702
1788862280716669700,9.821669677734375,0.3807283328473568,5.321267503476142,0.23872400044500827
1788862280726676700,9.8316767578125,0.4836813423216343,4.934067344266176,1.8260186185911296
1788862280736682800,9.841682861328126,0.13492752588391302,3.727371295107901,2.6700205887645483
1788862280746689800,9.851689697265625,-0.11980360651016235,1.8340061102136969,3.008705723391473
1788862280756695800,9.86169580078125,0.43265316587388514,-0.528451335157454,2.9746555697515604
1788862280766702600,9.87170263671875,0.7709469630956649,-2.6924182985335587,2.197200539936125
1788862280776708900,9.881708984375,-0.36721418675780293,-4.372868754760921,0.728686761123687
1788862280786715600,9.891715576171874,-2.3669682007938624,-5.68504236343503,-0.5083981792205944
1788862280796721700,9.9017216796875,-3.9216350993186233,-6.263759950757026,-1.0337097185149788
1788862280806729000,9.91172900390625,-4.5799873643696305,-5.491112028962373,-0.927141148892045
1788862280816734700,9.921734619140626,-4.1693969772219655,-3.853213597260415,-0.669794573302567
1788862280826740700,9.93174072265625,-1.2960767526149748,-3.1927962163731456,0.5267935945456848
1788862280836747500,9.94174755859375,0.9948521645933389,-2.969195843040943,1.9727292289882896
1788862280846753800,9.95175390625,0.7374304779410362,-2.0624942555874584,1.7822386597059665
1788862280856760800,9.9617607421875,-0.3536749062269926,-0.4500210647821426,0.060426557781547305
1788862280866766600,9.9717666015625,0.4592939200401306,0.6365986984044313,-1.050391973246634
1788862280876774000,9.98177392578125,1.5558376958698032,1.3271025899976492,-0.945818596028909
1788862280886780000,9.99177978515625,2.182899335122108,2.0559072784125805,-0.11799038307573646
1788862280896786700,10.00178662109375,2.8361352800726887,2.4540374124377964,1.2299494989737867
1788862280906793000,10.01179296875,3.165731391575932,2.202775417459011,2.171129256220907
1788862280916799700,10.0217998046875,2.1392723748415707,2.001248636507988,1.624017498126626
1788862280926805800,10.0318056640625,2.037647399100661,1.6499726081162691,0.7988638746775686
1788862280936812800,10.041812744140625,2.2899761465281245,0.9174439307421445,0.4436246052106842
1788862280946818800,10.05181884765625,1.518398484313488,0.5153688584834337,-0.2726673875085078
1788862280956824800,10.061824951171875,0.5082651639580726,0.9934604179739952,-1.3418686358444392
1788862280966831600,10.07183154296875,-0.16681319496631622,1.6929688692778349,-1.9019578028030693
1788862280976838000,10.081837890625,0.11997662498950958,1.559213894304633,-1.113563591952622
1788862280986844700,10.0918447265625,0.36612756056487555,0.7352426125079393,1.349371851081401
1788862280996850700,10.1018505859375,-0.4951508308410644,-0.49516719745397564,4.463823867927491
1788862281006858000,10.11185791015625,-2.067176275923848,-1.8456337119042872,5.803330889207125
1788862281016863700,10.12186376953125,-2.7266894014477727,-3.249841753414273,5.340498858168721
1788862281026870800,10.131870849609374,-2.3846803830951453,-4.331771897479891,3.547452534852922
1788862281036876800,10.141876708984375,-1.878017978158593,-4.560712170535326,1.2009258682589978
1788862281046883800,10.1518837890625,-1.0706371811568736,-4.402227827975154,-0.7035111110739409
1788862281056889900,10.161889892578126,0.2021750157266855,-4.776781856101751,-1.451430542064458
1788862281066895600,10.1718955078125,-0.45534547467529773,-4.446706436648965,-1.8297240489803253
1788862281076903000,10.18190283203125,-3.1615590743273496,-3.0631314333230257,-2.91374488171488
1788862281086909000,10.191908935546875,-3.929422684454918,-2.2630080601036546,-3.1812478173986074
1788862281096915700,10.201915771484375,-2.4180723650872706,-2.970070287787914,-1.7559065330974757
1788862281106921700,10.211921630859376,-0.9538169743716716,-4.281670188227296,0.8371426788631826
1788862281116928800,10.2219287109375,-1.471872295460105,-3.7903181651473044,2.7261118938207627
1788862281126934800,10.231934814453124,-3.077757924568653,-2.243249466666579,1.559954483538866
1788862281136941600,10.241941650390626,-3.290002498888969,-1.7007207985788584,-0.7156588641811161
1788862281146947800,10.25194775390625,-1.905510380718112,-2.372844983872771,-0.08325657628690823
1788862281156955000,10.261954833984374,-1.0779279226869345,-2.746152811330557,1.8680919196888803
1788862281166960600,10.271960693359375,-1.846048137924075,-2.109520795178413,1.7144912575170397
1788862281176966700,10.281966552734374,-1.2926011854588986,-1.411861771133542,1.1117417833529413
1788862281186973700,10.2919736328125,0.4856880059689283,-0.9858967047214507,1.261474079658836
1788862281196979700,10.301979736328125,2.30108147791028,-0.6488040999829768,1.255645811896771
1788862281206986800,10.31198681640625,3.2536195183873176,-0.022823241704702377,0.4207744754990563
1788862281216992800,10.32199267578125,2.9052433030903337,1.0331360102802514,-0.4912870680849999
1788862281226999800,10.331999755859375,2.0535078160554168,2.1150930423527954,-1.122739489642158
1788862281237005800,10.342005859375,2.0273259115725755,3.0305817473739385,-1.4963438888937235
1788862281247012900,10.352012939453125,3.328765068003535,3.6184599617511033,-1.219995383453369
1788862281257019000,10.362018798828124,3.6836540261954065,3.7818887749761343,-0.44241563127972183
1788862281267025700,10.372025634765626,1.597506507819891,3.6694285169661045,0.09563485021432862
1788862281277031700,10.38203173828125,-0.5335685320407152,3.0667157215505836,0.4189074760507792
1788862281287038700,10.392038818359374,-1.7163918304413557,2.1887983300328253,0.8468919925265014
1788862281297044700,10.402044677734375,-2.7214696209728717,1.3264730599224566,1.1798128645382822
1788862281307050800,10.41205078125,-2.4929905356884,0.3086088530540466,1.599583898615837
1788862281317057800,10.422057861328126,-0.8623761235147714,-0.9771972654372453,2.0237905770532785
1788862281327063800,10.432063720703125,-0.6364139894872903,-1.5081272656679152,1.0934127843275665
1788862281337070600,10.442070556640624,-1.8129764739274978,-1.0711293485879898,-0.7980465669453144
1788862281347076600,10.45207666015625,-1.8207108675718306,-0.8621142577081918,-1.6431209886558353
1788862281357084000,10.462083984375,-0.7417261293083429,-1.3925585202485322,-0.5402609058188275
1788862281367089700,10.472089599609374,-1.5481120700538158,-1.4595008896648882,1.156398086681217
1788862281377096700,10.4820966796875,-3.943226753401756,-1.5525848315536974,2.0195251746937632
1788862281387102700,10.492102783203125,-4.8417947187602515,-2.4824989522904155,2.4554428953215477
1788862281397109800,10.50210986328125,-4.934301153022051,-3.3266683879852295,1.6305837247744202
1788862281407115800,10.51211572265625,-3.846681272882223,-3.955787544289231,0.2815298901336267
1788862281417121500,10.52212158203125,-0.9982225178092717,-4.687903549209237,0.4465244913706556
1788862281427128800,10.53212890625,0.42534605773091316,-5.023189981308579,1.2532333439275622
1788862281437134800,10.542134765625,-0.12382803972065448,-4.408918265524506,0.7487209566317499
1788862281447141600,10.5521416015625,0.6589391250282526,-3.760070326399803,0.1368729608632624
1788862281457148000,10.56214794921875,0.8588391815602779,-3.0902228538662193,0.053197264115139836
1788862281467154700,10.57215478515625,-0.3516998067617416,-2.244101699581742,-0.6453505985282361
1788862281477160700,10.58216064453125,-0.06189268481135368,-1.7343588642865417,-0.9703235802754759
1788862281487167700,10.592167724609375,1.1354413695007561,-1.3126812659353018,0.12278855887139216
1788862281497173800,10.602173828125,1.6001158135354518,-0.6813923643767833,0.7181521423015743
1788862281507180800,10.612180908203126,2.1528350362479687,0.1143897647678852,-0.11032409536470658
1788862281517186600,10.6221865234375,3.5157647264301777,0.7137222700953483,-0.8750727426763624
1788862281527193900,10.63219384765625,3.971770710840821,1.1935673952549695,-1.0099307835206388
1788862281537199600,10.64219970703125,3.087303167027235,1.795266045191884,-1.2742968824833631
1788862281547205600,10.65220556640625,2.4149019183576104,2.2474580242723223,-1.3441260593824087
1788862281557213000,10.662212890625,2.503030283665657,1.9740911649912594,-0.5544147745840251
1788862281567218700,10.67221875,3.0706735192656516,1.3499071270018814,0.1663054281072691
1788862281577225700,10.682225830078124,3.6307968807548283,0.6114128192216157,0.12927395710162817
1788862281587231700,10.692231689453125,4.541479062277078,-0.47025458225458855,-0.2690811813184991
1788862281597238800,10.70223876953125,3.373995956349373,-0.8450093936502933,-0.8475127547733485
1788862281607244800,10.712244873046876,1.723709459978342,0.2058048966616392,-1.2251633606757968
1788862281617251600,10.72225146484375,1.337518770071864,1.3683143058300018,-0.7608837611775845
1788862281627257900,10.7322578125,-0.271897371250391,2.1277751215323804,-0.20488573599010704
1788862281637264000,10.742263916015625,-1.7802268814921378,2.6268092235475775,-0.13202829731106758
1788862281647270700,10.752270751953125,-1.0825170040428638,2.6197107897192238,0.03495280156806111
1788862281657276700,10.762276611328126,-0.13451251534223554,1.8280606458127497,0.2822239733450115
1788862281667283700,10.77228369140625,0.33361353045105935,0.6445175087049603,0.44467816938422616
1788862281677289700,10.782289794921875,0.5209668246209621,-0.6354068582713603,1.1974658639982343
1788862281687296500,10.792296630859376,0.4687456389963627,-1.7448562929034233,1.7884570958293973
1788862281697302800,10.802302734375,0.34296237355470655,-2.372004441395402,1.3005404540255665
1788862281707309800,10.812309814453124,0.43706689066290855,-2.880366051465273,0.648745940054953
1788862281717315600,10.822315673828125,0.8249731523156165,-3.0712685625493523,-0.10606171607933938
1788862281727323000,10.832322998046875,-0.8077285875260829,-1.4524245215378702,-1.727272559287399
1788862281737328600,10.84232861328125,-1.6114999618589878,0.518553625999391,-2.4548650954335924
1788862281747334700,10.852334716796875,0.18959025944173336,1.3322275317959487,-1.5228494723729789
1788862281757341700,10.862341796875,1.293719375833869,1.693456214403361,-0.7158852933481336
1788862281767347700,10.87234765625,0.8742389952659606,0.573220743471384,0.1211521715749055
1788862281777354800,10.882354736328125,0.8460346450448035,-1.7700614613085983,0.8901180438559502
1788862281787360800,10.89236083984375,0.36541385933756826,-2.0560889185898006,-0.12148534905202686
1788862281797367800,10.902367919921875,-0.22587036409080027,-0.6536546087540686,-1.088671142758429
1788862281807373800,10.912373779296875,1.6690788751244543,0.014650602773576974,-0.28306078949533403
1788862281817380600,10.922380615234376,2.990708586668968,0.28561756130605936,0.006705635118484497
1788862281827386600,10.93238671875,2.1487036355316635,0.49021015956848857,-0.4826658816687762
1788862281837393700,10.9423935546875,1.2809376356720923,1.1254187187887728,-0.8048406840648502
1788862281847399700,10.952399658203126,2.073236014354229,1.1658476136803626,-0.7798021043982356
1788862281857405700,10.96240576171875,2.619397485986352,1.2089775842241943,-1.3395309866771101
1788862281867412700,10.972412841796874,4.001307186448574,1.1755927626252174,-0.7375515470374375
1788862281877418800,10.982418701171875,5.25823441645801,0.2939139727473259,0.8271937509745358
1788862281887425500,10.992425537109375,4.634600413566828,0.08416749885305762,0.4088839120233431
1788862281897431600,11.002431640625,2.915745992404222,1.1846679033540188,-1.7762582701221108
1788862281907438800,11.01243896484375,2.184028631412983,2.096280205333233,-2.6652210795283318
1788862281917444600,11.022444580078124,1.596075598233938,2.361362343610823,-2.2364058843821284
1788862281927451600,11.03245166015625,1.4932850858449935,2.5938722918465733,-1.7299499618031084
1788862281937458000,11.0424580078125,2.6091350351691243,2.6267668457105753,-0.3067339990928769
1788862281947464700,11.052464599609374,3.1194460257411003,2.421822365270555,0.9081339583441614
1788862281957470700,11.062470703125,2.8624890339910984,2.242923303452134,1.0498616657622157
1788862281967476500,11.0724765625,2.995749503445625,1.6716621696159242,0.9783863290913403
1788862281977483800,11.08248388671875,2.915030537611246,0.9273419321611523,0.49466560460738834
1788862281987489800,11.09248974609375,2.055257290071249,0.40510698730051514,-0.2992540916662663
1788862281997496600,11.10249658203125,1.4433125559300184,0.22467530908733604,-0.7814696722842752
1788862282007502800,11.1125029296875,0.9910743996202945,0.6286378025278448,-0.8003222567923367
1788862282017509600,11.122509521484375,-0.07542319751381873,1.4302905772715806,-0.7386900495480746
1788862282027515600,11.132515625,-0.7452198166429996,2.2144608868166804,-0.36490466770641505
1788862282037522700,11.142522705078125,-1.1292401767730713,2.6216452649131416,0.21483868246674537
1788862282047528700,11.15252880859375,-1.5083528911173343,1.997693574374914,0.9378437446922063
1788862282057535700,11.16253564453125,-0.970388754466176,-0.07328443191945552,1.556566740796715
1788862282067541800,11.172541748046875,-0.8953852436691522,-2.5021248592585326,0.9224895967591553
1788862282077547800,11.1825478515625,-1.1407020665079355,-4.491005012580752,-0.2385608457725495
1788862282087554800,11.192554931640625,-0.4351671945214271,-5.7934518847495315,-0.8723501858446746
1788862282097560600,11.202560546875,-0.6518284162402153,-5.762043770051002,-1.5700620360553263
1788862282107567900,11.21256787109375,-1.7402958531200885,-4.41637208866179,-2.363747777442634
1788862282117573600,11.22257373046875,-0.6360077467739582,-3.405238066831231,-1.4664656141109764
1788862282127580700,11.23258056640625,0.09668459672927855,-2.461927288904786,-0.007863865242898463
1788862282137587000,11.2425869140625,-0.6083095925092696,-1.2681395288974047,0.08628478326797485
1788862282147593700,11.25259375,-0.4873731825768947,-0.09944529361426829,-0.42130986101739104
1788862282157599700,11.262599853515624,0.7285977676659822,0.5989402911394834,-0.21189378812126813
1788862282167606800,11.272606689453125,1.272529288288951,1.1187269660651684,0.0719908119123429
1788862282177612800,11.28261279296875,1.3463023805081844,1.484829976710677,-0.17011512258853762
1788862282187618800,11.292618896484376,1.1776368356734515,1.6380279033005236,-0.6260172447659075
1788862282197625600,11.30262548828125,0.670105831208825,1.5485551376461981,-0.9095349111832678
1788862282207632000,11.3126318359375,0.30545652650296684,1.089441250348091,-0.4635667019885033
1788862282217638700,11.322638671875,-0.1949818893522024,0.37406712139248843,0.5673547740474343
1788862282227644700,11.332644775390625,-0.7901298024713993,-0.435340797522664,1.9326342422261833
1788862282237651700,11.342651611328124,-1.448561562499404,-1.2075626028597355,2.699554726284742
1788862282247657700,11.35265771484375,-2.191868238997459,-1.8296686655312775,2.566177060191333
1788862282257664800,11.362664794921875,-2.4417770658016202,-2.6672990548461675,2.1617546941541135
1788862282267670500,11.37267041015625,-2.4460814849972725,-3.404436687320471,1.3460890300184487
1788862282277676800,11.3826767578125,-2.3705431366711855,-3.4178608170390126,0.06571074526216834
1788862282287683800,11.392683837890624,-2.0544652629107234,-2.730944720804691,-1.1921921613790094
1788862282297689600,11.402689697265625,-2.0149270332485436,-1.7701064694941042,-1.8048599490977824
1788862282307697000,11.41269677734375,-2.743392114445567,-0.684071228197217,-1.9103867545828221
1788862282317702700,11.42270263671875,-1.5569582243323326,-1.17390933958292,0.20101189023144542
1788862282327709700,11.432709716796875,0.15040741908848285,-2.1762872235059736,3.3498388356924056
1788862282337715700,11.4427158203125,-1.0144207884162664,-1.7551941470444201,3.641761634622514
1788862282347722800,11.45272265625,-2.3387837243169547,-0.5457879621446132,1.312699093852937
1788862282357728800,11.462728759765625,-1.03034141112566,-0.2211106023430824,-0.3982470749357715
1788862282367735600,11.472735595703124,-0.18467910652458666,0.01722644461095333,-1.3082402147479355
1788862282377741800,11.482741943359375,1.1466682814359663,0.24867431657314298,-1.327212772373855
1788862282387747800,11.492747802734375,2.860941220027208,-0.5033031576365232,-0.05538136668857187
1788862282397754600,11.502754638671876,0.9966752883672714,-1.0475485665142537,0.33690420602690424
1788862282407760600,11.5127607421875,-2.153339478638768,-0.8254261567801237,-0.34583222990259527
1788862282417767700,11.522767578125,-2.3068284971296786,-1.473772576123476,0.34552572123669084
1788862282427773700,11.532773681640625,-1.935760557553172,-1.9759984599173068,1.2131414989706129
1788862282437780700,11.54278076171875,-1.2534861496448517,-1.9821961455136536,1.574993939499557
1788862282447786800,11.552786865234374,-0.05604629687070846,-2.3030074775367972,1.9118053892090916
1788862282457793800,11.562793701171875,-1.2275561740964651,-1.9667337879657745,0.41405806325823064
1788862282467799600,11.572799560546875,-2.8167700698673723,-1.2037240476101636,-2.158513666406274
1788862282477806800,11.582806884765626,-1.1493354548186063,-1.7834949433773755,-2.264499175444245
1788862282487812900,11.592812744140625,0.31120237667858597,-2.382356908583641,-1.190984539154917
1788862282497819100,11.602819091796874,-0.2855558942466974,-1.6016554441928863,-0.7292403764184564
1788862282507826200,11.612826171875,-0.6801496708393097,-0.8814216002464293,0.20965605566445736
1788862282517832000,11.62283203125,-1.0237304685533046,-0.6889724442422389,1.233969402139634
1788862282527839200,11.632839111328124,-0.9134721045017242,-0.7124205398470163,1.5953426077842712
1788862282537845200,11.64284521484375,-0.02969195843040943,-0.35771629057228566,1.740796496118605
1788862282547852000,11.65285205078125,0.7680477345228195,0.19553776966929434,1.6913154029823838
1788862282557858000,11.662858154296876,1.111000755727291,0.46828971192240715,1.280570848186314
1788862282567865000,11.672864990234375,1.3750263706892727,0.6645563803881407,0.402004783501476
1788862282577871000,11.68287109375,2.2276883249193427,0.6598176614284516,0.06779478499460966
1788862282587877000,11.692877197265625,2.328000464496016,0.6567658726423978,0.0945624534761533
1788862282597884200,11.70288427734375,1.0103115995317697,0.8147200538486242,-0.04697579578440636
1788862282607890200,11.71289013671875,-0.3694248485445976,0.807370275607705,0.10998787654712795
1788862282617897000,11.72289697265625,-0.7742880902171134,0.317315891122818,0.8160983564645051
1788862282627903000,11.732903076171874,-0.48912733276784415,-0.26795535562634465,1.4588739899381995
1788862282637910000,11.742909912109376,-0.27581132982373235,-0.7677513819247483,1.535895854820311
1788862282647916000,11.752916015625,0.2057259862065315,-1.3811544981807469,1.2090713269222526
1788862282657923000,11.762923095703124,0.33741642986536025,-1.954634184849262,0.910438143633306
1788862282667929000,11.77292919921875,-0.3547551026791334,-2.2400386879265306,0.8000548380278051
1788862282677936000,11.78293603515625,-0.6304886910915375,-2.16892692387104,0.5970830459002405
1788862282687942100,11.792942138671876,-1.094085276761651,-1.6913976744383572,0.5609481584081426
1788862282697948000,11.802947998046875,-1.7763555930167436,-0.9505231935232877,0.7525029593884944
1788862282707955200,11.812955078125,-1.7156798827797173,-0.10059329460561275,0.796880591905862
1788862282717961000,11.8229609375,-0.4683662842899561,0.6519377218335867,0.7411567319225519
1788862282727968300,11.83296826171875,0.7479103709012269,0.5828174238562583,0.8077101750865578
1788862282737974300,11.842974365234374,0.8274550322592258,0.026437340548634527,0.5206698509683833
1788862282747981000,11.85298095703125,0.9089327075064182,-0.5402458178475499,0.3547974805161357
1788862282757987000,11.862987060546875,0.6558674624979496,-0.6622533641427755,0.284225960817188
1788862282767994000,11.872994140625,0.6530161647200584,-0.29033056130260226,-0.041143582499586044
1788862282778000100,11.883000244140625,0.7378712074458599,0.41588410964161154,0.15101652743015437
1788862282788006100,11.893006103515624,-0.4675017764151096,1.3125938799127936,0.27755963479578494
1788862282798013200,11.90301318359375,-0.09526303949356078,2.0688409942656754,-0.5197779801625758
1788862282808019200,11.913019287109375,2.238569784417748,1.8423171347022056,-0.2811449824692681
1788862282818026000,11.92302587890625,3.214807264912128,0.7377519649803638,0.9160141171347349
1788862282828032000,11.933031982421875,2.088473330974579,-0.7678679940417409,1.8092371412687003
1788862282838039000,11.9430390625,1.4256073878914117,-2.120082813464105,2.065688667714596
1788862282848045000,11.953045166015626,2.800131069755554,-3.0019027653783557,2.193268315053731
1788862282858052000,11.963052001953125,3.6951895656883713,-2.884794973823428,2.118126418699324
1788862282868058000,11.97305810546875,1.731018321686983,-0.8655725814685225,0.8684691066276281
1788862282878064000,11.983064208984375,1.2780191178768872,1.1003428758516907,-0.33548853054270145
1788862282888071200,11.9930712890625,2.437074002677202,1.9913705088332294,-1.3615106171645224
1788862282898077000,12.003076904296876,1.4173241281926632,2.406456161573529,-2.5750027562037108
1788862282908084200,12.013084228515625,0.5467687898755074,1.4908493831306695,-2.4095900756850837
1788862282918090000,12.023090087890624,0.8167968601226806,0.40974078458100555,-1.30975631839931
1788862282928097000,12.033096923828126,1.8591829293072222,-0.5102969620466232,0.29538528740890324
1788862282938103300,12.043103271484375,1.771207708734274,-2.063028508594632,2.0814087994158266
1788862282948110000,12.053110107421874,0.6851391496896744,-2.638092541845143,2.168697645159811
1788862282958116000,12.0631162109375,-0.05213233829736709,-1.2442363830015062,0.21772366331852971
1788862282968122000,12.0731220703125,-0.4469499867737293,0.4012435898706317,-1.4158897114753721
1788862282978129200,12.083129150390626,-0.906226955679059,1.739604655985534,-1.8668793290287256
1788862282988135200,12.09313525390625,0.022760113340616225,1.6313376118816434,-0.7167804886221886
1788862282998142000,12.103141845703124,0.6380360377311706,0.04991919229254126,1.3709537144228816
1788862283008148200,12.113148193359375,0.4869260233312845,-2.0128554876714944,2.3882377833157777
1788862283018155000,12.123155029296875,-0.13186696926951408,-3.3790172916427252,1.5150626178890465
1788862283028161000,12.1331611328125,-0.6991992392241955,-3.2948306496977806,0.1374709267564118
1788862283038168000,12.14316796875,-0.7139630931138992,-2.2249325964704156,-0.7158356820527464
1788862283048174000,12.153174072265625,0.16264438484907148,0.494255489436537,-1.1005891056977213
1788862283058181000,12.16318115234375,1.6229571754187344,3.0301620606571436,-0.3592720686469227
1788862283068187000,12.173186767578125,3.734547762608528,3.5864310848057266,0.815631469605118
1788862283078193200,12.183193115234374,4.867113868933916,2.6838907086849213,1.2738177206642924
1788862283088200200,12.1932001953125,3.0049639065146443,1.5333774422585964,0.2708738734215498
1788862283098206000,12.2032060546875,1.7669558965086936,0.11572729698196053,-0.09289842925406992
1788862283108213200,12.213213134765626,1.2310767494380472,-1.4245797984093427,0.62556964712888
1788862283118219300,12.22321923828125,0.8546972594499588,-1.8665040659755467,1.2486549300961196
1788862283128226000,12.23322607421875,1.961945384645462,-1.1294707706585525,1.810433365315944
1788862283138232000,12.243232177734376,2.457562663954496,0.12576105360984802,1.1705873555533588
1788862283148238000,12.253238037109375,1.1893781268715857,1.8310709335446356,-1.0865298198807984
1788862283158245000,12.2632451171875,0.040697921091318125,3.3378248650327325,-2.5054990118667484
1788862283168251100,12.273251220703125,0.9506173015475272,3.469145890857279,-1.3899565210565923
1788862283178258200,12.283258056640625,3.748255385443568,2.4523329466074704,0.8648683787219226
1788862283188264200,12.29326416015625,4.708490994685888,1.6840952424705027,2.3156804966270923
1788862283198271000,12.30327099609375,2.906058126604557,1.2046873396843671,2.5199632982879874
1788862283208277000,12.313277099609374,1.6111422344624995,0.4619669386416673,1.5919279770351946
1788862283218284000,12.323283935546876,1.5913409709274768,-0.43934155759662386,0.34168438950814306
1788862283228290000,12.3332900390625,1.9900164638757705,-1.5019634823411703,0.24248291458711027
1788862283238297000,12.343297119140624,2.6250544888347385,-2.25631206959635,1.0297576929535717
1788862283248303000,12.35330322265625,3.330094855302572,-2.3399451693117617,1.4694883229330182
1788862283258309000,12.36330908203125,2.3990368252277374,-1.2962360348299145,0.44366000531762834
1788862283268316000,12.37331591796875,1.3855436730504036,0.09226970289647579,-0.8995956279058008
1788862283278322000,12.383322021484375,1.2902566681593657,0.9161977300733327,-1.486984232135117
1788862283288329200,12.3933291015625,1.6013959164738654,1.4197621689945459,-1.0799835400424898
1788862283298335000,12.4033349609375,1.2830518513470888,2.05501354444325,-0.4925224916314706
1788862283308342000,12.413342041015625,0.9571791442811488,2.6371698740422724,-0.012127002580091356
1788862283318348300,12.423348388671876,0.12778934456706045,3.1724142303407192,0.22811337551092728
1788862283328355000,12.43335498046875,-0.1812017858028412,3.3018063339293002,0.6973262849591672
1788862283338361000,12.443361083984374,0.8299491871625184,2.362107901281118,2.275519312760979
1788862283348367000,12.4533671875,1.267094403758645,0.9912707989752292,3.804780113480985
1788862283358374100,12.4633740234375,0.4767646948009729,-0.3649731298327446,3.8431235804006456
1788862283368380200,12.473380126953124,-0.9336287573456764,-1.334780869540572,2.4567133536487815
1788862283378387200,12.48338720703125,-1.2830658798724413,-2.447939680084586,1.0238523413673042
1788862283388393200,12.493393310546875,-1.0625503208130598,-3.957548708742857,0.11594349701590835
1788862283398400000,12.50339990234375,-1.890502781200409,-4.542398515209555,-0.8772457758665084
1788862283408406000,12.513406005859375,-2.865531470426917,-4.038160707071423,-1.6593927628904581
1788862283418413000,12.5234130859375,-4.001299003142118,-3.3143998580425977,-1.843223582022637
1788862283428419000,12.533419189453125,-5.056752643692493,-3.107632838350534,-0.814206697499007
1788862283438425000,12.543425048828125,-4.826767245498299,-3.826729202699661,2.1623373163476587
1788862283448432000,12.55343212890625,-4.204960458034277,-4.917525959309935,4.643284070760012
1788862283458438100,12.563438232421875,-4.913253104296326,-5.223056135571003,3.565161794544756
1788862283468445200,12.573445068359375,-4.5656040342301125,-4.312306734031439,0.495597405564785
1788862283478451000,12.583450927734376,-1.353569156640768,-3.3392660037517548,-1.0458118058495223
1788862283488458200,12.593458251953125,2.046501152163744,-2.2358301303207875,-0.6620583530273288
1788862283498464300,12.60346435546875,2.537181559592485,-0.35118776558637615,-0.18357750195823608
1788862283508471300,12.61347119140625,1.4795827237069605,1.3968892429292201,-0.31984519040472803
1788862283518477300,12.623477294921875,1.3235434362113474,2.043211462968588,-0.47774398816190655
1788862283528483300,12.6334833984375,1.643903809596598,1.1708522900998592,0.12603417146280407
1788862283538490400,12.643490478515625,-0.13755319821238518,0.07483399944901466,0.1159451775163412
1788862283548496100,12.65349609375,-2.596548817579448,-0.47349897100329397,-1.335088912576437
1788862283558503400,12.66350341796875,-3.3034967712342738,-0.9843401229292154,-2.404390607345849
1788862283568509400,12.673509521484375,-1.6309896752268076,-1.960831870445609,-1.6059075486794112
1788862283578516200,12.68351611328125,-1.1551765820622444,-2.348138997161388,-0.9393965270921587
1788862283588522500,12.6935224609375,-2.6413848613888025,-1.678980675935745,-1.9082468199446796
1788862283598528500,12.703528564453125,-2.1497838319838047,-1.406667709621787,-2.4670035692557692
1788862283608535300,12.713535400390626,1.0402011263608932,-2.540509242710471,-0.5253320340931416
1788862283618541300,12.723541259765625,3.342672012802958,-3.6401860558688637,2.3990485156655312
1788862283628548400,12.73354833984375,2.2997493525236843,-3.7472231197863817,3.748339264334738
1788862283638554400,12.743554443359375,-1.676707470306754,-2.2438491861253977,1.9532370314024388
1788862283648561200,12.75356103515625,-2.457434653660655,-1.254113926154375,-1.6190744887664914
1788862283658567400,12.7635673828125,-0.14257424124479293,-1.2935013491690157,-4.029556544855237
1788862283668574200,12.77357421875,2.858882533931732,-1.9701380434513092,-3.678542966791987
1788862283678580200,12.783580322265625,2.680683437076211,-1.73809220559597,-2.672392578592896
1788862283688586200,12.793586181640626,0.05667231981456279,-0.5216553914070129,-2.287040093076229
1788862283698593300,12.80359326171875,-1.2890917160332203,-0.05906710599660873,-1.6480027693480253
1788862283708599300,12.813599365234374,-1.806502893999219,-0.18993863448798656,-0.8953495147686451
1788862283718606300,12.8236064453125,-1.6921739195078611,-0.4125771770507097,-0.09734466807320713
1788862283728612400,12.8336123046875,-0.8777999026179313,-0.5582493843108415,0.8917232140302658
1788862283738619400,12.843619384765624,-0.6234487094521522,-0.5260346294045448,1.5044193510606885
1788862283748625200,12.853625244140625,-0.9582458967298269,-0.04293780897259712,1.1027199802465737
1788862283758632400,12.863632568359375,-0.3326099063664675,0.59370589761734,0.2096941591851413
1788862283768638500,12.873638427734376,1.647915675586462,0.9748352124810218,-0.02178403485007584
1788862283778644200,12.883644287109375,3.2195494910031557,1.311694008463621,0.24201653918437657
1788862283788651500,12.893651611328124,2.3255174155086276,1.8150410052418708,-0.08131817383654415
1788862283798657500,12.903657470703125,0.9580109189301729,2.038013309803605,-0.463862908456102
1788862283808664300,12.913664306640625,1.0583370870321989,1.5617472121745346,0.28096418254226446
1788862283818670300,12.92367041015625,0.6915203751593828,0.924462869593501,1.1191139195561408
1788862283828677400,12.933677490234375,-0.666924278563261,0.2899187656313181,1.4240470067068933
1788862283838683400,12.943683349609374,-1.9031050731420516,-0.6417313851177692,1.557361106044799
1788862283848690200,12.953690185546876,-2.424255437636375,-1.865093614655733,1.4384296061940491
1788862283858696400,12.963696533203125,-2.882390835291147,-2.780841262874007,0.5751566069047898
1788862283868702500,12.973702392578126,-2.817675494274497,-3.024076018741727,-0.09857055660635232
1788862283878709200,12.983709228515625,-1.9539152229249477,-2.663952667027712,0.0405249026119709
1788862283888715300,12.99371533203125,0.12039397361874579,-2.0094319429636,0.393314842697978
1788862283898722300,13.003722412109376,1.778963729688525,-1.0764221942991017,0.1321864104822278
1788862283908728300,13.013728271484375,2.4071172558307645,-0.1417395439863205,-0.7545134954933077
1788862283918735400,13.0237353515625,1.8764128810495138,0.7287649409264325,-1.761837822842598
1788862283928741400,13.033741455078125,-0.006622048488259315,1.8289035263776778,-2.262934118084609
1788862283938747400,13.043747314453125,-1.1665391030758618,2.673812382262945,-1.604395682811737
1788862283948754400,13.05375439453125,-1.6162228987276552,2.5951567786991596,-0.12731241123769432
1788862283958760200,13.06376025390625,-2.9530361508786678,1.8179229904189704,0.8534867146164178
1788862283968767500,13.073767578125,-3.925210619717836,0.5411597178220748,0.9282458221983164
1788862283978773200,13.083773193359375,-2.3456354899078606,-1.1303928539395331,0.973821578459069
1788862283988780300,13.0937802734375,0.6295733298122882,-2.46668500482589,0.8621656956344842
1788862283998786600,13.10378662109375,3.129679834985733,-3.191478119511902,0.8507368313863873
1788862284008793300,13.11379345703125,3.85569460042119,-3.489894956636429,1.2551587590321898
1788862284018799400,13.12379931640625,2.319140281692147,-3.3775960266679523,1.481360108643025
1788862284028805400,13.133805419921876,-0.27996435784995555,-2.4268884164884685,0.7383903359491377
1788862284038812400,13.1438125,-0.9039227703899144,-1.0582125838696956,-0.23531262109894305
1788862284048818400,13.153818359375,0.2649076584935188,0.20583558406084776,-0.6299946239642799
1788862284058825200,13.1638251953125,2.666867093169689,0.9377294706627726,-0.548937877542898
1788862284068831500,13.17383154296875,3.26872122592926,1.4659718392446637,-1.1425514207016676
1788862284078838300,13.18383837890625,3.1318285374522206,1.832519086526334,-1.7414748337715864
1788862284088844300,13.19384423828125,3.184387576729059,1.9263371879085898,-1.3126686987146734
1788862284098851300,13.203851318359375,3.2543659528404474,1.5398711881920695,-0.06521328060142695
1788862284108857300,13.213857421875,2.779261884728074,0.6260387259453535,0.5875603075344115
1788862284118863400,13.22386328125,1.242530455866456,-0.6496297371521592,0.426237380547449
1788862284128870100,13.2338701171875,-0.07028291201591491,-1.5172963682904839,-0.5484841424260288
1788862284138876400,13.24387646484375,0.16949147426486014,-0.10964505445882677,-2.25213449165076
1788862284148883500,13.253883544921875,1.5969406906306742,2.850169066122174,-3.146429894256592
1788862284158889200,13.26388916015625,2.8969360779941082,3.3637112937003373,-1.5016200757309794
1788862284168896500,13.273896484375,0.9720049574911593,1.4084439255140722,0.49350912804864344
1788862284178902300,13.28390234375,-0.4782148936092853,-1.0521046223834156,1.755705311436951
1788862284188908300,13.293908203125,0.24056173726618288,-3.0158722540199756,1.8651354079708455
1788862284198915300,13.303915283203125,0.9545733456969261,-2.6630618556678294,0.2546254069972783
1788862284208921300,13.31392138671875,1.3733634059131146,-1.0149671702526508,-1.1197292749755083
1788862284218928400,13.323928466796875,0.9177893831789493,0.40064036328047514,-1.7218309527553617
1788862284228934400,13.333934326171875,0.5682955620288849,1.0163641775690018,-1.7326310175806283
1788862284238941400,13.34394140625,0.7928519209116697,0.2869134463354945,-0.7061233393989503
1788862284248947500,13.353947509765625,0.6784756001472473,-0.6380979970514774,-0.0721527975410223
1788862284258953200,13.363953125,2.0567881529003382,-1.137401125266403,0.2857384842719883
1788862284268960300,13.373960205078125,2.838234882700443,-0.23223405390381813,0.05509878688752651
1788862284278966500,13.383966552734375,3.0219279007971287,1.7896727552294731,-0.9412023344051093
1788862284288973300,13.393973388671874,4.349795629948377,3.0382185258626935,-1.897085958983004
1788862284298979300,13.403979248046875,4.591202001345158,3.437017645190656,-1.913106242674589
1788862284308986400,13.413986328125,3.2378245678842066,3.268896582496166,-1.6474698315151035
1788862284318992400,13.423992431640626,1.5308663362205028,2.692501885163784,-2.007649881852418
1788862284328999200,13.433999267578125,0.009977788656949996,1.9510643635384737,-2.0643854761615392
1788862284339005200,13.444005126953124,-0.5155681804478168,1.2938283891662954,-1.120672181848809
1788862284349011500,13.454011474609375,1.7015104876518248,0.3836921510890126,0.8714634661380201
1788862284359018200,13.464018310546875,3.9974733073741193,-0.3630564825564623,2.6887030774027108
1788862284369024300,13.474024169921876,4.5508641457378864,-0.5185813907891511,3.0474285450175405
1788862284379031300,13.48403125,3.0851275765538215,-0.32199323528409,1.8556622078351674
1788862284389037300,13.494037353515624,1.1630243729531764,-0.25604689116775986,-0.6494936166170984
1788862284399044400,13.50404443359375,0.39847324837446213,-0.04192512479871511,-2.9449402304455634
1788862284409050400,13.51405029296875,0.5673626650929451,0.7440981191366911,-3.6627930244743823
1788862284419056400,13.524056396484376,0.693765523737669,2.3542563109979033,-3.0296622944414615
1788862284429063400,13.5340634765625,1.0989257025301455,4.1931960782215,-1.4647484349295496
1788862284439069200,13.544069091796874,2.0839958932995795,4.468920314283669,0.6538344223003834
1788862284449076500,13.554076416015626,2.6953543519854546,3.104869511117041,1.6667926638834178
1788862284459082200,13.564082275390625,2.635451379686594,1.0835381637841461,1.2269358502410352
1788862284469089300,13.57408935546875,2.1706272980481387,-1.3870841804906726,0.8559652335591613
1788862284479095600,13.584095458984375,1.1240694961369038,-3.581929097211361,0.40849253808557984
1788862284489101300,13.594101318359375,0.2788683793067932,-4.4618338631540535,-0.8088477277491242
1788862284499108000,13.604108154296876,-0.7276859135180711,-3.7458617683053013,-1.946591309777647
1788862284509114000,13.614114013671875,-1.7791677278280258,-2.2830267657816408,-2.349609508105367
1788862284519121000,13.624120849609374,-1.5405483568012714,-1.152191428771615,-1.5184516758054494
1788862284529127200,13.634127197265625,-0.2534305711895227,-0.22973230021595953,0.1486497617661953
1788862284539134000,13.644134033203125,1.340480542486906,0.19364625683426856,1.4429026599548755
1788862284549140000,13.654139892578126,1.4032891730993986,0.3939157312005758,1.4665158829934895
1788862284559147000,13.66414697265625,-0.33620939216315743,0.7508323958277702,0.3419498720439151
1788862284569153000,13.674153076171875,-1.942331168115139,0.883619402551651,-0.7258584788952023
1788862284579159000,13.684158935546876,-2.058983032596111,0.0927612858057022,0.20324713847022502
1788862284589165800,13.694165771484375,-1.5069260731846092,-0.9182511554718017,2.2180825844451784
1788862284599172000,13.704172119140624,-1.2807073340475559,-1.2252554959386586,2.6732725762978196
1788862284609179100,13.71417919921875,-0.8256611345797776,-1.261629708611965,1.7770891679883003
1788862284619185000,13.724184814453125,-0.43142333181798453,-1.1505617817431688,0.2887910402430221
1788862284629192200,13.734192138671874,-0.23290742312073706,-1.0868535719424486,-0.8758557828128337
1788862284639198000,13.744197998046875,-0.435046198490262,-1.5195014771193265,-0.8067375306621194
1788862284649204000,13.754203857421874,-1.5926654975295065,-2.4018144732475277,0.15407978745829312
1788862284659211000,13.7642109375,-3.1239936060428617,-3.5042210036307573,1.3430328573182224
1788862284669217000,13.774217041015625,-3.8852217236787077,-4.39775974265039,1.707765164132416
1788862284679224000,13.78422412109375,-4.845985156187415,-4.162448765519261,0.4622953303458169
1788862284689230000,13.79422998046875,-4.2932425525993105,-3.009623715019226,-0.7155060847721993
1788862284699237000,13.804237060546875,-1.103884201720357,-2.631023626372218,0.36420601791776713
1788862284709243100,13.8142431640625,1.2915566448420286,-2.485646018144488,1.9376640530869365
1788862284719249000,13.824248779296875,0.8783388318002223,-1.2374264107257127,1.841281361913681
1788862284729256000,13.834255859375,-1.1261246751010416,0.5960930850148201,-0.6945824661437422
1788862284739262200,13.84426220703125,-1.4689824192374943,1.1801689844995737,-3.316163360583782
1788862284749269000,13.85426904296875,0.7678449054270983,-0.13944120391607284,-2.609116622729599
1788862284759275000,13.86427490234375,1.322141752719879,-1.3930366591542958,-0.5832295848537236
1788862284769282000,13.874281982421875,-0.22511691537499426,-1.5838801335275172,0.6401376131203025
1788862284779288000,13.8842880859375,-1.4911334607690572,-2.2995342484682797,1.568591378980875
1788862284789294000,13.894294189453126,-2.931207180908322,-3.2919360973000527,1.7346065554372965
1788862284799300900,13.90430078125,-3.64493062004745,-4.180160947820544,1.4264903082057834
1788862284809307100,13.91430712890625,-4.37217171240747,-4.081773638826609,0.46773565823622043
1788862284819314000,13.92431396484375,-4.30051692751646,-3.3885938060224055,-0.9468722698003054
1788862284829320000,13.93431982421875,-2.0618302387207743,-3.1295185069441795,-1.0718863775003702
1788862284839327000,13.944326904296876,-0.019418401697278022,-2.474086513254046,-0.6497700224056839
1788862284849333000,13.9543330078125,0.25146423955261704,-1.0288532183945178,-0.9949367010716348
1788862284859339000,13.964339111328124,0.5653899037152529,0.2414583938449621,-1.4297409805648027
1788862284869345800,13.974345703125,1.8554098405092954,0.6867559372365474,-0.8791880690407008
1788862284879352000,13.98435205078125,3.0105180335104462,0.7518459567844867,0.05842793131023645
1788862284889359000,13.994359130859374,3.3704473239570856,0.7069459078282118,0.836419844481349
1788862284899364900,14.00436474609375,2.992665565955639,0.3539297577708959,1.4976618396244943
1788862284909372200,14.0143720703125,1.9085545707195997,0.10060030886828898,1.5500740177765489
1788862284919378000,14.0243779296875,0.9959311920017003,0.3379249639093876,0.7011432859640568
1788862284929385000,14.034385009765625,1.016892731487751,0.9407634315311908,-0.1585505761967972
1788862284939391000,14.044390869140624,1.5504530802220104,1.4531225868046282,-0.5718851474860682
1788862284949397000,14.05439697265625,1.810419190660119,1.6807237202107905,-0.44571975085902954
1788862284959404000,14.064404052734375,0.9470020336598157,1.6194576428651808,0.10347531631533056
1788862284969410000,14.07441015625,-0.9636743515193462,1.3478741598695516,0.8513682611577212
1788862284979417000,14.0844169921875,-2.5567636274188756,0.6648106474101543,1.7161318643309176
1788862284989423000,14.094423095703124,-3.257460996246338,-0.25501462551057336,1.8933415117576717
1788862284999430000,14.104429931640626,-3.0842899566859003,-0.9617916065126657,1.4693009836673736
1788862285009436200,14.114436279296875,-2.2518039445221425,-1.0111392825275658,1.0437038007196038
1788862285019442200,14.124442138671874,-0.6380524043440818,-0.6261749195456504,1.1518730835374444
1788862285029449000,14.134448974609375,0.34953239959478377,-0.038865444967150685,1.4328274022728205
1788862285039455000,14.144455078125,0.2526835522145033,0.5543149674713611,1.5855695479191838
1788862285049462000,14.1544619140625,-0.7802642420172691,0.5447527738779783,1.3920192988052964
1788862285059468000,14.164468017578125,-2.7148551712691784,-0.15934300521612166,0.8994537352170795
1788862285069474800,14.174474853515624,-3.7689234949409958,-0.9235317262232303,1.5882942967079579
1788862285079481000,14.184481201171875,-3.103601390877366,-1.3020207557111978,2.9964664195433257
1788862285089487000,14.194487060546875,-1.963463387992978,-1.4944734188467264,2.462800564607978
1788862285099494000,14.204493896484376,-0.5615753138631582,-1.7269149780213833,0.38395244599301365
1788862285109500000,14.2145,0.8665840965986251,-1.7419339757159351,-1.2317960036233067
1788862285119507200,14.224507080078125,1.1152303561210632,-1.6203092912584542,-1.2269913798205554
1788862285129513000,14.234512939453126,0.8901005812644958,-1.617517614713311,0.2987115457547828
1788862285139520000,14.24452001953125,1.2402362074494362,-1.4947224251717328,1.5205328659936785
1788862285149526000,14.254526123046874,1.2059943306297063,-1.178778991445899,1.2271924553506075
1788862285159532000,14.264531982421875,1.468481483978033,-1.2717656104400754,-0.36422742603197694
1788862285169539000,14.2745390625,1.3284271165996788,-0.9835793676897883,-1.9777631315022706
1788862285179544800,14.284544921875,0.458424151468277,0.35772184353023767,-2.196744758992642
1788862285189552000,14.29455224609375,0.8202116370022297,1.8392703143522142,-0.6583079875178635
1788862285199558100,14.30455810546875,1.6316659670531748,2.46523977445364,0.6380015509396791
1788862285209565000,14.31456494140625,2.771512878036499,1.8193156138211488,0.5372039659336209
1788862285219571200,14.3245712890625,3.70449866130352,0.4625891621932387,-0.7088292373567819
1788862285229577000,14.334576904296876,2.757980027246475,-0.41285833207964895,-1.6926374453663826
1788862285239584000,14.344583984375,0.7493406959652901,-0.6329299467638134,-1.3900425919048487
1788862285249590000,14.354590087890625,-0.37263971893787384,-1.0477800371825694,-0.4811160218782723
1788862285259597000,14.36459716796875,-0.24536007745862007,-1.5166381966426967,-0.15465565111748875
1788862285269603000,14.37460302734375,-0.18066519470810888,-1.52025960201025,-0.09959756156653166
1788862285279609000,14.384609130859374,0.5459048665225505,-0.6144413732625543,0.510630285654217
1788862285289616100,14.3946162109375,3.542874851673841,0.42662338419035073,0.6829946119416505
1788862285299622100,14.4046220703125,4.611352808970213,0.004065495873242617,0.4297705961748957
1788862285309629000,14.41462890625,2.820907315802574,-1.447669874356687,0.3987081531088799
1788862285319635000,14.424635009765625,3.170048085731268,-1.7035070682965219,0.12938640450015662
1788862285329642000,14.43464208984375,3.008212094655633,0.48970863978713747,-1.0810619098637253
1788862285339648000,14.44464794921875,0.33522856443226334,3.172132783050835,-2.9503114020898935
1788862285349654000,14.454654052734375,-0.08083703925609588,3.3940988331794735,-2.2725477496042847
1788862285359661000,14.4646611328125,1.4638924026221036,1.919361795938015,-0.4183597059749067
1788862285369667000,14.4746669921875,1.7916034310311078,0.7182229425154626,0.4445809195548296
1788862285379673900,14.484673828125,1.2790572287529707,-0.5694356719747186,0.9933199135247618
1788862285389679900,14.494679931640626,3.1581051344811915,-1.5182954623304306,1.1303434618398547
1788862285399687200,14.504687255859375,4.254053282505273,-1.1311154691256582,0.13662884990908206
1788862285409693000,14.51469287109375,1.4031968186408281,0.929819135929644,-2.413044892314076
1788862285419699000,14.524698974609375,0.27570377779603,1.6827872286118566,-3.488672721365094
1788862285429706000,14.5347060546875,1.6263742903858422,1.0831631929919123,-1.9761635873511432
1788862285439712000,14.5447119140625,2.9891490822672844,1.469702111814171,-1.0570944665599613
1788862285449719000,14.554718994140625,2.914901942795515,2.1697154439002273,-0.5331575035544112
1788862285459724800,14.564724853515624,1.8677444214254617,2.0025224558360875,-0.15286321474276482
1788862285469732000,14.574732177734376,1.79945122192204,1.4666395093731581,-0.6045820964187383
1788862285479738000,14.584738037109375,2.769379373139143,1.2745926505595444,-0.7469595729824156
1788862285489744000,14.594743896484376,2.9090578929424282,1.1714153308100999,-0.15419676490146667
1788862285499751000,14.6047509765625,2.96399827439785,1.0106007917366922,0.14898253738451747
1788862285509757000,14.6147568359375,3.5889047814428805,0.7955123722925782,0.03190820970777422
1788862285519764000,14.624763916015626,3.1697254296481607,1.0398261555686592,-0.4918436059892177
1788862285529770000,14.63477001953125,1.8822551773369312,1.383836576871574,-0.9360190865483135
1788862285539776800,14.64477685546875,0.34525019223093983,1.5073700175598264,-1.3810529375024139
1788862285549782800,14.65478271484375,-0.11287117689847946,1.2826979233428835,-1.5257114376753569
1788862285559789000,14.6647890625,1.7598147925823926,1.0308283178597688,-0.8755947937890887
1788862285569795800,14.6747958984375,4.1386487877368925,0.7598103597924113,0.31303638717271387
1788862285579801900,14.6848017578125,3.0733459533452985,0.6576596066117286,0.5836448145911097
1788862285589809000,14.694808837890625,-0.06908347309827804,1.0259598350405692,-1.079392734542489
1788862285599815000,14.70481494140625,-1.5645564243763683,1.9764096710667014,-3.161405345070362
1788862285609821000,14.714821044921875,-1.5503256544500588,3.147271898038685,-3.5892549100548026
1788862285619827700,14.72482763671875,-1.1221446655541658,3.239620219129324,-1.7883815463751553
1788862285629834000,14.734833984375,-0.4018015160143375,1.848282180586457,0.5027043880257756
1788862285639840800,14.7448408203125,0.2628700151860714,0.15017068772315978,1.191690860793367
1788862285649846800,14.7548466796875,1.4461954178899525,-1.5334037457436323,0.8838360409770161
1788862285659853800,14.764853759765625,1.9425842660933732,-3.0123709679007526,0.04579451357796788
1788862285669859800,14.77485986328125,0.8012520849883555,-3.5594513079434633,-1.2901853564888237
1788862285679865900,14.784865966796875,-0.8729916255533695,-2.7910832554250953,-2.313127597273886
1788862285689872600,14.79487255859375,-0.16679565930962562,-1.7178525506436824,-2.0874261600092052
1788862285699879000,14.80487890625,0.961475964692235,-0.5589864664137363,-1.2559841039404271
1788862285709886000,14.814885986328125,0.9342278922826052,0.4805114801138639,-0.14274660213701426
1788862285719891700,14.8248916015625,0.7008920146167278,1.0558096143811941,0.8571287243805825
1788862285729899000,14.83489892578125,0.6532774460047484,1.369447693774104,1.284828067239374
1788862285739904800,14.84490478515625,0.5340115996330976,1.4647002118736505,0.958612611150369
1788862285749910800,14.854910888671874,0.40651042435765267,1.3048960188865661,0.060210869204252955
1788862285759917800,14.864917724609375,0.12242226457595824,1.0039134229272604,-0.677207041516155
1788862285769923800,14.874923828125,-0.2926198412835598,0.28693068973124025,-0.4633709602206945
1788862285779931000,14.884930908203126,-0.612758973133564,-1.2290659941375255,1.1045012376401573
1788862285789937000,14.89493701171875,-2.667010885554552,-3.2597833017140627,2.5044629468172785
1788862285799942700,14.904942626953124,-6.685539255917072,-5.265787608316541,2.137775706543028
1788862285809950000,14.914949951171875,-9.139324739420413,-6.885208426302671,0.5855613888021558
1788862285819955700,14.924955810546875,-8.115728126379848,-8.159445103031397,-0.2558228731535375
1788862285829962800,14.934962646484376,-5.98172580089569,-8.571601424321532,0.16607216734066604
1788862285839969000,14.944968994140625,-5.078696764475107,-7.955497816935181,0.834972933608666
1788862285849975800,14.954975830078125,-5.492409667557478,-6.576042523887753,0.5160719652514905
1788862285859981800,14.96498193359375,-4.535815045166015,-5.226366283032298,0.5050638836987317
1788862285869987800,14.97498779296875,-2.4141525612950323,-4.62806896597147,1.6304980923175811
1788862285879995000,14.984994873046874,-2.395231003203988,-3.546142329037189,1.6354978003010152
1788862285890001000,14.9950009765625,-2.2982079683005807,-2.2333312992423773,1.0040594072692095
1788862285900008000,15.005008056640625,-1.1367004296511412,-1.3906933108985424,0.6665157708276063
1788862285910014000,15.015013916015626,0.06516016217470169,-0.8433645490527153,0.5666222950544207
1788862285920020700,15.025020751953125,1.295961017280817,-0.39806583661735057,0.6556212326519191
1788862285930026800,15.03502685546875,2.291782319167256,-0.1438958452373743,1.0042021036755293
1788862285940033000,15.045032958984375,2.2794798869550226,0.10659867250025272,1.0513215822469442
1788862285950039800,15.055039794921875,1.8630074560314416,0.32689445132911205,0.7009093310777098
1788862285960045800,15.0650458984375,1.1912018351674079,0.446639021128416,0.131893638080731
1788862285970052900,15.075052978515625,0.387945424619317,0.4217354660183191,-0.4320547615893185
1788862285980059000,15.085058837890625,0.07322948686182498,0.35415129156708713,-0.49406800404042
1788862285990066000,15.09506591796875,0.09839783038794994,0.4263192866772413,-0.06160743812918663
1788862286000071700,15.10507177734375,-0.01987082163989544,0.773738639640808,0.19266338327676058
1788862286010078000,15.115077880859374,-0.03299801423847675,1.316298871910572,-0.24107787009477613
1788862286020084700,15.125084716796875,0.178016726025939,1.8169547299087045,-0.8380315174616872
1788862286030090800,15.1350908203125,0.9099375006347894,2.0392261927247044,-1.150334914184734
1788862286040098000,15.14509814453125,2.7170067963451143,1.7909470129489897,-1.2271845643050967
1788862286050103800,15.155103759765625,3.887700096490979,1.2051122870981692,-1.1021619079723954
1788862286060109800,15.16510986328125,3.051086190742254,0.7135223636090755,-0.6615590252030641
1788862286070116900,15.175116943359376,1.236702188104391,0.4137321923047304,0.10741992575526237
1788862286080123000,15.185122802734375,0.1370160225957632,0.1921586486250162,1.6671470302790403
1788862286090130000,15.1951298828125,-0.7006961997836828,0.06898527342081069,3.8179055525138974
1788862286100135700,15.2051357421875,-3.2538714473217722,-0.34296588068604467,4.710372570648789
1788862286110143000,15.21514306640625,-4.964466574183106,-1.753282760465145,4.400432176730036
1788862286120149000,15.22514892578125,-3.6144776141166686,-3.8185125784963367,3.0264632061392067
1788862286130154800,15.23515478515625,-1.3056219950735568,-5.102462255465984,1.193091667502001
1788862286140161800,15.245161865234374,0.2607943779557943,-4.572131974694132,0.11991656536534429
1788862286150168000,15.25516796875,0.5851636947214603,-3.043958530819416,-0.13799107817299663
1788862286160174800,15.2651748046875,-0.5136404272556304,-1.9194559039622545,-0.21751385649275035
1788862286170180900,15.275180908203126,-1.8974205977648495,-1.9239497082501649,-0.04959500183947384
1788862286180186600,15.2851865234375,-2.5514450627446172,-2.257901384614408,0.3607202946938574
1788862286190194000,15.29519384765625,-1.9982517927795647,-2.333093111459911,0.5308338098471984
1788862286200200000,15.305199951171875,-0.6893827786087989,-2.149216261228919,0.37174569270759816
1788862286210206700,15.315206787109375,0.15712299107909203,-1.6467252967581152,-0.2017166044346988
1788862286220213000,15.325212890625,0.11099076997935771,-0.9067913115635514,-0.9524788576357066
1788862286230219800,15.3352197265625,0.42574470165967937,-0.06811258223950863,-1.0178387071009725
1788862286240225800,15.345225830078125,0.505422049486637,0.6906093977943062,-0.2630444949701428
1788862286250231800,15.355231689453126,0.4346113142043352,0.6927361806899309,0.7935754128806293
1788862286260238800,15.36523876953125,0.8848305319070815,-0.3164776867330074,1.3194567514196038
1788862286270244900,15.375244873046874,1.6705226441919803,-1.5939409242928027,0.9724189451195299
1788862286280251600,15.385251708984375,2.5251556062340734,-2.444671618199348,0.30911081122681494
1788862286290258000,15.3952578125,3.8432378544300794,-2.5264722417905925,-0.031514132356271145
1788862286300264000,15.405263916015626,4.998623695328831,-2.011507872454822,-0.15655154786668718
1788862286310270700,15.415270751953125,5.187124405968189,-0.8855053624287247,-0.638325887523219
1788862286320276700,15.42527685546875,4.462038445815444,0.6348907254427671,-1.1200988389402626
1788862286330283800,15.43528369140625,3.9476550912380217,2.1334140042021867,-1.195452551414445
1788862286340289800,15.445289794921875,3.58931628485322,3.0386794213727115,-0.9779615278080105
1788862286350296800,15.455296875,2.641353881728649,2.900018846440315,-1.0316806969054042
1788862286360302800,15.465302734375,1.9854139385163783,2.153351169076562,-0.9606400983899831
1788862286370308900,15.475308837890625,1.7596622323691844,1.2012883448958396,-0.38529447171911596
1788862286380316000,15.48531591796875,1.689600269627571,0.3884669642753899,-0.10531257821246981
1788862286390321700,15.49532177734375,2.367231820166111,0.13523878379017115,-0.5459438833586872
1788862286400329000,15.505328857421874,3.4753947221189736,0.3047431175366044,-0.7906004887230694
1788862286410334700,15.515334716796875,3.0435850213319062,0.6410792048193514,-0.6080713998392224
1788862286420340700,15.5253408203125,1.7319290067911146,0.8582911922886968,-0.5075468596208841
1788862286430348000,15.53534814453125,0.1415548350691795,0.9822245920799672,-0.7388948514051735
1788862286440353800,15.545353759765625,-0.5715279680788516,0.8667015854984521,-0.5094756357263773
1788862286450360800,15.55536083984375,-0.5352314968168735,0.27913404450565577,0.11116137730590998
1788862286460366800,15.565366943359376,-0.04969020584225654,-0.8196948465865105,0.42598201754689213
1788862286470374000,15.575373779296875,-0.2542775434076786,-1.7074039296045898,0.4179912379886955
1788862286480380000,15.5853798828125,-0.9774567931562661,-1.484360313372314,-0.2885451391905546
1788862286490385700,15.5953857421875,-0.05877893670499324,-0.5074557472713291,-0.8834375431787223
1788862286500392700,15.605392822265625,1.1052291865885258,-0.404126817156747,-0.4629417750231921
1788862286510399000,15.61539892578125,1.3328981245338916,-0.4709056665744632,-0.17134521237276493
1788862286520405800,15.62540576171875,2.128010391592979,-0.26818974890410896,-0.04519216377064585
1788862286530411800,15.635411865234374,2.983681464511156,0.0829157452262938,-0.03646094110868871
1788862286540417800,15.645417724609375,3.2468957630902526,1.2490611728094518,-0.5931962310621515
1788862286550424800,15.6554248046875,2.40464472823739,2.459265668480098,-0.8626846049420535
1788862286560430800,15.665430908203126,1.62011230738163,2.7919752358287573,-0.6878327726878225
1788862286570437600,15.675437744140625,2.0367051498144866,2.9999153909534213,-0.8666881414949893
1788862286580444000,15.68544384765625,2.994610854804516,2.92537365244925,-0.6044815951863304
1788862286590450000,15.695449951171875,3.1442052039444444,2.3859330135047436,-0.24867722091628236
1788862286600456700,15.705456787109375,2.6974352499127385,1.7548614079587161,-0.4197362550251186
1788862286610462700,15.715462646484376,2.645240952295065,0.9534224220961331,-0.6941377911161631
1788862286620469800,15.7254697265625,3.4525556983232497,0.15708616620004176,-0.7233739686030894
1788862286630475800,15.735475830078125,3.102795335191488,-0.45315790150314567,-0.8518213386874646
1788862286640482600,15.745482666015626,2.0161656351327895,-0.7560705887421966,-1.1358915974862873
1788862286650488800,15.75548876953125,2.3087340384900568,-0.8536389825686812,-1.3544205127730964
1788862286660494800,15.765494873046874,3.391384313523769,-0.6049690499097109,-1.4593440916679798
1788862286670501600,15.775501708984375,3.6619700176537036,-0.061252048820257185,-1.1693933234632015
1788862286680507600,15.785507568359375,2.5953040782153605,0.5334115879133343,-0.8364453442487865
1788862286690514700,15.7955146484375,0.9646955112606287,1.0141937016621232,-1.0184146803580223
1788862286700520700,15.805520751953125,0.29851532906293865,1.4661694076433778,-1.413446702237427
1788862286710526700,15.815526611328124,0.7272223876595497,1.98141990044415,-1.1417382046226412
1788862286720533800,15.82553369140625,1.284077102741599,2.0407997256517407,-0.16449790376126766
1788862286730539800,15.835539794921875,1.0759230126053094,1.3782248744696377,0.7044657814502716
1788862286740546800,15.845546875,0.6522188768625259,0.3432400214523077,0.9510554007038473
1788862286750552600,15.855552490234375,0.4529933585911989,-0.6070207217425108,0.7093591064497828
1788862286760558800,15.865558837890624,0.3439572298109531,-1.2501374237388372,0.42604434219338
1788862286770565600,15.875565673828126,0.3938303910046816,-1.651682919165492,0.5364342967353761
1788862286780571600,15.885571533203125,0.2820095999419689,-2.038641670835018,0.8482192956075072
1788862286790579000,15.895578857421874,-0.03598550561666489,-2.2930618375837803,0.8189352603908627
1788862286800584700,15.905584716796875,-0.33907004229128357,-2.2830916477113963,0.42514932958241547
1788862286810591700,15.915591796875,-0.6877244900077581,-2.0531652862280607,0.1445613964740187
1788862286820597800,15.92559765625,-0.8832096527069807,-1.7864204754352568,0.255661545111984
1788862286830603800,15.935603759765625,-0.9322375952482223,-1.54571669934988,0.6236868290569633
1788862286840610800,15.94561083984375,-1.293431791064143,-1.42760586823225,0.6962778718847781
1788862286850616600,15.955616455078125,-1.6506190893262624,-1.135137418118119,0.5261486111730337
1788862286860624000,15.965623779296875,-1.4455091891914604,-0.9284282660931348,0.57437758535631
1788862286870630000,15.9756298828125,-1.5365958197832106,-0.8381465221434831,0.49164421095959837
1788862286880635600,15.9856357421875,-1.6807272273421288,-1.1223562624782324,0.45621933490037914
1788862286890643000,15.995642822265625,-2.045693342912197,-1.9301193367958067,0.5384665332153439
1788862286900649000,16.00564892578125,-2.8714345569908617,-3.238081172993779,0.6063350775659084
1788862286910655700,16.01565576171875,-3.91682974486351,-4.517815278095006,0.6839103385470807
1788862286920661800,16.025661865234376,-4.709188329300284,-5.510758978718519,0.9806987707521766
1788862286930667800,16.035667724609375,-4.753329668843746,-6.159733174571395,1.9318816702932118
1788862286940674800,16.0456748046875,-5.153071329718828,-5.658338480904698,2.505639589381218
1788862286950680800,16.055680908203126,-6.0563850282996885,-3.7239398593544957,1.6991127788603304
1788862286960687900,16.06568798828125,-5.337641130650043,-1.9206173489570617,0.7040237367711961
1788862286970694000,16.07569384765625,-2.6219454169034955,-0.882093800419569,0.7224355917744338
1788862286980700000,16.085699951171875,-0.09966507384479045,-0.5728133317142725,0.9762106655526905
1788862286990706700,16.095706787109375,0.779059542402625,-0.6158031631350517,0.8175904216531663
1788862287000713000,16.105712890625,0.695417967119813,-0.7317460025638342,0.5768030589375645
1788862287010719700,16.1157197265625,0.5878291145384311,-1.0761129822194575,0.39064796157628295
1788862287020725800,16.125725830078125,0.78408584613204,-1.3358107971101998,0.10204444326199591
1788862287030732800,16.13573291015625,0.8724164560139178,-1.256014206817746,-0.08048552240468561
1788862287040738800,16.14573876953125,0.5984440320551395,-1.1458575495749712,-0.23964747196547687
1788862287050744800,16.155744873046874,0.8679594766050577,-0.9335925169885158,-0.45666495977602894
1788862287060751600,16.165751708984374,1.4988520723223686,-0.4172784866094589,-0.4318159113321453
1788862287070758000,16.1757578125,1.3184738778620957,0.17021043618917464,-0.3492719950929284
1788862287080764700,16.1857646484375,0.15771102010011673,0.7224024201571941,-0.4935233027044683
1788862287090770700,16.195770751953123,-0.5981792436391115,1.1640431946069,-0.5699192177079617
1788862287100776700,16.205776611328126,-0.6051186875134706,1.2915087140470742,-0.5866640893470496
1788862287110783700,16.21578369140625,0.07418927180469036,1.1365537146568299,-0.41749570955671367
1788862287120789800,16.225789794921877,0.9769663792908191,0.9357622622430324,-0.27829313670210537
1788862287130796500,16.235796630859376,1.6628087088137864,0.33681787945032116,0.046105917614698406
1788862287140802800,16.245802734375,1.9208429744064808,-0.9135364019095897,1.1268611726820468
1788862287150808800,16.255808837890626,0.3872141877353191,-1.8963000693023204,1.6774346155375242
1788862287160815600,16.265815673828126,-1.7907295708060265,-2.0190210245639086,1.2842080356448888
1788862287170821600,16.275821533203125,-2.402244096836448,-1.599137908414006,0.7773756079036742
1788862287180829000,16.285828857421876,-1.428617091101408,-1.1035375802397727,0.8407802316479385
1788862287190834700,16.295834716796875,-0.6651882485508919,-0.6764514008432626,1.4516028298914432
1788862287200841700,16.305841796875,-1.4432587799161671,-0.43097441900670524,1.9550360436484215
1788862287210847700,16.31584765625,-2.2418594736129043,-0.61584349514544,2.286035738339275
1788862287220853800,16.325853759765625,-2.4475749384254217,-1.1488058779865502,2.4033283849418163
1788862287230860800,16.33586083984375,-2.206199546688795,-1.495581672349572,1.7656566504783928
1788862287240866600,16.345866455078124,-0.9715689041614531,-1.498817585530877,0.7523855435539036
1788862287250873900,16.355873779296875,0.846986831203103,-1.4302221882104873,0.18637655809223652
1788862287260880000,16.3658798828125,2.0765765569537877,-1.0909469787359236,0.05702237536124885
1788862287270885600,16.3758857421875,2.5756390082806346,-0.5661375072121619,0.09960424703564494
1788862287280893000,16.385892822265625,2.4637200175404548,-0.08040273949205876,0.15240641088597476
1788862287290898700,16.395898681640624,1.878025576943159,0.28120792817026374,-0.13970436663059516
1788862287300905700,16.40590576171875,1.8629349753171205,0.2991623947948217,-0.37748927786089476
1788862287310911700,16.415911865234374,1.8207324948817492,0.17694588192403315,-0.38031573345847425
1788862287320917800,16.425917724609373,0.7415846750110388,-0.0020773907959461212,-0.4175438230147585
1788862287330924800,16.4359248046875,-0.9420704224765301,-0.28861703538298605,-0.48558154991976915
1788862287340930800,16.445930908203124,-1.4957131897747515,-0.8582909000277519,-0.18196676055965944
1788862287350937900,16.455937744140623,-1.5642472122967241,-1.4461954178899525,0.11470650256685912
1788862287360943900,16.46594384765625,-1.1475818891495466,-1.7337278729066252,-0.23842205835636704
1788862287370949600,16.47594970703125,0.15648995387256145,-1.220206103594601,-0.6818812438722699
1788862287380956700,16.485956787109377,2.5933155347466466,-0.19550883583575485,0.054266391183994706
1788862287390963000,16.495962890625,3.7569887269973754,0.5296104420647024,0.44094205159582195
1788862287400969700,16.5059697265625,3.67648603426218,0.9829805250138044,0.25882811938412487
1788862287410975700,16.515975830078126,2.97104760838747,1.359348909085989,0.20563911164067683
1788862287420981800,16.525981689453126,1.9982126298129557,1.3600994351923466,0.39646782683618365
1788862287430988800,16.53598876953125,0.15188509042561055,1.1872849539846182,-0.028651363336294887
1788862287440994800,16.545994873046876,-1.9578549004614352,0.610794979584217,-0.8056813726726919
1788862287451001900,16.556001953125,-1.9648773464441298,-0.3886012581795454,-1.4831439233198762
1788862287461008000,16.5660078125,0.44501638836264606,-1.6409014129102228,-1.5321223276309668
1788862287471014000,16.576013916015626,2.474597969907522,-2.772170465162396,-1.3725254937842488
1788862287481020700,16.586020751953125,2.984429068008065,-2.9540459124431013,-1.168097292303294
1788862287491027000,16.59602685546875,1.785136865365505,-1.9743958470262586,-0.6461276473153382
1788862287501033700,16.60603369140625,1.5176105488061904,-0.39684403973743315,-0.0341379049886018
1788862287511039700,16.616039794921875,2.503518943965435,1.1598850520141422,-0.28132673224434257
1788862287521045800,16.626045654296874,2.7026690589129925,2.507327104076743,-1.0461019479025155
1788862287531052800,16.636052734375,3.430732573571801,2.932687774854898,-1.054470766992867
1788862287541058800,16.646058837890624,4.834072015553713,2.2098832036375997,-0.36604046680331226
1788862287551065600,16.656065673828124,5.29954550101161,1.0478777984686196,-0.18705350750572977
1788862287561071600,16.666071533203127,4.97456711243689,0.27519948153570295,-0.6869640270292758
1788862287571078000,16.676077880859374,3.9403281093508005,-0.1480624633975327,-1.3665776912957428
1788862287581084700,16.686084716796874,1.2478887680292128,1.2157524851866066,-3.2729204311847684
1788862287591090700,16.696090576171876,-1.0556360113799572,3.0202742883712053,-4.724610354837775
1788862287601097700,16.70609765625,-2.6393162384212014,3.795928698505461,-3.452929792332649
1788862287611103700,16.716103759765623,-1.2074632341384888,3.1486586762219666,0.0596818768940866
1788862287621109800,16.72610986328125,1.170287641954422,0.3499816046670079,3.0791812353700396
1788862287631116500,16.736116455078125,1.4051093742638825,-2.374465863072872,3.4958798762649295
1788862287641122800,16.746122802734376,0.5768880338072776,-2.660382699586451,1.3838900606244802
1788862287651129600,16.756129638671876,1.1248737982571124,-1.5839156432323156,-1.0668366198301316
1788862287661135600,16.766135498046875,2.263542313110828,-0.620097645458579,-2.768312036168575
1788862287671141600,16.7761416015625,2.2934031983673573,-0.11990019875243306,-3.3611353057324886
1788862287681148700,16.786148681640626,2.255284187853336,0.13400222773253917,-3.2485894152656196
1788862287691154700,16.79615478515625,2.5700521480590104,0.7938608056932688,-3.092672877366841
1788862287701161700,16.80616162109375,2.6801883470356462,1.801328998492658,-2.7109961577534674
1788862287711167700,16.816167724609375,2.3553157569229604,2.55682061830312,-2.048930717398226
1788862287721173800,16.826173828125,2.0922505114257333,2.697214300638437,-1.3637545966990292
1788862287731180500,16.8361806640625,2.7653999481141565,2.3692516355559228,-0.8304302486777305
1788862287741186600,16.8461865234375,4.673304530492425,1.6809493456602096,0.11963752922825514
1788862287751193900,16.85619384765625,5.0258974867016075,0.647990737773478,1.0127361963301897
1788862287761199600,16.86619970703125,2.8111674275547265,-0.40665041735023255,0.5751068494789302
1788862287771205600,16.87620556640625,0.33920623589158055,-1.425733352358639,-0.5601046567887068
1788862287781213000,16.886212890625,0.03629354865252971,-2.256932539582252,-1.0824665890298784
1788862287791218700,16.89621875,1.0218015463173389,-2.545939451065659,-0.6610265988267958
1788862287801225700,16.906225830078125,2.168541139423847,-2.7940561337560412,0.6048910162374377
1788862287811231500,16.9162314453125,1.7392384530216454,-2.7195786926597356,0.6440067827038467
1788862287821237800,16.92623779296875,0.4543693231195211,-2.2405349470108744,-0.541382639857754
1788862287831244800,16.936244873046874,-0.018814006063342093,-1.662268610587716,-1.7688427331686019
1788862287841250600,16.94625048828125,0.43301966109871864,-0.7519289588928222,-2.4204576527886092
1788862287851257900,16.9562578125,0.38963001670539377,0.5277823498547077,-2.5855492846593258
1788862287861264000,16.966263916015624,-0.3250724965989589,1.7316794159442186,-2.431672289764136
1788862287871269600,16.97626953125,-1.5857219620019196,2.123445275634527,-1.656321100360155
1788862287881276700,16.986276611328126,-2.8981647430062294,1.213068799060583,0.14380115269124508
1788862287891282700,16.99628271484375,-4.128067772489786,-0.8441752809137105,2.0947094488851725
1788862287901289700,17.006289794921877,-6.004419863262772,-3.547033724918961,2.6240961651965975
1788862287911295700,17.016295654296876,-7.768184854775667,-5.3928667587876316,1.2251046892911195
1788862287921301800,17.0263017578125,-7.789960633254051,-5.738013490644097,-0.6027791386500001
1788862287931308800,17.036308837890626,-5.4480315966486925,-5.229304090049863,-1.2172998607590795
1788862287941314800,17.046314697265625,-1.3793559243261813,-4.031969451215863,-0.5438070174604654
1788862287951321900,17.05632177734375,1.6755787585377693,-1.832204321488738,-0.09372852340266108
1788862287961327900,17.066327880859376,1.718108571231365,0.05135609322786331,-0.1368256145901978
1788862287971333600,17.076333740234375,1.2528361613035202,0.7776765636116266,-0.12138809922263026
1788862287981340700,17.086340576171875,0.9451263029158115,0.7533581149131059,-0.4639955218598246
1788862287991347000,17.096346923828126,0.40099662937223907,0.3326110754102468,-1.2722643537424505
1788862288001353700,17.106353759765625,0.08514730367064476,-0.7490501885861158,-1.2029627078488467
1788862288011359700,17.11635986328125,0.1846124710291624,-1.8408119908362626,-0.11408318303674458
1788862288021365800,17.12636572265625,-0.4143295736759901,-2.52018190947473,1.4066142258688807
1788862288031372800,17.136372802734375,-2.04421450253129,-3.714668757662177,3.178490919905901
1788862288041378800,17.14637890625,-4.175470159655809,-5.528155519199371,4.738521099029481
1788862288051385600,17.156385498046873,-5.621418324786425,-7.930515935891866,5.675328778672218
1788862288061392000,17.166391845703124,-6.842811300078034,-9.93089831095934,4.976345228025317
1788862288071398000,17.17639794921875,-7.561219682162999,-9.612888592353462,2.602509479549527
1788862288081404700,17.18640478515625,-4.84273112282753,-8.080330649784207,1.6385830529652534
1788862288091410700,17.19641064453125,-1.0656173071682453,-6.582292231932282,2.2016223019011316
1788862288101417700,17.206417724609373,0.30775135944187637,-5.019761175903677,1.7387120910599827
1788862288111423700,17.216423828125,-0.2484258947700262,-3.4391789148777723,-0.8921822098441421
1788862288121429800,17.2264296875,0.25362697054445743,-2.721917949262261,-3.15739961656034
1788862288131436800,17.236436767578127,2.5298522396177052,-2.7415035242199894,-3.6553380322933196
1788862288141442800,17.24644287109375,4.195486527246237,-2.3555478121131657,-3.41793066740483
1788862288151449600,17.25644970703125,3.6530157268255947,-1.1146399890124796,-3.2081548212856053
1788862288161455600,17.26645556640625,2.190112335240841,0.5257447065472602,-2.738032048717141
1788862288171462000,17.2764619140625,1.4081769451409578,1.9871774410575627,-1.4979071926876901
1788862288181468700,17.28646875,1.646013056835532,3.0824434520363804,-0.007606894807144999
1788862288191474700,17.296474609375,2.6858167083114384,3.6182279065608975,1.0936661745667458
1788862288201481700,17.306481689453125,3.03290989806056,3.681407708573341,1.5459160213142633
1788862288211487700,17.31648779296875,2.3539596661388873,3.755146898522973,1.3646031763523816
1788862288221493800,17.32649365234375,2.0822323907583953,3.813866213995218,1.08093667604886
1788862288231500500,17.33650048828125,2.337686576730013,3.8356647888273,0.8048490135017782
1788862288241506800,17.3465068359375,2.8421687150180337,3.777044842076301,0.5623354480480774
1788862288251513600,17.356513671875,3.318282252433896,3.659236793297529,0.20214418219700456
1788862288261519600,17.36651953125,3.4196465314120053,3.492022616314888,-0.3236022048506886
1788862288271525600,17.376525634765624,3.1315818692147728,3.2524019592911,-0.7504707229085266
1788862288281532700,17.38653271484375,2.143438846871257,3.0416824025809763,-1.254548518179357
1788862288291538700,17.39653857421875,0.6523433800250291,2.8890426943957803,-1.8446335949510335
1788862288301545700,17.406545654296874,-0.09867021758854388,2.3567905056506393,-2.110077698408812
1788862288311551700,17.4165517578125,0.3015343846231699,1.2397919708132743,-1.730771215058118
1788862288321557800,17.426557861328124,0.7497276494562626,0.09972995577454566,-0.9301450068831443
1788862288331564500,17.436564453125,0.253213713568449,-0.8376064239174127,-0.32930600598286836
1788862288341570600,17.446570556640626,-0.8084522256255149,-1.3254939857572317,-0.4077303580740467
1788862288351577900,17.456577880859374,-1.6549807916671038,-1.0419114374101162,-0.9764614985086023
1788862288361583600,17.46658349609375,-1.5558371113479137,-0.03245031722784042,-1.6198897506721317
1788862288371589600,17.476589599609376,-1.4606062205582857,1.2839052533060311,-1.5465302076898515
1788862288381597000,17.486596923828124,-1.7606337077498435,2.588391522347927,0.17068872122541068
1788862288391602700,17.496602783203127,-2.506788174894452,3.193365832954645,3.218120042721927
1788862288401609700,17.506609619140626,-4.367514826512337,2.403839257073402,5.462410250613093
1788862288411615500,17.516615478515625,-4.647670323020219,-0.04129997863769531,5.524788088592887
1788862288421621800,17.526621826171876,-2.2234762601822613,-2.0089502969264985,3.573812426251173
1788862288431628800,17.53662890625,0.047589434170722957,-1.3797764878258107,2.2318473442949354
1788862288441634600,17.546634521484375,1.5291688846528528,-0.4057601905122399,3.300654241284728
1788862288451641900,17.556641845703126,2.655868729293346,-0.6369619787588715,4.685867074945569
1788862288461648000,17.56664794921875,2.6912568535387513,-2.238708023844659,4.408766289833188
1788862288471653600,17.576653564453125,1.9226637600928544,-3.8963545275896787,2.6884219223737715
1788862288481660700,17.58666064453125,0.8872516215741634,-4.30237249225527,0.6879503346528858
1788862288491666700,17.596666748046875,0.6862199306637048,-3.5369922233760356,-0.6757619572743773
1788862288501672400,17.60667236328125,2.106503493183851,-2.274531616897881,-0.8507647423066198
1788862288511679700,17.6166796875,3.4575182891666887,-1.1332862372934818,-0.8663885009612887
1788862288521685500,17.626685546875,3.2904455664813517,-0.0926654242157936,-1.294966014894098
1788862288531692500,17.636692626953124,1.9772902532935142,0.8193015364199876,-1.9922141200505197
1788862288541698800,17.64669873046875,0.45870238388776774,1.9353654207557438,-2.704707871264219
1788862288551704600,17.65670458984375,0.8368190729320049,2.8841476158306003,-2.3357696371927856
1788862288561711600,17.666711669921874,1.7774983333110808,2.441108080498874,-0.8214468778856098
1788862288571717400,17.67671728515625,1.072311251848936,0.28329759392589327,0.4873964173220098
1788862288581724700,17.686724609375,0.7853904989898204,-2.0982439066216347,0.6147662213027477
1788862288591730700,17.696730712890623,1.0449690714150666,-2.571104287460446,-0.23321371259093282
1788862288601736400,17.706736328125,0.8143822001963853,-1.443025847943127,-0.67620444034487
1788862288611743700,17.71674365234375,0.10406710819602012,-0.004450257407128811,-0.7987297269038856
1788862288621749800,17.726749755859377,0.6837719529896974,1.1766016474068164,-1.6958856335073709
1788862288631756500,17.736756591796876,1.624990727072954,1.8063918348401784,-2.4573832157343625
1788862288641762600,17.746762451171875,1.2134516608983277,1.552040933935344,-2.325626282710582
1788862288651768600,17.7567685546875,1.0339105017840862,0.215346631988883,-1.562997796757519
1788862288661775600,17.766775634765626,1.4981459698796271,-1.3672282641589641,-0.9179470579586922
1788862288671781600,17.77678173828125,2.5147850188672543,-2.187507997961342,-0.2793938644856214
1788862288681788700,17.78678857421875,3.941785322421789,-2.3249315784446893,0.72188321858868
1788862288691794700,17.796794677734376,5.400552637115121,-2.1134860455475746,1.1723700011864304
1788862288701800700,17.80680078125,6.391946770209073,-1.6609705336011946,0.7954951288968324
1788862288711807500,17.816807373046874,5.998658230996131,-0.34461423241496086,-0.4509099764458835
1788862288721813800,17.826813720703125,5.941736320334672,1.6262984486706553,-1.9682159893475473
1788862288731819500,17.836819580078124,6.857603795540332,3.520215860620141,-2.6196257417842745
1788862288741826600,17.84682666015625,8.775082261949777,4.527894189038872,-1.5869861367188394
1788862288751832600,17.85683251953125,10.46154598711729,4.628910677492618,0.04374985600784421
1788862288761839600,17.866839599609374,10.667252099579573,4.444061182837188,1.2595843203894794
1788862288771845600,17.876845703125,7.840085723382234,4.745233456149697,0.5271249088592826
1788862288781851600,17.8868515625,5.075981075775623,5.895291380023956,-2.377861350730061
1788862288791858700,17.896858642578124,2.909341970580816,6.5818421500772235,-4.322046037757397
1788862288801864700,17.90686474609375,2.1125100401222703,6.278291164934635,-3.9591272101059554
1788862288811871500,17.91687158203125,3.894712605601549,5.911478544715046,-1.258904229170829
1788862288821877500,17.92687744140625,4.896251116091013,5.763514427125454,2.60863936060667
1788862288831883800,17.9368837890625,1.5505051026701926,5.227058356949687,5.914255023691058
1788862288841890600,17.946890625,-4.24615171560049,4.462681127633154,7.432975579565763
1788862288851896600,17.956896484375,-9.204786514890193,2.891512591640651,6.558798543620109
1788862288861903600,17.966903564453126,-9.434405417859553,0.3518839311569929,4.103807191458344
1788862288871909600,17.97690966796875,-7.007087085521221,-2.9349370150864122,2.5643442918062207
1788862288881915600,17.98691552734375,-6.107656365853548,-6.242889012163877,1.938290514422208
1788862288891922700,17.996922607421876,-5.945728604841232,-9.13388576323688,0.7449285786114632
1788862288901928700,18.0069287109375,-4.597495548531413,-11.86341535654664,-1.330670219351351
1788862288911934700,18.016934814453126,-3.5607238120973106,-13.909544752788543,-3.4060797783523795
1788862288921941500,18.02694140625,-4.103388673785329,-14.092163419651984,-4.494508052265644
1788862288931947800,18.03694775390625,-4.307822282093763,-12.600416795420646,-4.097408430331945
1788862288941954600,18.04695458984375,-3.2674832085669037,-9.819502467310429,-2.6357535775035617
1788862288951960600,18.056960693359375,-2.4827093801707028,-5.890001456922293,-1.2326682564131914
1788862288961966600,18.066966552734375,-2.0673861192822454,-1.5780121182769535,-0.4239434609239921
1788862288971973600,18.0769736328125,-0.5995177987664938,1.912720458227396,0.39063926681317385
1788862288981979600,18.086979736328125,2.069640035688877,4.2187662805467845,1.7127157722771167
1788862288991986400,18.096986328125,4.520151027566194,5.5700791826933616,3.2785338871523737
1788862289001992700,18.10699267578125,4.746593054065108,6.333506856200098,4.258726242752373
1788862289011998700,18.116998779296875,4.1708156118482345,6.495086826688051,4.586075159850716
1788862289022005500,18.127005615234374,4.499266644969582,6.086518300756811,4.437964035005868
1788862289032011500,18.137011474609373,4.335179660096764,5.700687676334381,3.9261382559567686
1788862289042018600,18.1470185546875,2.424422610896826,5.275819172987341,2.6779998970806598
1788862289052024600,18.157024658203124,-0.11379764409363269,4.355299488061666,0.6944678267881274
1788862289062030600,18.167030517578127,-1.1839052484184502,2.766832026743889,-0.9755826698474586
1788862289072037600,18.17703759765625,-1.0725497367799282,-0.012919687327742575,-1.1491937082603574
1788862289082043600,18.187043701171874,-2.7638971423357725,-3.0709979289144274,-0.9272562997043132
1788862289092049700,18.197049560546876,-6.8588377212494605,-5.626959007778764,-1.9032985498875379
1788862289102056400,18.207056396484376,-9.130961400222779,-6.835213684555888,-3.229965086555481
1788862289112062700,18.217062744140627,-6.73224255490303,-5.440696431455016,-3.599500994259119
1788862289122069500,18.227069580078126,-2.512226566556096,-2.2850842828333375,-3.2481872642055154
1788862289132075500,18.237075439453125,-0.37533845650255676,0.14690788653492926,-3.366634195409715
1788862289142081500,18.24708154296875,0.02081716257929802,0.645206367751956,-2.826091732703149
1788862289152088600,18.257088623046876,-0.5490367348074913,-0.5875584809035063,-0.4582159520776942
1788862289162094600,18.267094482421875,-1.3919178842574358,-2.501498836314678,2.1109692404210567
1788862289172101400,18.277101318359374,-3.1659301290184256,-4.319032242894172,3.213791365867853
1788862289182107600,18.287107666015626,-5.154203548619151,-5.105482480069995,3.5443791187569498
1788862289192113700,18.29711376953125,-6.589860621359944,-4.857086395916342,3.670646660584211
1788862289202120400,18.307120361328124,-6.02009031060338,-4.137855591532587,3.5519553992301223
1788862289212126500,18.31712646484375,-4.176200227496028,-3.137271605288982,2.8446406580895185
1788862289222133800,18.3271337890625,-2.9368589230597015,-1.905605657786131,0.8163247856315224
1788862289232139500,18.337139404296874,-0.5279769956439733,-1.977405988627672,0.15946443963870405
1788862289242145500,18.3471455078125,1.1580752261132001,-3.149924166113138,1.3512804611817002
1788862289252152600,18.357152587890624,-0.057636196410655975,-4.043430756428838,1.598902930614352
1788862289262158600,18.36715869140625,-1.5820406431406735,-4.231254006198048,1.0805902737639843
1788862289272164600,18.37716455078125,-1.264434829160571,-4.206061112752557,0.9066367055237293
1788862289282171400,18.38717138671875,0.23817104273736475,-3.6762072173208,0.8304476382039487
1788862289292177700,18.397177734375,1.737656152266264,-2.658337749755382,0.4421517927117645
1788862289302184700,18.407184814453124,2.732828050333261,-1.4342185643702745,-0.2935927779689431
1788862289312190500,18.4171904296875,3.8526504104197024,-0.42366497277617454,-0.8629614491220563
1788862289322196500,18.427196533203126,5.117237215271592,0.2617570855081081,-0.653116191028431
1788862289332203500,18.43720361328125,5.367210339483618,0.9387649511903524,-0.05894983629249036
1788862289342209500,18.44720947265625,4.128375815525651,1.7027753930211067,0.22772644028626382
1788862289352216600,18.457216552734376,2.4754385123848914,2.2940718914091587,0.5484598117023706
1788862289362222600,18.46722265625,0.8863093722879886,2.643008078676462,0.9054355130404234
1788862289372228600,18.477228515625,-0.44296588557362554,2.7885797481715677,0.6639060997858643
1788862289382235600,18.487235595703126,-0.5675239931344985,2.7129993142694233,0.10916706168353557
1788862289392241700,18.49724169921875,0.13857669604122638,2.255254377236962,-0.041698439903371035
1788862289402247700,18.50724755859375,0.40774376554489133,1.652013174033165,-0.21429460218530147
1788862289412254500,18.51725439453125,-0.13497136502563953,0.9733516959249973,-0.5889937013383955
1788862289422260500,18.527260498046875,-0.7614660180449485,0.6191957281827927,-0.5392206029856578
1788862289432267800,18.537267822265626,-0.8427017012298107,0.7025725150495767,0.12406082556322216
1788862289442273500,18.5472734375,-0.6118780986458062,0.9962094244211912,1.0908648534104228
1788862289452279600,18.557279541015625,-1.0422393541902304,1.3188918110132217,1.1416444619245827
1788862289462286600,18.56728662109375,-0.6578039835184812,1.384552323925495,0.8349371316429227
1788862289472292600,18.577292724609375,0.23817981056571005,0.9862006561040878,0.9439156119517982
1788862289482298600,18.587298583984374,0.5126841494441032,0.471469803263247,1.3412098796747625
1788862289492305400,18.597305419921874,-0.0952624549716711,-0.08208382444679736,1.6477528862401842
1788862289502312700,18.607312744140625,-0.9273229351997375,-1.1356965133056043,1.514509952442348
1788862289512319500,18.617319580078124,-1.219533026638627,-2.3205492717072365,1.142420560863614
1788862289522325500,18.627325439453124,-0.6538461858034134,-3.1236157126411794,0.6132672879818827
1788862289532331800,18.637331787109375,-0.41902386897206306,-3.2935645752847194,0.19386556214075534
1788862289542338600,18.647338623046874,-0.731705086031556,-2.908856817412376,0.49466754083614795
1788862289552344600,18.657344482421873,-1.0112439119458199,-2.4262784678965805,0.7791836802389472
1788862289562351600,18.6673515625,-1.3464426657617092,-1.8838029913008212,-0.07929017514027654
1788862289572357600,18.677357666015624,-1.3105553598225117,-0.9072221041962504,-1.2637772420346736
1788862289582363600,18.68736376953125,0.021354922717809675,-0.11699673239588737,-0.8509382722426205
1788862289592370400,18.697370361328126,0.046834231889247895,0.19238368955254553,-0.18765666103065012
1788862289602376700,18.707376708984373,-0.9822598095238209,0.1430856978982687,-0.5494202542323618
1788862289612382700,18.7173828125,-1.9310861360013485,-0.2641270295098424,-0.7156784456644207
1788862289622389500,18.727389404296876,-1.7188894924759863,-1.1259838053256273,0.01630582263469696
1788862289632395500,18.7373955078125,-0.46472295935153957,-2.0238611580714583,0.12127572488933801
1788862289642402600,18.747402587890626,0.9312333866417407,-2.7442303188353776,-0.5878523492835461
1788862289652408600,18.75740869140625,1.9181857378959655,-2.9456621149793265,-1.1725533949293196
1788862289662414600,18.76741455078125,3.129338474202156,-2.132609994342923,-0.9442299385979771
1788862289672421600,18.777421630859376,3.8698604884177445,-1.1375870032273232,-0.3287500160679221
1788862289682427600,18.787427734375,3.3316216264784333,-0.10081672809794545,-0.5645835557684302
1788862289692434400,18.797434326171874,3.8007559725314377,1.3165464169308543,-0.980678823942691
1788862289702440400,18.8074404296875,6.078171912693977,2.1198821763254703,-0.4155347116820514
1788862289712446700,18.81744677734375,7.881856826663017,1.524657252447307,0.16581307801306247
1788862289722453500,18.82745361328125,7.496490897142887,0.3369984967142343,0.1051869060061872
1788862289732459500,18.83745947265625,5.9298752021491525,-0.23388021367564796,0.43154228202253575
1788862289742465500,18.847465576171874,5.7697980374395845,0.317469766510278,0.7285448684349656
1788862289752472600,18.85747265625,6.171672034168243,0.687095106063038,-0.23571093623414635
1788862289762478600,18.867478515625,4.065673567897081,1.5415725852824747,-2.6369176528468725
1788862289772485400,18.8774853515625,3.239088304209709,2.995410480749607,-3.1209280809924005
1788862289782491600,18.88749169921875,3.4827404087066647,3.4256121618181465,-1.8277371129468083
1788862289792497700,18.89749755859375,3.3908839627861975,3.0986896534383295,-1.2965014077678323
1788862289802504400,18.90750439453125,1.544795492851734,2.6078625310152765,-1.128710234614834
1788862289812510500,18.917510498046877,-0.8354805178046226,2.2714137771382927,-0.02520429162234068
1788862289822516700,18.927516845703124,-0.9002759383201598,1.910133656604588,1.507998963113129
1788862289832523500,18.9375234375,1.4528186354219912,1.1887272617474198,2.4887097896292802
1788862289842529500,18.947529541015626,2.3534464559197423,0.17791195047721264,2.545658588297665
1788862289852536600,18.95753662109375,0.03661912734508514,-0.33384134785756464,1.185623815839365
1788862289862542600,18.96754248046875,-1.3243062372773884,-0.23330080635249614,-0.4336397657584399
1788862289872548600,18.977548583984376,-1.30279992339015,0.22739304361343382,-1.4014904531143604
1788862289882555400,18.987555419921875,-1.32904028006196,0.5084484115704894,-1.663565518530458
1788862289892561700,18.997561767578127,-2.043099234765768,0.3030789837166667,-1.3238221070222556
1788862289902567700,19.007567626953126,-1.4311878183722495,-0.32810558068454265,-0.5946902690121904
1788862289912574500,19.017574462890625,0.8734896382033824,-0.9898004341617226,-0.00997021156362607
1788862289922580500,19.02758056640625,2.5492086819946764,-1.4160174295082688,0.21597831748854368
1788862289932587500,19.03758740234375,2.126421661096811,-1.4845938298672436,0.01423500314343255
1788862289942593500,19.047593505859375,1.8648130441486834,-1.239424891066551,-0.29212683360222724
1788862289952599600,19.057599609375,2.6207798802554607,-0.8590367499589919,-0.5003566193232313
1788862289962606600,19.067606689453125,3.8272389057874676,-0.7918249159514904,-0.31136019758880135
1788862289972612600,19.077612548828125,3.9154076031059026,-0.5589911425888539,-0.11553182920878752
1788862289982619600,19.08761962890625,3.388197500181198,0.00517009611427784,-0.1722639529191889
1788862289992625700,19.097625732421875,3.446967669057846,0.6662070702046156,-0.3239893044721335
1788862290002631700,19.107631591796874,4.41870374647975,1.0912848323881625,-0.27284475336940955
1788862290012638500,19.117638427734374,4.283912998718023,1.6925906836152076,-0.37166451723016797
1788862290022644500,19.12764453125,2.83404444527328,2.4667957717239855,-0.47046782314646984
1788862290032650800,19.137650634765624,1.9717372953414916,2.5637983483612534,0.075916113863606
1788862290042657500,19.147657470703123,2.153722340476513,1.502789996293187,1.0246434186797588
1788862290052663600,19.15766357421875,1.5016191989481449,0.26285890927016736,1.6829153850361704
1788862290062670600,19.167670654296874,-0.27526187924742695,-0.8188093689888716,2.1832214066833258
1788862290072676600,19.177676513671877,-1.4080600407630204,-2.076251562783122,2.5161694589629766
1788862290082682600,19.1876826171875,-2.0180957264125348,-3.3071213914722204,2.176407635015249
1788862290092689400,19.197689453125,-3.770394736537337,-3.7633325430661437,0.5019146989528089
1788862290102695700,19.20769580078125,-5.440324091011285,-3.71395388739109,-1.2305110783793032
1788862290112701700,19.21770166015625,-5.080179696509242,-3.821898713803291,-1.4674654388032853
1788862290122708500,19.22770849609375,-3.707984165331721,-3.993113358598947,-0.7454860663637518
1788862290132714500,19.237714599609376,-3.808132054257393,-3.3750685540169476,-0.4977023419547826
1788862290142721500,19.247721435546875,-4.633554703906178,-2.6562521756529804,-0.5537730060817674
1788862290152727600,19.2577275390625,-4.53120024484694,-2.3506530258089304,-0.2602280127773061
1788862290162733600,19.267733642578126,-2.8622195693999526,-1.893324268361926,-0.025654556140489875
1788862290172740600,19.27774072265625,-0.6727829414635896,-1.1724866133034229,-0.09637713821530342
1788862290182746600,19.28774658203125,0.43098435587882994,-0.4544400502681732,0.02201335009392351
1788862290192752600,19.297752685546875,0.4990379014074802,-0.2538409055560827,0.6540954843893647
1788862290202759400,19.307759521484375,-0.34756372987031936,-0.42240357453823085,1.2281116160221397
1788862290212765700,19.317765625,-1.5367115551173687,-0.4032669123917818,1.5430781675398348
1788862290222772500,19.3277724609375,-1.6347265236675739,-0.6579460223376751,2.10207603213042
1788862290232778500,19.337778564453124,-1.1235136158198118,-1.0825064826488495,2.6660794499233362
1788862290242784500,19.347784423828124,-1.337653210106492,-0.9520254147797822,2.4979060725197195
1788862290252791600,19.35779150390625,-1.8844366130292414,-0.6826876648843287,1.6125526857823131
1788862290262797600,19.367797607421874,-1.8505869503974914,-0.6822270616352558,1.047355674290657
1788862290272803600,19.377803466796873,-1.6904688691556453,-0.805449536678195,0.5356874969560652
1788862290282810600,19.387810546875,-1.2836638457655907,-0.841449655342102,0.3140892206938937
1788862290292816600,19.397816650390624,-1.4544149647027254,-0.8589473181098699,0.39336456359121946
1788862290302823400,19.407823486328127,-1.72171740937829,-1.1222031177431344,0.6541213494829833
1788862290312829400,19.417829345703126,-1.4581962368071077,-1.6629893260776996,1.2024427025627344
1788862290322835700,19.427835693359373,-1.8114742526710033,-1.9875626409828662,1.2254970496095716
1788862290332842500,19.437842529296876,-2.6236300089895725,-2.0637977394014597,0.6289551248487085
1788862290342848500,19.4478486328125,-2.279900742715597,-2.4264812969923018,0.359598633720167
1788862290352854500,19.4578544921875,-1.6469810250848531,-2.6814094132632014,0.35908092998899516
1788862290362861600,19.467861572265626,-2.089155468019843,-2.3922306523442267,-0.1185476516323164
1788862290372867600,19.47786767578125,-2.1955086413264273,-2.035235661783814,-0.30182733968775716
1788862290382874400,19.487874267578125,-0.9033873483389615,-2.067223037675023,0.3155765001095831
1788862290392880600,19.497880615234376,0.012278466814756393,-1.962677790573239,0.7425748550921678
1788862290402886700,19.50788671875,-0.013774258330464362,-1.410677529785037,0.651805108429864
1788862290412893400,19.5178935546875,0.339932796600461,-0.9569032499492168,0.6688510088421404
1788862290422899500,19.5278994140625,1.4586515793591737,-0.7973235133677721,1.130764317600429
1788862290432905700,19.53790576171875,2.3926263736635445,-0.721126993393898,1.4676400647178292
1788862290442912500,19.54791259765625,1.6752707155019044,-0.2588561033695936,0.8152116367578506
1788862290452918500,19.55791845703125,1.018783659800887,0.15441490116417408,0.02788406875822693
1788862290462925600,19.567925537109375,0.8480804716587066,0.4624509227663278,-0.16330854784622786
1788862290472931600,19.577931640625,0.20293547870516776,0.6408557713270187,0.05773107161987573
1788862290482937600,19.5879375,-0.6649322279632092,0.8449807520776986,0.11518000183012336
1788862290492944400,19.5979443359375,-1.4486311206042766,1.0041542459458113,0.06600596534907817
1788862290502950000,19.607949951171875,-1.4406465515911577,0.7599737336605786,0.2301524801230989
1788862290512956000,19.617955810546874,-0.5482546445190907,0.3077180416941643,0.7815947599686682
1788862290522962700,19.627962646484374,-0.2904237925440073,-0.02737491365969181,1.238916357022524
1788862290532968700,19.63796875,-0.004379822519421577,-0.20494974113702774,1.5179562935039401
1788862290542975000,19.64797509765625,0.44558337459564207,-0.3196253371089697,1.6701117253035307
1788862290552981800,19.657981689453123,0.17980536300837993,-0.5301578468143939,1.468335938027501
1788862290562987800,19.66798779296875,0.2844762823164463,-0.8110919264793396,1.0984135152243077
1788862290572995000,19.6779951171875,1.1293535740196705,-1.1489400257602334,1.1311189762569964
1788862290583000800,19.688000732421877,1.2288649186074734,-1.5852932151958345,1.17313090255633
1788862290593006800,19.6980068359375,-0.4180062163621187,-2.0342519114434716,0.42958906559552995
1788862290603013600,19.708013671875,-1.798505465504527,-2.3133204894974826,-0.19425763019826262
1788862290613020000,19.71802001953125,-0.8117331469923257,-2.29964589214921,0.3890168532431125
1788862290623026000,19.72802587890625,-0.8108078488409519,-1.7976856735542415,0.5031941443040967
1788862290633032700,19.73803271484375,-0.8238169680178165,-1.2589376930490135,-0.5510911831192672
1788862290643038700,19.748038818359376,0.6495230619072914,-1.0110051347538829,-1.1995552374929188
1788862290653046000,19.7580458984375,2.542033091276884,-1.0943912739709019,-0.6322801045529544
1788862290663051800,19.7680517578125,2.671656665533781,-1.0413491273522377,-0.006885594795271754
1788862290673057800,19.778057861328126,1.3431909704893827,-0.9278365838102995,0.10092829871363937
1788862290683064800,19.78806494140625,1.7021043618917464,-1.0679324522428213,-0.052613692073523996
1788862290693070800,19.79807080078125,2.2346353675782678,-0.69889236523211,-0.7558832494765519
1788862290703076900,19.808076904296875,2.749244347605109,0.24817601166218517,-1.6247919896304606
1788862290713083600,19.818083740234375,3.163661599564552,1.340031045153737,-2.039096721126139
1788862290723090000,19.82808984375,3.04534969291687,1.7349562456578016,-1.804805734692514
1788862290733097000,19.838096923828125,2.819976756954193,1.2378067883454262,-1.4295721998691557
1788862290743102700,19.848102783203124,2.717937939715385,0.20618110956288874,-0.9540218492940068
1788862290753108700,19.858108642578124,3.200292417347431,-0.038599852833524344,0.09675868487879634
1788862290763115800,19.86811572265625,4.119619093096256,0.12022826166301966,0.7260842504750937
1788862290773121800,19.878121826171874,4.45831562590003,-0.2505921328932047,-0.34063780306465924
1788862290783127800,19.8881279296875,3.7956291310369967,-0.7888844055201858,-1.5555042261317371
1788862290793134800,19.898134765625,2.0481723002463577,-0.45006073920540507,-2.6679104647427794
1788862290803140900,19.908140869140624,1.7382605479001998,0.854337267031148,-3.569280043518543
1788862290813147000,19.91814697265625,1.9548703316926954,1.8222380771391093,-3.1192227383792397
1788862290823153700,19.928153564453126,1.758127862408757,2.213531204751134,-1.949440415598452
1788862290833160000,19.938159912109374,0.7793032880306243,2.0447176297478378,-1.3410136264503
1788862290843166700,19.948166748046877,-0.8328443240821362,2.1298215326681733,-0.9458319669671356
1788862290853172700,19.9581728515625,-1.6749088964521883,2.074209681691974,0.31239706635586917
1788862290863178800,19.9681787109375,-0.9771569334268569,1.435809486823529,1.536356458069384
1788862290873185800,19.978185791015626,0.5847527758330107,0.28814591073989865,2.256830832773447
1788862290883191800,19.98819189453125,1.116252684906125,-1.059553623215109,2.4176577929370104
1788862290893197800,19.99819775390625,1.0301479343801736,-1.6699103575125336,1.512779183126986
1788862290903204900,20.008204833984376,1.3812486062049865,-1.6345876997187734,0.19983522940119727
1788862290913211000,20.0182109375,1.6749954056918621,-1.2430033340752125,-0.8946091447301209
1788862290923217000,20.028216796875,1.449452958381176,-0.728538438694179,-1.795900982094556
1788862290933224000,20.038223876953126,1.5934557711243629,-0.23526626120656727,-2.2401130683369934
1788862290943230000,20.04822998046875,2.4917665468513963,0.08249035942107438,-2.1570202129781246
1788862290953236700,20.05823681640625,3.441441599112749,0.35781741285920143,-1.9722259556412696
1788862290963242800,20.06824267578125,3.635860593885183,0.5594543761864305,-1.7223428478002547
1788862290973249000,20.0782490234375,2.91030409361124,0.7773135755181312,-1.6110715073138475
1788862290983255800,20.088255859375,3.0443735413610935,0.8535822839453816,-1.4375022622160614
1788862290993261800,20.09826171875,3.9161516994714733,0.7169277881383895,-0.7394233322586864
1788862291003267800,20.108267822265624,3.4222564216494558,0.8715586701408028,-0.2213164636461064
1788862291013275000,20.11827490234375,2.801512879502773,1.2315610258236527,0.2790516086529009
1788862291023281000,20.128281005859375,3.054993135052919,1.2901520387411116,1.3278744511529803
1788862291033287700,20.13828759765625,3.599652969950437,1.033867831686139,2.2313649676054714
1788862291043294000,20.1482939453125,3.6322289593845603,0.9973609325438737,2.240267528246343
1788862291053300000,20.158300048828124,3.0437784980773923,1.107004379567504,1.6844935941383241
1788862291063306800,20.168306640625,2.0537708509057757,1.0777584113389254,0.7529878202959894
1788862291073312800,20.178312744140626,1.4075988529920578,0.6953519161462783,-0.01969396723564714
1788862291083319000,20.188319091796874,0.2105798559784889,-0.13643793044686317,-0.2126225407872349
1788862291093325800,20.198325927734373,-1.473293268173933,-1.2819991274237632,0.2872510442594066
1788862291103331800,20.208331787109376,-2.683001650890708,-2.9851871928989886,1.062462715594843
1788862291113337900,20.218337890625,-3.0474335134536026,-5.1913002303481095,1.4165312242493033
1788862291123345000,20.228344970703127,-3.6421915504723783,-6.974349183523654,0.8278293454643338
1788862291133351000,20.238350830078126,-4.772519522482156,-7.655539887848496,-0.3902317089255899
1788862291143357700,20.248357666015625,-5.004992645838857,-7.364018947717547,-1.485791369088739
1788862291153364000,20.258364013671876,-3.1368080794304607,-6.67092153249979,-1.5900658364251254
1788862291163370000,20.268369873046876,-1.827458003744483,-5.3005549703150985,-1.4124386942386626
1788862291173376800,20.278376708984375,-2.541706928062439,-3.1590023755818604,-1.5774582837864755
1788862291183382800,20.2883828125,-2.836254522538185,-0.9167302295148372,-1.549711906465888
1788862291193389000,20.29838916015625,-1.3592875342875719,0.905287044480443,-0.9454428215190768
1788862291203395800,20.308395751953125,0.8907856409192084,2.3214129027992487,-0.07404368932154029
1788862291213401900,20.31840185546875,2.278205044713616,3.4076883825927973,0.5535578289611265
1788862291223407900,20.328407958984375,2.09891464549005,3.7153888886302706,0.9883587839860468
1788862291233415000,20.338414794921874,1.720751194694638,2.7342840943604707,2.004811297425628
1788862291243421000,20.3484208984375,0.562491259664297,1.13720604108572,2.4139184602782127
1788862291253427700,20.358427734375,-0.6908306393295526,-0.32458792795240876,2.0705755629733202
1788862291263434000,20.36843408203125,-1.3597387851864098,-2.0002812527805567,2.0880077592894435
1788862291273440000,20.37843994140625,-1.9017378764420747,-3.5738843224436043,2.4255408012717963
1788862291283446800,20.38844677734375,-3.7853023828119037,-4.641398403143882,2.009333889416605
1788862291293452800,20.398452880859374,-6.725332337123155,-5.189111780393123,0.8385278496112674
1788862291303458800,20.408458740234376,-7.536565133377909,-5.637090525692701,0.8486201314933598
1788862291313465900,20.4184658203125,-6.755452165576815,-5.560934337729215,1.503946180590987
1788862291323472000,20.428471923828123,-6.452943967485427,-4.566077496960759,1.3117672198303043
1788862291333477600,20.4384775390625,-5.2920764803051945,-3.1017040328234433,1.290348291965574
1788862291343485000,20.44848486328125,-2.983705429908633,-1.6288766285955905,1.4588549929767847
1788862291353491000,20.458490966796877,-0.2069809547036886,-0.333740956223011,1.0964166423186659
1788862291363497700,20.468497802734376,2.0376684418886897,0.6682645872563123,0.30864816215112806
1788862291373504000,20.47850390625,3.2380905253440138,1.2718377988934517,-0.4896596860788762
1788862291383509800,20.488509765625,4.139736582973599,1.6534207027435301,-1.0700647150311617
1788862291393516800,20.498516845703126,4.480182005271315,1.9918729053974151,-1.4817442856550216
1788862291403522800,20.508522705078125,3.582614741387963,2.0624574307084083,-1.510131737358123
1788862291413528800,20.51852880859375,2.554787943431735,1.5721686529457568,-0.8733743412606417
1788862291423535900,20.528535888671875,2.131376653155684,0.6086164665013551,0.14496683546975253
1788862291433542000,20.5385419921875,1.2295447175651788,-0.4124427370160818,0.6052541869940236
1788862291443548000,20.5485478515625,-0.32326866204738613,-1.4662795900195835,0.4205904241690412
1788862291453555000,20.558554931640625,-1.931170891675353,-2.3890648817896842,0.2958072026154026
1788862291463560700,20.568560791015624,-2.0521417883992195,-3.011796382883191,0.46039629179146135
1788862291473566700,20.578566650390623,-1.6448393368810414,-3.3173189603596924,0.9571499181866645
1788862291483574000,20.588573974609375,-1.6452572700321673,-2.858659246569872,1.4163617129012942
1788862291493579800,20.598579833984374,-1.4416957683831453,-1.6860077980935573,1.5028849811002611
1788862291503587000,20.608587158203125,-1.3130746491670608,-0.6445061105281115,1.3458911693587898
1788862291513592800,20.6185927734375,-1.0908207220077515,0.04710486552417278,1.2007808337651193
1788862291523598800,20.628598876953124,-0.7315905197411775,0.18092822955846785,1.4286568385899066
1788862291533606100,20.638606201171875,-1.0504249987334013,-0.46873336403667926,1.9113725507497787
1788862291543612000,20.64861181640625,-1.831376053971052,-1.7609680542707442,2.1523143733747303
1788862291553618000,20.658617919921873,-2.9315298369914293,-3.1389062207534906,1.7988032794073223
1788862291563625000,20.668625,-3.901842603611946,-4.026712845861912,0.7144858018137514
1788862291573631000,20.678630859375,-3.3652620302736755,-4.493414704070985,-0.34110651655495167
1788862291583637000,20.688636962890627,-0.9436603220164775,-4.6530698439761995,-0.5415275282211601
1788862291593643800,20.698643798828126,1.6017957294464111,-4.342062405347824,-0.34152912588119505
1788862291603649800,20.70864990234375,2.550705058032274,-3.6213609438896177,-0.2488992113701999
1788862291613657000,20.718656982421876,2.4907050550997254,-2.6652999899834393,-0.19510754329217597
1788862291623662800,20.728662841796876,2.905073791742325,-1.6632485615357755,0.22163305531460792
1788862291633668900,20.7386689453125,2.9311598346352574,-0.65359133425951,0.6482309762701391
1788862291643676200,20.74867626953125,2.5911335145324466,0.23474486768096683,0.6373134956102818
1788862291653682000,20.758681884765625,3.1775825728893277,0.6874398278474807,0.5312601820331067
1788862291663688000,20.76868798828125,4.813260698193312,0.8139899860084057,0.5516991589497775
1788862291673695000,20.778695068359376,5.936156474375724,0.8339496549755334,0.6466993827886879
1788862291683701000,20.788700927734375,5.555006116724014,1.0081278257519006,0.35339126698002216
1788862291693707000,20.79870703125,4.670625666671991,1.520140359544754,-0.31185134210661053
1788862291703713800,20.8087138671875,4.28390013923645,2.1051190530881283,-0.6211326875947415
1788862291713720000,20.818719970703125,3.0010587157696484,2.919579286956787,-1.1172107162833214
1788862291723726000,20.82872607421875,0.6283236220121383,3.906792334973812,-1.8387948057949541
1788862291733732900,20.83873291015625,-0.7719067480385303,3.960802157580852,-1.66672339803949
1788862291743739000,20.84873876953125,0.4576116660416126,2.5391151580035687,-0.612536124163121
1788862291753746000,20.858745849609374,2.0708903280109165,0.6397296899065374,0.006477379320561885
1788862291763752000,20.868751953125,2.851969393542409,-1.1254865233279765,0.11002879307940602
1788862291773758000,20.878758056640624,2.2063778258651494,-2.2544078434102235,-0.1266919047191739
1788862291783765000,20.888764892578124,1.8082991297662256,-2.3784346205733713,-0.06490428771749139
1788862291793771000,20.89877099609375,1.7334060936063527,-1.9205719023801384,0.006677870328724384
1788862291803777000,20.908777099609374,1.1283861902922392,-1.1326986466638744,-0.6208589852198958
1788862291813783800,20.91878369140625,0.4506885887801647,-0.04503368527330458,-1.5116731215812265
1788862291823790000,20.9287900390625,1.302564945590496,1.1103946795929223,-1.8784557850539683
1788862291833796000,20.938796142578123,2.381849543583393,1.7248276503533124,-1.52684789435938
1788862291843803000,20.948802978515626,0.8392951076567172,1.4327068446330726,-1.01727705463022
1788862291853809000,20.958808837890626,-0.5762544120788574,0.6544076921436935,-0.38383097503781316
1788862291863815200,20.968815185546877,0.6875123085618019,-0.557203236258775,0.9224287334173917
1788862291873822000,20.978822021484376,2.847446363160014,-1.966734664748609,1.769973636894673
1788862291883828000,20.988827880859375,2.028801829344034,-1.7607737007424233,1.0678129175163804
1788862291893835000,20.9988349609375,0.1280138009727001,-0.48107663971595466,0.21786855168193578
1788862291903841000,21.008841064453126,1.3551532109618185,0.5128146439559758,-0.2304577649462968
1788862291913847000,21.018846923828125,2.643373989379406,1.2727946612268686,-1.0618586122218518
1788862291923853800,21.028853759765624,1.3096435056746005,1.5120784875117241,-1.8606874886512754
1788862291933860000,21.038860107421876,1.279535952180624,1.3593841265298425,-1.3750624649159608
1788862291943866000,21.0488662109375,3.7405730142474174,0.6308551863163709,-0.05935859975647181
1788862291953873000,21.058872802734374,4.101191456001997,0.0543804094851017,0.21980032346211373
1788862291963879000,21.06887890625,2.7453941019177437,0.3044108168423176,-0.5091571078291163
1788862291973885200,21.07888525390625,1.9929343971490858,1.0263919428475201,-1.235595542036742
1788862291983892000,21.08889208984375,2.7801392520844934,1.8325868910655378,-1.4715984469547867
1788862291993898000,21.09889794921875,4.04764165212214,2.0666674496188757,-1.0723696309726685
1788862292003903700,21.10890380859375,4.093299241447449,1.816370208019018,-0.6495201392978429
1788862292013911000,21.1189111328125,3.495011861258745,1.5469053246125577,-0.713788686395064
1788862292023917000,21.1289169921875,3.9190217019498346,1.4339762800469993,-0.896797813880816
1788862292033922800,21.1389228515625,5.1290907346725465,1.444402396993339,-0.8457641575403511
1788862292043930000,21.14893017578125,4.363555275231599,1.5647393797278404,-0.9821206202488392
1788862292053936000,21.15893603515625,1.9391116215467452,1.5542805295556783,-1.3314324358955025
1788862292063943000,21.16894287109375,0.9856991363227366,1.200351648567617,-1.2366470969162882
1788862292073949000,21.178948974609376,1.7282313213169573,0.7335390234604477,-0.4291352574134245
1788862292083955000,21.188954833984376,2.2665146069198845,0.2886296026036143,0.5266948468789457
1788862292093962000,21.1989619140625,1.232256314611435,0.05632511381208896,0.8988844839617609
1788862292103968000,21.208968017578126,0.6666302640527486,-0.35016543680131434,0.9802968388877809
1788862292113973800,21.218973876953125,0.8155266940563917,-0.8149334043383598,0.7756859012510627
1788862292123981000,21.22898095703125,0.08488777595162392,-0.9933014280200004,0.06116809686385095
1788862292133987000,21.238987060546876,-1.2031968088656664,-1.1550362968087196,-0.501418439868465
1788862292143992800,21.248992919921875,-1.6669874558031559,-1.6528361808538437,-0.3763018947072327
1788862292154000100,21.259000244140626,-1.2438380313336848,-2.331110120949149,-0.04012771998792886
1788862292164006000,21.269005859375,-0.8202011156082153,-2.909935260298848,-0.04861453943476081
1788862292174012000,21.279011962890625,-1.4104004664093255,-3.251930250126123,-0.5586909905984997
1788862292184019200,21.289019287109376,-2.514818921136856,-3.5103368561625476,-1.5241531023174524
1788862292194025000,21.29902490234375,-2.8693051437467334,-4.0916760241597885,-2.2598995726943016
1788862292204031000,21.309031005859374,-2.428326632598042,-4.973034496042132,-2.079504134838283
1788862292214038000,21.3190380859375,-2.5688725828856227,-5.636760270825028,-1.3284474287353456
1788862292224044000,21.3290439453125,-3.4167683456271885,-5.919514551654458,-0.6330322380945086
1788862292234051000,21.339051025390624,-3.896471431967616,-5.9832420506775374,0.17415837009735405
1788862292244056800,21.349056884765623,-3.8477205528020857,-5.518964497005939,1.1081780264567582
1788862292254062800,21.359062744140626,-4.673362398159504,-4.366173933297396,1.324672732502222
1788862292264070100,21.369070068359374,-4.945284319329262,-2.8102772007167336,0.8294638878636061
1788862292274076000,21.379075927734377,-2.858086999639869,-1.6997481541544197,1.4303551669403909
1788862292284082000,21.38908203125,-0.6385387265563011,-1.0085422517716884,2.6076506418302654
1788862292294089000,21.3990888671875,-0.4134095362216234,-0.35247312922179697,2.7636840841069814
1788862292304095000,21.409094970703126,-0.8143576502770185,0.39541853697896,1.8233803790420293
1788862292314101000,21.41910107421875,-0.17929565992057322,1.114367017289996,0.6084360684331506
1788862292324107800,21.429107666015625,1.0616875665038823,1.6860878775924444,-0.2986871784985065
1788862292334114000,21.439114013671876,1.658732253155112,2.136518692219257,-0.8463837507434189
1788862292344120000,21.4491201171875,1.3156716799229382,2.3102345061808824,-1.2615857233397663
1788862292354126800,21.459126953125,0.9690911158710718,2.1235691942751407,-1.223400734917447
1788862292364132900,21.4691328125,0.41502398568093773,1.611758905056119,-0.890534881028533
1788862292374139100,21.47913916015625,-0.9974690690934658,0.9921113414525985,-1.071251075271517
1788862292384146000,21.48914599609375,-2.4716560712367293,0.2172720470935106,-1.3101982169479132
1788862292394152000,21.49915185546875,-2.3737474856704472,-1.1307973430871963,-0.04119637213274836
1788862292404159000,21.509158935546875,-2.9308915390878916,-2.391893967735767,1.159323911000043
1788862292414165000,21.5191650390625,-4.328366472950577,-2.9412796621114015,1.0882760059610008
1788862292424171000,21.5291708984375,-5.516638684406876,-3.1343565946251153,0.11257263234332203
1788862292434177800,21.539177734375,-4.66141477073431,-3.169106420966983,-0.5521084704030305
1788862292444184000,21.54918408203125,-2.875663572862744,-2.668474528366327,-0.7317009213130921
1788862292454190000,21.559190185546875,-2.0324358019322157,-2.004784409418702,-0.9717162767428904
1788862292464196900,21.56919677734375,-1.638928067010641,-1.3213701838254928,-1.1721091582931578
1788862292474203000,21.579202880859373,-0.630025165233016,-0.9270084624230861,-0.9455889519914984
1788862292484209200,21.589209228515625,0.32148645480573174,-0.5727502033501863,-0.12772256294116377
1788862292494216000,21.5992158203125,0.7040957790940999,-0.3160632607132196,0.7578480467434973
1788862292504222200,21.60922216796875,0.5435533349603414,-0.07535363940894603,1.071112105192244
1788862292514228200,21.619228271484374,0.29804128181040285,0.10436112270653247,1.1392829204250126
1788862292524235000,21.629235107421874,0.4031961852431297,-0.04277180475592613,1.5326806921660898
1788862292534241300,21.6392412109375,0.5776251159101724,-0.5043728326946497,1.7095768897294996
1788862292544247000,21.6492470703125,0.11332535040676593,-0.899104556453228,1.417794668313861
1788862292554254000,21.659254150390623,-0.3411556163936853,-1.2102572487711907,1.0584595443680882
1788862292564260000,21.669260009765626,0.3316811010837555,-1.5433745201379059,0.894930485638976
1788862292574266000,21.67926611328125,1.3961878166615962,-1.4591478384435177,0.4534681364960968
1788862292584273200,21.689273193359377,2.24917885671556,-0.8010895879030228,-0.2579874307762831
1788862292594279200,21.699279052734376,2.917147091373801,-0.007193126374483108,-0.6564573912151157
1788862292604286200,21.7092861328125,2.9707518403112885,0.4935515789508819,-0.6482514345362782
1788862292614292200,21.719292236328126,1.8934458489149808,0.9210662128925323,-0.4322595634464174
1788862292624298000,21.729298095703125,0.22958032452464103,1.187445697504282,0.1661974376881495
1788862292634305000,21.739304931640625,-1.281421619796753,1.1380313859939575,1.117100387776643
1788862292644311300,21.749311279296876,-3.1990912248641252,0.770167210894823,1.8403817827254532
1788862292654317000,21.759317138671875,-4.372701873761415,0.09616466450840234,1.9040122511148452
1788862292664324000,21.769323974609375,-3.431837904465198,-0.8437167234912514,1.632077032072097
1788862292674330000,21.779330078125,-1.4512649762392043,-1.5812851485982535,1.5231071003958583
1788862292684336000,21.789336181640625,0.10546294646859168,-1.9233397596582769,1.2016784401919691
1788862292694343200,21.79934326171875,0.22026421464681625,-2.134816272215545,0.2721286409893073
1788862292704349000,21.809348876953123,-0.71685238481462,-2.298559558217227,-0.603114252355881
1788862292714355000,21.81935498046875,-0.969832874149084,-2.2464736894100903,0.012893201179616152
1788862292724362200,21.8293623046875,-1.4081646701812742,-1.851753071567416,1.0424519740276037
1788862292734368000,21.839367919921877,-2.06610952347517,-1.3654726526632903,1.0725094047695398
1788862292744374000,21.8493740234375,-0.9230734610617161,-1.29851070176363,0.7409300104945897
1788862292754381000,21.859381103515624,1.6769348493218421,-1.7209888028427958,0.6954657517842948
1788862292764387000,21.869386962890626,3.7300481131017205,-1.9954811590224504,0.40424825157932937
1788862292774393000,21.87939306640625,4.379050950527191,-1.8346666199490427,-0.005244038133323192
1788862292784400000,21.88939990234375,4.367292708194255,-1.3687582502052187,-0.05401164923794567
1788862292794406100,21.89940625,4.10124172488451,-0.9210361100152135,0.35799598429650065
1788862292804412200,21.909412109375,3.373602573117614,-0.4636605908170342,0.522157934101671
1788862292814419000,21.9194189453125,2.3308184445261952,0.2179929087139666,0.15762144212052226
1788862292824425000,21.929425048828126,1.9743945318520069,1.0597305872172116,-0.48257148138359185
1788862292834431200,21.93943115234375,2.340871051985025,1.903903676173836,-0.9883186711713671
1788862292844438000,21.94943798828125,2.5033693063616753,2.2364231277778743,-1.2832929666265844
1788862292854444000,21.959444091796875,2.222680141368508,1.9682567597493528,-1.6549173710420726
1788862292864450300,21.9694501953125,1.9289713358044622,1.256816170850396,-1.8624670655444264
1788862292874457000,21.97945703125,1.474703134971857,0.6046626143090427,-1.6937885150976477
1788862292884463000,21.989463134765625,0.9327204103291035,0.08995236586481332,-1.383536863272637
1788862292894470100,21.99947021484375,1.3749819470256566,-0.6606129034593701,-0.7947315971784293
1788862292904476200,22.00947607421875,2.3336042758524416,-1.0544051544107496,-0.21346417924314737
1788862292914482200,22.019482177734375,2.9087574486911296,-0.6208565010018646,-0.02778700159192085
1788862292924489000,22.029489013671874,2.6175994966536758,-0.21993710158430038,-0.42310076302215455
1788862292934495200,22.0394951171875,1.774295737877488,0.1904588589698076,-1.4982589287348091
1788862292944501200,22.049501220703124,1.7792682655930518,0.5056674756150692,-1.805645838778466
1788862292954508000,22.059508056640624,2.602069334566593,0.7425907833136618,-1.1453870094537735
1788862292964514000,22.06951416015625,3.2100007414132357,0.86109887012057,-1.0156944616138934
1788862292974520300,22.079520263671874,1.7020821500599383,0.8870886860974132,-1.5383306807518005
1788862292984527000,22.089527099609374,0.28135376638174053,1.3431177591226995,-1.3731699291676283
1788862292994533000,22.099533203125,1.6072504877209663,1.2857497121289372,0.11389635522775352
1788862293004539100,22.1095390625,3.3045021488845348,0.544878446084261,1.4207251688078044
1788862293014546200,22.119546142578123,3.974591028958559,0.012722557320445775,1.5968451213017105
1788862293024552200,22.12955224609375,3.092284462571144,-0.025914339587837457,0.9686068394854664
1788862293034558000,22.139557861328125,1.9357623111188411,0.5830795819237828,0.23146219274848698
1788862293044565200,22.149565185546876,1.9345523508071898,1.448288883037865,-0.25334851892925797
1788862293054571300,22.1595712890625,2.0013070886969566,2.1421881161578,-0.4446735662743449
1788862293064577000,22.169576904296875,1.8128841194689274,2.4650968588516116,-0.45123796629123386
1788862293074584000,22.179583984375,2.1042940004408357,2.5029390982508657,-0.02047828601375222
1788862293084590000,22.189590087890625,2.6852923921763896,2.1021923519864676,0.6833771084532141
1788862293094596000,22.19959619140625,3.033120910462737,1.5011621028304099,0.937964594592899
1788862293104603100,22.20960302734375,2.947285624527931,0.8442810793757438,0.580905927679129
1788862293114609000,22.21960888671875,2.596097858941555,0.06471767910420895,-0.09398823378477245
1788862293124615200,22.229615234375,2.612645673638582,-0.6480044740378856,-0.8514615654643625
1788862293134622200,22.239622314453126,2.3808488421082497,-1.0659034306332469,-1.453353326820582
1788862293144628000,22.2496279296875,1.1720248410105705,-1.219903905777633,-1.544941038802266
1788862293154634000,22.259634033203124,-0.006632569882273674,-1.3417279121994972,-1.1560011963181196
1788862293164641000,22.26964111328125,0.16662731700539588,-1.4007152309581636,-0.7893245505031198
1788862293174647000,22.27964697265625,1.1125754576981066,-1.28250883051157,-0.5777311335679143
1788862293184653000,22.289653076171874,1.126603398528695,-1.1276081916570664,-0.1826439109025523
1788862293194660000,22.29966015625,0.3887824599653482,-0.9332850584745407,0.15730152598377317
1788862293204666000,22.309666015625,0.3467541670531034,-0.8537731303423642,0.4778424070350826
1788862293214672100,22.319672119140623,0.6022311493784189,-0.8037287042349577,0.6590369593795389
1788862293224679000,22.329678955078126,0.6940215443253517,-0.7369494164258241,0.5028401067020372
1788862293234685200,22.339685302734374,0.47292438598573205,-0.6350690046191215,0.21805187235958873
1788862293244691200,22.349691162109377,0.17991466860175132,-0.6705436381042004,0.029506276832311412
1788862293254698000,22.359697998046876,0.3013818244099617,-0.8542793262988329,-0.022995913124177602
1788862293264704000,22.3697041015625,0.7557745284050703,-1.1387363193929194,0.1706489006716758
1788862293274711000,22.3797109375,0.3078717709511518,-1.1740443641394376,0.00859901111703366
1788862293284717000,22.389717041015626,-0.2738771468907594,-1.1935171263724564,-0.24880850087944417
1788862293294723000,22.39972314453125,-0.3769043906450271,-1.5131442170470952,0.04759376328596845
1788862293304730000,22.409730224609376,-1.0467658917039633,-1.9896207425564527,0.505183564555645
1788862293314736000,22.419736083984375,-2.1892536725848912,-2.279992512652278,0.7118043076448142
1788862293324742100,22.4297421875,-2.9193764578610657,-2.5525427948534487,0.8915328060247003
1788862293334749000,22.4397490234375,-2.938193386533856,-2.635895031800866,1.129112897131592
1788862293344755200,22.449755126953125,-3.0828105317831036,-2.1991958054065703,1.0499880686208605
1788862293354761200,22.45976123046875,-3.580870528069138,-1.2280302213490009,0.4557626771740615
1788862293364768000,22.46976806640625,-2.9271202038556337,-0.6074404084593057,0.16539379315506667
1788862293374774000,22.47977392578125,-1.3176280746877194,-0.4587064755409956,0.7646148374646902
1788862293384780300,22.4897802734375,-1.0924597213864327,-0.417047015941143,1.3022646474696695
1788862293394787000,22.499787109375,-2.176045815965533,-0.6468243243426084,1.3571060985952614
1788862293404793000,22.50979296875,-2.9572645822286603,-1.3095260167747735,1.5227772839196025
1788862293414799000,22.519799072265624,-2.76809751663506,-2.328484448620677,1.9422372062213717
1788862293424806100,22.52980615234375,-2.402101473495364,-3.2100305520296093,2.341510080540925
1788862293434812200,22.539812255859374,-3.374814286994934,-3.546795824509859,1.8125671624742448
1788862293444818000,22.54981787109375,-3.651919163760543,-3.5243285566359757,1.4726692910566925
1788862293454825200,22.5598251953125,-2.489919457679987,-3.622693653798103,1.837595659138262
1788862293464831200,22.569831298828124,-2.564368257203698,-3.017508915311098,1.1821752097554503
1788862293474837000,22.5798369140625,-2.3585084154844282,-2.340259057566523,0.17382482729405163
1788862293484844300,22.58984423828125,-1.1834271095126867,-1.9925661483585833,-0.38839262039754535
1788862293494850000,22.59985009765625,0.48945232693850993,-1.893864951109886,-0.4304290235510096
1788862293504855800,22.609855712890624,1.0694809968590735,-1.5418828202754258,-0.45697559662777926
1788862293514862800,22.61986279296875,0.15233926393389702,-1.0359633426606654,-0.9218361012864857
1788862293524868900,22.629868896484375,-0.09403262091577053,-0.7579138785213232,-1.070396065877378
1788862293534875000,22.639875,0.8975374532669782,-0.7750526448488235,-0.2311659862808883
1788862293544882000,22.6498818359375,1.2155781515330075,-0.7336117964357137,0.6331449046887457
1788862293554887700,22.6598876953125,0.3891892872005701,-0.4167173455953598,0.7453334330853074
1788862293564894000,22.66989404296875,-0.45358489474356173,-0.027291911551356313,0.19601525098793207
1788862293574901000,22.67990087890625,-0.10373451524078846,0.05230068060159683,-0.08559760472141206
1788862293584906800,22.68990673828125,1.0146183568149805,-0.08766542397141457,0.15920461965873836
1788862293594913000,22.6999130859375,1.127226498863101,0.07541676777303219,0.16429142140373587
1788862293604919800,22.709919921875,0.9475690198928117,0.027841362127661702,0.09332249988503753
1788862293614925800,22.71992578125,1.206065642300248,-0.6213280640363693,0.6079721772484481
1788862293624931800,22.729931884765627,0.39818741717040534,-1.3297452134609222,1.199242299086228
1788862293634939000,22.73993896484375,-1.5428414361745117,-1.6493436625629663,1.306155079036951
1788862293644945000,22.74994482421875,-2.5919296333462,-1.9165104981601238,1.289004622271657
1788862293654951000,22.759950927734376,-2.413333061605692,-2.2582401150494813,1.3162868892118333
1788862293664958000,22.7699580078125,-2.08931036632061,-2.034238467440009,1.0387013893224297
1788862293674964000,22.7799638671875,-1.6211106707692144,-1.2331284212708473,0.4580296722579747
1788862293684970000,22.789969970703126,-0.47404491444826125,-0.7099333992063999,0.30747356541380283
1788862293694976800,22.799976806640625,0.5698036285042762,-0.521209401205182,0.3652013856306672
1788862293704983000,22.809983154296877,0.9934411287516355,-0.25413725815415383,0.279090826418437
1788862293714989000,22.819989013671876,0.7130652674913406,0.1648188062787056,0.17250117747485635
1788862293724995800,22.829995849609375,0.6353752940893173,0.4322890087366104,0.23660795813910662
1788862293735001900,22.840001953125,1.041859414961934,0.30662849289178845,0.39125206494927406
1788862293745007900,22.8500078125,1.431196001678705,-0.005930559092760085,0.5794184290677309
1788862293755015000,22.860014892578125,0.8625064718961715,-0.058521747073531145,0.3440987571734935
1788862293765021000,22.87002099609375,-0.34715339550375934,0.02188274598419666,-0.14220707016652448
1788862293775026700,22.880026611328127,-1.0401596253067253,-0.13867197310924528,-0.028064384628040714
1788862293785034000,22.890033935546874,-0.8846873240441083,-0.4761462706416845,0.7079609300896526
1788862293795040000,22.9000400390625,-0.7280348730862141,-0.8393824936792253,1.4902233601868151
1788862293805045800,22.910045654296876,-0.5036334125041961,-1.291149233084917,1.7384312282919883
1788862293815053000,22.920052978515624,0.43043373625874515,-1.9040230647698044,1.1876102404162288
1788862293825058800,22.930058837890623,1.9086457561343908,-2.3221812568232414,0.5945581305325031
1788862293835064800,22.94006494140625,2.6907798836767673,-2.1728291920065876,0.15419957791306077
1788862293845072000,22.95007177734375,3.126070996838808,-1.3827400138065218,-0.3062891048695892
1788862293855078000,22.960077880859377,2.5006992103695866,-0.16928279995024204,-0.8692219708215445
1788862293865084000,22.970083984375,1.2234773803502321,0.9458043483078479,-1.2758221923545001
1788862293875091000,22.980091064453124,1.073033136382699,1.4398036710262299,-1.0980037653796375
1788862293885096700,22.9900966796875,1.385153212428093,1.4920704493582249,-0.6702470663104206
1788862293895103000,23.00010302734375,1.93781573651731,1.2296714126847683,-0.585089387376234
1788862293905109800,23.01010986328125,2.5155191783607003,0.7060621107310057,-0.6704653852362186
1788862293915115800,23.02011572265625,1.7496634009242056,0.2809868327654898,-0.5957544276449829
1788862293925121800,23.030121826171875,0.3778437173217535,-0.1379910051077604,-0.24541100392825901
1788862293935128800,23.04012890625,-0.21823358560204503,-0.4961668760158121,0.2014795808084309
1788862293945134800,23.050134765625,-0.14099486309885978,-0.9215667097605764,0.3584646977867931
1788862293955140900,23.060140869140625,1.0410703104108572,-1.9070881514288485,0.2073407279267907
1788862293965148000,23.07014794921875,2.286678858548403,-2.951325839829445,-0.29293899023532866
1788862293975154000,23.08015380859375,1.9957734199672936,-2.473819679011404,-1.116381279721856
1788862293985160000,23.090159912109375,2.1964918071448802,-0.9144840580232441,-1.0996762286365032
1788862293995166700,23.100166748046874,2.856040588504076,0.7143754002418369,-0.785235454558581
1788862294005173000,23.110173095703125,3.2757845884442327,1.7592536515682935,-1.1778108770661055
1788862294015179000,23.120178955078124,2.985523877507448,1.9882295804589987,-1.3455641293615102
1788862294025185800,23.130185791015624,2.8279718473613262,2.117835619059205,-0.902670432241261
1788862294035191800,23.14019189453125,3.8010137466847893,1.6341580761298535,-0.40292715904340143
1788862294045198000,23.150197998046874,4.371251090431213,0.05585771549604833,-0.40244215200543404
1788862294055204900,23.160204833984373,2.2935797239780427,-0.11176920700594782,-1.6805295128129423
1788862294065211000,23.1702109375,1.837845542246103,0.7558216554824262,-1.3888599579915404
1788862294075217000,23.180216796875,2.6412054131686684,0.8874366958174854,-0.2138378348611295
1788862294085224000,23.190223876953127,2.849189991956949,1.06115579771474,-0.3502008003756404
1788862294095230000,23.20022998046875,1.6956407188355922,1.4281184939295053,-0.8070437470670789
1788862294105235700,23.210235595703125,0.11295768613815307,1.8454611318163572,-0.7679655361320823
1788862294115243000,23.220242919921876,0.944592049908638,1.7223334954500198,-0.1682435200303793
1788862294125249000,23.2302490234375,1.8737445386230944,1.2233427941851318,0.6363546605154872
1788862294135254800,23.2402548828125,1.4764321507215499,1.0504268984295426,0.7640111724831163
1788862294145262000,23.250261962890626,1.5980162109076976,0.7369708976052701,0.6736459149684757
1788862294155267800,23.260267822265625,2.8310499396324156,-0.23376681642904876,1.2592711627870798
1788862294165273900,23.27027392578125,3.4008617514431476,-0.7832963031895458,1.036080027842894
1788862294175281000,23.280281005859376,3.0945734502911564,-0.4691757009766996,-0.05347520427368581
1788862294185287000,23.290286865234375,1.7451356943666934,0.2484948683530092,-1.206431626068428
1788862294195293000,23.30029296875,1.135589253538847,1.062885544116795,-1.7595291075088082
1788862294205300000,23.310300048828125,2.008479172283411,1.786727933949232,-1.3067916233748196
1788862294215305700,23.3203056640625,2.916500025641918,2.2254604197368026,-0.28472437532600015
1788862294225312000,23.33031201171875,2.8794378307044504,2.436260932728648,0.5293346207980066
1788862294235318800,23.34031884765625,2.4439964954167603,2.437810500258207,1.09194453840591
1788862294245324800,23.35032470703125,2.157787690219283,2.2473475496351716,1.373879246480763
1788862294255330800,23.360330810546873,2.470496964329481,1.990116124857962,1.109120933330059
1788862294265337900,23.370337890625,2.680207051736116,1.651682626904547,0.8166078403566032
1788862294275344000,23.38034375,2.285126368409395,0.9847215234622358,0.9240332460045814
1788862294285350000,23.390349853515627,1.9797715487152336,-0.2957397268697619,1.2644723846919834
1788862294295357000,23.40035693359375,1.4557809923589229,-1.6636200251966713,1.2921249462492763
1788862294305363000,23.410363037109374,0.97381288369596,-2.5467986982434985,0.7669761597685515
1788862294315369000,23.420368896484376,0.8896183507055043,-3.011398907998204,0.17814681867901236
1788862294325375700,23.430375732421876,1.1421814914107322,-3.3517151509582996,0.06492660001399926
1788862294335382000,23.440382080078123,0.5389537322103977,-3.319603856426477,-0.3171007505347952
1788862294345388000,23.450387939453126,-0.9720330145418643,-2.619057878768444,-1.0782319471348076
1788862294355394800,23.460394775390625,-2.0370669688642025,-2.022013776639104,-1.2520485180571674
1788862294365400800,23.47040087890625,-2.1289462111383677,-2.319207501709461,-0.4225642449926585
1788862294375407000,23.480406982421876,-2.7178613673478362,-2.6422704120516776,0.3970698113173246
1788862294385414000,23.490413818359375,-4.307124947479367,-2.779827117395401,0.4710305350631475
1788862294395420000,23.500419921875,-4.674156763407588,-3.4789638127774,0.6615807255782187
1788862294405425700,23.51042578125,-3.895529767203331,-4.2424955311805,0.941624359209463
1788862294415433000,23.520432861328125,-3.4636809034496543,-4.207859102085233,0.7231767655305564
1788862294425439000,23.53043896484375,-3.2552883283823726,-3.598877893924713,0.19291949519598856
1788862294435444700,23.54044482421875,-2.2674229539364577,-3.088042002695799,-0.07365346616124734
1788862294445452000,23.5504521484375,-1.3155202887535093,-2.8124562983214854,-0.18297369084618983
1788862294455458000,23.5604580078125,-1.7450176209449768,-2.2278403006106613,-0.8376303893148899
1788862294465463800,23.5704638671875,-2.1615070030033587,-1.4351368482589721,-1.3896313807554541
1788862294475470800,23.580470947265624,-1.502064604628086,-1.3750626110464335,-0.530483315909095
1788862294485476900,23.590476806640623,-0.7139666002452373,-1.1464181060671805,0.7939226919483393
1788862294495483000,23.60048291015625,-0.45229427041113374,-0.39725218214690683,1.5781263923063873
1788862294505489700,23.61048974609375,-0.7494277897268533,0.3570376606583595,1.4844649427905678
1788862294515495400,23.620495361328125,-0.74719608515203,1.128541088593006,0.95410682416372
1788862294525501400,23.63050146484375,-0.2224573407769203,1.7328344311982393,0.7168228664591908
1788862294535508700,23.6405087890625,0.26482816351652144,1.7748761681139469,1.000101025032252
1788862294545514500,23.650514404296874,0.13193302024304865,1.2703963679134844,1.2574720044106245
1788862294555520500,23.6605205078125,-0.39525077919661994,1.004402667748928,0.8078226955503225
1788862294565527600,23.670527587890625,-0.7223188335269689,0.8925327768474817,-0.021817608326114714
1788862294575533600,23.680533447265624,-0.16589958725273607,0.5480436321169138,-0.2715085911285132
1788862294585539600,23.69053955078125,-0.11962182020246982,0.13981646696925162,-0.3171338856194168
1788862294595546400,23.70054638671875,-1.4018003958463667,-0.15390461355447768,-0.8623505506820976
1788862294605552400,23.710552490234374,-1.8822768046468494,-0.8821458228677511,-0.6787329359091818
1788862294615558700,23.72055859375,-2.099839943641424,-2.0226380460172892,0.29898572305366394
1788862294625565400,23.7305654296875,-3.0878911960482593,-2.9601982975929975,1.1055193286415188
1788862294635571500,23.740571533203124,-4.907088736447692,-3.411051137024164,0.7219200434677302
1788862294645577500,23.750577392578126,-5.563683928698301,-3.6273540468245744,-0.23809604127239434
1788862294655584500,23.76058447265625,-3.4047301173090934,-3.916137670946121,0.013599303622357546
1788862294665590500,23.770590576171877,-0.7494289587706326,-3.885670636489987,0.9785717686608433
1788862294675596500,23.780596435546876,-0.4948649996370077,-3.1090888823777436,0.7198485709559171
1788862294685602300,23.790602294921875,-1.0562953520715237,-2.391898059388995,-0.24896434902828185
1788862294695609600,23.800609619140626,-0.19140578443109987,-2.3263889376461506,-0.19411409354172646
1788862294705615600,23.81061572265625,0.8760960213094949,-2.270837146294117,0.4627059204407036
1788862294715621400,23.820621337890625,0.9392056806951761,-2.010824858626723,0.8256985439807176
1788862294725628700,23.830628662109376,0.5676449891656636,-1.7493898446798324,0.9044616995722055
1788862294735634700,23.840634765625,0.29455577778220177,-1.600885628864169,1.0745222058966755
1788862294745640400,23.850640380859375,0.00518704724907875,-1.3518915788173675,1.0761593055792151
1788862294755647500,23.8606474609375,-0.18934709833562374,-0.7787368863195181,0.5352477903645485
1788862294765653500,23.870653564453125,0.15166998637020587,-0.10642273141145706,-9.498480707406997e-7
1788862294775659500,23.880659423828124,0.8770967227846383,0.2890864064604044,-0.25548578668627886
1788862294785666600,23.89066650390625,1.4406559039413929,0.5760656115084887,-0.5164718147566542
1788862294795672300,23.90067236328125,1.4979530776560306,0.7655471498787403,-0.6688876875907183
1788862294805678600,23.9106787109375,1.4673200389832257,0.6756769093394279,-0.3989517891390249
1788862294815685600,23.920685546875,1.1695575741142035,0.5628244371414184,-0.20895934210456907
1788862294825691400,23.93069140625,1.136267883452773,0.557097876188159,-0.22670045823939144
1788862294835697400,23.940697509765624,1.398206170746684,0.766204152482748,-0.39440811782740054
1788862294845704400,23.950704345703127,1.4760790995001791,1.1620768629699945,-0.5351991289172321
1788862294855710500,23.96071044921875,1.8737895468086003,1.470033389595151,-0.10902087641218676
1788862294865716500,23.970716552734373,1.942367992994189,1.383955527076125,0.4889593557897955
1788862294875723500,23.9807236328125,1.14617669852674,0.820934690579772,0.5450804349297658
1788862294885729500,23.9907294921875,0.1850257280051708,-0.019978081406652925,0.030401394474552944
1788862294895735600,24.000735595703127,-0.07018646590411663,-0.7388613875269889,-0.23038773191738873
1788862294905742300,24.010742431640626,-0.2492582539409399,-0.9783622175633907,0.24915830069780348
1788862294915748600,24.02074853515625,-1.4643418999552726,-0.7234174424186348,0.7427895938213914
1788862294925754600,24.030754638671876,-3.2318285423398017,-0.14295125786364077,0.745842040194571
1788862294935761400,24.040761474609376,-2.784119846153259,0.07464695244431495,0.7761111409258097
1788862294945767400,24.050767333984375,-0.7144868247270584,0.00281856455206871,0.57115931742955
1788862294955773700,24.060773681640626,0.802390733629465,-0.23893033667206762,0.3211906501969322
1788862294965780500,24.070780517578125,0.42253158483207226,-1.133151504997909,0.1780641453642398
1788862294975786500,24.080786376953125,-0.3151496529996395,-1.9542299879625438,0.10705883735790848
1788862294985792500,24.09079248046875,-0.1708405507862568,-1.9678370730325578,-0.043956411430612206
1788862294995799600,24.100799560546875,-0.6472440110594034,-1.5486100827038287,-0.7237274582158774
1788862295005805600,24.1108056640625,-0.5072679696142673,-1.2382359735429287,-1.4550956404432653
1788862295015811300,24.120811279296873,0.5223614938497543,-1.592666374312341,-1.689967641635239
1788862295025818600,24.130818603515625,1.5385948846459387,-1.9064986611030994,-1.8432789654716848
1788862295035824600,24.14082470703125,1.6963094118773936,-1.6764923662513493,-1.8775849935688078
1788862295045830400,24.150830322265627,1.0566998412191868,-1.3262889355272054,-1.713970448513329
1788862295055837700,24.160837646484374,1.672809293824434,-1.2866034063488245,-1.1071649769566954
1788862295065843500,24.170843505859374,2.883813561570644,-0.6701029085993766,-0.6430418101292104
1788862295075849500,24.180849365234376,2.6841993362426755,0.3811353062130511,-0.5041580209001898
1788862295085856500,24.1908564453125,2.8007997627973555,1.4951583323709665,-0.01714373476356268
1788862295095862500,24.200862548828123,4.173374064159393,1.810542232517898,0.764193689443171
1788862295105868500,24.21086865234375,4.511589535447955,0.8053434459552168,0.5551033413700759
1788862295115875600,24.22087548828125,3.423578610163927,-0.1649200746960938,-0.5496366003967821
1788862295125881300,24.23088134765625,3.72607687138319,-0.15660276659727096,-0.648053135485202
1788862295135887600,24.2408876953125,5.617698427480459,0.42018049166128035,-0.26284108135253187
1788862295145894400,24.250894287109375,6.152027422499656,0.9101496820807456,-0.6527274109065533
1788862295155900400,24.260900390625,4.804997896760701,1.4499262749813495,-1.3861723263427614
1788862295165906400,24.270906494140625,3.1546248911499974,2.8006664918065067,-2.406586071563512
1788862295175913500,24.28091357421875,2.595652453261614,4.410257989695668,-3.0061513627335428
1788862295185919500,24.29091943359375,2.890757097098231,4.980917358246446,-2.0287140049301087
1788862295195925500,24.300925537109375,3.6638071699529884,4.125322273173928,-0.04306786509305238
1788862295205932500,24.3109326171875,3.951604121124744,2.143898134946078,1.8832701995983718
1788862295215938600,24.3209384765625,3.5755192301690575,0.5588571409456432,2.731957697239518
1788862295225944600,24.330944580078125,4.153587998193502,0.3305842457577586,2.3461548376068473
1788862295235951400,24.340951416015624,4.098732956933975,0.6839081465899944,1.2280879428856075
1788862295245957600,24.35095751953125,2.314532495635748,1.0447301480926572,-0.21427030799426136
1788862295255963600,24.360963623046874,1.0259048899829386,1.3565434962764382,-1.1825117482334375
1788862295265969400,24.370969482421874,1.3693746285378932,1.375108203753829,-1.0893061527263372
1788862295275976400,24.3809765625,1.6194319239020347,1.1159370430856943,-0.7747416792035102
1788862295285982700,24.390982666015624,0.3636614627122879,0.644971389952302,-0.47613176719229666
1788862295295988500,24.400988525390623,-1.1876000112831593,-0.017037644040584565,0.004119271887093782
1788862295305995500,24.41099560546875,-0.3669149115502834,-0.7259905077770352,0.28122345453295855
1788862295316001500,24.42100146484375,0.8128489992797374,-1.0050193383425474,-0.08808609706889838
1788862295326007600,24.431007568359377,-0.9079191465497016,-0.5134478272929788,-0.8506107207886874
1788862295336014600,24.4410146484375,-2.689538359183073,-0.08484978202879428,-1.1244440285377204
1788862295346020400,24.451020263671875,-1.6151029547870157,-0.3017836832091212,-0.41303244653753934
1788862295356026400,24.4610263671875,0.3655407005876303,-0.863591052262485,0.3971952643278986
1788862295366033700,24.47103369140625,0.5551929193496704,-1.187236438667774,0.6141923669375479
1788862295376039400,24.481039306640625,-0.5798878001451492,-1.269580375355482,0.3764292839465663
1788862295386045400,24.49104541015625,0.36229309696853157,-1.7908914833694696,0.18240686900997533
1788862295396052500,24.501052490234375,2.0079858358085154,-2.4033786538243294,-0.045499512686766684
1788862295406058500,24.51105859375,1.494599091053009,-2.351035887646675,-0.45589729987177996
1788862295416064500,24.521064453125,0.2929647091984749,-1.9768658904016017,-0.7208839784182608
1788862295426071300,24.5310712890625,0.8063327492535114,-1.9613041641324758,-0.5214812404165045
1788862295436077600,24.54107763671875,2.453483870208263,-2.3137737862229346,0.08192315399236977
1788862295446083600,24.55108349609375,2.03826523873806,-2.0024954216986894,-0.20918933320185168
1788862295456090400,24.56109033203125,0.8243190723210573,-0.9861953954070806,-0.9903203663825988
1788862295466096400,24.571096435546874,1.5777794785648585,-0.5017646960228681,-0.8832458930641413
1788862295476102700,24.5811025390625,2.1898007850736376,-0.33688568398952484,-0.553520602223277
1788862295486109400,24.591109375,0.9584393734753132,0.56282151453197,-1.1893229626182467
1788862295496115500,24.601115478515624,-0.1496826119452715,1.577330565753579,-1.7702888403236865
1788862295506121700,24.611121826171875,-0.5090805719941854,2.3512305334359405,-1.5339887060247361
1788862295516128800,24.621128662109374,0.30286066479086876,2.6215596324563024,0.015164214851520955
1788862295526134800,24.631134765625,0.5192664504438639,2.4004706574231385,1.9147183540463446
1788862295536140800,24.641140869140624,-1.2957102573901413,1.8502005814284086,2.898950340425968
1788862295546147800,24.65114794921875,-3.354472340711951,0.6614987463831901,3.1419258608356118
1788862295556153900,24.66115380859375,-4.389523244702816,-0.8567144444912671,2.750240372905135
1788862295566159600,24.67115966796875,-5.404912585890293,-1.8176731073111294,1.5196053758852184
1788862295576166700,24.681166748046873,-6.341525327482819,-2.473149524664879,0.147222140115872
1788862295586173000,24.6911728515625,-5.643515590304136,-3.419548331734538,-0.21959197794105856
1788862295596178700,24.7011787109375,-4.026111372837424,-4.583170670580864,0.47856421850360925
1788862295606185700,24.711185791015627,-3.4146903703093527,-5.638797329610586,0.6347128846578299
1788862295616191700,24.721191650390626,-4.064327413985133,-6.297178820756077,-0.1686350766312331
1788862295626197800,24.73119775390625,-4.006170408570767,-6.443770480948686,-0.7864637542445212
1788862295636204800,24.741204833984376,-2.6326106033027172,-5.6790054213583465,-0.46296939368247986
1788862295646210600,24.75121044921875,-3.1032758121848105,-3.373467548561096,-0.5464567282516509
1788862295656216600,24.761216552734375,-4.061981727641821,-1.6828519644111395,-0.9883293386958539
1788862295666223900,24.771223876953126,-2.082898745712638,-1.0899345868229866,-0.3060819649249315
1788862295676229600,24.781229736328125,1.0147089577078818,-1.2349258260816336,1.3767634236149489
1788862295686235600,24.791235595703125,1.605598628860712,-1.8571926322728394,2.4684102211832997
1788862295696242700,24.80124267578125,-0.30539222909510133,-2.022085672831535,1.9559229094855486
1788862295706248700,24.811248779296875,-1.2832979350626468,-1.909223263761401,0.288179301552847
1788862295716254700,24.821254638671874,0.4399059134811163,-1.687134756296873,-0.6412618679098785
1788862295726261500,24.831261474609374,1.8855846140205859,-1.4649860430777073,-0.2352785361662507
1788862295736267800,24.841267822265625,0.9442442593842745,-1.2093249363571406,-0.1098335627682507
1788862295746273800,24.851273681640624,-0.23975743514597414,-0.9487064994901419,-0.471044928914681
1788862295756280600,24.861280517578123,-0.47766368946731086,-0.7004004317075013,-0.17875994560867547
1788862295766286600,24.87128662109375,-0.8864128326624632,-0.5993149696707725,0.6135891403473913
1788862295776292900,24.88129296875,-1.3437111949712037,-0.7827005292534828,1.0604247069612145
1788862295786299600,24.891299560546877,-1.1934241873919964,-1.2018056467682123,0.820483439680934
1788862295796305700,24.9013056640625,-0.6236170517563819,-1.2371902638822794,0.23650289032943544
1788862295806311700,24.911311767578123,0.564209169498086,-0.5869669447511434,-0.29386195029914375
1788862295816318700,24.921318603515626,2.0158505778342484,0.5695487769603729,-0.9124910575751215
1788862295826324700,24.93132470703125,2.884575193592906,1.9327929399192332,-1.5218027397990226
1788862295836330800,24.941330810546877,3.0693402248352766,3.054420888122916,-1.8804452053055165
1788862295846337800,24.951337890625,2.7505712122946977,3.4813515846967693,-1.748083145995438
1788862295856343800,24.96134375,2.3249340626627206,2.6193080541372296,-0.8054914030585437
1788862295866349800,24.971349853515626,0.8768974008202552,1.4717904623955487,0.22741763006541876
1788862295876356900,24.98135693359375,-1.4652221899211406,0.2806885804712772,1.0663764549724757
1788862295886363000,24.99136279296875,-3.448218545901775,-1.1679337723046541,1.6024872188419104
1788862295896368600,25.00136865234375,-4.458645296245813,-2.076300078099966,1.2905012905701994
1788862295906375700,25.011375732421875,-4.16011944578886,-2.001084385856986,0.17224373211506752
1788862295916382000,25.0213818359375,-2.9042981311947105,-1.615794444182515,-0.25718093669898806
1788862295926387700,25.0313876953125,-1.2608815205931663,-1.58495682284832,0.37055041850842535
1788862295936394800,25.041394775390625,-0.5707026231706142,-1.8676327777445316,1.284249682829529
1788862295946400800,25.05140087890625,-0.9561609071493148,-1.997749688476324,1.903246235178411
1788862295956406800,25.06140673828125,-1.4029291076153516,-1.9723440290629863,1.40516534223482
1788862295966413800,25.071413818359375,-0.19009002565741537,-1.9889345138579606,0.25175608037235214
1788862295976419600,25.081419677734374,1.2379396209448574,-1.7044576470196247,-0.5981972907524555
1788862295986425600,25.091425537109377,1.5017168141037225,-1.0756412730544804,-1.1878309704948216
1788862295996433000,25.101432861328124,0.6389227574378251,-0.25547552102059123,-1.6759462766759097
1788862296006438700,25.111438720703124,0.28290859460830686,0.4016273284912109,-1.4065988821692763
1788862296016444700,25.121444580078126,0.6140507665097713,0.4718453585773706,-0.4196846709683537
1788862296026451700,25.13145166015625,0.8904606467485428,0.2704252528712153,0.25013003180678933
1788862296036457700,25.141457763671873,1.1199661524713038,-0.46647243336737154,0.3420908148845658
1788862296046463700,25.151463623046876,1.8935609997272491,-1.8524249794796108,-0.1397925746370107
1788862296056470500,25.161470458984375,3.091507048457861,-2.237052657853067,-0.6843358704827726
1788862296066476800,25.171476806640626,4.465152193921804,-1.581110961075127,-0.2847689085874706
1788862296076482800,25.18148291015625,4.427815858218073,-0.44047553006261586,0.25273243285752833
1788862296086489600,25.191489501953125,1.9388380653023718,0.6516495525419712,0.14305851763039826
1788862296096495600,25.20149560546875,1.2637889324724674,1.329724755194783,0.17666268106848002
1788862296106502000,25.211501953125,2.0193729067415,1.838245062957704,0.6383988066289573
1788862296116508700,25.2215087890625,2.2344342920482156,2.249713694244623,0.520727682102844
1788862296126514700,25.2315146484375,1.7389070291101931,1.9906319654256104,-0.03674742989987135
1788862296136520700,25.241520751953125,1.420907247376442,1.417986099232733,-0.30655886172167957
1788862296146527700,25.25152783203125,1.394375214281678,1.4008343272931874,-0.3164142661079764
1788862296156533800,25.26153369140625,0.421038131403923,1.6987097510173916,-0.5319342088371515
1788862296166539800,25.271539794921875,0.36445348987281323,1.5575366087421774,-0.38556846635490655
1788862296176546800,25.281546875,1.4841928478509188,0.19348814366310835,-0.05406425620801746
1788862296186552800,25.291552734375,1.7893828323721885,-0.9370876656278967,-0.2341329463277012
1788862296196558600,25.30155859375,0.931025881370902,-1.2747704913444817,-0.6787666920483112
1788862296206565600,25.311565673828124,0.43097149639725685,-1.0620485087707638,-0.8758322558067738
1788862296216572000,25.321572021484375,0.6866974850475788,-0.16226641838215292,-0.9836015064563601
1788862296226577700,25.33157763671875,0.5595949537009001,0.6734064071241765,-1.5321610522061586
1788862296236584700,25.341584716796874,0.45319268055558204,1.0993565682280808,-1.284152652195841
1788862296246590700,25.3515908203125,0.9445447036355733,0.5771565485503524,0.11328852552771568
1788862296256596700,25.3615966796875,1.8481050704538822,0.09406608479395508,0.3459324754066765
1788862296266603800,25.371603759765627,2.341524547457695,-0.35260603488646447,-0.2765138520698994
1788862296276609500,25.381609619140626,0.9399836793303489,-1.1367337473988532,-0.1452162801861763
1788862296286615600,25.391615478515625,0.8408113574385643,-0.9550478313408791,0.5977728547953068
1788862296296622800,25.401622802734376,2.8411306041419504,-0.10841332070678472,0.6009045769497752
1788862296306628600,25.411628662109376,3.895277253746986,0.8173864965789019,0.07048946743868291
1788862296316634600,25.421634521484375,3.2817005344897505,1.473584067814052,-0.5933257391933351
1788862296326642000,25.431641845703126,2.5835937666773794,1.7919139582850039,-0.8276192829102277
1788862296336647700,25.441647705078125,3.180700997170806,1.8658529085904358,-0.5338891422972083
1788862296346653700,25.45165380859375,3.6126252642482517,1.8667865361787377,-0.4802774521622806
1788862296356660500,25.461660400390624,2.571587687063217,2.112580913401395,-0.9502797401562333
1788862296366666800,25.471666748046875,1.9924498285025356,2.4571239802762865,-0.9718021283954381
1788862296376672800,25.4816728515625,2.893722961166501,2.3734131391495463,-0.1792833484282717
1788862296386679600,25.491679443359374,3.578767418310046,2.0529016668558118,0.2603143393538892
1788862296396685800,25.501685791015625,2.696409998518228,1.7536942638754844,-0.012748458946682513
1788862296406691800,25.51169189453125,1.5769956347107887,1.2703311937227844,-0.13242730656601487
1788862296416698600,25.52169873046875,2.4228783040642736,0.47590895475447176,0.35626298649143423
1788862296426704600,25.53170458984375,4.426715203499794,-0.578131311866641,0.9525737693775445
1788862296436711000,25.5417109375,3.3741847569197416,-0.928582872132957,0.2728392186777666
1788862296446717700,25.5517177734375,1.033133087670803,-0.6259668297529221,-0.6920519978180527
1788862296456723700,25.5617236328125,0.4150684093445539,-0.3077887688428163,-1.0571936891507356
1788862296466729700,25.571729736328123,0.7946727065980433,0.5729080242604017,-0.9991908513847738
1788862296476736800,25.58173681640625,1.049144311273098,1.6468389862656592,-0.21531446501864118
1788862296486742800,25.59174267578125,0.5092839856117963,2.133683176532388,1.1117175256945193
1788862296496748800,25.601748779296877,0.15819734231233595,1.598970150631666,2.1148881674304603
1788862296506756000,25.611756103515624,1.0256816026210784,0.21275193932056427,2.4160240542553364
1788862296516762000,25.62176220703125,1.6216104369848965,-1.4942425327003002,1.9642191747963427
1788862296526767900,25.631767822265626,0.9165642252981662,-2.886929647764563,1.192611044378206
1788862296536775000,25.64177490234375,-0.10806056174635886,-3.750028824856877,0.4647629260357469
1788862296546781200,25.65178125,0.005368249034881592,-4.697271097013354,0.2232342799661681
1788862296556787000,25.661786865234376,-0.4566127181321382,-5.41578995373547,-0.2307602184915915
1788862296566794000,25.6717939453125,-2.5998826381772755,-5.394367811000347,-0.9504792082510888
1788862296576799700,25.6817998046875,-3.6908494906574485,-5.403717238625884,-0.7205801731660961
1788862296586806000,25.691805908203126,-2.6950872254818674,-5.913621401962637,0.2544445522713475
1788862296596813000,25.70181298828125,-2.3648919790416953,-5.913155538016557,0.32940190410539505
1788862296606818800,25.71181884765625,-3.266588305553794,-4.997350606653094,-0.27926391796302047
1788862296616824800,25.721824951171875,-3.7347242882192133,-3.552688389679789,-0.7967362149991094
1788862296626832100,25.73183203125,-3.1146283963263035,-2.2778075698286293,-1.26258101798743
1788862296636838000,25.741837890625,-3.3656583361148833,-1.0179904635965824,-2.028189396534115
1788862296646844000,25.751843994140625,-4.044306370219588,-0.17512977241277694,-1.835467707198858
1788862296656851000,25.761850830078124,-3.100674689775705,-0.08553191907405852,0.4455066560976207
1788862296666857000,25.77185693359375,-1.4178794239878654,-0.12645605013668537,2.8174095368146896
1788862296676863000,25.781863037109375,-1.5442963111579417,0.1692366227209568,3.363654010555148
1788862296686869800,25.791869873046874,-2.073001036554575,0.3504319787830114,2.8564354330405592
1788862296696876000,25.8018759765625,-0.6195300747036934,0.05554828422069549,2.6984499799132347
1788862296706882000,25.811882080078124,0.5982791968822478,-0.15658055476546287,2.5870091280788183
1788862296716888800,25.821888916015624,-0.43771687900424,0.16689035185575485,1.3540510949388145
1788862296726894800,25.831894775390627,-0.7403869896590709,0.2120183643490076,0.02484495679065585
1788862296736901000,25.841901123046874,0.5648527280986309,-0.2852262239009142,-0.2377230797741562
1788862296746908000,25.851907958984373,1.6292799486994742,-0.5397276391923427,0.09345511328876017
1788862296756914000,25.861913818359376,1.5401561426132917,-0.05232406147718429,0.2699383461371064
1788862296766920200,25.871920166015624,0.7284159813582897,0.7186480360597371,0.02955397473182529
1788862296776927000,25.881927001953127,-0.5252116225838661,1.7169798594623804,-1.07383334684968
1788862296786933000,25.89193310546875,-1.0633645598053931,2.6557769593566656,-2.046948895931244
1788862296796939000,25.90193896484375,0.44023850643634793,2.4022137016981837,-1.1710361952994017
1788862296806946000,25.911946044921876,0.407938411334157,1.50367963860929,0.5088848302263766
1788862296816952000,25.9219521484375,-2.142250513869524,0.24342297191619872,1.3512766617894172
1788862296826957800,25.931957763671875,-3.608398586463928,-1.9527567005395887,1.7378265403971076
1788862296836965000,25.941965087890626,-3.8191321716994047,-3.6071518012732264,1.7972173253901302
1788862296846971100,25.95197119140625,-3.031988107040524,-4.130954141581058,1.0860317341655492
1788862296856977000,25.961976806640624,-1.844638271126151,-3.9504491058707236,-0.09453530974090099
1788862296866984000,25.97198388671875,-1.7490560826808212,-3.2007471753776073,-1.1280941485431044
1788862296876990000,25.981989990234375,-1.9479934316605327,-2.642616449010372,-1.2533338816925883
1788862296886997000,25.9919970703125,-2.538755677041411,-3.003465192389488,-0.23114888901561498
1788862296897003000,26.0020029296875,-3.368326094019413,-4.316860744073987,1.6512294763095676
1788862296907008800,26.0120087890625,-4.158483369019628,-6.5427925807148215,3.531489534306526
1788862296917016000,26.02201611328125,-5.024521522173285,-8.735640478399395,4.024166376249492
1788862296927022000,26.03202197265625,-5.292295676013827,-8.654884103164076,2.113877821344137
1788862296937027800,26.04202783203125,-2.7262960182160136,-6.802537157356738,-0.15111030666083097
1788862296947035100,26.05203515625,1.0451321530222892,-4.685536235556006,-1.3739485123246908
1788862296957041200,26.062041259765625,3.7637329405605793,-2.259627770015597,-2.359711653794348
1788862296967047000,26.072046875,5.350370263841748,-0.07266191610693931,-2.7911010833427308
1788862296977054000,26.082053955078123,5.539175510385633,1.2765414465397595,-2.1125249454304575
1788862296987060000,26.09206005859375,4.476491918581724,1.6836188571304083,-0.7437645763333887
1788862296997066000,26.10206591796875,3.0502573387026786,1.7244231612056493,0.19202519497107715
1788862297007073000,26.112072998046877,2.2744857319295404,1.889402126482129,0.26074067500717935
1788862297017078800,26.122078857421876,2.1640753921866414,2.086660728594661,-0.29518370042219755
1788862297027085000,26.1320849609375,2.832681340226531,2.1441724218428133,-1.1383762539088724
1788862297037092000,26.142092041015626,3.5059272230267524,2.2656600359171626,-1.832546705185622
1788862297047097900,26.152097900390626,3.8955706837356088,2.1293062766224145,-1.853883069333434
1788862297057104000,26.162103759765625,3.3244787689864634,1.8307377560675142,-1.5380600471168755
1788862297067111000,26.17211083984375,1.7256313679516315,1.8515122485488653,-1.4114084744080901
1788862297077117000,26.182116943359375,0.6738169606864451,1.7672709538072346,-1.2534580925941468
1788862297087123000,26.192123046875,0.7475386149793863,1.2665475835308433,-0.6671632018856704
1788862297097130000,26.2021298828125,0.9336801952719688,0.672715136924386,-0.1247061925283633
1788862297107136000,26.212135986328125,0.6929179669976234,0.19195757309496403,0.1707620239236392
1788862297117142000,26.22214208984375,0.016437924581766128,-0.1750917784899473,0.5096520882718265
1788862297127148800,26.232148681640624,-0.574464606052637,-0.2656678292110562,0.6045632090551778
1788862297137155000,26.242155029296875,-0.4086556196928024,0.3109326198264956,0.3588447100803256
1788862297147161000,26.2521611328125,0.1977227124929428,1.567158715829253,-0.032170513905771074
1788862297157167900,26.26216796875,0.6016150633066892,2.870089572122693,0.018917247242107985
1788862297167174000,26.272173828125,0.35079204426705834,3.410883963763714,0.7574734412774443
1788862297177180200,26.28218017578125,-0.2483732877999544,2.9826898231253027,1.1354242722354828
1788862297187187000,26.29218701171875,-0.2601338682204485,1.9798580579549072,0.9699838269270956
1788862297197193000,26.30219287109375,-0.3533469894468784,0.38762072270959613,0.7366372086714953
1788862297207199000,26.312198974609377,-1.9587176547706127,-1.413794200500846,0.4171433889877051
1788862297217206000,26.3222060546875,-4.013452966794372,-2.610443195158243,0.31772425272800026
1788862297227212000,26.3322119140625,-3.9522833355605598,-3.290006298281252,0.6063822777085006
1788862297237217800,26.3422177734375,-2.371081481331587,-3.8549242005705833,0.6376564638290554
1788862297247225000,26.35222509765625,-0.5855097316801547,-4.340604023233055,0.0981565689779818
1788862297257231000,26.362231201171873,0.34759003335535527,-4.200152765491604,-0.6294084946393966
1788862297267238000,26.37223779296875,0.9179624016582966,-2.845708579581976,-1.1600246066153048
1788862297277244200,26.382244140625,1.1224655680716038,-1.198412643329054,-1.2486563914008437
1788862297287250000,26.39225,1.3807745589524507,0.19927724845856426,-1.2004094431694596
1788862297297257000,26.402257080078126,2.15042680606246,1.697032465454936,-1.2359839568324387
1788862297307263000,26.412262939453125,3.8261575402915478,2.66136381957829,-0.9136788060549647
1788862297317269000,26.42226904296875,4.907648123896122,2.4871950011521577,-0.5758490461483597
1788862297327276000,26.432276123046876,4.02022582193017,1.3697399547189473,-0.6043903732389211
1788862297337282000,26.442281982421875,3.891479030507803,0.0565184444271028,-0.24366079926006495
1788862297347287800,26.452287841796874,5.229602780735492,-0.8708724414423108,0.11959624736979603
1788862297357295000,26.462295166015625,5.4141100378245115,-0.8975618570558727,-0.29894612169563767
1788862297367300900,26.47230078125,4.442552824100852,0.13685250259712337,-0.48863041609637436
1788862297377307000,26.482306884765624,3.984931805709004,1.3531538538381456,-0.10328070705868303
1788862297387314200,26.492314208984375,5.05776620464921,2.2128280249178407,0.06102277010902762
1788862297397320000,26.50231982421875,5.158733008742332,2.6455957570821047,-0.39119273597747084
1788862297407326000,26.512325927734373,3.7104432489216324,2.846768025507033,-1.583345295998454
1788862297417333000,26.5223330078125,2.7753613701581954,2.5670348460644483,-2.268751133800298
1788862297427339000,26.532339111328124,3.7831203625977037,1.396396344845742,-1.2494061868548392
1788862297437345000,26.542344970703127,5.186560926866531,-0.43792350749224424,-0.1805125248970464
1788862297447351800,26.552351806640626,4.3138148005068295,-1.0922050159730017,-0.9276265943214297
1788862297457357800,26.56235791015625,3.4311960994303226,-0.5207534741312265,-1.7525960933752356
1788862297467364000,26.572364013671876,2.8510183764278887,0.4419916337139904,-1.958375709465146
1788862297477371000,26.582370849609376,1.4867068764984608,1.9133365442991255,-2.421126784221828
1788862297487377000,26.592376953125,-0.8994435791492461,3.7982173939645287,-2.8203490973979233
1788862297497383000,26.6023828125,-2.7007904055595398,5.139112362471223,-1.6704017942912877
1788862297507389700,26.6123896484375,-2.0513111827939747,5.033654676699638,0.6127548814803362
1788862297517395700,26.622395751953125,0.10969137781858443,3.1929540372833607,2.3549599292226135
1788862297527402800,26.63240283203125,0.8678314663112163,0.7121347086429596,2.7651094407349825
1788862297537408800,26.64240869140625,1.0413970581471919,-1.1409162937805055,2.091284442872554
1788862297547414800,26.652414794921874,1.0753367371499538,-2.563956169271469,1.2153237383805215
1788862297557421600,26.662421630859374,-0.6433844130218028,-3.3566178283080457,-0.21265520094782112
1788862297567427600,26.672427490234377,-3.0883196505934,-3.473839893892407,-1.7259812043026088
1788862297577433900,26.682433837890624,-3.2289953647404905,-3.346679202617705,-1.8885116073831916
1788862297587440600,26.692440673828123,-1.4225965156376361,-3.2322315701827407,-0.8540504859790206
1788862297597446700,26.70244677734375,-0.08704290815889835,-3.058912062062323,-0.054755581206735224
1788862297607452700,26.71245263671875,0.5786439375638961,-2.6324890227496622,0.4051171433683485
1788862297617459700,26.722459716796877,0.9968775329411029,-1.8408593371093271,0.1972576522644609
1788862297627465700,26.7324658203125,1.722194963762164,-0.7074316455185413,-0.763393113650009
1788862297637471700,26.7424716796875,2.5372803437918425,0.5520931997686624,-1.6131249327123165
1788862297647478800,26.752478759765626,2.7003894235432147,1.9202099371999501,-1.8154352652564645
1788862297657484800,26.76248486328125,2.560699213302135,3.0824434520363804,-1.2309297421827912
1788862297667490800,26.77249072265625,2.2948165722966194,3.6567671883136033,-0.18048932668454945
1788862297677497600,26.78249755859375,2.2972885153681037,3.5390263595521447,1.031500079641491
1788862297687504000,26.79250390625,3.149368285796046,2.840079049262404,2.3026899360202253
1788862297697510000,26.802510009765626,2.91823079495728,2.2065847466140984,2.850467756807804
1788862297707516700,26.8125166015625,1.5918325538367033,1.713457530555129,2.4859663361400366
1788862297717522700,26.822522705078125,0.9408072706729174,1.0093161587536335,1.8202710148498416
1788862297727529700,26.83252978515625,0.5056938521653414,0.04595101931393146,1.1474810591235756
1788862297737535700,26.84253564453125,-1.0336164872735738,-1.09943949727118,0.654435237737745
1788862297747541800,26.852541748046875,-3.3954292050004002,-2.55785551430881,0.6992654363282025
1788862297757548800,26.862548828125,-5.68532234942019,-4.728309793877601,1.3349109256610274
1788862297767554800,26.872554931640625,-7.190756138220429,-7.081780799716711,1.6395606658257542
1788862297777560800,26.882560791015624,-7.517501536467671,-8.864249907177687,1.4153602807737886
1788862297787567600,26.892567626953124,-7.925781308585405,-9.214934399417043,0.0838849373183213
1788862297797574000,26.902573974609375,-7.43691701066792,-7.340808752521872,-2.0961488340385257
1788862297807579600,26.91257958984375,-4.114805555334687,-4.541487245583534,-3.3003394762471316
1788862297817586700,26.922586669921873,-0.4936100311398506,-2.081993321305513,-3.0978987953215835
1788862297827592700,26.9325927734375,0.9728583594501018,0.057358548513054844,-2.46935217820853
1788862297837598700,26.9425986328125,1.371303550773859,1.1595862151980398,-1.5315493500486015
1788862297847605800,26.952605712890627,1.3519044382989405,0.9155869046986103,-0.19433865954522042
1788862297857611800,26.96261181640625,1.011886886024475,0.14667232421338558,0.9925130541212857
1788862297867617500,26.972617431640625,-0.2460381228506565,-0.3656225336521864,1.5604007660016417
1788862297877624800,26.982624755859376,-1.9525988796293734,-0.8229355090081691,1.6581877710148691
1788862297887630600,26.992630615234376,-2.6406366733700035,-1.380893216896057,1.7707434522233902
1788862297897637600,27.0026376953125,-2.0945739859372376,-1.851898617517948,2.408625906828046
1788862297907644000,27.012643798828126,-2.0000129572331904,-2.192417105051875,2.917563270959258
1788862297917649700,27.022649658203125,-2.8353029209017753,-2.2507389456391333,2.246263553790748
1788862297927656700,27.03265673828125,-2.417156419286132,-1.4726502940952777,1.159819439432025
1788862297937662700,27.042662841796876,-0.22325112150311469,-0.6372609617054462,0.5778805519759654
1788862297947668700,27.052668701171875,1.7175485992610453,-0.23568448661863803,0.2581719935629517
1788862297957675800,27.06267578125,2.5405922448188063,0.07632043861448765,-0.25872199212852864
1788862297967681500,27.072681640625,2.6208003385215997,0.4968728323280811,-1.0415313520513474
1788862297977687800,27.082687744140625,2.2686913664370776,1.157668983399868,-1.7995907765232027
1788862297987694800,27.09269482421875,2.158858534321189,1.6733657586634159,-1.7771484969601035
1788862297997700600,27.10270068359375,1.0640314992815256,1.7991268122732638,-1.03803883376047
1788862298007706600,27.11270654296875,-0.8305547518402338,1.4861656092286109,-0.09916169089991599
1788862298017713700,27.122713623046874,-1.7612983091384171,0.7503156784772872,1.0711226265862583
1788862298027719700,27.1327197265625,-1.8705068718761204,-0.2814484589278698,1.9462962723538277
1788862298037726700,27.142726806640624,-2.465636664816737,-0.5246855528831481,1.3754671001940966
1788862298047732700,27.152732666015623,-3.153808314070105,-0.464205657479167,0.47255219167247414
1788862298057738800,27.16273876953125,-2.4063719904214143,-1.1811767002373934,0.9666827395550907
1788862298067745800,27.172745849609374,-2.1112959881573916,-2.237598893558979,2.164225322051346
1788862298077751600,27.18275146484375,-4.043080043295026,-3.025966947054863,2.2162810879811645
1788862298087757800,27.1927578125,-5.174769366785884,-3.77792396299839,1.6993353355698286
1788862298097764600,27.2027646484375,-4.061956593200565,-4.338789667287469,1.7489181355148553
1788862298107770600,27.2127705078125,-2.4282494757086037,-3.9771073956936593,1.9443587284199892
1788862298117776600,27.222776611328126,-0.4755810379743576,-3.303940423348546,1.7972569267481564
1788862298127783700,27.23278369140625,0.9935843366146087,-2.852718750604987,1.3185698855824768
1788862298137789700,27.242789794921876,1.2743021431803703,-2.409136194437742,0.8009940916392951
1788862298147795700,27.252795654296875,1.4958710106849669,-1.9882184745430944,0.6485857810571789
1788862298157802800,27.262802734375,1.5290402898371218,-1.620785092076659,0.7911088766366243
1788862298167808800,27.272808837890626,0.7208055063545703,-1.2903197965234516,0.5704369579717516
1788862298177814800,27.282814697265625,0.5243827705442905,-1.0612573583930731,-0.23472218092512337
1788862298187821600,27.292821533203124,1.6715034719228743,-0.9861275908678769,-0.7022841996274888
1788862298197827800,27.302827880859375,3.0831758579641577,-0.6689958241403102,-0.8315130024131387
1788862298207834600,27.312834716796875,3.82757091422081,-0.03894493994414806,-1.136298424721509
1788862298217840600,27.322840576171874,3.514568210121989,0.6787187612533568,-1.5513237255766987
1788862298227846700,27.3328466796875,3.238219704681635,1.0958066937267779,-1.6387532949656247
1788862298237853700,27.342853759765624,3.537610647535324,1.229190205039084,-1.4596069803878664
1788862298247859700,27.352859619140624,3.274682180160284,1.580722838540375,-1.2615725715972483
1788862298257865700,27.36286572265625,1.5401035356432198,2.1118331637740133,-1.2459262357845902
1788862298267872800,27.372872802734374,0.41390462626218794,2.5367969441890716,-0.9091713385678827
1788862298277878800,27.382878662109373,0.7161842762947082,2.614853705076873,-0.09151132227722555
1788862298287884800,27.392884765625,1.1711328606069087,2.173107132165134,0.6809289846487343
1788862298297891600,27.4028916015625,1.189670387816429,1.2456807365909217,1.0689555116802454
1788862298307897900,27.41289794921875,0.7972855194449424,-0.017288988453149794,0.8362685263771563
1788862298317904000,27.42290380859375,1.098779572057724,-0.6529375465258955,0.519090436289832
1788862298327910700,27.43291064453125,1.8622732965379953,-0.4117722904086113,0.5641470640473067
1788862298337916700,27.442916748046876,2.4362884052574634,0.2900789246290922,0.8962151186220347
1788862298347923700,27.452923828125,2.9255928481578826,0.43375440511405466,0.8151192822992801
1788862298357929700,27.4629296875,2.2554981228649615,-0.15000556028932333,-0.07061126718744636
1788862298367935700,27.472935791015626,0.7626771474003792,-0.31751886634901166,-1.4653135214664041
1788862298377942800,27.48294287109375,-1.184627717474103,-0.10048442740365862,-2.3172589979901907
1788862298387948800,27.49294873046875,-2.8076386689066886,-0.19053528520688415,-2.2687034952662883
1788862298397954800,27.502954833984376,-2.6421488314986226,-0.7962434630461037,-1.693236141911894
1788862298407961600,27.512961669921875,-1.5010925447255372,-1.2260374400965868,-1.1218829458780586
1788862298417967900,27.5229677734375,-0.026178981873393056,-1.5346286113634704,-0.7503861133649945
1788862298427973600,27.5329736328125,1.7410463792264461,-1.6716186227351426,-0.5443035688057541
1788862298437980700,27.542980712890625,2.370427985858917,-0.45800344183817504,-0.35843159923478957
1788862298447987000,27.552987060546876,1.2977262733876704,0.5353196134917437,-0.40560441542863845
1788862298457992700,27.56299267578125,-0.2545171973824501,0.09849091549888253,-0.8892610617004334
1788862298467999700,27.572999755859374,0.3015162644445896,0.049378801805526014,-1.2014311874326318
1788862298478005800,27.583005859375,2.7544635435581206,1.557260276018828,-0.8702215032529086
1788862298488012800,27.5930126953125,4.589053298878669,2.4000332889191807,-0.08744973539412021
1788862298498018800,27.603018798828124,3.614464754635095,1.8687335785932837,0.39351474918425083
1788862298508025600,27.613025634765624,1.8579016573250293,1.3376454651914536,0.08119747006632387
1788862298518032600,27.62303271484375,3.0296956121891734,1.3934385179534554,-0.2627198661256581
1788862298528038400,27.633038330078126,5.077212078875303,1.6641409803308544,-0.4181643295332789
1788862298538044700,27.643044677734373,4.603302773505449,1.595321126604825,-0.7854206749323756
1788862298548051700,27.6530517578125,2.760589332962036,0.6927106078572571,-1.3517203139036893
1788862298558057500,27.663057373046875,2.464184127920866,-0.17088833545073867,-1.1826559059444814
1788862298568063500,27.6730634765625,3.612111469507217,-0.09873363821357488,-0.43348245630487797
1788862298578070500,27.683070556640626,3.5911189503610133,0.4793738543860614,-0.4712537493597716
1788862298588076500,27.69307666015625,2.154613736358285,1.053693060618639,-0.7003297045588492
1788862298598083600,27.70308349609375,1.7400538610577583,1.4094643546029924,-0.3339540144518018
1788862298608089600,27.713089599609376,3.1777737115472555,1.3728474192149935,0.25912527569979427
1788862298618095600,27.723095703125,4.192646335384249,1.0216608226723969,0.40441684961188584
1788862298628102700,27.7331025390625,3.258545868873596,0.7180293196395039,-0.08104132965654134
1788862298638108400,27.7431083984375,1.784500905549526,0.6611319588974118,-0.661132397288829
1788862298648114700,27.75311474609375,1.2813561533451079,0.9283274360671638,-1.3562439288079737
1788862298658121500,27.76312158203125,0.9720353526294231,1.527512641878426,-2.0468577105164525
1788862298668127500,27.77312744140625,-1.0154916325181722,2.140796807929873,-2.3308925326757133
1788862298678133500,27.783133544921874,-2.5412241129815576,2.224714862066507,-1.6528927333466708
1788862298688140500,27.793140625,-1.2334732891857623,1.6829238606035708,-0.4602950233740732
1788862298698146600,27.803146484375,0.4892167646169662,0.6506944437742233,0.599102349833399
1788862298708152600,27.813152587890624,0.18623451927304266,-0.6012596739977598,1.251859863617271
1788862298718159600,27.82315966796875,-0.8403378947079181,-1.8226704772070048,1.2039525956690311
1788862298728165600,27.83316552734375,-0.14835866986513138,-3.040053047813475,0.40740631375145164
1788862298738172400,27.84317236328125,0.6498118157207965,-3.693918230578303,-0.9773377698864787
1788862298748178400,27.853178466796876,1.147744970756769,-3.869984407058358,-1.5681111942484973
1788862298758184700,27.863184814453124,1.1835931137293576,-3.591999824848771,-0.9232064397916198
1788862298768191500,27.87319140625,0.6584305909842252,-2.738309696614742,-0.5484688717916607
1788862298778197500,27.883197509765626,0.507807483318448,-1.617131830266118,-1.0710695812247693
1788862298788203800,27.893203857421874,1.1003986976921558,-0.5277051929652691,-1.4037000919878482
1788862298798210600,27.90321044921875,2.1311375837028024,0.3184305743664503,-0.6295356281504034
1788862298808216600,27.913216552734376,2.731052857354283,1.0206909547269343,0.20403090925905853
1788862298818223600,27.9232236328125,2.7965122947365044,1.6697580895602702,0.2093268237100914
1788862298828229600,27.933229736328126,3.2494472011387345,2.057683640435338,-0.24354221438169477
1788862298838235600,27.943235595703126,3.803174724110961,2.2167396454036234,-0.6045114423353225
1788862298848242400,27.953242431640625,3.0999487135887143,2.1349983507841825,-0.5262012912083417
1788862298858248700,27.963248779296876,0.6556494358330964,1.3306179046422242,-0.0990362013567239
1788862298868254700,27.973254638671875,-1.6684364855676888,-0.27770810335576535,0.7420974468387663
1788862298878261500,27.983261474609375,-3.2162492804139853,-2.2631015836060047,1.9767419717609882
1788862298888267500,27.993267578125,-4.464521494802832,-4.155126459807157,3.2726813617318866
1788862298898273800,28.003273681640625,-5.614064454892278,-5.597414933386445,3.2201965567350386
1788862298908280600,28.013280517578124,-6.588634878957271,-5.960138822987675,1.9304905081957577
1788862298918286600,28.02328662109375,-7.56394121608138,-5.5272810744524,0.4788991130137816
1788862298928293600,28.033293701171875,-6.979147523716092,-4.850300096777081,-0.1442117793187499
1788862298938299600,28.043299560546874,-5.06302514809072,-4.363772717374563,0.09605397067554294
1788862298948305700,28.0533056640625,-4.039395217302442,-4.140614534851909,-0.062012877124920485
1788862298958312400,28.0633125,-3.643031508427858,-4.129687482646108,-0.4323161890044808
1788862298968318700,28.073318603515624,-2.8023797254651783,-4.143272940406203,-0.3514586914822459
1788862298978324700,28.08332470703125,-1.6226216598540544,-4.040359678420424,-0.04649871632456779
1788862298988331500,28.09333154296875,-1.5674737731277941,-2.802852603673935,-0.6696016080137341
1788862298998337500,28.103337646484373,-0.4620090242177248,-1.5809622002542019,-0.8507377081692218
1788862299008344600,28.113344482421876,0.7596294502675532,-0.6706576198726892,-0.44564416487216946
1788862299018350600,28.1233505859375,0.9247703281074762,-0.02840659479498863,0.07812810909096152
1788862299028356600,28.133356689453127,0.4577385072916746,0.4835708676844835,0.26044866979066283
1788862299038363600,28.14336376953125,0.5262982487767934,0.8238502857655287,0.5701506518436595
1788862299048369700,28.15336962890625,1.076844803625345,0.8733575362563133,1.0382104640003293
1788862299058375700,28.163375732421876,1.385537243309617,0.9314823929667472,1.1660451090138404
1788862299068382500,28.173382568359376,1.1008008487522603,1.2446499322384594,0.8053636850256473
1788862299078388700,28.183388671875,0.5450304217755794,1.7722224387347698,0.20096454395838081
1788862299088394800,28.193394775390626,0.881603386554122,2.143091056346893,0.27230551365986466
1788862299098401500,28.203401611328125,1.2344050170779228,2.0836434266000983,0.5903632361259311
1788862299108407600,28.213407470703125,0.22637656004726886,1.9535399598717689,0.10478325710874051
1788862299118414600,28.22341455078125,-0.8621370540618896,1.83182730486989,-0.8176737160224467
1788862299128420600,28.233420654296875,-0.959198667410016,1.4832769020497798,-0.9683404436342418
1788862299138426600,28.243426513671874,-1.2273872472703455,0.6826403186112642,-0.8438780515328049
1788862299148433700,28.25343359375,-1.8991309088140724,-0.08086977248191833,-0.8922368626408278
1788862299158439700,28.263439697265625,-2.715238033106923,-0.5129506914258003,-0.9516917989112437
1788862299168445700,28.27344580078125,-2.5088801787376402,-1.1717840179920196,-0.3613728403184563
1788862299178452500,28.283452392578123,-0.9483896886259316,-2.1656489251136777,1.6041227110892533
1788862299188458800,28.293458740234374,-0.763182758834958,-2.976870030930638,2.9701223102360963
1788862299198465500,28.303465576171874,-2.320555993708968,-3.00827346945405,2.6836080923512577
1788862299208471600,28.313471435546877,-2.106438611254096,-2.3194863186508416,2.2775869128152726
1788862299218477600,28.3234775390625,-0.502816835424304,-1.5532582007706164,2.161171925830096
1788862299228484600,28.333484619140624,0.3940729675889015,-0.6924813291460276,1.5201444511979818
1788862299238490600,28.34349072265625,0.6500456244766711,-0.12698679601252078,0.9245455794408917
1788862299248496600,28.35349658203125,0.747492437750101,-0.26472353409826754,1.0335221600536257
1788862299258503700,28.363503662109373,0.3042342912316322,-0.8889555028825997,1.4463149526163934
1788862299268509700,28.373509765625,-1.1517226422160862,-1.3586375459462403,1.42875299244076
1788862299278515500,28.383515380859375,-2.513183428889513,-1.6708944001138208,1.122805686746165
1788862299288522500,28.3935224609375,-3.0896096904039383,-2.065817262530327,0.9383835506573319
1788862299298528800,28.40352880859375,-2.522387310564518,-2.636393044450879,0.7181129062697291
1788862299308535600,28.41353564453125,-0.972826210746169,-2.94228971593678,0.5556202413836494
1788862299318541600,28.42354150390625,0.6389210038721561,-2.725853535145521,0.5573254013337194
1788862299328547800,28.4335478515625,1.2310469388216734,-2.1724124278992414,0.18207087852125986
1788862299338554600,28.4435546875,1.628568001037836,-1.4600024094462394,-0.5981656169725582
1788862299348560600,28.453560546875,2.7047283295303584,-0.844784352722764,-0.6402869584631175
1788862299358566400,28.46356640625,2.9131892936587334,-0.3233838128596544,-0.4217315204955637
1788862299368573700,28.47357373046875,1.8180057002663612,0.1700333260565996,-0.6518737166866659
1788862299378579700,28.483579833984376,0.4805868834376335,0.44023324573934075,-0.7521705856289714
1788862299388586500,28.49358642578125,0.13910393478572367,0.4612222577542066,-0.5039361948430537
1788862299398592800,28.5035927734375,0.7739496520429849,0.47731648346483707,-0.24485987285152075
1788862299408598800,28.513598876953125,1.8866145415902136,0.5915516421929001,-0.05741451648399234
1788862299418605600,28.52360546875,2.9136610028237104,0.6687310357242823,0.13925371851995585
1788862299428611600,28.533611572265624,3.20540464579463,0.5947150746598839,0.3637296325776726
1788862299438617600,28.54361767578125,3.5473552119582887,0.4827744566097855,0.30415611142888666
1788862299448624600,28.553624755859374,3.5635908919662236,0.6135691204726695,0.174059585897997
1788862299458630700,28.563630615234374,1.9501859732687472,1.0717416352674365,0.1408984169870615
1788862299468637700,28.5736376953125,0.7225134793162346,1.5676748486578465,0.2592833158057183
1788862299478643700,28.583643798828124,1.2551824321687222,1.5303984264478085,0.556590511187911
1788862299488649700,28.593649658203127,1.2679460521519184,1.143423892687261,0.39381154017373915
1788862299498656500,28.603656494140626,0.8570657421469688,0.7166074701428413,-0.1478315772511065
1788862299508662800,28.613662841796874,0.6328232715189457,0.513876281838119,-0.5878904893368482
1788862299518668500,28.62366845703125,0.2928536500394344,0.42918139811009165,-0.5880937568239867
1788862299528675600,28.633675537109376,-0.5068149651497602,0.09873772986680268,-0.36103593651428817
1788862299538681600,28.643681640625,-0.5832686747550964,-0.4439611802212894,-0.10978417066857218
1788862299548688600,28.653688720703126,0.3765098383694887,-0.9281154007516801,-0.025232348673045635
1788862299558694700,28.663694580078126,0.9457505722939967,-1.0879339145250617,-0.2918114475101232
1788862299568700700,28.67370068359375,0.6545978809535503,-0.6972938439942896,-0.7167027472108602
1788862299578707700,28.683707763671876,0.39641748488843437,-0.4902887777626514,-1.1335951571121812
1788862299588713700,28.693713623046875,1.4160370109915732,-0.5992452654354274,-1.1267695488758385
1788862299598719500,28.703719482421874,1.8766496124148369,-0.4940375358369201,-0.6498690988659859
1788862299608726500,28.7137265625,1.6048691455423831,0.0635602526973933,-0.19054332238286734
1788862299618732800,28.72373291015625,2.3640718948304653,0.7140892767768353,0.06727781191579997
1788862299628739600,28.733739501953124,3.3497441431462764,1.2322706353977322,-0.04769698619842529
1788862299638745600,28.74374560546875,3.4122043987125155,1.9460462431155143,-0.3141317081287503
1788862299648751600,28.753751708984375,2.6379917118191716,2.0405077569678425,-0.1394193574104458
1788862299658758700,28.763758544921874,1.6387258224368095,1.488579538502544,-0.1374609168190509
1788862299668764700,28.7737646484375,1.4679203429639338,0.8978602554805576,-0.4635491663318127
1788862299678770400,28.7837705078125,1.807327069863677,0.9563964694708585,-0.5935229422658681
1788862299688777700,28.79377783203125,2.057128929162025,1.3517343424290418,-0.2291946862079203
1788862299698783700,28.80378369140625,1.9624457353830336,1.064057364375144,0.4240042146679014
1788862299708789500,28.81378955078125,1.7686919265210628,0.29013883812278507,0.7307660516157746
1788862299718796500,28.823796630859373,1.0403928495407104,0.5460517276473343,-0.10642221995480358
1788862299728802600,28.833802490234376,0.5548761084854602,1.5596940790370106,-0.9650943013198673
1788862299738809600,28.8438095703125,0.9013976358264684,2.2528052305191753,-1.1427974313519895
1788862299748815600,28.853815673828127,2.6105413948357103,2.253766476766765,-0.8627216490168124
1788862299758821400,28.8638212890625,3.5324078181952236,1.4347076630614697,-0.6172330498076976
1788862299768828700,28.87382861328125,3.060168491864204,0.23173896386325357,-0.7049493271835148
1788862299778834700,28.883834716796876,3.608392741245031,-0.5836269866734742,-1.1407942748360336
1788862299788840400,28.89384033203125,4.424384130203723,-0.8668579451039433,-1.524672157755494
1788862299798847700,28.90384765625,3.7286364927381275,-0.7693360207676887,-1.458913006774336
1788862299808853500,28.913853515625,2.392571428605914,-0.2436564884111285,-1.426617733977735
1788862299818860500,28.923860595703125,2.3257260898232457,0.6274713890969753,-1.2431557481579483
1788862299828866600,28.933866455078125,3.5144390307843683,1.4674138547465205,-0.6608204087302089
1788862299838872600,28.94387255859375,4.197212035864592,2.1266186449736355,-0.11342196091534569
1788862299848879600,28.953879638671875,3.855613936400413,2.6276258006274698,0.34448293418549
1788862299858885600,28.9638857421875,3.64051046551764,2.845358743230998,0.5347975258463994
1788862299868891600,28.9738916015625,3.1124855390787123,2.9152888962864876,0.011315412202570587
1788862299878898700,28.983898681640625,1.8680612322896717,2.9556980635643004,-0.6589126754127442
1788862299888904400,28.993904541015624,0.7925619980543851,2.756323492211103,-0.7849383713081478
1788862299898911700,29.003911865234375,0.8841548246026039,1.9650871898025273,0.0118255354154855
1788862299908917800,29.013917724609374,1.6378192289859055,0.6374696360200643,1.2111820354659109
1788862299918923500,29.023923583984374,1.8334008377969264,-0.6136281571835279,1.846157297386974
1788862299928930600,29.0339306640625,1.0652069728016853,-1.5898925256848335,1.3738254704669117
1788862299938936800,29.043936767578124,0.19261048404574393,-2.3742694637179373,0.3456232998596504
1788862299948942600,29.053942626953123,-0.054098085412383076,-3.205190126261115,-0.41398094290141013
1788862299958949600,29.06394970703125,-0.9719085113793611,-4.0569203525990245,-0.7187060498572886
1788862299968955400,29.073955322265626,-3.6720138572841883,-4.511726898092031,-1.291559567451477
1788862299978962700,29.083962646484373,-5.691860226756334,-5.092170578554272,-1.615455421486497
1788862299988968700,29.09396875,-5.000608731666207,-6.253627848321199,-0.9938314432434737
1788862299998974500,29.103974365234375,-4.042954955610632,-6.764539142873883,0.03924107334651053
1788862300008981800,29.113981689453126,-4.04905736413896,-6.221738087585568,0.8633668881177902
1788862300018987800,29.12398779296875,-4.629329195165634,-4.896843821287155,0.6731015058934688
1788862300028993500,29.13399365234375,-3.7233383863300085,-3.3206232626020906,0.15462087206505237
1788862300039000600,29.14400048828125,-0.6860492502719163,-1.921873486497998,0.44583081001807
1788862300049006600,29.154006591796875,1.1127443845242262,-0.6152028591543436,0.9600647827200591
1788862300059013600,29.164013671875,0.28361820418238637,0.22724223696589468,1.1135331968143583
1788862300069019600,29.17401953125,0.11430208648443221,-0.14132570248842238,1.7340207183733582
1788862300079025400,29.184025390625,0.14931377863287926,-1.2126765848726033,2.348481380858272
1788862300089032700,29.19403271484375,-0.7977104668587446,-1.9395769009709356,2.6388924600511787
1788862300099038700,29.204038818359376,-2.8043022179603576,-2.382606499430537,2.5975343214854596
1788862300109045500,29.21404541015625,-4.184797375449538,-2.4988895305991172,2.0792790939107535
1788862300119051800,29.2240517578125,-3.186256877732277,-2.3495956257104873,2.026626677262038
1788862300129057500,29.2340576171875,-3.898369374543428,-1.7407938657701014,1.3823241264820099
1788862300139064600,29.244064697265625,-4.660802776315808,-1.4873708933651446,1.0734526769690216
1788862300149070600,29.254070556640624,-3.8480484695821997,-1.3413041338294744,1.5089092098258434
1788862300159076600,29.26407666015625,-2.8757389761865135,-1.051382445588708,1.76469218936041
1788862300169083600,29.274083740234374,-2.8475188438743353,-0.8130114963650703,1.4664296660147607
1788862300179089700,29.284089599609374,-3.0393846470326182,-0.6597270605355501,0.946079219726473
1788862300189096700,29.2940966796875,-2.4125240833103656,-0.5312281063944101,0.4868867507668212
1788862300199102700,29.304102783203124,-0.5416337650746107,-0.3083417265504598,0.38127639518417417
1788862300209108500,29.3141083984375,1.1476420949041843,-0.019188684594631192,0.3619617095896974
1788862300219115500,29.324115478515626,1.3589976114302873,0.5470926150023937,-0.32190975825171914
1788862300229121800,29.334121826171874,1.0615005194991827,1.0960217977821827,-0.9784658240683376
1788862300239127600,29.34412744140625,1.2355600323319433,1.0084954900205134,-1.0097026738531887
1788862300249134600,29.354134521484376,1.5457406647473573,0.30198855813145636,-0.7878311701402068
1788862300259140600,29.364140625,0.3562801202893257,-0.3328518984287977,-1.077445034540817
1788862300269147600,29.374147705078126,-1.1298469104945659,-1.1008259831935168,-1.2523305498689412
1788862300279153700,29.384153564453126,-1.986742556771636,-2.329246665164828,-0.5126644948955625
1788862300289159400,29.394159423828125,-2.492278003504872,-3.4658126547813413,0.38074448026455937
1788862300299166700,29.404166748046876,-2.5878444098591804,-3.8223131398230787,0.8174152112167328
1788862300309172700,29.4141728515625,-2.2485054874986408,-3.3346588022172448,1.107392648232728
1788862300319178500,29.424178466796874,-1.8259511063128708,-2.310114094671607,1.1973249942228197
1788862300329185500,29.434185546875,-0.9251058436721563,-1.3874106359660625,1.163201629216224
1788862300339191600,29.444191650390625,0.7757873888641595,-0.6222662216693162,1.3572609968960285
1788862300349198600,29.454198486328124,1.9659365001082418,0.055794952458143234,1.3587845532014966
1788862300359204600,29.46420458984375,2.090287686920166,0.43295185655951496,1.297351448725909
1788862300369210400,29.47421044921875,1.3731786969959736,0.36987200779020785,1.0808373073276132
1788862300379217700,29.4842177734375,0.36696459591090674,0.13639116869568824,0.6654596128381788
1788862300389223700,29.4942236328125,-0.4407856189250946,-0.10215747518241405,0.26578575650230046
1788862300399229400,29.5042294921875,-1.1813830364644526,-0.5225310051977634,0.13015044767521322
1788862300409236700,29.51423681640625,-1.4449883801877499,-1.2651000150710343,0.4040536057900637
1788862300419242500,29.524242431640626,-0.9242676392823457,-1.9782371787548063,0.9649648297213017
1788862300429249500,29.53424951171875,0.027733810099959372,-2.1778584183454512,0.9196658445753156
1788862300439255800,29.544255859375,1.3846394176870584,-2.0369488954424857,0.3724998720757663
1788862300449261600,29.554261474609376,2.550887428861856,-1.7802812420278786,-0.04448136688647791
1788862300459268600,29.5642685546875,3.063643474498391,-1.2903817558437585,-0.2634505367540754
1788862300469274600,29.574274658203127,2.728681452047825,-0.7449930221498012,-0.34717557080294936
1788862300479280600,29.58428076171875,1.4805577062189579,-0.252562848444283,-0.1801447875631973
1788862300489287700,29.59428759765625,0.5803624319195747,-0.23575755185484884,0.17625431946329773
1788862300499293400,29.60429345703125,0.3573883737921715,-0.3997302626982331,0.08168759167082608
1788862300509299700,29.6142998046875,0.1107692361831665,-0.24597850161790846,-0.5688816182885319
1788862300519305700,29.6243056640625,0.05888824229836464,0.4428980810344219,-1.0931506262600421
1788862300529311700,29.634311767578126,0.6351578519463539,1.3539815368339418,-0.8021827169019728
1788862300539318800,29.64431884765625,0.1487403626590967,2.117763430605829,-0.027822803557664155
1788862300549324800,29.65432470703125,-1.0014695369064808,2.554868315191567,0.6000765651604161
1788862300559330800,29.664330810546875,-1.9231401454329489,2.443357905252278,1.2190347947929054
1788862300569337900,29.674337890625,-1.2994091119080782,1.4282026650816202,1.9576532404094933
1788862300579344000,29.68434375,0.6928934170782566,-0.20246084693074226,2.2148002017736435
1788862300589350700,29.6943505859375,3.053148968490958,-1.641001950675249,1.5949354882881044
1788862300599356700,29.704356689453125,4.358526048892736,-2.3232816192805767,0.6034468087784945
1788862300609363000,29.714363037109376,3.740633220002055,-2.4485876225993035,0.008026654589176178
1788862300619369700,29.72436962890625,2.2143863602757454,-2.2590413484297693,-0.3035916094139218
1788862300629375700,29.734375732421874,0.748096833384037,-1.7534148624122141,-0.9660754213117062
1788862300639381800,29.7443818359375,0.5317442392230034,-1.0093839632928372,-1.4682161110401153
1788862300649388800,29.754388916015625,1.6849521515607833,-0.29056378553658724,-1.5460744267463684
1788862300659394800,29.764394775390624,2.2207284227788446,0.19290216046869754,-1.5045499917030334
1788862300669401600,29.774401611328123,1.9752830051243304,0.7609729738309979,-1.7629795402236281
1788862300679407900,29.784407958984374,2.6143454632937906,1.566844973704964,-1.813012568154186
1788862300689414000,29.794413818359374,3.695905020481348,2.181405589433014,-0.6639414633601903
1788862300699420700,29.804420654296877,3.4483506478488444,2.039105488954484,0.7369225284188985
1788862300709427000,29.814427001953124,1.5971826826930045,1.7943880933135747,0.8519174194730817
1788862300719432700,29.8244326171875,0.7056757417619228,1.632894924326241,0.9003896278277039
1788862300729439700,29.834439697265626,1.551586468166113,1.0815922904133797,0.8630211434200405
1788862300739445800,29.84444580078125,2.153626478886604,1.0959826348155737,-0.4300688484691083
1788862300749452800,29.854452880859377,1.0997487093508242,1.3853681703530252,-1.9170676936514675
1788862300759458800,29.864458740234376,0.18096680800318718,1.580441391250491,-1.2944415526285766
1788862300769464800,29.87446484375,0.7615162869274615,1.2734794286206363,0.014139365315809845
1788862300779472000,29.884471923828126,0.9447434410780667,0.398059406876564,-0.0763181005269289
1788862300789478000,29.894477783203126,-0.272855987149477,-0.9639119596675038,-0.5929517182491719
1788862300799484000,29.90448388671875,-0.9218786983191967,-2.2013537140928205,-0.34498007005266845
1788862300809490700,29.91449072265625,0.27868659299910065,-2.0381243689626456,-0.19381547592133283
1788862300819497000,29.9244970703125,2.003905873018503,-1.4259711066372691,-0.4818077304694801
1788862300829503700,29.934503662109375,2.4394904161691664,-1.162781942499429,-0.7203359891466796
1788862300839509800,29.944509765625,2.487626962828636,-0.6471390893802046,-0.954121071884781
1788862300849515800,29.954515869140625,3.9133635300576683,0.3775705994687974,-1.027400827629119
1788862300859522800,29.964522705078124,5.88588408473134,1.2762892253443598,-0.5982572042461485
1788862300869528800,29.97452880859375,5.675598827785254,1.8284477454341947,-0.19575718457363545
1788862300879534800,29.984534912109375,4.580688206115365,2.3256427954539656,-0.12772767750769853
1788862300889542000,29.9945419921875,4.960962365454435,2.8643612576037643,-0.08916271332446485
1788862300899548000,30.0045478515625,6.09202332791388,3.410995315183699,0.07101608512867241
1788862300909553700,30.0145537109375,5.956630522605776,3.7963384483501312,0.20332027677167205
1788862300919560700,30.024560791015624,3.7474750487208364,4.139731614537537,-0.1639513757944107
1788862300929567000,30.03456689453125,1.9141092822372912,4.333530723845959,-0.8325333584368229
1788862300939573800,30.04457373046875,1.9638690461844204,3.911122765393555,-0.9879314254194498
1788862300949579800,30.054579833984373,1.730421524837613,3.1050583116874098,-0.5813337611697614
1788862300959585800,30.064585693359376,0.10402736070752143,2.392313654452562,0.2564648243188858
1788862300969592800,30.0745927734375,-0.8246224391818046,1.394832602660358,1.5282557153306902
1788862300979598800,30.084598876953127,-0.5437736997127532,0.11254735177159308,2.1333434231840074
1788862300989604600,30.0946044921875,-0.5744862333625554,-0.9769196175396442,1.7648948723256588
1788862300999612000,30.10461181640625,-0.566557193928957,-2.1333178503513337,1.2016458530966192
1788862301009618000,30.114617919921876,-0.1390945824354887,-3.130662416282296,0.5281741987165063
1788862301019624700,30.124624755859376,0.11818623444139957,-3.2809453322082756,-0.4606017512356862
1788862301029630700,30.134630615234375,0.4342272833228111,-2.7363988945573565,-1.2424839863762258
1788862301039636700,30.14463671875,0.5325555556058883,-1.942383190563321,-1.5472671436622738
1788862301049643800,30.154643798828126,-0.6486842729955912,-0.992069255876541,-1.5707621471486986
1788862301059649800,30.16464990234375,-1.9554618678450584,-0.6961147172123193,-1.1476672293454409
1788862301069655600,30.174655517578124,-1.5389602108269929,-1.7746207320481537,-0.11370631254836916
1788862301079662800,30.184662841796875,-1.0671434938222168,-3.2367128072500226,0.4275891239499673
1788862301089668900,30.1946689453125,-1.6332693105965852,-4.448717776471376,0.24476996607836335
1788862301099675600,30.204675537109374,-2.0192583404511213,-5.6861354193687434,0.01766786823552102
1788862301109682000,30.214681884765625,-2.2241402770489453,-6.852142023003101,0.3224384583009407
1788862301119687700,30.224687744140624,-2.559818338814378,-7.2939938098549835,0.8769166900426149
1788862301129694700,30.23469482421875,-3.16607099879384,-6.178253166124224,1.144491375788301
1788862301139700700,30.24470068359375,-3.683198683643341,-4.232957887506485,0.539836214133352
1788862301149706800,30.254706787109374,-3.0338766972661015,-2.528663322094083,-0.10867792645972221
1788862301159713800,30.2647138671875,-2.251872333583236,-0.7237988429516553,-0.3206411265553906
1788862301169719800,30.2747197265625,-1.2523662057042122,0.7246931614428758,-0.009137538440525532
1788862301179726800,30.284726806640624,0.03651508244872093,1.9880419489324093,0.06982881157286465
1788862301189732900,30.29473291015625,1.1204553972929716,2.894539538246393,-0.45937107692956924
1788862301199738600,30.304738525390626,1.0437719705849886,3.15598156645596,-1.539931686207652
1788862301209745700,30.31474560546875,0.7860299659371376,2.573191615128517,-2.213505924179405
1788862301219752000,30.324751953125,0.28187077599316834,0.7136433596402406,-1.824303923627734
1788862301229757700,30.3347578125,-0.6385095004618168,-1.1311451336115599,-0.49065110826902086
1788862301239764700,30.3447646484375,-2.0128736078500746,-2.395624386435747,0.8298867163855582
1788862301249770800,30.354770751953126,-4.742135490134358,-3.2558255039989947,0.7370858292218297
1788862301259776800,30.36477685546875,-5.88017681300044,-3.3186803118407724,0.35257812396623195
1788862301269783800,30.37478369140625,-5.084278363999724,-2.433900048816204,0.049213016784563655
1788862301279789600,30.38478955078125,-4.233278790023923,-0.8262965098738669,-0.7085236785389483
1788862301289796900,30.394796875,-3.079973262530565,0.7310995213538408,-1.418236566862464
1788862301299803000,30.404802978515626,-0.8839934965610504,1.4672592487066984,-1.1033340935569256
1788862301309808600,30.41480859375,1.6351076319396496,1.0396896697074174,0.081657415728271
1788862301319816000,30.42481591796875,2.5325123987376688,0.837505301630497,0.7704060611519962
1788862301329822000,30.434822021484376,1.3079331946253776,1.1457435678064822,0.2477354282878339
1788862301339827700,30.44482763671875,0.7700228339880705,1.3559353012502193,-0.7991866038259118
1788862301349834800,30.454834716796874,0.7478273687928915,1.8011586103618145,-2.1520757423132655
1788862301359840800,30.4648408203125,1.3564163627654313,1.4710773456901312,-2.7915266152784226
1788862301369847800,30.474847900390625,2.142412426432967,-0.34170272888243197,-1.0554577322036027
1788862301379853800,30.484853759765624,-0.23685528396368025,-2.396014262536168,1.3420476456731556
1788862301389859600,30.494859619140627,-6.88476243610084,-4.591138288459182,1.26605015540272
1788862301399867000,30.504866943359374,-12.064569212532042,-7.315607091248035,-0.07557407722659408
1788862301409873000,30.514872802734374,-10.437987416875362,-9.552949379697441,-0.6327822819214314
1788862301419878700,30.524878662109376,-6.100073363378644,-10.055074141204356,-0.17300474308282135
1788862301429886000,30.534885986328124,-3.350393546965718,-7.81901896995604,0.0028407033186405896
1788862301439891700,30.5448916015625,-1.6945400641173123,-3.891832666251063,-0.39283465796560046
1788862301449898800,30.554898681640626,0.9403174413293599,-0.619342443177104,0.23323804331459103
1788862301459904800,30.56490478515625,3.104695615854859,1.3278776660233735,0.9208551274251192
1788862301469910800,30.574910888671877,3.3297026411145922,1.5850322261720895,1.6509788625493644
1788862301479917800,30.584917724609376,1.9911685565203427,0.5723351928085089,2.6122777171090243
1788862301489923800,30.594923828125,0.160291684243083,-0.37681203618645664,3.0126725811958313
1788862301499929600,30.6049296875,-0.9790408474773168,-0.6170628078073263,2.3118057010203596
1788862301509937400,30.6149375,-0.005708440774679184,-0.18650223029851912,0.29608284121900796
1788862301519943400,30.624943359375,2.7491595919311047,0.5600274998992681,-1.2462410008221865
1788862301529949400,30.634949462890624,4.821064065420627,1.147633327075839,-1.6412036107271908
1788862301539956200,30.644956298828124,5.093550050213933,1.400002406513691,-1.5666387836083768
1788862301549962200,30.654962158203126,3.1567759317040442,1.6138807195156812,-1.7408274757787585
1788862301559969500,30.664969482421874,0.7501379838228225,1.7830910387516021,-2.1686527831047773
1788862301569975300,30.674975341796873,0.5269488216400147,1.3291238666921854,-1.6588421432703733
1788862301579981300,30.684981201171876,0.48595571699440476,0.7520055312603712,-0.574939055163972
1788862301589988400,30.69498828125,0.30316987687051294,0.24951369000673293,0.07212422903366386
1788862301599994400,30.704994384765627,0.760443104737997,0.06693214028328656,0.4399423730339855
1788862301610000400,30.71500048828125,0.8841635924309491,0.49260669931620354,0.28856567052192983
1788862301620007200,30.725007080078125,0.5782160675406456,1.6212132543608546,-0.44237990237921476
1788862301630013400,30.735013427734376,0.8263339192748069,2.4676538498580456,-0.23400858929567037
1788862301640020500,30.7450205078125,1.6764420973688363,2.3269164686515924,1.3558765568003057
1788862301650026200,30.755026123046875,2.099683876296878,1.5832283916205168,2.6113319606915115
1788862301660032300,30.7650322265625,1.2577087357759476,-0.3346373205408454,2.051264859434217
1788862301670039300,30.775039306640625,-0.09657470661401749,-1.4997729865595697,-0.33740769856963304
1788862301680045300,30.78504541015625,0.2068938609421253,-0.17298633064329624,-1.964101393635571
1788862301690051300,30.79505126953125,0.18624737875461578,1.662844949170947,-1.5385164125822484
1788862301700058400,30.805058349609375,-1.4524047939240932,2.9111262236490845,-0.19347309222444892
1788862301710064400,30.815064453125,-4.099536090010404,1.6694398173913358,0.9228058961667119
1788862301720070400,30.8250703125,-3.317604791563749,-1.97726044267714,0.5034777835510671
1788862301730077400,30.835077392578125,0.45110067671239373,-4.162276916083694,-0.4099230823453516
1788862301740083500,30.84508349609375,3.803368200856447,-4.968019882750511,-0.7307670014638453
1788862301750090200,30.85509033203125,4.184428542137145,-5.644087252712249,-1.0785247926015407
1788862301760096300,30.86509619140625,1.2297767727553843,-4.582636709834635,-1.799198562335223
1788862301770102500,30.8751025390625,-0.17574235135316849,-2.244080218402296,-1.735242661383748
1788862301780109300,30.885109375,0.06474690519869328,-0.07135068737789989,-1.3334544432424007
1788862301790115300,30.895115234375,0.7509732656031847,1.7110500310219823,-1.8591193625517188
1788862301800121300,30.905121337890623,2.913796027380228,2.758088748317957,-2.3571076087757943
1788862301810128400,30.91512841796875,4.551376186913251,3.670156246718764,-2.368081714993715
1788862301820134400,30.925134521484374,3.3598692313194274,4.585924937725067,-1.9293363697245716
1788862301830140400,30.935140380859377,0.6317588571578264,4.9622529897868635,-0.7901006494421512
1788862301840147500,30.9451474609375,-0.7893360217452049,4.676989356485009,1.0650839309439062
1788862301850153500,30.955153564453123,-0.16157120265960692,2.6666481897220016,2.1303376654967665
1788862301860160300,30.96516015625,2.26186005911231,-1.0065132301621138,2.1678762457743286
1788862301870166300,30.975166259765626,3.414544239836931,-2.2917435945920643,2.1728945123277605
1788862301880172500,30.985172607421877,4.3260242937386035,-1.271450114750117,1.7988704994246363
1788862301890179300,30.995179443359376,5.229754171904921,-1.0624204108230768,0.6448509784430265
1788862301900185300,31.005185302734375,3.9218338367611167,-0.533406619477272,-1.4966981091588736
1788862301910191400,31.01519140625,3.0354999145537613,0.49244770936220883,-3.0317455304563046
1788862301920198400,31.025198486328126,4.079228630518913,0.9567081657685339,-2.956657263985276
1788862301930204400,31.035204345703125,4.797665069654584,1.0303082395084202,-2.2649232460752127
1788862301940210400,31.04521044921875,4.2838942940175535,1.2929339245446025,-1.7094564782202242
1788862301950217500,31.055217529296876,2.794918303543329,1.9786272009856998,-1.3718752131819725
1788862301960223500,31.065223388671875,2.0675638139367103,3.02098302116245,-0.7018560373432934
1788862301970230300,31.075230224609374,3.040857057672739,3.23895561774075,0.7282415746394545
1788862301980236300,31.085236328125,4.2306320749074215,2.758042278827727,2.0776440400548277
1788862301990242600,31.09524267578125,4.2524967007130385,2.255277465851605,2.542569390110671
1788862302000249300,31.105249267578124,3.7844893128633497,1.924374947924912,2.116280206310749
1788862302010255400,31.11525537109375,3.268115661251545,1.8265747911691665,0.9672831896662711
1788862302020261400,31.125261474609374,2.355274840390682,1.9949206025302408,-0.44724330716449767
1788862302030268400,31.135268310546873,1.0098176785349846,2.163955565199256,-1.4546362062379716
1788862302040274400,31.1452744140625,-1.0616402202308177,2.023063285692036,-1.8093366561204194
1788862302050280400,31.155280517578124,-3.21077523291707,1.4218375139638781,-1.2679825847700237
1788862302060287500,31.16528759765625,-3.665367258876562,-0.2734235579043627,0.5418506226956844
1788862302070293500,31.17529345703125,-3.131613433396816,-2.772368910343945,2.074365602906048
1788862302080299300,31.18529931640625,-3.250907336819172,-4.5349195576310155,1.9221940967544913
1788862302090306300,31.195306396484376,-2.661175019007921,-5.270825602483749,1.1587843242306262
1788862302100312600,31.2053125,-0.48308980616927144,-5.5579854247957465,0.47240003331806507
1788862302110319400,31.2153193359375,0.2981903348922729,-5.206085711547732,-0.5461152944028377
1788862302120325400,31.225325439453126,-1.1204144807606935,-4.113637680599093,-1.7269829286910592
1788862302130331400,31.235331298828125,-1.2432897498011588,-2.94260652680099,-2.351956801883876
1788862302140338400,31.24533837890625,0.18732348355352876,-1.8563292934417723,-2.1010627634346486
1788862302150344400,31.255344482421876,1.6264239747464655,-0.9152467129588127,-1.0707037435870617
1788862302160350200,31.26535009765625,1.6530454396903513,0.046290626531839366,-0.4898559758359566
1788862302170357500,31.275357421875,1.4575181914150714,0.954386883214116,-0.47247408493496473
1788862302180363500,31.285363525390625,2.1390561017423866,1.6630226438254117,-0.37324429723490027
1788862302190369300,31.295369384765625,3.1694553805351258,2.2604461006611585,-0.061502644314151256
1788862302200376300,31.305376220703124,3.5071734236955643,2.901824434557557,0.37718941813148554
1788862302210382300,31.31538232421875,3.00066416349411,3.455024718785286,0.7465783916451036
1788862302220389400,31.325389404296875,2.9215403578966854,3.4852445004820822,1.2310767494380472
1788862302230395400,31.3353955078125,2.9451491970211268,2.7104022835135457,1.7353236176654696
1788862302240401400,31.3454013671875,1.4565619136035441,1.6386609405070542,1.738271361555159
1788862302250408400,31.355408447265624,-0.45974575546085833,0.3848088801592588,1.8124502580963073
1788862302260414500,31.36541455078125,-1.8647925858825445,-1.2370412108004092,2.1136235543221233
1788862302270420200,31.375420166015626,-3.3591286420851945,-2.777622885349393,1.8590163405686615
1788862302280427500,31.385427490234374,-5.275354478085041,-3.5648254021972416,0.6415189114108681
1788862302290433300,31.395433349609377,-6.319821445196867,-3.862569162365794,-0.6114856652621179
1788862302300439300,31.405439208984376,-5.416297318735719,-4.238666328281164,-1.0027253091212363
1788862302310446600,31.415446533203124,-4.065550233778358,-4.467772605553269,-1.1098895065497607
1788862302320452400,31.425452392578126,-3.795573016935587,-4.3928333921641105,-1.5463669799521564
1788862302330458400,31.435458251953126,-4.156918019399047,-4.328091163140535,-2.033569628267735
1788862302340465400,31.44546533203125,-4.083264754167199,-4.5449464461266995,-2.0069658451110124
1788862302350471400,31.455471435546876,-3.318494433879852,-5.091731602615118,-0.6161357560902834
1788862302360478500,31.465478515625,-3.8793274049431083,-5.062552269881963,0.745085814999789
1788862302370484500,31.475484375,-4.42722666015327,-4.60300291377604,1.6602756832048295
1788862302380490200,31.485490234375,-3.067306673181057,-4.314367758214473,2.6689947528481484
1788862302390497500,31.49549755859375,-2.169982570403814,-3.4157243895322082,2.3700628058083355
1788862302400503300,31.50550341796875,-1.751205369669199,-2.132902255287766,1.4340332709312438
1788862302410509300,31.51550927734375,-0.34422026466131206,-1.3170505670607089,1.1314020309820771
1788862302420516600,31.5255166015625,1.4431371993631124,-0.7981675629764795,1.1650992795310915
1788862302430522400,31.5355224609375,3.1907576962828634,-0.23804537053108213,1.350280198097974
1788862302440528400,31.5455283203125,3.58015916492939,0.350986690056324,0.983308587924391
1788862302450535400,31.555535400390625,2.8704765256136655,0.8259545645684003,0.11080914806844666
1788862302460541400,31.56554150390625,2.8392595495730637,0.9140671477854251,0.007025505589460954
1788862302470547500,31.57554736328125,3.1300439921230074,0.6687701986908913,0.6366825772956013
1788862302480554200,31.58555419921875,2.6513796011805533,0.5073363586753606,0.9374552568312734
1788862302490560300,31.595560302734373,1.4476543845266103,0.8385223697185515,0.3845672534231096
1788862302500567600,31.605567626953125,0.468735702124238,1.099107488837838,-0.33651527977455403
1788862302510572800,31.61557275390625,0.3058084086805582,1.2828040140658616,-0.36969270570054646
1788862302520578800,31.625578857421875,1.0944149471074343,1.4697183322966099,0.14003308712830767
1788862302530586000,31.635586181640626,0.9901713133007287,1.6536311306238174,0.22633136919867247
1788862302540591900,31.645591796875,0.08276011627316475,1.548001595416665,0.3221075093135238
1788862302550598000,31.655597900390624,-0.7757207533687352,0.8136907108008861,0.9127816380195319
1788862302560605000,31.66560498046875,-2.1737135736256836,-0.08919161062538623,1.396801856906712
1788862302570611000,31.67561083984375,-3.4824300275832414,-0.7011065341502427,1.4644579275503753
1788862302580617000,31.685616943359374,-3.3468431610077616,-1.4892571455031633,1.9011555465094745
1788862302590623700,31.695623779296874,-3.0810633958548306,-2.24018891005218,2.568838388355076
1788862302600630000,31.705630126953125,-3.808724759453535,-2.3538491915017365,2.6704548885285853
1788862302610636000,31.715635986328124,-4.174679301539063,-1.9970786573469637,2.7720725577458736
1788862302620642800,31.725642822265623,-3.7285844702899453,-1.745746519741416,3.353991279196739
1788862302630649000,31.735649169921874,-3.6045354812949895,-1.8684809190064668,3.661174775622785
1788862302640656000,31.74565576171875,-3.4528041201263666,-2.269419096189737,3.7711142829835413
1788862302650662000,31.755661865234377,-2.5337679517567158,-2.590937115177512,3.7079941022038456
1788862302660668000,31.76566796875,-0.7316600778460502,-2.6392174542218445,2.9475203100666403
1788862302670675000,31.775675048828123,1.5127835670411587,-2.4884996540099382,1.7083610841989516
1788862302680681000,31.785680908203126,3.1453298240602017,-2.102661430802941,0.6097236970908939
1788862302690687000,31.79568701171875,4.004259021991491,-1.5085761784791945,-0.1780113557310775
1788862302700694000,31.805694091796877,4.514671719372272,-0.9448395949289202,-0.38899193799756465
1788862302710700000,31.815699951171876,4.681172779649496,-0.6474301812812686,-0.12116072020754218
1788862302720706000,31.8257060546875,4.000483595106005,-0.3477551607891917,0.041853666997700927
1788862302730712800,31.835712890625,2.68406022003293,0.030160160464048385,-0.14345336216688157
1788862302740719000,31.845718994140626,1.9576210917055605,-0.013987608820199966,-0.19722411532104014
1788862302750725000,31.85572509765625,2.0433663612693547,-0.4819502807453274,-0.11501987936496734
1788862302760732000,31.86573193359375,2.4928163481652734,-0.8101876711159944,-0.39311055229753256
1788862302770738000,31.875738037109375,3.080204733198881,-0.34904169346839187,-0.8437719608098267
1788862302780744200,31.885744140625,3.792338857319951,0.8600453424796461,-0.633698154657334
1788862302790751000,31.8957509765625,3.6876439726144072,2.276185521584749,0.30691271666064857
1788862302800757000,31.905757080078125,1.7829484154105186,3.099636286638677,1.1442585899457334
1788862302810764000,31.915763916015624,-1.4725485872864723,2.7448978428333994,1.5644737145289778
1788862302820770000,31.92577001953125,-3.0988404600858686,1.5934858740016817,1.8710446320146321
1788862302830776000,31.935776123046875,-2.592670222580433,0.593668780477345,2.0956376696459946
1788862302840782800,31.945782958984374,-1.9280290865182876,-0.32857246754392977,2.046915724314004
1788862302850789000,31.9557890625,-1.67718151755929,-1.702614357240498,2.0212780097104606
1788862302860795100,31.965795166015624,-0.3278431303560734,-3.65989701077193,2.027544084367901
1788862302870802000,31.975802001953124,0.27220366072058677,-4.201262188038229,1.1836145949088037
1788862302880808000,31.985807861328126,-1.0567653076708317,-3.141488638462126,0.013814590340852737
1788862302890814000,31.99581396484375,-1.3263742757230996,-1.938922382584959,-1.0019824548646807
1788862302900821000,32.00582104492187,1.414730020046234,-1.1937705166116357,-1.0127483251594007
1788862302910827000,32.01582690429687,3.0028397539675233,-0.8108937735587358,-0.9893575126998126
1788862302920832800,32.02583276367187,2.165055635395646,-0.09345423650592564,-1.64606361797899
1788862302930840000,32.03584008789063,1.3577812213778495,-0.10194887393303215,-1.2265095876529812
1788862302940846000,32.04584619140625,2.62958394895792,-0.8432320817794651,0.056133244501799344
1788862302950851800,32.055851806640625,4.705207735231518,-1.0415978414162992,0.6019951486654579
1788862302960859100,32.06585913085937,3.815172035896778,-0.4893901484224945,0.15081599988937378
1788862302970865000,32.07586499023437,2.5434312676370143,0.3342784241005778,0.17633607946261762
1788862302980872000,32.085871826171875,3.8218309092640874,1.6715904195539653,0.4853760174103081
1788862302990878000,32.0958779296875,4.855447396537661,1.945947312785685,0.23946897359341382
1788862303000884000,32.105884033203125,3.3691151985704897,1.5650813250333069,-0.07497223887592554
1788862303010891000,32.11589111328125,1.721936020565033,1.6475079715684056,-0.36758462750539184
1788862303020897000,32.12589697265625,2.4607085607647896,1.8631855890773235,-0.35445860395058987
1788862303030902800,32.13590283203125,4.05331092993021,1.8304678530849516,0.22587693996205924
1788862303040910000,32.14591015625,4.333405051639676,1.5962573845416306,0.9389781555496156
1788862303050915800,32.15591577148437,3.6998131338357925,1.3251039635263382,1.189457183457166
1788862303060921900,32.165921875,3.5507483615279196,0.9419555639252066,0.8477326080691069
1788862303070929200,32.17592919921875,3.31400355220139,0.8045289147019385,-0.15491284074895084
1788862303080935000,32.18593481445313,2.4354022700726983,1.3662057892434298,-1.2157940593060106
1788862303090941000,32.19594091796875,1.6371756703853606,2.1499968902125954,-1.2566639028981328
1788862303100948000,32.205947998046874,1.320502753341198,2.719344299381971,-0.5946080340888351
1788862303110954000,32.2159541015625,0.9261036225378513,2.8186142364293336,0.2522857850685716
1788862303120960000,32.2259599609375,1.7506868987530468,2.2448580709069965,1.0071756395936011
1788862303130966800,32.235966796875,2.547342888122797,1.2717170951232313,1.3278097153536974
1788862303140973000,32.24597314453125,1.5751789406776426,0.3727826345399022,0.786356567543
1788862303150979000,32.25597900390625,0.27949440225064753,-0.33797669409662484,0.18542073693843558
1788862303160985900,32.26598583984375,0.05562894824147224,-0.981284242489934,0.276010834451206
1788862303170991900,32.27599194335937,0.02225099477469921,-1.32296066788733,0.38841852202378213
1788862303180998100,32.285998046875,-0.042969373154640195,-1.3560858156368136,0.4402774136746302
1788862303191005000,32.2960048828125,1.1833832703709601,-1.4686653161123393,0.8727866775657981
1788862303201011000,32.306010986328126,2.1785288649529218,-1.8266162922233342,1.2489195723816753
1788862303211018000,32.31601806640625,1.1327636747241019,-2.1290373965531586,0.8358899753883481
1788862303221024000,32.32602392578125,-0.724599637940526,-2.121615137597918,-0.3817066398276016
1788862303231030000,32.33603002929687,-0.9246446559011936,-1.9286492642432451,-1.3663300001449883
1788862303241036800,32.346036865234375,0.05520458534955978,-1.682567302250862,-1.307422468624264
1788862303251043000,32.35604296875,0.8750374521672725,-1.2935972107589244,-0.35972266195863484
1788862303261049000,32.366049072265625,0.9178548496305942,-0.9201105196028947,0.5256260486036539
1788862303271056000,32.37605590820313,0.5934644900768995,-0.8277116373687982,0.7784590922914445
1788862303281062000,32.38606176757813,0.4184855243116617,-1.2210504454642535,0.7565001392658799
1788862303291068200,32.39606811523438,0.11363865413963795,-1.8195640356242655,0.6499638644773512
1788862303301075000,32.406074951171874,-0.7041957323372363,-2.305786879122257,0.418755609957315
1788862303311081000,32.4160810546875,-0.8657271875083447,-2.830508087840676,0.36673970111384985
1788862303321087000,32.4260869140625,-0.5226391417473555,-3.4590871459186077,0.5498844011453912
1788862303331094000,32.43609399414063,-1.3631319347560404,-3.602622925671935,0.4533418797679245
1788862303341100000,32.44610009765625,-2.948665680709481,-3.0811504896163937,0.27145748199578373
1788862303351106000,32.45610595703125,-3.8892525866299867,-2.561643800675869,0.41717762005086984
1788862303361113000,32.46611303710937,-3.222676098591089,-2.6365596331894396,0.9450412549808621
1788862303371119000,32.476119140625,-2.4024814127236604,-2.6564655261427164,0.852175339756906
1788862303381124900,32.48612475585937,-2.596010180658102,-2.066592338556051,0.03899294380433857
1788862303391132000,32.4961318359375,-3.083035572710633,-1.1530933460474013,-0.8997611206658184
1788862303401138200,32.50613818359375,-2.1608429861366747,-0.8244166874766349,-0.911908654577285
1788862303411144000,32.51614404296875,-0.7714332853078841,-1.172596503418684,0.5750212535547092
1788862303421151000,32.52615087890625,-2.0084780032396314,-1.4531576581180095,1.1195650243245066
1788862303431157000,32.53615698242187,-3.6197535086929795,-1.5087819301843641,0.12246701703313738
1788862303441163000,32.5461630859375,-2.611747263494134,-1.6621306634217499,-0.29501762314029034
1788862303451170000,32.556170166015626,-0.9303332229316233,-2.1317156758517024,0.4269720880301669
1788862303461175800,32.56617578125,-1.0680571015357971,-1.9754396569907664,0.5008505768526346
1788862303471183000,32.57618310546875,-1.638622362062335,-1.177502980160713,-0.13008019545059651
1788862303481189000,32.58618920898437,-1.267152271425724,-0.49566345653831956,-0.3998067254679277
1788862303491195000,32.59619482421875,-0.43202422032058235,-0.39045769970119,-0.2444084392895922
1788862303501202000,32.606201904296874,-0.4696855501949787,-0.6367541812270879,-0.38100356959216297
1788862303511207700,32.61620776367187,-1.6496733329087494,-0.6940858417332172,-1.147033388421312
1788862303521213400,32.62621337890625,-1.2110375854939222,-1.2992887003988027,-0.6720712860628962
1788862303531220500,32.636220458984376,0.3323246596843004,-2.247175115677714,0.7193760580733418
1788862303541226500,32.6462265625,1.2107371412426233,-3.025031127509475,1.7315629499576985
1788862303551232500,32.656232421875,0.7764496521651745,-3.0962574578553435,1.5592057109981774
1788862303561239600,32.66623950195312,-1.8230922097504139,-2.0738672979950903,-0.5814010542523116
1788862303571245300,32.67624536132813,-3.5067636738508936,-1.249208618456125,-2.732210210695863
1788862303581251300,32.68625122070313,-2.0193004260271787,-1.7121476170003413,-2.6422625210061668
1788862303591258600,32.696258544921875,-1.0502402898162604,-2.815354942372441,-1.2358119612663983
1788862303601264400,32.706264404296874,-2.7543343642205,-3.95388667910397,0.4076288339283317
1788862303611270400,32.7162705078125,-4.481340527656674,-5.2288727128952734,1.895638390523195
1788862303621277700,32.72627758789063,-5.3263697950512165,-5.5875289146661755,2.2824901746869086
1788862303631283500,32.73628344726563,-4.3882349584579465,-4.354916041702031,1.3638669710323215
1788862303641289500,32.74628955078125,-1.5412924531668424,-2.278364034667611,0.3070562167845666
1788862303651296300,32.75629614257812,1.6736071662038563,-0.39420682310163974,-0.5965371755205094
1788862303661302500,32.766302490234374,3.723100485920906,0.9157172530800104,-1.4411786126412451
1788862303671308500,32.77630859375,4.842512511640787,1.8451450516045091,-1.7090385450690984
1788862303681315300,32.7863154296875,4.573341935005784,2.3978981765866276,-1.2652154581442474
1788862303691321300,32.7963212890625,3.6531086658060548,2.3966654199212787,-0.35064708283841606
1788862303701327600,32.80632763671875,2.691324658077955,2.059886118915677,0.012220672212913631
1788862303711334400,32.81633447265625,1.9294582425385713,1.6511486661583183,-0.4520441681075841
1788862303721340400,32.82634033203125,2.1246178265452382,0.971681132364273,-1.1035472979161887
1788862303731347500,32.836347412109376,2.9663042132526636,0.31537352488338943,-1.3495289413392544
1788862303741353500,32.846353515625,3.706843178603053,0.15417758527696132,-0.9789541921071707
1788862303751359500,32.856359375,3.2029233503729104,0.3231169786170125,-0.5412053105294704
1788862303761366300,32.8663662109375,1.7492963211774826,0.14504209266304968,-0.37592582793645557
1788862303771372500,32.87637255859375,0.7360287944495677,-0.29121815779209137,-0.3455929412540048
1788862303781378600,32.88637866210937,0.06820318313241004,-0.41446518275439737,-0.2067290257692337
1788862303791385300,32.89638525390625,-0.9789841488540172,0.18017419632077217,-0.028998788534477352
1788862303801391400,32.906391357421874,-2.3417361443817613,1.1251634288534522,0.7956010004241019
1788862303811397600,32.916397705078126,-2.9357997693955897,1.2623097998306154,2.4065498312063514
1788862303821404400,32.926404296875,-3.0607904231548306,0.3193848063513636,2.4349204779051243
1788862303831410400,32.93641040039063,-3.1272873868912456,-0.7535872474938631,0.212456573103182
1788862303841416400,32.94641650390625,-4.280347415190935,-0.4712722348645329,-1.9006357604190707
1788862303851423500,32.956423583984375,-5.997186404877901,0.6995563820987939,-1.6564336208239197
1788862303861429500,32.966429443359374,-6.371687241512537,1.0340130853757261,0.9205502992596477
1788862303871435500,32.976435546875,-4.549934755933284,-1.4101423999950289,2.7192665579706428
1788862303881442600,32.98644262695313,-0.6894751330673694,-6.445979973691702,1.403639009450376
1788862303891448600,32.99644848632813,1.36977210342288,-9.185197432801127,-1.2403406907372176
1788862303901454300,33.006454345703126,-0.15168927559256554,-8.389592413789034,-2.7365783427774906
1788862303911461600,33.016461669921874,-0.9129273301005363,-6.386804146623611,-1.8707558782011269
1788862303921467600,33.02646752929687,0.3916577231407165,-4.665747831502556,-0.4589268768260255
1788862303931473400,33.03647338867187,0.9203028273046017,-2.846631247384846,-0.6771376295417547
1788862303941480400,33.04648046875,1.763874297106266,-1.2576536445878446,-1.2106139532543718
1788862303951486500,33.05648657226563,4.092228397345543,-0.36947920908033843,-1.1824598719157278
1788862303961492500,33.066492431640626,6.27915859541893,0.20260683127269147,-1.3504641763627527
1788862303971499500,33.07649951171875,7.468564779341221,0.8634303087428211,-1.9734850157916544
1788862303981505300,33.08650537109375,6.95488752720654,1.9848365770198404,-2.262747217210382
1788862303991511600,33.09651147460937,6.361355232590436,3.297140095683932,-1.7341491670586169
1788862304001518600,33.1065185546875,6.845072815269232,3.6955440782144664,-1.1150591642726213
1788862304011524400,33.1165244140625,5.507067138463259,3.0761843916416165,-1.4896110735073684
1788862304021530400,33.1265302734375,3.237628168529272,2.184365900543332,-2.3063547421380877
1788862304031537400,33.13653735351563,3.1014158635318276,1.7950357435673474,-2.607419755683839
1788862304041543400,33.14654345703125,3.8528397955119607,2.6903257101684805,-2.4916388288185
1788862304051549400,33.15654956054688,4.848044426804781,3.0604610450699923,-2.0077786227986216
1788862304061556500,33.166556396484374,4.270497052305936,2.154821387759596,-1.2921094564191997
1788862304071562500,33.1765625,3.512746255391836,0.6807169493332504,-0.22603439554609356
1788862304081568500,33.186568603515624,2.6372131286621094,-0.11901231000199913,-0.2243980995811522
1788862304091575300,33.1965751953125,2.537669050848484,-0.2315587849907577,-1.6606360409498213
1788862304101581600,33.20658154296875,2.1618612232685086,-0.227943809363991,-2.604223297730088
1788862304111587600,33.21658764648438,1.5912766735196113,-0.25850831284523007,-2.2474854968011377
1788862304121594400,33.22659448242187,0.976677625477314,-0.519014521509409,-0.8559843766510487
1788862304131600400,33.23660034179687,0.23875147297382354,-0.5234697473526001,0.37295923321582375
1788862304141606700,33.246606689453124,0.23952771804332731,-0.25248013859689233,0.8675008461173623
1788862304151613400,33.25661352539063,0.19066461067497728,0.2345145660564303,1.3927449827313423
1788862304161619500,33.266619384765626,0.9084475543379783,0.87732673214823,1.8284354704745114
1788862304171625500,33.27662548828125,1.233846798673272,1.5152720228560268,1.7782707789883017
1788862304181632500,33.28663256835937,0.9489397237241267,2.0388819093316792,1.4365291794002055
1788862304191638500,33.29663842773437,1.4810393522560596,2.1515775835327804,1.1288922401182353
1788862304201644500,33.30664453125,3.18498262001276,1.829695845799148,0.7845140084162354
1788862304211651600,33.316651611328126,3.246068664616346,1.683718225851655,-0.12945486662648617
1788862304221657600,33.32665771484375,1.34821259804368,2.1140340348191557,-1.6088070695132015
1788862304231664400,33.33666430664063,0.3308276991248131,2.1546184125334022,-2.270278635628521
1788862304241670400,33.34667041015625,1.330068454065919,0.9147676972702145,-1.525580504772067
1788862304251676700,33.3566767578125,1.901345662254095,-0.2475564184591174,-0.7161075577966869
1788862304261682400,33.36668237304688,1.8404162695169448,-0.5436962505623698,-0.3402737920578569
1788862304271689500,33.376689453125,2.4411878677368164,-0.4568602631524205,0.09510774846714921
1788862304281695500,33.386695556640625,3.292501914489269,-0.24735505066812036,0.22457025954397394
1788862304291702500,33.39670263671875,3.2040941477179525,0.24770956319421528,-0.3913469036258757
1788862304301708500,33.40670849609375,2.8133494477689265,0.6786266990557313,-1.119508691027388
1788862304311714300,33.41671435546875,2.8520646706104276,1.0825868544086814,-1.6117003067366777
1788862304321721600,33.4267216796875,3.5155057832330465,1.4319950431019066,-1.6252831341482699
1788862304331727600,33.4367275390625,4.064856406295299,1.646759199027717,-1.4662629311457276
1788862304341733400,33.4467333984375,3.8365848262816664,2.0046862097412346,-1.5041069241106508
1788862304351740400,33.45674047851563,2.760139251106977,2.247921550130844,-1.5060621498316527
1788862304361746400,33.466746337890626,1.972935565215349,1.8830314224064348,-0.9216508809126913
1788862304371752400,33.47675244140625,0.5436766690790653,0.9174339938700199,-0.3800156910659745
1788862304381759500,33.48675952148437,-0.6830488994121551,-0.08960136047005653,-0.2457654799217358
1788862304391765200,33.49676513671875,-0.057305357021093364,-0.9220914642870426,0.17034633752852676
1788862304401771500,33.506771484375,1.1771604503333568,-1.370807291689515,0.604368490200676
1788862304411778600,33.516778564453126,0.867509394749999,-1.6775819150537252,0.8099236864175647
1788862304421784300,33.526784423828126,-0.6372814199715853,-1.5978449459940194,0.060935306454706004
1788862304431790600,33.53679052734375,-1.556039940443635,-1.1998247020840644,-1.2326684025436638
1788862304441797400,33.54679736328125,-0.9394956035524606,-1.1717594680726529,-1.7048843479990958
1788862304451803400,33.55680346679687,-0.5887596733868121,-1.3557067531913518,-1.3264704295739531
1788862304461809400,33.56680932617188,-1.4495745389342307,-1.4456711017549038,-0.5743772200301289
1788862304471816400,33.57681640625,-2.4275989028453826,-1.6203917088449,0.05911903254666831
1788862304481822500,33.586822509765625,-3.041173284015059,-1.6660405303418635,0.08598277724725194
1788862304491828500,33.596828369140624,-2.991661941871047,-1.631279598084092,-0.17676164793092755
1788862304501835500,33.60683544921875,-1.7043641235172748,-1.921043465414643,0.3176002610221505
1788862304511841500,33.61684155273438,-0.15178279909491538,-2.2001275332987307,1.4067670783430337
1788862304521847600,33.62684765625,0.06188274793922901,-1.8711001615941523,1.8166795662291346
1788862304531854600,33.6368544921875,-1.2446575310230255,-0.8298603398352861,0.9010170390110462
1788862304541860600,33.646860595703124,-1.8544687602668999,0.31771745766103265,-0.2805546518933028
1788862304551866600,33.65686669921875,-0.9023375470250844,0.9322826034337282,-0.6169204036619513
1788862304561873700,33.66687377929688,0.20412088909745216,0.9781219790667295,0.3408173974152654
1788862304571879700,33.67687963867188,-0.6231356979802251,0.6966349416941404,1.8352604941889643
1788862304581885700,33.6868857421875,-2.8343700239658354,-0.11068331146538257,2.8862437113270163
1788862304591892500,33.696892578125,-5.226960741794109,-0.6947212170273065,2.6197768406927584
1788862304601898800,33.706898681640624,-5.282594366210699,-0.9668325232893228,1.8022469901204108
1788862304611904500,33.71690454101562,-3.0536797143667935,-0.638132483842969,1.9770419776208699
1788862304621911600,33.72691162109375,-0.19491291576921937,0.5447662178814411,2.805581151854992
1788862304631917800,33.73691772460938,0.5807821186363696,2.0199492453247307,2.1233698723107577
1788862304641923600,33.746923583984376,-0.8458923139646649,3.027252895212173,-0.39495917583890255
1788862304651930600,33.7569306640625,-1.439956231239438,3.001680062538385,-2.6650758258387444
1788862304661936600,33.7669365234375,-0.6374667134106159,1.4620236861407756,-3.0384996808916327
1788862304671942700,33.77694262695312,0.05040390706956386,-0.5540431647926569,-1.6329029615022241
1788862304681949700,33.78694970703125,-0.4071984066218137,-1.8443723136663437,1.1755958313651382
1788862304691955500,33.79695556640625,-2.7527573241621255,-2.8761919806510208,3.25036051659137
1788862304701961500,33.80696142578125,-5.849513963711261,-3.9411873565286397,3.459117833317816
1788862304711968800,33.81696875,-7.010882386150956,-4.40085537057817,2.293367834793031
1788862304721974500,33.826974609375,-5.620426975661516,-4.038107515579462,1.122568882315606
1788862304731980500,33.83698046875,-4.075084954842925,-4.023495637381076,0.6579121931333094
1788862304741987600,33.846987548828125,-3.456529862651229,-4.3849394240438935,0.4832725788576528
1788862304751993600,33.85699365234375,-3.4070986000061034,-5.0072214278042315,0.6578745645366608
1788862304761999600,33.86699951171875,-2.776577760210633,-6.081211426520348,1.2123803784050047
1788862304772006400,33.87700634765625,-1.5251771846681832,-6.752292824763059,1.5046210111126304
1788862304782012700,33.8870126953125,-1.4785942971915005,-6.093264267885685,0.33248912953101095
1788862304792018700,33.89701879882813,-2.3121757033765316,-4.650767119991779,-1.8567938422136008
1788862304802025500,33.907025390625,-1.770304622414708,-3.7424072439372535,-2.0221093459680675
1788862304812031500,33.91703149414062,-1.1159826357930898,-3.0444045210212467,-0.5211356783818454
1788862304822037800,33.927037841796874,-1.6155711568206548,-2.892434090399742,1.1630497996553777
1788862304832044500,33.93704443359375,-2.500210550069809,-3.0615736824870106,2.2146204612925646
1788862304842050600,33.94705053710938,-2.735491716584563,-2.9912825871646405,2.366727962297201
1788862304852056600,33.957056640625,-1.4679104060918091,-2.4466332736611367,1.665826887591183
1788862304862063600,33.96706372070312,0.6856506063431501,-1.5646452717036008,0.5592023741867392
1788862304872069600,33.97706958007812,2.3846757069200275,-0.4311977063685655,-0.5881885955005883
1788862304882075600,33.98707568359375,4.074122831812501,0.8390367489814757,-1.2437751952305436
1788862304892082700,33.99708276367188,5.2747261170536275,1.9436556947171686,-1.1847820312529802
1788862304902088700,34.007088623046876,4.512817615938187,2.7035902654111386,-0.9908182329021393
1788862304912094700,34.0170947265625,3.309947554808855,2.951041762191057,-0.7786347411192953
1788862304922101500,34.0271015625,2.255652436643839,2.7316245197623967,-0.437218501028046
1788862304932107800,34.03710766601562,1.874487465944886,2.179086498835683,-0.029545097305625677
1788862304942113500,34.04711352539063,1.4536539172023535,1.8294997387051581,-0.1382595198508352
1788862304952120600,34.05712060546875,0.4354179544121027,1.6006500665426253,-0.6465497451849281
1788862304962126600,34.067126708984375,0.07623392937481403,1.242701720780134,-0.9523151915065944
1788862304972132600,34.077132568359374,0.44247664075195786,0.7673936545282601,-0.6756449798312038
1788862304982139600,34.0871396484375,0.3095604546904564,0.2192944928318262,0.05836151501052081
1788862304992145700,34.09714575195313,0.548168135279417,-0.30177579216361045,0.49118207334056496
1788862305002151400,34.1071513671875,1.8709581227749585,-0.6084709205508232,0.5505765115953981
1788862305012158700,34.11715869140625,2.85390649908483,-0.542324962209165,0.31166845982037483
1788862305022164500,34.12716455078125,2.588767954444885,-0.04284866938441992,-0.13593896794877947
1788862305032170500,34.13717041015625,0.8651981951981782,0.5964709784165024,-0.6607489509291946
1788862305042177800,34.147177734375,-0.4870440967530012,0.9656243165433406,-0.7233870472803712
1788862305052183600,34.15718359375,-0.4942494980871677,1.0032990904211998,0.1806896350296214
1788862305062189600,34.167189453125,-1.2976532081514596,0.9750175833106041,0.9472292665444314
1788862305072196600,34.17719653320312,-3.8334722472190856,0.6070154610455036,0.4760832518754527
1788862305082202600,34.18720263671875,-6.1151879304021595,0.29005291340500117,-0.3692072602711618
1788862305092208600,34.19720874023437,-5.8589990004152055,0.054985681901872155,0.35031397842653095
1788862305102215400,34.20721533203125,-4.118748155480623,-0.7700731028705835,1.986916890425235
1788862305112221400,34.217221435546875,-1.195130991309881,-3.4744828679710626,2.4471800938889383
1788862305122227700,34.227227783203126,0.8448001348137855,-5.990124211406707,1.2057667324189096
1788862305132233700,34.237233642578126,2.4016028763234614,-5.8007893880307675,-0.04732274605855345
1788862305142240500,34.24724047851562,3.1380671395808455,-4.493762786856293,-0.5492686438672244
1788862305152246800,34.25724682617187,2.1530349427342412,-3.14159326788038,-1.3763827537342905
1788862305162252500,34.26725244140625,0.6918132206261157,-1.881829937662184,-2.160384282583743
1788862305172259600,34.277259521484375,-0.28215573041439057,-0.6656080813981592,-2.648322843958437
1788862305182265600,34.287265625,1.1064812324762343,0.556175646776706,-2.432448680964112
1788862305192271600,34.297271728515625,3.137951404246688,1.7940837035395203,-1.801224369074404
1788862305202278700,34.30727856445313,4.985553201353549,2.4626608638763425,-1.11411260413751
1788862305212284700,34.31728466796875,6.328945831894874,2.503216161626577,-0.27281638579145073
1788862305222290400,34.32729052734375,6.312310338914394,2.3249982139401135,0.8336018644511699
1788862305232297700,34.337297607421874,5.06539304626584,1.9557731257513165,1.8575025750048457
1788862305242303500,34.34730346679687,3.977389719766378,1.443438228136301,2.1602076108425856
1788862305252309500,34.3573095703125,3.6645676329314707,0.730329852155596,1.7415571052275598
1788862305262316800,34.36731689453125,3.4618905129015443,-0.13542904566526412,1.1960809855110943
1788862305272322600,34.37732250976563,3.342868996679783,0.2814966819837689,0.1627411232218146
1788862305282328600,34.38732861328125,3.368957962182164,1.973388131288439,-1.0682507244117558
1788862305292335600,34.39733569335937,3.8654900182485576,2.045586667667329,-0.4854105042017996
1788862305302341600,34.40734155273437,2.969149081289768,1.3196423371195793,-0.26719533103927967
1788862305312347600,34.41734765625,2.246151617848873,1.771731440347433,-1.1054380070336163
1788862305322354400,34.4273544921875,2.17323543471992,2.244206913521886,-1.157313447960466
1788862305332360400,34.4373603515625,2.1624550975084302,1.9034572475805878,-0.35985505616664887
1788862305342366700,34.44736669921875,2.01829095672369,1.3460554200097918,0.1714549563575536
1788862305352373500,34.45737353515625,2.2061633063316344,0.6899080445919186,0.6429531819976866
1788862305362379500,34.46737963867187,1.99497788567543,0.18551643413156269,0.6737910225275904
1788862305372385500,34.47738549804688,1.6182529432505368,0.6174652511283755,0.03274213978126645
1788862305382392600,34.487392578125,1.143884788197279,0.9188673876740038,-0.05219334776960313
1788862305392398600,34.497398681640625,-0.09364040672779082,0.2601490657895803,0.3621654520008713
1788862305402404600,34.507404541015624,-0.6292933438271284,-0.16193068362176416,0.37135435530245303
1788862305412411600,34.51741162109375,0.4265630323052406,-0.5474412823095918,0.7832222150400281
1788862305422417700,34.52741772460938,1.8889386006236075,-1.5615138418100774,1.6536277696229515
1788862305432423700,34.53742358398438,0.32907997867465016,-1.4585817289933563,0.7710459664907306
1788862305442430500,34.547430419921874,-1.5516688857525587,-0.34988340498954057,-0.847905261222273
1788862305452436700,34.557436767578125,-0.7362836459934711,0.2676017198830843,-1.0057863771922886
1788862305462442800,34.56744287109375,2.5286019472956656,0.3376698201045394,0.13920096541941165
1788862305472449500,34.57744946289063,2.924540708756447,0.21423896300792694,0.4144228049173951
1788862305482455600,34.58745556640625,0.1916670657157898,0.34486148517429827,-0.5359598841566592
1788862305492461600,34.59746166992188,-0.48136546659469603,0.004412263484299183,-1.1863264111507683
1788862305502468600,34.60746850585937,1.3973229581713675,-0.3962696008503437,-1.3865230394765733
1788862305512474600,34.617474609375,3.050715019342303,-0.47261049773097036,-1.3280645668976008
1788862305522480400,34.62748046875,2.4942566101014614,-0.17117402052432298,-1.1717601987250148
1788862305532487400,34.6374873046875,1.795853489691019,0.413046548128128,-1.0519066886585204
1788862305542493700,34.64749365234375,1.9352911864757536,1.132815697172284,-1.3241108608357608
1788862305552499500,34.65749951171875,1.9180945524811743,2.053342980882525,-1.5537489068970083
1788862305562505500,34.66750537109375,2.1003227587223052,2.666742005485296,-1.0288798872057348
1788862305572512500,34.67751245117187,2.304061370503902,2.4108131877392527,-0.23735161611326036
1788862305582518500,34.6875185546875,2.2791841188788413,1.6615812128454446,-0.09325652197673916
1788862305592524500,34.69752465820312,2.3963883565455673,0.5474404055267572,-0.28480060063367707
1788862305602531300,34.70753125,2.2081793223291633,-0.6438023461729288,-0.34502120578065515
1788862305612537300,34.717537353515624,1.821592326581478,-1.670554792895913,-0.06468105515455827
1788862305622543600,34.727543701171875,1.1838269224852322,-2.3668869522511957,0.29706478319475427
1788862305632550400,34.73755029296875,0.7470300809353589,-2.654693840295076,0.4504810104440897
1788862305642556400,34.74755639648438,0.4054845884412527,-2.434544776460528,0.20189397029560058
1788862305652562400,34.7575625,-0.28855916771590706,-1.6640052251219748,-0.20067246567662805
1788862305662569500,34.767569580078124,-0.5218114587515592,-0.8534966514885425,-0.27117789786942303
1788862305672575500,34.77757543945312,-0.44673020654320716,-0.15580723230540752,-0.21266636166265232
1788862305682581500,34.78758154296875,-1.1629074685752392,0.6366279244989156,-0.44986401105690743
1788862305692588500,34.79758862304688,-2.6109540672898293,1.23094114035964,-1.139578688501194
1788862305702594600,34.80759448242188,-3.86602719386518,1.3701537962168455,-1.6355650203183292
1788862305712600600,34.8176005859375,-4.405889273092151,0.6527344251692294,-1.2054551091864705
1788862305722607400,34.827607421875,-4.215912060159445,-0.691253248655796,0.2984215863648802
1788862305732613600,34.83761352539062,-4.337023242136836,-2.5085253739506004,1.9278055068954825
1788862305742619400,34.84761938476562,-4.752004557719826,-4.788378770393133,2.7952716470256447
1788862305752626400,34.85762646484375,-5.292857986071706,-6.8225640463411805,2.3631755305126307
1788862305762632400,34.867632568359376,-5.592522485169768,-7.46444390001893,0.6733155870355665
1788862305772638500,34.877638427734375,-4.52748794632554,-7.051320195001363,-0.9087389384999871
1788862305782645500,34.8876455078125,-3.2247558274745938,-6.540604130759835,-1.1605643395151943
1788862305792651500,34.89765161132812,-3.1218525023609396,-6.191923379558324,0.14520305537842212
1788862305802657300,34.9076572265625,-3.544199378275871,-5.754239818301796,2.343316837701946
1788862305812664600,34.91766455078125,-3.912506036445498,-4.473115720146894,3.309490750952065
1788862305822670300,34.92767041015625,-3.1205010877519843,-3.353435983401537,2.94144069789201
1788862305832676400,34.93767626953125,-1.9074059852063654,-2.4538205548167227,1.5771327050939201
1788862305842683600,34.94768359375,-0.6491483833760022,-1.4720973363876342,0.40944318987391887
1788862305852689400,34.957689453125,0.5715262145131826,-1.1243681868225335,0.5952017621982842
1788862305862695400,34.9676953125,0.686665336343646,-1.1260521943867206,1.2407470795810223
1788862305872701400,34.97770141601563,-0.3050005994290113,-0.8644435774385929,1.3838219638243316
1788862305882708500,34.98770849609375,-0.3442103277891874,-0.45711014626026153,1.5400748940706253
1788862305892714500,34.997714599609374,1.0561147348076105,-0.34718086803257464,2.0783469276271758
1788862305902720500,35.00772045898437,1.903361678251624,-0.1685129846215248,1.9285183313399552
1788862305912727300,35.017727294921876,1.7906588436573743,0.604200403624773,0.41954117084443565
1788862305922733600,35.02773364257813,1.3527619319111108,1.4148562767744064,-1.3393170516654849
1788862305932739600,35.037739501953126,1.0828940206617117,1.8264163857370614,-2.374080370886624
1788862305942746400,35.04774633789062,1.2455267150729894,2.0395728142052887,-2.8128105185866352
1788862305952752600,35.05775268554687,1.199812427124381,1.8360691802233458,-2.7414856963023544
1788862305962758700,35.06775854492187,0.6668593966335058,0.9798205996781587,-2.2786355450853706
1788862305972765400,35.077765380859375,-0.5368704961955547,-0.12704992437660692,-1.4175130748935043
1788862305982771500,35.087771484375,-2.7603514325529335,-1.4288006309747696,-0.3398010599795729
1788862305992777500,35.097777587890626,-4.698423774179816,-2.9876643966674803,0.649674745337665
1788862306002784500,35.10778442382812,-4.777103927662968,-4.186440466481447,0.9918428997747599
1788862306012790500,35.11779052734375,-2.601898069652915,-4.21858683232665,0.9328994201578199
1788862306022796300,35.12779638671875,-0.20964111382365225,-2.727828634610772,0.3691487350169569
1788862306032803600,35.137803466796875,1.4606214181274175,-0.788528212493658,-0.24761373813692478
1788862306042809600,35.1478095703125,2.244866254213452,1.0403957721501589,-0.8202850675646215
1788862306052815400,35.1578154296875,2.7396535124391317,2.2531723102658985,-0.8418654696013778
1788862306062822700,35.16782275390625,2.5268600720643994,2.2896704415798186,-0.01886624770723283
1788862306072828400,35.17782836914063,0.7510013226538896,1.4493085814744233,0.9709094173394143
1788862306082834400,35.18783447265625,-1.4945236877292394,0.46907647838592526,1.4746835534885525
1788862306092841500,35.197841552734374,-2.5611954723864794,-0.7469120075136423,1.408301156042516
1788862306102847500,35.20784741210937,-2.2828005558103324,-1.9126193359404802,0.601596249008365
1788862306112853500,35.217853515625,-1.3121569498002528,-2.0019898102641105,-0.8156731167897582
1788862306122859500,35.227859619140624,0.13392565536499024,-1.0777911445647477,-1.477707577484846
1788862306132866300,35.2378662109375,1.4152362160027026,-0.050016369056701655,-1.2831554578520357
1788862306142872600,35.24787255859375,1.601587055131793,0.8390133681058883,-0.7371757725276052
1788862306152878600,35.25787866210938,0.6257715994417667,1.5464894372880458,-0.09357844740748406
1788862306162885400,35.26788549804687,0.46523967670202254,1.6887462831467388,0.8930120847970247
1788862306172891400,35.27789135742187,0.42558337361812587,1.5742700091391801,1.5851687120333313
1788862306182897700,35.28789770507812,0.547338114196062,1.2913272200003265,1.406802588047832
1788862306192904400,35.297904541015626,1.7402502604126928,0.5270630956694483,0.8188008934214711
1788862306202910500,35.307910400390625,3.322335911738872,-0.508124586443603,0.2117652298381552
1788862306212916500,35.31791650390625,4.170280189797282,-1.1072633227646351,-0.4176233179917559
1788862306222923500,35.32792358398437,3.6708196790635585,-1.1700704920724034,-1.1406829964812844
1788862306232929500,35.33792944335938,2.8446166926920413,-0.9312339711636304,-1.3786838702835142
1788862306242935300,35.34793530273438,1.662016681653261,-0.6478077824220061,-1.0790590456087141
1788862306252942600,35.357942626953125,-0.16194997284412382,-0.41110330510586496,-0.9711525053802877
1788862306262948600,35.367948486328125,-1.2438912228256462,-0.5459703329741954,-1.206655863278359
1788862306272954400,35.377954345703124,-1.6170114187568425,-0.8298769987091421,-1.8925221581988037
1788862306282961400,35.38796142578125,-0.5194277784854173,-0.9552347322151065,-2.5127479600816964
1788862306292967700,35.3979677734375,0.4287175799906254,-0.6622352439641952,-2.3586530846521256
1788862306302973400,35.40797338867188,1.0154501314640045,-0.37127924423962827,-1.500568813112378
1788862306312980500,35.41798046875,1.1343173339068888,-0.550191750061512,-0.4351278854243457
1788862306322986200,35.427986328125,0.44895898850858207,-1.1064591667748986,0.16984934779182076
1788862306332992500,35.43799243164062,-0.10006897847056388,-1.0739629645787179,-0.25423399652689693
1788862306342998500,35.44799853515625,1.016639048987627,-0.6947318845517932,-0.8288844074752181
1788862306353005300,35.45800537109375,1.1807552599549294,-0.33510829905346035,-1.5811600609138607
1788862306363011300,35.46801123046875,0.832070417100191,0.2251690839536488,-2.256875256437063
1788862306373017600,35.478017578125,0.3816144680321216,0.5374482960835099,-2.183308500444889
1788862306383024400,35.4880244140625,1.0817863516807555,0.8685185717925429,-1.7586904647275805
1788862306393030400,35.49803051757812,3.088009269469976,1.3118718492485582,-1.3970824274137614
1788862306403036400,35.50803637695312,3.2284885842621325,1.5708884038768707,-1.0544310195043682
1788862306413043500,35.51804345703125,1.8311942676633595,1.2805593038789926,-0.7634488624252378
1788862306423049500,35.528049560546876,1.4151625662446021,0.569449700500071,-0.3251411048557609
1788862306433055500,35.538055419921875,2.4141350256383416,0.4053834661543369,0.4234639337787404
1788862306443062500,35.5480625,3.426579545545578,0.7932244074858724,0.28836908850390464
1788862306453068500,35.55806860351562,3.352802946195006,0.32856048484519124,-0.9190322959121316
1788862306463074600,35.56807446289063,1.5597914019316435,0.16171090339124203,-1.8624020374841987
1788862306473081600,35.57808154296875,1.3254542382687329,1.1868300498239694,-1.8925199662417171
1788862306483087600,35.588087646484375,3.6619723557412622,0.6070698215812445,-0.7207276188127696
1788862306493093400,35.59809326171875,3.0823779855847357,-0.10482932474017143,-1.3386644329756499
1788862306503100400,35.60810034179688,2.0333681143462656,0.35708661436662076,-2.473322835405171
1788862306513106700,35.61810668945313,1.8386603657603262,0.796400553303957,-1.7386160833396016
1788862306523113200,35.62811328125,1.8173562964469194,1.0286528735168277,-1.0385625653736292
1788862306533119500,35.63811938476562,2.2372598708629607,1.4987145635478198,-1.1304713260032235
1788862306543126300,35.648126220703126,2.3618185629457233,1.40144939045161,-0.6412053154170513
1788862306553132300,35.65813232421875,1.4021353268891572,0.6619589112408458,-0.17761587187377734
1788862306563138300,35.66813818359375,0.7743786911100149,0.5418139439471066,-0.44982148708943276
1788862306573145300,35.67814526367187,1.2599667438358069,0.9785551097869872,-0.38499581756610424
1788862306583151400,35.6881513671875,2.042221282887459,1.0892851830035448,-0.18534208221165463
1788862306593157400,35.69815747070312,2.0932430295944213,1.0689049505367874,-0.5123803807245567
1788862306603164400,35.708164306640626,1.8728204095154999,1.0785136136204003,-0.8384803572077304
1788862306613170400,35.71817041015625,2.0761387500584125,1.0489099179953336,-0.7277979225251823
1788862306623176400,35.728176513671876,2.1528671849519014,0.8910176961094141,-0.5687395064041019
1788862306633183200,35.73818334960937,1.4757313089758157,0.6336825186967849,-0.6220175076052546
1788862306643189500,35.748189453125,1.3882500093996524,0.2969587472707033,-0.6374813995230942
1788862306653195300,35.7581953125,2.1351848132669926,-0.2425499884739518,-0.5040878417408093
1788862306663202300,35.768202392578125,2.0540940915107724,-0.5278551228299737,-0.6231049375157803
1788862306673208300,35.778208251953124,1.8289269072532652,-0.4810851883485913,-0.8616741127252578
1788862306683214300,35.78821435546875,1.6549182478249072,-0.21403847199976442,-1.1567715961687266
1788862306693220400,35.798220458984375,1.4982126053750515,0.05793839422762394,-1.2380600324541329
1788862306703227400,35.80822729492188,0.7829951282858848,0.21869944954812526,-1.2049942867416887
1788862306713233200,35.81823315429688,-0.3006844897955656,0.37115620238184927,-1.292688717611879
1788862306723239400,35.82823950195313,-0.7814069823116063,0.48239130251109597,-1.343749773415923
1788862306733246200,35.83824609375,-0.5547521898448466,0.42024435067772864,-1.0037260836616158
1788862306743252200,35.84825219726562,-0.012125906601548194,0.04679156179130077,-0.21703392748869954
1788862306753258500,35.858258544921874,0.13260405137240885,-0.40369595145881176,0.4420956055451184
1788862306763265300,35.86826538085938,-0.5749094272106886,-0.4998176536083221,0.3827327314723283
1788862306773271300,35.878271240234376,-0.6854957080423831,-0.4332511317670345,0.04389788617640734
1788862306783277300,35.88827734375,0.5614075560808182,-0.6975789445459842,0.021767010650038717
1788862306793284400,35.89828442382812,1.8197762170702219,-1.2262778247237205,0.25698161473460496
1788862306803290400,35.90829028320312,1.0104127218186856,-1.2512573676794767,-0.2489437811642885
1788862306813296400,35.91829638671875,-0.6492752246260642,-1.0233505293250083,-1.0659657552797346
1788862306823303400,35.928303466796876,-1.5278051950842142,-1.1661398746252059,-1.3147753156051039
1788862306833309400,35.938309326171876,-2.1226859816998243,-1.7058815423429012,-1.3508862011671066
1788862306843315500,35.9483154296875,-2.74316298186481,-2.3201672866523264,-1.4197759052589536
1788862306853321200,35.9583212890625,-2.9121839160084724,-3.1453239788413048,-1.0755188887838274
1788862306863328500,35.96832861328125,-2.830207643589377,-3.987943847006559,-0.33427404018640516
1788862306873334500,35.97833447265625,-3.0739725608110424,-4.207587299406528,0.1751958233863115
1788862306883340300,35.98834033203125,-3.0933091294437647,-3.2812200574964283,0.10630341588072478
1788862306893347300,35.998347412109375,-2.21644738445878,-2.0785200922369955,-0.16587635250762103
1788862306903353300,36.008353271484374,-0.9788391874253749,-1.1616004776298998,-0.39601971774250266
1788862306913359400,36.018359375,-0.9560942716538906,0.25935996123850347,-1.113882448643446
1788862306923366400,36.02836645507813,-1.1349077010154724,1.384656953343749,-1.5172007989615202
1788862306933372200,36.0383720703125,-0.17101356926560402,1.4750392350584267,-0.8756435283016413
1788862306943378400,36.04837841796875,0.37881694626808166,1.1581558901339768,-0.2567163148619234
1788862306953385500,36.058385498046874,-0.8724006739228963,1.288953768867254,-0.6859849528640508
1788862306963391200,36.06839111328125,-1.8206424785107373,1.3738356995999812,-1.1241866927757858
1788862306973397200,36.07839721679687,-1.5176497117727994,0.6715589526265859,-0.6535502715967595
1788862306983404300,36.088404296875,-1.0568459716916083,-0.03576747895181179,0.3262809225406498
1788862306993410300,36.09841040039063,-0.8152852865159511,-1.0580115083396435,1.137773392644897
1788862307003416300,36.108416259765626,-1.8579183161988853,-1.9989070418179034,0.3085178868349641
1788862307013422300,36.11842236328125,-2.3324673807770013,-2.3691648340553044,-1.3832815733373165
1788862307023429400,36.12842944335937,-1.6913307466819882,-2.2940964413285254,-2.3494148623161015
1788862307033435400,36.13843530273437,-1.8099457279294728,-2.271537988039851,-2.136888402314484
1788862307043441400,36.14844140625,-2.7661259243011473,-2.051103093001246,-1.9615335889741776
1788862307053448400,36.158448486328126,-3.2787323323339224,-0.8660960208207369,-2.9066888257235286
1788862307063454500,36.168454345703125,-1.8276240079611539,-0.19753449644446372,-1.9611144867792725
1788862307073460200,36.178460205078125,1.022032432463765,-0.6345972954541444,0.583699686583504
1788862307083467300,36.18846728515625,3.232397866660356,-1.2615087125808,2.2989488497957584
1788862307093473500,36.1984736328125,1.5051912122160196,0.2356985151439905,1.1888360558841378
1788862307103479300,36.20847924804688,-0.6254021816074847,2.642741536694765,-1.6363126238152383
1788862307113486300,36.218486328125,0.42391339457929134,2.9876065290004012,-2.715724063058197
1788862307123492400,36.228492431640625,3.1948750684738156,2.045288853764534,-1.0501768691912292
1788862307133498400,36.238498291015624,4.242479164567589,1.1773469128161669,0.8581582135587931
1788862307143504400,36.24850439453125,1.0428607009589672,1.648066482234001,0.8006730429913849
1788862307153511200,36.25851123046875,-2.0024381385535,2.31130184315145,-1.071480500113219
1788862307163517200,36.26851708984375,-1.3246551968455313,1.398060624796152,-1.745364680816978
1788862307173523500,36.2785234375,1.0041074841946362,-0.8757038071215152,0.4147065172296017
1788862307183530200,36.2885302734375,-0.00573649782538414,-2.1176403887480495,1.7976617081567643
1788862307193536300,36.29853637695312,-2.3007038767695427,-1.1318167492628097,0.002444854135159403
1788862307203542300,36.30854223632812,-2.5223510702073573,0.6045142918795346,-2.9100141707539557
1788862307213549300,36.31854931640625,0.0702922643661499,0.7448562440276145,-2.5028116724789142
1788862307223555300,36.32855541992188,2.9822534775346514,-0.11277999148368835,0.5112557240761816
1788862307233561300,36.338561279296876,1.307900461399555,0.760795571437478,0.7719770367957651
1788862307243568400,36.348568359375,-0.7779881137788295,2.0651555837512015,-0.7266704528652131
1788862307253574400,36.35857446289062,0.38717268668115135,0.7576257092297076,-0.024688432788383213
1788862307263580400,36.36858032226562,1.4552496619611979,-1.0116828878849744,1.1129861573908477
1788862307273586200,36.37858618164063,0.5249333901643752,-1.907860158714652,1.3935973617769777
1788862307283593500,36.388593505859376,-2.2466092984884978,-1.215232114574313,-0.5739642187824473
1788862307293599500,36.398599609375,-2.9301018500149247,-0.14045125774145126,-3.344158744229376
1788862307303605200,36.408605224609374,-0.9566180032670497,-0.03148702515363693,-3.5650644716501234
1788862307313612500,36.41861254882812,0.8369622807949781,-0.9413181428045034,-1.4355566811062395
1788862307323618300,36.42861840820313,-0.13127484859526156,-0.9923317062050103,-0.1588639895275235
1788862307333624300,36.43862426757813,-1.436571264976263,-0.746190707501769,-0.15578724896330384
1788862307343631400,36.44863134765625,-1.669178243845701,-1.2939368179768322,0.18749821906592695
1788862307353637400,36.458637451171874,-1.5926526380479336,-1.8989134666711092,0.6906438845857977
1788862307363643400,36.468643310546874,-0.7245482000142336,-1.983484431758523,1.5674441086418927
1788862307373650400,36.478650390625,-0.9598311200946569,-0.39216275005340573,0.6313192966967821
1788862307383656200,36.48865625,-1.0476830065488816,1.490540755572915,-1.1463861034937202
1788862307393662500,36.49866235351563,0.4345633834093809,2.312601819834113,-1.1683113003801553
1788862307403668500,36.50866845703125,2.562353994771838,2.0696499725610016,0.6460346352696419
1788862307413675300,36.51867529296875,3.595558394113183,1.1964935118347406,2.340599249306321
1788862307423681300,36.52868139648437,1.0079244121342896,1.2596774055004119,1.4570324537247419
1788862307433687600,36.5386875,-1.7630419379353521,1.5005647214591502,-0.6827420984853059
1788862307443694300,36.5486943359375,-1.3034703699976204,0.9399065224409103,-1.1021752058453858
1788862307453700400,36.558700439453126,0.18328443729579447,0.7418214063763618,-0.27519557254556565
1788862307463706400,36.568706298828126,1.2463491373717783,0.1815238573640585,1.5140066790953277
1788862307473713400,36.57871337890625,-0.20720190397799013,0.043914545050263404,1.422751706199348
1788862307483719400,36.58871948242187,-1.371819683602452,0.3248217367082834,-0.3226457078434527
1788862307493725200,36.59872509765625,-1.1296037493884563,0.33660511348247524,-1.382008776922524
1788862307503732500,36.608732421875,0.7497557065069675,-0.43459903924465176,-0.685637746861577
1788862307513738500,36.618738525390626,2.1200591403275726,-1.2234154210299253,1.3516169996596872
1788862307523743700,36.62874365234375,1.3522832084834575,-1.087902788734436,1.5077766986645758
1788862307533750000,36.63875,-0.725284113073349,0.19223054481744764,-0.5887755650756881
1788862307543757000,36.64875708007813,-0.7186369301438331,0.4757978955954313,-1.5518765371538699
1788862307553762800,36.6587626953125,0.9604495442539452,-0.21812778714001177,-0.5220244439151138
1788862307563768800,36.668768798828125,0.9448217670112847,-1.1102701033651827,1.234001404713094
1788862307573776100,36.67877612304687,-0.5114496392130852,-1.7718331471562385,1.8232915317147969
1788862307583782000,36.68878198242187,-2.565984460228681,-1.2103940268933773,0.1937275784421712
1788862307593788000,36.69878784179687,-2.116720351293683,-1.011841877838969,-0.2560968677893281
1788862307603795000,36.708794921875,-0.39594402215778823,-2.1259148806184527,2.386741115017235
1788862307613801000,36.718801025390626,-0.8906006397411227,-1.6547417222142218,2.3826278344795107
1788862307623807000,36.728806884765625,-0.9630097501307725,-0.1250385845541954,0.03198306504227221
1788862307633813800,36.73881372070313,1.4718395622342824,-0.6107295131325722,0.05049107389636338
1788862307643820000,36.74882006835937,2.9450206022053957,-1.6668407408088444,1.0437130800046026
1788862307653826000,36.75882592773438,3.025582331651449,-2.5511294209241866,1.4963321984559297
1788862307663832000,36.76883203125,0.6829723270446062,-2.4343688353717328,0.3774260764315724
1788862307673838800,36.7788388671875,-1.2620552405476568,-1.9702765751391649,-1.1594016524113715
1788862307683845000,36.78884521484375,-0.6570581335872412,-1.605305783393979,-1.4506135265931486
1788862307693851000,36.79885083007812,0.4580126480579376,-0.018513561812043187,-0.8467898473262786
1788862307703858000,36.80885791015625,1.1556465376615523,1.6568179439663886,0.22395970816388724
1788862307713864200,36.8188642578125,2.2393267402648926,2.2752748364806172,1.5615633800402282
1788862307723870000,36.82886987304688,3.5435476363688707,2.388653378379345,2.6941718642026182
1788862307733877000,36.838876953125,3.311228534530103,2.6491449739962816,2.5670792697280644
1788862307743883000,36.848883056640624,2.7009774525642394,2.866984007322788,1.0367744398478418
1788862307753889000,36.85888891601562,3.511483980371058,2.0185732807964087,-0.48111792157441374
1788862307763895000,36.86889501953125,2.4880054407522083,0.8292214574098586,-1.1559506351746618
1788862307773901800,36.87890185546875,1.017698494912684,0.010891396370530129,-1.0431700591690838
1788862307783907800,36.888907958984376,0.355761064851284,-0.5710077435970307,-0.6438023461729288
1788862307793914000,36.8989140625,-0.08549217158555984,-0.22890052556693552,-1.0436354847237468
1788862307803921000,36.9089208984375,1.4685066184192894,-0.27896365637481213,-0.6811408738337457
1788862307813927000,36.91892700195312,2.531909756669402,-1.091500520965457,0.41922713645920157
1788862307823933000,36.92893286132813,1.7016589562118052,-1.8587679187655448,0.43734563453905284
1788862307833940000,36.93893994140625,1.0130483310192824,-2.4738626413702964,-0.18439152175486087
1788862307843946000,36.948946044921875,1.1264911703258753,-2.6634815423846243,-0.8289607606470585
1788862307853952000,36.958951904296875,0.23806173714399337,-2.0421762747019527,-2.0506616328440606
1788862307863959000,36.968958984375,0.4173255406215787,-1.655765220043063,-2.254338285305351
1788862307873965000,36.97896508789062,-0.0786687553063035,-1.1289093373835086,-2.1393954166993496
1788862307883971000,36.98897119140625,-0.10607610993087291,-0.683358696013689,-1.5967415147967636
1788862307893976800,36.99897680664063,0.7271428926825523,-0.8612228618264198,-0.21022826606184242
1788862307903984000,37.008984130859375,1.0596771034643053,-0.9423650215089321,0.6385488095588981
1788862307913990100,37.018990234375,0.5886737486690282,-0.5446580813318491,0.34431934112161394
1788862307923996000,37.02899584960937,0.6613917788773774,-0.0178898769557476,-0.2611243405625224
1788862307934003000,37.0390029296875,2.570069683715701,0.024062428110837936,0.44393743401952085
1788862307944009000,37.04900903320313,3.6186715586751697,0.16748422609567643,1.439628022198379
1788862307954015000,37.059014892578126,3.017612960207462,0.48875031614899633,1.6746426467314361
1788862307964022000,37.06902197265625,2.031068020710349,0.7623357866168021,0.8929449378449469
1788862307974027800,37.07902783203125,1.218115561056137,0.9604676644325256,-0.6323917482338846
1788862307984034000,37.08903393554687,1.6837728786483406,0.364330740275979,-0.6438363215077668
1788862307994040000,37.0990400390625,1.6050450866311787,-1.0363076260536908,0.3808953599773347
1788862308004046800,37.109046875,-0.3657958443924784,-2.4504624765604732,0.9368932390343397
1788862308014052900,37.119052978515626,-2.189625428506732,-3.80289707621336,1.2191745685897766
1788862308024059100,37.12905908203125,-1.9047113392949102,-4.746404838016629,2.080158799354732
1788862308034066000,37.13906591796875,-0.4607900038167834,-3.8427147073388097,2.085106777150929
1788862308044072000,37.14907202148437,0.6591735183060169,-1.1435270608007908,0.48029096923097964
1788862308054078000,37.15907788085938,2.129357130026817,1.1992401801943777,-1.0020791201721877
1788862308064085000,37.1690849609375,3.8112642148032783,2.442581367921829,-1.8497627745330332
1788862308074091000,37.179091064453125,4.4227594516113395,2.607932673642039,-2.0184353336304426
1788862308084097000,37.189096923828124,3.625131402339041,1.607400125324726,-1.2181459561944008
1788862308094102800,37.199102783203124,2.262645948792994,-0.01061024134159088,0.056020943233743306
1788862308104110000,37.20911010742188,0.6892778569296002,-1.6294769325762986,0.8728413303624838
1788862308114115800,37.21911572265625,-0.21127280667871234,-2.868054266902804,0.8118976168390363
1788862308124121900,37.22912182617188,-0.39951457412093877,-3.155804456323385,-0.1703776825148612
1788862308134129200,37.239129150390625,-0.1685980325564742,-2.419699089506268,-0.8033239228263497
1788862308144135000,37.249135009765624,0.41239509848207234,-1.2543740383952855,-0.03856061680167913
1788862308154141000,37.25914086914062,1.1606345552071928,-0.14874737692177295,0.16463124781735242
1788862308164148000,37.26914794921875,2.3831427982643247,0.5218798478126525,-0.3539687015417963
1788862308174154000,37.27915405273438,3.009676029728353,0.5534738404721021,-0.6186399939961731
1788862308184160000,37.289159912109376,2.5169755146488546,-0.05761456910073757,-0.48447585370019075
1788862308194166000,37.299166015625,1.9911407917305826,-1.038612395864725,-0.08942629616409539
1788862308204173000,37.30917309570312,1.5194602683261036,-1.9746055442541837,0.08310301142670214
1788862308214179000,37.31917895507812,0.7140905188858508,-2.4745617295503615,-0.5021928583070635
1788862308224185000,37.32918505859375,1.156215861982107,-2.6098124960392712,-1.2425649426579475
1788862308234192000,37.33919189453125,2.04274150736928,-2.1771640063405036,-1.8194506383776663
1788862308244198100,37.3491982421875,2.215861985786259,-1.2697452105283737,-2.499692079153657
1788862308254204200,37.3592041015625,2.3475778561472893,-0.5808025769025087,-2.971161005634069
1788862308264211000,37.3692109375,2.820907315802574,-0.408898780798912,-2.363362723647803
1788862308274217000,37.37921704101562,2.4274364057600497,-0.16097382128834722,-1.5674600368633866
1788862308284223000,37.38922290039063,1.9961039670959113,0.3769032216012478,-1.2664444154173136
1788862308294229000,37.39922900390625,2.1302982102692125,0.9497884495079517,-0.8917682952810079
1788862308304236000,37.409236083984375,2.5372891116201877,1.5459452474087476,-0.23200046434365212
1788862308314241800,37.41924169921875,2.9858032789707183,1.914454734674096,0.3645539545726031
1788862308324248000,37.429248046875,3.399891152845323,1.9061194525271652,0.6704921271126717
1788862308334255000,37.43925512695313,3.1301249484047293,1.3982348123192787,0.7189855974510312
1788862308344260900,37.4492607421875,1.970755590827763,0.4595294823616743,0.6611127427402883
1788862308354267000,37.45926684570313,1.4469894908770917,-0.49938919906318185,0.5431114364117383
1788862308364274000,37.46927392578125,1.677037432913482,-1.0727321076095104,0.42251887148097156
1788862308374280000,37.47928002929687,1.540713191974163,-1.5736550921112298,0.3589083499010652
1788862308384286000,37.48928588867187,0.6170926184237003,-2.1481319731235504,0.07671849802136421
1788862308394292000,37.4992919921875,-0.03926350437402725,-2.8124416852742433,-0.19520006214752791
1788862308404299000,37.50929907226563,0.4820049335420131,-3.257141847294569,-0.17058971783034502
1788862308414305000,37.519304931640626,1.3950117586195467,-3.0157752233862873,-0.11830050847083329
1788862308424311000,37.52931103515625,2.150480582076311,-2.265858773359656,-0.5733286608252675
1788862308434318000,37.53931811523437,2.5932912770882246,-1.3073106788128614,-1.371862938222289
1788862308444324000,37.54932397460937,2.209494204320013,-0.5407780250281096,-2.0146213283002377
1788862308454329900,37.55932983398438,2.1426842291116714,-0.008107903131842613,-2.050207459335774
1788862308464337000,37.5693369140625,2.359366785879433,0.5706564459413289,-1.6065680584147572
1788862308474343200,37.57934326171875,2.491433953896165,0.7779056961923837,-0.8337348431810736
1788862308484349000,37.589348876953125,2.248641681098938,0.5140303033560514,-0.22240283411070702
1788862308494355000,37.59935498046875,2.564564072036743,0.11817337495982647,0.3027136575356126
1788862308504362000,37.60936206054687,2.941838172776997,-0.13617781820595265,0.8269951596625149
1788862308514368000,37.61936791992188,2.7209721928447483,-0.49045302841365335,1.0321506525047124
1788862308524374500,37.62937451171875,1.7385890492022036,-0.8236749291986226,0.6274081146024167
1788862308534381300,37.63938134765625,0.823103559051454,-0.8452285893589258,0.2198211470544338
1788862308544387300,37.64938720703125,0.4331128923401236,-0.23136019367873667,0.0042826457552611824
1788862308554393300,37.659393310546875,0.22631226263940332,0.5910030683994293,-0.2536610189445317
1788862308564400400,37.669400390625,0.18597966772913932,1.426470142200589,-0.4657270218275487
1788862308574406400,37.67940649414062,-0.01610240901708603,2.0233570079416037,-0.8426220601223409
1788862308584412400,37.68941235351563,-0.318466522462666,2.0641952142864466,-1.4628122061699629
1788862308594418200,37.69941821289063,0.29477585027366876,1.9087492165088653,-1.8732007871352134
1788862308604425500,37.709425537109375,0.9357530560232699,1.508854995420575,-1.78788338759467
1788862308614431500,37.719431396484374,0.8647180104658007,0.7436345932781696,-1.2776172590777277
1788862308624437200,37.729437255859374,0.8000468008518219,0.04014905503690243,-0.4501647110365331
1788862308634444500,37.73944458007813,0.5623872147679329,-0.33126433697640895,0.7728796847239137
1788862308644450300,37.7494501953125,0.9820812380865216,-0.5927110413610935,1.8044151279397307
1788862308654456300,37.75945629882813,1.3768296207189559,-0.9818301859349012,2.1122692171037194
1788862308664462300,37.76946240234375,1.0187282763518393,-1.4691320568412543,1.9854126233421265
1788862308674469400,37.779469482421874,1.8642016342520713,-2.069363556835055,2.0127976200044153
1788862308684475400,37.78947534179687,2.6915041062980887,-2.664716637137532,1.9858947077706455
1788862308694481400,37.7994814453125,2.087152019242942,-2.8272008629888297,1.4709436363078654
1788862308704488200,37.80948828125,0.9062339699417352,-2.556834939089417,0.4596268052563071
1788862308714494500,37.819494384765626,0.16061813971847294,-1.857538084709644,-0.6874735839866102
1788862308724500500,37.82950048828125,0.5149193611502647,-0.40125907970070834,-1.5878734409473836
1788862308734507300,37.83950732421875,1.0858262747213243,1.0411439601689576,-2.0540832778558133
1788862308744513300,37.84951318359375,1.3301324592128396,2.0741057829260825,-2.4138877728790042
1788862308754519600,37.85951953125,1.6034733072698115,2.606231714943051,-2.9816394372895356
1788862308764525300,37.869525390625,1.8729310302831232,2.3983225394785403,-3.169393421214819
1788862308774532400,37.879532470703126,2.075258752353489,1.4464713122218846,-2.4375180931828915
1788862308784538600,37.88953857421875,2.8377833395406604,0.5525999802470207,-1.4222146767131982
1788862308794544400,37.89954443359375,3.7425703255444764,0.27137247059345243,-0.6847573107652366
1788862308804551400,37.90955151367187,4.033912109716236,0.36632512896358965,-0.35143531060665845
1788862308814557400,37.91955737304688,2.751568114377558,0.46746144440472126,-0.08391863865852356
1788862308824563500,37.9295634765625,2.093396174329519,0.5053986686110497,0.6730244951345026
1788862308834569500,37.93956958007813,2.8888404498219487,0.6850526404500007,1.6054327707745133
1788862308844576300,37.949576171875,3.3222485257163643,1.0582932478904723,2.1672094524286685
1788862308854582300,37.95958227539062,3.2333482992529867,1.2603086891412734,2.116307971100509
1788862308864588500,37.969588623046874,3.2143627360150218,1.2062597035676241,1.1174427714735269
1788862308874595300,37.97959521484375,3.2555402573168277,0.7689151650071143,-0.5276569699093699
1788862308884601300,37.98960131835938,3.2887855243146418,0.2999678659588098,-1.786772649873793
1788862308894607400,37.999607421875,3.2707214598357677,0.25438801804482936,-2.387434211847931
1788862308904614400,38.00961450195312,3.1209926706612108,0.4636474390745163,-2.6775843020170926
1788862308914620400,38.01962036132812,2.8174539604783058,0.7341565708369017,-2.841159245714545
1788862308924626400,38.02962646484375,2.481296883024275,0.8857868097186088,-2.90948342487812
1788862308934632200,38.03963208007813,2.289552368158102,0.6916641675442456,-2.7120363144561646
1788862308944639500,38.049639404296876,2.494980248200893,-0.07102174768447876,-2.2964434428460896
1788862308954645500,38.0596455078125,2.314354800981283,-1.1548737997233867,-1.6571458607465028
1788862308964651300,38.0696513671875,2.3594234845027326,-1.964641784122586,-0.8146472808733582
1788862308974658600,38.07965844726562,3.02610255613327,-2.0223972229987384,-0.034490590883791444
1788862308984664300,38.08966430664063,2.6405156773388385,-1.5720347974330187,0.2683148365885019
1788862308994670300,38.09967041015625,1.6515417571291326,-1.7723212229341267,-0.33197482333332295
1788862309004676400,38.10967626953125,0.7900155284419655,-2.729368849790096,-2.2366464151397345
1788862309014683400,38.119683349609375,0.6565618745028973,-3.1811843967735767,-4.653453582596779
1788862309024689400,38.129689453125,1.0944307291984559,-2.824100558885932,-5.573858116710186
1788862309034695400,38.1396953125,2.521663380204141,-1.9092033900171517,-3.8818127920180556
1788862309044702200,38.1497021484375,4.897584702782333,-0.6141513042747974,-2.1787401696160433
1788862309054708500,38.15970849609375,6.510445723861456,-0.13799918841421605,-1.0418982856675982
1788862309064714500,38.16971459960938,5.152338339269161,-0.9230383897483349,0.2689467047512531
1788862309074720300,38.17972021484375,2.893998855498433,-1.9956126764476299,1.411462542682886
1788862309084727300,38.18972729492187,1.253489364515245,-2.285605676358938,2.245828961765766
1788862309094733600,38.199733642578124,1.4717293798580764,-2.5202818627178667,2.735773456135392
1788862309104739300,38.2097392578125,3.3376582762941718,-2.269734738010168,1.7917852173388003
1788862309114746400,38.219746337890626,4.450670079582929,-1.0843810443490742,-0.6042135553672909
1788862309124752400,38.22975244140625,3.3930689056098458,-0.5299982723385095,-2.770643109464645
1788862309134758400,38.23975830078125,2.429741175571084,0.07836743427217006,-4.034374466530979
1788862309144765400,38.24976538085937,0.9654042440518736,0.8062322114884853,-4.784100946943462
1788862309154771200,38.25977124023437,-0.2894590391650796,1.1280594425559043,-4.741293486352265
1788862309164777200,38.26977709960938,0.6267866217032074,1.35608318528831,-3.315706264466047
1788862309174783500,38.27978344726562,1.5723098149821162,1.6462416048943995,-1.1328528143122791
1788862309184790300,38.289790283203125,1.7222917021349071,1.7818500987797974,0.7113508647888899
1788862309194796300,38.29979638671875,1.7817010456979274,1.5935276673167944,1.9664105473607778
1788862309204802300,38.30980224609375,2.4457424623012542,1.173678453436494,2.695832490891218
1788862309214809300,38.31980932617188,3.2514202547773716,0.4186906914949417,2.943503767901659
1788862309224815400,38.3298154296875,2.8258278210699554,-0.8233142791926861,2.664213656051457
1788862309234821400,38.3398212890625,2.364102289968729,-2.2163830870509145,1.7781366312146185
1788862309244827400,38.34982739257813,2.352012185332924,-3.1005472640037537,0.6960086264893413
1788862309254834400,38.35983447265625,0.910702932049334,-3.2026953868359325,0.10673282027393578
1788862309264840400,38.36984033203125,-0.8397931203067303,-2.157802887788415,0.015523147824406622
1788862309274846200,38.37984619140625,-1.3251254447057843,-0.5308809003919363,-0.37375440218150613
1788862309284853500,38.389853515625,-0.6430781235516071,0.4721890574485063,-1.0289429425045846
1788862309294859500,38.39985961914063,-0.36108722831010814,1.0757903261363506,-1.9601710684493183
1788862309304865300,38.409865234375,-0.4866727792225778,1.5769664086163042,-3.0143434370175
1788862309314871300,38.419871337890626,-0.8447042732238769,1.6531892320752144,-3.4849139533534643
1788862309324878300,38.42987841796875,-1.3509316477440296,0.8577683374583721,-2.860398783713579
1788862309334884400,38.43988427734375,-1.2559797200262546,0.03912964886128902,-1.5702207337483762
1788862309344890400,38.44989038085937,0.8592553611457348,0.10061842904686927,-0.5872144897714257
1788862309354897400,38.4598974609375,2.657137141793966,0.6506640486359596,0.03339928851574659
1788862309364903400,38.4699033203125,1.495579918783903,1.0013678300976752,0.5554653065502643
1788862309374909400,38.479909423828126,-0.3172292357526719,0.8255027291476726,1.0294313105434179
1788862309384915500,38.48991552734375,-0.445400711505115,0.24381752419173716,1.2601675271049142
1788862309394922500,38.49992260742187,0.3023872020602226,-0.40645898643136025,0.9522025249123572
1788862309404928500,38.50992846679687,0.759636610660702,-0.847690011036396,0.17755729182064534
1788862309414934300,38.51993432617188,0.6933537280663847,-1.1497551415354013,-0.8447419748857616
1788862309424941300,38.52994140625,0.40742227850556373,-1.4800059175550937,-1.58938603746742
1788862309434947600,38.539947509765625,0.4908011111989617,-1.1332879908591509,-1.6495912075832486
1788862309444953300,38.549953369140624,1.538285088044405,-0.4395131147712469,-1.310242932872474
1788862309454960400,38.55996044921875,2.474092942994833,0.017136428239941597,-1.2324226110890506
1788862309464966400,38.56996630859375,1.9954267984867096,0.3523457034498453,-1.4557672560945152
1788862309474972400,38.57997241210938,1.123324815249443,0.6259288358300924,-1.9582681574374436
1788862309484978400,38.589978515625,1.109544127178192,0.5807686746329069,-2.2667124675795436
1788862309494985200,38.59998510742187,1.059685579031706,0.40928514976799485,-1.9388889187067746
1788862309504991200,38.6099912109375,0.5800841995000839,0.20105974796116352,-1.6457172887593507
1788862309514997500,38.61999755859375,0.7452522576078772,0.11484861445128917,-1.7636700067058204
1788862309525004000,38.630004150390626,0.8850891828432679,0.10004033689796923,-1.8148267779693006
1788862309535009800,38.640009765625,0.4639852927267551,-0.1944108114659786,-1.393062378117442
1788862309545015800,38.650015869140624,-0.0506039596863091,-0.5926151797711849,-0.3642179275512695
1788862309555021800,38.66002172851562,0.03651522857919335,-1.5245383022427559,0.06234072083979845
1788862309565028900,38.67002880859375,0.32008784005418417,-0.7543962257891893,0.43244390703737734
1788862309575035000,38.68003491210938,0.14376885785683988,-0.6732792005479336,0.6651838646367192
1788862309585041000,38.690041015625,1.3440252293564379,-0.7673807950466871,-1.345262223805487
1788862309595048000,38.7000478515625,-1.834125352679193,-0.4652841003656387,-1.231001053853333
1788862309605054000,38.71005395507812,-0.954680751594156,-0.7277320907473563,-0.04941080437898636
1788862309615060000,38.72006005859375,-0.5365045854926109,-0.3172755591124296,0.9830255331993103
1788862309625065700,38.73006567382812,-0.20343115326762198,0.18209435072839258,1.7323218055009841
1788862309635073000,38.74007299804688,0.5830066628180444,-0.9328162719190121,1.3758397328987717
1788862309645078800,38.750078857421876,0.22465046690702437,-1.4626397722125053,0.9444470884799957
1788862309655084800,38.760084716796875,-0.4491105258084833,-0.6282078866779803,0.3757686646133661
1788862309665091800,38.770091796875,-0.44308366673439736,0.3805255037516355,-0.21351649395227432
1788862309675097900,38.78009790039062,0.42049072665423154,0.6496797137737274,-0.6829436854720116
1788862309685103900,38.79010375976563,1.1440014003142713,0.28344577022492884,-1.4994973844885826
1788862309695110000,38.80010986328125,0.9457517413377762,0.4843821840673685,-1.7032900645449756
1788862309705116700,38.81011669921875,0.07325842069536447,0.21762860544621943,-1.5193573924735189
1788862309715123000,38.820123046875,-0.09002806144952774,-0.9237713801980018,-0.8859893465533852
1788862309725129000,38.83012890625,0.07020224799513816,0.8199953639030456,1.069601408368349
1788862309735134700,38.840134765625,0.4407911718830466,0.769581519961357,1.567912164545059
1788862309745141800,38.85014184570313,0.7279694066345691,-0.11540683285593986,1.661666260780394
1788862309755148000,38.86014794921875,0.8838951507531106,0.3111100222200155,1.196634381610155
1788862309765153800,38.87015380859375,1.2770086256600917,-1.1114496685385704,0.030445114885270595
1788862309775160800,38.880160888671874,0.361025122859329,-0.6367442443549632,0.5414885113850235
1788862309785166800,38.89016674804687,-0.5023464414335786,0.754533003911376,1.2118678988382219
1788862309795172900,38.9001728515625,-0.16961787712350487,0.7810626989185809,1.2266083718523382
1788862309805180000,38.91017993164063,-0.2432068449474871,0.5842477489203214,1.089944815956056
1788862309815185700,38.920185546875,-0.32397140348926184,1.1711533188730479,0.6982277638435364
1788862309825191700,38.930191650390626,0.22418299552574752,2.0021493847399947,-0.047828211362659925
1788862309835198000,38.94019799804688,0.7389956814311445,3.222811123147607,-0.2770738971054554
1788862309845204700,38.95020483398437,0.8495571200825274,2.448120881870389,-0.4253986647009849
1788862309855210800,38.96021069335937,0.4796681611575186,-0.8611685012906789,-0.25194617785066364
1788862309865216800,38.970216796875,0.1419793440915644,-2.6803204489827155,-0.08571224407702684
1788862309875223000,38.98022314453125,-0.08190642205327749,-2.0821382827341557,-0.33167847073525186
1788862309885229800,38.990229736328125,-0.28181203154325485,-0.7076537638366222,-0.361122884145379
1788862309895235800,39.00023583984375,-0.014118687853962182,-0.02563596103787422,-0.18902531903535127
1788862309905241900,39.010241943359375,0.11000351250767708,-0.48596448482275006,-0.22727087853848932
1788862309915249000,39.02024877929688,-0.06421542867049575,-2.009762197831273,-0.5459940061107278
1788862309925255000,39.0302548828125,0.14887787143364548,-3.0016461602687836,-1.2139520116358995
1788862309935260700,39.0402607421875,-0.4762929856359958,2.033963157629967,-0.8111971404194831
1788862309945267000,39.05026684570313,-0.23435133831873534,4.316722796908021,0.40461423534750934
1788862309955274000,39.06027392578125,2.170343658801168,2.358005142137408,0.11737374901473521
1788862309965279700,39.07027978515625,2.0897081334665417,-0.6452244879305362,-1.0516717839241028
1788862309975285800,39.08028564453125,0.5930677458442747,-3.2371810092836615,-1.5033338939115404
1788862309985292800,39.09029272460938,-0.35391280663609503,-3.3835265857607126,-1.2981979825526475
1788862309995298800,39.100298828125,-0.5812495900176465,-1.215933540841937,-0.4566474971845746
1788862310005304800,39.11030493164063,-0.6219499953269958,1.0642916115224361,0.40465047570466994
1788862310015310800,39.120310791015626,-0.5498984662033617,2.291379583585262,0.574416090735793
1788862310025318000,39.13031787109375,-0.18847426102384923,2.3029367503881453,0.12888912250250578
1788862310035324000,39.14032397460937,-0.22399682530388235,2.6375235097855327,0.2816904509902
1788862310045330000,39.15032983398437,-0.7824316491842269,2.4485499209374186,0.956391793295741
1788862310055337000,39.1603369140625,-0.4451332196753472,2.4798335324734446,1.574051982474327
1788862310065343000,39.170343017578126,0.2568564539849758,2.3323358633518216,1.630990552009642
1788862310075348700,39.1803486328125,0.7548913888949901,1.7235323498457669,1.1568281486615537
1788862310085354800,39.190354736328125,0.7424211989004165,0.9356862743973732,1.0035025040388106
1788862310095362000,39.20036206054687,0.31893384771347044,-0.37962767812907694,0.9452586971238255
1788862310105367800,39.21036791992187,-0.02027589530944824,-1.1229553974151611,0.7007429615348577
1788862310115373800,39.22037377929688,-0.420747002970241,-2.4434184032678603,0.8058625013932585
1788862310125380900,39.230380859375,-0.9594260464251041,-1.366045776376128,1.02193920122236
1788862310135387000,39.240386962890625,0.013600655329227447,1.1403121904075144,1.2404194550618528
1788862310145393000,39.250392822265624,0.8764794676691293,1.0585767410069704,1.7175825015306472
1788862310155399000,39.26039892578125,1.1771557741582392,-1.0696335570722817,1.6331211342975496
1788862310165405700,39.27040576171875,0.07549801631569862,-3.7264433666080232,0.4789072597876191
1788862310175412000,39.28041186523438,0.8917618655402213,-4.529104149350523,-1.3207181496575473
1788862310185418000,39.29041796875,1.1797872917056083,-3.5786563591510054,-2.4461983893752097
1788862310195424800,39.3004248046875,0.48429209463112055,-0.7153776360869407,-2.6667472661823033
1788862310205430800,39.3104306640625,0.6541079785447568,2.120630802735686,-2.0217288222178817
1788862310215437000,39.32043701171875,0.45952531764321025,3.9489907237559554,-1.9215087448388337
1788862310225442800,39.33044287109375,0.1942582512527704,3.2843712150037288,-1.991464616857469
1788862310235449900,39.34044995117188,0.5686614727318287,0.4051777144491672,-1.323715870168805
1788862310245455600,39.35045556640625,-0.2989011135101318,-2.169548270639777,-0.15506810437589882
1788862310255462000,39.3604619140625,-0.9879466229885816,-4.473681537336111,0.5644976310506463
1788862310265468000,39.370468017578126,-0.9645300915658473,-4.021982310208678,1.1225906557559966
1788862310275474700,39.380474609375,-0.4386217188894748,-0.8744616981059312,1.5970242772608993
1788862310285480700,39.39048071289063,0.8539525785624981,1.1927110706865787,-0.22504238883405922
1788862310295487000,39.40048706054687,-0.15469839428067206,1.176923134446144,-2.2905022162288424
1788862310305493800,39.41049365234375,-0.9025017976760864,1.0235124418884516,-1.6863640641853213
1788862310315499800,39.420499755859375,-0.9243903888791799,2.294419681933522,0.1424894855707884
1788862310325505800,39.430505859375,-0.5381675502687693,1.5920412281513212,1.6484271322399378
1788862310335511800,39.44051171875,-0.6832067203223705,-2.853205657339096,2.1861402167394757
1788862310345518800,39.45051879882813,-1.5570213526964187,-8.891802515491843,2.399854279090464
1788862310355524900,39.46052490234375,-2.1491297519892454,-10.479961933773755,1.2731585261031984
1788862310365530600,39.470530517578126,-0.6065513506650925,-9.137342041170596,-0.328899361410737
1788862310375538000,39.480537841796874,0.7864870620548725,-8.861294564503432,-0.7901911772698164
1788862310385544000,39.4905439453125,0.807778856408596,-9.506703761351108,-0.8680535846292972
1788862310395549700,39.5005498046875,-0.7460930923461914,-9.593570728421211,-0.9445081710174679
1788862310405556000,39.51055590820312,-0.665906041431427,-8.154007295891642,-1.6243614892587064
1788862310415562800,39.520562744140626,0.11670680953860282,-6.775555042406916,-2.682294963926077
1788862310425568800,39.53056884765625,-0.7552443670511245,-6.082720662039518,-3.8799353077083825
1788862310435574800,39.54057470703125,-0.6070856036722659,-5.94373655424118,-4.500018632380664
1788862310445581800,39.55058178710937,1.6346669024348257,-5.378094721591473,-5.0305111179769035
1788862310455587800,39.560587890625,3.5912510523080825,-3.9838106927245853,-5.262003998124599
1788862310465593900,39.57059375,5.221482602643967,-1.0604980644583701,-3.676874156796932
1788862310475600000,39.58059985351562,7.147801378113031,1.1279232489556072,-0.7938284377936273
1788862310485607000,39.59060693359375,7.810787148183584,0.08659516439139843,0.8452421064276248
1788862310495613000,39.600613037109376,-0.7625380311906337,-2.12720784303844,-1.3353656836912036
1788862310505618700,39.61061865234375,-6.769321116453408,1.244917643263936,-3.0142464063838124
1788862310515624700,39.620624755859374,0.8843548041541128,5.370236993828415,-1.9223666768424212
1788862310525631700,39.6306318359375,2.488163553923368,-5.472427202236652,-0.6731196260720491
1788862310535637500,39.64063745117188,-6.293363646382093,-13.468627031916379,1.143745452791825
1788862310545643800,39.65064379882813,-2.5814520784735677,-2.550897950255871,2.607966283650696
1788862310555650800,39.66065087890625,-7.073609183698892,-8.81651784966588,0.4454230694673955
1788862310565656600,39.67065649414062,-5.816881275653839,-2.6686756038963795,0.1594575897728093
1788862310575662600,39.68066259765625,7.142721882891655,-4.440774123990535,-1.2936311130285263
1788862310585668900,39.6906689453125,0.9106757517814635,4.596761973559856,1.5081028618790209
1788862310595675600,39.700675537109376,-6.368258436107635,3.95957583065629,1.2413354008629918
1788862310605681700,39.710681640625,-12.841450241851806,4.195291881456971,-0.3831359785109758
1788862310615687700,39.720687744140626,-11.758448084640502,4.545014835187793,-0.47343394294306634
1788862310625693700,39.730693603515626,-4.015629141789675,6.684399438232183,-0.45751149360276755
1788862310635700700,39.74070068359375,8.292436107894778,1.0174380904108284,0.7801665537964552
1788862310645706800,39.75070678710937,-5.831932714313268,6.499689352047443,0.9165192901778966
1788862310655712500,39.76071240234375,-8.431161857017875,6.364544384020567,1.7022566298440098
1788862310665719800,39.7707197265625,-5.130034153002501,3.4956636031657453,3.2676308003440497
1788862310675725800,39.780725830078126,-4.680186691221595,3.728919401332736,4.866699150653183
1788862310685731600,39.790731689453125,-4.6001825956583025,2.9569138690948487,6.625792350962758
1788862310695737900,39.80073779296875,-4.414010620227456,1.97315768353343,8.79559313505888
1788862310705744600,39.81074462890625,-3.5768580775573846,0.8672335004180669,10.492667101567983
1788862310715750700,39.82075073242188,-2.1131068369716406,-0.4107084605693817,11.462047555774449
1788862310725756700,39.83075659179688,-0.7599407081738114,-1.5873767434716224,11.435465838319063
1788862310735763000,39.84076293945313,0.4628256012976169,-2.594412097811699,9.939391414016484
1788862310745769700,39.850769775390624,1.314901864594221,-3.4134213732868433,6.8233893912494175
1788862310755775700,39.86077563476562,0.9173030609667301,-4.991330615711212,3.477491402137279
1788862310765781800,39.87078173828125,-0.8243132271021604,-6.737931121933459,1.1226613829046488
1788862310775788800,39.88078881835938,-2.3827999761760235,-7.564234061548113,-1.1648346372455358
1788862310785794800,39.890794921875,-2.6253338902980086,-8.001447082683443,-4.00019659485817
1788862310795800600,39.900800537109376,-2.2499387351721523,-7.567924148237704,-6.527637681680917
1788862310805806600,39.910806640625,-2.212370344278216,-7.635058825355768,-8.33810597217977
1788862310815814000,39.92081396484375,-2.8178526044070717,-8.617773392909765,-9.184842628014087
1788862310825819600,39.93081958007812,-4.0698774493277075,-9.28405586643815,-9.594256372597814
1788862310835825700,39.94082568359375,-5.283602666470408,-9.358961177557706,-9.484975913667679
1788862310845832700,39.950832763671876,-6.492338989284634,-9.379633963230251,-9.163944216892123
1788862310855838700,39.960838623046875,-7.092121576467156,-9.502754146942495,-8.6807836835742
1788862310865844700,39.9708447265625,-6.597972031623125,-8.912539598572254,-8.301293952611088
1788862310875850800,39.980850830078126,-5.554125826758146,-8.087921251043676,-7.9838132263153785
1788862310885857800,39.99085791015625,-6.10105009945631,-7.638301168277859,-7.568015333652496
1788862310895863800,40.00086376953125,-7.254999770072102,-6.773221631023287,-6.898699191516638
1788862310905869800,40.01086987304687,-7.426369897690415,-4.696054999221861,-6.020305414658784
1788862310915875600,40.02087548828125,-5.2979024099797005,-2.4868676688939333,-5.806576154738664
1788862310925883000,40.0308828125,-1.137808098632097,-1.1082935425952076,-5.659573575657606
1788862310935888600,40.040888671875,-0.3353688496857881,-0.8181491515144705,-5.4440737989336245
1788862310945894700,40.050894775390624,-3.470215273654461,-1.2105927643358707,-4.968659934219717
1788862310955901700,40.06090161132813,-4.620913248997926,-1.0501000045627356,-3.9933836999729273
1788862310965907700,40.07090771484375,-4.225199528464675,-0.4401195562317967,-3.5951211717396974
1788862310975913700,40.08091381835938,-3.1712177140325304,2.7021450350388885,-3.9075650729119777
1788862310985919700,40.09091967773438,-3.9574031627923247,4.518902781070769,-4.0600568970590825
1788862310995926500,40.10092651367187,-4.683671026206016,4.458652018247545,-3.8859272415995596
1788862311005932800,40.11093286132812,-4.460481279501319,3.6036142747968434,-3.4448157517209648
1788862311015938800,40.12093872070312,-1.9133049801170825,2.2968428174272177,-3.165141024467349
1788862311025944800,40.13094482421875,1.7573358352482318,0.7983537331983447,-3.0834859468266367
1788862311035951600,40.14095166015625,0.36854981927573677,0.35653117244094606,-0.2586351540952921
1788862311045958000,40.1509580078125,1.9605624058544635,-0.4112026738271117,0.9505055117361247
1788862311055963600,40.160963623046875,1.9846756873697042,-0.9537105913877486,1.7131757910043
1788862311065970700,40.170970703125,1.5215905583530664,-1.1775830596596002,1.623877505134046
1788862311075976700,40.18097680664062,1.7002362299323082,-1.4957558598726988,0.7207935236558318
1788862311085982700,40.19098266601563,1.7053998963057995,-1.4346481879591941,-0.1995414523527026
1788862311095988700,40.20098876953125,1.0191700287699699,-0.9184098531648516,-0.44102235029041764
1788862311105995800,40.210995849609375,0.19291034377515315,-0.2528086398988962,0.1972717538550496
1788862311116001500,40.22100146484375,0.10616028108298778,0.40732992404699325,0.9973055490948259
1788862311126007800,40.2310078125,0.7947586313158274,0.7701470448896288,1.68590959841609
1788862311136013800,40.241013916015625,1.3888479752928018,0.7571411405831575,1.9222594170756637
1788862311146020600,40.2510205078125,1.47829677554965,-0.019446166487038133,1.4951229687966405
1788862311156027000,40.26102685546875,1.5805986276388166,-1.2313298474162817,1.0553643548317253
1788862311166033000,40.27103295898438,1.5752069977283476,-1.8925176281541585,0.8588155084237455
1788862311176038700,40.28103857421875,0.7291010410130023,-2.0240812305629254,1.019357952557504
1788862311186670800,40.2916708984375,0.7406547006845474,-2.089962985010445,0.8969308656759559
1788862311196676600,40.30167651367187,0.5793517935723066,-1.8299629723027346,1.008786435791105
1788862311206682600,40.3116826171875,0.9311106370449066,-1.2530556492730975,1.0415056330882013
1788862311216690000,40.32168994140625,1.0623644428521395,-0.8885574434757232,0.9473617338176816
1788862311226695700,40.33169580078125,1.0744944411069155,-0.7389134099751711,0.921236966349557
1788862311236701700,40.34170166015625,0.5765320599764585,-0.8480825174853205,1.1395138065714387
1788862311246708700,40.35170874023437,-0.39490766484737394,-1.090735674072802,1.50741911739856
1788862311256714800,40.36171484375,-1.0753706394195557,-1.178396714130044,1.6482443230189383
1788862311266720800,40.371720703125,-0.8696259485125541,-0.8383107727944851,1.4654627206787467
1788862311276726800,40.38172680664063,-0.2831383117109537,-0.3130231623649597,0.9757601453062147
1788862311286733600,40.391733642578124,0.18481588464677332,0.19216449384391307,0.3161470665391534
1788862311296739800,40.40173974609375,0.7137035653948783,0.5872282260358334,-0.14379508827663956
1788862311306745900,40.411745849609375,0.6176186881244182,0.7122299857109785,-0.02259421872179955
1788862311316751600,40.421751708984374,0.3514794420093298,0.4670183768123388,0.568284163852036
1788862311326758700,40.43175854492188,0.4238531888246536,0.15168343037366866,1.3484144042260944
1788862311336765000,40.44176489257813,0.4562433002978563,0.001689268261194229,1.4054538037873803
1788862311346770700,40.45177075195313,0.293203194129467,-0.12080547702908515,0.7916849229589105
1788862311356777700,40.46177783203125,0.5651759687036275,-0.1530278307199478,0.20492771196831017
1788862311366783700,40.47178369140625,0.9604039515465498,0.3492600123941898,-0.47424409028217196
1788862311376789800,40.48178979492187,1.0448849002629519,0.6834732623040676,-0.8403783728487789
1788862311386795800,40.49179565429687,0.912469064939022,0.5568798495233058,-0.7331590842321515
1788862311396802600,40.501802490234375,0.7437409762620926,0.15459844103753567,-0.4133860457481816
1788862311406808600,40.51180859375,0.6011188042223453,-0.171336225348711,-0.24897264193259178
1788862311416814800,40.52181494140625,0.5407809476375579,-0.2908072389036417,-0.18487590773832052
1788862311426820900,40.53182080078125,0.6890659677445888,-0.2828010425806045,-0.20927600683830677
1788862311436827600,40.54182763671875,0.8131734089285135,-0.28416297858357425,-0.09778609169777482
1788862311446833700,40.55183374023437,0.7557704367518424,-0.3161047617673874,0.1475757758591324
1788862311456839700,40.56183959960938,0.5196048886179924,-0.35949732877016066,0.35412685124557464
1788862311466845700,40.571845703125,0.25550854650735855,-0.43332244343757625,0.3977901980137452
1788862311476852700,40.581852783203125,-0.0041167876690626146,-0.41914428048133845,0.37315380593985314
1788862311486858500,40.5918583984375,-0.31731764468848705,-0.2947971853226423,0.39958822387903925
1788862311496864800,40.60186474609375,-0.44893794572055334,-0.06235445710420608,0.39302035326343027
1788862311506871800,40.61187182617188,-0.40659693359732624,0.1788566839814186,0.26653323213504626
1788862311516877600,40.62187768554688,-0.4819242695212364,0.2779097634077072,0.2868195575069636
1788862311526883300,40.63188330078125,-0.6084703360289335,0.18170505914986132,0.5072340673446655
1788862311536889600,40.6418896484375,-0.6842460002422333,0.1962105543643236,0.6939706178557127
1788862311546896400,40.651896484375,-0.7993728471130133,0.3093248923689127,0.7459991304524243
1788862311556902400,40.66190234375,-0.7841746934592724,0.4443348358392715,0.7170208732493222
1788862311566908400,40.67190844726562,-0.5781979473620653,0.4428127408385277,0.5869834940271452
1788862311576914400,40.68191455078125,-0.544510781815648,0.4114081332713365,0.5030589005518704
1788862311586921500,40.69192138671875,-0.5906523552656173,0.4352478585422039,0.4209972879368812
1788862311596927500,40.701927490234375,-0.3465121749907732,0.48747196677625176,0.1951208228988573
1788862311606933200,40.711933349609374,-0.20703297715187072,0.5683405702143908,-0.051565954852569845
1788862311616940500,40.7219404296875,-0.18326222546398638,0.4775017769038677,-0.1843819684752263
1788862311626946600,40.73194653320313,0.060170683324337004,0.31273499307334424,-0.33296310371831056
1788862311636952300,40.74195239257813,0.0987742624849081,0.33403964690864085,-0.3558574378978461
1788862311646958600,40.75195849609375,0.3510042257130146,0.19506606050431727,-0.29984140830123795
1788862311656965400,40.76196533203125,1.1518512370318175,-0.0041489363729953765,-0.2552185323185287
1788862311666971400,40.771971435546874,1.171124677300453,0.25804829411804675,-0.1309901864349842
1788862311676977400,40.78197729492187,0.622063392573595,0.310204597812891,0.030609621264599263
1788862311686983700,40.791983642578124,0.08251461707949638,0.1865028148204088,-0.014085041312687098
1788862311696990500,40.80199047851563,-0.3569119884520769,0.22226386403143406,-0.258407775080204
1788862311706996500,40.81199658203125,-0.4828092356622219,0.23221008850634098,-0.5349403318505734
1788862311717002500,40.82200244140625,-0.42993397004306316,0.2524614338964224,-0.5616217102881521
1788862311727008500,40.83200854492188,-0.5714858825027942,0.15159282948076724,-0.2571760961270891
1788862311737015600,40.842015625,-0.7667851672410965,0.0037818566262722013,0.1361351481080055
1788862311747021300,40.85202124023437,-0.6281535261422395,-0.04646306048929691,0.4152237460367381
1788862311757027300,40.86202734375,-0.3601864800781011,0.031386487388610836,0.47063313324339684
1788862311767034600,40.87203466796875,0.0047404725253582,0.06390402463376521,0.3269190012484789
1788862311777040400,40.882040283203125,0.3990840737491846,0.061464230266213414,0.10628975268155336
1788862311787046400,40.89204638671875,0.45188452056646344,-0.003466799327731132,0.1335238330984488
1788862311797052400,40.902052490234375,0.4446604145318269,-0.1759510256677866,0.11613669976675882
1788862311807059500,40.9120595703125,0.40584757653474807,-0.23227906208932397,0.047224783843103794
1788862311817065500,40.9220654296875,0.10303718062639236,-0.20284721589982507,0.007981902131997048
1788862311827071500,40.93207153320313,-0.038739188238978386,-0.1935141548871994,-0.009871241276245564
1788862311837077500,40.94207739257813,-0.14251988070905208,-0.14220657697618005,-0.08324077592957764
1788862311847084500,40.95208447265625,-0.15218553467690943,0.0058019642770290375,-0.13899784406274557
1788862311857090600,40.962090576171875,-0.12439385690987109,0.10101882654130458,-0.07758474119557067
1788862311867096300,40.972096435546874,-0.18163550104498863,0.053607671546936034,-0.043930692467466
1788862311877103600,40.982103515625,-0.10383856013715266,0.08779811044037342,0.019136771744303404
1788862311887109600,40.99210961914063,0.05715630393922329,0.13056874615252018,0.026018165288493034
1788862311897115400,41.00211547851563,0.042839024773240086,0.11450725366771221,0.009326247679349035
1788862311907121400,41.012121337890626,-0.03521276767849922,0.06751753895580768,0.005635083277523517
1788862311917128400,41.02212841796875,-0.09168284291923046,0.09319617009162902,-0.04929609195813536
1788862311927134500,41.03213452148437,-0.26441373749673364,0.11301380023956298,-0.21535804843204095
1788862311937140500,41.04214038085937,-0.40763796708285804,0.08437164312303065,-0.4105634991407394
1788862311947146500,41.052146484375,-0.4489794467747211,0.11581366009116172,-0.5205458957951515
1788862311957153500,41.062153564453126,-0.4558417337596416,0.22441841171681878,-0.5593207398694008
1788862311967159600,41.07215966796875,-0.5388479337483644,0.254094003534317,-0.5571368199590593
1788862311977165600,41.08216552734375,-0.5725508813858032,0.19433949979543685,-0.5150896762158721
1788862311987171300,41.09217138671875,-0.4864432082504034,0.2658843945711851,-0.5673945946011691
1788862311997178600,41.1021787109375,-0.44306993046998977,0.3225406400337815,-0.514465114576742
1788862312007184400,41.11218432617188,-0.32232407467365265,0.2924383472368121,-0.36159466637559234
1788862312017190400,41.1221904296875,-0.18109072664380071,0.31379882291257377,-0.1538474400071427
1788862312027197400,41.132197509765625,-0.06820376765429974,0.2941492428079247,-0.02157386269811541
1788862312037203500,41.142203369140624,0.19133213467299937,0.33116584503799673,0.029050162528688087
1788862312047209500,41.15220947265625,0.2955038722872734,0.32392157299816604,0.05103646935205906
1788862312057215500,41.162215576171874,0.41035891647934913,0.2709855171024799,0.06772661512922495
1788862312067222300,41.17222216796875,0.596432692232728,0.2726540348365903,0.02590423831893131
1788862312077228500,41.182228515625,0.6062959145992994,0.3457283311367035,-0.01608234347659163
1788862312087234600,41.19223461914063,0.5381225420832634,0.40674335633069275,0.012814939178479834
1788862312097240300,41.202240234375,0.5012865571171045,0.4126972962990403,0.07657866942556575
1788862312107247600,41.21224755859375,0.3814326817244291,0.44939708766490216,0.10149935833355411
1788862312117253600,41.222253662109374,0.2412666706651449,0.5000026547864079,0.11521058876463211
1788862312127259400,41.23225927734375,0.021947043392062184,0.4836038931712508,0.184048809264414
1788862312137266400,41.242266357421876,-0.12162848384976387,0.43450843835175035,0.22460103827472774
1788862312147272700,41.25227270507813,-0.221577635332942,0.4295230511546135,0.22132875687209888
1788862312157278500,41.262278564453126,-0.21734861946105954,0.43510026676505803,0.15157786937365308
1788862312167284500,41.272284423828125,-0.19942951641082762,0.3697501349762082,0.05783241310250014
1788862312177291500,41.28229150390625,-0.3322510099261999,0.3165267865717411,0.07248545442833565
1788862312187297500,41.29229760742187,-0.30504736118018627,0.25559564026892184,0.15953198844958097
1788862312197303600,41.30230346679687,-0.1958189246982336,0.2128980697929859,0.19166114743165671
1788862312207309600,41.3123095703125,-0.18385083900690077,0.19102613746374844,0.16329946949062868
1788862312217316400,41.32231640625,-0.2106330474704504,0.15901391939222811,0.0792509939073585
1788862312227322600,41.332322509765625,-0.2560369542956352,0.16864420978575945,-0.019159257570747285
1788862312237328600,41.34232861328125,-0.21800211493372915,0.11598843213617802,-0.1694716005206108
1788862312247335400,41.35233544921875,-0.15350246249437333,0.059681730763614174,-0.2756687978141941
1788862312257341400,41.36234155273438,-0.19938509274721145,0.004032324256002902,-0.2806270960750058
1788862312267347500,41.37234741210938,-0.11660510272979735,0.02659633050262928,-0.33703437174521383
1788862312277353500,41.382353515625,-0.05511749158799648,0.13166238660812377,-0.34481209307461974
1788862312287360500,41.392360595703124,0.08607844704091548,0.16651041262745855,-0.28336497833998875
1788862312297366300,41.4023662109375,0.17811960187852383,0.18203472949564456,-0.15417053448166698
1788862312307372500,41.41237255859375,0.09058394176661967,0.15002309594601393,-0.011348638618737458
1788862312317379600,41.42237963867188,-0.02072130098938942,0.12653905224502085,-0.011735993968509138
1788862312327385300,41.43238525390625,-0.134545248568058,0.22683745555728674,-0.05009085906501859
1788862312337391400,41.442391357421876,-0.2909317420661449,0.268316590154171,-0.020511274967901408
1788862312347397600,41.45239770507813,-0.35289047785103317,0.205363290373981,-0.02191438323147595
1788862312357404400,41.462404296875,-0.3430085507839918,0.23435586836338043,-0.0756882051255554
1788862312367410400,41.47241040039062,-0.32823066836893555,0.3139703800871968,-0.14503515146560966
1788862312377416400,41.48241650390625,-0.27087445794343945,0.31805005061626435,-0.16182612726874648
1788862312387422500,41.49242236328125,-0.10188216537237167,0.2241314114689827,-0.1785671629829332
1788862312397429500,41.502429443359375,-0.013804653468728065,0.1683995873749256,-0.12060768943466245
1788862312407435500,41.512435546875,-0.07556289824545383,0.16480623905807731,-0.0037950814340263605
1788862312417441300,41.522441162109374,-0.054474517509341236,0.1886778207719326,0.10230309419818222
1788862312427447600,41.532447509765625,0.006252046132087707,0.2018158270254731,0.15674904320016503
1788862312437454300,41.54245434570313,0.10784195055961608,0.21104162827134132,0.10285064507834613
1788862312447460400,41.55246044921875,0.1738631134778261,0.19565905796140431,0.07828366497885435
1788862312457466400,41.56246630859375,0.24012568393647668,0.15377864908725022,0.0979263038860634
1788862312467473400,41.572473388671874,0.37151860595345493,0.11549246531277894,0.14910393527448176
1788862312477479400,41.5824794921875,0.40314299375116824,0.21564649171829223,0.18684063194002956
1788862312487485400,41.5924853515625,0.27825580036640163,0.296411050260067,0.2758918477140367
1788862312497491500,41.60249145507812,0.08069149330556392,0.32202918338030573,0.34725754999797787
1788862312507498500,41.61249853515625,-0.08203998530507087,0.3582517126232385,0.31562614793758836
1788862312517504500,41.62250439453125,-0.1243196226298809,0.4183654050633311,0.22054664831738918
1788862312527510800,41.6325107421875,-0.08126432475745678,0.46635143733620643,0.10729717615842818
1788862312537516800,41.64251684570313,-0.14292027820348738,0.4500234028697014,0.08026291089626028
1788862312547523800,41.65252392578125,-0.2792559173196554,0.4148316779792309,0.1200601568208076
1788862312557529600,41.66252954101562,-0.2813549354255199,0.42347003472596406,0.14276892356667667
1788862312567535900,41.672535888671874,-0.28219664694666863,0.49129123280346393,0.1273658401916735
1788862312577542700,41.68254272460938,-0.3472609475314617,0.5137789589434861,0.16072508895797655
1788862312587548700,41.692548583984376,-0.291216988748312,0.44727293511778116,0.22372637433204798
1788862312597554700,41.7025546875,-0.16902385675311088,0.394611019988358,0.24146288735698906
1788862312607561000,41.71256103515625,0.006174304720759392,0.3404933530926704,0.18732549284752456
1788862312617567700,41.72256762695312,0.16473872677981852,0.20630115574598312,0.08726224086484871
1788862312627573800,41.73257373046875,0.3244125713855028,0.09134557378888129,0.09040354369841515
1788862312637579800,41.74257983398437,0.24349019193351268,0.11642623903155326,0.05043191845449619
1788862312647585800,41.75258569335937,0.2559668116688728,0.13416998551487921,-0.0435886284309905
1788862312657592800,41.7625927734375,0.3404091819405555,0.14314327330440282,0.010258194767218082
1788862312667598800,41.772598876953126,0.18350304848253726,0.13640461269915102,0.14106336175780743
1788862312677604600,41.7826044921875,0.05315934325754642,0.11710662251114845,0.2543475764365867
1788862312687612000,41.79261181640625,-0.05719254429638385,0.11527706899642944,0.27290978142963723
1788862312697617700,41.80261767578125,-0.1815057371854782,0.17375760727673767,0.2131930706841871
1788862312707623700,41.81262377929688,-0.1804950988382101,0.16679361348301172,0.11629642037311567
1788862312717629700,41.82262963867188,0.001076104798913002,0.1295981475546956,0.02029859119844623
1788862312727636700,41.83263671875,0.12118132460415362,0.10798398937880992,-0.06797991403685882
1788862312737642800,41.842642822265624,0.13740122252106665,0.03612637539207935,-0.060870785284554585
1788862312747648800,41.85264868164062,0.16664251457452772,0.013812836775183676,-0.03728071479266509
1788862312757654800,41.86265478515625,0.11094342370629309,0.04409370100945234,0.008848090507276356
1788862312767661800,41.87266186523438,0.023627543824911116,0.12229717689156532,0.07106329897099639
1788862312777667800,41.88266772460938,-0.11310030947923659,0.18756635239869354,0.14570599079872482
1788862312787673600,41.892673583984376,-0.1890560064345598,0.2056146347865462,0.2076977246709168
1788862312797679600,41.9026796875,-0.14486147539913655,0.20450199736952782,0.18548870587442068
1788862312807687000,41.91268701171875,-0.08184533951580523,0.2065042771026492,0.08948612745939753
1788862312817692700,41.92269262695312,0.04849544309973716,0.16695260343700646,-0.029576104365242644
1788862312827698700,41.93269873046875,0.08194646180272101,0.19222060794532297,-0.08426357963867485
1788862312837705700,41.942705810546876,0.04212123189270496,0.20377192952930925,-0.07543835855033248
1788862312847711700,41.952711669921875,-0.016520926690101623,0.2050096546307206,-0.01504955722959712
1788862312857717800,41.9627177734375,-0.07794424042403697,0.20922405745536088,0.04952281338609755
1788862312867723800,41.972723876953125,-0.16655600533485412,0.21346008758991955,0.0747962703876663
1788862312877730800,41.98273071289063,-0.205495684581995,0.2596586519241333,0.13122302707647904
1788862312887736800,41.99273681640625,-0.14371873510479927,0.2767211381450295,0.12430984102138318
1788862312897742800,42.00274291992187,-0.09373451475203037,0.29089550170898437,0.12518327198820187
1788862312907748600,42.01274853515625,-0.0830535462617874,0.2745066769659519,0.06726840476663783
1788862312917756000,42.022755859375,-0.06347907721996307,0.21455723517686126,-0.09854411612399853
1788862312927762000,42.032761962890625,-0.02870119382739067,0.17364742490053175,-0.19339319538865238
1788862312937767700,42.042767578125,-0.07323065590560436,0.14138473919928074,-0.17989852118454872
1788862312947773700,42.05277368164062,-0.10577508115768432,0.17258359506130216,-0.11632859647651202
1788862312957780700,42.06278076171875,-0.01553892991542816,0.2053349410623312,-0.04242047056760639
1788862312967786800,42.07278686523438,0.0470563502073288,0.22827596392780541,0.0452265592305921
1788862312977792800,42.08279272460938,0.03245323983728885,0.20487346103042364,0.057330199201405044
1788862312987798800,42.092798828125,0.03760813838243484,0.17159721437245606,0.035444366210978476
1788862312997805800,42.10280590820312,0.047021863415837285,0.18131839791983365,-0.02658528851880692
1788862313007811800,42.11281176757812,-0.07653729623556137,0.19287673376649617,-0.07549683813876472
1788862313017817900,42.12281787109375,-0.20136311482191085,0.19481208574324846,-0.06954315389874391
1788862313027825000,42.13282495117188,-0.2809872711569071,0.18430647381991147,-0.007755600829143077
1788862313037831000,42.142830810546876,-0.32111937505900856,0.2517494862347841,-0.02176380491279997
1788862313047836700,42.152836669921875,-0.2338566866695881,0.23007132291197777,-0.0130827232691925
1788862313057842700,42.1628427734375,-0.08556523682177067,0.2005836548820138,-0.01674814130840823
1788862313067850000,42.17285009765625,0.01884732381105423,0.15937807652950287,-0.06261513560069724
1788862313077855700,42.18285571289063,0.10395371094942092,0.07792173633128405,-0.10874867187468334
1788862313087861800,42.19286181640625,0.11498597709536552,0.05599398216158151,-0.14128679525014012
1788862313097867800,42.20286767578125,0.052097851505875585,0.031767303399741646,-0.13120344559317454
1788862313107874800,42.212874755859374,-0.020319734451174735,0.001746259145438671,-0.09945924907438457
1788862313117880800,42.222880859375,-0.007064531558752059,0.009663608141243457,-0.042361086796876044
1788862313127886800,42.232886962890625,-0.06507716006636619,0.10942074418365955,0.02984837511811638
1788862313137892600,42.242892578125,-0.09898410584330558,0.2122828605040908,0.07622514328015968
1788862313147900000,42.25289990234375,-0.07242576926350593,0.21138123548924923,0.004567887870850973
1788862313157906000,42.26290600585938,-0.11533376761972904,0.18818010038286445,-0.09996505230520851
1788862313167911700,42.27291162109375,-0.10379238290786742,0.16242197427004576,-0.18396967961359767
1788862313177918700,42.28291870117187,0.009800094002485275,0.1563978916749358,-0.2053063542886637
1788862313187924700,42.2929248046875,-0.008622282394766806,0.15404840593934058,-0.13829745897473766
1788862313197930800,42.3029306640625,-0.08080255246460437,0.142991882134974,-0.09848012924338691
1788862313207936800,42.31293676757812,-0.13404197522103786,0.12969020975232123,-0.09396578449094667
1788862313217943600,42.322943603515625,-0.1720902585864067,0.1567886445581913,-0.053852535986364816
1788862313227949800,42.33294970703125,-0.1724871489495039,0.17381284459531307,0.011008442312362603
1788862313237955800,42.342955810546876,-0.17477321406006813,0.16077946776002644,0.049513935959897934
1788862313247961900,42.3529619140625,-0.18343699750900266,0.1582677772000432,0.029292586132569704
1788862313257968600,42.36296875,-0.08084113090932368,0.16467998232990502,-0.04028882426719647
1788862313267975000,42.37297485351562,0.04314531424343586,0.14626958863139153,-0.15646710271993652
1788862313277981000,42.38298095703125,0.0735386989414692,0.12018705286979675,-0.17828520423639566
1788862313287987700,42.39298779296875,0.17412731737196444,0.08326485092490911,-0.11744011964867822
1788862313297993700,42.40299365234375,0.18279636151790618,0.1069584457233548,-0.08473709716824813
1788862313307999700,42.412999755859374,0.04788169511556625,0.13946779966205358,-0.08657308955690823
1788862313318005800,42.423005859375,-0.06364683500230311,0.16097820520251988,-0.07723449385263957
1788862313328012800,42.4330126953125,-0.10209610038399695,0.13464344824552535,-0.10328169343937188
1788862313338018600,42.4430185546875,-0.08334113103151321,0.12729308548271656,-0.11470144279925153
1788862313348024800,42.45302490234375,-0.11361585778594016,0.17400135290473698,-0.08379936879356391
1788862313358030800,42.46303076171875,-0.12859130859971046,0.22065642883479594,-0.05280073451164644
1788862313368037600,42.47303759765625,-0.08384557342231273,0.23947072715908288,-0.06930738608122337
1788862313378043600,42.48304370117187,-0.005944587618112564,0.2315007711932063,-0.11604814470047131
1788862313388050000,42.4930498046875,0.09234218361079692,0.22244944973140954,-0.16526300638224928
1788862313398056700,42.503056640625,0.12517244006693362,0.21217209360599518,-0.17194401851613073
1788862313408062700,42.513062744140626,0.14918226120769976,0.20259704053103922,-0.1170954800626263
1788862313418068700,42.52306884765625,0.16608488069176672,0.18100801679641007,-0.0969174373707734
1788862313428074800,42.53307470703125,0.10724340014457702,0.17432576255351304,-0.06659082516548223
1788862313438081800,42.54308178710937,0.029600773015618323,0.19038462468981743,0.0019726837458787483
1788862313448087800,42.553087890625,0.017978724282979964,0.2034130330890417,0.037974512592970855
1788862313458093800,42.56309375,-0.001991466078162193,0.16450784063339233,0.023357499278453177
1788862313468099800,42.57309985351562,-0.06589198358058929,0.15541969429254532,0.00004970262693241238
1788862313478106600,42.583106689453125,-0.09973521647155284,0.17971037820130586,-0.014218568031862376
1788862313488112600,42.593112548828124,-0.11544073512554168,0.23133038306236267,-0.036739468072413
1788862313498119000,42.603118896484375,-0.07680500726103782,0.25906506994515655,0.05050815289532765
1788862313508125000,42.613125,0.09030687839090823,0.20303192481696605,0.09092764977090992
1788862313518131700,42.62313159179688,0.24361060344278812,0.13137275601178408,0.00031943036709271836
1788862313528137700,42.6331376953125,0.22861937053799627,0.12315496276468038,-0.10250665394626557
1788862313538143700,42.64314379882813,0.07886193979084491,0.11167232250273228,-0.06513721969053149
1788862313548150500,42.65315063476562,0.02248188092112541,0.03504325633049011,-0.0148138556274469
1788862313558156500,42.66315649414062,-0.06395546256005763,0.06763327428996563,0.0706039058648981
1788862313568162600,42.67316259765625,-0.24323826299905776,0.09268266761153936,0.08581446234248578
1788862313578168600,42.68316845703125,0.0975280618160963,0.06954670669585467,0.009471684032026677
1788862313588175600,42.693175537109376,0.22453063991963862,0.22272943571656942,0.04403474193040747
1788862313598181400,42.703181396484375,-0.06821428904831409,0.36442338699549437,0.21457550148591398
1788862313608187600,42.713187744140626,-0.18568214608728884,0.2990186024099588,0.22643643700834362
1788862313618193700,42.723193603515625,-0.37773967242538925,0.24015052611678836,0.15685948130469768
1788862313628200400,42.73320043945313,-0.5485708708614111,0.2251037636324763,0.0440657170239836
1788862313638206500,42.74320654296875,-0.4971592480540275,0.24808336494266986,0.013465091916592791
