time,seconds_elapsed,z,y,x
1788861361431385000,0.046385009765625,-1.3015139752328395,-0.38890813217163084,0.8681069222517311
1788861361441391000,0.05639111328125,-1.7240630957216023,-0.5910556753695011,1.178698985012248
1788861361451396900,0.06639697265625,-1.9227473467230796,-0.7419219441413879,1.6337806211195884
1788861361461403000,0.07640283203125,-1.95903972633183,-0.7627405680254101,1.8272309169903396
1788861361471409000,0.086408935546875,-1.9476912338435648,-0.7888798024103045,2.0085000689409673
1788861361481415000,0.096414794921875,-0.626347353503108,-0.09815379249900578,0.8290865789838134
1788861361491421000,0.1064208984375,-0.3944833019554615,-0.3633762160301208,0.7607550932966173
1788861361501427000,0.116427001953125,-0.37417116628885266,-0.38263387420773504,0.9399732310015708
1788861361511433000,0.126432861328125,-0.5391752660065889,-0.7526838689133525,0.9616892421167343
1788861361521438700,0.136438720703125,-0.4419260211318731,-0.8374187923908233,1.0701263820905238
1788861361531445000,0.146445068359375,0.4707745144754648,-0.1821288375198841,0.7381941557899117
1788861361541451000,0.156450927734375,0.7781447656452656,-0.12208791805505752,0.4309142132520675
1788861361551457000,0.16645703125,0.7834750207573175,-0.10267506931573152,0.5105864465124905
1788861361561462800,0.176462890625,0.24585809010863302,-0.2913271711245179,0.2683820566058159
1788861361571468800,0.18646875,-0.18317162457108496,-0.1974243140682578,0.1659206300407648
1788861361581475000,0.19647509765625,0.10254442867338656,-0.24973580832481382,1.233942806393653
1788861361591480000,0.20647998046875,0.6642723027497529,-0.19833879856467246,1.1209984181284904
1788861361601486000,0.216486083984375,0.6652396864771842,-0.1993786630064249,1.1246009726651012
1788861361611491000,0.226490966796875,1.2040326751679182,-0.12239186943769455,0.2177776585280895
1788861361621496800,0.236496826171875,0.7724906854063271,-0.023848493099212643,-0.37481019484475253
1788861361631503000,0.246503173828125,0.4910948334485292,0.8309715159475803,-0.9202515355087816
1788861361641509000,0.256509033203125,0.33331133263409135,0.7906482733875513,-0.3321741452977061
1788861361651515000,0.266514892578125,0.3249024007290602,0.7820634003937244,-0.4071357166491449
1788861361661521000,0.27652099609375,-0.16549100645184517,0.24962241107821462,0.7306791039846837
1788861361671527000,0.28652685546875,-0.6442343078494072,-0.09224661428183317,1.295655020071566
1788861361681533200,0.296533203125,-0.31736557548344135,-0.22481647112369535,1.3987687730655074
1788861361691539000,0.3065390625,0.4178840512871742,-0.5442635290563106,1.2155658035080878
1788861361701545000,0.316544921875,0.40651100887954233,-0.5427341275319457,1.1217111695077269
1788861361711551000,0.326551025390625,0.8565496093183755,-0.9191367061346769,0.9762692638721316
1788861361721557000,0.336556884765625,0.6220078629940747,-1.0092086067259312,1.0774687076773495
1788861361731563000,0.34656298828125,0.22553134139478206,-0.824795165400207,0.6510869502231478
1788861361741569000,0.356569091796875,-0.06431552804410458,-0.8478966395244002,0.2790540380720049
1788861361751575000,0.366574951171875,-0.07078267823159694,-0.8441571607351303,0.09553981060832738
1788861361761581000,0.3765810546875,-0.7060545119464398,-0.9752031690105796,-0.13102379644364118
1788861361771587000,0.386587158203125,-0.7109416994661092,-0.9561740588918328,-0.29196824550703165
1788861361781593000,0.396593017578125,-0.2394628361135721,-0.3884837692797184,-0.4124511760508641
1788861361791599000,0.40659912109375,-0.9167074331611395,-0.8577829505056143,0.8240070106972008
1788861361801604900,0.41660498046875,-0.9133575382113456,-0.8303975154519081,0.6409142965812236
1788861361811611000,0.42661083984375,-1.3373586110740898,-1.3257345165148378,1.0087591824579982
1788861361821617200,0.4366171875,-1.1987088497966527,-1.220708207897842,0.43439299527853725
1788861361831623200,0.446623046875,-0.9418564874649047,-0.7836971390753984,0.15409275653772056
1788861361841629000,0.45662890625,-0.8200380340009927,-1.1310860969007015,-0.5594808258019387
1788861361851635000,0.466635009765625,-0.7979869457125663,-1.023176049540937,-0.8614214531384408
1788861361861641000,0.476640869140625,-0.45050271081924437,-1.6969161455988884,-1.5020460460580884
1788861361871647200,0.486647216796875,-0.04520400033891201,-2.2692757421962915,-1.7984306467026472
1788861361881652200,0.49665234375,1.1576859345346688,-3.447121982836723,0.859463743199408
1788861361891658000,0.506657958984375,2.358852698877454,-2.493487379294634,1.1309408432111143
1788861361901664000,0.5166640625,2.460845338886976,-2.3818569962374863,0.8011258282601833
1788861361911670000,0.526669921875,3.0899691713660955,-1.5470459021270275,1.2189338917016983
1788861361921676000,0.536676025390625,2.4555554157853123,-0.9927161754779517,0.46137832509875293
1788861361931682000,0.54668212890625,1.0684574990302325,0.0042528351388871665,-1.2057847795322536
1788861361941688000,0.55668798828125,-0.15971709922552108,0.4703948675081134,-0.9785890120565891
1788861361951694000,0.566694091796875,-0.044973698714375496,0.586337414675951,-1.2155839967519044
1788861361961699800,0.576699951171875,-0.7819967648983002,1.2830077199444174,-1.5282494317203759
1788861361971705900,0.586705810546875,-0.28665713348686694,1.9147928805872796,-1.851900371083617
1788861361981712100,0.596712158203125,2.155085445523262,1.8089492642380296,-2.28215173651278
1788861361991718100,0.60671826171875,2.313584985652566,2.0236741110667587,-2.535496382984519
1788861362001724000,0.616723876953125,3.2092531379163263,1.3577014341399072,-2.283185171213746
1788861362011730000,0.62672998046875,3.228576847067475,0.763233685304597,-1.6398627175122498
1788861362021736000,0.63673583984375,2.026112444129586,1.7497142543286084,-0.7865338238060474
1788861362031742200,0.6467421875,0.9075339466243981,2.0642679872617125,-0.42026188633441924
1788861362041748000,0.656748046875,1.182223578941822,2.234663716889918,-0.6759878749847412
1788861362051754000,0.66675390625,1.013793011906743,1.629456620440632,-1.4109300432413816
1788861362061760000,0.676760009765625,1.6336451581716536,1.9506094593778252,-1.8867869755476712
1788861362071766000,0.68676611328125,3.138224960491061,1.6973165430933237,-1.6136615238070486
1788861362081772000,0.69677197265625,3.901528715357184,1.1580948075965045,-0.932581294119358
1788861362091778000,0.706778076171875,4.278308602839708,1.4856117747381328,-1.1222329283595085
1788861362101784000,0.7167841796875,3.409090650606155,2.211657665964216,0.3696522275596857
1788861362111789800,0.726789794921875,3.118815326622128,2.206885044734925,2.2533529275298116
1788861362121796000,0.736796142578125,2.3733847898378966,1.863922525049746,3.986899890911579
1788861362131802000,0.746802001953125,1.5691329385116695,1.446105109257996,4.341988171067833
1788861362141808000,0.75680810546875,1.8573285336121916,1.720188592375815,4.325789900460839
1788861362151814000,0.76681396484375,1.4508222009077667,1.3407926771759986,2.7575352060884235
1788861362161820000,0.77681982421875,0.98192546300292,1.1863275071293116,1.6618711357027292
1788861362171826200,0.786826171875,1.0391904880136251,1.4184703756183386,1.7396780134826897
1788861362181832200,0.796832275390625,-0.6268202317118644,2.371299215735495,0.9133417561203241
1788861362191838000,0.806837890625,-0.610832388985157,2.5060633677512407,0.9705798931241035
1788861362201844000,0.816843994140625,-4.363306268906593,3.7776077366560696,4.622918743601441
1788861362211850000,0.82685009765625,-3.9123675047576425,4.346980572527647,3.1552737104475495
1788861362221856000,0.83685595703125,-1.609548827791214,3.5125644690841433,0.5322527732670307
1788861362231862000,0.846862060546875,-1.2288222485095261,3.529017883495986,0.46935237271785735
1788861362241868000,0.856867919921875,0.7221570670939982,2.323519227428734,-1.1652227597802878
1788861362251874000,0.8668740234375,0.8222154511053115,-0.17897446514219045,-0.7694950107216835
1788861362261879000,0.876879150390625,-0.3237287173071876,0.1176619183063507,-0.6653846479058265
1788861362271884800,0.886884765625,-1.8061328916430472,1.4217831534281373,-0.7347165428072213
1788861362281891000,0.89689111328125,-3.308490926259756,2.257638349764049,-0.45936464718878267
1788861362291897000,0.90689697265625,-3.1271722360789775,2.2904197986423966,-0.44036827029585834
1788861362301903000,0.916903076171875,-3.51137730512619,1.8199150410190224,-0.9966998382866382
1788861362311908900,0.926908935546875,-4.977846864759922,-0.8652464182540773,-1.6513427274256944
1788861362321915000,0.936914794921875,-5.679784004515409,-2.3809160621255634,-2.9598645355939865
1788861362331921200,0.946921142578125,0.8184323523700237,1.6378285813361406,-2.9376486121326684
1788861362341927200,0.95692724609375,0.8623696937739849,1.7791829253971576,-2.8563521386712787
1788861362351933000,0.966932861328125,1.1878852579653263,0.5629010095089674,-1.737051756632328
1788861362361939000,0.97693896484375,2.1660569213926792,0.8818915558457374,-3.6724779676645993
1788861362371945000,0.986945068359375,2.847293802946806,0.3206143481463194,-5.255156324186921
1788861362381951000,0.996950927734375,3.588114507848024,1.5797417185485363,-5.4548763479769224
1788861362391957000,1.00695703125,3.526543310075998,1.9037433710455893,-5.226705890250206
1788861362401963000,1.016962890625,-6.664266166263818,2.503630587646365,-3.1681846299469467
1788861362411969000,1.026968994140625,-6.722547674840689,2.8441514132678507,-2.8783991353064775
1788861362421975000,1.03697509765625,1.0562111809194088,-0.6122749890089034,3.765788704046607
1788861362431981000,1.04698095703125,3.8088673827946185,0.07464169174730777,5.737583282533287
1788861362441987000,1.056987060546875,-2.1590543491542338,2.3128140012800693,1.7479910837978123
1788861362451993000,1.0669931640625,-2.1732792738616467,2.453898296228051,1.9071335980057715
1788861362461998800,1.076998779296875,-2.1933576007723805,2.585997320687771,2.0623335120677946
1788861362472005000,1.087005126953125,-2.216547922223806,2.7249627237856386,2.232930317226052
1788861362482011100,1.09701123046875,-2.0322890869379044,1.9601123239994047,2.343699553409219
1788861362492017200,1.10701708984375,-1.4743255338311194,1.1120780295699835,2.2561808444321154
1788861362502023000,1.11702294921875,-0.465889665043354,2.1488515195697544,1.361405841615796
1788861362512029000,1.12702880859375,-0.3942951589722186,2.2516934698849913,1.5191846662551163
1788861362522035200,1.13703515625,-0.3021884646177292,3.2774060521662234,0.6611340047240257
1788861362532041000,1.147041015625,-0.45080666220188137,3.63159592217803,0.9597370120704174
1788861362542047000,1.157046875,-0.35085217695645987,3.713448275956511,1.110712001913786
1788861362552053000,1.167052978515625,-0.29778927981071174,0.4962842187851667,1.955772248968482
1788861362562059000,1.17705908203125,-0.13906710990667343,0.5524573569059371,2.0883599337279795
1788861362572065000,1.18706494140625,0.7416938344739377,-2.5588001016825435,-0.5447638797938823
1788861362582071000,1.197071044921875,1.8819502030409871,-3.6726100696116686,-1.424862707003951
1788861362592077000,1.2070771484375,1.4347583703354,-4.395560186779499,-0.7807739451050758
1788861362602083600,1.21708349609375,1.9929460875868796,-4.991335876408219,0.44607700333148237
1788861362612089600,1.227089599609375,2.0388404082775113,-4.868431965795159,0.7804895752057432
1788861362622095600,1.237095703125,1.399275407413393,-6.464774690532684,-1.4690052155911921
1788861362632102000,1.247101806640625,1.400581229314953,-6.374538539290428,-1.1819210888639091
1788861362642107600,1.257107666015625,-2.0133390334047374,-2.231157462334633,-1.7080448578566312
1788861362652113700,1.26711376953125,-2.04781398832798,-2.1644483171522615,-1.4681344241060317
1788861362662119700,1.27711962890625,-2.7025416331410406,-1.4931138209313153,-1.1510774761803448
1788861362672125700,1.287125732421875,-1.9641035855926572,-1.4318424828886984,-0.6756872846029699
1788861362682131700,1.297131591796875,-1.0447357010506093,-1.3780425036400556,-1.4279234097488223
1788861362692137700,1.3071376953125,-0.6360450100444257,-1.5513579201072454,-1.4989781829200683
1788861362702143700,1.317143798828125,-0.6876280438959598,-1.5353724154680966,-1.4487750591196118
1788861362712149500,1.3271494140625,-0.2756162456430495,-1.71492877215147,-1.201882511396706
1788861362722155500,1.337155517578125,0.4944410751365125,-0.8725643400520086,-0.8438996788427233
1788861362732161800,1.347161865234375,1.1038918005049227,1.6420266175478695,-1.2042178224764764
1788861362742167800,1.357167724609375,1.4862499265111981,2.086016000950336,-1.0649867541797458
1788861362752173600,1.367173583984375,1.6123042639791965,2.046062176224589,-1.1648222161553798
1788861362762179600,1.3771796875,1.0770889876447618,3.747582016226649,-0.1999742908120155
1788861362772185900,1.387185791015625,0.9910708924889564,6.38408202818334,0.9963312972351908
1788861362782191900,1.39719189453125,-2.206131742149591,1.6718144375681876,-0.03166355076432228
1788861362792197600,1.40719775390625,-1.1754875486850738,1.9041040210515259,-0.9561509702771902
1788861362802203600,1.41720361328125,-1.0958873577475547,1.8786644593685864,-0.9831538357540964
1788861362812209700,1.427209716796875,-0.9163748402059078,1.603149482142925,-0.33669352241829037
1788861362822215700,1.437215576171875,-0.65996963711977,2.313836330065131,0.9773574244350194
1788861362832221700,1.4472216796875,1.9360968037702142,1.1971990297555923,0.9173032070972025
1788861362842227700,1.457227783203125,1.3129434240028262,0.7991600811451673,0.6258567935071885
1788861362852233700,1.467233642578125,1.2445964484855532,0.8287976790398359,0.6865455093562602
1788861362862239500,1.477239501953125,0.2896623066522181,3.5317882249921557,0.45303968195095656
1788861362872245800,1.487245849609375,0.24326062096133827,3.557103283512592,0.5265250432699918
1788861362882251800,1.497251708984375,-1.8659972854971885,4.404425045758486,0.4865916768103838
1788861362892257800,1.5072578125,-2.761197527988255,5.425274990439415,1.069839162646979
1788861362902263600,1.517263671875,-1.4402002691283822,4.929491706913709,-0.3379461528278887
1788861362912269600,1.52726953125,-1.4338707738459109,4.916420043894648,-0.3963797832265496
1788861362922275800,1.53727587890625,0.35240678598731756,0.2541062784940004,-0.8173447032637894
1788861362932281900,1.54728173828125,3.151156630517542,2.374974981638789,-3.433783777835965
1788861362942287600,1.55728759765625,-2.4258839156210423,-0.09273732040822505,-2.7618255967587233
1788861362952293600,1.567293701171875,-2.470553078430891,-0.09384966556429862,-2.808134343469143
1788861362962299600,1.577299560546875,-2.8805601127326486,0.9762889184206723,-2.5384850434064865
1788861362972305700,1.5873056640625,-2.324740439786762,-0.7218202363550662,-0.03182005650028586
1788861362982311700,1.597311767578125,-0.10122866989970207,-0.11301672284901142,1.1730264192685484
1788861362992317700,1.607317626953125,-0.6730866005852818,-0.4598293420910835,0.554441078069061
1788861363002323700,1.61732373046875,-0.6613230975553392,-0.45986908957958217,0.5652009570144116
1788861363012329500,1.62732958984375,1.1531786862432956,-3.578080605089664,0.18179376034662126
1788861363022335700,1.637335693359375,3.2741257153213024,-2.20313197581172,0.3022087767533958
1788861363032341800,1.647341796875,0.06153875680714845,0.36861294763982294,2.455470367850363
1788861363042347800,1.65734765625,-1.6304883015759288,-0.4613233800411224,2.803653983184695
1788861363052353500,1.667353515625,-1.6278110451906918,-0.45842005981504913,2.8228520201295613
1788861363062359600,1.677359619140625,-0.4918400988578796,0.22642390632033346,1.9750015578344464
1788861363072365800,1.68736572265625,0.41142873766794796,0.04455751912891864,0.9051553809247911
1788861363082371600,1.69737158203125,2.404052023041248,-0.5956506019443273,-0.5923913078874349
1788861363092377600,1.707377685546875,0.8969909253001213,-1.0558043536841868,0.20659721608310935
1788861363102383600,1.717383544921875,0.8629835878886282,-1.0457558378785847,0.21876754634827375
1788861363112390000,1.727389892578125,-0.7350326230190694,-1.155037465852499,0.9984805842235683
1788861363122395600,1.737395751953125,-0.7060448673352598,-1.0310714789658784,1.6770155133426188
1788861363132401700,1.747401611328125,1.7320378739930689,0.16013678594231603,-0.03166559659093618
1788861363142407700,1.75740771484375,0.6822624252095818,-1.6992326058477163,-0.16413316210210321
1788861363152413700,1.76741357421875,0.6933449602380395,-1.6943904265135525,-0.12532163927927611
1788861363162419700,1.777419677734375,-0.7400842073202133,-3.088108638191223,-0.08731310340240597
1788861363172425700,1.78742578125,-0.8191521910771727,-4.017603072211146,0.3149763422593474
1788861363182431700,1.797431640625,-0.2553529175542295,-5.528582220178842,1.2780745013259351
1788861363192437800,1.807437744140625,-1.0990341313406824,-5.932727084448933,0.8567951085120439
1788861363202443500,1.817443603515625,-1.1436600395306944,-5.911227784824371,0.944604909390211
1788861363212449800,1.82744970703125,-1.3821592913091183,-5.885765426787733,0.2472352236807346
1788861363222455800,1.837455810546875,-1.2111724639199672,-5.945811606949567,-0.22218225016258655
1788861363232461600,1.847461669921875,0.13627572562247514,-4.505504078054428,-1.079798246603459
1788861363242467600,1.857467529296875,0.004750117136538028,-4.7943736268937585,-2.348735794010758
1788861363252473600,1.8674736328125,0.08680734583735465,-4.80207294922471,-2.251676226489246
1788861363262480000,1.87747998046875,-0.5190449166476726,-4.083815373787283,-2.7396520511344074
1788861363272485600,1.887485595703125,-1.113457208968699,-3.4342233382970093,-3.0559754240885377
1788861363282491600,1.89749169921875,-0.8994847879424691,-0.48497547378540035,-2.556873517534137
1788861363292497700,1.90749755859375,-0.34984921045899386,0.277483062428236,-1.3332619894102216
1788861363302503700,1.917503662109375,-0.3494724861010909,0.2713385683238506,-1.407038881021738
1788861363312509700,1.927509765625,-0.22720906534865498,1.1803852575987577,-0.7241201838605106
1788861363322515700,1.937515625,1.6396023130103945,3.9781028364717956,1.1078508403290062
1788861363332521700,1.947521728515625,2.4008345222994683,3.980448522815108,2.317233717418462
1788861363342527700,1.95752783203125,2.201268227766454,4.600386009275913,3.08768544434309
1788861363352533500,1.967533447265625,2.2241151426076886,4.595422833910584,3.0932629522144794
1788861363362539800,1.977539794921875,1.6165809183850883,4.315840168854594,3.4499525300875304
1788861363372545800,1.9875458984375,0.22876009418293833,0.20311960310041904,0.9973882589422166
1788861363382551600,1.997551513671875,-1.1116738326832651,-0.7279390114963055,-0.20722214304842054
1788861363392557600,2.0075576171875,-1.1272152468167245,-0.7243833648413419,-0.2095942059420049
1788861363402563600,2.0175634765625,-1.3821899787083267,-1.4900029954344034,-0.8379614479001611
1788861363412569900,2.02756982421875,-0.501643699991703,-1.4713894803792238,-0.8690619579542428
1788861363422575600,2.03757568359375,0.7821218525826931,0.0684668025046587,0.4583506478406489
1788861363432581600,2.04758154296875,0.9801695592463016,0.6572697305113077,0.8694799641706049
1788861363442587600,2.057587646484375,0.8884697651922703,0.9356476959526538,0.8730028045345097
1788861363452594000,2.067593994140625,0.8883401474632322,0.9355699545413255,0.8719669586807489
1788861363462599700,2.077599609375,0.5766518869638443,0.8907587529122829,0.5358640225667506
1788861363472605700,2.087605712890625,-0.14372925649881363,0.21404197913110254,0.23490678024441003
1788861363482611700,2.09761181640625,-0.19791560471653938,-0.18376549881100654,0.3160772892385721
1788861363492617700,2.10761767578125,-0.3305821999311447,-0.4673404483735561,0.350268239588663
1788861363502623700,2.117623779296875,-0.32940263475775716,-0.4676274486213922,0.3502753269165754
1788861363512629800,2.127629638671875,-0.31006665064692496,-0.5723340237647294,0.20458076169416306
1788861363522635800,2.1376357421875,0.250694131962955,-0.0642225890636444,-0.38033845674693584
1788861363532641500,2.1476416015625,0.2728451734945178,0.2848831095516681,-0.4887555037807673
1788861363542647600,2.1576474609375,0.19555384402126072,0.4054173684239387,-0.34169286507554353
1788861363552653800,2.16765380859375,0.2055064982369542,0.40483693818747996,-0.32299262158498165
1788861363562659800,2.177659912109375,0.03162234197109937,0.32891572802364827,-0.06333784211836754
1788861363572665600,2.18766552734375,-0.18133184192329643,0.09734218385517597,0.24206644274070857
1788861363582671600,2.197671630859375,-0.7770201455295086,-0.10592238067388533,0.5144583925750106
1788861363592677600,2.207677734375,-0.772987236751616,-0.10538520505726337,0.5311721384234727
1788861363602684000,2.217683837890625,-1.016767936064303,-0.09702654203474521,0.6847776229009032
1788861363612689200,2.227689208984375,-1.1715711058937013,-0.18160101425349712,1.0299259621925652
1788861363622695200,2.237695068359375,-1.160386864056438,-0.4835720367282629,1.4659630714163183
1788861363632701200,2.247701171875,-0.7265580785319209,-0.3042617637604475,1.0870480716012418
1788861363642707200,2.257707275390625,-0.31151743397712706,0.12443360439836978,0.4011617568060756
1788861363652713000,2.267712890625,-0.2861410006582737,0.11607961755096911,0.38265338262580334
1788861363662719200,2.27771923828125,-0.20391689095795154,0.2790595179647207,0.29192016858160497
1788861363672725200,2.287725341796875,-0.3382017350241542,0.25115502747297286,0.537353384341672
1788861363682731300,2.297731201171875,-2.195992333190143,-0.2508610129624605,1.825352263636887
1788861363692737000,2.307737060546875,-2.5288614750146863,-0.8086240750610828,2.587228031526506
1788861363702743000,2.317742919921875,-2.500873690153658,-0.8204267410576344,2.5495643635645506
1788861363712749300,2.327749267578125,-2.2739529402270913,-0.9919792395055294,2.2816809041306376
1788861363722755000,2.337755126953125,-2.854878266726434,-1.3647148200333117,1.6412513953916728
1788861363732761000,2.347760986328125,-3.263120921704173,-1.3471499372482298,1.688598983630538
1788861363742767000,2.35776708984375,-2.7298680314838886,-1.0271621965676545,1.5568135551646352
1788861363752773000,2.367773193359375,-2.653071499790251,-1.0623854856401682,1.4723722078062593
1788861363762779100,2.377779052734375,-1.2479045501202344,-0.5224801517933607,1.1857391858473418
1788861363772785200,2.38778515625,-0.0633314854428172,0.4015057479381561,1.449117442816496
1788861363782791200,2.397791259765625,-0.8315235968723893,0.309999430629611,2.1603635320566594
1788861363792797200,2.407797119140625,-2.100837430246174,-0.021076105776429176,2.79195068590939
1788861363802803000,2.417802978515625,-1.9730241202816365,-0.08111234906613826,2.728968452295661
1788861363812809200,2.427809326171875,-3.0470979978889225,-0.5034972189038992,3.046352440218627
1788861363822815200,2.437815185546875,-4.072788368338347,-1.0038707528293132,3.6967543307870625
1788861363832821200,2.4478212890625,-3.6015742934018373,-1.0093898085117339,3.919869550950825
1788861363842827000,2.457826904296875,-2.606827342748642,-0.8204711647212505,3.932524157601595
1788861363852833000,2.4678330078125,-2.458960548053682,-0.9120873721450566,3.8448119718790053
1788861363862840000,2.477840087890625,-1.4396005496695636,-0.7174351531386375,3.660654843401909
1788861363872846000,2.48784619140625,-0.3138224960491061,-0.5420365006566047,3.0584219404578206
1788861363882852000,2.49785205078125,1.429099906182289,0.41405309482216834,1.1030056653201579
1788861363892858000,2.507858154296875,1.5101508804500101,0.8296160096853971,0.35616102395430205
1788861363902864100,2.517864013671875,1.6354261963695287,0.7424988672465086,0.31106179916411636
1788861363912870100,2.5278701171875,0.5588946964770555,1.0100736991226673,0.28920652570873495
1788861363922876200,2.537876220703125,-1.719419653829932,1.0292477706700562,1.0577581181004643
1788861363932882200,2.547882080078125,-2.0902304037749766,0.8535001586198806,1.2408023168995976
1788861363942888200,2.55788818359375,-2.218935694143176,0.70721011172235,1.1355769785791634
1788861363952894200,2.567894287109375,-2.1017717884868383,0.6095856037944555,1.0894763216614722
1788861363962900200,2.577900146484375,-1.7877748126536606,0.6257137317746877,0.3230643716469407
1788861363972906200,2.58790625,0.03323942177891731,1.3612386683553457,-1.4535665311798454
1788861363982912000,2.597912109375,0.5325070402890444,1.6559738943576812,-1.5463038515880703
1788861363992918300,2.607918212890625,0.8209230001419782,1.8920359821170567,-1.1491937082603574
1788861364002924300,2.61792431640625,0.9230372207045554,1.801536211502552,-1.1663187383234501
1788861364012930000,2.627929931640625,-0.22994623522758484,3.2405162911862133,-0.4882742230698466
1788861364022936000,2.63793603515625,-0.35878713467419143,3.5930157238930462,-0.12611907326728106
1788861364032942000,2.647942138671875,-0.27809505684673785,3.591155190718174,0.13191723815202713
1788861364042948400,2.6579482421875,-0.09672960491478443,3.2454970022082326,0.35421821932345626
1788861364052954000,2.6679541015625,-0.021297639572620392,3.1786329587250948,0.3628866789475083
1788861364062960000,2.677960205078125,0.13008476202785968,1.6667647529631853,0.7056777875885367
1788861364072966100,2.687966064453125,0.15312895300686358,1.2240958045095205,0.9809981190249323
1788861364082972200,2.69797216796875,0.25143092180490495,1.025354270362854,1.2902101986691354
1788861364092978200,2.707978271484375,0.16958675133287907,1.1404349400043488,1.566364350581169
1788861364102984200,2.717984130859375,0.21020400840342043,1.0916688632696867,1.5492685466125606
1788861364112990200,2.727990234375,-0.5149082552343607,2.232121338930726,1.3616983948215842
1788861364122996000,2.737995849609375,-0.25416999137997626,2.6953917613863942,1.0016048537239433
1788861364133002000,2.748001953125,0.15031155749857425,2.993586187931895,0.5427610155388712
1788861364143008300,2.75800830078125,0.18723697431385516,3.1799493020206686,0.12393091557323932
1788861364153014300,2.76801416015625,0.21110943281054495,3.151993958124518,0.11909691954553127
1788861364163020000,2.77802001953125,-0.3120978642135858,3.3932419240891933,0.20060586671382188
1788861364173026000,2.788026123046875,-0.6447177074521779,3.228989519521594,0.5011936181366443
1788861364183032000,2.798031982421875,-0.8148311130076646,2.8182945029556747,0.9129664930671453
1788861364193038300,2.808038330078125,-0.8530915778189897,2.67727158280611,1.06466658231467
1788861364203044000,2.818044189453125,-0.843092746374011,2.666024212604761,1.0641340828731656
1788861364213050000,2.828050048828125,-1.3377262753427028,2.333395017015934,1.3164847498714922
1788861364223056100,2.83805615234375,-2.090885652813315,1.7700947790563106,1.333475339899957
1788861364233062100,2.848062255859375,-2.5432670169860123,1.5425544359266756,1.4288178743705153
1788861364243068200,2.858068115234375,-2.3610890796273947,1.747001488238573,1.853215253074467
1788861364253074200,2.86807421875,-2.3592758927255866,1.7396499564319847,1.8416861433222889
1788861364263080200,2.878080078125,-0.8926578645318746,1.4465373631954193,0.18836451703906057
1788861364273086000,2.8880859375,0.8617413327425718,1.5133903007626532,-0.5425587709650397
1788861364283092200,2.89809228515625,0.4778004675894975,1.692850795856118,-0.06849953573048115
1788861364293098200,2.90809814453125,-0.5211415966659784,1.4406266778469086,0.7502300460204482
1788861364303104300,2.918104248046875,-0.4968260705769062,1.4186533309698104,0.7641895977899432
1788861364313110000,2.928110107421875,-2.670216988119483,0.7729951277971268,1.3820780427664519
1788861364323116000,2.938115966796875,-2.662465643340349,1.222533962020278,1.1182809758633374
1788861364333123300,2.948123291015625,-2.355250874993205,2.004161893606186,2.095703866750002
1788861364343129000,2.958129150390625,-1.8631945030361412,2.27260298692286,2.983059825481474
1788861364353135000,2.968135009765625,-1.8489339224934578,2.2556138581991196,2.98317000785768
1788861364363141000,2.97814111328125,-0.9510925178438424,1.8247440686106682,2.799662867721915
1788861364373147100,2.988147216796875,0.05280570751428604,1.790243833115697,0.6601067075029016
1788861364383153200,2.998153076171875,0.06707797849476337,1.7759318146467207,0.6666290950089693
1788861364393159200,3.0081591796875,-0.2789215707987547,1.9696973139464855,0.43753538495749233
1788861364403165200,3.018165283203125,-0.1966898623138666,1.990821350517869,0.2256368475958705
1788861364413171000,3.0281708984375,-0.5698515592992306,2.0502543672174216,0.2867603016003966
1788861364423177200,3.03817724609375,-1.0242156217217444,1.451351485478878,0.7198115268811583
1788861364433183200,3.048183349609375,-1.5089040952593087,0.5869108306497335,0.765484313775599
1788861364443189200,3.058189208984375,-1.6483476372629402,0.07276829909086227,0.19928776985257862
1788861364453195000,3.068195068359375,-1.6298048493564128,0.04535129985511303,0.19019231698811054
1788861364463201000,3.078200927734375,0.1564391004681587,0.6504594659745693,-0.9768532743051648
1788861364473207300,3.088207275390625,0.38951661945879457,1.0698691193938255,-0.5865086795896292
1788861364483213300,3.09821337890625,-0.0473304909735918,1.029330188256502,0.19511428356021643
1788861364493219000,3.108218994140625,-0.5969301203608512,0.6749772366374731,0.7563733710810542
1788861364503225000,3.11822509765625,-0.5680933174550533,0.648581981664896,0.7808852965250611
1788861364513231000,3.128231201171875,-1.8591864364385604,-0.052422261154651636,0.5739227542608976
1788861364523237000,3.138237060546875,-1.9178607437252997,0.009218494722247124,-0.04368512020856142
1788861364533243100,3.1482431640625,-1.4148217899829147,0.3566933772653341,-0.3289204041987657
1788861364543249200,3.158249267578125,-0.45960839281678195,0.6959650796085596,-0.24389029716700314
1788861364553255200,3.168255126953125,-0.4193605535805225,0.657522828489542,-0.2057832693517208
1788861364563261000,3.178260986328125,-0.02102174524068832,0.4233721273094415,0.2796522231608629
1788861364573267200,3.18826708984375,-0.1782943739235401,0.2916951276540756,0.35193756104037166
1788861364583273200,3.198273193359375,-0.24761691647469997,0.3575876957565546,0.2738977512873709
1788861364593279200,3.208279296875,-0.2472667878627777,0.5924351470291614,-0.07073197095766663
1788861364603285000,3.218284912109375,-0.20047347250580785,0.5393991378903389,-0.03407748003825545
1788861364613291300,3.228291259765625,-0.5422247167050838,0.6017863282203674,-0.9432396123863757
1788861364623297300,3.23829736328125,-0.8813128791749477,0.3676642686128616,-1.2141454883813858
1788861364633303000,3.248302978515625,-0.771211751511693,0.23429273999929426,-1.171328383179009
1788861364643310300,3.258310302734375,-0.6657067194670439,0.39136429315209387,-0.6547407965555787
1788861364653316400,3.26831640625,-0.6215595347046852,0.3336398339360952,-0.6238105285018682
1788861364663322000,3.278322021484375,0.11048282045722008,1.0923036540418862,-0.10055734650939703
1788861364673328000,3.288328125,-0.3064338471025228,1.1054717631727455,0.3613493863776326
1788861364683334400,3.29833447265625,-0.5257897147327661,1.0563684173077343,0.5920185290522874
1788861364693340400,3.30834033203125,-0.7356278124332427,0.9308867651611566,0.6798346135407686
1788861364703346200,3.31834619140625,-0.6903834800839423,0.8580936238899827,0.6966489702194929
1788861364713352200,3.328352294921875,-1.2044243048340082,0.49180181267410517,0.680455083526671
1788861364723358200,3.338358154296875,-0.039762686067819596,0.30491029079705473,0.12780936444178223
1788861364733364200,3.3483642578125,0.0019546411991119383,0.25005203466713427,-0.5737209480784833
1788861364743370200,3.358370361328125,-0.5632680892556905,0.08191869701296091,-0.4823341654963791
1788861364753376300,3.368376220703125,-0.5287818822860717,0.015550620353221892,-0.47972851304262876
1788861364763382300,3.37838232421875,-0.10619009169936179,0.26978607818484307,0.2173820833392441
1788861364773388300,3.38838818359375,0.5936369240343571,0.8141670961409807,-0.16211013184189796
1788861364783394300,3.398394287109375,0.6364110668778419,1.3798188656628132,-0.026774755809456107
1788861364793400300,3.408400390625,0.29319267273545263,1.274388360159099,0.48050768072158095
1788861364803406300,3.41840625,0.31359599381685255,1.229578035312891,0.4773183831609785
1788861364813412000,3.428412109375,0.7356202136486768,0.580468230381608,-0.03490764725208282
1788861364823418400,3.43841845703125,0.3907388547301292,0.28631080426722766,-0.5053726573869586
1788861364833424400,3.44842431640625,0.3132230688512325,0.2602823367804289,-0.9220007172636687
1788861364843430400,3.458430419921875,0.2224626014739275,0.19150486089140176,-1.0101932338491082
1788861364853436200,3.468436279296875,0.24558394934237002,0.13309797236919402,-1.0211080110952258
1788861364863442200,3.478442138671875,-0.5082546425640583,-0.037865035752952095,-0.9902845644168555
1788861364873448400,3.488448486328125,-0.733961925047636,-0.01218143618106842,-0.6890992854923009
1788861364883454200,3.4984541015625,-0.4401367996275425,0.06159194829910993,-0.13611965827792882
1788861364893460200,3.508460205078125,0.2986269727438688,0.12822072172164917,0.22193799307793377
1788861364903466200,3.51846630859375,0.30986265250742434,0.08326572770774364,0.19314853644520044
1788861364913473300,3.528473388671875,1.2982950131863356,0.7552785615816712,-0.131711340316385
1788861364923479300,3.538479248046875,1.1116454833716154,1.2552274403542278,-0.8053200650796294
1788861364933485300,3.5484853515625,0.76767364051342,1.4217360994160175,-1.2402309467524288
1788861364943491300,3.5584912109375,1.230529052427411,1.5805717396318912,-1.0006367393441498
1788861364953497000,3.5684970703125,1.2157248665273188,1.5789087748557329,-1.0584035763971507
1788861364963503400,3.57850341796875,1.1506032827973365,1.8017586220815778,-0.6680243487596511
1788861364973509400,3.58850927734375,0.7929974668622016,1.516895094013214,-1.1716177215144037
1788861364983515100,3.59851513671875,0.3816378489077091,1.1447893358215688,-1.5707196231812237
1788861364993521200,3.608521240234375,0.015252514189481734,1.0093050528377294,-1.736137856657803
1788861365003527200,3.618527099609375,-0.024711831930279732,1.0316887340813874,-1.8342106928750872
1788861365013533400,3.628533447265625,0.010328501790761948,0.5545823862358927,-0.6440811631143093
1788861365023539200,3.638539306640625,0.7317758131802081,0.4212336539760232,0.1651011303514242
1788861365033545200,3.648545166015625,0.8015811708122491,0.6220367968276143,0.6778080761492252
1788861365043551200,3.65855126953125,0.17157003410458563,1.2828691882565617,0.4856073419481516
1788861365053557200,3.66855712890625,0.1230295828193426,1.3319716573387383,0.4125146332085132
1788861365063563300,3.678563232421875,0.3236597071915865,2.3830323236271735,-0.1634086472198367
1788861365073569300,3.6885693359375,0.5815267995238304,2.2260718296334145,-0.3407566802039742
1788861365083575300,3.6985751953125,0.45556467038393017,1.767397210535407,-0.6085434012651443
1788861365093581300,3.708581298828125,-0.06698679307997227,1.3294739953041075,-0.8574009654507041
1788861365103587000,3.718587158203125,-0.13046528577804564,1.4056325213551522,-0.9205494955420493
1788861365113593300,3.72859326171875,-0.5023176537305116,1.2572896335810422,-0.9806590963289141
1788861365123599400,3.738599365234375,-0.7798626754790544,1.207438391958177,-0.6465279717445374
1788861365133605000,3.748605224609375,-0.5684755947709084,1.128181315369904,-0.1299433077305555
1788861365143612400,3.7586123046875,0.055088850015401834,1.004516649517417,0.2960600448653102
1788861365153618400,3.768618408203125,-0.01542261005938053,0.7982315681234001,0.45521015785783525
1788861365163624200,3.778624267578125,-0.34191491032838817,0.672498863825202,0.21846739435791968
1788861365173630200,3.788630126953125,-0.386770535621047,0.8629518775761127,-0.16298691467642784
1788861365183636200,3.79863623046875,-0.2882745055556297,1.233761166216433,-0.4804384148776531
1788861365193642500,3.808642578125,-0.06736147161126137,1.5283756884485482,-0.6760220695152879
1788861365203648300,3.818648193359375,0.32180618827939034,1.6715514027178286,-0.9299670199677348
1788861365213654300,3.828654296875,0.49806058080792426,1.5819097102373838,-1.29586223308146
1788861365223660300,3.838660400390625,0.09536007012724876,1.502909238758683,-1.3706824962660669
1788861365233666300,3.848666259765625,-0.2006985134333372,1.6284867524951696,-1.0731085397064686
1788861365243672300,3.85867236328125,-0.0834457604497671,1.8568541940987109,-0.5372910596951842
1788861365253678300,3.86867822265625,0.09152326844334602,1.9652987867265939,-0.009994447530806064
1788861365263684400,3.878684326171875,0.047047582378983495,1.8914292483955621,0.26423428927659987
1788861365273690000,3.888690185546875,-0.43274902746379373,1.7903356030523776,0.32187399281859397
1788861365283696000,3.898696044921875,-1.0465887815713881,1.7897335455060004,0.30833851168006654
1788861365293702400,3.908702392578125,-1.1749100410580635,1.8955057040542362,0.2697533449590206
1788861365303708400,3.91870849609375,-1.3297282623261213,1.937062287801504,0.21187427970319986
1788861365313714200,3.928714111328125,-1.589889603075385,1.8240122472047804,0.22109102085977791
1788861365323720200,3.93872021484375,-1.3368378020703793,1.573718220475316,0.21204496009498833
1788861365333726200,3.948726318359375,-1.1550181766301393,1.2783476191788912,0.16508184112906454
1788861365343733200,3.958733154296875,-1.2789730576008558,1.106239240413904,0.15945289533138274
1788861365353739300,3.9687392578125,-1.4340899695545435,1.0985323192983865,0.17791443469524382
1788861365363745300,3.978745361328125,-1.1297522179484367,1.3000433181583881,0.26957009734660387
1788861365373751000,3.9887509765625,-0.5466349343627691,1.6941893509835004,0.4747290973201394
1788861365383757300,3.99875732421875,-0.43667643004059786,2.044769798326492,0.6793380621954799
1788861365393763300,4.008763427734375,-0.6531313155323266,2.0963906799703835,0.9941814257249235
1788861365403769300,4.018769287109375,-0.5078893163830042,1.879369977289438,1.2267439809307454
1788861365413775000,4.028775146484375,-0.42946752157509327,1.688885983878374,1.1455410309717058
1788861365423781000,4.038781005859375,-0.5615665460348129,1.634058415147662,1.0043100210294127
1788861365433787400,4.048787353515625,-1.0000555784553289,1.5894763460993766,0.9681851069420575
1788861365443793400,4.05879345703125,-1.1330647034972905,1.619364119362831,0.9222402251079678
1788861365453799200,4.068799072265625,-0.9352589888960122,1.5256360343515871,0.8015364548876881
1788861365463805200,4.07880517578125,-0.9827303496450185,1.1901742456853388,0.6089703945055603
1788861365473811500,4.0888115234375,-0.8808744877576827,0.7947276516556739,0.37148821081519123
1788861365483817200,4.098817138671875,-0.9772007725685834,0.5313450107723474,0.11929536472707986
1788861365493823200,4.1088232421875,-1.268543433523178,0.46697687575817104,-0.03250584680736065
1788861365503829200,4.118829345703125,-1.7298434326887129,0.6215799929708242,-0.017361761428415775
1788861365513835300,4.128835205078125,-2.270564759093523,0.7545856108814477,0.22268647335767744
1788861365523841300,4.13884130859375,-2.6626865926146506,0.8537667006015777,0.7296550216339528
1788861365533848300,4.148848388671875,-3.006900427535176,0.9921306306749582,1.2999524250045418
1788861365543854300,4.158854248046875,-3.254083044245839,1.103951421737671,1.8417733832143246
1788861365553860000,4.168860107421875,-3.0512136165142056,1.1363158142477274,2.2783161038726565
1788861365563866400,4.178866455078125,-2.767956062337756,1.0322428608328102,2.5859026281416413
1788861365573872400,4.188872314453125,-2.5215339086055755,0.766897979965806,2.720737507306039
1788861365583878400,4.19887841796875,-2.302818092444539,0.3831663736492395,2.5149916473552585
1788861365593884200,4.20888427734375,-2.0014786458715794,-0.05236380896568298,2.202706443876028
1788861365603890200,4.21889013671875,-1.7063967983886599,-0.4631880048692226,1.8589301235899327
1788861365613896200,4.228896240234375,-1.388423904661834,-0.8498194242805241,1.6184597178690134
1788861365623902200,4.238902099609375,-1.183810555872321,-1.1234387970179318,1.6260897743560372
1788861365633908000,4.248907958984375,-1.383103294160962,-1.229484511810541,1.686322417000681
1788861365643914200,4.258914306640625,-1.784320288285613,-1.292192020136118,1.6032377449482678
1788861365653920300,4.268920166015625,-1.778183977487683,-1.259871466767788,1.4126323171146213
1788861365663926000,4.278926025390625,-1.4494105805441737,-1.0691004731088876,1.1367347703121602
1788861365673932000,4.28893212890625,-1.0464619403213262,-0.9035650429934262,0.9488725037068128
1788861365683939300,4.298939208984375,-0.5291062919348478,-1.0069342320531607,0.9583853052005171
1788861365693945000,4.308945068359375,-0.3185743667513132,-1.252099663722515,0.7235850540705024
1788861365703951000,4.318951171875,-0.6201140120714903,-1.6385808610081671,0.11534078188240528
1788861365713957000,4.32895703125,-0.9537515079200267,-1.8415017266660927,-0.14822642178758977
1788861365723963100,4.338963134765625,-1.226118250247836,-1.6816203767895697,0.328766967202723
1788861365733969200,4.34896923828125,-1.007084746439755,-1.5262264014601707,1.0743700840748847
1788861365743975200,4.35897509765625,0.008217500986158848,-1.4889409191608427,1.3494184667021036
1788861365753981200,4.368981201171875,1.391503458237648,-1.3430202900975943,0.8940040184438228
1788861365763987000,4.378987060546875,2.6583652222841976,-1.3465759367525576,0.016739537876844405
1788861365773993200,4.3889931640625,3.3956241430506107,-1.5072744482308624,-0.8769263346537947
1788861365783999200,4.398999267578125,4.732949728637934,-2.2783237026572225,-1.624645859158039
1788861365794005200,4.409005126953125,5.270706360018253,-2.6597289118528367,-2.210109998130798
1788861365804011000,4.419010986328125,1.8413883294194935,-2.360767008066177,-1.8659280196532606
1788861365814017000,4.42901708984375,0.4808166005402803,-2.152166927728057,-1.416421918655932
1788861365824023300,4.439023193359375,-1.2221315186992288,-1.8705255765765905,-0.6174795719146728
1788861365834029300,4.449029296875,-2.707546894082427,-1.9467776261299847,-0.0977326444774866
1788861365844036000,4.4590361328125,-2.547182436864078,-1.3946078539937734,0.4337883073836565
1788861365854042000,4.4690419921875,-1.9377198749274014,0.2781991017431021,2.567202603846788
1788861365864048000,4.479048095703125,-1.0281363022968173,1.9699287846148013,2.7467183362588283
1788861365874054100,4.48905419921875,0.7496124986439943,2.5100451308637854,0.6843170196518301
1788861365884060200,4.49906005859375,1.7565718651384115,1.7153285851240156,-0.452855119164288
1788861365894066200,4.509066162109375,1.3897586603969334,0.4143009321033954,-0.6187780872926115
1788861365904072000,4.519072021484375,0.5137181686669587,-0.6237000538647175,-0.5480462624654173
1788861365914078200,4.529078125,-0.975269512245059,-1.742737985575199,-0.6773042182803154
1788861365924084200,4.539084228515625,-1.5763088214904069,-2.3040046718806027,-0.2542635148823261
1788861365934090200,4.54909033203125,-1.6274030489116906,-1.9749071575492618,0.2514388128504157
1788861365944096000,4.559095947265625,-1.7061252879709004,-0.7813239802032709,0.5284150948002934
1788861365954102000,4.56910205078125,-1.5420885719805955,0.5582470462232828,0.7713356701523065
1788861365964108300,4.5791083984375,-1.0558961236208677,2.0797943499565124,1.717351615384221
1788861365974114300,4.5891142578125,-0.11142565426528453,3.517832180353999,1.857479047998786
1788861365984121000,4.59912109375,0.35385084731578825,2.314348955762386,-0.37676205956488845
1788861365994127000,4.609127197265625,0.21304420026540755,1.0309826316386461,-0.15552403144985436
1788861366004133000,4.619133056640625,-0.43623745410144327,0.4864432082504034,0.5638315683573484
1788861366014139100,4.62913916015625,-1.005337318250537,0.19487550636827944,0.8819257503762841
1788861366024145200,4.639145263671875,-1.5992214950442314,-0.35729309672415255,1.0062488801375031
1788861366034151200,4.649151123046875,-2.0227660563111303,-1.0637491752088069,0.8212219830885529
1788861366044157000,4.659156982421875,-1.7750035938858986,-1.4726041168659925,0.19463643691539764
1788861366054163200,4.6691630859375,-1.090918337163329,-1.5125158560156822,-0.48772564927637574
1788861366064169200,4.679169189453125,-0.4023345999777317,-0.9629127194970846,-0.5291393174216151
1788861366074175200,4.68917529296875,-0.18970482573211192,-0.06245850200057029,0.2776201328113675
1788861366084181000,4.699180908203125,0.10228490095436572,0.5299105940550566,1.1781702118977904
1788861366094187300,4.709187255859375,-0.04871697689592838,0.5076116684854031,1.8362804848864673
1788861366104193300,4.719193359375,-0.42628187727630135,0.09073708650171756,1.8229145150959492
1788861366114200000,4.729199951171875,-0.6941553998380899,-0.22913433432281016,1.247524903152883
1788861366124206000,4.7392060546875,-1.024306222614646,-0.16423603795468805,1.297596217267215
1788861366134212400,4.74921240234375,-1.1351707358658314,0.036649522483348844,1.9064479538291692
1788861366144218000,4.759218017578125,-1.1199760893434285,0.3019394582927227,2.1058698714554307
1788861366154224000,4.76922412109375,-0.40067631137669085,0.6413771648526191,1.6949258485645056
1788861366164230100,4.779230224609375,0.5376058247327804,1.0563941362708806,1.3198521804779768
1788861366174236200,4.789236083984375,0.7937579298406839,1.5932050112336873,1.2308774274736642
1788861366184242200,4.7992421875,0.7176087561398744,1.8875094446033238,1.1344205020204186
1788861366194248200,4.809248291015625,0.5277759201139212,1.825758798611164,1.1273232372358442
1788861366204254200,4.819254150390625,0.11576865190565586,1.194952127611637,0.8662681625172496
1788861366214260200,4.82926025390625,-0.09222878636419772,0.7864882310986518,0.271192437851429
1788861366224266000,4.839265869140625,0.1804290478646755,0.9002560645759106,-0.2732709976911545
1788861366234272300,4.849272216796875,0.24493279195725917,1.3031161497324704,-0.6206131937652826
1788861366244279000,4.859279052734375,0.23614859699904917,1.4850304677188395,-0.905596548821032
1788861366254285000,4.86928515625,0.49302901638150215,1.3034168862447142,-1.1524006876081228
1788861366264291000,4.879291015625,0.5858779804706573,0.9723913264602422,-1.2664017453193663
1788861366274297300,4.88929736328125,0.5489239220827817,0.5766892963647842,-1.0906789754495023
1788861366284303000,4.89930322265625,0.7087602637737989,0.4267547554850578,-0.4928133278042078
1788861366294309000,4.90930908203125,0.7027385192662478,0.12879969065338373,0.572877629122138
1788861366304315100,4.919315185546875,0.5053735341697931,-0.2818997098267078,1.155887945201993
1788861366314321200,4.929321044921875,0.029174072036147115,-0.4205883418098092,1.0581424412429332
1788861366324327200,4.9393271484375,0.13770751199126244,-0.21347002446204422,0.40162469814270735
1788861366334333200,4.949333251953125,1.734576890951395,0.12067805125713348,-0.6100389005199074
1788861366344339200,4.959339111328125,2.3435224432766435,0.038326223523914814,-0.8244432832226156
1788861366354345000,4.969344970703125,1.478791281068325,-0.34840368782579895,-0.12331278367489576
1788861366364352300,4.979352294921875,-0.0577525162667036,-0.8150248820140957,0.7007999524191022
1788861366374358300,4.989358154296875,0.26191023024320603,-1.025301663392782,0.7227189387604593
1788861366384364000,4.999364013671875,2.5362767197072507,-0.7706880198985337,0.3748267075881362
1788861366394370000,5.0093701171875,2.697828048622608,-0.480166319938004,0.49663434739708895
1788861366404376000,5.0193759765625,1.0934183372855186,-0.41636926281005143,1.030169561690092
1788861366414382300,5.02938232421875,1.2349667426139115,-1.0353998635590076,1.2459599919237196
1788861366424388000,5.03938818359375,2.0001772078841924,-1.6745882861956953,0.8823490903548896
1788861366434394000,5.04939404296875,1.9112872105538843,-1.6383920604377984,0.25849077718853947
1788861366444400000,5.059400146484375,2.3395839347839353,-1.044410853010416,-0.7132628358900547
1788861366454406100,5.06940625,2.5489456471443175,-0.36523178076893087,-1.7030103708207607
1788861366464412200,5.079412109375,1.059278751796484,0.03413052539974451,-2.1693334588453173
1788861366474419200,5.089419189453125,0.2051034703940153,0.04932283383458853,-2.2723802840828893
1788861366484425000,5.099425048828125,0.7476397372663021,-0.01791238104850054,-1.889739687873423
1788861366494431200,5.10943115234375,0.7168278348952531,-0.127585054166615,-1.169397707377374
1788861366504437200,5.119437255859375,0.49911973447203634,-0.4729463055565953,-0.7468123465314507
1788861366514443300,5.129443359375,0.19541502007246017,-0.844963216421008,-0.349602834482491
1788861366524449000,5.139448974609375,0.2738888373285532,-1.1203843778833746,-0.28145021249353885
1788861366534455000,5.149455078125,0.4733277060896158,-1.034694053377211,-0.4948571085914969
1788861366544461300,5.15946142578125,0.05502221451997757,-0.5814668860301375,-0.4682733453094959
1788861366554467300,5.16946728515625,0.132167413520813,-0.1962050014063716,-1.0801002982899546
1788861366564473000,5.17947314453125,0.5438017567634582,0.255321207241714,-1.5333701357349752
1788861366574479000,5.18947900390625,0.5449655398458242,0.9109279729768633,-1.3996885182589291
1788861366584486100,5.199486083984375,0.5616273363113403,1.2592001433774829,-0.7687354245260357
1788861366594492200,5.2094921875,0.7749380785584449,1.42469670278728,-0.39794250249862667
1788861366604498200,5.219498291015625,1.0650842232048512,1.5849644216328858,-0.3704483463734388
1788861366614504700,5.229504638671875,1.3663234242737292,1.5954881537348031,-0.4899821960315108
1788861366624510700,5.2395107421875,1.9387328513622282,1.656791055959463,-0.7995537566378712
1788861366634516700,5.249516845703125,1.8998866956174372,1.7895760168567298,-1.1245523112177849
1788861366644522800,5.259522705078125,1.213548107010126,1.9068480590626595,-1.2353759079366922
1788861366654528800,5.26952880859375,1.3684206888139248,2.014385181456804,-1.0857964641049505
1788861366664534800,5.27953466796875,1.5806827987909315,2.1384876542046665,-0.7280261052578687
1788861366674540800,5.289540771484375,1.350596278309822,2.334642971250415,-0.31488544910550115
1788861366684546800,5.299546875,1.2474842788815497,2.401547931265831,0.24488632246702907
1788861366694553900,5.309553955078125,1.320485802206397,2.3220713667079806,0.583456014020741
1788861366704559900,5.319559814453125,1.330489894348383,2.1969778370961546,0.5820987541928887
1788861366714565600,5.329565673828125,1.261137541180849,2.104446268393099,0.45518853054791686
1788861366724571600,5.339571533203125,0.9227823691606521,2.113570070569217,0.08894961856305598
1788861366734577700,5.34957763671875,0.512677135181427,2.2060943327486515,-0.16711802313178778
1788861366744584000,5.359583984375,0.3803179984807968,2.1889137731060386,-0.14948825841695068
1788861366754589700,5.369589599609375,0.3422860817283392,1.9994585382208228,-0.0995323873758316
1788861366764595700,5.379595703125,0.21813655496835707,1.7007041397050022,0.07119535068571567
1788861366774601700,5.389601806640625,0.24580548313856124,1.317861883443594,0.3832660346314311
1788861366784608000,5.39960791015625,0.3044482262432575,0.8836275858581065,0.5177089918687939
1788861366794613800,5.40961376953125,0.3523766831099987,0.4728910682380199,0.39665743112415075
1788861366804620800,5.419620849609375,0.45611061382889745,0.16508184112906454,0.25616350328475235
1788861366814626800,5.429626708984375,0.39049452458024025,0.02877250549793243,0.15226795226335524
1788861366824632800,5.4396328125,0.28366730402112006,0.0854331348747015,0.14543518363386393
1788861366834638800,5.449638916015625,0.2522118430495262,0.4164993189305067,0.08792641299515962
1788861366844644900,5.459644775390625,-0.0692640903621912,0.8917764055222273,0.14962357523441314
1788861366854650600,5.469650634765625,-0.5262111550152302,1.182275601390004,0.5562967889383434
1788861366864656600,5.47965673828125,-0.8620470376908779,1.1492255647033451,1.2630799074202774
1788861366874663000,5.489662841796875,-0.7993085497051476,0.8788193087935448,1.769818007941544
1788861366884669000,5.4996689453125,-0.6374649598449468,0.46149756756424903,1.8023010583952068
1788861366894675700,5.50967578125,-0.3063438307315111,-0.06436112075150012,1.4662475874461234
1788861366904681700,5.519681640625,0.07248597501814365,-0.4500479527890682,1.1014338859587907
1788861366914687700,5.529687744140625,0.16934359022676942,-0.5909539685606956,0.7843032882750034
1788861366924693800,5.53969384765625,0.12351590503156185,-0.654441813609004,0.6936212929613887
1788861366934699800,5.54969970703125,-0.2073866128951311,-0.7240040101349353,0.6515121898978948
1788861366944705800,5.559705810546875,-0.8104021906495094,-0.8290624674558639,0.5724138110026716
1788861366954711600,5.569711669921875,-1.0865163028120994,-0.9235206203073263,0.5402329583659767
1788861366964717800,5.5797177734375,-0.9856634804874658,-0.9747264914095402,0.6261888019405305
1788861366974723800,5.589723876953125,-0.7453004806637763,-1.0226035103499889,0.9908774157434701
1788861366984729900,5.599729736328125,-0.6559241611212492,-1.1492846014142035,1.4504615509018302
1788861366994736600,5.609736572265625,-0.9912374812275171,-1.336815590238571,1.6295334850691259
1788861367004743000,5.619742919921875,-1.585232717180252,-1.5221873552024363,1.3577636857211588
1788861367014749000,5.6297490234375,-2.0300427693158385,-1.6452543474227188,0.9049111969053745
1788861367024754700,5.639754638671875,-2.230758233883977,-1.6140689355641602,0.6210062847360969
1788861367034760700,5.6497607421875,-2.2695319089144466,-1.5404431428611278,0.5199424500092864
1788861367044766700,5.6597666015625,-2.1485925763726232,-1.3955647163271903,0.5470880849577486
1788861367054772700,5.669772705078125,-1.8416303214818237,-1.2197294259935616,0.8680179287940263
1788861367064778800,5.67977880859375,-1.6683680965065955,-1.0910165368407965,1.7400480158388614
1788861367074784800,5.68978466796875,-1.803691928231716,-1.0890683253824711,2.7009084789812565
1788861367084790800,5.699790771484375,-2.0271710132718086,-1.1958739186316727,2.996512304511666
1788861367094797800,5.7097978515625,-2.1682003631621596,-1.4824550642728804,2.4797107828766105
1788861367104803800,5.719803955078125,-2.049647341234982,-1.7308680995613335,1.2001089258529245
1788861367114809900,5.729809814453125,-1.7344670008361338,-1.9333967510312795,-0.016086334665119648
1788861367124815600,5.739815673828125,-1.5126573103129863,-2.1659961311161515,-0.6204775846868753
1788861367134821600,5.749821533203125,-1.517372648397088,-2.383296819782257,-0.7265723993182182
1788861367144828000,5.759827880859375,-1.6722411385476588,-2.3230764520972964,-0.7161670328989624
1788861367154834000,5.769833984375,-1.8710043000042438,-1.9758137510001659,-0.5195680637389422
1788861367164839700,5.779839599609375,-1.881557842722535,-1.5966349856823683,-0.0012662205435335636
1788861367174845700,5.789845703125,-1.8891618879854677,-1.2789233732402323,0.682438220167905
1788861367184852700,5.799852783203125,-2.0931530132234095,-1.0714461594521998,1.2450634814754127
1788861367194858800,5.809858642578125,-1.943356419509649,-0.9572393500357865,1.4601117150396108
1788861367204864800,5.81986474609375,-1.1618097364664077,-0.9110469231814146,1.252769233547151
1788861367214870800,5.829870849609375,0.05311258150637149,-1.0072457822203635,0.7399991593852638
1788861367224876800,5.839876708984375,1.7155243999570606,-1.0706593929886816,0.15644699151366948
1788861367234882800,5.8498828125,2.976601735383272,-0.7686375171095132,-0.34174276863187547
1788861367244888800,5.859888916015625,3.2675100965738295,-0.2618868493676185,-0.37786651367545127
1788861367254894800,5.869894775390625,2.8774855275928974,0.06229834300279617,0.0050648821741342545
1788861367264900600,5.879900634765625,1.9175135377228258,0.15992869614958763,0.34589024370014665
1788861367274908000,5.889907958984375,0.43608255580067634,0.12357903339564799,0.5143719564005732
1788861367284913700,5.89991357421875,-0.732231155732274,-0.12789923468232153,0.558054446260631
1788861367294919700,5.909919677734375,-1.4418226096332072,-0.5572720637112856,0.6363818407833576
1788861367304925700,5.91992578125,-1.9451631766706703,-0.8897486990869045,0.8430614744529128
1788861367314932000,5.929931884765625,-1.8382120374709368,-0.9571680383652448,1.054395948190987
1788861367324937700,5.939937744140625,-0.9998433970093726,-0.8486065413594246,1.0988301332011818
1788861367334943700,5.94994384765625,-0.27365093691945075,-0.4840723874658346,1.0386229172587393
1788861367344949800,5.95994970703125,0.04750117136538028,0.036332711619138716,0.8812816072538494
1788861367354956800,5.969956787109375,0.4483271203458309,0.4964812026619911,0.5719961701124906
1788861367364962800,5.979962890625,1.0567027638286353,0.7716320227503776,0.28508009342849255
1788861367374968800,5.98996875,1.4867027848452328,0.7943056268513202,0.13470102365165948
1788861367384974600,5.999974609375,1.3100263675123451,0.6158890878528356,0.08751812445521354
1788861367394980600,6.009980712890625,0.6163683958023786,0.36266368384659287,0.19670973605811595
1788861367404987000,6.01998681640625,-0.038626375514268875,0.1448018541663885,0.44856998919099567
1788861367414993000,6.029992919921875,-0.47833588964045043,-0.1174047286748886,0.8283402906611561
1788861367424998700,6.03999853515625,-0.554828177690506,-0.48311494061052795,1.1564821117028594
1788861367435004700,6.050004638671875,-0.30311726990044113,-0.7881593791812658,1.181352641326189
1788861367445012000,6.060011962890625,0.053607087025046345,-0.8991519027262925,1.0788996903285384
1788861367455017700,6.070017822265625,0.08545008600950241,-0.7159019522219896,1.043662957252562
1788861367465023700,6.080023681640625,-0.14744623119533062,-0.48119537072479723,1.1257049883842467
1788861367475029800,6.09002978515625,0.10497487069070338,-0.27160686387121674,1.1084978329956532
1788861367485035800,6.100035888671875,0.5857371106952428,-0.022781740650534628,0.7450038358047604
1788861367495041800,6.110041748046875,0.8436065411150455,0.2588561033695936,0.16102175208330152
1788861367505047800,6.1200478515625,0.9278794000387192,0.6255898131340741,-0.32123131100088353
1788861367515053800,6.1300537109375,0.6180512343227863,0.9883025968194007,-0.44681466995626684
1788861367525059600,6.1400595703125,0.5227788424789905,1.2315446592107415,-0.24399171171486375
1788861367535067000,6.15006689453125,0.4760498245298862,1.3277087391972542,-0.02840659479498863
1788861367545073000,6.160072998046875,0.3454220416665077,1.1809227254763246,0.0987000282049179
1788861367555078700,6.17007861328125,0.41245267388820644,0.8662570566013454,0.1545081324055791
1788861367565084700,6.180084716796875,0.4383937553524971,0.6135641520366072,0.08581745801717043
1788861367575091000,6.190091064453125,0.3097287969946861,0.44735681400895116,0.03224076613038778
1788861367585097000,6.200096923828125,0.20111001684367655,0.2921352726370096,0.2456201896995306
1788861367595102700,6.210102783203125,0.42877720122337337,0.2844502710923552,0.06744008980542421
1788861367605108700,6.220108642578125,1.0331412709772587,0.2823910004749894,-0.5711369229346513
1788861367615115800,6.23011572265625,1.7175649658739567,0.323916020040214,-0.8660521816790103
1788861367625121800,6.240121826171875,0.7961831111609935,0.5854556634053587,-0.4140820286557078
1788861367635127800,6.2501279296875,-0.36094694305658337,0.5795277346611023,-0.03277560365945101
1788861367645134000,6.260134033203125,0.9489490760743617,0.2157213105201721,-0.438576710703969
1788861367655139800,6.270139892578125,2.200835973829031,-0.238907248057425,-0.7087257769823074
1788861367665145900,6.280145751953125,1.8070336398750542,-0.448233596843481,-0.5878706155925989
1788861367675152000,6.29015185546875,0.5866185697048902,-0.44431613113880153,-0.24425007039010524
1788861367685158000,6.300157958984375,0.5380044686615467,-0.43630818125009535,-0.4113362370789051
1788861367695164000,6.310163818359375,0.7101110938608646,-0.4823939328595996,-0.8353644902095199
1788861367705171000,6.3201708984375,0.8403525077551602,-0.32665567413717506,-0.908151494000852
1788861367715176700,6.3301767578125,1.6524305226624012,0.14897767854630947,-0.8115782486915588
1788861367725183000,6.340182861328125,1.7221803507149218,0.45022330935597416,-0.5520648504570126
1788861367735189000,6.35018896484375,0.8837561806738377,0.28968495687544343,-0.17527648740708826
1788861367745195000,6.360195068359375,0.803991154563427,-0.1584083547145128,-0.01973404351770878
1788861367755200800,6.37020068359375,1.796580634921789,-0.2446758945867419,-0.22272125241011378
1788861367765206800,6.380206787109375,1.4975480039864777,0.14065321005433798,-0.6028457741454243
1788861367775214000,6.390214111328125,0.9712146838963032,0.44304304246306414,-1.1091054434999823
1788861367785219800,6.4002197265625,1.9001754494309424,0.5968424420773982,-1.7744924294933675
1788861367795225900,6.410225830078125,2.0496552322804926,0.4192334200695157,-2.0260767882943154
1788861367805231900,6.42023193359375,0.7279016020953655,-0.11926467732787131,-1.7798562946140766
1788861367815238000,6.43023779296875,0.35713936746716496,-0.22762743689119813,-1.6096116638943552
1788861367825244000,6.440243896484375,0.6647194619953632,-0.038116087904572486,-1.3369973765462637
1788861367835250000,6.45025,0.8049789965569972,0.1080500403523445,-0.8078931304380297
1788861367845256000,6.460255859375,0.8198357894271612,0.2258475677371025,-0.5052230197831988
1788861367855263000,6.470262939453125,1.0294155284523963,0.45691199333965776,-0.5076847337216138
1788861367865269000,6.48026904296875,1.4161071536183356,0.7063394663676619,-0.26704876217544077
1788861367875275000,6.49027490234375,1.6738304535657167,0.8831047310277819,-0.06742109284400939
1788861367885280800,6.50028076171875,1.934863316452503,1.0330144297271966,-0.2886296026036143
1788861367895286800,6.510286865234375,1.955858173686266,1.2919058966711163,-0.8220999349668622
1788861367905293000,6.52029296875,1.8752432527482508,1.6824071432530878,-1.5288924057990312
1788861367915298800,6.530298828125,1.6526479648053645,1.9806845719069242,-1.909586836376786
1788861367925304800,6.540304931640625,1.69627901673913,2.1068182582214474,-1.7233166612684725
1788861367935312000,6.550311767578125,1.6538585096389053,2.083482098558545,-1.2685913643181324
1788861367945318000,6.56031787109375,1.8060685942351817,1.9093883911952376,-0.8401894261479377
1788861367955324000,6.570323974609375,2.1066034464269876,1.6096636863425373,-0.5449722618475557
1788861367965330000,6.580329833984375,2.0090742155671117,1.3033803536266089,-0.5517307961970568
1788861367975336000,6.5903359375,1.817524638751149,1.0037725531518458,-0.770260442136228
1788861367985341700,6.600341796875,1.496458455184102,0.8214268580108881,-1.095308681076765
1788861367995348000,6.610347900390625,0.9550070609390735,0.7218398178383708,-1.3726909134790302
1788861368005354000,6.62035400390625,0.2838233713656664,0.6519710395812988,-1.3330705584913491
1788861368015360800,6.63036083984375,-0.15309095908403395,0.5726385596692561,-1.1076049758091568
1788861368025366800,6.64036669921875,-0.07128010635972022,0.46130905925482507,-0.9010451691269874
1788861368035373000,6.650373046875,0.6063263097375631,0.3019914807409048,-0.7629080335468054
1788861368045378800,6.66037890625,0.7255319503545761,0.14707038362026215,-0.7418257902905344
1788861368055384800,6.670384765625,0.4048223251402378,-0.08771569285392761,-0.6982990755140781
1788861368065390800,6.680390869140625,-0.015910685837268828,-0.40195582979321476,-0.6251949685975909
1788861368075396900,6.69039697265625,-0.2561345694512129,-0.5373743540644645,-0.41053865696042774
1788861368085403000,6.70040283203125,-0.45470016250908374,-0.5856681371122598,-0.062253627078235146
1788861368095410000,6.710409912109375,-0.3709241471916437,-0.7645902875453233,0.34870062494575976
1788861368105416000,6.720416015625,-0.012259177592396735,-1.0387789846032858,0.7021350004151463
1788861368115422000,6.730421875,0.3173714207023382,-1.3698498448342085,0.8612170166075229
1788861368125428000,6.740427978515625,0.3593494447320699,-1.5882675548315048,0.6568108808279037
1788861368135434000,6.75043408203125,0.17195231142044065,-1.6207435910224914,0.2473626494526863
1788861368145439700,6.760439697265625,-0.07043897936046123,-1.3892512953966856,-0.051048342452943325
1788861368155445800,6.77044580078125,-0.3966226520717144,-0.8968360269993543,-0.12724310886114834
1788861368165453000,6.780453125,-0.7824842561542987,-0.3228039671450853,-0.028191198478639126
1788861368175458800,6.790458740234375,-1.0696072535872458,0.11915770982205867,0.21689006203860042
1788861368185464800,6.80046484375,-1.2296528541147709,0.22313480164706706,0.6101753863811492
1788861368195470800,6.810470947265625,-1.5671727443546055,-0.11552198366820811,1.0776409224390984
1788861368205477000,6.82047705078125,-2.2603157522797583,-0.762847243270278,1.389427528746426
1788861368215483000,6.83048291015625,-2.866825601890683,-1.4748065953463314,1.615693906417489
1788861368225489000,6.840489013671875,-3.1963930718213316,-2.100065569090843,1.7955220657795667
1788861368235495700,6.85049560546875,-3.3566575757965444,-2.591511700195074,1.765979452691972
1788861368245502000,6.860501953125,-3.5546781021922826,-2.8729747721701857,1.405578745341301
1788861368255508000,6.870508056640625,-3.541400395207107,-2.9339392362207173,1.0370473385050891
1788861368265514000,6.880513916015625,-2.9086513579681514,-2.682395501691103,0.9386749348193406
1788861368275519700,6.890519775390625,-2.2135803045898674,-2.037265706306696,1.0863540979877113
1788861368285525800,6.90052587890625,-2.100809665456414,-1.3737532820135354,1.0969798291593789
1788861368295532000,6.910531982421875,-2.1851842311888934,-0.86146485388875,0.7715124880239367
1788861368305538000,6.9205380859375,-1.700714076577127,-0.6037205111533404,0.537450049649179
1788861368315544800,6.930544921875,-1.1978440496608613,-0.5641133079081774,0.40052258211970326
1788861368325550800,6.94055078125,-1.0306006465837358,-0.7368295894384383,0.2400137479946017
1788861368335556900,6.950556884765625,-0.9191945738017558,-0.8011001092970371,0.010606441949307918
1788861368345563000,6.96056298828125,-0.8060495483979583,-0.6900994024455547,0.009783142867684363
1788861368355569000,6.97056884765625,-0.7996651080578565,-0.46025838115811346,0.2005763483583927
1788861368365575000,6.980574951171875,-0.9343316449180245,-0.2726286081343889,0.35557840176075695
1788861368375580700,6.99058056640625,-1.0180559300482273,-0.1648351728916168,0.45258653135597704
1788861368385588000,7.000587890625,-0.9062707948207854,-0.13513503115475178,0.5458458298116922
1788861368395594000,7.010593994140625,-0.6946855611920356,-0.2511556119948625,0.5773562358409166
1788861368405599700,7.020599853515625,-0.8789449809998273,-0.5708879166096449,0.2910176667839289
1788861368415605800,7.030605712890625,-1.1050859787255525,-1.0899439391732215,-0.1110109359845519
1788861368425612000,7.040612060546875,-1.033056515303254,-1.5782582019925118,-0.4281739746332168
1788861368435618000,7.0506181640625,-0.7807353666603565,-1.9280495447844266,-0.5994418109208345
1788861368445623800,7.060623779296875,-0.7158417464673519,-1.9493027606934308,-0.6902516703978181
1788861368455630800,7.070630859375,-0.6540858397781849,-1.7274439703315496,-0.49943508403152226
1788861368465636900,7.080636962890625,-0.40680619243383404,-1.38562492159307,-0.1236614509820938
1788861368475643000,7.090642822265625,0.00008475567400455475,-0.8469897538125515,0.3079503891453147
1788861368485649000,7.10064892578125,0.33416064293980596,-0.23319208528101443,0.6208703833967447
1788861368495655000,7.110655029296875,0.5193447763770819,0.10365502026379107,0.7497507380709052
1788861368505661000,7.120660888671875,0.5533955145388841,0.2039174754798412,0.6904115371346473
1788861368515667000,7.1306669921875,0.2871849567532539,0.19602584544718266,0.4879048052355647
1788861368525674000,7.140674072265625,-0.07909282593727111,0.07057400391697884,0.37272681269943714
1788861368535679700,7.1506796875,-0.3459387590169906,-0.14944061988294124,0.44548751300573347
1788861368545686000,7.16068603515625,-0.5579688138037919,-0.4328010499119758,0.7557675141423941
1788861368555692000,7.170692138671875,-0.8445610653609037,-0.6720832687616348,1.0971291745021938
1788861368565697800,7.18069775390625,-1.0747755961358547,-0.8454173899292945,1.3279489776939153
1788861368575703800,7.190703857421875,-1.0923632752746344,-0.9059715196132659,1.4845587585538624
1788861368585709800,7.200709716796875,-1.0366530784904957,-0.8670219034940004,1.365318631145358
1788861368595716900,7.210716796875,-0.6979372564643621,-0.6786129627913237,0.9708964117273687
1788861368605723000,7.220722900390625,0.08665127849280833,-0.4100356758743524,0.6132298055157065
1788861368615728600,7.230728759765625,0.7442991946667432,-0.26570377730727196,0.4657978951066732
1788861368625734700,7.240734619140625,0.7238748307973146,-0.30730420019626614,0.43105420624464746
1788861368635740400,7.250740478515625,0.1947948423475027,-0.3181353908121586,0.35199908196926116
1788861368645746400,7.260746337890625,-0.36921383614242076,-0.3584796761602163,0.2713482129350304
1788861368655752400,7.27075244140625,-0.4911696522504091,-0.6078057346403598,0.2629898421734571
1788861368665759500,7.280759521484375,-0.3354039209991693,-0.9959493121802806,0.15792203250229359
1788861368675765500,7.290765625,0.23121640129387377,-1.4138994144409893,0.07294687052816153
1788861368685771500,7.300771484375,0.7320575527310371,-1.5896324134439228,0.014470423901081084
1788861368695777500,7.310777587890625,0.7007026295244694,-1.4896189645528792,-0.046043666033446784
1788861368705783600,7.320783447265625,0.4687181664675474,-1.0162199467927218,-0.011593699420988559
1788861368715789600,7.33078955078125,0.05796586675643921,-0.24852760157883166,0.30206133110672234
1788861368725795600,7.340795654296875,-0.20742226873040198,0.46644086918532845,0.8610691325694322
1788861368735802400,7.35080224609375,-0.17053601488173006,0.6978349651336669,1.1873702941805124
1788861368745808600,7.36080859375,0.44949616412520405,0.3955950625896454,1.1368643880411982
1788861368755814700,7.370814697265625,1.2851415171027183,-0.15433832879662512,0.9756506205171346
1788861368765820400,7.3808203125,1.727838522607088,-0.4656526414170861,0.7088841824144124
1788861368775826400,7.390826416015625,1.845119332641363,-0.31463907312899825,0.2733919937223196
1788861368785832400,7.40083251953125,1.7883944058567285,0.15437953758984804,-0.03176905696541071
1788861368795838700,7.410838623046875,1.9123516249150037,0.8198328668177127,-0.18323446067422627
1788861368805845500,7.420845458984375,1.6620915004551409,1.3088757361724972,-0.1418713536724448
1788861368815851500,7.4308515625,1.0344669666230677,1.3507912163600324,-0.2335854685127735
1788861368825857300,7.440857177734375,0.7741735239267349,1.10114600892812,-0.7319839029729366
1788861368835863600,7.450863525390625,0.8321867369562387,0.7727379381656646,-1.3559385161206126
1788861368845869600,7.46086962890625,2.0928695201069116,0.22967501707077026,-1.7751365726158022
1788861368855875600,7.47087548828125,2.3471745360434055,-0.7098410447478294,-1.5916937298879026
1788861368865882600,7.480882568359375,0.8498796300351619,-1.4036936622470617,-1.0593857193022966
1788861368875888600,7.490888671875,0.03562193300127983,-1.5565139876961707,-0.5812685869790614
1788861368885894700,7.500894775390625,0.029278701454401014,-1.2980427919909356,-0.252533037827909
1788861368895900400,7.510900390625,0.4369979170799255,-0.8799351610809564,-0.16902692549303172
1788861368905906400,7.520906494140625,1.1578291423976421,-0.6222099614374339,-0.354829483089596
1788861368915912700,7.53091259765625,1.968250622269511,-0.45233343337774273,-0.6343573492184281
1788861368925918500,7.54091845703125,2.444124505710602,-0.10438479584306477,-0.813205119241029
1788861368935925500,7.550925537109375,2.7091362091004845,0.2911206887669861,-0.9190063577532768
1788861368945931500,7.560931640625,2.280495785999298,0.6893580825589597,-0.90013112302199
1788861368955937500,7.5709375,1.471163270407915,1.0023033573821187,-0.6736531484268605
1788861368965943600,7.580943603515625,1.1779811190664768,0.8699692089922726,-0.5167535908401012
1788861368975949600,7.590949462890625,1.8901473918914793,0.52584787466079,-0.6973626714468002
1788861368985955600,7.60095556640625,2.3887176757872104,0.3124817489646375,-0.9455560726352036
1788861368995961300,7.61096142578125,2.0121745196700096,-0.03951411813423037,-0.987274422815442
1788861369005968600,7.62096875,1.7939409340679644,-0.29722499699145555,-0.8993576544314622
1788861369015974400,7.630974365234375,1.9499024801522493,-0.24997253969013689,-0.9174335554786026
1788861369025980400,7.64098046875,1.9974580120533703,0.16676964808553457,-1.1867951246410609
1788861369035986400,7.650986328125,2.0468121178090573,0.520111084574461,-1.3429282278999686
1788861369045992700,7.66099267578125,1.7613082460105418,0.8220799150921404,-1.250309273174405
1788861369055998500,7.67099853515625,1.5887421866059301,1.1518249335467814,-1.0611065517455338
1788861369066004500,7.68100439453125,1.604021004280448,1.3149725917428732,-0.9474927397862076
1788861369076011500,7.691011474609375,1.7294120555341244,1.438947054196894,-0.7420134218171238
1788861369086017500,7.701017578125,1.9904940182596444,1.3874912999868392,-0.34928047066032886
1788861369096023600,7.7110234375,2.403854454642534,1.1361685147315264,-0.15797084008008241
1788861369106029600,7.721029541015625,2.869744119685888,1.0217743660494685,-0.4999301740720868
1788861369116035600,7.73103564453125,3.067458648872375,1.0656368886515497,-1.1406129269197582
1788861369126041300,7.741041259765625,2.7903648780226704,1.0701450137257575,-1.6516881798624992
1788861369136048600,7.751048583984375,2.3411796795427797,0.9109010849699377,-1.7632646407753227
1788861369146054400,7.761054443359375,1.9327274734675883,0.8532721950829029,-1.6145026508063076
1788861369156060400,7.771060302734375,1.1764239527523517,0.9922224006116389,-1.3364292212694882
1788861369166066400,7.78106640625,0.46818157537281513,1.0127531474649905,-0.7203957565099001
1788861369176072700,7.79107275390625,0.3480021212875843,0.8987403993159532,-0.03597352291792631
1788861369186078500,7.801078369140625,0.3408832291930914,0.6789487706169486,0.5285746692761778
1788861369196084500,7.81108447265625,0.447950103726983,0.27991291992366313,1.0448971752226353
1788861369206091500,7.821091552734375,0.8654583074390888,-0.26215105326175686,1.1607391846254467
1788861369216097500,7.83109765625,1.4468021516114473,-0.7128802663132547,0.717587128829956
1788861369226103600,7.841103515625,1.3933493783652782,-0.9268085559368133,0.06841974849253893
1788861369236109600,7.851109619140625,0.8602396960079669,-1.0341425569742917,-0.3466013145789504
1788861369246115300,7.861115234375,0.2472276248961687,-1.06193423474133,-0.479554617780447
1788861369256121600,7.87112158203125,-0.09060381551086902,-1.0002321040660143,-0.4428638865038752
1788861369266128600,7.881128662109375,-0.07612403925955295,-0.9723293671399355,-0.23741817854344843
1788861369276134400,7.891134521484375,0.11794190429151058,-1.0280758042812346,0.05776216087788343
1788861369286140400,7.901140380859375,0.10855506726503372,-1.0346335553616284,0.17352905921787024
1788861369296146700,7.911146728515625,0.08374737374484538,-1.0649281558603048,0.17781331240832804
1788861369306152700,7.921152587890625,0.16172200930714606,-1.2273989377081393,0.24488544568419454
1788861369316158500,7.931158447265625,0.01819324381649494,-1.3382710497438908,0.13718670298755167
1788861369326165500,7.94116552734375,-0.2357160508006811,-1.428406078699231,-0.10365765061229466
1788861369336171500,7.951171630859375,-0.3118044342249632,-1.5179378810644149,-0.25699732376039025
1788861369346177500,7.961177490234375,-0.5725748467832803,-1.4523907653987407,-0.4063683855384588
1788861369356183600,7.97118359375,-1.0174562105894087,-1.3432213656276464,-0.4390238699495792
1788861369366189600,7.981189453125,-1.3256389471858738,-1.2507055790156125,-0.3056654930785298
1788861369376195300,7.9911953125,-1.3736281943291424,-1.1951111175656317,0.13823621204048395
1788861369386201600,8.00120166015625,-1.4790268433898686,-1.0573135892033576,0.7983192464068531
1788861369396208600,8.011208740234375,-1.9975924520879982,-0.8705950858056545,1.403594293525815
1788861369406214400,8.02121435546875,-2.6456033558666703,-0.8200017936438322,1.695294389615953
1788861369416220400,8.031220458984375,-3.19462430858314,-0.7542062561750411,1.6516987012565134
1788861369426226700,8.041226806640625,-3.3265783716142177,-0.868516525965929,1.7413567603498696
1788861369436232400,8.051232421875,-3.215527395880222,-1.3575959279388188,2.1245470993965863
1788861369446238500,8.061238525390625,-3.239970640002191,-2.181428093525767,2.0943822627574202
1788861369456245500,8.07124560546875,-2.928834022036195,-2.9436364543706177,1.4829375870928168
1788861369466251500,8.08125146484375,-2.236250401559472,-3.237331815931201,0.7993357299730182
1788861369476257500,8.091257568359374,-1.7316314851492642,-2.994578706100583,0.23963936172425745
1788861369486263600,8.101263671875,-1.656106873087585,-2.21503050339818,0.026366321139037606
1788861369496269600,8.11126953125,-1.7092372825115918,-1.3794313276499508,0.630939065207541
1788861369506275300,8.121275390625,-1.598741018050909,-0.9746341369509697,1.625571157309413
1788861369516282600,8.13128271484375,-1.6898907770067453,-0.7376905901819467,2.0793881072431804
1788861369526288400,8.141288330078124,-1.7368118103966115,-0.7267506784945726,1.8893731926485895
1788861369536294400,8.15129443359375,-1.413633456981182,-0.789925219810009,1.2945765771850943
1788861369546300400,8.161300537109375,-0.8423778761029243,-0.6869295402377843,0.7003662371769547
1788861369556306700,8.171306640625,-0.4400304166436195,-0.5791898810088634,0.2379290506750345
1788861369566312400,8.1813125,-0.37331659528613087,-0.5566437026798725,-0.3359457727909088
1788861369576319500,8.191319580078124,-0.2805763522684574,-0.5863157873660325,-0.8881956244260072
1788861369586325500,8.201325439453125,-0.2579553551375866,-0.6238783330410719,-1.2778332399159669
1788861369596331500,8.21133154296875,-0.4608832350581884,-0.7315817519128323,-1.3375798526093363
1788861369606337500,8.221337646484375,-0.4708709605872631,-0.8573001354247332,-1.1463850805804132
1788861369616343600,8.231343505859375,-0.2384790857732296,-0.887502381464839,-0.8643544378504157
1788861369626349300,8.241349365234376,0.16804712067544458,-0.8375041325867175,-0.5337307368651032
1788861369636355000,8.25135498046875,0.34855215638577935,-0.7678636101275682,-0.12321633756309747
1788861369646362400,8.2613623046875,0.12961422190666197,-0.7686328409343958,0.40118513768166303
1788861369656368000,8.2713681640625,-0.29403672234416006,-0.9486907173991203,0.8517132752031087
1788861369666374100,8.2813740234375,-0.6029039340734481,-1.1176520303100348,0.9807219324320554
1788861369676380200,8.291380126953126,-0.6732230864465236,-1.18968733895123,0.9654179803162812
1788861369686386400,8.301386474609375,-0.536938885256648,-1.118628766387701,0.9394093865737319
1788861369696393200,8.311393310546874,-0.1387327633857727,-0.9160697197794914,0.8363271977618336
1788861369706399200,8.321399169921875,0.3468763321280479,-0.5592974320590496,0.653768444392085
1788861369716405200,8.3314052734375,0.5540186148732901,-0.07666121487617492,0.5444289487510919
1788861369726411300,8.341411376953126,0.5148270066916942,0.34790392161011696,0.520524926072359
1788861369736417300,8.351417236328125,0.19132512041032312,0.6080991646289825,0.48117695828527207
1788861369746423300,8.36142333984375,-0.40635201892554756,0.6131418349713087,0.5957067160457372
1788861369756429300,8.37142919921875,-0.8268699258476495,0.3334440191030502,0.9301678032368421
1788861369766436400,8.381436279296874,-0.9381237306773662,-0.08893559003770352,1.2638377400502563
1788861369776442400,8.3914423828125,-0.8938368451833725,-0.5525801065027713,1.3973375712186098
1788861369786448100,8.4014482421875,-0.7393319276481867,-0.9940841028302907,1.374746384704113
1788861369796454100,8.4114541015625,-0.38943186378479,-1.2852309489518403,1.126168806503713
1788861369806460400,8.42146044921875,0.113278588655591,-1.2319564548820257,0.7492460034191608
1788861369816466400,8.431466552734374,0.442646152099967,-0.8712795609384775,0.3936100262522697
1788861369826473200,8.44147314453125,0.774678550839424,-0.49189913556873793,0.30423253766596314
1788861369836479200,8.451479248046875,0.76312313760221,-0.32458442082107064,0.3040437370955944
1788861369846485500,8.461485595703126,0.2469844637900591,-0.35691257297396656,0.30356472140699625
1788861369856491300,8.4714912109375,-0.3524234448611736,-0.5479471860051155,0.3253025059625506
1788861369866497300,8.481497314453126,-0.1979407391577959,-0.7070318325459957,0.33128859463483096
1788861369876503300,8.49150341796875,0.5187275212615728,-0.6210258662194014,0.210005270960927
1788861369886510300,8.50151025390625,0.736200059363246,-0.4087088111847639,0.2380140986099839
1788861369896516400,8.511516357421876,0.34091420885324475,-0.23819646943956613,0.2527054717853665
1788861369906522400,8.5215224609375,0.3000298252791166,-0.1844908904761076,0.12124474522918462
1788861369916528000,8.531528076171876,0.8315735734939574,-0.09491934062242507,0.020366496202349663
1788861369926534100,8.5415341796875,1.016307040554285,-0.03739303432703018,0.033439912787079806
1788861369936540400,8.55154052734375,0.8810282170146703,-0.23842063358426094,0.015197276870906351
1788861369946547200,8.561547119140625,0.526860558834672,-0.4790498831287026,0.015166589471697807
1788861369956553200,8.57155322265625,0.7031839249461889,-0.5851236549720168,-0.01661561923623085
1788861369966559200,8.581559326171876,1.541065658673644,-0.5490270901963115,-0.19756079992949963
1788861369976565200,8.591565185546875,2.2923861302793025,-0.34333091460615395,-0.41750498884171244
1788861369986571300,8.6015712890625,2.039669844838977,-0.055148471248149866,-0.4526753786832094
1788861369996577300,8.611577392578125,1.7521709998309611,0.16726386134326457,-0.4682441192150116
1788861370006584000,8.621583984375,1.5886673678040504,0.18488573501259087,-0.4707178158521652
1788861370016590300,8.63159033203125,0.5339280130028724,0.1944979052275419,-0.31470366279780865
1788861370026596400,8.641596435546875,0.09031681526303291,0.1919555272683501,-0.3245797446459532
1788861370036602400,8.651602294921876,0.5478361268460751,0.005750526350736617,-0.5527016870558261
1788861370046608100,8.661608154296875,1.103018524801731,-0.2203010395258665,-0.8542185360223055
1788861370056614100,8.6716142578125,1.755256106364727,-0.25637159307748075,-1.22818585030213
1788861370066621200,8.68162109375,1.9250638069719075,0.009248597599565983,-1.449511848961562
1788861370076627200,8.691627197265625,1.8057909463375805,0.45084436386376614,-1.3921229053102433
1788861370086633200,8.70163330078125,1.4643307940393686,0.49521790472790594,-1.084830103290826
1788861370096639200,8.71163916015625,1.0336275931894778,0.24713220169767736,-0.694833299099654
1788861370106645200,8.721645263671874,1.312138245099783,-0.1318301443904638,-0.3672046882770955
1788861370116651300,8.7316513671875,1.6726152325570582,-0.5637964970439672,-0.18210501825287936
1788861370126658300,8.741658203125,1.6751216624200342,-0.7183341478049755,-0.21531638298109174
1788861370136664000,8.7516640625,1.8668214613616465,-0.5780125077925622,-0.32822657671570776
1788861370146670300,8.76167041015625,2.216518696129322,-0.1266372519224882,-0.7698311108082533
1788861370156676400,8.77167626953125,2.4994892500579358,0.4070940694645047,-1.527316827045381
1788861370166682400,8.781682373046875,2.382519405668974,0.6206412508159875,-1.8571112375997005
1788861370176688000,8.791688232421874,2.0388369011461736,0.6950777753800154,-1.6941963652461767
1788861370186695400,8.8016953125,2.3165853365123272,0.997463954526931,-1.4255914596699177
1788861370196701200,8.811701171875,2.209060781338811,1.2814856249436735,-1.2351602193593978
1788861370206707200,8.821707275390626,2.1245973682790993,1.5083581518143414,-0.9261224733687937
1788861370216713200,8.831713134765625,2.096984554210305,1.5790627963736652,-0.6168754685416817
1788861370226719500,8.841719482421874,2.1563561961114406,1.4105313993126154,-0.38696050523519515
1788861370236725200,8.851725341796875,2.27797415856719,1.143685173971951,-0.3591822714716196
1788861370246732300,8.861732177734375,2.0531027423858643,1.0376415050059555,-0.6105696463957428
1788861370256738300,8.87173828125,2.013163530707359,0.9966247272238135,-0.7578130484953522
1788861370266744300,8.881744384765625,2.0365724633455273,0.9867027604073285,-0.9405909975737333
1788861370276750300,8.891750244140624,1.9453513927191495,1.1001324479714036,-1.158304943215847
1788861370286756400,8.90175634765625,1.755979744464159,1.1138640362039207,-1.256342415858805
1788861370296762000,8.91176220703125,1.8319032927155494,1.0678066339060663,-1.2165797297909855
1788861370306769400,8.921769287109376,2.0037761091589927,1.0591457730665803,-0.984814462442696
1788861370316775400,8.931775390625,1.6688859829008578,1.108210540486872,-0.6605266864806413
1788861370326781200,8.94178125,1.3428250597864388,1.1156138024806976,-0.35378333503752946
1788861370336787200,8.951787109375,1.4262754964113236,0.8921873244106769,-0.07997662303447722
1788861370346793200,8.961793212890624,1.4607055892795324,0.5858084223657846,0.024887480758130548
1788861370356800300,8.97180029296875,1.1312333964169026,0.2198892438545823,-0.06118541332483291
1788861370366806300,8.98180615234375,0.852667799448967,-0.30263591612428425,-0.07435439923852681
1788861370376812300,8.991812255859376,0.7146727026879787,-0.758085727956891,-0.05007511350661516
1788861370386818000,9.001818115234375,0.48139936886429785,-0.9273445625096559,-0.16825024203211067
1788861370396824300,9.01182421875,0.3276701118767261,-0.8705302038758993,-0.4143021011471748
1788861370406830300,9.021830322265625,0.2327928568303585,-0.664458765232563,-0.4189999035745859
1788861370416837000,9.031837158203125,0.04779752396345138,-0.2847077529847622,-0.07309504682719707
1788861370426843100,9.041843017578126,-0.028559155008196828,0.08844459165036678,0.2562535196557641
1788861370436849400,9.051849365234375,0.0958551601678133,0.3114753484010696,0.4431453337937593
1788861370446855400,9.06185546875,0.16720774724185467,0.33368542664349077,0.5489814974889159
1788861370456861200,9.071861083984375,0.10539338836371898,0.08232932364046573,0.5110375512808562
1788861370466867200,9.0818671875,-0.010402151548862457,-0.25404022752046584,0.32913229338377714
1788861370476874200,9.091874267578126,-0.1386924313753843,-0.6224672971993684,0.21684359254837035
1788861370486880300,9.10188037109375,-0.34893677178919313,-1.0454618233680724,0.2653814134851098
1788861370496886300,9.11188623046875,-0.40588206332623955,-1.448272224164009,0.47501609756797547
1788861370506892300,9.121892333984375,-0.3535287757545709,-1.6558037984877825,0.6809358527809382
1788861370516898000,9.13189794921875,-0.6822405056387185,-1.7023223885565995,0.6237012229084968
1788861370526904300,9.141904296875,-1.2486509845733642,-1.7757938674807547,0.3958925842314958
1788861370536911400,9.151911376953125,-1.6646785943388938,-1.883066493719816,0.1474699043318629
1788861370546917000,9.161917236328126,-2.167985259106755,-1.9270400754809378,0.06758417445123195
1788861370556923100,9.171923095703125,-2.7351304820567366,-2.00398653703928,0.2673360546842217
1788861370566929400,9.181929443359374,-3.1175317165523766,-2.2517297102421523,0.743863141337037
1788861370576935200,9.19193505859375,-3.228987181434035,-2.563067695999145,1.1985817162856458
1788861370586941200,9.201941162109375,-3.242043062362075,-2.7452263441354035,1.4605018834009766
1788861370596948500,9.211948486328126,-3.1903809719249603,-2.6175065576732157,1.5378656935885548
1788861370606954200,9.221954345703125,-2.9198259551942347,-2.0401549980074165,1.444316472275555
1788861370616960300,9.231960205078124,-2.295182482999563,-1.1829466325193643,1.141549623247981
1788861370626967300,9.24196728515625,-1.55459441781044,-0.5017231949687003,0.813427968211472
1788861370636973000,9.25197314453125,-1.0374491973042488,-0.21207447845041752,0.7127128007918596
1788861370646980400,9.26198046875,-1.0929144794166088,-0.41655718659758567,0.8823799238845705
1788861370656986000,9.271986083984375,-1.4429597969695924,-1.042909800797701,1.3049156003698705
1788861370666992000,9.2819921875,-1.8965946683347223,-1.6446791778832672,1.4818474537685513
1788861370676998100,9.291998046875,-2.3515531895190476,-1.9263322194725274,1.1710264776229857
1788861370687004200,9.302004150390625,-2.418989479932189,-1.979377580961585,0.7432102303862571
1788861370697010200,9.31201025390625,-2.2812819679409264,-1.773448765659332,0.17178367685526608
1788861370707017200,9.322017333984375,-1.8950842637717722,-1.4313281036257743,-0.4639359006270766
1788861370717023200,9.332023193359374,-1.3304302731156348,-1.134514902305603,-0.8618404092028736
1788861370727029000,9.342029052734375,-0.6775707602620125,-1.0041039770632982,-0.9089417675957083
1788861370737035300,9.35203515625,-0.4065156850546598,-0.9417080189049243,-0.788401371243596
1788861370747041300,9.362041259765626,-0.33354572591185566,-0.9989853188753127,-0.5241688355326652
1788861370757048000,9.372048095703125,-0.08517010002434253,-1.2203203776240348,-0.06961801836639642
1788861370767054000,9.38205419921875,0.1681336299151182,-1.3786539135366678,0.3421826213538646
1788861370777060400,9.392060302734375,0.2800695717900991,-1.2650889091551303,0.38247809912413355
1788861370787066000,9.402066162109374,0.381203549143672,-0.9860311447560787,0.19624504115581512
1788861370797072100,9.412072021484375,0.30141514215767384,-0.7148527354300022,0.08901829988509416
1788861370807078100,9.422078125,-0.044993572458624835,-0.5779758290439844,0.12386778720915317
1788861370817085200,9.432085205078126,-0.27209143251776696,-0.5419570056796074,0.07991495597511529
1788861370827091200,9.44209130859375,0.02850420995056629,-0.5328922402143478,-0.007919979344308376
1788861370837097200,9.45209716796875,0.6019131694704294,-0.4802846856206655,-0.013378537011146545
1788861370847103200,9.462103271484375,1.012142322090268,-0.37798049544394013,0.22130933978557585
1788861370857109000,9.47210888671875,0.9210784878522157,-0.27141221808195115,0.5801031964614987
1788861370867115300,9.482115234375,0.37925241507589813,-0.1411591137498617,0.9744342304646968
1788861370877122000,9.4921220703125,-0.42604105425775046,0.05025485398769378,1.2353121950507164
1788861370887128000,9.502128173828124,-0.9282271905630827,0.16950959444344044,1.2404147788867355
1788861370897134300,9.51213427734375,-0.9326602045744657,0.10033552045226096,1.0504302594304085
1788861370907140400,9.522140380859375,-0.8166378701686858,-0.11067571268081665,0.8609019593089818
1788861370917146000,9.53214599609375,-0.7050088022857904,-0.27651334061324595,0.7996633544921875
1788861370927153200,9.542153076171875,-0.5239139839887619,-0.27333237248957154,0.7715636336892843
1788861370937159400,9.552159423828124,-0.5753770447224378,-0.13846329879462718,0.7182645897001028
1788861370947165200,9.562165283203125,-0.7360749716788529,-0.0936982743948698,0.7014516943261027
1788861370957171200,9.572171142578124,-0.42262744642198086,-0.3373994787305593,0.6275611132070422
1788861370967177200,9.58217724609375,0.08360650396943092,-0.6516542287170887,0.5001698280468583
1788861370977183000,9.592182861328125,0.3402028457134962,-0.8014952460944652,0.32360797700434923
1788861370987190300,9.602190185546876,0.46701603872478004,-0.6576835720092058,0.13866203623712062
1788861370997196300,9.6121962890625,0.15985621543526649,-0.2398720014363527,-0.027765958803892134
1788861371007202000,9.6222021484375,-0.06177168878018856,0.06868132203817368,-0.1332934949412942
1788861371017208000,9.6322080078125,0.1588449925661087,0.1896446199774742,-0.2710866393893957
1788861371027214300,9.64221435546875,0.36656069128513336,0.16372516582310198,-0.1575616747573018
1788861371037220400,9.652220458984376,0.2411456746339798,0.1071332177683711,0.22063100213259457
1788861371047227100,9.66222705078125,0.2994984948813915,0.027133213858306405,0.5575573103934526
1788861371057233200,9.672233154296874,0.1448112065166235,0.02857435257732868,0.8242267178624868
1788861371067239200,9.6822392578125,-0.16280746645629404,-0.01960574096292257,0.8835238332226872
1788861371077245200,9.6922451171875,-0.15622867258787154,-0.1727308945775032,0.5823483450397848
1788861371087251200,9.702251220703126,0.2740969271212816,-0.10078004934936761,0.009871113412082196
1788861371097258000,9.712258056640625,0.7375076348304748,0.11961918985396623,-0.5127189284965395
1788861371107264300,9.72226416015625,1.40908646120131,0.1887035397350788,-0.8566279352515935
1788861371117270300,9.732270263671875,2.0087930605381725,0.16037702443897722,-1.1394602497532964
1788861371127276300,9.7422763671875,1.806148089212179,0.1393093942299485,-1.2216136323049664
1788861371137282000,9.752281982421875,1.4462895259141921,0.04670651385635137,-1.0779621172174811
1788861371147288000,9.7622880859375,1.5159528447270392,-0.2149801367640495,-0.9383370811671018
1788861371157295000,9.772295166015626,1.2029103931397198,-0.3609299919217825,-0.7515881826311349
1788861371167301000,9.782301025390625,0.9060556907653808,-0.393706472364068,-0.5553571700006723
1788861371177307100,9.79230712890625,0.7482265972435473,-0.6344105407103896,-0.508331507192552
1788861371187313200,9.802313232421875,1.0409966606527565,-0.8850596644878387,-0.7439683552771806
1788861371197319200,9.812319091796875,1.593117917472124,-0.745802877227962,-0.9756281164243816
1788861371207326200,9.822326171875,1.746654282236099,-0.23929887772351502,-1.0387366067662835
1788861371217332200,9.832332275390625,1.1351625525593756,0.3532705632098019,-0.9373469010859727
1788861371227338000,9.842337890625,0.35874504909813404,0.9299225963041186,-0.7897589233323932
1788861371237344300,9.85234423828125,1.3087538633584976,1.3701755696572362,-0.8224518171444535
1788861371247350300,9.862350341796875,2.2833833241343497,1.3208267245985568,-0.7618550173625349
1788861371257356300,9.872356201171876,2.104535992503166,0.9209213975943624,-0.08685790698081254
1788861371267363000,9.882363037109375,1.9508593424856662,0.16952172327265141,0.22071780363321303
1788861371277369300,9.892369384765624,2.4578712915122507,-0.372535820171982,-0.8828399426117539
1788861371287375000,9.902375,2.2695704873591662,-0.3531551201365888,-2.178926924359798
1788861371297381000,9.912381103515624,1.5055658907473086,-0.2032644183985889,-2.7702807058930397
1788861371307387100,9.92238720703125,1.3670704432487486,0.16433277632743118,-2.929329112076759
1788861371317393400,9.932393310546875,1.3094096969187259,0.6356405208967626,-2.393862052938342
1788861371327400200,9.942400146484376,1.015855789655447,0.8073851809158921,-1.1978005027800798
1788861371337406200,9.95240625,1.4159505017518996,0.7192687983065843,-0.4599009460225701
1788861371347412200,9.962412109375,2.1461621343553063,0.8705855873249471,-0.4182338876381516
1788861371357418200,9.972418212890625,2.258387999087572,1.226084640239179,-0.682782357430458
1788861371367424300,9.98242431640625,2.289696160542965,1.3727628096714615,-1.043146239902079
1788861371377431000,9.99243115234375,2.152679553425312,1.3136419276610016,-1.367925891034305
1788861371387437000,10.00243701171875,1.9475451033711433,1.2416919592157005,-1.6857918172553181
1788861371397443300,10.012443359375,2.1075059482246634,1.2807374369248747,-2.0305749764963985
1788861371407449300,10.022449462890625,2.0164508818149565,1.4245181313499808,-2.0859113715320823
1788861371417455000,10.032455078125,1.7680436917454003,1.4957921002298593,-1.7172633525788783
1788861371427462100,10.042462158203126,1.8120774792611598,1.4990569472447037,-1.2426450221568346
1788861371437468400,10.052468505859375,1.908203273063898,1.4929542464554308,-0.8582885619401931
1788861371447474200,10.06247412109375,1.978843912476301,1.4383680852651595,-0.5023077168583869
1788861371457480200,10.072480224609375,1.8421207353472708,1.3007102576345204,-0.2902896447703242
1788861371467486200,10.082486328125,1.8436743945300578,1.0016016388535498,-0.26022826850563285
1788861371477492000,10.092491943359375,1.4625199452251194,0.6626435325041413,-0.4383873256117105
1788861371487499300,10.102499267578125,0.7393968095779418,0.23061142113804817,-0.7498366627886891
1788861371497505300,10.11250537109375,0.35378888799548147,-0.1345040397748351,-1.0468795812115073
1788861371507511000,10.122510986328125,0.3623217385411262,-0.2643140765145421,-1.1203677190095185
1788861371517517000,10.13251708984375,0.18128128077983854,-0.1614630661100149,-0.929414354521036
1788861371527523300,10.1425234375,-0.06451777261793613,-0.0753203216612339,-0.6178595111429691
1788861371537529300,10.152529296875,-0.12416764693856239,-0.06647182929515838,-0.19403350258618593
1788861371547536100,10.1625361328125,-0.1274035601198673,-0.12288286782503127,0.28842268185466524
1788861371557542100,10.172542236328125,0.13968144241273403,-0.29055940162241456,0.5860176812022924
1788861371567548200,10.182548095703124,0.2374368832439184,-0.5222387442529202,0.525991374784708
1788861371577554200,10.19255419921875,0.05807867948114872,-0.7338719086766242,0.26530688694417476
1788861371587560200,10.202560302734375,-0.32275019113123415,-0.9521779749929904,0.04058335480093956
1788861371597567000,10.21256689453125,-0.6587362959325314,-1.0555798972785473,0.021383272029459475
1788861371607573200,10.2225732421875,-0.9055635233342647,-1.0035042576044797,0.3071662530303001
1788861371617579300,10.232579345703124,-1.0560329017430543,-0.9296201062262057,0.8520037825822829
1788861371627584500,10.24258447265625,-1.0119073442906141,-0.9701859253704548,1.3792457419499755
1788861371637590500,10.252590576171874,-1.0046206944137812,-0.924834040993452,1.512786489650607
1788861371647597300,10.262597412109375,-1.150703236040473,-0.783403124564886,1.2964818262845277
1788861371657603600,10.272603515625,-1.3520476461619138,-0.5903600943207741,1.0784095687240363
1788861371667609300,10.282609375,-1.8959832584381102,-0.5339800354510545,0.9709440502613782
1788861371677615400,10.292615478515625,-2.5239807172358035,-0.8304600592941045,1.050727488811314
1788861371687621400,10.302621337890624,-2.8345599935799837,-1.5193892489165066,1.3714385753303766
1788861371697627400,10.31262744140625,-3.0654280198276043,-2.295347902694344,1.6967556943401694
1788861371707634400,10.322634521484375,-3.2948464317888018,-2.8294892661869526,1.7875997483476995
1788861371717640400,10.332640380859376,-3.4171529610306024,-3.1008541379958388,1.7584703922361133
1788861371727646500,10.342646484375,-3.5049347048580644,-3.043545858365297,1.582099095329642
1788861371737652200,10.35265234375,-3.091405926170945,-2.6220985616385937,1.190459200106561
1788861371747658500,10.362658447265625,-2.1370810022771356,-2.0742384693950413,0.956378641553223
1788861371757665300,10.372665283203125,-1.3765341449037194,-1.5435253267854452,0.9727350253313779
1788861371767671300,10.38267138671875,-1.2203896434679626,-1.1390198125094175,0.8036883722245692
1788861371777677300,10.39267724609375,-1.1086337343350052,-0.902754311132431,0.5886787171050906
1788861371787683600,10.40268359375,-0.7693284219831228,-0.7887439010709524,0.40460575978010893
1788861371797689300,10.412689453125,-0.5683949307501316,-0.7436684955477714,0.19550328287780283
1788861371807695400,10.4226953125,-0.7802636574953794,-0.7564350381404161,-0.017321721678972245
1788861371817702400,10.432702392578125,-1.302600601425767,-0.7725923922151327,-0.059740475213527676
1788861371827708400,10.44270849609375,-2.0064713395923377,-0.7425695943951607,0.08776888434588909
1788861371837714400,10.45271435546875,-2.565746559819579,-0.7875912239044904,0.3091384298861027
1788861371847720400,10.462720458984375,-2.745805020806193,-1.0124883590489626,0.3863917654365301
1788861371857726200,10.472726318359374,-2.3375357700824737,-1.3184779695153235,0.35622166810035705
1788861371867733500,10.4827333984375,-1.5880869375675917,-1.539137320959568,0.2982116699412465
1788861371877739500,10.492739501953125,-0.9249877702504395,-1.695385282769799,0.211991476342082
1788861371887745300,10.502745361328126,-0.25767361558675766,-1.7606518279284238,-0.0713616471633315
1788861371897751300,10.512751220703125,0.5747334861218929,-1.6638959195286034,-0.567359157961607
1788861371907757300,10.52275732421875,1.808419541275501,-1.3825859922885895,-0.95796971013695
1788861371917764400,10.532764404296875,2.7506758417129515,-0.9752285957127809,-0.9874635156467556
1788861371927770400,10.542770263671875,2.480951722848415,-0.5912555818557739,-0.7169038227409124
1788861371937776400,10.5527763671875,1.521945363140106,-0.34467911434471604,-0.295189399510622
1788861371947782400,10.562782470703125,0.7240455111891031,-0.1595025796920061,0.36177287248671053
1788861371957788400,10.572788330078126,-0.010990765091776848,-0.064758595636487,1.030169561690092
1788861371967794400,10.58279443359375,-0.6801105078727007,-0.1304419049024582,1.3912491912156342
1788861371977801200,10.59280126953125,-1.235010581755638,-0.23853636891841887,1.3311793379172683
1788861371987807500,10.602807373046875,-1.7563503313422202,-0.4136784162908792,1.1179971904858945
1788861371997813500,10.6128134765625,-1.9004571889817714,-0.5720791722208262,1.1321548951759934
1788861372007819500,10.622819580078126,-1.5210972218781709,-0.555768088889122,1.2525281182676553
1788861372017825300,10.6328251953125,-0.33376609066426755,-0.5143599737018346,1.3031123503401876
1788861372027832600,10.64283251953125,0.9596545944839715,-0.4627309087514877,1.1832386012032627
1788861372037838300,10.65283837890625,1.2259499079436063,-0.43801615421175955,0.9193874660253524
1788861372047844400,10.66284423828125,0.5444201809227466,-0.43378129312098024,0.6473185376003384
1788861372057850400,10.672850341796876,0.04236673108637333,-0.39870997973978517,0.5156950216978788
1788861372067856400,10.6828564453125,-0.2084574569970369,-0.3631786476314068,0.3915706293791532
1788861372077862400,10.6928623046875,-0.30176234816014763,-0.5058452433347702,0.21806144390553234
1788861372087869400,10.702869384765625,-0.03722995271980762,-0.7047931137084961,0.062087622861564155
1788861372097875500,10.71287548828125,0.32169512912034987,-0.8534352766901254,0.0321592253267765
1788861372107881200,10.722881103515626,0.3948971434533596,-0.8397294074207544,0.16737316693663595
1788861372117887500,10.732887451171875,0.22415011616945266,-0.6449427483797073,0.2449222705632448
1788861372127893500,10.7428935546875,0.2751438058257103,-0.289680280700326,0.16894085464477537
1788861372137900300,10.752900390625,0.2706301277935505,0.21990239559710026,0.12890636589825152
1788861372147906300,10.76290625,0.631560119715333,0.3923664559319615,0.018999884024262427
1788861372157912600,10.77291259765625,1.3303466864854097,0.24812661956250667,-0.12534195141494273
1788861372167918300,10.78291845703125,1.231702187860012,0.18673253192305564,-0.061028761458396905
1788861372177924400,10.79292431640625,0.14036825563311575,0.12220832956433296,0.28251754946410657
1788861372187931400,10.802931396484375,-0.7750970685124396,-0.1878893007427454,0.5548480514347552
1788861372197937400,10.8129375,-0.4817886604428291,-0.5352122075945138,0.48033232415467497
1788861372207943400,10.822943359375,0.8332587501019239,-0.8091054288372397,0.0755789725974202
1788861372217949400,10.832949462890625,1.4829565840542316,-0.9608718613192438,-0.03874094180464745
1788861372227955500,10.84295556640625,1.4238397936969995,-0.9276496829360723,0.061977732746303076
1788861372237961200,10.852961181640625,1.2073591892421245,-0.8424909810885787,-0.024309973131120204
1788861372247968500,10.862968505859374,1.4168389750242232,-0.6678560064554214,-0.1851701049119234
1788861372257974300,10.872974365234375,1.771931346833706,-0.38195349072813983,-0.33718086754381654
1788861372267980300,10.882980224609375,1.2116437346935272,-0.11311199991703033,-0.52374973333776
1788861372277986300,10.892986328125,0.9956716642826795,0.3136056384280324,-1.0858185298062861
1788861372287992600,10.90299267578125,1.0487257936000824,0.5364128155559301,-1.3846315266415476
1788861372297999400,10.912999267578124,1.0598106667160987,0.5063144682817161,-1.3113687220320105
1788861372308005400,10.92300537109375,1.4482429980695246,0.4093680057458579,-1.3650352841593325
1788861372318011400,10.933011474609375,1.8218524388223885,0.29772344803288575,-1.412489109251648
1788861372328017400,10.943017333984375,2.586045251482725,0.017515929076820612,-1.1327313798896967
1788861372338023400,10.9530234375,3.6375194670081137,-0.26146219421476125,-0.980335709593445
1788861372348030200,10.9630302734375,3.6384447651594876,-0.35320626580193637,-1.114892356338352
1788861372358036200,10.9730361328125,2.754908949238062,-0.27759149123877286,-1.1562982795685528
1788861372368042500,10.98304248046875,2.266297749298811,-0.10685191660895943,-1.1229136041000485
1788861372378048500,10.993048583984375,2.22732066065073,0.5547204795323312,-1.4539587453678249
1788861372388054300,11.00305419921875,1.7904256194233894,1.5667100952789186,-2.0008713276281953
1788861372398060300,11.013060302734376,1.5270225202739238,1.521464009363949,-2.0102908978804943
1788861372408067600,11.023067626953125,1.697817478352785,1.0186508272014558,-1.546197760865092
1788861372418073300,11.0330732421875,1.675765805542469,0.9735736681126057,-1.3682219513714313
1788861372428079400,11.043079345703125,1.8688474142313003,1.4564492470093071,-1.6484613267704844
1788861372438085400,11.05308544921875,1.7543495129138231,1.8062758072450755,-1.5081506465435026
1788861372448091400,11.06309130859375,1.3801672407090664,1.4678599910788237,-0.7177987257540226
1788861372458098400,11.073098388671875,1.6073159541726112,0.9717604812107979,-0.19163491701185703
1788861372468104400,11.0831044921875,1.7425637980520725,0.807517867384851,-0.3258180542692542
1788861372478110200,11.093110107421875,1.290669925135374,1.0287199474036692,-0.643622897952795
1788861372488116500,11.103116455078125,1.224277590817213,1.2805053817346692,-0.6836413123473525
1788861372498122500,11.11312255859375,2.0311656358659267,1.1400029783278702,-0.4258353025525808
1788861372508129300,11.12312939453125,2.5529776791393757,0.6394730847969651,-0.41331747402399777
1788861372518135300,11.13313525390625,2.5305063196122646,0.16504209364056585,-0.8539961254432797
1788861372528141600,11.1431416015625,2.3221792109966275,-0.12392214774489402,-1.5652330084636807
1788861372538147300,11.153147216796874,1.6556915702849626,-0.1085226263001561,-2.185300551044941
1788861372548153300,11.1631533203125,1.1664356427013873,0.09309738589227198,-2.226805989126861
1788861372558159400,11.173159423828125,1.3058984739273787,0.282710733948648,-1.7879872863605617
1788861372568166400,11.18316650390625,1.3916951814174652,0.49217941381484265,-1.1934224338263273
1788861372578172400,11.19317236328125,1.7074012992560863,0.5753539561077952,-0.6647144935593009
1788861372588178400,11.203178466796874,2.1562088965952397,0.5077393865182995,-0.5366133065640926
1788861372598184400,11.213184326171875,2.030906108146906,0.4960168000206351,-0.789639973127842
1788861372608190200,11.223190185546875,1.5036083269387484,0.5451087477087975,-1.0012690458983182
1788861372618197500,11.233197509765626,1.1997130584031344,0.638331805807352,-0.943129868401587
1788861372628203500,11.24320361328125,0.7109872921735048,0.7824263884872198,-0.725862205222249
1788861372638209300,11.253209228515624,0.1945505121976137,0.8016828776210546,-0.466852080334723
1788861372648215300,11.26321533203125,0.051288873210549354,0.5180822090953588,-0.2581809805870056
1788861372658221600,11.2732216796875,-0.14245558330118654,-0.13145312777161597,0.017877894257009027
1788861372668228400,11.283228271484376,-0.4507674992352724,-0.9981956298023462,0.48374388616383074
1788861372678234400,11.293234375,-0.6402741720467805,-1.8573451924860476,0.9583610475420952
1788861372688240400,11.303240478515624,-0.7771838116586208,-2.5345611479610204,1.212736790627241
1788861372698246400,11.313246337890625,-0.9625584992319345,-2.9992437753021717,1.1895394549131393
1788861372708252400,11.32325244140625,-1.0808972938865422,-3.24378610663712,1.0423302473440765
1788861372718259500,11.333259521484376,-1.1627461405336856,-3.091965313619375,0.7734092615559697
1788861372728265200,11.34326513671875,-1.469615456444025,-2.5085107609033583,0.45303018347024915
1788861372738271500,11.353271484375,-1.8561071751236915,-1.5888175899297,0.2565849435672164
1788861372748277500,11.363277587890625,-2.2475620691686866,-0.621584084624052,0.41427988931536674
1788861372758283300,11.373283203125,-2.701940744638443,-0.04383797268271446,0.7831982496425509
1788861372768289300,11.383289306640625,-2.963417844161391,-0.18386019135713577,1.3787985827043652
1788861372778296600,11.393296630859375,-2.7858219738960264,-0.8916542404472827,2.0099606430128216
1788861372788302300,11.40330224609375,-2.4228175137877463,-1.7164625575900077,2.3519281603112816
1788861372798308400,11.413308349609375,-2.4523510667860506,-2.362113746500015,2.3365569881781934
1788861372808314400,11.423314453125,-2.95204304818809,-2.744831791859865,1.8761442932412027
1788861372818320600,11.433320556640625,-3.2723306485980745,-2.841916201561689,1.2354366982132197
1788861372828327400,11.443327392578125,-3.0543045682668684,-2.722071093997359,0.6867834097653627
1788861372838333400,11.45333349609375,-2.8299054457724093,-2.4029513683229684,0.308449570839107
1788861372848339200,11.463339111328125,-2.6501409992963074,-1.9049328730911015,0.1167079785823822
1788861372858345500,11.473345458984374,-1.934761025121808,-1.3408967220723629,0.28441373847424983
1788861372868351500,11.4833515625,-1.1898580193430184,-0.8625321908593178,0.5252715360775589
1788861372878358300,11.493358154296875,-1.0644096849441527,-0.5423439591705799,0.5263818354070187
1788861372888364300,11.5033642578125,-0.9150012137651443,-0.476600444149971,0.5307572740122676
1788861372898370600,11.51337060546875,-0.6966606606572866,-0.526030537751317,0.479903285087645
1788861372908376600,11.52337646484375,-0.5799363154619932,-0.5642191063702107,0.1597320045337081
1788861372918382300,11.53338232421875,-0.46784839789569377,-0.5316285038888454,-0.16577333052456378
1788861372928389400,11.543389404296875,-0.46731180680096146,-0.42953591063618657,-0.38864860445261
1788861372938395400,11.5533955078125,-0.6159387722134589,-0.3270452579766512,-0.4606880047470331
1788861372948401400,11.5634013671875,-0.7822405105262994,-0.2608306183129549,-0.3001835545361042
1788861372958407400,11.573407470703126,-1.033815809237957,-0.3920218802779913,0.14997399610728024
1788861372968413400,11.583413330078125,-1.481439749750495,-0.6261486160606146,0.7446279882296919
1788861372978419200,11.593419189453124,-1.92813663854599,-0.944297450876236,1.4156491807177662
1788861372988426500,11.603426513671875,-2.0788024163097143,-1.3216168520629406,1.9661399137258528
1788861372998432500,11.6134326171875,-2.1017630206584927,-1.700109388682246,2.1241715440824627
1788861373008438300,11.623438232421876,-1.56158822222054,-1.9572563500463962,1.8406369265303015
1788861373018444300,11.6334443359375,-0.4814017069518566,-1.8499883999824522,1.2148583128258585
1788861373028450600,11.643450439453124,0.536308770659566,-1.5156442171692848,0.43647827711999415
1788861373038457300,11.653457275390625,1.1154670874863863,-1.1720774479806422,-0.3381830303236842
1788861373048463400,11.66346337890625,1.3255793259531259,-0.9122972155034541,-0.8484215401813388
1788861373058469400,11.673469482421876,1.1276298189669847,-0.7516489729076623,-0.6918383550673722
1788861373068475400,11.683475341796875,0.3981926778674125,-0.7517810748547316,0.04345891023725271
1788861373078481400,11.6934814453125,-0.23275544742941856,-0.7156371638059615,0.836559545212984
1788861373088488400,11.703488525390625,-0.7397294025331735,-0.5265513467550278,1.1834323702096938
1788861373098494200,11.713494140625,-0.8335732228785753,-0.35627252150475974,1.1338050004705786
1788861373108500500,11.72350048828125,-0.6524205369144678,-0.3826356277734041,0.7598588751092553
1788861373118506500,11.733506591796875,-0.6464046376258135,-0.5407984832942485,0.20031243672519922
1788861373128512300,11.74351220703125,-0.17132453491091726,-0.703002723160386,-0.35198914509713647
1788861373138518300,11.753518310546875,0.8147422656804323,-0.8094535116225481,-0.7581418420583009
1788861373148525600,11.763525634765625,1.3623708872556686,-0.8371464051902293,-0.8147443115070462
1788861373158531300,11.77353125,1.1746399919450283,-0.7833119391500949,-0.5973325636819005
1788861373168537300,11.783537353515625,0.816827839782834,-0.6685995182991027,-0.25261457863152026
1788861373178543400,11.79354345703125,0.4480331058353185,-0.47105157785117624,0.1817360388100147
1788861373188549400,11.80354931640625,-0.006695113724470138,-0.3812754453361034,0.5265051695257424
1788861373198556400,11.813556396484374,-0.15624036302566527,-0.5520563748896121,0.5164876333802938
1788861373208562400,11.8235625,0.010015198057889937,-0.7804650252863764,0.3592176350459456
1788861373218568400,11.833568359375,0.4772258825719356,-0.8571262401625513,0.33940321976840493
1788861373228574200,11.84357421875,1.0512918446958064,-0.712962099377811,0.3596919745594263
1788861373238580500,11.85358056640625,1.2858148863196373,-0.45711657600104805,0.4312357002913952
1788861373248587300,11.863587158203124,1.1016028127849102,-0.14922873069792986,0.5392763882935047
1788861373258593300,11.87359326171875,0.9147153825610875,0.10362900903970003,0.45245501393079757
1788861373268599600,11.883599609375,0.9846557647496461,0.19873510440587996,0.1969347769856453
1788861373278605600,11.89360546875,1.2994471058309078,0.22096914804577827,-0.17939648994654417
1788861373288611300,11.903611328125,1.6101456246405839,0.30940584865063425,-0.45830812387317416
1788861373298618400,11.913618408203124,1.918891840338707,0.33017011199891566,-0.5748547744140029
1788861373308624400,11.923624267578125,2.236647876444459,0.17523469409197567,-0.7648959924936294
1788861373318630400,11.93363037109375,1.4091110111206768,-0.06649784051924944,-0.8053072055980562
1788861373328636400,11.943636474609375,0.3377577906489372,-0.17661854966580867,-0.7138499881282449
1788861373338642400,11.953642333984375,0.2299076567828655,-0.31343583481907844,-0.6987421431064605
1788861373348648200,11.963648193359376,0.42076165255010123,-0.49203883630037304,-0.8457683953240513
1788861373358655500,11.973655517578125,0.602370850110054,-0.6022670974746346,-0.9618217093899846
1788861373368661500,11.98366162109375,0.6942272960305214,-0.6292809227369726,-0.8869920938551425
1788861373378667300,11.993667236328125,0.9979811102688312,-0.5231821625828743,-0.9018225832402705
1788861373388673300,12.00367333984375,1.3913584968090056,-0.4116651767723262,-0.8903528024598956
1788861373398679600,12.013679443359376,1.429883165514469,-0.3518723868496716,-0.6669099577769637
1788861373408686300,12.023686279296875,1.8269196590840815,-0.3155209705300629,-0.6148702661991119
1788861373418692400,12.0336923828125,2.360001284390688,-0.23632073869556186,-0.877735312949121
1788861373428698400,12.043698486328125,2.612804663592577,-0.07342880882620811,-1.1625485721349715
1788861373438704400,12.053704345703125,2.592542796808481,0.1953422470971942,-1.490874517571926
1788861373448710400,12.06371044921875,2.2248896341115234,0.5010084708280861,-1.8707032712310552
1788861373458717400,12.073717529296875,1.8433412170529364,0.6416195953063667,-1.9670453381329773
1788861373468723200,12.08372314453125,1.7226660884052514,0.5260653168037533,-1.6798063131049275
1788861373478729500,12.0937294921875,1.8462725943297147,0.45368908577039835,-1.5956404216870665
1788861373488735500,12.103735595703125,2.150728419357538,0.6670179481960833,-1.6887822312429546
1788861373498741500,12.113741455078125,2.607434660992026,0.8924247864283621,-1.6205539136692881
1788861373508748300,12.123748291015625,2.577683081328869,1.0040646679662169,-1.5466460891544818
1788861373518754600,12.133754638671874,2.053332459488511,1.338778560874611,-1.511883695591986
1788861373528760300,12.14376025390625,1.9157009353429078,1.5716722477309404,-1.2714666274935007
1788861373538766300,12.153766357421874,2.0476374627172946,1.748904837641865,-1.1514730513691902
1788861373548772400,12.1637724609375,2.2856863403797147,1.9617320341557263,-1.0847326342657209
1788861373558778400,12.1737783203125,2.6008985372215507,1.8313389368310569,-0.905592749428749
1788861373568785400,12.183785400390626,2.698633519786596,1.5861460326328873,-0.961360229358077
1788861373578791400,12.19379150390625,2.6727438762485978,1.5025284227475524,-1.4011100754946468
1788861373588797400,12.20379736328125,2.632002700537443,1.3466656608626246,-1.798221972388029
1788861373598803200,12.21380322265625,2.180104151445627,1.136987722159922,-1.9602771591722965
1788861373608809500,12.2238095703125,1.4371265607714652,0.9573998012945055,-1.9147367664858699
1788861373618816300,12.233816162109376,0.786553113028407,0.7031558678954839,-1.4458511344969271
1788861373628822000,12.243822021484375,0.6243249077647924,0.20404928516596554,-0.7881134942129254
1788861373638828000,12.253828125,0.7374433374226093,-0.41136049473732705,-0.4922317285239696
1788861373648834300,12.263834228515625,0.9632049804419278,-0.8564186764150857,-0.44252457154691216
1788861373658840000,12.273840087890624,1.2724509623557327,-1.058360760168731,-0.23967823242992162
1788861373668847000,12.28384716796875,1.4913544100433587,-0.9894204949334263,-0.012959434816241264
1788861373678853000,12.29385302734375,1.2088701783269644,-0.7224933133110404,-0.10714666177183389
1788861373688859100,12.303859130859376,0.7219651977837085,-0.35125849273502824,-0.38027299029529094
1788861373698865200,12.313865234375,0.4239712622463703,0.07516191622912884,-0.5846843867719174
1788861373708871200,12.32387109375,0.17738485786318778,0.3726806354701519,-0.4720747834190726
1788861373718878000,12.3338779296875,0.04924246207475662,0.22494681950509546,-0.041119653634727
1788861373728884200,12.34388427734375,-0.015917700099945066,-0.21842472425997256,0.2345326862350106
1788861373738890200,12.35389013671875,0.10331190591454505,-0.750260148897767,0.284653976970911
1788861373748896000,12.36389599609375,0.35258301933705805,-1.2327175023823975,0.38827158783376214
1788861373758902000,12.373902099609374,0.25990005946457384,-1.5593571021676063,0.5312734068408608
1788861373768909300,12.383909423828126,-0.23953414778411386,-1.7631524125725029,0.6451853249639272
1788861373778915000,12.3939150390625,-0.5965028348594904,-2.012207252895832,0.7293395259439944
1788861373788921000,12.403921142578126,-0.7895014414399861,-2.1885458165764806,0.6770759624823928
1788861373798927000,12.413927001953125,-1.156995614182949,-2.1064076315939424,0.4805757775217294
1788861373808933400,12.423933349609374,-1.491122939375043,-1.8836855024009942,0.27645751877278085
1788861373818939100,12.433939208984375,-1.7609972803652285,-1.5879466523140668,0.29791619412600995
1788861373828946200,12.4439462890625,-2.1375252389132977,-1.2745371209800243,0.43698476533740754
1788861373838952200,12.4539521484375,-2.5098341184616086,-1.0719856731563806,0.6568690407559276
1788861373848958200,12.463958251953125,-2.6242355736672875,-1.179780277442932,0.9378019513770938
1788861373858964200,12.473964111328126,-2.761987509322166,-1.4206173245191573,1.1688538097590206
1788861373868970200,12.48397021484375,-2.9350936669528482,-1.6688474044561386,1.3136559561863541
1788861373878977000,12.49397705078125,-3.0602520784944294,-1.8106436470657585,1.3802873599573968
1788861373888983300,12.5039833984375,-3.227844441139698,-1.8928882150322197,1.3891469582393765
1788861373898989300,12.5139892578125,-3.1199528062194584,-1.8691244776070117,1.2835188843369483
1788861373908995000,12.5239951171875,-2.635671744439006,-1.7759323991686105,1.1580527220204473
1788861373919001000,12.5340009765625,-2.137431423150003,-1.6730027705699204,1.0854100951358676
1788861373929008000,12.544008056640624,-1.7342115647703409,-1.5397680200785397,1.0461819543361663
1788861373939014100,12.55401416015625,-1.6689420970022677,-1.364212715730071,1.118393496327102
1788861373949020200,12.564020263671875,-1.9497960971683264,-1.1700631855487822,1.1426377107456325
1788861373959026200,12.574026123046876,-2.0557114635795353,-0.9597299978077412,1.2250482829287648
1788861373969032000,12.584031982421875,-1.9441449395388364,-0.7929156337976455,1.2047577745720743
1788861373979039200,12.594039306640624,-1.7169810285061597,-0.6837175924539566,0.925007351733744
1788861373989045200,12.604045166015625,-1.3271534434020518,-0.635306905028224,0.557403581136465
1788861373999051000,12.614051025390625,-0.9572042787224054,-0.6363239731162786,0.34698709902614355
1788861374009057000,12.62405712890625,-0.8093149799346924,-0.6673480569332838,0.1964920016542077
1788861374019063300,12.634063232421875,-0.8010241214513778,-0.7076566864460706,-0.06050912149846553
1788861374029070000,12.644070068359374,-0.7232482233315706,-0.8324445111095905,-0.32347178340405225
1788861374039076000,12.654076171875,-0.47957332248091694,-1.072746136134863,-0.4241764294296503
1788861374049082000,12.66408203125,-0.15954934144318103,-1.3382991067945957,-0.21828648483306168
1788861374059088100,12.674088134765626,0.12418752068281173,-1.4165110582441092,-0.08029197259396315
1788861374069094100,12.68409423828125,0.31645489037930963,-1.3287392512887715,-0.1670163163229823
1788861374079100200,12.69410009765625,0.37509003469943997,-1.1496598644673823,-0.13759411474466324
1788861374089107000,12.70410693359375,0.36899464043378827,-0.9421382270157337,0.2888780244067311
1788861374099113200,12.71411328125,0.10392740746438503,-0.6386556309342384,1.0665393904492257
1788861374109119200,12.724119140625,-0.5051110838413239,-0.3783692025005817,1.8180203133136033
1788861374119125200,12.734125244140625,-1.1636901433855293,-0.26893969048857685,2.2163094372928143
1788861374129131000,12.744131103515626,-1.5167039553552866,-0.43151919340789313,2.230421841536462
1788861374139138300,12.75413818359375,-1.2251198868602513,-0.7200204934567213,1.9603212905749678
1788861374149144000,12.76414404296875,-0.41826048338413235,-0.8767594536542892,1.570698580393195
1788861374159150000,12.774150146484375,0.20853870553970336,-0.9066396281331777,1.0156173047244548
1788861374169156000,12.784156005859375,0.31804537444114683,-0.8743962316542864,0.41394291244596243
1788861374179162000,12.794162109375,0.09716507372260093,-0.8536316760450601,0.03571867137402296
1788861374189169200,12.804169189453125,0.03952069400548935,-0.7550888842284679,-0.10120441224128007
1788861374199175200,12.814175048828124,-0.16946926243305205,-0.6812707838237285,-0.1419476337790489
1788861374209181200,12.82418115234375,-0.15716799926459787,-0.7998129920959473,-0.20060645123571155
1788861374219187200,12.834187255859375,0.26041677681505676,-0.9127344378769398,-0.3803618376225233
1788861374229193200,12.844193115234376,0.5367892476528883,-0.8304191427618265,-0.4517153014793992
1788861374239200000,12.854199951171875,0.8554565533846616,-0.5938432602614164,-0.29097441216409203
1788861374249206000,12.8642060546875,1.156976909482479,-0.35449499043822286,-0.12027005497813224
1788861374259212300,12.87421240234375,1.0547229881882667,-0.2250754143208265,0.05379004237651824
1788861374269218300,12.88421826171875,0.636558366394043,-0.17061609438061714,0.21598025371730326
1788861374279224000,12.89422412109375,0.18453472961783407,-0.14780951154977082,0.3510685231208801
1788861374289230000,12.90422998046875,-0.058438160443305964,-0.4007140130385756,0.6020549160286783
1788861374299237400,12.9142373046875,0.13302549165487287,-0.809405288566649,0.8206392147645354
1788861374309243100,12.9242431640625,0.8497387602597475,-0.9259545694559812,0.7510568522334098
1788861374319249200,12.934249267578124,1.4356827917039394,-0.8046616011708975,0.6600064619988203
1788861374329255200,12.944255126953125,1.5528618949294088,-0.5427811815440654,0.6080380820915102
1788861374339261000,12.954260986328125,1.2842033594697713,-0.2314183536067605,0.6062932842507958
1788861374349268200,12.964268310546874,0.8742547773569822,-0.14025252029895782,0.5282978981614113
1788861374359274200,12.974274169921875,1.0357412243425845,-0.18648001846671103,0.18756342978924512
1788861374369280000,12.984280029296874,1.3328946174025535,-0.2119400384157896,-0.1982061120957136
1788861374379286000,12.9942861328125,1.624146092942357,-0.2216930784061551,-0.45727994986921544
1788861374389292300,13.004292236328125,2.0049720409452916,-0.17195318820327518,-0.6149997377976775
1788861374399299000,13.014299072265626,1.735745934730768,-0.11554156515151262,-0.7847823039636015
1788861374409305000,13.02430517578125,1.413420691013336,-0.07435381471663713,-1.1411774289347232
1788861374419311000,13.03431103515625,1.2027566638827323,0.006983283016085624,-1.489227627147734
1788861374429317000,13.044317138671875,1.310929453831911,0.13214534781947732,-1.5608575698584317
1788861374439323100,13.0543232421875,1.2664122667133808,0.14094590939059853,-1.3592520245827733
1788861374449330200,13.064330078125,0.8293255023062228,-0.029731413657963276,-1.0500849531240761
1788861374459336000,13.0743359375,0.845205793005228,-0.15519772210493682,-0.7325080729775131
1788861374469342200,13.08434228515625,1.9621809469670055,-0.06662190529033542,-0.6134177293032408
1788861374479348200,13.09434814453125,3.0049487089455127,0.1347127140894532,-0.6509761833250522
1788861374489354200,13.104354248046874,3.0143209329247473,0.5720069837674499,-0.8606469616346061
1788861374499361000,13.114361083984376,2.4132979902923104,1.0097791000902652,-0.8696180574670433
1788861374509367300,13.1243671875,2.073323108115792,0.761317841745913,-0.8448454352602363
1788861374519373000,13.134373046875,2.2580898929238318,0.2925827241435647,-1.491723974008113
1788861374529379000,13.144379150390625,2.047337602987885,0.42550344024971126,-2.30914334994331
1788861374539385000,13.154385009765624,1.4148013317167758,0.7007422308824957,-2.540130180265009
1788861374549391000,13.16439111328125,1.770129265847802,0.5597324624754488,-1.9755434096261857
1788861374559398100,13.174398193359375,2.177224796617031,0.31817718412727114,-1.2953443466871977
1788861374569404200,13.184404052734376,2.1614427055954932,0.4707159161560237,-1.1864771447330713
1788861374579410200,13.19441015625,2.069662247520685,1.0137953499943018,-1.3064520161569118
1788861374589416000,13.204416015625,2.101883432167768,1.4419940206773578,-1.1178390773147344
1788861374599422200,13.214422119140625,2.5083459257304668,1.4621882290527224,-0.7352347214624285
1788861374609429200,13.22442919921875,2.8202047204911707,1.2105674837641418,-0.7715323617681861
1788861374619435000,13.23443505859375,2.690212897443771,1.015387587621808,-1.1299357578217983
1788861374629441500,13.244441650390625,2.61216402760148,0.9971355993553995,-1.5235829012140631
1788861374639447600,13.254447509765624,2.699783858865499,1.023130749094486,-1.865932988089323
1788861374649453300,13.264453369140625,2.478717680186033,1.217641806064546,-1.9607637736454604
1788861374659460400,13.27446044921875,1.9473913741141557,1.4336942482352255,-1.6991151169478893
1788861374669466400,13.28446630859375,1.5087334148675202,1.563178998543322,-1.2551874006047845
1788861374679472400,13.294472412109375,1.4340437923252582,1.6650988655775785,-0.8381304477915167
1788861374689478400,13.304478515625,1.1828507709294558,1.5959516795933246,-0.39866818642467255
1788861374699484400,13.314484375,1.028589599022269,1.2611086073473095,-0.10342910255342722
1788861374709491500,13.324491455078125,1.205769289702177,0.7300014969840646,-0.025670447829365728
1788861374719497500,13.33449755859375,1.480594531098008,-0.027561083881556987,-0.09547755902707576
1788861374729503500,13.34450341796875,1.6228993077516556,-0.7919818600788712,-0.4067234825864434
1788861374739509200,13.35450927734375,1.51147540705204,-1.1564131381198763,-0.8270292080625892
1788861374749515300,13.364515380859375,1.027187331008911,-1.2216782219737767,-1.0075330747291444
1788861374759521500,13.374521484375,0.5508803168475628,-1.1775228539049625,-0.7979062816917896
1788861374769528300,13.3845283203125,0.09433540325462818,-1.0179787731587886,-0.36230712549388405
1788861374779534300,13.394534423828125,-0.23864567451179025,-1.0155565144479275,0.11920622513890265
1788861374789540400,13.404540283203126,-0.030471710631251335,-1.2388304323047399,0.42330081563889976
1788861374799546400,13.41454638671875,0.06010813948214054,-1.446045195764303,0.31985154708027835
1788861374809552400,13.424552490234374,-0.12211071440875529,-1.6447697787761688,0.035218905158340925
1788861374819559400,13.434559326171875,-0.22913433432281016,-1.8337988972038028,-0.3419613798186183
1788861374829565200,13.444565185546875,-0.4645622158318758,-1.9041396768867969,-0.6568778085842728
1788861374839571500,13.454571533203126,-0.6535229451984167,-1.902675449553132,-0.6118342595040798
1788861374849577500,13.464577392578125,-0.5282873767673969,-2.010989109277725,-0.25533318994045257
1788861374859583500,13.47458349609375,-0.488926257237792,-2.1268425168573857,0.1254822366684675
1788861374869590300,13.48459033203125,-0.830912479236722,-2.1420055991977454,0.3753136143222451
1788861374879596500,13.494596435546875,-1.437100841808319,-2.0964280893713236,0.5584367235764861
1788861374889602300,13.504602294921876,-2.1678280227184294,-2.0022809021651744,0.7767477583289146
1788861374899608300,13.5146083984375,-2.9203976176023483,-1.8704010734140872,1.0111138558253645
1788861374909614300,13.5246142578125,-3.2594775967657563,-1.8361533513754604,1.3728957884013653
1788861374919621400,13.534621337890625,-3.3184020794212814,-1.850274231186509,1.660923917980492
1788861374929627400,13.54462744140625,-3.4415456440091132,-1.9077169508516787,1.5967925143316388
1788861374939633400,13.55463330078125,-3.4604227784365413,-1.9184230537831781,1.3453066474691033
1788861374949639400,13.564639404296875,-3.51318640037477,-1.8569114772439002,1.179019522203505
1788861374959645400,13.5746455078125,-3.62510597563684,-1.7133803736656903,1.1046636616602539
1788861374969651500,13.5846513671875,-3.3865865578532217,-1.5852268719613551,0.9416372917562723
1788861374979658200,13.594658203125,-2.6803736404746767,-1.3981015413284301,0.835062000131607
1788861374989664300,13.604664306640625,-1.8594734366863965,-1.05909930357635,0.9525894784033297
1788861374999670500,13.61467041015625,-1.2560375876933336,-0.7285457452178001,1.1612974030300973
1788861375009676500,13.624676513671876,-1.0243138213992118,-0.47363048842847344,1.1597136409699915
1788861375019682300,13.634682373046875,-1.0163175619482994,-0.29102058939337727,1.0237459583833812
1788861375029689300,13.644689453125,-1.1376105302333832,-0.2394195814937353,0.812937554346025
1788861375039695600,13.654695556640625,-1.252198447921872,-0.3044710225969553,0.4087061808362603
1788861375049701400,13.664701416015625,-1.2301263168454168,-0.4713052603513002,0.09384440486729144
1788861375059707400,13.674707275390626,-1.2542179710507393,-0.629430121949315,-0.01914747580140829
1788861375069713400,13.68471337890625,-1.5485709197372197,-0.8180220180034637,0.039754210500419135
1788861375079720400,13.694720458984374,-1.8051345282554625,-1.012494788789749,0.39536768357455726
1788861375089726500,13.7047265625,-1.7703537222534418,-1.105974451997876,0.7682084780424833
1788861375099732500,13.714732421875,-1.5255167918860912,-1.0745172374606131,0.8578943019255996
1788861375109738200,13.72473828125,-0.972815104830265,-0.8724754927247762,0.7735282117605209
1788861375119744300,13.734744140625,-0.1339665718972683,-0.6053209320873022,0.7756751606613397
1788861375129751600,13.74475146484375,0.36371465420424937,-0.4138321455478668,0.7432464707434177
1788861375139757300,13.75475732421875,0.5814017118394375,-0.18954758934378624,0.4874655370354652
1788861375149763300,13.764763427734374,0.6643196490228176,-0.06846095728576183,0.020340777239203453
1788861375159769300,13.774769287109375,0.8026847481399774,-0.09156126236617565,-0.3855342718243599
1788861375169775400,13.784775390625,1.0616799677193165,-0.2861070983886719,-0.3846946061298251
1788861375179782400,13.794782470703124,0.8626619547188281,-0.6072153675317764,0.017232874351739882
1788861375189788400,13.804788330078125,0.1296837800115347,-0.9216068956404924,0.4579769922226667
1788861375199794200,13.814794189453124,-0.8382505670398473,-1.0798398937880993,0.7777341390177607
1788861375209800400,13.824800537109375,-1.608554556056857,-1.0796440789550543,1.1019541104406119
1788861375219806500,13.834806396484375,-2.2145424276202914,-0.9461270043909549,1.3318255268663166
1788861375229812500,13.8448125,-2.805349096664786,-0.6735299604386091,1.4353613046646116
1788861375239819300,13.8548193359375,-2.8334125771105287,-0.40478666930496693,1.4690212899431585
1788861375249825500,13.864825439453124,-1.9268419225603342,-0.2389525485038757,1.411123519986868
1788861375259831600,13.87483154296875,-0.28102292699217796,-0.2660235107809305,1.1020715993404389
1788861375269837300,13.88483740234375,1.4220470650613306,-0.44506431915760036,0.5463835899502039
1788861375279843300,13.89484326171875,2.039212748721242,-0.7011585565984249,0.05883855793774127
1788861375289850400,13.904850341796875,1.655144457796216,-0.9429401910483837,-0.10668342817425727
1788861375299856400,13.9148564453125,0.8506365858823061,-1.0750818856060504,-0.08262567623853682
1788861375309862400,13.9248623046875,-0.1350157886892557,-1.1047095466285943,0.01015928270369768
1788861375319868400,13.934868408203124,-0.8987322160094976,-1.2493138323962687,0.1375824243068695
1788861375329874200,13.944874267578125,-0.9487982694268227,-1.514379311800003,0.33161972628533837
1788861375339881500,13.954881591796875,-0.48279754522442814,-1.7361106763899326,0.4348676270529628
1788861375349887500,13.964887451171874,0.14868249499201774,-1.73051124894768,0.4283534228533506
1788861375359893200,13.974893310546875,0.8826888437032699,-1.3700801464587449,0.32949440469443797
1788861375369899500,13.9848994140625,1.4344833527863026,-0.7846350044474005,0.33798896905630826
1788861375379905500,13.994905517578125,1.5650339787602423,-0.22384411896020173,0.3664011168092489
1788861375389912300,14.004912353515625,1.6251812812089919,0.08773644338101148,0.1143526476278901
1788861375399918300,14.01491845703125,1.8460744414091108,0.22038316485136747,-0.1763560993373394
1788861375409924600,14.024924560546875,1.7935282616138457,0.22201427318453787,-0.4130106000319123
1788861375419930400,14.034930419921874,1.7693582814753055,0.2674611423686147,-0.594131137292087
1788861375429936400,14.044936279296875,1.813369857159257,0.4250210635602474,-0.7452195243820547
1788861375439942400,14.0549423828125,1.4273136072874069,0.48041912565529343,-0.9015405514284968
1788861375449949400,14.064949462890626,1.6635037053406239,0.32476533034592864,-1.2103569097533822
1788861375459955500,14.07495556640625,1.4592670809090136,0.1018541083216667,-1.2026429743751883
1788861375469961500,14.08496142578125,0.49465398723483084,-0.21052169605046508,-0.9196089998215436
1788861375479967200,14.09496728515625,0.5183382296830416,-0.636714725999534,-0.8231579195871949
1788861375489973200,14.10497314453125,1.7352023293733596,-0.8232765775308013,-1.0051932336047291
1788861375499980500,14.11498046875,2.743472193944454,-0.7654659013360738,-1.240941433109343
1788861375509986300,14.124986328125,2.4943320134252307,-0.46876785082817074,-1.3210799687072634
1788861375519992300,14.134992431640624,1.6379437321484087,-0.0912524886779487,-1.0679077561929822
1788861375529998300,14.144998291015625,1.5982348220944405,0.23386107058376074,-0.9234763427741826
1788861375540004600,14.155004638671874,2.6902964840739965,0.6532616639137268,-1.3213663844332098
1788861375550011400,14.165011474609376,3.4289357532829046,1.0060423977799713,-1.7249211738556622
1788861375560017400,14.175017333984375,2.7740929576575755,1.1048308349207043,-1.7816387941166758
1788861375570023400,14.1850234375,1.7072317879080772,0.9221258049480616,-1.5089643010139464
1788861375580029400,14.195029541015625,1.5175579418361187,0.729290133844316,-1.1673720467686652
1788861375590035500,14.205035400390624,1.9009329897999763,0.7610106754928827,-1.3413020880028605
1788861375600042200,14.215042236328125,2.0511171215265986,0.7602069578945636,-1.8211732243865728
1788861375610048300,14.22504833984375,1.995875126776099,0.7502610256806016,-1.8279814430966972
1788861375620054500,14.235054443359376,1.6626105558931827,0.7000368590921163,-1.5972542866244912
1788861375630061000,14.24506103515625,1.3366145147085189,0.6710198773138225,-1.5141072168603538
1788861375640067000,14.255067138671874,0.9274901084601879,0.7699427544891834,-1.3296636726573108
1788861375650073000,14.265072998046875,0.7186451134502887,1.0584754725895822,-0.97048373927325
1788861375660079900,14.275079833984375,1.5796750830531119,1.3481117680177093,-0.5683221577748656
1788861375670086100,14.285086181640626,2.33211549859941,1.3896172060996292,-0.39772769070416686
1788861375680092200,14.295092041015625,2.3879671496808528,1.306203594353795,-0.6036082829505205
1788861375690098000,14.305097900390624,2.51964181124866,1.2443702385142446,-0.9399155825302005
1788861375700104000,14.31510400390625,2.876802806025743,1.2660785047143697,-1.370200850228965
1788861375710111200,14.325111328125,2.7192425925731656,1.314433954821527,-1.7511673757463693
1788861375720117000,14.335116943359376,2.39123579608798,1.1386237989291548,-1.8616642247289419
1788861375730123000,14.345123046875,2.2240672118127343,0.8669774798303842,-1.7915876489400862
1788861375740129000,14.35512890625,2.1092069069236516,0.6473717290922999,-1.6375839589253067
1788861375750135000,14.365135009765625,2.252160502874851,0.5074377732232213,-1.470702667158842
1788861375760142000,14.37514208984375,2.1632418639719484,0.516645746551454,-1.3360279469922185
1788861375770148000,14.385148193359376,1.6085796904981136,0.588920416906476,-0.9554355154842138
1788861375780154000,14.395154052734375,1.0183446838617325,0.6443412753552198,-0.22235008101016282
1788861375790160100,14.40516015625,0.7332540690392255,0.7028387647703289,0.36452012536823747
1788861375800166100,14.415166259765625,0.7674427543669938,0.7562929993212223,0.7287862759754061
1788861375810173000,14.4251728515625,1.074657522714138,0.6563520311444997,0.9028159781917929
1788861375820179000,14.435178955078126,1.1521908442497253,0.35916590485870836,0.9497565930649637
1788861375830185200,14.445185302734375,1.034662781456113,-0.11850596791505813,0.8373866436868905
1788861375840191200,14.455191162109376,0.7734124764263629,-0.733904057380557,0.43101475101709363
1788861375850197000,14.465197021484375,0.16680208905041216,-1.4646096109807492,-0.08305909921973943
1788861375860204000,14.4752041015625,-0.31275778942704197,-2.2400486247986553,-0.35941432666182516
1788861375870210000,14.4852099609375,-0.5723258404582738,-2.950587004160881,-0.21982962262183425
1788861375880216000,14.495216064453125,-0.7504787600845098,-3.5112340972632166,0.18311346464306116
1788861375890222000,14.50522216796875,-0.9948422277212142,-3.834118728429079,0.5497396223798394
1788861375900228000,14.51522802734375,-1.2105839965075254,-3.8266742576420305,0.7782990794241428
1788861375910235100,14.525235107421874,-1.5333803648680449,-3.3199913944393393,0.7279357966259121
1788861375920241200,14.5352412109375,-2.0454238783210514,-2.518367553529143,0.6012511984303593
1788861375930247200,14.5452470703125,-2.616030639901757,-1.708822856491804,0.43767596247196194
1788861375940253000,14.5552529296875,-2.9746494322717187,-1.0977028827369213,0.36320085946321484
1788861375950259000,14.565259033203125,-3.13873057192564,-0.7118138061255216,0.3971487217724323
1788861375960265200,14.57526513671875,-3.060495239600539,-0.6907838775783777,0.4905234633013606
1788861375970272000,14.58527197265625,-2.810672922036052,-0.8591945708692074,0.6364744875028729
1788861375980278000,14.595278076171875,-2.657967162877321,-1.1140174731999635,0.8955950870275496
1788861375990284000,14.605283935546876,-2.545865216785669,-1.4679758725434542,1.2597682986542582
1788861376000290000,14.6152900390625,-2.1308687036335465,-1.814647037488222,1.5556693535655737
1788861376010296000,14.625296142578126,-1.4557655025288463,-1.9818699822992085,1.719498272024095
1788861376020303000,14.63530322265625,-1.0848585987329482,-1.9708844779044388,1.8109011289581656
1788861376030308900,14.645308837890624,-1.1973895838916302,-1.7752753965646026,1.5382865493491291
1788861376040315100,14.655315185546876,-1.2952005543023346,-1.395371239581704,1.0046054968446492
1788861376050321200,14.665321044921875,-1.2765566441088914,-1.056841295516491,0.5658902544528246
1788861376060327200,14.6753271484375,-1.1916168457090854,-0.8705705358862876,0.4005702206537127
1788861376070334000,14.685333984375,-1.2201491127103565,-0.7301771458119154,0.3919093598142266
1788861376080340200,14.69534033203125,-1.2479957355350255,-0.5702139628708363,0.2911792870864272
1788861376090346000,14.705345947265625,-1.2697814508855343,-0.45008711575567717,0.20653876389414072
1788861376100352000,14.71535205078125,-1.437031868225336,-0.43425592489540576,0.31181378657519815
1788861376110358000,14.72535791015625,-1.5630974577397108,-0.5611310772269964,0.6530252248093485
1788861376120365000,14.735364990234375,-1.7935814531058072,-0.800764593732357,1.0262488811150192
1788861376130371000,14.74537109375,-2.0705635802745816,-1.1206921286582947,1.324674486067891
1788861376140377000,14.755377197265625,-2.305449609991908,-1.4460551326364277,1.4890630842357873
1788861376150383000,14.765383056640625,-2.2248370271414517,-1.6123989565253256,1.2707660780087113
1788861376160388900,14.775388916015626,-1.7584686386704445,-1.5801660814404486,0.7135609420537948
1788861376170395100,14.78539501953125,-0.9825129075020551,-1.3960627289772032,0.0901014189466834
1788861376180402000,14.79540185546875,-0.013737433451414108,-1.107905127799511,-0.33009441641420123
1788861376190408000,14.805407958984375,0.6923194165825843,-0.8452291738808154,-0.4432663298249244
1788861376200414000,14.8154140625,1.0035814144939184,-0.6340817471474409,-0.18149521579146385
1788861376210420200,14.825420166015626,0.9427227489054203,-0.5800497127085924,0.32986031539738175
1788861376220426000,14.835426025390625,0.6457587409377098,-0.8082318608731031,0.7797223902255296
1788861376230433000,14.84543310546875,0.34154549249410626,-1.1323954259335993,1.0842106562182308
1788861376240439300,14.855439208984375,-0.10808043549060821,-1.2636954089701176,1.1128212491527198
1788861376250445000,14.865445068359374,-0.4749520924210548,-1.1955179448008537,0.7551248323246836
1788861376260451000,14.875451171875,-0.6129349142223596,-0.9506745846927166,0.18686200352162122
1788861376270457000,14.88545703125,-0.5955693534016608,-0.6072726506769657,-0.25158318975716826
1788861376280464100,14.895464111328126,-0.28803309801518917,-0.3454185345351696,-0.3548793135806918
1788861376290470100,14.90547021484375,-0.05977730009257793,-0.27671500066518784,-0.21617402272373437
1788861376300476200,14.91547607421875,-0.2864233247309923,-0.44026422539949417,0.08248246837556361
1788861376310482000,14.92548193359375,-0.4231868338704109,-0.6466624117791653,0.3538964400231838
1788861376320488000,14.935488037109375,-0.2776432214260101,-0.6372814199715853,0.46632542611211536
1788861376330495200,14.9454951171875,-0.5679056859284639,-0.287138195002079,0.5898740643694996
1788861376340501000,14.9555009765625,-0.8419611119955778,0.11210077704787254,0.8335542259171604
1788861376350507000,14.965507080078124,-0.5977554652690887,0.29404081399738785,1.2221318109601735
1788861376360513000,14.975512939453125,-0.43870413647592066,0.15444997247755526,1.5488888996452093
1788861376370519000,14.98551904296875,-0.27910218806266784,-0.24524317308068275,1.481312616239488
1788861376380526000,14.995526123046876,0.5967898351073265,-0.6116150637954473,0.9228846604913472
1788861376390532000,15.005531982421875,1.593918127939105,-0.7832797904461621,0.0539227288454771
1788861376400537900,15.015537841796874,2.116957082659006,-0.8024395412072539,-0.6128747084677219
1788861376410544000,15.025544189453125,2.063559838992357,-0.6644003130435944,-0.9069438717767596
1788861376420550100,15.035550048828124,1.5069336719691753,-0.39038404994308945,-0.8426631227850914
1788861376430556200,15.04555615234375,0.568259906193614,-0.22659575575590132,-0.5604287741765379
1788861376440563000,15.05556298828125,-0.21414134785234926,-0.3087254651710391,-0.4320148679703474
1788861376450569200,15.0655693359375,0.19444705182313918,-0.40223698482215403,-0.5915557338461279
1788861376460575000,15.075574951171875,1.4388532384335995,-0.3212228354334831,-0.703264004445076
1788861376470581000,15.0855810546875,2.4320377620756624,-0.1033142440021038,-0.5801800610899925
1788861376480587000,15.0955869140625,2.4998107370972633,0.14949468815773725,-0.3319821298569441
1788861376490594000,15.105593994140625,1.7088661111116408,0.18425474363267422,-0.0949769160285592
1788861376500600000,15.11560009765625,1.803473901566863,0.05001256966441869,-0.2419160744845867
1788861376510606000,15.125606201171875,1.6808523150265215,-0.2110159093081951,-0.3497933886185288
1788861376520612000,15.135612060546874,0.8341571602463722,-0.525621956950426,-0.4113777381330728
1788861376530617900,15.145617919921875,0.3824930044323206,-0.6551756808415055,-0.6118304601117969
1788861376540625200,15.155625244140625,0.39884266620874403,-0.4980567814156413,-0.7515051805227995
1788861376550631200,15.165631103515626,1.2221838334083557,-0.3629401627004146,-0.8531094057366252
1788861376560637000,15.175636962890625,2.430115854102373,-0.052991585475206375,-1.093704753011465
1788861376570643000,15.185642822265624,2.983658668157458,0.2539310680575669,-1.2374905620031058
1788861376580649200,15.195649169921875,2.5450199981331822,0.3140573277182877,-0.9413799559943378
1788861376590656000,15.205656005859375,2.148853857657313,0.3159231215901673,-0.6545679242067038
1788861376600662000,15.215662109375,2.4316952322483063,0.4501971520014107,-0.7947507402703166
1788861376610668000,15.22566796875,2.5898119105398654,0.47139615350514646,-1.014708665446937
1788861376620674000,15.235674072265626,2.5893454620718956,0.43779768915548917,-1.098874849125743
1788861376630679300,15.24567919921875,2.454773325496912,0.5717892493635416,-1.1366592208579183
1788861376640685300,15.255685302734374,2.352838553154468,0.943575566342473,-1.5939783336937428
1788861376650692400,15.2656923828125,2.3546938256323338,1.3415773978129029,-2.133656288525462
1788861376660698400,15.275698486328125,2.195520331764221,1.4696590033248067,-2.079684459841251
1788861376670704400,15.285704345703126,1.943058313345909,1.271637600146234,-1.586457875061035
1788861376680710400,15.29571044921875,1.9215216043204069,1.0902820850864052,-1.1178291404426097
1788861376690716200,15.305716064453126,2.095093625897169,1.165119299405813,-0.7358131058722734
1788861376700723500,15.315723388671875,2.3172668890357015,1.272163377586007,-0.467948643399775
1788861376710729500,15.3257294921875,2.438264089244604,1.352498312538862,-0.5270350386187433
1788861376720735200,15.3357353515625,2.2167221097469327,1.5189719002872704,-0.7878168493539095
1788861376730741200,15.3457412109375,1.9668167900741098,1.6791779520735144,-0.9944500135332346
1788861376740747300,15.355747314453126,1.9526976638287306,1.692112252448499,-1.1472180242732166
1788861376750754300,15.36575439453125,1.924410311499238,1.5419862806499003,-1.1436696841418743
1788861376760760300,15.37576025390625,1.6211328826010227,1.1851952882289887,-1.051643434612453
1788861376770766300,15.385766357421875,1.3834563453823328,0.8252972697034477,-0.981761504612863
1788861376780772000,15.395772216796875,1.412273859065771,0.4398144358053803,-0.9656468206360935
1788861376790778400,15.4057783203125,1.4957354016065596,-0.05543985541015863,-0.8743950626105069
1788861376800785400,15.415785400390625,1.4118144248604774,-0.5540890497609973,-0.7864639734402299
1788861376810791200,15.425791259765624,1.295966277977824,-0.8994920944660901,-0.7575745635643601
1788861376820797200,15.435797119140625,1.4081366131305695,-1.029434525413811,-0.7567305139556527
1788861376830803500,15.445803466796875,1.6470587664961813,-1.0220298021152614,-0.755241736702621
1788861376840809500,15.4558095703125,1.6876526426911354,-0.8065449306994676,-0.7420894096627831
1788861376850816300,15.465816162109375,1.607719274276495,-0.5214385337859392,-0.6801105078727007
1788861376860822300,15.475822265625,1.341304718351364,-0.2212152317613363,-0.691346479897201
1788861376870828300,15.485828369140625,0.7355383805841207,0.07487374693751335,-0.7778428600892424
1788861376880834300,15.495834228515625,0.04885024788677692,0.2489747608244419,-0.72346361964792
1788861376890840300,15.50584033203125,-0.47266368922293184,0.24404957938194274,-0.3634086569949984
1788861376900846300,15.515846435546875,-0.7183019991010428,0.018290274450182914,0.23891981527805328
1788861376910853400,15.525853271484374,-0.8493775257319212,-0.378680168145895,0.93861092967242
1788861376920859400,15.535859375,-0.8713765915721654,-0.9519131865769624,1.5170263191774487
1788861376930865400,15.545865478515625,-0.848844441768527,-1.657660240009427,1.933831927578151
1788861376940871200,15.55587109375,-1.090228601333499,-2.3197680582016704,2.0772648314788937
1788861376950877400,15.56587744140625,-1.5668869131505487,-2.8231138859361407,1.8322797248125076
1788861376960884200,15.57588427734375,-1.99964061678946,-3.0317268257558343,1.276574179765582
1788861376970890200,15.58589013671875,-2.1347037517517804,-2.909040357285738,0.8092050898194313
1788861376980896300,15.595896240234374,-2.1575088732779024,-2.477158760306239,0.6990002095207571
1788861376990902500,15.605902587890625,-2.3103426427304745,-1.9917372963190079,0.9035726417779922
1788861377000908300,15.615908203125,-2.3724112686306236,-1.6801415364086627,1.3293833944112061
1788861377010915300,15.625915283203126,-2.328375727549195,-1.435088332942128,1.6754720832929013
1788861377020921300,15.63592138671875,-2.3153011419206857,-1.1931254967063665,1.7349676438346504
1788861377030927400,15.64592724609375,-2.396819733700156,-0.9419891739338636,1.5370365492880345
1788861377040933400,15.655933349609375,-2.617800572183728,-0.851477712881565,1.2393749144449828
1788861377050939400,15.665939453125,-2.6033763255119324,-1.0084154105216263,0.8699968276515603
1788861377060946200,15.6759462890625,-2.0969564971596,-1.2970318613827228,0.3086868867263198
1788861377070952400,15.685952392578125,-1.6136854892045258,-1.5629577570080757,-0.2916246927663684
1788861377080958500,15.69595849609375,-1.307713998916745,-1.6323738230615854,-0.5998281798899173
1788861377090964200,15.705964111328125,-1.0878519353300333,-1.6126304271936416,-0.48529257691055533
1788861377100970200,15.71597021484375,-0.9933172101110219,-1.555948170506954,-0.1466638486459851
1788861377110977500,15.7259775390625,-1.0756675765395163,-1.3485977979689836,0.15489479363560676
1788861377120983300,15.7359833984375,-1.1658066971480845,-0.970750573515892,0.4006584834590554
1788861377130989300,15.7459892578125,-1.2472124762028456,-0.5690203691720962,0.514803333555162
1788861377140995300,15.755995361328125,-1.3158856149345635,-0.3196592393785715,0.5523489280954003
1788861377151001000,15.7660009765625,-1.4756494759112595,-0.39301615201234813,0.6334706295117736
1788861377161008400,15.77600830078125,-1.5750784029126166,-0.606820815256238,0.6790344030737876
1788861377171014400,15.786014404296875,-1.7206512414515018,-0.8271499118328094,0.5921288575589656
1788861377181020200,15.796020263671876,-1.6994208218961953,-1.0867828447937964,0.4998559397920966
1788861377191026200,15.806026123046875,-1.3254098146051168,-1.2445914800494908,0.35561873377114533
1788861377201032400,15.816032470703124,-0.5681605374723673,-1.1654472161859273,0.10519289735555648
1788861377211039200,15.826039306640626,0.20040975961983204,-1.0100263528496027,0.02262362747937441
1788861377221045200,15.836045166015625,0.4765864156246185,-1.0039806429445743,0.13139613688737153
1788861377231051300,15.84605126953125,0.03780103060603142,-1.00033322635293,0.34862492936104533
1788861377241057300,15.856057373046875,-0.629400311332941,-0.9854004456371068,0.529268204498291
1788861377251063300,15.866063232421874,-1.3479519012808798,-1.0786731880962848,0.627749913777411
1788861377261070300,15.8760703125,-1.8697417327225208,-1.3463368672996758,0.6518719631209969
1788861377271076000,15.886076171875,-1.8719313517212868,-1.5704834763377904,0.4571130688697099
1788861377281082400,15.896082275390626,-1.5038281071692705,-1.6033108101844786,0.027356501220166682
1788861377291088400,15.90608837890625,-0.9851105227798223,-1.476142812386155,-0.3883952142134309
1788861377301094400,15.916094482421874,-0.5008107562988996,-1.2775012314826248,-0.6372118618667125
1788861377311100200,15.92610009765625,-0.40096506519019603,-1.0138830282777547,-0.5446332391515374
1788861377321107500,15.936107421875,-0.5828209309875965,-0.6879846022486686,-0.16183832916319368
1788861377331113200,15.94611328125,-0.6701105073839425,-0.4326841455340385,0.40875878780633207
1788861377341119200,15.956119140625,-0.5409463673323393,-0.43221594350039955,0.9183817961141466
1788861377351125200,15.966125244140626,-0.4676806401133537,-0.746875182634592,1.0766530804455279
1788861377361131500,15.976131591796875,-0.35049686071276664,-1.1901929503858089,0.8239987543255091
1788861377371138300,15.98613818359375,0.17476678431928155,-1.5108756875932217,0.3824874514743685
1788861377381144300,15.996144287109376,0.8963082037329674,-1.6333417913109063,-0.12864859174489973
1788861377391150300,16.006150390625,1.4385212300002574,-1.5317589011460542,-0.4321019617319107
1788861377401156400,16.01615625,1.6736182721197603,-1.1530799020439386,-0.47436903183609247
1788861377411162400,16.026162353515623,1.6323381672263144,-0.5531318951666355,-0.26621903335303065
1788861377421169400,16.03616943359375,0.9181178844809532,0.20049393077194688,0.035703181543946264
1788861377431175200,16.046175048828125,-0.27449147939682006,0.872315625987947,0.5434864072039723
1788861377441181400,16.056181396484376,-1.148349366390705,1.1697566038176417,1.1537234606444835
1788861377451187500,16.0661875,-1.5871768369853496,0.9328209480941295,1.502736220279336
1788861377461193200,16.076193115234375,-1.3107891685783861,0.3383201007068157,1.4197154072433709
1788861377471200300,16.0862001953125,0.43648704494833945,-0.2813520128160715,0.9516723635584116
1788861377481206500,16.09620654296875,2.3050457053661346,-0.7706704842418431,0.3043617170035839
1788861377491212300,16.10621240234375,2.83872588108778,-1.0017901471629738,-0.34042262594401834
1788861377501218300,16.11621826171875,2.5190426763117313,-0.8209791142433881,-0.8838491196542978
1788861377511224300,16.126224365234375,2.091867065066099,-0.2890916671574116,-1.2231211142584681
1788861377521231400,16.1362314453125,1.3725298776984214,0.18039894498735665,-1.1426681058838963
1788861377531237400,16.1462373046875,0.4415034118056297,0.18346183968931434,-1.08452863612622
1788861377541243400,16.156243408203125,0.5275134697854519,-0.21325871979892252,-1.451732009229064
1788861377551249200,16.166249267578124,1.6173977877259254,-0.4023988973855972,-1.9709999209776519
1788861377561255200,16.176255126953127,2.610788063073158,-0.32986908322572706,-2.260860526680946
1788861377571262500,16.186262451171874,3.301666633197665,-0.06913228067606687,-2.3557035871967673
1788861377581268200,16.196268310546873,3.0234120018750428,0.15810498785376548,-2.3101591028571127
1788861377591274200,16.206274169921876,2.4190017548918723,0.22479484381377696,-2.0254513498723505
1788861377601280300,16.2162802734375,1.7516051826417445,0.2156362625852227,-1.5468617777317761
1788861377611286500,16.22628662109375,1.4998410833597182,0.11587035871446132,-1.2016110009789467
1788861377621292300,16.236292236328126,1.7084487624824045,0.12408420643880963,-0.9916326180249452
1788861377631299300,16.24629931640625,1.837202568167448,0.39774288827329873,-0.7194248656511306
1788861377641305000,16.25630517578125,2.302747365295887,0.6985578725807369,-0.5662926977738738
1788861377651311000,16.26631103515625,2.529437813597917,1.0420695505812763,-0.7219470776051282
1788861377661317000,16.276317138671875,2.261518698328733,1.3637880605772137,-0.8552887956023216
1788861377671323100,16.2863232421875,2.139547684651613,0.9943315017201005,-0.9570163549348711
1788861377681330200,16.296330078125,2.2086206363558767,0.4017136916004121,-1.1914932193294168
1788861377691336200,16.306336181640624,2.0595704770952463,0.2978210631884634,-1.5420739589333534
1788861377701342200,16.31634228515625,1.8776093973577022,0.44777854655236005,-1.7635092631861566
1788861377711348000,16.326347900390626,1.6631296113312244,0.5314775511108338,-1.6765756606206297
1788861377721354200,16.336354248046874,1.5402251161962746,0.6381679935477673,-1.4316229949191213
1788861377731361000,16.346361083984377,1.6023194610595701,0.9101011667639016,-1.3051079080715775
1788861377741367000,16.356366943359376,1.8379998560249804,1.1482687023699283,-1.07488694755584
1788861377751373000,16.366373046875,1.9417209272623062,1.3314423727676272,-0.7733169070973992
1788861377761379300,16.37637939453125,1.9234651396036146,1.3895385879054665,-0.7467866275683045
1788861377771385000,16.386385009765625,1.8744681767225264,1.2446964017286897,-0.9332496949002146
1788861377781392100,16.39639208984375,1.9362842891663312,1.1155872067347168,-1.1266165502712129
1788861377791398100,16.406398193359376,2.002031895840168,1.0079805262356996,-1.2756120567351579
1788861377801404200,16.416404052734375,1.952776574283838,0.9639379708915948,-1.468293267929554
1788861377811410200,16.42641015625,1.847517625954747,0.9428852459907531,-1.7319868744581937
1788861377821416200,16.436416259765625,1.7288152586847543,0.8872171347826718,-1.8206155905038117
1788861377831423000,16.446423095703125,1.407419404771924,0.7609630369588732,-1.7003274153470993
1788861377841429200,16.45642919921875,1.0960773273617028,0.5262596703320741,-1.4516823248684405
1788861377851435300,16.466435302734375,1.0277484720230101,0.19534487744569778,-0.9550918166130781
1788861377861441000,16.47644091796875,1.0334674341917038,-0.15979980907291172,-0.30929508175253867
1788861377871447000,16.486447021484373,0.8690607158452271,-0.5634338012114167,0.290616392506659
1788861377881454300,16.496454345703125,0.6523194146275519,-1.0191676906824112,0.722980804567039
1788861377891460000,16.506460205078124,0.6623375352948904,-1.4826748445034026,0.917251038518548
1788861377901466000,16.516466064453127,0.750717245015502,-1.8372294561743736,0.8581281106814742
1788861377911472000,16.52647216796875,0.8220464512139558,-2.0118904420316217,0.723993488740921
1788861377921478100,16.53647802734375,0.6621224312394857,-2.006315856769681,0.5384519201681017
1788861377931485200,16.546485107421876,0.5100631532907486,-1.8346435313344,0.19973142196685076
1788861377941491200,16.5564912109375,0.46274201466739173,-1.586387147912383,-0.1643140716269612
1788861377951497000,16.5664970703125,0.2979372369140386,-1.3520078986734152,-0.4710685289859771
1788861377961503000,16.5765029296875,-0.14731062211692333,-1.121135196250677,-0.6661342972293496
1788861377971509200,16.58650927734375,-0.7354261523813009,-0.9387234501361846,-0.6364587054118513
1788861377981516000,16.59651611328125,-1.3536626801431177,-0.8199737365931272,-0.3523097553536296
1788861377991522000,16.60652197265625,-1.9591151296555995,-0.8380132511526346,0.08786971437186002
1788861378001528300,16.6165283203125,-2.515945294818282,-1.022429907348752,0.5720031843751668
1788861378011534300,16.626534423828126,-2.827190926116705,-1.430218681079149,1.1343512361764907
1788861378021540000,16.6365400390625,-2.7907974242210387,-1.9561030883580446,1.6915481888249515
1788861378031547100,16.646547119140624,-2.5614766274154186,-2.365737782216072,2.213185460053384
1788861378041553200,16.65655322265625,-2.589333187112212,-2.4699177031368014,2.403119126105308
1788861378051559200,16.66655908203125,-2.834109327203035,-2.1890555196642874,2.039725374418497
1788861378061565200,16.676565185546874,-2.68853648866415,-1.6666408343225716,1.5681097329437732
1788861378071571200,16.6865712890625,-2.3538772485524415,-1.1180074196189642,1.3368570912927389
1788861378081578200,16.696578125,-2.063998814931512,-0.8461357673317194,1.2893585502758622
1788861378091584300,16.706584228515624,-1.8688368928372858,-0.8641121535271405,1.1908370935082435
1788861378101590300,16.71659033203125,-1.5049860450327395,-0.7620072853147983,1.0084037200838327
1788861378111596000,16.726595947265626,-0.8382388766020535,-0.39748891351222987,0.9049553283080458
1788861378121602000,16.73660205078125,-0.20720131945610046,-0.0609375760436058,0.8664768368318676
1788861378131609000,16.746609130859376,0.07521510772109032,0.10535130278766154,0.8037573458075523
1788861378141615000,16.756614990234375,-0.3451712817758322,0.0466115290492773,0.813151781618595
1788861378151621000,16.76662109375,-1.180600946176052,-0.17152210330963133,0.9191633018806576
1788861378161627100,16.776627197265626,-1.7086486689686775,-0.6135416479438544,1.1471966892242431
1788861378171633200,16.786633056640625,-1.8934739059656858,-1.1114864934176205,1.206034078118205
1788861378181640200,16.79664013671875,-2.0454151104927063,-1.39196581505239,0.8009367354288697
1788861378191646200,16.806646240234375,-1.7839333347946404,-1.4280810845285654,0.28472032020539045
1788861378201652000,16.81665185546875,-1.6760662497937677,-1.3711667726516723,-0.13669891947060822
1788861378211658200,16.826658203125,-1.5895049876719711,-1.3087930263251066,-0.3765659524708986
1788861378221664300,16.836664306640625,-1.2701339175850153,-1.303592535072565,-0.24159926362037656
1788861378231671000,16.846671142578124,-0.8349100244402885,-1.2474573908746243,0.09377572354525326
1788861378241677000,16.856677001953123,-0.378661463445425,-1.0502508112102746,0.3413499699220061
1788861378251683300,16.866683349609374,-0.11590718359351157,-0.8340385023027658,0.4143599688142538
1788861378261689000,16.876689208984374,0.015458265894651413,-0.655292292958498,0.4710857723817229
1788861378271695000,16.886695068359376,0.05245967055559158,-0.5627548790365458,0.5965890518382191
1788861378281702100,16.8967021484375,-0.12158055305480957,-0.6447796667724848,0.7181789572432636
1788861378291708200,16.906708251953123,-0.12655132720470427,-0.7343067929625511,0.7981234315738082
1788861378301714200,16.916714111328126,-0.039430093112587924,-0.7229314124673605,0.8451490943819284
1788861378311720200,16.92672021484375,-0.04609130456745624,-0.7040712291747331,0.7591624172776937
1788861378321726200,16.936726318359376,-0.1411333947867155,-0.8215618825674057,0.5261567944794893
1788861378331733200,16.946733154296876,-0.44713644925653934,-0.982919734737277,0.2642763748526573
1788861378341739300,16.9567392578125,-0.7526146030694246,-1.0194470921456813,0.24344430696517227
1788861378351745000,16.9667451171875,-0.9911989027827978,-1.0089742134481667,0.4189434972122311
1788861378361751000,16.9767509765625,-0.999669209486246,-1.003136593335867,0.6749576551541686
1788861378371757000,16.986757080078124,-0.845166630038619,-0.9270780205279588,0.8220183941632508
1788861378381764000,16.99676416015625,-0.9536205750167369,-0.862412363871932,0.8947861087322234
1788861378391770000,17.00677001953125,-0.8688175547391176,-0.8950210865318775,1.044806282068789
1788861378401776000,17.016776123046874,-0.7639215945035219,-0.9741635968297719,1.0906138012588023
1788861378411782100,17.0267822265625,-0.5884446160882711,-1.0459335325330494,0.9374681893780827
1788861378421788200,17.0367880859375,-0.11748480817377567,-1.1023211901873349,0.7925725194483995
1788861378431795200,17.046795166015624,0.7842711395710706,-1.2148457456052302,0.5923144432589411
1788861378441801000,17.056801025390627,1.5983873823076487,-1.3862299017488955,0.26343407880961894
1788861378451807200,17.06680712890625,1.8844225845038889,-1.499503814229369,-0.17226707645803688
1788861378461813200,17.076813232421873,1.857618748730421,-1.3619880254179237,-0.527063680191338
1788861378471819300,17.0868193359375,1.3640934732645749,-0.8260229536294936,-0.5288245523840188
1788861378481826000,17.096825927734375,0.8424597091674804,-0.3293397986546159,-0.26310703881233927
1788861378491832300,17.106832275390627,0.6565297257989645,-0.1865352557852864,-0.028178923518955706
1788861378501838000,17.116838134765626,0.7477578106880187,-0.236568575976789,-0.06926935105919838
1788861378511844000,17.126843994140625,0.896066211670637,-0.3179404527619481,-0.22631576977074144
1788861378521850000,17.13685009765625,0.7867442516863346,-0.22833353933393954,-0.25086481235474345
1788861378531857200,17.146857177734375,0.6018237376213074,-0.031651860326528544,-0.20303952360153196
1788861378541863200,17.15686328125,0.32758535620272156,0.06482873826324939,-0.14721446826606988
1788861378551869200,17.166869140625,0.5718751740813255,0.14526450324207543,-0.13916852445453404
1788861378561875200,17.176875244140625,1.260078387516737,0.13463380363434552,-0.0845811942204833
1788861378571881000,17.186880859375,1.45371587652266,-0.12628332391828298,0.002447393152117729
1788861378581888300,17.19688818359375,1.5417840360760688,-0.39390842467695475,-0.13888649264276026
1788861378591894300,17.206894287109375,1.939831752514839,-0.588612666131556,-0.5662672710716724
1788861378601900000,17.216900146484374,2.091813289052248,-0.6834279618576169,-0.9944903455436229
1788861378611906000,17.226906005859377,1.769883182132244,-0.574007802195847,-1.2003788288354873
1788861378621912300,17.236912353515624,1.4099685047328472,-0.49494244878739113,-1.269656947723031
1788861378631920000,17.246920166015624,1.3829039721965788,-0.5967395662248134,-1.2950512089595199
1788861378641926100,17.256926025390626,1.6480752500623463,-0.6857184108823537,-1.4475509241521358
1788861378651932000,17.266931884765626,1.9773942981898784,-0.40792262924313544,-1.5759700910553336
1788861378661938000,17.27693798828125,2.455175476557016,0.05911284483447671,-1.4678691972985862
1788861378671944200,17.286944091796876,2.681462604755163,0.3869688346721232,-1.2315139718115329
1788861378681951000,17.296950927734375,2.7908558764100073,0.528820460730791,-1.2119584997311235
1788861378691957000,17.30695703125,2.9682524247109887,0.6110980541840195,-1.387622232890129
1788861378701963000,17.316962890625,2.921153988927603,1.0403465261809528,-1.4719816010534763
1788861378711969000,17.326968994140625,2.7255226957559584,1.614807771232724,-1.2981784010693431
1788861378721975000,17.33697509765625,2.304309792307019,1.7554690184630453,-1.2080585696831345
1788861378731982000,17.346982177734375,2.0148679965376854,1.5889739495351909,-1.4553469848558307
1788861378741987800,17.35698779296875,2.115351401028037,1.2163380299896,-1.51636142552793
1788861378751994000,17.366994140625,2.157543944591284,0.7312257780820131,-1.4666989844754337
1788861378762000100,17.377000244140625,2.0260884787321087,0.3513984857276082,-1.5340975732266902
1788861378772006100,17.387006103515624,1.9847440764307975,0.24490210455805062,-1.4884616112112998
1788861378782013200,17.39701318359375,2.074022780817747,0.3438686747446656,-1.3474161869689822
1788861378792019200,17.407019287109375,2.1445289801955223,0.5421536972954869,-1.1735133260026573
1788861378802025000,17.41702490234375,1.945993782275915,0.8028753022760152,-1.0752633796527982
1788861378812031000,17.427031005859376,1.69191497631073,1.0803443361788987,-1.0060974889680743
1788861378822037000,17.437037109375,1.637881772828102,1.214038520875573,-0.9104463269397616
1788861378832044000,17.4470439453125,1.4971031828284262,1.1328671350985764,-0.8839788835138082
1788861378842050000,17.457050048828126,1.2020797875344753,0.8782447237759828,-0.909281667074561
1788861378852056000,17.46705615234375,1.0520493850648402,0.6835688316330313,-0.8984539835900067
1788861378862062000,17.47706201171875,1.0036685082554817,0.6142813603952527,-0.8344780627638101
1788861378872068000,17.487068115234376,0.8594482533693313,0.61250529063344,-0.8114961233660578
1788861378882075100,17.4970751953125,0.7890110275745391,0.6199152746289968,-0.7992118113324046
1788861378892081000,17.507080810546874,0.951197731783986,0.6163038061335683,-0.7062105792909861
1788861378902087000,17.5170869140625,1.1080156024366616,0.5127633521601558,-0.540573734627664
1788861378912093200,17.52709326171875,1.2290870369255542,0.3626590076714754,-0.40953035670071836
1788861378922099200,17.53709912109375,1.3221581193327903,0.23088000894635916,-0.2745020007908344
1788861378932106000,17.54710595703125,1.3453811740100383,0.007823240971565245,-0.14972440526038408
1788861378942112000,17.557112060546874,1.1972001987993717,-0.35925299862027166,-0.05712853914946317
1788861378952118300,17.5671181640625,0.8562228615820408,-0.8049012551456689,-0.017163316246867177
1788861378962124000,17.5771240234375,0.297233472558856,-1.191511047247052,-0.078453358989954
1788861378972130000,17.587130126953124,-0.18031974227130412,-1.4357307224988936,-0.17516338242143392
1788861378982137000,17.59713720703125,-0.34735330199003217,-1.5653829383283853,-0.18762509684860706
1788861378992143000,17.60714306640625,-0.18132745800912378,-1.6231284403324127,-0.011882453234493731
1788861379002149000,17.617149169921873,0.0885918911665678,-1.6704647765249012,0.197160986956954
1788861379012155100,17.627155029296876,0.1462619898468256,-1.66628953666687,0.3007534633785486
1788861379022161000,17.637160888671875,0.18527999502718448,-1.6508084744185207,0.4586398400455713
1788861379032168200,17.647168212890627,0.23403145871460437,-1.680230383735895,0.7126192772895097
1788861379042174200,17.65717431640625,0.0007657236754894256,-1.669970855528116,0.8668941854611039
1788861379052180000,17.667179931640625,-0.5294055671423673,-1.6924024675667284,0.857315332993865
1788861379062186000,17.67718603515625,-1.1821288863956927,-1.8467244297504424,0.7799626287221908
1788861379072192000,17.68719189453125,-1.8502368217855691,-1.867960110002756,0.7261775547817348
1788861379082199000,17.697198974609375,-2.417722236475348,-1.6958341955810785,0.7959083858728409
1788861379092205000,17.707205078125,-2.770872242045402,-1.3774538900971411,1.20340460639745
1788861379102211000,17.717211181640625,-3.1227889064282177,-1.199206277924776,1.8357316188320516
1788861379112216800,17.727216796875,-3.501912142166495,-1.3263275139719246,2.5320523800104855
1788861379122223000,17.73722314453125,-3.708114513713121,-1.7772551722049712,3.1884564336031676
1788861379132230100,17.747230224609375,-3.578956218880415,-2.318883092060685,3.425040499410033
1788861379142236000,17.75723583984375,-3.054699120542407,-2.4996961708068848,3.043305327607691
1788861379152242000,17.767241943359377,-2.544126848685741,-2.1217887405991553,1.8902070131242275
1788861379162248200,17.777248291015624,-1.7796476202994584,-1.400623168760538,0.49423430051803585
1788861379172255000,17.7872548828125,-0.7091828731000424,-0.8487100017338991,-0.278221605835855
1788861379182261000,17.797260986328126,0.02300210540294647,-0.6049485916435718,-0.18697978468239307
1788861379192267300,17.807267333984374,-0.13830664692819117,-0.6043143853932619,0.5655345728829503
1788861379202273000,17.81727294921875,-0.9024375002682209,-0.7088315754443406,1.112539217340946
1788861379212279000,17.827279052734376,-1.1473726303130387,-0.821298263195157,1.1240575134381652
1788861379222285000,17.83728515625,-1.0071323849737643,-0.8197124553084373,0.8275278052344918
1788861379232292000,17.8472919921875,-1.0062240379571914,-0.739989514774084,0.4110091970816254
1788861379242298000,17.857298095703126,-1.0897861182630062,-0.7429360896199941,0.029412556967139243
1788861379252304100,17.86730419921875,-1.1298960103332996,-0.7690601264357566,-0.15000176089704037
1788861379262310100,17.87731005859375,-1.1500491560459136,-0.6848778684049844,-0.30132571030855176
1788861379272317200,17.887317138671875,-1.0361550658404826,-0.5479156218230724,-0.4410512841239571
1788861379282323200,17.8973232421875,-0.6126566818028688,-0.4252677317976951,-0.5554787505537271
1788861379292329000,17.907328857421874,-0.10531330886483192,-0.36929333111941814,-0.6787149618610739
1788861379302335000,17.9173349609375,0.27545710955858227,-0.4291109632223844,-0.6416480907484888
1788861379312341000,17.927341064453124,0.4241021951496601,-0.6667068364202976,-0.31883272542655466
1788861379322348000,17.93734814453125,0.2628729377955198,-0.97780399915874,0.10920856273770331
1788861379332354000,17.94735400390625,-0.09132394647896289,-1.222595336818695,0.4808426117643714
1788861379342360000,17.957360107421874,-0.441266095918417,-1.455439631575346,0.7670771359249949
1788861379352366000,17.967365966796876,-0.635289953893423,-1.6059183623343705,1.0234379153475164
1788861379362372000,17.9773720703125,-0.7021709485113621,-1.6397680249661206,1.2815598592236637
1788861379372379100,17.987379150390623,-0.7453361364990473,-1.389119777971506,1.4179390452206133
1788861379382385000,17.997385009765626,-0.8679407719045877,-0.9227420371502637,1.3395493991166352
1788861379392391000,18.007390869140625,-1.031201242825389,-0.586639612492919,1.1945020457565785
1788861379402397200,18.017397216796876,-1.0752554886072874,-0.47097617452740664,1.0237716773465275
1788861379412403200,18.0274033203125,-0.7614975822269916,-0.5409346768945456,0.858863146957755
1788861379422410000,18.037409912109375,-0.15083353554606438,-0.7304992173731326,0.7060089192390442
1788861379432416000,18.047416015625,0.3010252660572529,-0.9092617933303118,0.5516559773951768
1788861379442422300,18.05742236328125,0.4953600896775722,-0.9993225880056619,0.4235302404806018
1788861379452428000,18.067427978515624,0.27257366307675834,-0.9072820176899432,0.3027814620748162
1788861379462434000,18.07743408203125,-0.2872907552152872,-0.724883131057024,0.3103437140226364
1788861379472440800,18.08744091796875,-0.7264157474517822,-0.6931342400968075,0.40604251458495855
1788861379482447000,18.097447021484374,-0.807680072209239,-0.8764145857393741,0.2311889287650585
1788861379492453000,18.107453125,-0.18778174871504305,-1.1079209098905325,-0.030603228056430815
1788861379502459100,18.117459228515624,0.6740437551796435,-1.2428683095186948,-0.07646803039163351
1788861379512465000,18.12746484375,0.8445084583908319,-1.245591012480855,0.04422375712990761
1788861379522472200,18.13747216796875,0.5453226827204227,-1.083445224803686,0.3126598820105195
1788861379532478200,18.147478271484374,0.5282254174470902,-0.8377668751761317,0.5568512079507112
1788861379542484000,18.15748388671875,1.1171335593938827,-0.5669564223796129,0.5740270914182066
1788861379552490000,18.167489990234376,1.4557634567022322,-0.3242982973560691,0.45450200958847997
1788861379562497000,18.1774970703125,1.2061480598866938,-0.19141484452039,0.22235388040244577
1788861379572503000,18.1875029296875,0.6910825682640075,-0.1471624458178878,-0.07388327459543943
1788861379582509000,18.197509033203126,1.1920599133014678,0.057954176318645474,-0.5142024450525641
1788861379592515000,18.20751513671875,2.40281751281023,0.3365788099974394,-0.7186430676236748
1788861379602520800,18.217520751953124,2.705177826863527,0.5063581612929702,-0.5254378325551748
1788861379612528000,18.227528076171875,2.1116391025066377,0.5096434665739537,-0.25315175424814224
1788861379622534100,18.2375341796875,1.76412797960639,0.3795490599349141,-0.48258214890807866
1788861379632539600,18.24753955078125,2.6278695462554693,0.2411059271454811,-1.1582356773719191
1788861379642545700,18.257545654296877,2.156958253657818,0.3140115888804197,-1.346618022328615
1788861379652551700,18.2675517578125,0.5001175133377314,0.4434069073393941,-1.1443106123939155
1788861379662558500,18.277558349609375,-0.49123804131150245,0.4149897911503911,-0.9803671276450157
1788861379672564700,18.287564697265626,-0.38484336695075033,0.33409108483493327,-1.0139718756049871
1788861379682570800,18.29757080078125,0.4935165076375007,0.2712365692541003,-1.0058069815889001
1788861379692576800,18.30757666015625,1.4446160397440195,0.282037364731729,-0.942672772283852
1788861379702582500,18.31758251953125,1.9277420862704515,0.2578102475784719,-0.7913619746148586
1788861379712589800,18.32758984375,2.3818360995799304,0.03400061540976167,-0.7245382631421089
1788861379722595600,18.337595703125,2.721551454037428,-0.11990867431983351,-0.9195213215380906
1788861379732601600,18.3476015625,2.3881956977397203,-0.0012476619735360146,-1.0770824117735027
1788861379742607600,18.357607666015625,1.741158607429266,0.04697612457796931,-0.9048191347077489
1788861379752613600,18.367613525390624,1.6075228749215602,-0.06005670155584812,-0.6109086690917611
1788861379762620700,18.37762060546875,1.9711679710209369,-0.006877776814997196,-0.6074146894961595
1788861379772626700,18.387626708984374,2.256981639420986,0.30117504979148507,-1.07848643335253
1788861379782632700,18.3976328125,2.349900161615014,0.4548186743222177,-1.7451950233384965
1788861379792638500,18.407638427734376,2.4872949543952942,0.38602205534130335,-2.1849635741755367
1788861379802644700,18.417644775390624,2.4983622918546198,0.47723435813933607,-2.2074738044083118
1788861379812651500,18.427651611328123,2.114286986666918,0.7275413904808461,-2.0811922340556976
1788861379822657500,18.437657470703126,1.6821470310121773,1.0217853258349001,-1.6918801972582935
1788861379832663600,18.44766357421875,1.4550187758147715,1.2485806958161294,-1.0171548895552753
1788861379842669800,18.457669921875,1.427843184119463,1.2993258175387978,-0.5791413656920195
1788861379852675600,18.467675537109375,1.734787318831682,1.372129041812569,-0.37296325180381534
1788861379862682600,18.4776826171875,2.0162825395107267,1.4447270989030598,-0.3362833341822028
1788861379872688600,18.487688720703126,2.201438031375408,1.4929077769652008,-0.5250991021201015
1788861379882694700,18.497694580078125,2.4604268212139604,1.556817646817863,-0.9264037745282053
1788861379892700700,18.50770068359375,2.7517630524277688,1.6204937079146504,-1.2984367597445845
1788861379902707500,18.51770751953125,2.828874349159002,1.632685665489733,-1.6188897798493505
1788861379912713500,18.52771337890625,2.3753788862645626,1.563242419168353,-1.8091873107776044
1788861379922719700,18.5377197265625,1.6214461863338947,1.3627926197990774,-1.724063680243492
1788861379932725800,18.547725830078125,1.25684598146677,1.0900339555442333,-1.401082018443942
1788861379942731500,18.5577314453125,1.2022452072292567,0.6453586357042193,-1.0485355317249894
1788861379952738800,18.56773876953125,1.1153314784079789,0.03779781573563814,-0.6715992846369743
1788861379962744800,18.577744873046875,1.1891273669809101,-0.5865101408943534,-0.2832604767858982
1788861379972750600,18.58775048828125,1.4884429065108298,-1.1042021816283463,-0.039922552804648875
1788861379982756600,18.597756591796873,1.816015987753868,-1.2937556161910295,-0.07693827825188636
1788861379992762600,18.6077626953125,1.6984633750408886,-1.1177040527582167,-0.22506956910192966
1788861380002769700,18.617769775390624,1.326778180348873,-0.7508014161676168,-0.27787586113810536
1788861380012775700,18.627775634765626,1.0062222843915223,-0.2893769138395786,-0.2830634929090738
1788861380022781700,18.63778173828125,0.7122445987582207,0.13806933104097843,-0.2209390451684594
1788861380032787500,18.647787353515625,0.40640579493939877,0.29181612368524074,-0.026859657613933084
1788861380042793700,18.657793701171876,0.18876140740215777,0.1448930395811796,0.2362014962300658
1788861380052800800,18.66780078125,0.025536592316627502,-0.15374913073182106,0.4843877370253205
1788861380062806500,18.677806640625,-0.10336159027516842,-0.5488321521461009,0.6130623399943113
1788861380072812500,18.6878125,-0.4347083448380232,-1.0609650974482296,0.6177230252817273
1788861380082818800,18.69781884765625,-0.8801105176478624,-1.6178601445406675,0.6477455308407545
1788861380092825600,18.70782568359375,-1.213706512442231,-2.2728537468135355,0.7833984483897686
1788861380102831600,18.71783154296875,-1.6465291896641254,-2.9265152236998078,0.8266977841511368
1788861380112837600,18.727837646484375,-2.1714234168618916,-3.374907810497284,0.6644502896651625
1788861380122843600,18.73784375,-2.5783511898487803,-3.6200890242576595,0.3252268103778362
1788861380132849700,18.747849609375,-2.786924382179975,-3.594240881773829,-0.004267886577546596
1788861380142856700,18.757856689453124,-2.9156583141207695,-3.14335589363873,-0.1208510697364807
1788861380152862500,18.767862548828123,-2.713444135427475,-2.28651636146307,0.13587941978126764
1788861380162868700,18.77786865234375,-2.4251164383798836,-1.3195371231794357,0.6187117440581321
1788861380172874800,18.787874755859374,-2.362527587997913,-0.6174655433893204,0.9609636312559247
1788861380182880800,18.797880859375,-2.4998867249429226,-0.2619061385899782,1.2197741419181227
1788861380192887600,18.807887451171876,-2.874467056554556,-0.1826514000892639,1.4154428444907068
1788861380202893800,18.817893798828123,-3.0345892294496295,-0.39842531757950783,1.5207085148215294
1788861380212899600,18.827899658203126,-2.638351777303219,-0.9466752859234809,1.7099980377510189
1788861380222905600,18.837905517578125,-2.129831761801243,-1.7585960644423961,2.160001566876471
1788861380232911600,18.84791162109375,-2.0300787174120543,-2.4014403792381285,2.637282686766982
1788861380242918700,18.857918701171876,-2.4854659854024646,-2.3848370349615813,2.4160373521283267
1788861380252924700,18.867924560546875,-2.6557822200536725,-1.7175901003152132,1.5767475051686166
1788861380262930700,18.8779306640625,-2.087620513537526,-0.9921791459918021,0.9155307905972003
1788861380272936700,18.887936767578125,-1.523267551654577,-0.5950847847551107,0.4240031186893582
1788861380282943700,18.89794384765625,-1.1506290017604828,-0.555962150156498,-0.14458704237192868
1788861380292949800,18.90794970703125,-0.8114204277813434,-0.6881073518455029,-0.5735849006086587
1788861380302955500,18.91795556640625,-0.6974491806864738,-0.8367232113420963,-0.620996640124917
1788861380312961500,18.92796142578125,-0.8884756104111671,-0.9497726674169301,-0.35949265259504315
1788861380322967600,18.937967529296873,-1.025887938848138,-0.9768933140546083,-0.038789164860546586
1788861380332974600,18.947974609375,-0.9727987382173537,-0.9204004424601793,0.09242460119724273
1788861380342980600,18.957980712890624,-0.6581067658573388,-0.7086842759281397,0.16218115125149488
1788861380352986600,18.967986572265627,-0.3588566927790642,-0.4810439795553684,0.2431488311499357
1788861380362992600,18.97799267578125,-0.16922084062993525,-0.40827801855206486,0.3321525179877877
1788861380372998700,18.98799853515625,-0.08943944790661335,-0.4584697441756725,0.31706542349308725
1788861380383005700,18.998005615234376,-0.01638940926492214,-0.6048427931815386,0.3348763899937272
1788861380393011500,19.008011474609376,0.13718436489999294,-0.7451847453296184,0.4346779496997595
1788861380403017700,19.018017822265627,0.21198504660129547,-0.8210287986040115,0.6818643658027053
1788861380413023700,19.028023681640626,-0.05504793348312378,-0.8884510604918002,1.046691365163028
1788861380423030500,19.038030517578125,-0.37832887049019337,-0.9089613490790128,1.2595035102382302
1788861380433036500,19.04803662109375,-0.614784341481328,-0.98774437841475,1.2859586787045
1788861380443042800,19.058042724609376,-0.8296089954227208,-1.214600246411562,1.1744961995601653
1788861380453048800,19.068048828125,-0.6054845982164144,-1.3562187943667172,0.9952072616413236
1788861380463054600,19.0780546875,-0.37452538655400275,-1.1959084054231643,0.7894730921283364
1788861380473061600,19.0880615234375,-0.13537234704196452,-0.7768500496596098,0.7265119013026357
1788861380483067600,19.098067626953124,0.009690788409113884,-0.3368821768581867,0.747412358251214
1788861380493073700,19.10807373046875,-0.38581367328763005,0.09882979206442832,0.6806707721039652
1788861380503079700,19.11807958984375,-0.47293724546730515,0.19963994429111478,0.4038169474899769
1788861380513085700,19.128085693359374,-0.03915069164931774,-0.2069330239087343,0.06834171482026577
1788861380523092700,19.1380927734375,0.2417243513047695,-0.697396573716402,-0.1263955521211028
1788861380533098800,19.1480986328125,0.13885609750449657,-0.9616747021347284,-0.1674631833076477
1788861380543104800,19.158104736328124,-0.08953063332140446,-0.9080588472813367,-0.0419932215988636
1788861380553110500,19.168110595703126,-0.20131401498317716,-0.7767109334498643,0.2491962946206331
1788861380563116500,19.178116455078126,-0.33393267940282817,-0.7642670469403267,0.5532271722346543
1788861380573123600,19.18812353515625,-0.0838993494361639,-0.7676911761701106,0.6900017872899771
1788861380583129600,19.198129638671876,0.12203414204120636,-0.6784960584133863,0.8373729074224829
1788861380593135600,19.208135498046875,0.12774608994722367,-0.6293845292419195,1.1889870817273855
1788861380603141600,19.2181416015625,0.4130290124714374,-0.6467632418051361,1.347144384290278
1788861380613148700,19.228148681640626,0.9590800094664096,-0.7272448917523026,1.1081523805588482
1788861380623154700,19.23815478515625,1.569475176078081,-0.7078910797238349,0.6567118043676018
1788861380633161000,19.248160888671876,1.6906512399852276,-0.4375184338226914,0.36419308537095785
1788861380643167200,19.258167236328124,1.4723615402817725,-0.010605272905528545,0.30654023008644576
1788861380653173200,19.26817333984375,1.0443868876129387,0.18317016326636074,0.19901129099875686
1788861380663180000,19.278179931640626,1.0050672691375016,0.059352644939720624,-0.08072159618288278
1788861380673186000,19.28818603515625,1.4600900877296923,-0.2375023496955633,-0.556670590686798
1788861380683192300,19.2981923828125,2.0340952595770356,-0.5734817324951291,-1.1810162489786744
1788861380693198000,19.308197998046875,2.3096190046310423,-0.7733692218065261,-1.7088374695390462
1788861380703204000,19.3182041015625,2.362740353965759,-0.7076394430503249,-1.981385998174548
1788861380713211100,19.328211181640626,1.5297083983570336,-0.5596297327533364,-1.5991285560637711
1788861380723217200,19.338217041015625,1.1629366946697235,-0.525621956950426,-1.1236984708674251
1788861380733223200,19.34822314453125,1.6123673923432826,-0.5717731750115752,-1.0268391020931302
1788861380743229200,19.358229248046875,1.9016355851113795,-0.4913001467622816,-1.000008524443209
1788861380753236000,19.368236083984375,2.02541510951519,0.010914484985172748,-1.1639477714084088
1788861380763242200,19.3782421875,2.0325743336200714,0.9872728153802454,-1.3767968874931336
1788861380773248300,19.388248291015625,1.8091817578196525,1.875938541536033,-1.3129380171753466
1788861380783254300,19.398254150390624,1.1728232979118822,1.987493229008466,-0.835240133177489
1788861380793260000,19.408260009765623,1.034431310787797,1.2363907840676605,-0.07961553463712334
1788861380803267300,19.418267333984375,1.884362963271141,0.02232800553366542,0.38800840685293075
1788861380813273000,19.428273193359374,3.0921418392300604,-0.6803441704981029,0.039945641419291494
1788861380823279000,19.438279052734377,3.3424855503201485,-0.5422160950072109,-1.057667517207563
1788861380833285000,19.44828515625,2.57665490732491,0.12795520265325902,-2.115422858829051
1788861380843291100,19.458291015625,2.0112322703838346,0.6865035699106753,-2.3686218132197854
1788861380853298200,19.468298095703126,1.709817128226161,1.0004828639566898,-1.9437363587379455
1788861380863304200,19.47830419921875,1.7013129192531107,0.950300782944262,-1.3486197175398469
1788861380873310200,19.488310302734376,2.117930896127224,0.9197722275592386,-1.1598188549101351
1788861380883316000,19.49831591796875,2.847595416241884,1.0578374669469892,-1.1803919796004891
1788861380893323300,19.5083232421875,3.233172942686081,1.2775848181128502,-1.2757400670289993
1788861380903329000,19.5183291015625,2.9967993047595023,1.4992758506923913,-1.4563091078862547
1788861380913335000,19.5283349609375,2.686004339838028,1.5892355230808257,-1.4201698730126022
1788861380923341000,19.538341064453125,2.5849124480605123,1.4100760567605495,-1.1437620386004448
1788861380933347300,19.548347412109376,2.6151158631443976,1.2599687896624208,-1.0373708713710308
1788861380943354000,19.55835400390625,2.6022902838408943,1.2360954543828964,-1.1794567445769906
1788861380953360100,19.568360107421874,2.3719442356407643,1.2444324900954962,-1.3002496543854474
1788861380963366100,19.5783662109375,2.071635593420267,1.2382009022295475,-1.3468842720493674
1788861380973372200,19.5883720703125,1.6231284403324127,1.1769964919432998,-1.2222089678496122
1788861380983378200,19.598378173828124,0.9907663565844297,0.968286813750863,-0.8622849380999803
1788861380993385000,19.608385009765627,0.8871937539070844,0.448942329634726,-0.4343725370123982
1788861381003391000,19.618390869140626,1.356401749718189,-0.09249386704117059,-0.23967238721102474
1788861381013397200,19.628397216796873,1.8325035966962575,-0.4659396416649222,-0.2233788395360112
1788861381023403300,19.6384033203125,2.0535902336418626,-0.7009507590666413,-0.21374504201114178
1788861381033410000,19.64841015625,1.6918389884650706,-0.7466615398839116,-0.16203385173529386
1788861381043416300,19.658416259765627,1.2281868732154368,-0.5953232696861028,0.026441432201862333
1788861381053422300,19.66842236328125,1.0314759681135415,-0.3299707900345325,0.243983820669353
1788861381063428000,19.678427978515625,0.8628279589354991,-0.00958382090330124,0.4287725250482559
1788861381073434000,19.68843408203125,0.6479740788996219,0.1351426299393177,0.5453399261161684
1788861381083441200,19.698441162109376,0.5610334620714187,0.009776128605008125,0.5575958888381719
1788861381093447200,19.708447265625,0.38444530754387374,-0.24393618213534354,0.51614042737782
1788861381103453200,19.718453125,0.11881401095092296,-0.6177835232973098,0.5332616580486297
1788861381113459200,19.728459228515625,-0.4057476232916116,-1.1662597016125917,0.5844219364434481
1788861381123465000,19.73846484375,-1.1984797172158956,-1.8434218810737133,0.6716779028311372
1788861381133472300,19.74847216796875,-1.750183040884137,-2.544945763853192,0.8749559113636612
1788861381143478300,19.758478271484375,-1.9738024111777543,-3.0223236221164465,1.1621408681169152
1788861381153484000,19.768484130859374,-2.1200018571823835,-3.0524674159675835,1.3875292939096688
1788861381163490000,19.778489990234377,-2.345325108784437,-2.6462691262990234,1.2849915872380138
1788861381173497000,19.7884970703125,-2.5589631832897664,-2.037569073167443,0.9756550044313073
1788861381183503000,19.798503173828124,-2.683566299036145,-1.433322492313385,0.6227072434350848
1788861381193509000,19.808509033203126,-2.6274399226665497,-0.9772720842391251,0.4321756114900112
1788861381203515100,19.81851513671875,-2.384570492979884,-0.8262427338600158,0.6168783911511302
1788861381213521200,19.828521240234377,-2.4236159706890583,-1.1659282777011393,0.8781889019355177
1788861381223528200,19.838528076171876,-2.6165596322119233,-1.876636168411374,1.1370099339917301
1788861381233534200,19.8485341796875,-2.71984991081655,-2.724072496947646,1.5771429342269896
1788861381243540000,19.8585400390625,-2.9639763548269866,-3.4178929657429453,1.827246991342306
1788861381253546200,19.868546142578126,-2.798562213003635,-3.728092887380719,1.5819254923284052
1788861381263553000,19.878552978515625,-2.061700767122209,-3.483941601189971,1.054884608490765
1788861381273559000,19.88855908203125,-1.5458143145054577,-2.5393203251868486,0.48561260264515876
1788861381283565000,19.89856494140625,-1.3848296795621513,-1.1816034012168646,0.14886574260443447
1788861381293571300,19.9085712890625,-1.3214596156746148,-0.10101590393185615,0.20647709683477877
1788861381303577000,19.9185771484375,-1.4299375260502099,0.3636217152237892,0.5312795443207026
1788861381313584000,19.928584228515625,-1.6080664802789688,0.33264556220173835,0.9020297962501644
1788861381323590100,19.938590087890624,-1.7356103256523607,0.05782616602480411,1.1991121699005365
1788861381333596200,19.94859619140625,-1.8031974227130412,-0.2935094835996628,1.2565379384309052
1788861381343602200,19.958602294921874,-1.719343665984273,-0.5636415987432003,1.09626905054152
1788861381353608200,19.968608154296874,-1.7298761659145354,-0.69463996848464,0.7263856445744633
1788861381363615000,19.978614990234377,-1.547186771902442,-0.7592179468572139,0.3698790220528841
1788861381373621200,19.988621337890624,-1.1922118889927864,-0.7955167562067508,0.102884912674129
1788861381383627300,19.998627197265623,-0.8364946632832289,-0.8098457258105277,-0.1530474122032523
1788861381393633000,20.008633056640626,-0.7089835511356591,-0.9064502430409193,-0.28104981499910353
1788861381403640000,20.01864013671875,-0.642576603770256,-1.1730378174453973,-0.07073328613191843
1788861381413646300,20.028646240234377,-0.6722142016649246,-1.3922042999833821,0.30364743125438687
1788861381423652000,20.038652099609376,-0.7395850256264209,-1.4798556954294442,0.5050149299904704
1788861381433658000,20.048658203125,-0.48466743074953555,-1.5140981567710636,0.3916732129707932
1788861381443664100,20.0586640625,0.3058902417451143,-1.4196271444380282,0.09653934303969144
1788861381453671200,20.068671142578125,1.3789625410944222,-1.0987602828353642,-0.0796294170320034
1788861381463677200,20.07867724609375,1.888762659534812,-0.7154705750674009,-0.0450365348175168
1788861381473683200,20.08868310546875,1.2658926267534494,-0.4772966097205877,0.180922384339571
1788861381483689000,20.09868896484375,0.24239713599979876,-0.39786826821863647,0.5945604686200618
1788861381493696300,20.1086962890625,-0.7888122901320457,-0.4374181883186102,1.0975938694044947
1788861381503702300,20.118702392578125,-1.6356132433742283,-0.5897282261580229,1.4822875987514852
1788861381513708000,20.1287080078125,-2.216761272713542,-0.8947294101089238,1.6081857227444647
1788861381523714000,20.138714111328124,-2.2273305975228546,-1.1601485252559185,1.3557178591072558
1788861381533720300,20.14872021484375,-1.591661288923025,-1.3897902245789766,0.903774301829934
1788861381543727000,20.15872705078125,-0.31512977925539015,-1.624453551456332,0.6184273741587996
1788861381553733000,20.168733154296874,0.6829723270446062,-1.7687030324369668,0.4272384473487735
1788861381563739100,20.1787392578125,1.0618418802827596,-1.8401929821550844,0.2657923323735595
1788861381573745200,20.1887451171875,1.0967080264806748,-1.7126754402667284,0.15702099200934172
1788861381583752200,20.198752197265627,0.7691857986420393,-1.3321037592858076,-0.07885200291872024
1788861381593758200,20.20875830078125,0.43986148981750006,-0.8977975655078887,-0.34742928983569143
1788861381603764000,20.218763916015625,0.2190028164088726,-0.6405430521160363,-0.36264731723368165
1788861381613770200,20.228770263671876,0.344248321712017,-0.5211895274609327,-0.12761778739243745
1788861381623776300,20.2387763671875,0.626220512253046,-0.5002659818977118,0.001329202777147293
1788861381633782300,20.2487822265625,0.889732916995883,-0.5820952470615506,-0.009886895503103732
1788861381643788300,20.258788330078126,1.0948749658346175,-0.6099623281523585,-0.09796469966769218
1788861381653794300,20.268794189453125,1.3926163879156113,-0.5067968449711799,-0.21723668351918457
1788861381663800600,20.278800537109376,1.4764070162802934,-0.26713497915416956,-0.18495500085651873
1788861381673806300,20.288806396484375,0.9943938994318247,0.10661708493977784,0.02899403929412365
1788861381683813400,20.2988134765625,0.20582886205911635,0.3223363496333361,0.20947510960698126
1788861381693819400,20.3088193359375,0.20444412970244882,0.2040650672569871,0.24492577769458293
1788861381703825400,20.318825439453125,0.5780354502767324,-0.02790595179647207,0.0252557295486331
1788861381713831400,20.32883154296875,0.9163397688925266,-0.06428571742773055,-0.24376374817788599
1788861381723838200,20.338838134765624,1.3362743229687213,-0.060090311564505096,-0.31369185540676114
1788861381733844200,20.34884423828125,1.2686299427628516,-0.1012532198190689,-0.1975485249698162
1788861381743850500,20.3588505859375,0.7653191863417625,-0.26671500017642974,-0.11220628324896097
1788861381753856500,20.3688564453125,0.4373340171664953,-0.4865121818333864,-0.4480690539315343
1788861381763862300,20.3788623046875,1.123414247098565,-0.4835483635917306,-1.2190803144350648
1788861381773869300,20.388869384765623,1.3027449783325196,-0.4777785480186343,-1.6050383646294473
1788861381783875600,20.39887548828125,1.0303215373814105,-0.6552712501704693,-1.525823081356287
1788861381793881300,20.40888134765625,1.2736416334450245,-0.7554832903735339,-1.413549578090012
1788861381803887400,20.418887451171877,1.7858295238047837,-0.5843636303849518,-1.4524953948169945
1788861381813894400,20.428894287109376,2.561440387058258,-0.37492987570166586,-1.63782010576874
1788861381823900400,20.438900390625,3.0758997294813395,-0.01937207833752036,-1.7951964870870112
1788861381833906400,20.448906494140626,3.3691678055405614,0.4699966619707644,-1.7868512680679558
1788861381843912400,20.458912353515625,3.7260686880767344,0.8843050467282533,-1.761913810688257
1788861381853918200,20.468918212890625,4.073542986097932,1.2084769412256777,-1.974328773139417
1788861381863925500,20.478925537109376,3.64494874022603,1.6575849828161298,-2.476782035948336
1788861381873931500,20.488931640625,2.84653976970911,2.1210257934026417,-2.5344582721084357
1788861381883937300,20.498937255859374,2.428562194919586,2.278985089175403,-2.296064234270155
1788861381893943300,20.508943359375,2.0307184766203163,2.053748054552078,-2.1094515293344855
1788861381903950300,20.518950439453125,1.8667782067418097,1.6189130145944655,-1.867795859351754
1788861381913956400,20.528956298828124,2.0917396392941474,1.2503864300638436,-1.7062576821789144
1788861381923962400,20.53896240234375,2.413009821000695,0.7922871266357601,-1.4930474776968359
1788861381933968400,20.548968505859374,2.2828373806893825,0.42444604015126824,-1.1803425875008104
1788861381943974400,20.558974365234373,1.9089736729145048,0.40815570734664797,-0.8830541698843241
1788861381953981400,20.5689814453125,1.648736344319582,0.6708499275743961,-0.6282157777234911
1788861381963987500,20.578987548828124,1.8030647362440824,0.988926866197586,-0.4285562519490719
1788861381973993200,20.5889931640625,2.046081465446949,1.175267183932662,-0.31879677733033895
1788861381983999500,20.59899951171875,2.132333515489101,1.1924299156576394,-0.4090548481434583
1788861381994005500,20.609005615234373,2.253999993261695,1.1243071042850612,-0.6071797116965055
1788861382004012300,20.61901220703125,2.3728420612633228,0.9514242340162395,-0.8564271519824862
1788861382014018300,20.629018310546876,2.2597955277979374,0.7076701304495334,-1.2444982488080858
1788861382024024600,20.639024658203127,2.0836989561796186,0.5400865356326103,-1.6642846265852451
1788861382034030300,20.6490302734375,1.899361210438609,0.2757029010131955,-1.8351053036272524
1788861382044037400,20.659037353515625,1.501850085094571,-0.01356003105789423,-1.8670085083663464
1788861382054043400,20.66904345703125,1.0296797323465348,-0.2027291424781084,-1.6928548875093459
1788861382064049400,20.67904931640625,0.8621335469305514,-0.23369039019197224,-1.342045307585597
1788861382074055400,20.689055419921875,0.8586334298551083,-0.2032619341805577,-0.9574258125185966
1788861382084061400,20.6990615234375,0.9776748198211193,-0.22873919752538202,-0.56488224645406
1788861382094068200,20.709068115234373,1.158465102213621,-0.424559291267395,-0.15069500385820864
1788861382104074500,20.719074462890624,1.1481009445875883,-0.6554390079528093,0.1554790232643485
1788861382114080500,20.72908056640625,0.8254968839287757,-0.9520423659145831,0.313423559859395
1788861382124086300,20.739086181640626,0.5250152232289313,-1.3138824584186077,0.39651773039251564
1788861382134093300,20.74909326171875,0.3061953621715307,-1.6788573418170212,0.4357221980556845
1788861382144099600,20.759099609375,-0.05366787730157375,-2.0052660554558037,0.4449354320809245
1788861382154105300,20.769105224609376,-0.3729021692663431,-2.3582447961121797,0.5972951542809605
1788861382164111400,20.779111328125,-0.683153528830409,-2.6530355516940354,0.8637228619486093
1788861382174117400,20.789117431640626,-1.1734212638050316,-2.721429873484373,1.039319667351246
1788861382184124400,20.79912451171875,-1.5385358479350804,-2.563252404916286,1.055802307857573
1788861382194130400,20.80913037109375,-1.716784629151225,-2.156629752355814,0.7649927308663725
1788861382204136400,20.819136474609376,-1.9764462036848067,-1.470568227124214,0.16974457224309444
1788861382214142200,20.82914208984375,-2.1981553564429284,-0.7276286303728818,-0.4155442101627588
1788861382224149500,20.8391494140625,-2.1690888364344834,-0.2117559140205383,-0.5554843035116791
1788861382234155500,20.849155517578126,-2.110313991382718,-0.10713058741986752,-0.0974821768477559
1788861382244161300,20.859161376953125,-2.1958061629682777,-0.5502297439843415,0.832443342065811
1788861382254167300,20.869167236328124,-2.6357313656717536,-1.3025772205501793,1.6909136903136968
1788861382264173600,20.879173583984375,-2.979635988512635,-1.863223144608736,2.1778709855660794
1788861382274180400,20.889180419921875,-3.248298031103611,-2.082418853241205,2.4384105119779704
1788861382284186400,20.899186279296874,-3.3270003964185713,-2.0650152984976766,2.420378596203029
1788861382294192400,20.9091923828125,-2.769014923740923,-1.920683984452486,2.161431891940534
1788861382304198400,20.919198486328124,-1.8712229111909866,-1.8222358851820228,1.7557397982284426
1788861382314205400,20.929205322265624,-1.565529068800807,-1.8080495389193296,1.3535995517790316
1788861382324211500,20.93921142578125,-1.4988497342348097,-1.7249825486540793,1.1726476490840314
1788861382334217200,20.94921728515625,-1.3436141643375157,-1.4616682968318462,1.2468205542758106
1788861382344223500,20.959223388671877,-1.3530185370206833,-1.1144073493003845,1.2982654948309063
1788861382354229500,20.9692294921875,-1.5262825155615807,-0.8349509409725665,1.2248477919206022
1788861382364236300,20.979236328125,-1.596142818251252,-0.7313134563654661,1.1108706996068358
1788861382374242300,20.9892421875,-1.606861196142435,-0.7378256147384643,0.8881006396189332
1788861382384248600,20.99924853515625,-1.6719184824645519,-0.7597013464599848,0.461687829439342
1788861382394254300,21.00925439453125,-1.5181845493018626,-0.7506687296986579,-0.04610007239580154
1788861382404261400,21.019261474609376,-1.1944330721735954,-0.6924614554017782,-0.45821986106783147
1788861382414267400,21.029267333984375,-1.090047399547696,-0.5647860926032066,-0.7322071903347969
1788861382424273400,21.0392734375,-1.161585280060768,-0.428140072363615,-0.6977960944280028
1788861382434279400,21.049279541015625,-0.9486609067827463,-0.40364334448873995,-0.1867512366235256
1788861382444285400,21.059285400390625,-0.8202958081543446,-0.45485622985363006,0.47538113148808475
1788861382454292200,21.069292236328124,-0.8021890735775232,-0.6075006142139434,1.0318673055186867
1788861382464298500,21.079298583984375,-0.7710235354632139,-0.9242220465749502,1.3748288022905588
1788861382474304500,21.089304443359374,-0.6349591145038604,-1.2250789703279732,1.3975336783125996
1788861382484310300,21.099310302734374,-0.2729600320458412,-1.4056272606581448,1.226403496930003
1788861382494317300,21.1093173828125,0.058332361981272694,-1.3961463156074285,1.0127905568659306
1788861382504323600,21.119323486328124,0.2146101344078779,-1.1999848610818384,0.6342541811048984
1788861382514329300,21.129329345703123,0.1896276688426733,-0.9442156178116797,0.08711655791699886
1788861382524335400,21.13933544921875,0.005177110376954079,-0.75014265999794,-0.3095186613753438
1788861382534341400,21.14934130859375,-0.0951578255534172,-0.6691214963465929,-0.22391163123846053
1788861382544348400,21.159348388671877,-0.16828034490942953,-0.7423065595448016,0.2103232508689165
1788861382554354400,21.1693544921875,-0.5439858811587095,-0.9225450532734394,0.5572124424785375
1788861382564360400,21.1793603515625,-0.2922323032706976,-1.0682704520255326,0.641414866514504
1788861382574366200,21.1893662109375,0.3678974928468466,-1.1955746434241532,0.5607715962648392
1788861382584373500,21.19937353515625,0.577329347833991,-1.2995616721212864,0.39566842008680103
1788861382594379500,21.209379638671876,0.4320131144046783,-1.298058866342902,0.24945202294737098
1788861382604385300,21.21938525390625,0.019880173990130423,-1.1553624600231647,0.23815146125406025
1788861382614391300,21.229391357421875,-0.5962701951473951,-1.1063497150510548,0.399702497908473
1788861382624398600,21.239398681640626,-0.897942526936531,-1.115735967555642,0.5152393868848681
1788861382634404000,21.249404052734373,-0.3414128060251474,-1.1465116295695303,0.4294458942651748
1788861382644410000,21.25941015625,0.06894727949798107,-1.1478630441784858,0.25737784751057624
1788861382654416100,21.269416015625,0.14494038585424424,-1.1229974829912186,0.1766848929002881
1788861382664422100,21.279422119140627,0.30725977653264996,-1.115008822324872,0.2599573426097631
1788861382674429200,21.28942919921875,0.4448948078095913,-1.0562994437247515,0.3932648660764098
1788861382684435200,21.299435302734373,0.7311947984218597,-0.8949839693918824,0.42137130888104435
1788861382694441000,21.30944091796875,1.167963582921028,-0.6012596739977598,0.4019368328318
1788861382704447000,21.319447021484375,1.248241234728694,-0.29769582937359806,0.4350198950052261
1788861382714453200,21.329453369140627,1.0305939245820044,-0.1408572081938386,0.45664135970473285
1788861382724460000,21.3394599609375,0.9733844291508197,-0.07746084082126617,0.27818215060830115
1788861382734466000,21.349466064453125,1.1945926466494798,-0.0339873175367713,-0.015749065534770488
1788861382744472000,21.35947216796875,1.4774620782911776,0.03263034996986389,-0.3954173679351806
1788861382754478300,21.369478271484375,1.90575646443367,0.1480389363914728,-0.7878329237058759
1788861382764485000,21.379485107421875,2.109099939417839,0.40729835986495017,-1.1328785332754254
1788861382774491100,21.3894912109375,1.6408312702834604,0.580358048005402,-1.1560744076848029
1788861382784497200,21.3994970703125,1.0135890137672423,0.47412324038147924,-0.9643807462230324
1788861382794503200,21.409503173828124,1.307397188052535,0.2421124738395214,-1.0480518398612737
1788861382804510200,21.41951025390625,1.8397025682896375,0.033168986891210075,-1.292652331124246
1788861382814516000,21.429515869140626,2.5143922201573847,0.0396709161311388,-1.5677420686751604
1788861382824522200,21.439522216796874,2.2245307376712558,0.3193009274601936,-1.4913161238595842
1788861382834528300,21.4495283203125,1.2576345014959573,0.6690865711636841,-1.0530018634840845
1788861382844534300,21.4595341796875,1.0393079769134521,0.7310669342584908,-0.857380507184565
1788861382854541000,21.469541015625,1.4428180504113435,0.5715607013046741,-1.0989312554880977
1788861382864547300,21.47954736328125,1.6043068354845047,0.34293475489541886,-1.3893725836887956
1788861382874553000,21.489552978515626,1.6637392676621674,0.07818374826833606,-1.416356452204287
1788861382884559000,21.49955908203125,1.7970061668574808,-0.09861001183390616,-0.9848553789749741
1788861382894566100,21.509566162109376,2.074047330737114,-0.008786533045768737,-0.5731508931055664
1788861382904572200,21.519572265625,2.383233691418171,0.2065555688984692,-0.7556830507293343
1788861382914578200,21.529578125,2.1298165642321107,0.4297621206074953,-1.103507185101509
1788861382924584200,21.539584228515626,1.5655261461913585,0.545897413868457,-1.1608709943115711
1788861382934590200,21.549590087890625,1.5994500431030987,0.12381284215152263,-0.9569649170085788
1788861382944597200,21.55959716796875,1.8832079480171202,-0.44276291034743187,-0.8937345538526773
1788861382954603300,21.569603271484375,2.2079800003647803,-0.36489275807291266,-1.1614575620278715
1788861382964609000,21.579609130859374,2.5133657997190952,0.060261430347710844,-1.6492969008117913
1788861382974615000,21.589614990234374,2.187972985124588,0.711249742501974,-2.0902549536943433
1788861382984622300,21.599622314453125,1.4413877253472804,1.5573331951245664,-2.2202856474474073
1788861382994628000,21.609628173828124,1.0480407339453697,2.085705327565968,-1.7308143235474824
1788861383004634000,21.619634033203123,1.0846142685830593,2.170170786452293,-1.0081605589777232
1788861383014640000,21.62964013671875,1.490790930941701,2.1141724203765393,-0.36164456993192434
1788861383024646100,21.639646240234374,1.7318799069523811,1.8033698566704988,0.06398790352493525
1788861383034653200,21.649653076171877,2.188455800205469,1.4439289342626929,-0.03421235846430063
1788861383044659200,21.6596591796875,2.9157775565862654,1.128160857103765,-0.4315811527281999
1788861383054665200,21.669665283203123,2.8635119472980497,0.7583364878475666,-0.9857494052052497
1788861383064671000,21.6796708984375,2.1954390832215545,0.6168295835733413,-1.6807535308271646
1788861383074678300,21.68967822265625,1.633650418868661,0.6659352675259113,-2.077912481732666
1788861383084684000,21.69968408203125,1.1974123802453278,0.6494552573680877,-1.9212898413911461
1788861383094690000,21.70968994140625,1.015113446855545,0.4191033639490604,-1.5193828191757202
1788861383104696000,21.719696044921875,1.0386848765790462,-0.01048223104774952,-1.1765417339131234
1788861383114702300,21.729702392578126,1.3753309065937995,-0.3931108445584774,-0.8800804147705436
1788861383124709000,21.739709228515625,1.7720704630434512,-0.6492632419273257,-0.5364437952160835
1788861383134715100,21.749715087890625,1.6537760920524596,-0.7470107917129993,-0.2817652697920799
1788861383144721200,21.75972119140625,1.0959177528858184,-0.7261644030392169,-0.21692980952709912
1788861383154727200,21.76972705078125,0.7010580188333988,-0.6674836660116911,-0.2669160757064819
1788861383164734200,21.779734130859374,0.487478981038928,-0.5497451753377914,-0.27206191416233777
1788861383174740000,21.789739990234374,0.35593934402763844,-0.4839537295222282,-0.039871991661190986
1788861383184746000,21.79974609375,0.14342004441916942,-0.5346668486714363,0.36511955256611106
1788861383194752300,21.809752197265624,0.06276245338320732,-0.6524608689248561,0.5998199965834617
1788861383204758300,21.81975830078125,0.14640812031924724,-0.8010720522463322,0.636918139617145
1788861383214765000,21.82976513671875,0.12613982379436492,-0.9706593881011009,0.6466621195182204
1788861383224771300,21.839771240234374,-0.07730594252049923,-1.1403045916229486,0.6425964775145053
1788861383234777000,21.849777099609376,-0.3785480661988258,-1.3026128763854503,0.5838175408095121
1788861383244783000,21.859783203125,-0.6597820055931806,-1.5163403827399013,0.5897963229581713
1788861383254790100,21.8697900390625,-0.9987018257588147,-1.630887968418002,0.48766807387024164
1788861383264796200,21.879796142578126,-1.5636089143931864,-1.6736609422177076,0.1403758544176817
1788861383274802200,21.88980224609375,-2.1917279537439347,-1.8669319359987973,-0.041162908254563806
1788861383284808200,21.89980810546875,-2.6151895129024982,-2.0585031401246785,-0.032546763339638705
1788861383294815000,21.90981494140625,-2.8352842162013054,-2.1512363688796756,0.20007482857704162
1788861383304821200,21.9198212890625,-2.826063967913389,-2.135774595853686,0.6221311971127986
1788861383314827300,21.9298271484375,-2.729419118672609,-1.9274621002852916,1.010327966144681
1788861383324833300,21.939833251953125,-2.8625626837491986,-1.5878373467206954,1.3238865505605935
1788861383334839000,21.949839111328124,-3.089516751423478,-1.3362854288846253,1.6452905877798796
1788861383344846300,21.959846435546876,-3.013597879347205,-1.32113286793828,1.9850214320674537
1788861383354852000,21.96985205078125,-2.39006090708971,-1.4170336208134888,2.168559551863372
1788861383364858000,21.979858154296874,-1.7633365369677543,-1.4431833765923976,2.201394776755571
1788861383374864100,21.989864013671873,-1.7792489763706922,-1.2939315572798251,2.1223083805590868
1788861383384871200,21.99987109375,-1.8111551037192344,-0.9764180977582931,2.1582319268554446
1788861383394877200,22.009877197265624,-1.5461849013835192,-0.7055652671247721,2.2864994103282688
1788861383404883200,22.01988330078125,-1.4343319616168737,-0.5661082811176776,2.174363561967015
1788861383414889200,22.02988916015625,-1.665252594834566,-0.5881061779141425,1.6869512164235114
1788861383424895000,22.03989501953125,-1.985281836569309,-0.7839636810570955,1.0823834407910704
1788861383434902300,22.04990234375,-2.2023750199645757,-1.1547364370793103,0.5041214882820845
1788861383444908000,22.059907958984375,-2.2373364432305096,-1.4956412935823202,0.04252016808241606
1788861383454914000,22.0699140625,-1.9679472554087638,-1.7807973748564718,-0.17334581160545348
1788861383464920000,22.079920166015626,-1.6990099030077457,-1.8752163647413254,-0.2667211376562714
1788861383474927000,22.089927001953125,-1.5413590886622666,-1.664864472299814,-0.3193231392920017
1788861383484933000,22.09993310546875,-1.0842904434561729,-1.2891244492590426,-0.30932547689080236
1788861383494939100,22.109939208984375,-0.3613344810694456,-0.9863082081317901,-0.3171533940374851
1788861383504945200,22.119945068359375,0.30975276239216326,-0.7003671139597892,-0.33190175809711214
1788861383514952200,22.1299521484375,0.858354028391838,-0.5182751013189554,-0.1968970753237605
1788861383524958200,22.139958251953125,1.0059726935446263,-0.4662520686149597,0.11954144844263791
1788861383534964000,22.1499638671875,0.8086836962938309,-0.45389761395454403,0.46184886521995067
1788861383544970000,22.159969970703123,0.3792512460321188,-0.38035599240362644,0.6715405401870608
1788861383554976300,22.169976318359375,0.0495785621613264,-0.23956980361938476,0.6727806033760309
1788861383564983000,22.179983154296874,-0.39048867936134335,-0.21358839014470576,0.7379808053001761
1788861383574989000,22.189989013671877,-0.9433207147985696,-0.42895723396539687,1.2002893969863653
1788861383584995000,22.1999951171875,-1.2300023982048034,-0.8933119445264339,1.733527089637518
1788861383595001300,22.21000146484375,-1.302969434738159,-1.3871061000615357,2.0200638116151093
1788861383605008100,22.220008056640626,-0.9764549226373433,-1.6132120264738796,1.926146633772552
1788861383615014100,22.23001416015625,-0.3819388776808977,-1.5935387732326984,1.4233002799928187
1788861383625020000,22.24002001953125,-0.032766543570160865,-1.369685009661317,0.6139055128201842
1788861383635027000,22.25002685546875,-0.0027010756522417067,-1.094818267211318,-0.06213292330801486
1788861383645034000,22.260033935546875,-0.2446609892785549,-0.9013239860683679,-0.3041372605979442
1788861383655040000,22.2700400390625,-0.3169388745039701,-0.9098463152199983,-0.3350681131735444
1788861383665046000,22.2800458984375,0.13618833959996698,-1.0454483793646097,-0.396698055395484
1788861383675052000,22.290052001953125,0.6694201870322227,-0.9940665671736001,-0.47782267942130563
1788861383685058000,22.30005810546875,0.8678343889206648,-0.659059536537528,-0.4691983511999249
1788861383695065000,22.310065185546875,0.8793272583156824,-0.3881751417219639,-0.34980683262199164
1788861383705070800,22.32007080078125,0.8672340849399566,-0.3397054175853729,-0.23415216248482465
1788861383715076900,22.330076904296874,0.7575801165223122,-0.4150000202834606,-0.013634265337884425
1788861383725083100,22.340083251953125,0.5778232688307762,-0.44603696358203887,0.32371611355394125
1788861383735090000,22.35008984375,0.4671405418872833,-0.47020314432829613,0.5700494199588895
1788861383745096000,22.360095947265624,0.4099801462948322,-0.5235661934643984,0.6952417337700724
1788861383755102000,22.37010205078125,0.6686024409085511,-0.5633376473605632,0.6207122702255845
1788861383765108200,22.380108154296874,0.9351929379224777,-0.4386094439297914,0.5022784907639026
1788861383775114000,22.390114013671877,1.1438315967053174,-0.10332418087422847,0.5429220513194799
1788861383785121000,22.40012109375,1.3040525537997483,0.1941346248731017,0.5916755608335137
1788861383795127000,22.410126953125,1.1720172422260045,0.16962123812437058,0.4444207605570554
1788861383805133000,22.420133056640626,1.0889391460448503,-0.14647037190049886,0.04949468327015638
1788861383815139000,22.43013916015625,1.3075439030468463,-0.2865402291089296,-0.3971431688144803
1788861383825145900,22.440145751953125,1.5750193662017582,-0.27823095818608995,-0.7422060217797756
1788861383835152000,22.45015185546875,1.2293231837689875,-0.292248377622664,-0.8900815843030809
1788861383845158100,22.460158203125,1.0380535929381847,-0.35684359939098353,-0.985295816218853
1788861383855164200,22.4701640625,1.3178992928445339,-0.4398012840628624,-1.0582593456208704
1788861383865171000,22.4801708984375,1.7250480151057241,-0.4739616200789809,-1.1246952268198132
1788861383875177000,22.490177001953125,2.180369524383545,-0.36169250072687864,-1.3073124323785303
1788861383885183000,22.500182861328124,1.9924621034622192,-0.1308159989118576,-1.403721134775877
1788861383895189000,22.51018896484375,1.3210884442746638,0.1441572726525366,-1.263008303488791
1788861383905195000,22.520195068359374,0.9646820672571659,0.3788151927024126,-1.041875343183428
1788861383915201800,22.530201904296874,0.909839300957322,0.5360938127346336,-0.7531807125195861
1788861383925208000,22.5402080078125,1.2232196061968803,0.3981910704322159,-0.5833098835483193
1788861383935214000,22.550214111328124,1.9005963051915167,0.16334084268063306,-0.6453795323617756
1788861383945220000,22.56022021484375,2.496689390206337,0.2644491010710597,-0.7089832588747144
1788861383955227100,22.57022705078125,2.6289666938424108,0.5455651131741702,-0.565879294667393
1788861383965233200,22.580233154296874,2.426836686301231,0.9634753218159079,-0.7081517764866352
1788861383975239000,22.590239013671876,2.4402964718550444,1.3534671575710178,-1.1689799203567206
1788861383985245000,22.600244873046876,2.4564146629631516,1.2359781116135418,-1.5039160777136682
1788861383995251000,22.6102509765625,1.9031670324623584,0.9146933168597519,-1.9475354587599634
1788861384005258000,22.620258056640626,1.7387351796746253,0.9991086529940366,-1.6685557280331849
1788861384015264000,22.630263916015625,2.0520114400178193,0.8677233297616243,-0.8747767554044723
1788861384025270000,22.64027001953125,2.266072123849392,0.45157750044390554,-0.6266983588978647
1788861384035276000,22.650276123046876,2.293772616201639,0.31559973485469817,-0.8375523556426167
1788861384045283000,22.660282958984375,2.337346384990215,0.630453181386739,-1.0705597320064901
1788861384055289000,22.6702890625,2.363501401466131,0.9676467622816562,-1.125406005437672
1788861384065295000,22.680295166015625,2.350127540630102,1.2415502126574516,-1.1802499407812952
1788861384075300900,22.69030078125,2.5085253739506004,1.5472802954047917,-1.3104378709226845
1788861384085308200,22.70030810546875,3.087009737038612,1.7224422165215014,-1.4762790059864521
1788861384095314000,22.71031396484375,3.4215140788495537,1.9027783254057167,-1.725538721232116
1788861384105320000,22.72031982421875,2.956858924037218,2.1924740959361193,-1.9508923679724335
1788861384115326000,22.730325927734373,1.9300643917381761,2.3623200827270745,-1.8534724427059293
1788861384125332200,22.740332275390625,1.10121118311882,2.2986519126757976,-1.5455430963486432
1788861384135339000,22.750339111328124,0.7758025864332914,1.9752067250177263,-1.0401897281840442
1788861384145345000,22.760344970703127,0.8814905738294124,1.250816345913708,-0.36300796723961826
1788861384155351000,22.77035107421875,1.3535340853273867,0.3831614052131772,-0.06758972740918398
1788861384165357000,22.780357177734373,1.9115315407037734,-0.38866117167323827,-0.12090922966450453
1788861384175364000,22.790364013671876,2.006258573624492,-1.1343696486160157,-0.24969635309726
1788861384185369900,22.800369873046876,1.5508108076184988,-1.6777347675278782,-0.41201662055850025
1788861384195375900,22.8103759765625,0.7902817781627177,-1.7631816386669874,-0.5094055661648511
1788861384205382100,22.820382080078126,0.2759796721279621,-1.52137837690711,-0.3182747992828488
1788861384215389000,22.830388916015625,0.5171376217216253,-1.1663912190377712,0.04940554368197918
1788861384225395000,22.84039501953125,0.7488730784535408,-0.911684052041173,0.31508710915744303
1788861384235401000,22.85040087890625,0.7075245844990015,-0.7994757229655981,0.4917886609315872
1788861384245407200,22.8604072265625,0.801266113513708,-0.7864584204822779,0.5610843154758215
1788861384255413000,22.8704130859375,0.648464492765069,-0.7938385938614606,0.3075847707033157
1788861384265420000,22.880419921875,0.1299842242628336,-0.897206029355526,-0.19618337409645317
1788861384275425800,22.89042578125,-0.43002398641407485,-1.192262742397189,-0.6396344128385186
1788861384285432000,22.90043212890625,-0.9043927259892225,-1.5701216572880743,-0.6760594789162278
1788861384295438000,22.91043798828125,-1.2811053934544323,-1.919327893668413,-0.3417749173358083
1788861384305444900,22.92044482421875,-1.441530348688364,-2.229319725513458,0.13724953909069298
1788861384315451000,22.930450927734373,-1.712985236868262,-2.390902034088969,0.48117871185094113
1788861384325457200,22.94045703125,-2.0995295625180006,-2.4498422988355157,0.7632453026771545
1788861384335463200,22.950463134765624,-2.3991706807404753,-2.3554174637317655,1.1267194261237978
1788861384345470000,22.960469970703127,-2.6074153717696666,-2.083144829428196,1.5171341634660958
1788861384355476000,22.97047607421875,-2.6307465629965066,-1.7739830186665058,1.8758222216799854
1788861384365482000,22.98048193359375,-2.5822224783241747,-1.5721563779860734,1.9225345807552336
1788861384375488000,22.990488037109376,-2.621275554817915,-1.4538976628303526,1.5786214823469518
1788861384385494000,23.000493896484375,-2.7072189773023125,-1.4094412659883497,1.1251911936432122
1788861384395501000,23.0105009765625,-2.620907598288357,-1.4188643433719872,0.8477253746107221
1788861384405507000,23.020507080078126,-2.143046340422332,-1.5201298381507395,0.8482555359646677
1788861384415513000,23.03051318359375,-1.5414134491980076,-1.561124111840129,1.0500056042775512
1788861384425519000,23.04051904296875,-1.4698434199810027,-1.4366992752701042,1.4612036019295453
1788861384435526100,23.050526123046875,-1.792775981941819,-1.1362561930149793,1.9189654900968074
1788861384445532200,23.0605322265625,-1.9390847335398196,-0.8150573229789734,2.2076965072482824
1788861384455538000,23.070537841796874,-1.9405121359944342,-0.6165098500996827,2.2519489059507847
1788861384465544000,23.0805439453125,-1.8855887056738136,-0.5068985517799854,1.8979861226931214
1788861384475551200,23.09055126953125,-1.6970482475459574,-0.5454126990914344,1.4380410452678798
1788861384485557000,23.100556884765624,-1.6044208172529935,-0.6515116053760052,0.8849649719417094
1788861384495563000,23.11056298828125,-1.5727753866672516,-0.8032710235953331,0.42441462209969755
1788861384505569000,23.120569091796874,-1.5376123033493756,-0.968079893001914,0.14969868629723787
1788861384515575000,23.130574951171877,-1.6084230386316776,-1.0359428843945264,-0.025015783312916755
1788861384525582000,23.14058203125,-1.6670342175543307,-1.0800918227225542,-0.12543138326406478
1788861384535588000,23.150588134765623,-1.5437462760597467,-1.0633721585899591,-0.08003945913761853
1788861384545593900,23.16059375,-1.3020230937987565,-1.007696448597312,0.2327119005486369
1788861384555600000,23.170599853515625,-1.2327438058674334,-0.9748919111043214,0.6906076442286372
1788861384565607200,23.180607177734377,-1.1137947703599929,-1.0016998385310172,0.982602631612122
1788861384575613000,23.190613037109376,-1.0073597639888525,-1.143664423444867,1.163032556259632
1788861384585619000,23.200618896484375,-0.8159779449552297,-1.173974806034565,1.0619035473421214
1788861384595625000,23.210625,-0.30117315009534357,-0.9795610719591379,0.6220999251917004
1788861384605632000,23.220632080078126,0.4048942213326692,-0.725345487871766,0.1744341913640499
1788861384615638000,23.230637939453125,1.0845862115323543,-0.5833183591157197,-0.11239771416783333
1788861384625644000,23.24064404296875,1.431459036529064,-0.578510082051158,-0.223964822730422
1788861384635649800,23.25064990234375,1.318346452090144,-0.7100970653355121,-0.10027209982722997
1788861384645655600,23.260655517578126,0.8861065431922673,-0.8483563659906387,0.27644582833498715
1788861384655662600,23.27066259765625,-0.002500584644079208,-0.8795862015128135,0.7046896533340216
1788861384665668600,23.280668701171876,-1.1781003615319727,-0.6910755540013312,1.0374684865266084
1788861384675674600,23.290674560546876,-2.1911182974129915,-0.36461306434869767,1.277078037634492
1788861384685680600,23.3006806640625,-2.62712252728045,-0.24023615857362746,1.4382193244442343
1788861384695687400,23.3106875,-2.019288735589385,-0.35841245614290235,1.5079899030238388
1788861384705693700,23.320693603515625,-1.0911819565355778,-0.6471522411227226,1.3039961474373936
1788861384715699700,23.33069970703125,-0.08171674470007419,-1.0408253957390785,0.786732268987596
1788861384725705700,23.340705810546876,0.8735890069246292,-1.384628896293044,0.25581162110716105
1788861384735712500,23.35071240234375,1.109725328963995,-1.549281113833189,-0.15531623391807078
1788861384745718800,23.36071875,0.3803881411075592,-1.4323428336262702,-0.5688192936420441
1788861384755724500,23.370724609375,-0.26790333317816256,-1.0533411784410476,-0.8966410889491438
1788861384765730600,23.38073046875,-0.1764081217855215,-0.7612275331139564,-0.7303340899392962
1788861384775736600,23.390736572265624,-0.03609714929759502,-0.821298263195157,-0.16514993792921304
1788861384785743600,23.40074365234375,-0.21876666956543922,-1.1375400953456758,0.435760484239459
1788861384795749600,23.41074951171875,-0.14717968921363353,-1.171914074112475,0.8145031962275504
1788861384805755600,23.420755615234373,0.42636955555975437,-0.7608549004092812,0.6447481025904417
1788861384815761700,23.43076171875,1.7861083407461642,-0.35987989834696055,-0.06430062273591756
1788861384825768700,23.440768798828124,3.2157787402927873,-0.17624504017829895,-0.7197042671144008
1788861384835774700,23.450774658203127,3.197390850687027,-0.056336219727993006,-0.8013441471859812
1788861384845780700,23.46078076171875,2.1199685394346712,0.01067950718551874,-0.6149480076104402
1788861384855786500,23.470786376953125,1.0852572426617144,-0.01834931116104126,-0.6002119185104966
1788861384865793800,23.480793701171876,1.164317335373163,0.08857990846782922,-0.8947691575974226
1788861384875799600,23.490799560546876,2.1820248903751374,0.2753472194433212,-1.2616928369760512
1788861384885805600,23.5008056640625,1.9620956067711113,0.4727101587131619,-1.2767857766896487
1788861384895811600,23.5108115234375,0.9122849405437707,0.5566808198198676,-1.0733081539317966
1788861384905817900,23.52081787109375,0.661094257235527,0.5015574830129742,-0.879128228612244
1788861384915824600,23.53082470703125,0.5448948126971721,0.3124371791705489,-0.6710282067507505
1788861384925830700,23.54083056640625,0.7883914343714714,0.01274871467500925,-0.6647200465172529
1788861384935836700,23.550836669921875,1.1226771649956702,-0.15189005886167287,-0.8320841533645987
1788861384945842700,23.5608427734375,1.1023860721170902,0.013959844030439853,-0.7729433976098895
1788861384955849700,23.570849609375,0.5728747065126896,0.14648089329451322,-0.31015812832266093
1788861384965855500,23.58085546875,1.0377256761580704,0.16165698124691844,-0.07444266204386948
1788861384975861500,23.590861572265624,2.436415831029415,0.0035781507477164265,-0.50009208663553
1788861384985867800,23.60086767578125,2.799724242520332,-0.1600290877841413,-1.102597084519267
1788861384995874600,23.61087451171875,2.784242595750093,0.19131313771158456,-1.0568974096179007
1788861385005880600,23.620880615234373,2.5710551876217127,0.5856717903740704,-0.6835875363335013
1788861385015886600,23.630886474609376,2.62423089749217,0.8168627649657427,-0.9137079590842128
1788861385025892600,23.640892578125,2.4297382529616356,1.1435315908454358,-1.4591186123490332
1788861385035898600,23.650898681640626,2.275387064683437,1.5045504300944506,-1.8289605172619223
1788861385045905700,23.66090576171875,2.248998239451647,1.4854272119514644,-2.0895254703760147
1788861385055911400,23.670911376953125,1.8885072234690188,1.2901859410107135,-1.8767279383480548
1788861385065917700,23.680917724609376,1.4848749848961829,1.1116016442298888,-1.3002607603013514
1788861385075923700,23.690923828125,1.8670190297603606,1.094725035969913,-0.9671467038050293
1788861385085930500,23.700930419921875,2.29552384378314,1.3171148644685744,-1.0641302834808826
1788861385095936500,23.7109365234375,2.3788176285415887,1.5071420540228486,-1.2844187557861209
1788861385105942800,23.72094287109375,2.27927998046875,1.5731880591213703,-1.5050754768818615
1788861385115948800,23.73094873046875,2.2187387102663516,1.5924775737419723,-1.5797262287184595
1788861385125955600,23.74095556640625,2.129913594865799,1.5948033863410354,-1.5616881754636764
1788861385135961600,23.750961669921875,1.8986100998103617,1.531997970598936,-1.7188596818596125
1788861385145967600,23.760967529296874,1.6325824973762035,1.52259067530632,-1.936174691312015
1788861385155973600,23.7709736328125,1.7008482243508098,1.4976581863626837,-1.9331909993261098
1788861385165979600,23.780979736328124,2.1166893716335293,1.4158183998048304,-1.6934484694883227
1788861385175986400,23.790986328125,2.158317267051339,1.1720134428337217,-1.4868562218412755
1788861385185992700,23.80099267578125,2.0227917752742766,0.7912339643210172,-1.4194512033492326
1788861385195998700,23.810998779296874,1.843718818193674,0.36424101616591215,-1.3815996115997433
1788861385206004700,23.821004638671877,1.580232716935873,0.1008826329410076,-1.1160893110379575
1788861385216011800,23.83101171875,1.0930664551079272,-0.058304304930567735,-0.5851765542030334
1788861385226017800,23.841017822265623,0.6803811415076255,-0.1320230366140604,-0.008808452616631985
1788861385236023600,23.8510234375,0.22151626053452492,-0.08415069384872913,0.44571167715042825
1788861385246029600,23.861029541015625,0.2344043836802244,-0.0062993924051523206,0.7388800922274589
1788861385256036900,23.871036865234377,0.3928092312633991,0.08450783672332764,0.8451499711647629
1788861385266042600,23.881042724609376,0.1921288380086422,0.026712065836787223,0.9060045451000333
1788861385276048600,23.891048583984375,-0.2234638874709606,-0.31838322809338565,0.7983323981493711
1788861385286054700,23.9010546875,-0.5294874002069234,-0.9225602508425712,0.43270314249545333
1788861385296061700,23.911061767578126,-0.8713391821712255,-1.541403512325883,0.019701310291886327
1788861385306067700,23.921067626953125,-1.0672972230792046,-2.032062292444706,-0.02482522917687893
1788861385316073700,23.93107373046875,-1.1189093368947505,-2.4362527494221924,0.3539288809880614
1788861385326079500,23.94107958984375,-1.1097411110550164,-2.5336446176379916,0.9804586053207516
1788861385336085500,23.95108544921875,-0.9526333175450563,-2.33136964866817,1.543760596846044
1788861385346092800,23.9610927734375,-0.7803273703813552,-1.8830811067670583,1.6578844041541219
1788861385356098600,23.9710986328125,-0.8790636389434338,-1.4544962132453918,1.3282643272534012
1788861385366104600,23.9811044921875,-1.11801501840353,-1.2007231122285127,0.8903282525405287
1788861385376110600,23.991110595703127,-1.5180693984895943,-1.1613608236551285,0.5592135531678796
1788861385386117600,24.00111767578125,-1.9397785610228775,-1.3147446282058954,0.3800555481523275
1788861385396123600,24.01112353515625,-2.3303613484084607,-1.6009487572282552,0.44325493164807556
1788861385406129700,24.021129638671876,-2.722731019210815,-1.8637609047472476,0.7136959666103124
1788861385416135400,24.031135498046876,-2.980544335529208,-2.0373592298090455,1.2759314979478715
1788861385426142700,24.041142822265623,-2.9478333215385675,-2.0606179403215648,1.8271531755790114
1788861385436148700,24.051148681640626,-2.641768307748437,-1.937204326620698,2.149578080278635
1788861385446154500,24.061154541015625,-2.0118103625327346,-1.5703490363031625,2.1512664717569945
1788861385456160500,24.071160400390625,-1.5182880096763371,-1.000385248801112,1.8366349974125622
1788861385466166800,24.081166748046876,-1.337237030521035,-0.3877636383116245,1.292339027391374
1788861385476173600,24.091173583984375,-1.0640952121675014,-0.14147767817974088,0.8208993270054459
1788861385486179600,24.1011796875,-0.8847650654554367,-0.34549452238082884,0.6071335344672203
1788861385496185600,24.111185546875,-1.0703571951717137,-0.6497901884108781,0.5228820105925202
1788861385506191600,24.121191650390625,-1.3963368697434664,-0.8422522038966417,0.636213206218183
1788861385516198700,24.13119873046875,-1.654544153815508,-1.0167448474496603,0.8387091244623065
1788861385526204700,24.14120458984375,-1.8019933076202868,-1.0997124689936637,0.884520150783658
1788861385536210400,24.15121044921875,-1.7664304113298654,-0.9679162268728018,0.8784636272236704
1788861385546216700,24.161216796875,-1.5199398685365915,-0.9171534233629703,1.1185510249763726
1788861385556223700,24.1712236328125,-1.5582079321324824,-1.020803767451644,1.3180652970612048
1788861385566229500,24.1812294921875,-1.7019038708835839,-1.1417553749531506,1.1991960487917064
1788861385576235500,24.191235595703127,-1.6095003124743699,-1.2772452108949421,0.9191516114428638
1788861385586241800,24.20124169921875,-1.2926046925902366,-1.351325177106261,0.6199170281946659
1788861385596247600,24.21124755859375,-0.8902537259995937,-1.269134969675541,0.511821102873981
1788861385606254600,24.221254638671876,-0.5181757325977087,-1.0969850898563862,0.5701131328448653
1788861385616260600,24.231260498046876,-0.09331716612279414,-0.9025240095078945,0.6628752954334021
1788861385626266600,24.2412666015625,0.32453765906989573,-0.6638643064707517,0.8439470251157879
1788861385636273000,24.25127294921875,0.4582826971709728,-0.6954349182546138,1.1838567331016063
1788861385646280000,24.261280029296874,0.2826455597579479,-1.0077759435743092,1.520748262310028
1788861385656286000,24.271285888671876,0.12631225775182248,-1.3765093027234077,1.7074436770930885
1788861385666292000,24.2812919921875,0.07802958061993122,-1.6240402944803236,1.6522189257383346
1788861385676298000,24.291298095703127,-0.14205460128486155,-1.6888626030027865,1.3589324372395872
1788861385686304800,24.3013046875,-0.5736491980165243,-1.5223574510723352,1.071649280808866
1788861385696311000,24.31131103515625,-0.8373194236695766,-1.186110064986348,1.049107194133103
1788861385706317000,24.321317138671876,-0.45411154896616934,-0.8127753495216369,1.07441143899858
1788861385716322800,24.33132275390625,0.015143208596110343,-0.5781956092745065,0.8992252602234482
1788861385726329900,24.341329833984375,0.4611754960030317,-0.5127805955559015,0.46806934716999526
1788861385736336000,24.3513359375,0.9118272599041461,-0.42836160615980623,-0.1098322475939989
1788861385746342000,24.361341796875,1.2383370958298443,-0.27927579106390477,-0.5946843872606754
1788861385756348000,24.371347900390624,0.8993518092125654,-0.11036357799172401,-0.4801517068907618
1788861385766354000,24.38135400390625,0.006367196944355964,0.03839724293351173,0.23102497037500141
1788861385776361000,24.39136083984375,-0.6684639092206954,-0.031148586979508397,1.012931426641345
1788861385786367000,24.401366943359374,-0.627304215836525,-0.3788847508072853,1.3423688404515386
1788861385796373000,24.411373046875,-0.051606853118538853,-0.8047381735384463,1.2269330737620592
1788861385806378800,24.421378662109376,0.715856359514594,-1.094344512219727,0.9327420376390219
1788861385816386000,24.431385986328124,1.273867843416333,-1.0836658818170428,0.6318561800524592
1788861385826391800,24.441391845703127,1.3548077585250138,-0.829727945627272,0.4954880999714136
1788861385836397800,24.451397705078126,1.02750647996068,-0.46907092542797324,0.4747852114215493
1788861385846403800,24.46140380859375,0.7943301767706871,-0.21517741290181874,0.5330637973889708
1788861385856411000,24.471410888671876,0.3849579332411289,-0.19499299526810646,0.786191293978691
1788861385866417000,24.4814169921875,0.4951145904839039,-0.3070271368205547,0.8271434820920228
1788861385876423000,24.4914228515625,1.159638237646222,-0.4519330358833074,0.6129208856970071
1788861385886429000,24.501428955078126,2.548683781337738,-0.4708399809271097,0.21957301751226185
1788861385896434700,24.5114345703125,3.7965842398047447,-0.253750889185071,-0.12873188611418007
1788861385906442000,24.52144189453125,3.066761898779869,0.05832622450143098,-0.21702742468267677
1788861385916448000,24.531447998046875,1.8006752107590436,0.21423545587658882,-0.360177419988811
1788861385926453800,24.541453857421875,1.0705366433918475,0.25763708296865223,-0.5754818202711641
1788861385936459800,24.551459716796874,0.7116168222486973,0.19671967293024062,-0.6671154172211885
1788861385946466800,24.561466796875,1.2231927181899547,-0.06287526610791683,-0.8643471313267945
1788861385956472800,24.571472900390624,1.7041443432867527,-0.13998115601167083,-0.9988191685281693
1788861385966478800,24.581478759765623,1.5899737742275,-0.04370733204036951,-0.7554213310532272
1788861385976484900,24.59148486328125,1.5535750116348266,0.07162570492699742,-0.32767990261837837
1788861385986492000,24.601491943359374,2.154142027193308,0.12370967403799295,-0.2732769890405238
1788861385996498000,24.611497802734377,2.986812163752317,0.023281360735744237,-0.5886132506534457
1788861386006504000,24.62150390625,3.119123369657993,-0.24462065726816654,-1.1384192162677644
1788861386016510000,24.631510009765623,2.304011101621389,-0.18782412655204533,-1.4760986809834837
1788861386026516000,24.641515869140626,1.7431588413357733,0.13684504994302987,-1.1638795284777879
1788861386036522800,24.651522705078126,2.4154712426781653,0.28372064164355393,-0.8090443462997674
1788861386046528800,24.66152880859375,3.081905691897869,0.5175650533534586,-0.922284648771584
1788861386056535000,24.67153515625,2.6461983991503715,0.9834376211315393,-1.229919103835523
1788861386066541000,24.681541015625,2.437314825695753,1.1796129580520092,-1.4682498671792448
1788861386076547800,24.6915478515625,2.260251454871893,1.2942778864994644,-1.6373593563891946
1788861386086553900,24.701553955078126,1.4695745399117468,1.2626982146263122,-1.2801685509957372
1788861386096560000,24.71156005859375,1.0763163958370685,0.7844023647353052,-0.5576058257102966
1788861386106566000,24.72156591796875,1.498144216313958,0.5569681123286485,-0.22480273485928773
1788861386116573000,24.731572998046875,2.016934865939617,0.8228929850406944,-0.2514431967645883
1788861386126578700,24.74157861328125,2.3241396974146364,1.3030489297151564,-0.2890697475865483
1788861386136585000,24.7515849609375,2.4109786074340342,1.6955393042877316,-0.34063130025863647
1788861386146591000,24.761591064453125,2.451408817499876,1.8809987475350498,-0.5153954542294145
1788861386156597800,24.77159765625,2.6210113509237765,1.9702111086875198,-0.8144844915270805
1788861386166603800,24.781603759765623,2.5883435915529724,2.0312550677150485,-0.9852829567372798
1788861386176610000,24.791610107421874,2.823949167716503,2.0156214452534913,-1.0095464603781699
1788861386186616000,24.801615966796874,3.161085027074814,1.8272461145594714,-1.0563549733042716
1788861386196621800,24.811621826171876,2.894164859715104,1.5151283766016364,-1.113785418009758
1788861386206628900,24.82162890625,2.2648709313660857,1.1062664206817745,-1.188454582285881
1788861386216635000,24.831634765625,2.0051000512391326,0.6064671795129776,-1.1605524298816918
1788861386226641000,24.841640869140626,1.9440987623095511,0.12624240738600492,-0.8736144336268306
1788861386236647000,24.85164697265625,1.7240385458022356,-0.30779286049604415,-0.3656955988883972
1788861386246653700,24.86165380859375,1.7299708584606646,-0.7117094689682125,0.1341577105551958
1788861386256660000,24.871659912109376,1.9739619856536388,-0.9282929492756724,0.3793129130914807
1788861386266666000,24.881666015625,2.0514146431684495,-1.0395482154101132,0.3300421017050743
1788861386276672000,24.891672119140626,1.6988170107841492,-1.0530676221966744,0.16555705742537974
1788861386286678800,24.9016787109375,0.9777297648787497,-0.9204331756860017,0.10994710614532231
1788861386296685000,24.91168505859375,0.5661480286061763,-0.7161608954191208,0.2908846880540252
1788861386306690800,24.92169091796875,0.09157529089152812,-0.545046203866601,0.7279252752318978
1788861386316696800,24.93169677734375,-0.4403244311541319,-0.6066098028540611,1.3250795597374438
1788861386326702800,24.941702880859374,-0.7211708325356244,-0.982030092421174,1.8684052234217523
1788861386336710000,24.9517099609375,-1.0293746119201184,-1.6929133396983145,2.2150138445243237
1788861386346716000,24.9617158203125,-1.275145608267188,-2.6098849767535923,2.311025656558573
1788861386356722000,24.971721923828124,-1.5821306595116853,-3.4037305848777293,1.9994982857093213
1788861386366728000,24.98172802734375,-2.2351994312018153,-3.8193151270508765,1.1855465858846903
1788861386376735000,24.99173486328125,-2.909377041894197,-3.8397576110988854,0.21212942350804803
1788861386386741000,25.001740966796874,-3.1216759767502547,-3.601878244784474,-0.35335926440656185
1788861386396746800,25.011746826171876,-3.0381670879364013,-3.122164052528143,-0.26845073792785407
1788861386406752800,25.021752685546875,-2.9619840119659897,-2.5817653822064397,0.40379122852683064
1788861386416760000,25.031760009765627,-2.704499196949601,-2.151479529985785,1.283749185961485
1788861386426765800,25.041765869140626,-2.4275614934444425,-1.6761965981751679,1.8818509804502128
1788861386436771800,25.051771728515625,-2.1769716986387966,-1.1841150917768477,2.1338965270221233
1788861386446777900,25.06177783203125,-2.084718362355232,-0.7415180395156145,2.1725316703647373
1788861386456785000,25.071784912109376,-2.289153139707446,-0.5906207910835742,1.7779577675163745
1788861386466791000,25.081791015625,-1.9634844307810067,-0.6695435211509466,0.9530901214018463
1788861386476797000,25.091796875,-1.233675533759594,-0.8905816427797079,0.23365268853008744
1788861386486803000,25.101802978515625,-0.7103431490510702,-1.048267528438568,-0.0038499534264206884
1788861386496809000,25.11180908203125,-0.39396190842986106,-1.074377536728978,0.2826256860136986
1788861386506816000,25.12181591796875,-0.5747942763984203,-1.1048825651079415,0.7846814739376307
1788861386516821800,25.13182177734375,-1.0544131915867327,-0.9030103317201137,0.9561506780162453
1788861386526827800,25.141827880859374,-1.3736778786897659,-0.6149205350816249,0.9771212775915861
1788861386536834000,25.151833984375,-1.6180162118852137,-0.594966711333394,1.0353659612894057
1788861386546840800,25.1618408203125,-1.7955536299616097,-0.7398936531841754,1.0119567363902926
1788861386556846800,25.171846923828124,-1.6661398990631102,-0.8941431346535682,0.8298363744378089
1788861386566852900,25.181852783203126,-1.3284440677344798,-0.9493985734075308,0.4704202942103147
1788861386576859000,25.19185888671875,-1.0517863502144813,-0.8969622837275266,0.050047933238744735
1788861386586866000,25.201865966796873,-0.7506289822101593,-0.8704045316696166,-0.18744418732374907
1788861386596872000,25.211871826171876,-0.30838498117029667,-0.9225602508425712,-0.018355740901827813
1788861386606877700,25.221877685546875,-0.17147534155845642,-0.9709329443454742,0.40987259426712985
1788861386616884000,25.231884033203126,-0.430458286178112,-1.008891795861721,0.8971171820282936
1788861386626891000,25.24189111328125,-0.7253682842254638,-0.9995552277177572,1.2613856707230209
1788861386636896800,25.251896728515625,-0.8204875313341617,-0.9351070132046937,1.4373115619495511
1788861386646902800,25.26190283203125,-0.9559902267575263,-0.9198696965843438,1.5503557573273776
1788861386656908800,25.27190869140625,-1.0930623634546994,-1.0578326446413993,1.6077710044637321
1788861386666914800,25.281914794921875,-0.9654285017102956,-1.179028582292795,1.560017611902952
1788861386676921900,25.291921875,-0.6112713649243116,-1.0852192487388848,1.3974270030677318
1788861386686928000,25.301927978515625,-0.43375206702649594,-0.8459171561449765,1.0861398707151413
1788861386696933600,25.31193359375,-0.35145372304618355,-0.5944914950370789,0.7511483299091458
1788861386706939600,25.321939697265623,-0.3575292435675859,-0.40684360183477397,0.6278247325792908
1788861386716947000,25.331947021484375,-0.6569453208625317,-0.31660218989551064,0.7319424019187688
1788861386726952700,25.34195263671875,-0.4707786061286926,-0.38608489144444463,0.7768716769695282
1788861386736958700,25.351958740234377,0.04806815759837627,-0.6396726990222931,0.5276908721789717
1788861386746964700,25.36196484375,0.7541758610367775,-0.9796160170167684,0.08347615558803081
1788861386756971800,25.3719716796875,1.0586503907650708,-1.282857790079713,-0.14895458993166685
1788861386766977800,25.381977783203126,0.6852969705998897,-1.2926508698195218,-0.1787804038748145
1788861386776983800,25.39198388671875,0.04851473232209682,-1.0530436567991972,-0.1207990472882986
1788861386786989600,25.401989501953125,-0.3015729630678892,-0.978354034256935,0.053013212785124775
1788861386796995800,25.411995849609376,-0.04835749593377113,-1.022815691795945,0.21990853307694194
1788861386807003000,25.4220029296875,0.2954758152365684,-1.074265893048048,0.20932517974227666
1788861386817008600,25.432008544921874,0.9813812731236219,-1.1412620384782552,0.12895809608548878
1788861386827014700,25.4420146484375,1.3691823208361864,-0.9298840178593992,0.18226532338112592
1788861386837021000,25.45202099609375,0.6812871504366398,-0.4325938369020819,0.6294751301348209
1788861386847027700,25.46202783203125,0.004656301373243332,0.07955693631768226,1.1725979647234082
1788861386857033700,25.47203369140625,-0.04979074360728263,0.3199056153550744,1.4000143892124295
1788861386867039700,25.482039794921874,0.2660977450609207,0.13070932366698979,1.2153092714637517
1788861386877045800,25.492045654296874,0.8366624210655689,-0.21283201881945132,0.9539742107599973
1788861386887052800,25.502052734375,1.6537673242241142,-0.5325283753380179,0.636192747952044
1788861386897058800,25.512058837890624,1.6444623202621935,-1.0205956776589156,0.2644409177646041
1788861386907064600,25.522064697265623,1.0479834508001804,-1.4321315289631484,-0.28208880265802144
1788861386917070800,25.53207080078125,0.8699813378214836,-1.488235693500936,-0.79865154710114
1788861386927078000,25.542077880859374,0.8941951571017503,-1.2308648602530359,-1.0309838006824255
1788861386937083600,25.552083740234377,1.5199451292335986,-0.9497697448074817,-1.2285519071355462
1788861386947089700,25.562089599609376,2.1612568276345727,-0.729247171485424,-1.3648849159032106
1788861386957096000,25.572095947265623,2.490274846988916,-0.5095034735813737,-1.4397648003205656
1788861386967101700,25.582101806640626,2.7549352527230977,-0.1699266508117318,-1.5908637088045476
1788861386977108700,25.592108642578125,2.3120973774433136,0.3111247813977301,-1.5880232246816157
1788861386987114800,25.60211474609375,1.8592162470549345,0.5375326133660971,-1.5577824001967906
1788861386997120800,25.612120849609376,1.8556068243861197,0.5607673584811389,-1.6352847420722245
1788861387007126800,25.622126708984375,1.909521954447031,0.36483445201441644,-1.7013249019518493
1788861387017133800,25.6321337890625,2.2762392975986003,0.04748407410010695,-1.7374796266555785
1788861387027139600,25.6421396484375,2.5680373011052606,0.021349808151274918,-1.6591282667353748
1788861387037145900,25.652145751953125,2.5160189445763823,0.32138328669220206,-1.3905050948500632
1788861387047151900,25.66215185546875,2.4922774189829826,0.7185701485179364,-1.3732763121515512
1788861387057158700,25.67215869140625,2.8972242472857235,1.2616209407836199,-1.529691154961288
1788861387067164700,25.68216455078125,3.034767508625984,1.361059658526629,-1.6233809537887571
1788861387077171000,25.6921708984375,2.6905904985845086,0.9625187517434358,-1.9001035532385109
1788861387087176700,25.7021767578125,2.281805115032196,0.9319647696562111,-1.7948285305574536
1788861387097182700,25.7121826171875,1.962741503459215,0.8998983371794224,-1.4443109193176031
1788861387107189800,25.722189697265627,2.1149697082340717,0.5452608695305884,-1.1782543830499053
1788861387117195800,25.73219580078125,2.301233453601599,0.21672698043137786,-1.119369355621934
1788861387127201800,25.742201904296873,2.2497440893828866,0.31734891660958525,-1.239604339286685
1788861387137207800,25.752207763671876,2.1878969972789286,0.7414566647171974,-1.2729127346485853
1788861387147214600,25.762214599609376,1.9635048890471458,1.2909084100663661,-1.1811731931060552
1788861387157220900,25.772220947265627,1.8015630995094776,1.7571610632032155,-1.053651559564471
1788861387167227000,25.782226806640626,2.04880299936533,1.8832330824583767,-0.8422717853799462
1788861387177232600,25.792232666015625,2.238729358893633,1.6195850686371325,-0.7738949992462992
1788861387187240000,25.802239990234376,2.214820075517893,1.3198632863938808,-1.0168243424266576
1788861387197246000,25.812245849609376,2.1052900257408615,1.1578212513521313,-1.2965461236923932
1788861387207251700,25.822251708984375,1.92164610748291,1.1683420608446002,-1.4370751228451728
1788861387217257700,25.8322578125,1.5873182912826538,1.0922975165620445,-1.3782166911631821
1788861387227264800,25.8422646484375,1.4224369411617517,0.8662120484158397,-1.230450434233248
1788861387237270800,25.852270751953125,1.4984960984915494,0.5244809702217579,-1.2244108618080616
1788861387247276800,25.86227685546875,1.5869126330912113,0.1462944308117032,-1.293741587665677
1788861387257282800,25.87228271484375,1.6213140843868254,-0.21760142517834902,-1.2037117726504802
1788861387267288600,25.88228857421875,1.4640367795288562,-0.42909313530474896,-0.8017971516504884
1788861387277295900,25.8922958984375,1.3544237276434898,-0.5803145011246204,-0.15147884771227835
1788861387287302000,25.902302001953124,1.2841501679778098,-0.9088929600179195,0.3768205117538571
1788861387297307600,25.9123076171875,1.1457388916313647,-1.3028952004581689,0.5643643600597977
1788861387307313700,25.922313720703126,1.0955278767853975,-1.7265736172378061,0.579744592282176
1788861387317320700,25.93232080078125,1.1378151128947733,-2.1857599852502343,0.6011243571802973
1788861387327326700,25.94232666015625,0.9057616762548685,-2.557327691042423,0.6400728042557835
1788861387337332700,25.952332763671876,0.32211890749037264,-2.8007097464263437,0.5446984133422375
1788861387347338800,25.9623388671875,-0.35969372812509537,-2.80288066072464,0.3180553113132715
1788861387357345800,25.972345703125,-1.1967167991966008,-2.5327000302642584,0.10316022248417138
1788861387367351800,25.982351806640626,-2.1412387064784766,-2.0869810465902088,0.09118366122543811
1788861387377357800,25.99235791015625,-2.9924767653852697,-1.5719003573983907,0.3040685792759061
1788861387387363600,26.002363525390624,-3.609161972051859,-1.4118471580863,0.8061831116497516
1788861387397371000,26.012370849609376,-3.811785316067934,-1.5456518174201248,1.4643813551828264
1788861387407376600,26.022376708984375,-3.5098680696070192,-1.7711024947941303,2.1257307562232017
1788861387417382700,26.032382568359374,-2.743766792976856,-1.9490104997485875,2.7295713866248725
1788861387427388700,26.042388671875,-1.96299343239367,-2.0008499925792216,2.9096336470037696
1788861387437395000,26.05239501953125,-1.9980109697610138,-1.9604823263555764,2.4666779905632135
1788861387447401700,26.062401611328124,-2.34190624025166,-1.9771575668245553,1.6473434286564588
1788861387457407700,26.07240771484375,-2.5057979948133227,-2.1399287929236888,0.7980000974550843
1788861387467413800,26.082413818359374,-2.214120402815938,-2.3359534693270922,0.18465806373655794
1788861387477419800,26.092419677734377,-1.7524463096410035,-2.2752754210025072,0.17636574394851923
1788861387487426800,26.1024267578125,-1.2923960182756185,-1.7427333094000816,0.8702280060589312
1788861387497432800,26.112432861328124,-1.2736606304064393,-0.9778700501322746,1.7465926151767373
1788861387507438600,26.1224384765625,-1.4509440737217665,-0.3730190736442804,2.2795234338358044
1788861387517444900,26.13244482421875,-1.3673632887154816,0.191526780462265,2.320887709881365
1788861387527451600,26.14245166015625,-1.1609551654636858,0.5474000735163689,2.046217951308191
1788861387537457700,26.152457763671876,-1.0696242047220468,0.40552024427652356,1.5556155775517224
1788861387547463700,26.162463623046875,-1.1065063669174908,-0.00882218888103962,1.0023393054783343
1788861387557470000,26.172469970703126,-1.0681611464321612,-0.28287469233870505,0.4337143653646111
1788861387567475700,26.182475830078126,-0.7894312988132238,-0.4249310471892357,0.14404811318963764
1788861387577482800,26.192482666015625,-0.6011152970910072,-0.6220253986507653,0.10781535481363534
1788861387587488800,26.20248876953125,-0.9444698848336934,-0.7649725648611784,-0.005669277808070182
1788861387597494800,26.212494873046875,-1.3029232575088738,-0.7580921576976776,-0.0027308862686157226
1788861387607500800,26.222500732421874,-1.2884925810962915,-0.7083142735719681,0.3652367492049932
1788861387617507600,26.232507568359374,-1.0945990715026854,-0.6059118837177753,0.7009981053397059
1788861387627513900,26.242513916015625,-0.8120540495097637,-0.5084568871378898,0.619029139444232
1788861387637520000,26.252519775390624,-0.5101736279278993,-0.496028198197484,0.3033417263060808
1788861387647526000,26.26252587890625,-0.2221136419057846,-0.6004308219581842,0.07250088032633066
1788861387657533000,26.272532958984375,0.020194646766781805,-0.8461322602003812,0.04393032714128494
1788861387667539000,26.2825390625,0.08848083200752735,-1.1691799729734658,0.08712737157195806
1788861387677545000,26.292544921875,0.08100538156032562,-1.3881506406784057,0.10321984371691942
1788861387687550700,26.30255078125,-0.016426818665862084,-1.4183826973348854,0.26370003626942634
1788861387697558000,26.31255810546875,-0.13726269083321094,-1.3779571634441614,0.8065127819955349
1788861387707563800,26.322563720703126,-0.5331383239299059,-1.2701426854133606,1.4024194045275449
1788861387717569800,26.33256982421875,-1.3438836289286613,-1.1276035154819488,1.6695543836817144
1788861387727575800,26.342575927734377,-1.819576310583949,-1.11122638117671,1.7523928258880972
1788861387737582000,26.35258203125,-1.8332330800145864,-1.1202835478574036,1.7130998031586409
1788861387747588900,26.3625888671875,-1.2853665580302476,-1.022962991312146,1.5011398909986018
1788861387757595000,26.372594970703126,-0.3827145382285118,-0.898638107985258,1.0942279001027344
1788861387767601000,26.382600830078125,0.37663375701010227,-0.7835311348587274,0.6330880599349736
1788861387777607000,26.39260693359375,0.8020294991016388,-0.7617834134310484,0.35229748039394615
1788861387787614000,26.402614013671876,0.5344523291379213,-0.807875887042284,0.41381636345684525
1788861387797619700,26.41261962890625,-0.019462825360894203,-0.8549696466505528,0.6370517028689384
1788861387807626000,26.4226259765625,-0.23058862478435038,-0.9149187961786985,0.505066075655818
1788861387817632000,26.432632080078125,0.12645721918046474,-1.1256722551584244,0.1791118277862668
1788861387827638800,26.442638671875,0.6047235507160424,-1.376781105402112,-0.1475143279954791
1788861387837644800,26.452644775390624,0.6577665741175412,-1.5082500152647493,-0.4204489333391189
1788861387847651000,26.462651123046875,0.9920651642233133,-1.4999164866834878,-0.6656862612009048
1788861387857656800,26.47265673828125,1.9108733690559863,-1.3567726288571953,-0.6991884255692362
1788861387867662800,26.482662841796873,2.393910568255186,-1.03657972099334,-0.35761458376348015
1788861387877670000,26.492669921875,1.8558920710682867,-0.6903481165096164,0.02012947257608175
1788861387887676000,26.502676025390624,0.6717407389342784,-0.5089966931030154,0.20006167683452367
1788861387897682000,26.512681884765627,0.2062403654694557,-0.28348288736492394,-0.10494681363999843
1788861387907688000,26.52268798828125,0.8757581676572561,0.23156506860107182,-0.44600861427038907
1788861387917694700,26.53269482421875,1.387045894306898,0.7914315327197313,-0.47339434158504007
1788861387927701000,26.542700927734376,1.1487480103194714,0.9970496746376156,-0.172319098906219
1788861387937707000,26.55270703125,0.8544143508553504,0.792099641239643,0.15360036991089582
1788861387947713000,26.562713134765627,1.2577204262137411,0.2871536848321557,0.09370938031077385
1788861387957719800,26.5727197265625,1.7033400411665438,-0.30898236254155637,-0.16591332351714372
1788861387967726000,26.58272607421875,1.6952888366580008,-0.9232698604166507,-0.4614227487623691
1788861387977731800,26.59273193359375,1.4435153850257396,-1.3971017166361213,-0.9533499413818121
1788861387987737900,26.60273779296875,0.698903471148014,-1.3837535747632383,-1.35430185482949
1788861387997743900,26.612743896484375,0.30395488976836205,-1.1164483536086975,-1.446819395007193
1788861388007751000,26.6227509765625,0.583912817877531,-1.0358869164235889,-1.3943953802868723
1788861388017757000,26.6327568359375,1.1714777285218239,-0.9289708485372364,-1.316240711982548
1788861388027763000,26.642762939453124,1.619897203326225,-0.486197709056735,-1.0842316990062595
1788861388037769000,26.65276904296875,2.285337380811572,0.11693608824983238,-0.9082809655994176
1788861388047776000,26.66277587890625,2.988026215717196,0.41246626402214165,-1.1376029314488172
1788861388057782000,26.672781982421874,3.4864199740022417,0.6282736453905702,-1.5752654499173164
1788861388067787800,26.682787841796873,3.6690602681756017,0.8121655470602214,-1.8079025316640733
1788861388077793800,26.692793701171876,3.687846217188239,0.9413691423393785,-1.8676865537583827
1788861388087801000,26.702801025390624,3.4794250005483627,0.8781997155904769,-1.819958880160749
1788861388097806800,26.712806884765627,2.837929177752137,1.1756323639832436,-2.166173241248727
1788861388107812900,26.722812744140626,2.3408131843179465,2.1374479358933867,-2.818883993281424
1788861388117819000,26.73281884765625,2.5922692405641077,2.284086211706698,-2.3318533405318855
1788861388127826000,26.742825927734376,2.782148838341236,1.6639797984197735,-1.6861153501212596
1788861388137832000,26.75283203125,2.5117735620915886,1.1193382298313082,-1.661548479619622
1788861388147838000,26.762837890625,2.1075451111912726,0.9991542457014322,-1.6292460464298724
1788861388157843700,26.77284375,2.1540771452635523,1.0460748406998812,-1.2867261559456586
1788861388167849700,26.782849609375,2.338405538654327,1.0203180297613144,-0.8858405857324599
1788861388177857000,26.79285693359375,2.1209937908291816,0.902394245648384,-0.7589128264307975
1788861388187862800,26.80286279296875,1.9110159923970698,0.8158443817034363,-0.8801321449577808
1788861388197868800,26.812868896484375,1.992421186929941,0.867048791500926,-1.1506991443872452
1788861388207875000,26.822875,2.0068144539415833,0.9535273437753319,-1.348873107779026
1788861388217881900,26.8328818359375,1.6883458856523037,0.9620447044909,-1.3845491090551019
1788861388227887900,26.842887939453124,1.388202078604698,1.0988698806896806,-1.4008254133343696
1788861388237894000,26.852893798828124,1.2748556854099033,1.3084516655415295,-1.3352218913063407
1788861388247900000,26.86289990234375,1.26329910312891,1.3265496322900057,-1.2322308879092334
1788861388257907000,26.872906982421874,1.1939788986653088,1.1464052465856074,-1.1399088703036309
1788861388267913000,26.882912841796873,1.020533133816719,0.8030094500496983,-1.032750810354948
1788861388277918700,26.892918701171876,0.8828443265259266,0.2853355294942856,-0.7830170478567481
1788861388287925000,26.902925048828124,1.0684048920601605,-0.26279958029836414,-0.5403451865687966
1788861388297931000,26.912930908203126,1.2854191650003195,-0.7368436179637908,-0.4982645789474249
1788861388307937800,26.922937744140626,1.389028592556715,-1.0365233146309851,-0.48305064320266244
1788861388317943800,26.93294384765625,1.4159025709569453,-1.1662485956966877,-0.391813498224318
1788861388327950000,26.9429501953125,1.2240671629369257,-1.1093050577253103,-0.15036299542486667
1788861388337955800,26.952955810546875,0.8483873456507921,-1.036182538369298,0.26976591217964885
1788861388347963000,26.962962890625,0.3406716322690248,-1.0821440790772436,0.7801204496324062
1788861388357969000,26.972968994140626,0.08703998554944992,-1.33290104714334,1.210575520940125
1788861388367975000,26.982974853515625,-0.0022936638951301575,-1.6960089676260948,1.3912576667830348
1788861388377981000,26.99298095703125,-0.2463642860651016,-2.0729963603794572,1.1972948913455008
1788861388387988000,27.002988037109375,-0.6689677670896053,-2.408054244419932,0.8390107377573848
1788861388397993700,27.01299365234375,-1.2721686382830142,-2.691507613429427,0.47042993882149453
1788861388408000000,27.023,-2.032275058412552,-2.9145260952204466,0.11284575019627809
1788861388418006000,27.033006103515625,-2.610072023758292,-3.0735026052117345,-0.016706220129132268
1788861388428011800,27.04301171875,-2.951491259524226,-3.0297312680244444,0.1644759841904044
1788861388438018800,27.053018798828123,-3.106556733551621,-2.673397956243157,0.5373258387476205
1788861388448025000,27.063025146484375,-3.079558836510777,-2.0574106687128544,0.9008043461084365
1788861388458030800,27.07303076171875,-2.9807974335074423,-1.3688169946551323,1.3049310901999474
1788861388468036900,27.083036865234376,-3.119807844790816,-0.7613222256600857,1.8424758323952555
1788861388478044000,27.0930439453125,-3.4439304933190344,-0.5112058935850858,2.580439394299686
1788861388488050000,27.1030498046875,-3.961116045835614,-0.7117413254112005,3.1328193020552395
1788861388498056000,27.113055908203126,-3.806665488836169,-1.2143190913826227,3.0021736912742254
1788861388508062000,27.12306201171875,-2.798633524674177,-1.7644710939556358,2.172168390010297
1788861388518067700,27.133067626953125,-1.6692267591625451,-2.1040093382805583,0.9872980959519744
1788861388528075000,27.143074951171876,-0.7876055446907877,-2.203432420063019,0.02892769605964422
1788861388538081000,27.1530810546875,-0.30192835237681864,-2.1370471000075337,-0.2959007626503706
1788861388548086800,27.163086669921874,-0.362480728495121,-1.9421078807532786,0.23472090228348969
1788861388558092800,27.1730927734375,-0.984941303692758,-1.4312953703999518,1.1157441508620978
1788861388568100000,27.18310009765625,-1.5427145949244498,-0.7750836245089769,1.64983992164731
1788861388578105900,27.19310595703125,-1.7794237484157085,-0.3535439733237028,1.7938471183046698
1788861388588112000,27.20311181640625,-1.7803958083182572,-0.21201485721766947,1.6235013652980326
1788861388598118000,27.213117919921874,-1.657812800222635,-0.2122229470103979,1.137459723585844
1788861388608125000,27.223125,-1.3010557100713251,-0.268943197619915,0.5223249612316488
1788861388618131000,27.233130859375,-1.0064379729688167,-0.3857113819569349,-0.05542582688480615
1788861388628137000,27.243136962890624,-0.879072406771779,-0.5539297675460577,-0.5361263998299837
1788861388638142500,27.253142578125,-0.7342091778069734,-0.7078671143263578,-0.7692077182129025
1788861388648149800,27.263149658203126,-0.49266602828800676,-0.8943956481099128,-0.8243439145013689
1788861388658155800,27.27315576171875,-0.1573503700941801,-1.131111231341958,-0.7644511713355779
1788861388668161500,27.28316162109375,-0.06602350100576877,-1.3192518764972685,-0.5546513598188758
1788861388678167600,27.29316748046875,-0.10668401269614695,-1.331504039826989,-0.07132949845939875
1788861388688173800,27.303173828125,-0.13428688989281654,-1.1150047306716442,0.5141033685922622
1788861388698180600,27.3131806640625,-0.2118921076208353,-0.8596113349765538,0.9398682362571358
1788861388708186600,27.3231865234375,-0.39568683252632614,-0.7380255212247371,1.3193173429489136
1788861388718192600,27.333192626953124,-0.5287830513298512,-0.7919587714642286,1.6512939198479055
1788861388728198700,27.34319873046875,-0.5684317556291818,-0.7783779898792504,1.6844222824677824
1788861388738205700,27.353205810546875,-0.4541109644442796,-0.695568773767352,1.3047279688432811
1788861388748211700,27.363211669921874,-0.055146133160591124,-0.6942956850916147,0.8587085409179329
1788861388758217500,27.373217529296873,0.15685586457550524,-0.7944400668859481,0.6269567175731062
1788861388768223700,27.3832236328125,0.09286708426773548,-0.8585948514103889,0.5016454535573721
1788861388778229800,27.393229736328124,-0.06386077001392841,-0.76830784676373,0.2532461545333266
1788861388788236500,27.403236572265627,-0.08193126423358917,-0.6373503935545682,0.14785042808204887
1788861388798242600,27.41324267578125,-0.30144027659893036,-0.520133296406269,0.3525894490778446
1788861388808248800,27.423248779296873,-0.8659481367826461,-0.4319090695083141,0.7167018704280257
1788861388818254600,27.433254638671876,-1.2545482259184122,-0.37622809881865976,0.7606997098475694
1788861388828261600,27.44326171875,-1.256665364202857,-0.44863750146925446,0.4983695006266236
1788861388838268000,27.453267822265627,-0.30507308014333245,-0.7851765639781951,0.2815814376577735
1788861388848273700,27.463273681640626,0.7813625586479902,-1.081388292273879,0.22522972809970376
1788861388858279700,27.47327978515625,1.2078893505960702,-1.220654139623046,0.25098610064685345
1788861388868286700,27.48328662109375,0.9946569342821836,-1.1766700364679097,0.39652211430668827
1788861388878292700,27.493292724609375,0.3261538620948791,-0.9313947146832943,0.7084732635259627
1788861388888298800,27.503298828125,-0.0469821159273386,-0.6116337684959173,0.9614519992947578
1788861388898304800,27.5133046875,0.20996260086297988,-0.4210559593215584,0.8034443343356251
1788861388908310500,27.523310546875,0.7735609449863433,-0.402725645121932,0.4246288493722677
1788861388918317800,27.53331787109375,1.3051006015479565,-0.5494888624891638,0.11337211215794085
1788861388928323800,27.54332373046875,1.5049661712884903,-0.8092427914813161,0.009277823694050311
1788861388938329600,27.55332958984375,1.5545301204025745,-0.9721414433524012,0.025698797141015528
1788861388948335600,27.563335693359374,1.671046960327029,-0.9369456268087029,0.06350128905177116
1788861388958343000,27.573343017578125,1.8207412627100943,-0.8511164783537387,0.04770809211432934
1788861388968348700,27.5833486328125,1.930301707625389,-0.7372612588539719,-0.02337824523895979
1788861388978354700,27.593354736328124,1.8127713067442177,-0.6122881407514215,-0.2466720368400216
1788861388988360700,27.603360595703126,1.3507313028663397,-0.3063774407401681,-0.6731190415501594
1788861388998367700,27.61336767578125,0.9247101223528384,0.3199854025930166,-0.9826759891092777
1788861389008373800,27.623373779296877,1.0972598151445387,0.9207724906429647,-1.0284095662802457
1788861389018379800,27.6333798828125,1.1675737068206071,1.0539929203480483,-0.9329723392635584
1788861389028385500,27.643385498046875,1.2824386878848075,0.6899874665036797,-0.8742226286530494
1788861389038391600,27.6533916015625,1.454979028326273,0.18166896492317317,-1.0778133563965557
1788861389048398800,27.66339892578125,1.6617255897521972,-0.03807677880749106,-1.447246680508554
1788861389058404600,27.673404541015625,2.156896294337511,-0.1418637548878789,-1.7098872708529234
1788861389068410600,27.68341064453125,2.378238367348909,-0.487159101434797,-1.8339961733415722
1788861389078416600,27.693416748046875,2.0331535948127506,-0.7679919126823544,-1.8191522399529814
1788861389088423700,27.703423583984375,1.93460788038671,-0.5117226109355688,-1.6399281839638948
1788861389098429700,27.7134296875,2.0471616618990898,-0.011966039864718914,-1.1041516204848885
1788861389108435700,27.723435791015625,1.9494296019434927,0.2578587628953159,-0.6797580411732197
1788861389118441500,27.73344140625,2.7025696901917455,0.6350095295168459,-1.1358420592561365
1788861389128447700,27.74344775390625,3.5475182935655116,1.1676521788842975,-1.8701462218701839
1788861389138454800,27.753454833984375,3.241464970213175,1.4799705539807677,-2.035100344966352
1788861389148460500,27.76346044921875,3.133149556922912,1.389310332107544,-1.7751397874861954
1788861389158466600,27.773466552734376,2.5701678833931685,1.0324467128418386,-1.6605942476347089
1788861389168472800,27.783472900390624,2.211661903747916,1.0107393234245479,-1.8332345413193105
1788861389178479600,27.793479736328123,2.1832781053066252,1.194198971156776,-1.8855358064427972
1788861389188485600,27.803485595703126,2.2104139495134354,1.1517397394813595,-1.5986723367288709
1788861389198491600,27.81349169921875,2.0665783100306987,1.1900228545159102,-1.3571560752168297
1788861389208497700,27.82349755859375,2.473652213490009,1.3303601304888724,-1.0611220415756106
1788861389218503700,27.833503662109376,2.8781980597764254,1.3236498191952704,-0.8320406064838171
1788861389228510700,27.8435107421875,2.8695453822433947,1.4726614000111817,-0.9546429038017987
1788861389238516500,27.8535166015625,2.36842658290863,1.6323232619181274,-1.128524721980095
1788861389248522800,27.863522705078125,1.8895944341838358,1.6056491900041698,-1.09795685749799
1788861389258528800,27.87352880859375,1.7761790674060582,1.4593991828560828,-1.0235551119863986
1788861389268535600,27.88353564453125,1.6722487373322248,1.2146645438194275,-1.0569856724232434
1788861389278541800,27.893541748046875,1.5805343302309511,0.8190633437499404,-1.056587320755422
1788861389288547800,27.9035478515625,1.6437456964254378,0.3365621511235833,-0.8381520751014352
1788861389298553600,27.9135537109375,1.5938240199148654,-0.1425511526301503,-0.5459004826083779
1788861389308560600,27.923560546875,1.5527672023832797,-0.5227826418712734,-0.3392711178213358
1788861389318567000,27.93356689453125,1.5243635301977394,-0.7398802091807126,-0.2903989503636956
1788861389328572700,27.94357275390625,1.304444767987728,-0.7631967873603105,-0.09838234055787325
1788861389338578700,27.95357861328125,1.0561246716797352,-0.5790922658532858,0.33226357714682814
1788861389348584700,27.963584716796873,0.9284458017498254,-0.35213293748199936,0.7385518831863999
1788861389358591700,27.973591796875,0.9709498954802751,-0.12002046413123607,1.066527992272377
1788861389368597800,27.98359765625,1.0300994190633297,-0.08126257119178772,1.2862287278175353
1788861389378603800,27.993603759765627,0.9136135587990284,-0.34825989544093605,1.302718090325594
1788861389388609500,28.003609619140626,0.6929553763985633,-0.8102478768706322,1.0784662673473357
1788861389398616800,28.013616943359374,0.37935178379714485,-1.3147323532462118,0.713551297442615
1788861389408622800,28.023622802734376,-0.07498305253088473,-1.7911153552532195,0.437066013880074
1788861389418628600,28.033628662109376,-0.8293126428246498,-2.1652596335351464,0.3431885835260153
1788861389428634600,28.043634521484375,-1.6146873597234486,-2.426468437510729,0.4885024788677692
1788861389438640600,28.053640625,-2.2979197990089655,-2.69146494333148,0.6623150312021374
1788861389448647700,28.063647705078125,-2.852072853916883,-2.8842420161157847,0.8034829127803444
1788861389458653700,28.07365380859375,-2.9861849717646836,-2.8817180505961177,0.9787313431367277
1788861389468659700,28.08365966796875,-2.815465417009592,-2.6904414455026386,1.123138352766633
1788861389478665500,28.09366552734375,-2.538769121044874,-2.2754069384276865,1.17819856120944
1788861389488672800,28.1036728515625,-2.302785943740606,-1.7581752086818216,1.1251777496397495
1788861389498678800,28.1136787109375,-2.0836972026139495,-1.4249030390143393,1.0548740870967506
1788861389508684500,28.1236845703125,-1.910211690276861,-1.2852642666995524,1.0589759694576262
1788861389518690600,28.133690673828124,-1.937795278251171,-1.2638725191026925,1.268938862581551
1788861389528697900,28.14369775390625,-2.264839367184043,-1.3645458932071923,1.548307300364971
1788861389538703600,28.15370361328125,-2.416161563029885,-1.512178586885333,1.6633026298105715
1788861389548709600,28.163709716796873,-2.045456903807819,-1.6056009669482707,1.72425423437953
1788861389558715600,28.173715576171876,-1.687677192610502,-1.5539625496476888,2.04527716332674
1788861389568721700,28.1837216796875,-1.8789882844954728,-1.2739134361237288,2.526649644184112
1788861389578728700,28.193728759765627,-2.2005781996756792,-0.8425970718115567,2.615896784389019
1788861389588734700,28.203734619140626,-2.3149755632281304,-0.43021629411578177,2.1273601109907028
1788861389598740500,28.213740478515625,-1.8800445155501364,-0.3334785058945417,1.3639061339989305
1788861389608746800,28.223746826171876,-1.3665993186056613,-0.568231849142909,0.6141469203606248
1788861389618752800,28.233752685546875,-0.9062953447401523,-1.0411772779166697,0.07321282798796892
1788861389628759600,28.243759521484375,-0.7201034955650567,-1.4698364057183264,-0.28605975211560725
1788861389638765600,28.253765625,-0.8228115903675556,-1.676011889258027,-0.47840135609209533
1788861389648771800,28.263771728515625,-0.8860042518615722,-1.6725772386342286,-0.3198033240243792
1788861389658777600,28.273777587890624,-0.9415747479140758,-1.4990496407210827,0.15067337654829024
1788861389668784600,28.28378466796875,-0.7212059038490056,-1.249607846906781,0.6617036213055253
1788861389678790700,28.293790771484375,-0.321523279684782,-0.9173615131556987,0.9324038917258382
1788861389688796700,28.303796630859374,-0.19965806446969508,-0.6155781222075224,0.9582824293479323
1788861389698802700,28.313802734375,-0.16692425412535666,-0.4763736496567726,0.8772083664655685
1788861389708808700,28.32380859375,-0.023643325915932652,-0.3701134153306484,0.69309215452075
1788861389718815500,28.3338154296875,0.11235913572311401,-0.35028234117925167,0.4497320187076926
1788861389728821800,28.34382177734375,0.2730249139755964,-0.40713352469205855,0.23700258347988126
1788861389738827800,28.353827880859374,0.3019078941106796,-0.6400783572137355,0.24553543402552602
1788861389748833500,28.36383349609375,0.3460726145297289,-0.9410492627352476,0.4022106813371181
1788861389758840600,28.373840576171876,0.3062047145217657,-1.1089636969417334,0.6395552101224661
1788861389768846800,28.383846923828123,0.13621698117256165,-1.0828741469174623,0.8832090681850909
1788861389778852600,28.3938525390625,0.007612813091278076,-0.9216168325126171,1.0590388055607676
1788861389788858600,28.403858642578125,-0.08932897326946258,-0.8682593363344668,1.1922320549979806
1788861389798865700,28.41386572265625,-0.4392874893218279,-0.8669184431195258,1.0437594033643602
1788861389808871700,28.42387158203125,-0.8605214355587959,-0.8814350442498922,0.574498216061294
1788861389818877700,28.433877685546875,-0.6243447815090417,-0.8106044352233409,0.3555523905366659
1788861389828883700,28.4438837890625,-0.24545535452663897,-0.5254366635113954,0.8070771378800272
1788861389838889500,28.453889404296874,-0.43032559970915313,-0.2272065811306238,1.4162994613200426
1788861389848896800,28.463896728515625,-0.7146732872098683,-0.06822481044232845,1.3237041797310114
1788861389858902800,28.47390283203125,-0.15171441003382205,-0.20523732590675353,0.5945081539109349
1788861389868908500,28.483908447265627,0.5137836351186037,-0.7866051354765892,-0.23881869299113748
1788861389878914600,28.49391455078125,0.4753969135791063,-1.404672151890397,-0.6399295963928103
1788861389888921900,28.503921875,0.12170447169542312,-1.6962860310018062,-0.43582975008338687
1788861389898927600,28.513927734375,-0.037003158226609226,-1.6744032850176096,0.21579846740961073
1788861389908933600,28.52393359375,-0.19223755908012388,-1.3334987207755447,0.9022697424858808
1788861389918939600,28.533939697265627,0.5352946251809597,-0.6219564250677824,1.2006751814335583
1788861389928945700,28.543945556640626,1.4496546184331178,0.1600607980966568,1.1524459880545734
1788861389938952700,28.55395263671875,1.8046090430766344,0.6084609836786985,0.9048638506323099
1788861389948958700,28.563958740234376,1.474609611469507,0.4875084993943572,0.6384472488805651
1788861389958964500,28.573964599609376,0.7363198863506317,0.12238397839218378,0.511464836782217
1788861389968970500,28.583970458984375,0.2291489473700523,-0.1053138933867216,0.37131080842167136
1788861389978976800,28.593976806640626,0.33322423887252806,-0.3201782948166132,0.049024435409903526
1788861389988983600,28.603983642578125,1.1399164690881967,-0.6422144924595952,-0.27756109610050916
1788861389998989600,28.613989501953125,1.9916034408062695,-0.72205579867661,-0.19099545006453988
1788861390008995600,28.62399560546875,2.2952602244108915,-0.42103900818675755,0.1474158360570669
1788861390019001600,28.634001708984375,1.7787281673669815,-0.4042226056814193,0.14128683178275822
1788861390029008600,28.644008544921874,1.1172142234146594,-0.7567299294337629,-0.47427141668051476
1788861390039014700,28.6540146484375,0.7869371439099312,-0.908412775285542,-1.170317452570796
1788861390049020400,28.6640205078125,0.9795862064003944,-0.5411033114597201,-1.47189070789963
1788861390059026700,28.674026611328124,0.9994950219631195,0.055982876245677465,-1.4992600686013697
1788861390069032700,28.68403271484375,1.1497288380503654,0.4892179336607456,-1.3445710266709328
1788861390079039500,28.69403955078125,1.5648773268938063,0.47373994015231724,-0.9147928317114711
1788861390089045800,28.704045654296873,1.8002876727461814,-0.26961130613982676,-0.514941280721128
1788861390099051800,28.7140517578125,2.0388538522809743,-1.2568018500640987,-0.5396460983887315
1788861390109057800,28.724057861328124,2.904244355180859,-1.1177946536511183,-1.1725447732314467
1788861390119064600,28.734064697265627,3.8070471816301343,1.233044834640622,-1.9558476522922514
1788861390129070800,28.74407080078125,3.2790099802315233,3.5602518106713887,-2.4813658566072583
1788861390139076600,28.75407666015625,1.877950758141279,3.3185032017081975,-2.227652669084072
1788861390149082600,28.76408251953125,0.1910088940680027,0.5507184042841196,-1.0808069852545856
1788861390159088600,28.774088623046875,0.3255553116798401,-1.2810685685753822,-0.48260699108839034
1788861390169095700,28.784095703125,2.3870190551757813,-1.2374708343893288,-0.29588235021084547
1788861390179101700,28.794101806640626,3.680482410421967,-1.3870048316441475,-0.03114975602328777
1788861390189107700,28.804107666015625,3.8649703782886267,-1.466449247498065,-0.42684009568095205
1788861390199113700,28.81411376953125,3.308026815879345,-0.08022022253200412,-2.2136045622482894
1788861390209120800,28.824120849609375,2.4974749876260756,1.8921683763250707,-4.470751621364057
1788861390219126800,28.834126708984375,1.111349715295434,3.2113422191500662,-4.968203422623873
1788861390229132500,28.844132568359374,-0.314264686858654,3.4788282036989924,-3.48456733187288
1788861390239138600,28.854138671875,0.295053205910325,3.0060099084362384,-1.2951152141064404
1788861390249144600,28.86414453125,2.414326748818159,1.6288263597130774,0.6853957547992467
1788861390259151600,28.874151611328124,4.50969626904726,-0.10790829379409551,1.2881947671934961
1788861390269157600,28.88415771484375,5.075134103557467,-0.9514882391631603,0.2932458642274141
1788861390279163600,28.89416357421875,4.358616649785637,-0.8877452503100037,-1.122087966930866
1788861390289169700,28.904169677734377,3.1278578802555796,-0.20460545774400232,-2.502905195981264
1788861390299176700,28.9141767578125,1.4314356556534766,1.1672153949022293,-3.382904654470086
1788861390309182700,28.9241826171875,-0.06270458571612834,2.5358006266281006,-3.0056200323358175
1788861390319188500,28.9341884765625,-0.15350596962571142,2.731583018708229,-1.5435793950602412
1788861390329194500,28.944194580078126,0.6395481958597898,1.9532675726711748,-0.15992197414785622
1788861390339200800,28.95420068359375,1.4758628264009952,0.8812576418563723,0.5000476629719138
1788861390349207600,28.96420751953125,1.436212953057885,0.0459451740950346,0.4864858783483505
1788861390359213600,28.974213623046875,0.8259913894474505,-0.40257600751817224,0.2672597745776176
1788861390369219600,28.984219482421874,0.28006781822443005,-0.5569283648401498,0.43258857620507474
1788861390379225900,28.994225830078125,0.14647358677089214,-0.7444885797590017,0.8449997490391135
1788861390389231600,29.004231689453125,0.6252063667744397,-1.1001362473636864,1.0058002595871687
1788861390399238700,29.01423876953125,0.8975888911932707,-1.6046365058302878,0.7195935002163052
1788861390409244400,29.024244384765623,1.0453092631548642,-1.9774860681265591,0.056438803319633
1788861390419250700,29.034250732421874,0.7115694759756326,-1.9744021306365727,-0.7467541866034269
1788861390429256700,29.044256591796874,0.06473989093601704,-1.3809183513373136,-1.0469222513094545
1788861390439263500,29.054263427734377,-0.5467898326635361,-0.37220775726139543,-0.5119631416931748
1788861390449269500,29.06426953125,-1.1386866350322962,0.2450315761566162,0.5394844780862331
1788861390459275800,29.07427587890625,-1.4889438417702912,0.054148354294896124,1.6708935233309865
1788861390469281800,29.08428173828125,-1.4980004239290952,-0.6202116272270679,2.2746982056364415
1788861390479287600,29.09428759765625,-1.433715875545144,-1.2885405118912459,2.143305575880408
1788861390489294600,29.104294677734377,-1.601635570448637,-1.7808014665096996,1.5524354862108827
1788861390499300600,29.114300537109376,-2.21932030954659,-2.283130810678005,1.0066288193657993
1788861390509306600,29.124306640625,-2.807328287783265,-2.7422476205855606,0.7204039398163556
1788861390519312600,29.134312744140626,-3.1458716758519407,-3.1597593314290044,0.7927583974093199
1788861390529318700,29.144318603515625,-3.3553292498022316,-3.3183909735053776,0.940432884402573
1788861390539325700,29.15432568359375,-3.3461399811744688,-3.1761510787814853,1.135892912660539
1788861390549331700,29.164331787109376,-3.3626983172655103,-2.8433278219252824,1.5317717606276273
1788861390559337700,29.174337646484375,-3.3655092830330133,-2.353949144744873,2.017534000876546
1788861390569343500,29.184343505859374,-3.0496599573314187,-1.761350916108489,2.173171721833944
1788861390579350800,29.194350830078125,-2.048328367590904,-1.1201292340785265,1.878838646891713
1788861390589356500,29.2043564453125,-1.1784814698040484,-0.5619780494451523,1.5374688032254575
1788861390599362600,29.214362548828124,-0.7672732430189847,-0.08914777148365974,1.2673849111378193
1788861390609368600,29.22436865234375,-0.573259906437993,0.17136778953075407,0.9239531665056944
1788861390619374800,29.234374755859374,-0.5588830060392618,0.19646248329877852,0.5906988247558475
1788861390629381600,29.244381591796873,-0.7265741528838873,0.10767477729916572,0.3882113820791244
1788861390639387400,29.254387451171876,-1.1566501617461442,-0.09778174431622028,0.5660004368290305
1788861390649393400,29.264393310546875,-1.8674439771741627,-0.5510410603672266,0.9971236166566609
1788861390659399400,29.2743994140625,-2.4700796157002447,-1.072059322914481,1.284642043147981
1788861390669406500,29.284406494140626,-2.767827467522025,-1.369992468175292,1.3164420797735452
1788861390679412500,29.29441259765625,-2.7530051614433524,-1.405373578158021,1.1608569657862187
1788861390689418200,29.304418212890624,-2.3643068726301193,-1.327979372832179,0.8529153444692492
1788861390699424500,29.314424560546875,-1.6857307347178458,-1.294300975114107,0.431226640202105
1788861390709430500,29.324430419921875,-0.8522282389879227,-1.3344874395519495,-0.09726444244384765
1788861390719437300,29.334437255859374,-0.006519757157564162,-1.3894798434555529,-0.6332154857069253
1788861390729443300,29.344443359375,0.8290881864190102,-1.3486726167708634,-0.8233677629455923
1788861390739449600,29.35444970703125,1.387752581271529,-1.0761164893507957,-0.5385369681030512
1788861390749455400,29.364455322265623,1.2626824325352906,-0.7418558931678533,0.15694558868557215
1788861390759461400,29.37446142578125,0.7821756285965442,-0.5869394722223281,0.8661968508467077
1788861390769468400,29.384468505859374,0.4710398874133825,-0.5601327138394117,1.3945306971043347
1788861390779474400,29.394474365234377,0.2392103226572275,-0.5164473013699055,1.7770555579796432
1788861390789480400,29.40448046875,-0.36156244460642334,-0.5384153875499963,1.9446087576583027
1788861390799486500,29.414486572265623,-1.157771274730563,-0.7308885089516639,1.964972038990259
1788861390809493200,29.4244931640625,-1.657885865458846,-0.92392394041121,2.048450240404904
1788861390819499500,29.43449951171875,-1.4495359604895115,-0.9349310721158981,2.084026580698788
1788861390829505500,29.444505615234377,-0.643380321368575,-0.7813461920350789,1.976210933624208
1788861390839511300,29.45451123046875,0.31620646857619283,-0.5858826566457748,1.8144632053539156
1788861390849517300,29.464517333984375,1.0276900198340415,-0.43219548523426055,1.5706161628067492
1788861390859524600,29.474524658203126,1.004938089799881,-0.424206824567914,1.1037114755019546
1788861390869530400,29.4845302734375,0.3715694593578577,-0.5895762504667044,0.3571671322569251
1788861390879536400,29.494536376953125,0.15252455737292767,-0.8416922319263219,-0.4863061378672719
1788861390889542400,29.50454248046875,0.49147243458926676,-0.9562363104730844,-1.1055655789360403
1788861390899548400,29.51454833984375,0.4687012153327465,-0.8827993183404207,-1.2151231012418866
1788861390909555500,29.524555419921874,-0.0472433972120285,-0.8751268840163946,-0.7746472789183259
1788861390919561500,29.5345615234375,-0.4633247829914093,-1.0379600694358349,-0.04506020795404911
1788861390929567200,29.544567138671876,0.08729483709335327,-1.2506465423047541,0.555540417613089
1788861390939573200,29.5545732421875,0.7491875512301921,-1.2315385217308998,0.6866200358971953
1788861390949580500,29.56458056640625,0.8890794215232133,-0.9765803025826811,0.7043804412543774
1788861390959586300,29.57458642578125,0.6280693549901246,-0.549111845870316,0.6855304870948195
1788861390969592300,29.58459228515625,0.9060182813644408,0.03724748837649822,0.505205776387453
1788861390979598300,29.594598388671876,0.7182470540434122,0.6168205234840511,0.6305059344872832
1788861390989604400,29.604604248046876,0.68313307056427,0.9765309104830026,0.7761597293078899
1788861390999611400,29.614611328125,1.2293641003012656,0.9440037286266684,0.7963111214548348
1788861391009617400,29.624617431640626,1.4905553686201571,0.5737976665765047,0.7993857065945863
1788861391019623200,29.634623046875,1.7664894480407236,0.05316577299833297,0.6326210269451141
1788861391029629400,29.64462939453125,1.8874726197242735,-0.2701525734096765,0.36114392693340774
1788861391039635500,29.654635498046876,1.5954431455492972,-0.36218145328760143,0.22712445580512283
1788861391049642200,29.664642333984375,1.2132371413648129,-0.45621436646431685,-0.0323097397133708
1788861391059648300,29.674648193359374,1.1847159802794456,-0.5543123371228575,-0.5155094359979033
1788861391069654500,29.684654541015625,1.4722428823381661,-0.5677259454473853,-1.042828406124562
1788861391079660300,29.694660400390624,1.4291700488090515,-0.49263300280123945,-1.547121305450797
1788861391089667300,29.704667236328124,1.2249497909903526,-0.2604943720959127,-1.755507012385875
1788861391099673600,29.714673583984375,1.0992191325187683,-0.2165333575554192,-1.5684301970697938
1788861391109679400,29.724679443359374,0.9997715008169412,-0.41695466148257254,-1.3036032025970519
1788861391119685400,29.734685302734373,1.343259359550476,-0.3452151209175586,-1.1284702153138815
1788861391129691400,29.74469140625,1.9541408483743667,-0.13518442325443028,-0.9876597688712179
1788861391139698400,29.754698486328124,2.7677672617673874,-0.11435995415151119,-1.0253149612657726
1788861391149704400,29.764704345703127,3.536539803433418,0.14170841819569469,-1.2611270197868347
1788861391159710500,29.77471044921875,3.3243986894875763,0.842742033240199,-1.3980362210072577
1788861391169716500,29.784716552734373,2.4561691637694834,1.5449762562461196,-1.4597062029786407
1788861391179722200,29.79472216796875,1.9753508096635342,1.5583812428727746,-1.252099663722515
1788861391189729500,29.8047294921875,1.6160621552079915,0.8793126452684402,-0.7279346275821328
1788861391199735300,29.8147353515625,1.7845055817246436,0.7327412972114979,-0.6088622579559684
1788861391209741300,29.8247412109375,2.7808886091470715,0.6381454894550145,-0.3715034083843231
1788861391219747300,29.834747314453125,3.3394887065917254,0.5556419782914221,-0.7949234664887189
1788861391229753600,29.844753662109376,3.225244487774372,1.2348970383785665,-2.105705620804429
1788861391239760400,29.854760498046875,3.1184570147037505,1.7183675144284962,-2.9395301880955693
1788861391249766400,29.864766357421875,2.6312702946096658,1.6374144475772976,-2.732723713175952
1788861391259772400,29.8747724609375,2.1151041482686996,1.5776245802640914,-2.1681430800169705
1788861391269778400,29.8847783203125,2.287407757344842,1.5481155771851538,-1.6807886021405458
1788861391279784400,29.894784423828124,2.607216634327173,1.4016194863215088,-0.9879171046331524
1788861391289791200,29.904791259765624,2.918130257192254,1.2053545714214444,-0.4934682845816016
1788861391299797200,29.91479736328125,2.813397378563881,1.0882584703043103,-0.6720128338739275
1788861391309803500,29.924803466796874,2.67958512044549,1.0982429809629917,-1.115100300000608
1788861391319809500,29.9348095703125,2.235319258189201,1.167241698387265,-1.3732161063969135
1788861391329816300,29.94481640625,1.6059803216546773,1.1330912992432713,-1.2956211178019643
1788861391339822300,29.954822265625,1.5621388418406248,0.9740364633187651,-1.1134116162613032
1788861391349828600,29.96482861328125,1.6375100169062613,0.6565887625098228,-0.9480398522749542
1788861391359834400,29.97483447265625,1.2058873631238938,0.28113486293405293,-0.7310366852506994
1788861391369840400,29.98484033203125,0.6534264990866184,-0.10344546916633844,-0.5014622059449553
1788861391379847200,29.99484716796875,0.4320762427687645,-0.5053030992820858,-0.34325872615277764
1788861391389853400,30.004853515625,0.35159225473403927,-0.8935212033629417,-0.1633870199099183
1788861391399859500,30.014859375,0.43412908364534375,-1.3210580491364001,-0.011887421670556068
1788861391409865500,30.024865478515625,0.5584393539249897,-1.659773286640644,0.030789690539240834
1788861391419871200,30.034871337890625,0.5209697472304106,-1.617217754983902,-0.03945464303195476
1788861391429878500,30.04487841796875,0.3701169224619865,-1.2528776623576878,-0.13156652501821517
1788861391439884500,30.054884521484375,0.1779150192171335,-0.7675462147414683,-0.08110036636739969
1788861391449890300,30.064890380859374,-0.06432955656945705,-0.314988324958086,0.21753215933442113
1788861391459896300,30.074896240234374,-0.11892682367563247,-0.148366853171587,0.6511182221442461
1788861391469903400,30.0849033203125,0.05589724378883838,-0.30740123082995413,0.9537246199131011
1788861391479909400,30.094909423828124,0.01011748938858509,-0.6693313397049904,0.9206301595628261
1788861391489915400,30.104915283203123,-0.33548926119506356,-1.1378431699454783,0.6393713779881596
1788861391499921400,30.11492138671875,-0.8507213415563106,-1.5653940442442893,0.3300879866734147
1788861391509927400,30.124927490234374,-1.6294477064818143,-1.7871429444909095,0.07511398543417454
1788861391519934500,30.1349345703125,-2.328364621633291,-1.934205144804716,-0.018234160348773003
1788861391529940500,30.1449404296875,-2.84225054808259,-2.140405178263783,0.19046733453720807
1788861391539946200,30.1549462890625,-3.219462397241592,-2.4883722282379863,0.8483718558207154
1788861391549952500,30.164952392578126,-3.395886885640025,-2.833414330676198,1.7514245653778313
1788861391559958500,30.17495849609375,-3.5423709938049313,-3.007883593353629,2.4561302930638194
1788861391569965300,30.18496533203125,-3.756235862803459,-2.887478513818979,2.72536165997535
1788861391579971300,30.194971435546876,-3.9535596391066905,-2.6082640975534916,2.800513054810464
1788861391589977600,30.2049775390625,-3.9360648989483713,-2.2615654600799084,2.740273105642199
1788861391599983400,30.2149833984375,-3.4343633312895894,-1.9869085609883068,2.4906591701313854
1788861391609989400,30.2249892578125,-2.7709771637246012,-1.7490052292764187,1.8814546746090053
1788861391619996400,30.234996337890625,-2.214605555984378,-1.5040654230564832,1.1661579948037861
1788861391630002400,30.24500244140625,-1.652424969704449,-1.2369061862438917,0.7464005508601665
1788861391640008200,30.25500830078125,-1.1931699203699826,-0.9048726184606551,0.7991571585357189
1788861391650014200,30.26501416015625,-0.9779127202302217,-0.6619909138143062,1.1048299581378698
1788861391660021200,30.275021240234373,-1.11018184055984,-0.6212509071469307,1.213971300858259
1788861391670027300,30.28502734375,-1.1089204423218966,-0.6737947488546371,0.9855281636700034
1788861391680033300,30.295033203125,-0.9415718253046274,-0.6440414156258106,0.5070531578198075
1788861391690039000,30.3050390625,-0.6819371387779712,-0.566491727477312,0.04208820640593767
1788861391700045300,30.31504541015625,-0.5864163251310587,-0.49728199765086173,-0.2749006447196007
1788861391710052400,30.32505224609375,-0.694306206485629,-0.3778285197526216,-0.43034664249718185
1788861391720058000,30.33505810546875,-0.8830290354430675,-0.19286592011153697,-0.41997108669430017
1788861391730064100,30.345064208984375,-1.0970160695165394,-0.07312778005301952,-0.2642991712063551
1788861391740070400,30.3550703125,-1.2140882052361965,-0.24869711292684077,0.12880115195810793
1788861391750076400,30.365076416015626,-1.10831721573174,-0.6916974852919578,0.6865960704997182
1788861391760083200,30.375083251953125,-1.051309380352497,-1.171636133953929,1.0230664516866206
1788861391770089500,30.38508935546875,-0.8514753747940063,-1.5091916800290346,1.1384773761957883
1788861391780095200,30.39509521484375,-0.11402911476194857,-1.6463029796928166,1.1153411230191588
1788861391790101200,30.405101318359375,0.43076632921397684,-1.5395628528952598,0.9202730166882276
1788861391800107300,30.415107177734374,0.3852589620143175,-1.3439321442455052,0.6642047904714942
1788861391810114300,30.4251142578125,0.1261801558047533,-1.1497224083095787,0.5603495714604855
1788861391820120300,30.435120361328124,-0.05316694204211235,-1.0668448031365871,0.6591428309068084
1788861391830126300,30.445126220703123,-0.22994974235892293,-1.1428273880988358,0.8402464170321822
1788861391840132400,30.45513232421875,-0.6865127761304378,-1.390167825719714,1.0011553563907742
1788861391850138000,30.46513818359375,-0.7886223205178976,-1.553279243558645,1.053116429774463
1788861391860145400,30.4751455078125,-0.3905558993786573,-1.3851052816331386,0.9452703875616192
1788861391870151200,30.485151123046876,-0.055279404151439664,-0.8413222295701503,0.6808122264012694
1788861391880157200,30.4951572265625,-0.2635492296218872,-0.21820202142000197,0.4572928093507886
1788861391890163200,30.5051630859375,-0.2649421452850103,0.014378069442510605,0.4830488896369934
1788861391900170200,30.515170166015626,0.005942834052443504,-0.05625204857587814,0.5397057196214795
1788861391910176300,30.52517626953125,0.15933073025643824,-0.16072072331011295,0.4140153931602835
1788861391920182300,30.535182373046876,0.32460429456532,-0.31151860302090645,0.3303337781280279
1788861391930188300,30.545188232421875,0.46577451423108573,-0.5309598108470439,0.17989654842317104
1788861391940194300,30.5551943359375,0.7408540226489305,-0.856257932895422,-0.11805033310204743
1788861391950201300,30.565201416015626,1.0054144751399754,-1.1009463947027922,-0.3859855227231979
1788861391960207000,30.57520703125,0.902137056016922,-1.0980854523137211,-0.3076034754037857
1788861391970213000,30.585213134765624,0.22968027776777744,-0.9868021291285752,0.1796492956638336
1788861391980219400,30.595219482421875,-0.21597616206407547,-0.8614943722441792,0.6366854999050497
1788861391990225400,30.605225341796874,-0.21900573901832102,-0.6619333384081721,0.8031161252945661
1788861392000232200,30.615232177734374,-0.001554243704676628,-0.5364043399885297,0.8962965132951736
1788861392010238200,30.62523828125,0.8048217601686716,-0.45831455361396073,0.8853820283100008
1788861392020244500,30.635244384765624,1.5629799688398838,-0.32945115007460113,0.5661752088740468
1788861392030250200,30.645250244140627,1.974849289882183,-0.241107972972095,0.21301877356320617
1788861392040256300,30.65525634765625,2.1229355725467203,-0.08986088818907738,-0.13038842114955185
1788861392050263000,30.665262939453125,1.7852186984300613,0.18254998554140328,-0.3546396596059203
1788861392060269300,30.675269287109376,1.4661007263213395,0.29015812734514473,-0.5377461099863052
1788861392070275300,30.685275390625,1.8305454483658075,0.1354249540120363,-0.7584463779628277
1788861392080281300,30.69528125,2.055413941937685,-0.16418839942067862,-0.952143488201499
1788861392090287000,30.705287109375,1.7747908279180526,-0.40975627441108226,-1.1462167382761836
1788861392100294400,30.71529443359375,1.212611702942848,-0.40813057290539145,-1.3338041334629058
1788861392110300400,30.725300537109376,1.001692824268341,-0.10285349462255836,-1.5011571343943475
1788861392120306200,30.73530615234375,0.8793062155276536,0.2669372646249831,-1.5605889820501206
1788861392130312200,30.745312255859375,1.0975813021838665,0.47370954501405355,-1.3952483438543974
1788861392140318200,30.755318115234374,2.033566851788759,0.5452415803082287,-1.2112851305142045
1788861392150325200,30.7653251953125,2.8689971007108688,0.46606633678451176,-1.1385896043986081
1788861392160331300,30.775331298828124,3.1339310626894235,0.31610330046266316,-0.9511797577358782
1788861392170337300,30.785337158203124,2.702963657945394,0.12078048871830105,-0.7082081828489899
1788861392180343000,30.795343017578126,2.548501410508156,0.01291296532601118,-0.90483550132066
1788861392190349300,30.805349365234374,3.1175054130673407,0.33947745404839513,-1.5428322299547492
1788861392200356400,30.8153564453125,3.316830884581804,0.8086085852310061,-2.0769202558249233
1788861392210362000,30.825362060546876,2.895742484295368,0.939460386108607,-2.15795164860934
1788861392220368400,30.835368408203124,2.602090377354622,1.0094555672243237,-1.858398500931263
1788861392230374400,30.84537451171875,2.5274574534356593,1.3003630516320466,-1.8435066367477178
1788861392240380200,30.855380126953126,2.607306650698185,1.7069161460876463,-1.9482514980748296
1788861392250387200,30.86538720703125,2.5180817223250864,1.9804718059390782,-1.8692241385892032
1788861392260393500,30.8753935546875,2.162765478631854,1.9949301010109484,-1.1825991342559456
1788861392270399200,30.885399169921875,1.8585341100096702,1.6972326642021536,-0.35435032127052546
1788861392280405200,30.8954052734375,2.068045459973812,1.3631620376333593,-0.032042028687894346
1788861392290411300,30.905411376953126,2.452505380564928,1.1737673007637262,-0.20837533167153596
1788861392300418300,30.915418212890625,2.8436761969715354,1.1655945157021284,-0.710440471945703
1788861392310424300,30.92542431640625,3.1677509147047993,1.2239148949846625,-1.3549983126610516
1788861392320430300,30.935430419921875,2.8189854078292846,1.1264888322383164,-1.8899059843510388
1788861392330436400,30.945436279296874,2.1155086374163625,0.9393062184602021,-2.1051488637045024
1788861392340442000,30.955442138671874,1.4708698404192924,0.7221309097394347,-2.088064457912743
1788861392350449400,30.965449462890625,0.8607020528227091,0.517753707793355,-1.7727464626088738
1788861392360455200,30.975455078125,0.6363830098271369,0.18888240343332288,-1.140031619900465
1788861392370461200,30.985461181640623,1.0304875415980814,-0.18384119439572094,-0.5075938405677676
1788861392380467200,30.99546728515625,1.7318804914742707,-0.41854046936929223,-0.1458171686887741
1788861392390473500,31.005473388671874,2.382708790761232,-0.5663192935198545,-0.007522212198376655
1788861392400480300,31.015480224609377,2.7090356713354584,-0.7421151286259293,-0.024537644407153128
1788861392410486300,31.025486328125,2.6141011331439015,-0.8609434603631496,-0.1999748753339052
1788861392420492300,31.0354921875,2.2183996875703333,-0.8579413559377193,-0.47032004870623345
1788861392430498300,31.045498291015626,1.4477923316925763,-0.7436071207493543,-0.6321276904702187
1788861392440504300,31.05550439453125,0.7277654084950685,-0.6653916621685028,-0.40771833884269
1788861392450511000,31.065510986328125,0.316456059423089,-0.7620961326420307,0.09413520450741052
1788861392460517000,31.07551708984375,-0.06382803678810596,-0.9979875400096178,0.6518117573663592
1788861392470523400,31.0855234375,-0.2152075157791376,-1.3680816661179065,1.1052607507705687
1788861392480529400,31.095529296875,-0.22929040166735648,-1.8772189367353915,1.3767024872079492
1788861392490536200,31.1055361328125,-0.5249772293061018,-2.4254636443823574,1.3715566487520932
1788861392500542200,31.115542236328125,-1.0409744488209485,-2.9690514661341902,1.2461916087225078
1788861392510548500,31.125548583984376,-1.7127444138497112,-3.4114918665289875,1.1002201262548565
1788861392520554200,31.13555419921875,-2.6495968094170093,-3.608174714580178,0.8399988720118999
1788861392530560300,31.145560302734374,-3.4561224508941173,-3.547413664147258,0.6419932509243488
1788861392540567000,31.155567138671874,-3.6780461231857537,-3.28459274879992,0.7345116678848862
1788861392550573300,31.1655732421875,-3.4161031597167253,-2.8671529341489075,1.0661170733839274
1788861392560579300,31.175579345703124,-3.1887697373360395,-2.225733099198341,1.3442241129294037
1788861392570585300,31.18558544921875,-2.986383709207177,-1.3263392044097184,1.4310019404113292
1788861392580591000,31.195591064453126,-2.717710560700297,-0.35950258946716784,1.302676881532371
1788861392590598400,31.205598388671874,-2.49935071837008,0.20763795730769632,1.1969079378545284
1788861392600604400,31.2156044921875,-2.376063945919275,0.12867781783938406,1.2230047944024205
1788861392610610200,31.225610107421875,-2.107208426582813,-0.26785306429564953,1.2242118321046231
1788861392620616200,31.2356162109375,-1.4776368503361939,-0.7460691269487142,1.3293553373605012
1788861392630622500,31.24562255859375,-1.0348401838496326,-1.165153201675415,1.4882055906236171
1788861392640629200,31.255629150390625,-1.3645248504191636,-1.374837570118904,1.3530907254740594
1788861392650635800,31.2656357421875,-1.9146935118660329,-1.3812427609860896,0.8186042018055916
1788861392660641800,31.275641845703124,-1.9007266535729168,-1.5427023199647665,0.4045706884667277
1788861392670647600,31.2856474609375,-1.7811285065069793,-1.9634581272959708,0.38748657493591304
1788861392680653600,31.295653564453126,-2.046855956950784,-2.200319256478548,0.6434963489636778
1788861392690660600,31.30566064453125,-2.783033219960332,-1.9992793822616337,0.8221987191662192
1788861392700666600,31.31566650390625,-3.0719664816856382,-1.622159887561202,1.0831555942073463
1788861392710672600,31.325672607421875,-2.4212270297259093,-1.2781570650428533,1.4058347659289836
1788861392720678700,31.3356787109375,-1.4356225859493017,-0.9314163419932127,1.3964780317798255
1788861392730684700,31.3456845703125,-0.6936877823263407,-0.5917857432097197,1.0070865000054239
1788861392740691700,31.355691650390625,-0.25899346601366996,-0.4139467118382454,0.37605449581742284
1788861392750697700,31.36569775390625,-0.06859481279850006,-0.413447530144453,-0.10990881996154785
1788861392760703700,31.375703857421875,-0.13964578657746315,-0.49108840370774265,-0.35752661321908236
1788861392770709800,31.385709716796875,-0.10976619662046432,-0.6330412981837987,-0.5238046783953905
1788861392780715800,31.3957158203125,0.31288170806765553,-0.5935930848926305,-0.5412289836660027
1788861392790722600,31.40572265625,0.4817009821593761,-0.4550046984136104,-0.17180033572912215
1788861392800728800,31.415728759765624,0.0384206238090992,-0.4241933805644512,0.507106349311769
1788861392810734800,31.42573486328125,-0.9036825318932533,-0.5136322439491748,1.2961664767250418
1788861392820740600,31.43574072265625,-1.7982973757117986,-0.7463344998866319,1.788895048855245
1788861392830746600,31.44574658203125,-2.223102166172862,-1.1863234154760838,1.795306961724162
1788861392840754000,31.45575390625,-2.0033628521829843,-1.5032932696402073,1.396445590814948
1788861392850759700,31.465759765625,-1.1153104356199501,-1.2927180898368358,0.6985726317584514
1788861392860765700,31.475765625,-0.27722178114354606,-0.8357190027356147,-0.11659633490145206
1788861392870771700,31.485771728515626,0.40932022108137606,-0.7191998247236013,-0.7112804299011826
1788861392880777500,31.495777587890625,0.7326736388027667,-1.0056582207679747,-0.9166457661017775
1788861392890784800,31.50578466796875,0.7279840196818113,-1.194187572979927,-0.8251330190524458
1788861392900790800,31.515790771484376,0.14225567681491375,-1.2141443193376062,-0.3949702086895704
1788861392910796500,31.525796630859375,-0.8975555734455585,-1.2549147211432456,0.2415980945765972
1788861392920802600,31.535802490234374,-1.1347668312400578,-1.3731605768173931,0.8753045786708593
1788861392930808800,31.545808837890625,-1.0136422052592038,-1.5622399641275404,1.398528826829791
1788861392940815600,31.555815673828125,-0.8637935890972613,-1.7279489972442388,1.5953554672658443
1788861392950821600,31.565821533203124,-0.06707330231964588,-1.7788456562668085,1.272915072736144
1788861392960827600,31.57582763671875,1.3801841918438673,-1.5425164420038462,0.5757020388931036
1788861392970833700,31.585833740234374,2.1530887187480925,-0.9766191732883452,0.19493688116669652
1788861392980839700,31.595839599609373,1.959483378446102,-0.3298416106969118,0.2526715695157647
1788861392990846700,31.6058466796875,1.2802642664551733,0.04608984326273203,0.45403673016428947
1788861393000852500,31.6158525390625,0.6475795266240835,0.1569210387662053,0.39335897410064935
1788861393010858800,31.625858642578127,0.7063795061171054,0.158980601644516,0.11752777053266764
1788861393020864800,31.63586474609375,0.7440811680018902,0.09067892657369375,-0.11499065327048301
1788861393030870800,31.645870849609373,0.8919751429647207,-0.0629986002266407,-0.46617169685512777
1788861393040877600,31.655877685546876,1.781552577137947,-0.38845366640239953,-0.7822016398206353
1788861393050883800,31.6658837890625,2.0630910524368287,-0.5667229058846831,-0.7513619726598262
1788861393060889600,31.6758896484375,1.6083108104288577,-0.4449830706149339,-0.544410244050622
1788861393070895600,31.6858955078125,1.4959598580121993,-0.2825350851207971,-0.3776303668320179
1788861393080901600,31.695901611328125,1.6513608476042747,-0.17890490703731773,-0.3723027420684695
1788861393090907600,31.70590771484375,1.6717571544229983,-0.21310557506382463,-0.6102867378011345
1788861393100914700,31.715914794921876,1.4274959781169891,-0.2139011093556881,-1.0058896914362907
1788861393110920700,31.725920654296875,1.5329402198851108,-0.18611966072171926,-1.343001877658069
1788861393120926700,31.7359267578125,1.7352210340738294,-0.015155629686266183,-1.5013015113011001
1788861393130932500,31.745932373046877,1.5737994690179824,0.25519831151440736,-1.4361597615659236
1788861393140938800,31.755938720703124,1.362183840250969,0.4833307753182947,-1.33236942448467
1788861393150945500,31.765945556640624,1.4329273555159567,0.5234244469061493,-1.1855702590212225
1788861393160951600,31.77595166015625,1.8131085758745669,0.48210430226325984,-0.9677101829066872
1788861393170957800,31.785957763671874,2.6385610361397265,0.4758905423149466,-0.9322600993409752
1788861393180963800,31.7959638671875,3.460076741477847,0.7677620494492352,-1.0585644660472868
1788861393190969600,31.805969482421876,3.116330524069071,1.293266079108417,-1.008289446054399
1788861393200976600,31.8159765625,2.5149726503938434,1.5447024077408016,-0.8633885154277086
1788861393210983000,31.82598291015625,2.615150349935889,1.1453734193198382,-0.9649924483805894
1788861393220988700,31.83598876953125,2.513720019984245,0.6480193793460727,-1.509155147410929
1788861393230994700,31.84599462890625,2.1625755090177057,0.6609611323751509,-2.0941139672100544
1788861393241000700,31.856000732421876,1.8889421077549458,0.7111793076142668,-1.9694202505707739
1788861393251007700,31.8660078125,1.7994553135752678,0.5808792954005301,-1.4631822085261343
1788861393261013800,31.876013671875,2.183992975577712,0.531985646763444,-1.232317689409852
1788861393271019800,31.886019775390626,2.4982512326955795,0.48226621482670307,-1.123527936606109
1788861393281025500,31.896025634765625,2.3977386021107434,0.40402547567412256,-0.9626549453437327
1788861393291031600,31.906031494140624,2.563855631506443,0.4215283991388976,-0.8250023784101009
1788861393301038800,31.916038818359375,2.841636800098419,0.6204547883331776,-0.9907233942255377
1788861393311044600,31.926044677734374,2.976637391218543,0.9791343709796666,-1.3753873129561542
1788861393321050600,31.936050537109374,2.8952316121637818,1.3642147615566849,-1.6527575626596807
1788861393331056600,31.946056640625,2.523105103445053,1.7432894819781184,-1.7832722405374049
1788861393341063000,31.95606298828125,2.0462802028894425,2.0671227921709416,-1.7564263191878795
1788861393351069700,31.966069580078123,1.536086116695404,2.285976847758889,-1.477616392070055
1788861393361075700,31.97607568359375,1.1146528484940528,2.267064349757135,-0.9950558704718947
1788861393371081500,31.98608154296875,0.9573030629217624,1.8692559950321912,-0.5327297431290149
1788861393381087700,31.996087646484376,1.3060796757131814,1.1549486185252666,-0.288503345875442
1788861393391093800,32.00609375,2.047230050960183,0.33857407546788454,-0.21017244422137735
1788861393401100500,32.0161005859375,2.2812468966275454,-0.4375488289609551,-0.2052411252990365
1788861393411106600,32.0261064453125,1.8927187036842106,-1.0555921722382307,-0.2783504929125309
1788861393421112800,32.03611279296875,1.2312369084358215,-1.4310375962466,-0.25660364826768634
1788861393431118800,32.04611889648437,0.9314210181683301,-1.6145038198500872,0.011068798764050007
1788861393441124600,32.05612451171875,0.8733435077309608,-1.7097738736063242,0.3531707560971379
1788861393451130600,32.06613061523438,0.8275280974954367,-1.843703620624542,0.5448530193820595
1788861393461137700,32.0761376953125,0.960285878124833,-2.0670482656300067,0.5868550088092684
1788861393471143700,32.086143798828125,1.0748965921670197,-2.200811423909664,0.42602264181822536
1788861393481149700,32.096149658203124,0.7916951520919799,-2.151149859640002,0.1104296289652586
1788861393491155700,32.10615576171875,0.3268383372277021,-1.9358692786246536,-0.15180939484089612
1788861393501161500,32.11616137695312,-0.3566723344773054,-1.6487649858921765,-0.25563684906214473
1788861393511168800,32.12616870117188,-1.224808921214938,-1.3519395096123217,-0.16692483864724636
1788861393521174800,32.1361748046875,-1.8828946442842482,-1.141546116116643,0.2957362197384238
1788861393531180500,32.1461806640625,-2.328150102099776,-1.1272621546983719,0.9270154766857623
1788861393541186600,32.1561865234375,-2.486439798870683,-1.4192939669609068,1.330053256496787
1788861393551192800,32.16619287109375,-2.298310259631276,-1.9235002109169959,1.5263222630500792
1788861393561199600,32.17619970703125,-2.1513433363854886,-2.352001517808437,1.5415885135039686
1788861393571205600,32.18620556640625,-2.1175568021178246,-2.5422856047332285,1.484328456929326
1788861393581211600,32.19621166992187,-2.0626438931912183,-2.5002748474776744,1.3171288929939269
1788861393591217700,32.2062177734375,-2.0547522631585595,-2.251990991526842,1.0943103176891804
1788861393601223700,32.2162236328125,-2.3135610202550887,-1.8455641537994145,0.9920625338748097
1788861393611230700,32.226230712890626,-2.8594313999861476,-1.5890040524125097,1.28737614428699
1788861393621236700,32.23623681640625,-3.1673195375502106,-1.5772370422512292,1.6122002190828322
1788861393631242800,32.24624267578125,-2.4907103157967327,-1.6713783842384815,1.8279253289952873
1788861393641248800,32.256248779296875,-1.5957710623294115,-1.5702093355715274,1.9714859509289264
1788861393651254800,32.2662548828125,-1.3338760296553374,-1.0984855575472117,1.916642307846248
1788861393661261800,32.27626171875,-1.3600544270068406,-0.47363048842847344,1.6642559850126504
1788861393671268000,32.28626806640625,-1.1174831034839152,-0.16978724234104156,1.5782020878911018
1788861393681273900,32.29627392578125,-0.9904805253803729,-0.3430214102655649,1.5735399412989615
1788861393691280000,32.30627978515625,-1.3524100497335194,-0.6891904709070921,1.4731339859589934
1788861393701286000,32.31628588867188,-1.6739906125634907,-0.934979587432742,1.2976578843265771
1788861393711293000,32.32629296875,-1.911237526193261,-1.0262146865844726,0.9433458492398261
1788861393721299000,32.336298828125,-1.935417443203926,-0.9534680148035287,0.6076818159997462
1788861393731305000,32.346304931640624,-1.9021335977613925,-0.8582996678560971,0.4934378894433379
1788861393741310700,32.35631079101562,-1.981669491291046,-0.9135977767080068,0.5058516730755567
1788861393751316700,32.36631665039062,-2.010836549064517,-0.9855465761095284,0.5380591214582324
1788861393761323000,32.376322998046874,-1.8422037374556064,-1.048901734688878,0.44061698435991997
1788861393771329800,32.38632983398438,-1.3209049044013021,-1.0834779580295086,0.22999182793498038
1788861393781335800,32.396335693359376,-0.45227147405743595,-1.0152432107150553,-0.020471417881548402
1788861393791341800,32.406341796875,0.35528818664252754,-0.979154244723916,-0.1101508120238781
1788861393801348000,32.41634814453125,0.9856927065819502,-1.0768623392820358,0.009393851289153099
1788861393811353900,32.426353759765625,1.3817898734748362,-1.1459271076798438,0.20463497609943151
1788861393821361000,32.43636083984375,1.3034709545195102,-1.1560936969071627,0.43307460615634913
1788861393831366700,32.44636669921875,0.9453197796612978,-1.1725333750545979,0.5765621628537774
1788861393841373000,32.456373046875,0.4918541273832321,-1.2407003178298472,0.5540852503687143
1788861393851379000,32.46637890625,0.07284837858974934,-1.3401385971814392,0.2057858997002244
1788861393861385000,32.47638500976562,-0.4122112663477659,-1.445776900216937,-0.2653171160772443
1788861393871392000,32.48639208984375,-0.7212111645460129,-1.479233179616928,-0.3709437286749482
1788861393881398000,32.49639794921875,-0.9202326846778393,-1.1268062276244162,0.08088233970254659
1788861393891404000,32.506404052734375,-1.2206839502394198,-0.4897147772669792,0.8825906440258026
1788861393901409800,32.516409912109374,-1.2034002224832772,0.0788274529993534,1.5946613475218414
1788861393911415800,32.52641577148437,-0.8404466157793998,0.29104338574707506,2.062500685328245
1788861393921422800,32.5364228515625,-0.6424544386953115,0.06438274806141853,2.048828426067531
1788861393931428900,32.54642895507813,-0.39081016640067096,-0.36175358326435086,1.5248434226691723
1788861393941435000,32.55643481445313,0.4304454266965389,-0.5971276887595653,0.49259296305179595
1788861393951441000,32.56644091796875,0.8539929105728864,-0.9073474841415882,-0.39215456674695015
1788861393961447000,32.57644702148438,0.753165807211399,-1.2809189309716225,-0.8331134964123368
1788861393971453000,32.586452880859376,0.5613134480565786,-1.599953316450119,-1.009490638537705
1788861393981460000,32.5964599609375,0.06666238343119621,-1.8714058665424584,-0.6555182106688618
1788861393991465700,32.6064658203125,-0.44554713423848147,-2.0840315491348504,0.17956541677266358
1788861394001472000,32.61647192382812,-0.48167292510867116,-2.2825573947042224,1.049483333969116
1788861394011478000,32.62647802734375,0.2232639809846878,-2.2985186416849492,1.4578873169884086
1788861394021483800,32.63648388671875,1.4061632672309874,-1.9864339292138813,1.2864412015244364
1788861394031490800,32.64649072265625,2.324666351637244,-1.4244725386425852,0.7993129336193203
1788861394041497000,32.6564970703125,2.2569266943633557,-0.8135764367714524,0.3144029262855649
1788861394051502800,32.6665029296875,1.9805659139633178,-0.2855392353728413,-0.010055237807333469
1788861394061508900,32.6765087890625,1.5913000543951987,0.14092851986438035,-0.14882511833310128
1788861394071515000,32.686514892578124,1.304855102354288,0.314572437633574,-0.1251715632840991
1788861394081522000,32.69652197265625,1.3451158010721207,0.297121536616981,-0.28848405665308235
1788861394091528000,32.70652783203125,1.4458207393586635,0.25061317568123337,-0.620677783434093
1788861394101534000,32.71653393554688,1.6412538796097038,0.2561266784057021,-0.9092980336874723
1788861394111540000,32.7265400390625,1.9475749139875171,0.2534770406797528,-1.1711895592302084
1788861394121545700,32.736545654296876,1.9131997661769389,0.15553250701725482,-1.3170397534057496
1788861394131552000,32.74655200195313,1.6332698951184748,0.020379355683922767,-1.2941557214245198
1788861394141558800,32.75655883789062,1.4510487031400203,-0.04254471800178289,-1.1266396388858555
1788861394151564800,32.76656469726562,1.5104133307784795,0.12557839051932096,-0.9547209374740719
1788861394161570800,32.77657080078125,1.7683096492052077,0.35913521745949983,-0.8509085346914828
1788861394171577000,32.7865771484375,1.8069044605374336,0.4570740520335734,-0.8331023904964328
1788861394181582800,32.79658276367188,1.7806822240442037,0.4176727466240525,-0.8759275328747927
1788861394191590000,32.80658984375,2.0410896485090255,0.3633408524557948,-0.9660862349666655
1788861394201596000,32.816595947265625,2.273078203219175,0.3830924316301942,-1.0743323824129998
1788861394211602000,32.826601806640625,1.359790807634592,0.3386237598285079,-0.82560998891443
1788861394221608000,32.83660791015625,1.1792150447756051,0.3262988235235214,-0.5642820886038243
1788861394231614000,32.846614013671875,2.6258634671300647,0.6483741841331124,-0.9783132638551294
1788861394241620700,32.85662084960938,3.5105262412548064,1.18776177771613,-1.40510922813341
1788861394251627000,32.866626953125,3.1752748804688453,1.6078976995833216,-1.4534426125392317
1788861394261633000,32.87663305664063,2.9037761531472204,1.2761783123157917,-1.2363278018340467
1788861394271638800,32.886638671875,2.9148639488726853,0.46826019356697796,-1.1064400236830114
1788861394281644800,32.89664477539063,2.5358488496839997,0.026904958060383795,-1.4408809448689222
1788861394291651000,32.90665112304688,1.8405401881575583,0.05809913774728775,-1.8861758579120038
1788861394301657900,32.91665795898437,1.1423919192910195,0.3689369188971817,-2.1400229009479284
1788861394311663900,32.92666381835937,0.9295844503909348,0.7838323097623884,-1.9577838810518382
1788861394321670000,32.936669921875,0.9217313988029956,1.0999538765341044,-1.3322475516706704
1788861394331676000,32.94667602539062,1.1928794129908085,1.3486965821683405,-0.49179158354103564
1788861394341682000,32.95668188476562,1.5690227561354637,1.3640367746412754,0.040459436160326004
1788861394351689000,32.96668896484375,2.0516659875810146,1.1563178610518574,0.16050123534053562
1788861394361694700,32.97669482421875,2.685563610333204,0.9408274366781115,-0.03267944980859756
1788861394371701000,32.986700927734375,3.232117296153307,0.7320306647241115,-0.29497751032561065
1788861394381707000,32.99670703125,3.4429122561872005,0.6886728767737745,-0.5665379047065973
1788861394391713000,33.006713134765626,3.4347336259067056,0.9093252139553427,-1.115950487089157
1788861394401719800,33.0167197265625,2.8795722707390783,1.1376751199021935,-1.732088873527944
1788861394411726000,33.02672607421875,2.1440040795385835,1.145233280196786,-2.1225047799140215
1788861394421731800,33.03673193359375,1.4419167176574468,1.0312386522263288,-2.1080095138326285
1788861394431737900,33.04673779296875,0.5558750563949346,0.9560781973019242,-1.5578995968356728
1788861394441744000,33.05674389648438,-0.07968670017719268,0.7901882546603679,-0.5637909440860152
1788861394451750000,33.06675,0.060552376118302345,0.5753942881181836,0.4262053049087524
1788861394461757000,33.0767568359375,0.5431178661525249,0.37605917199254035,1.0437947669386862
1788861394471763000,33.08676293945312,1.0573264486849308,0.10446107594966887,1.2947574867099523
1788861394481769000,33.09676904296875,1.66789346473217,-0.29894845978319645,1.176701016128063
1788861394491774700,33.10677465820312,1.890690997248888,-0.8107499811738729,0.7217728900820016
1788861394501781000,33.11678100585937,1.4695505745142698,-1.446366098281741,0.2820204135969281
1788861394511787800,33.126787841796876,0.5378869797617196,-2.181191362160444,-0.0495002362281084
1788861394521793800,33.136793701171875,-0.5570458537399768,-2.827626979446411,-0.161494630292058
1788861394531799800,33.1467998046875,-1.3743436491221188,-3.3009289665728807,-0.03519230941236019
1788861394541806000,33.15680615234375,-1.7043091784596442,-3.469536059218645,0.3488087614953518
1788861394551811800,33.166811767578125,-1.9266233113735913,-3.370276643565297,0.8720987683668732
1788861394561817900,33.17681787109375,-1.9702847584456205,-3.1534745520710943,1.2612263885080814
1788861394571825000,33.18682495117187,-2.005619691199064,-2.8121710516393184,1.1754103917956351
1788861394581831000,33.19683081054688,-2.120105317556858,-2.3432535632073876,0.6016717619299888
1788861394591837000,33.2068369140625,-2.2067168485611677,-1.771529780295491,-0.009379822763800621
1788861394601843000,33.21684301757813,-2.142300198230147,-1.1411211687028406,-0.26583003403544425
1788861394611848700,33.2268486328125,-2.0032856952935454,-0.4911655605971813,-0.05810644427090883
1788861394621856000,33.23685595703125,-1.9488439110100269,-0.0028150574207305907,0.533837412109971
1788861394631862000,33.246862060546874,-1.9770061756551265,-0.016480010157823563,1.1333487811356782
1788861394641867800,33.25686767578125,-2.2079624647080895,-0.29859540856182576,1.481704245905578
1788861394651873000,33.266873046875,-2.1945535325586794,-0.6242389830470084,1.6404504542723297
1788861394661879000,33.27687915039063,-2.082896992146969,-1.0024205540210007,1.5777341781184075
1788861394671886000,33.28688598632812,-1.5972832204580305,-1.1795219187676906,1.0337629100069403
1788861394681892000,33.29689208984375,-0.7974532772272824,-1.1212754815042019,0.3773497963249683
1788861394691898000,33.30689819335937,-0.046696869245171545,-1.0461936447739602,0.09659545714110135
1788861394701904100,33.31690405273437,0.26105565924048424,-0.9856436067432165,0.11766250282824038
1788861394711910100,33.32691015625,0.00719955611526966,-0.8234533954024315,0.27518413783609863
1788861394721916200,33.33691625976562,-0.5608464150667191,-0.50854982611835,0.529605765889585
1788861394731923200,33.346923095703126,-1.176982755678892,-0.300021641972661,0.8761915906384586
1788861394741929000,33.356928955078125,-1.6387158855646848,-0.404027375370264,1.1773293771594762
1788861394751935200,33.366935302734376,-1.72367614223063,-0.6821878986686468,1.25299485899657
1788861394761941200,33.376941162109375,-1.7337117985546588,-0.8539525785624981,1.0038970563143492
1788861394771947300,33.386947265625,-1.7363140900075436,-0.9349930314362048,0.6598273060396314
1788861394781954000,33.3969541015625,-1.7008301041722296,-0.9551765722870826,0.22743688275516033
1788861394791960300,33.40696020507813,-1.523325419321656,-0.904193988546729,-0.14188362863212822
1788861394801966000,33.41696606445313,-1.3694541235148905,-0.8974152881920338,-0.2715127558469772
1788861394811972000,33.42697216796875,-1.2713356945902108,-0.9682827220976352,-0.23520956258326767
1788861394821978000,33.43697802734375,-1.0342997933626175,-0.9673065705418586,-0.1542158714607358
1788861394831984000,33.44698413085938,-0.7277887893706559,-0.856809721559286,-0.07263678166568278
1788861394841991200,33.4569912109375,-0.5314765281975269,-0.6974976960033178,0.04031389020979404
1788861394851997200,33.4669970703125,-0.49374388665258884,-0.6826660375744104,0.17039631415009499
1788861394862003200,33.47700317382812,-0.5238806662410498,-0.8097142083853482,0.341792160731554
1788861394872009000,33.48700903320312,-0.5945867721050977,-0.9948428122431039,0.4985632696330547
1788861394882015200,33.49701513671875,-0.9481851059645414,-1.22404085945189,0.5923401622220873
1788861394892022000,33.50702197265625,-1.2548960164427756,-1.4145663539171218,0.49699733549058434
1788861394902028000,33.517028076171876,-1.2233482010126113,-1.4634306303292512,0.22330431299507617
1788861394912034000,33.527033935546875,-0.9663497082084417,-1.380807292178273,-0.12497370262444019
1788861394922040300,33.537040283203126,-0.6294277838617562,-1.1079653335541486,-0.44710137794315813
1788861394932046000,33.547046142578125,-0.33577158526778217,-0.7787310411006212,-0.5359522123068571
1788861394942052000,33.557052001953124,-0.2555354345142841,-0.6620657326161861,-0.16015227577239274
1788861394952059100,33.56705908203125,-0.07992401606440544,-0.8405997605144977,0.4193193447872996
1788861394962065200,33.57706518554688,0.3450467786133289,-1.214655775991082,0.8390551614210009
1788861394972071200,33.5870712890625,0.7080237661927938,-1.4784733011603355,0.8295236552268266
1788861394982077200,33.5970771484375,0.7410165197342634,-1.4807564436614513,0.37653117341846226
1788861394992083200,33.60708325195313,0.22030805378854273,-1.2716098353564738,-0.05497194563746452
1788861395002090200,33.61709033203125,-0.8319388996750116,-1.0206669893294573,-0.006039864686131477
1788861395012096300,33.62709619140625,-1.7598153771042824,-0.8786199868291616,0.6905152897700667
1788861395022102000,33.63710205078125,-1.7860779456079006,-0.8481699035078286,1.6973130359619855
1788861395032108000,33.64710791015625,-1.243006256684661,-1.0085089340239763,2.3314377454683184
1788861395042114300,33.6571142578125,-0.5530453859269618,-1.2866168503522872,2.2827926647648216
1788861395052120300,33.667120361328124,0.29995091482400893,-1.4743623587101697,1.6681649751499295
1788861395062127000,33.67712719726563,1.0393354494422673,-1.3766712152868508,0.8750500193879007
1788861395072133000,33.687133056640626,1.3298854987144468,-1.2366472430467605,0.22358780611157417
1788861395082139100,33.69713916015625,1.6901181560218332,-1.1470499742299318,-0.21542875731438396
1788861395092145200,33.707145263671876,1.7994529754877089,-0.9693903910785913,-0.6675538086384535
1788861395102151200,33.717151123046875,1.4594506207823752,-0.7428551333382726,-0.9694403677001595
1788861395112158000,33.72715795898438,1.1436784519702194,-0.4924754741519689,-1.0786284721717239
1788861395122164200,33.73716430664062,0.8835434147059917,-0.20645956117808817,-1.1838786526724696
1788861395132170200,33.74717016601563,0.7695628152608871,0.09754267486333847,-1.2282763050645589
1788861395142176300,33.75717626953125,0.8225082235068082,0.16068652877956627,-1.151648407936096
1788861395152182000,33.76718212890625,1.1127584130495787,0.02898907085806131,-1.134039101487398
1788861395162188000,33.77718798828125,1.7757465212076902,-0.0936050431534648,-1.126896243995428
1788861395172195000,33.787195068359374,1.9704045854330061,-0.17974632629752157,-0.8825570340171456
1788861395182201000,33.797201171875,1.795775163757801,-0.13886544985473157,-0.5840577793061733
1788861395192207000,33.80720703125,1.4456325233101843,-0.05297989503741264,-0.48373628737926483
1788861395202213000,33.81721313476562,1.5662854401260613,0.040030981615185736,-0.8180366310507059
1788861395212219100,33.82721923828125,1.9528116455972193,0.25960049199610946,-1.2652063980549573
1788861395222226200,33.83722607421875,2.0198095445930955,0.6354086118370295,-1.4313508999794722
1788861395232232200,33.84723217773438,1.9222844053864478,0.8803320514440536,-1.4556918527707456
1788861395242238000,33.857238037109376,1.929809540194273,0.6941282195702195,-1.3762395458713172
1788861395252244200,33.867244140625,2.023961988097429,0.17961714695990086,-1.2950816040977835
1788861395262250200,33.877250244140626,1.914865069040656,-0.2691787599414587,-1.225780981117487
1788861395272256300,33.88725634765625,1.7805869469761848,-0.4275295392498374,-1.1587643774211407
1788861395282263000,33.89726293945313,1.637408310097456,-0.236344704093039,-1.0044038367927073
1788861395292269300,33.90726928710937,1.6691092702627182,0.11304536442160605,-0.8651385739654303
1788861395302275000,33.91727514648438,1.8569810353487728,0.3594903145074844,-0.94196783888489
1788861395312281000,33.92728100585938,1.9751082330793142,0.549442831390351,-0.9993564902752637
1788861395322287000,33.937287109375,2.064164234626293,0.727480015682429,-1.0287228700131177
1788861395332293000,33.94729321289063,2.214317386692762,0.989392291752249,-1.1482844844609499
1788861395342300200,33.957300048828124,2.2738743220329285,1.180291149574518,-1.257032736210525
1788861395352306200,33.96730615234375,2.1676187638819218,1.1558569655418396,-1.2262687646344304
1788861395362312200,33.977312255859374,1.9912831228107213,1.0474591346651314,-1.144473986262083
1788861395372318000,33.98731787109375,1.8520745586067437,0.9400362863004207,-1.0294850865572691
1788861395382324200,33.99732421875,1.7389748336493969,0.8447975044652819,-0.93852705078125
1788861395392331000,34.0073310546875,1.670026969629526,0.8140098597526549,-0.7966980749458074
1788861395402337000,34.0173369140625,1.5955074429571627,0.8187196448788047,-0.6728516227856278
1788861395412343000,34.027343017578126,1.5608020402789116,0.8815671461969613,-0.5977507890939712
1788861395422349300,34.03734936523438,1.459481015920639,1.0187719693630932,-0.6646054802268743
1788861395432355000,34.04735498046875,1.3299462889909743,1.1520654643043875,-0.7398936531841754
1788861395442361000,34.057361083984375,1.350987907975912,1.1811162022218107,-0.7177838204458356
1788861395452368400,34.06736840820312,1.2392916200757027,1.1040174727112053,-0.5844470708847046
1788861395462374100,34.0773740234375,1.0240846888184547,0.8431500295192003,-0.4477870221197605
1788861395472380200,34.08738012695313,1.0184791238963604,0.40629327447563407,-0.3324976781636476
1788861395482386200,34.09738623046875,1.219495617237687,-0.02000233906507492,-0.3755658355176449
1788861395492392000,34.10739184570313,1.3068366315603255,-0.2891103718578815,-0.5475830288678407
1788861395502398200,34.11739819335938,1.2177590027034282,-0.37130759355127807,-0.7425082195967435
1788861395512405200,34.1274052734375,1.2775661134123801,-0.34098172113150355,-0.7697904865369201
1788861395522411000,34.13741088867187,1.4488672674477099,-0.3297670841559768,-0.6122787884011864
1788861395532417000,34.1474169921875,1.4447130703777074,-0.5419523295044899,-0.39973113948106764
1788861395542423300,34.15742333984375,1.3970809661090373,-0.8331026827573775,-0.2686158653616905
1788861395552429300,34.16742919921875,1.3172750234663486,-0.9983546197563409,-0.3064139733582735
1788861395562436000,34.17743603515625,1.1872288398832083,-0.8826140249013901,-0.4511600056841969
1788861395572442000,34.18744213867188,1.0047416904449462,-0.5658049142569304,-0.608987930162251
1788861395582448000,34.1974482421875,0.7417460030525922,-0.18901158277094363,-0.658527913878858
1788861395592454100,34.2074541015625,0.3232978881418705,-0.01588964304924011,-0.5377586772069335
1788861395602460200,34.217460205078126,-0.29060440980792046,-0.187457339066267,-0.13328940328806638
1788861395612466200,34.227466064453125,-0.9425316102474928,-0.6694763011336327,0.4010170876383781
1788861395622473200,34.23747314453125,-1.161822011426091,-1.2773971865862608,0.9177110572457313
1788861395632479200,34.24747924804687,-1.044054879179597,-1.9108844749718903,1.2870844678640365
1788861395642485200,34.2574853515625,-0.9428706329435109,-2.4644348878115414,1.4206132328659296
1788861395652491500,34.26749145507812,-0.904779679480195,-2.8061078060775992,1.3233946753904222
1788861395662497500,34.27749755859375,-0.8911860384136437,-2.9296827478200194,1.1080600261002778
1788861395672503600,34.28750366210937,-0.9307891500055789,-2.765628496173024,0.8510214935466647
1788861395682510600,34.297510498046876,-0.8539777130037546,-2.429408582615852,0.7476841609299183
1788861395692516600,34.3075166015625,-0.9336901321440935,-1.9960463916897773,0.8124789969235658
1788861395702522600,34.317522705078126,-1.178276887142658,-1.5544827741295097,0.9813222364127635
1788861395712528400,34.3275283203125,-1.1962947743922472,-1.1444476827770471,1.2850088306337595
1788861395722534400,34.337534423828124,-1.067059322670102,-0.822639156410098,1.5200605723068117
1788861395732541400,34.34754150390625,-1.0646411556124686,-0.6039192485958338,1.4746873528808355
1788861395742547500,34.35754736328125,-1.1961673486202955,-0.5222498501688242,1.1476336193367838
1788861395752553500,34.36755346679688,-1.2545493949621915,-0.563615879780054,0.6955474387183785
1788861395762559500,34.3775595703125,-1.424879658138752,-0.6987725382447242,0.23704408453404902
1788861395772565500,34.3875654296875,-1.6794889177188277,-0.9257868116736412,-0.2518979547947645
1788861395782571500,34.39757153320313,-1.6023159539282321,-1.1249386801868677,-0.7124559034213424
1788861395792578600,34.40757861328125,-1.2835375890374183,-1.1518132431089878,-1.0629968955367803
1788861395802584300,34.41758422851562,-0.8574071029305458,-1.0739099192172288,-1.2075991354778408
1788861395812590600,34.42759057617187,-0.4664870464146137,-0.9600561610221863,-1.3519251888260244
1788861395822596600,34.4375966796875,-0.17672727073729036,-0.849784352967143,-1.4308742223784328
1788861395832602600,34.4476025390625,0.09184767809212208,-0.8470020287722348,-1.3062182074010371
1788861395842608400,34.4576083984375,0.24105624278485774,-0.975103508028388,-0.9936410352379083
1788861395852615700,34.46761572265625,0.2782154683560133,-1.0922826112538575,-0.5856383264958858
1788861395862621400,34.477621337890625,0.1015279451072216,-1.1091735403001308,-0.15881459742784498
1788861395872627500,34.48762744140625,-0.05005962367653846,-0.9825386264652013,0.2999742956995964
1788861395882633500,34.497633544921875,-0.22546762850880622,-0.7713865235567092,0.6387777960091829
1788861395892639700,34.5076396484375,-0.44154462059885263,-0.6183586928367615,0.6686521252691745
1788861395902645500,34.5176455078125,-0.5025061620399356,-0.5923351937860251,0.4584709132194519
1788861395912652500,34.52765258789063,-0.3447422427088022,-0.6198772807061672,0.20848405274301765
1788861395922658600,34.53765844726563,-0.07260112583041191,-0.5617921714842319,-0.004288929365575313
1788861395932664600,34.54766455078125,0.22948446293473243,-0.6121943249881268,-0.11724164706766604
1788861395942670600,34.55767065429688,0.6238643045157194,-0.7600345239371061,-0.04452712399065494
1788861395952676600,34.56767651367188,0.7924275580197572,-0.893048909676075,0.15131255123466253
1788861395962683400,34.57768334960937,0.7082417928576469,-0.9085404933184384,0.17239157962054014
1788861395972689700,34.587689697265624,0.6165227095812559,-0.9049293170839547,-0.0253840321034193
1788861395982695700,34.59769580078125,0.5071504807144404,-0.8646049054801463,-0.3387947324812412
1788861395992701400,34.60770141601562,0.5407102204889058,-0.747099054518342,-0.5958168984219432
1788861396002707500,34.61770751953125,0.5938391686081886,-0.6142021576792002,-0.5796539913892745
1788861396012713500,34.62771337890625,0.5154588748544454,-0.6351432388991117,-0.5014750654265284
1788861396022720500,34.637720458984376,0.44437750593721864,-0.6527215656876564,-0.535450692525506
1788861396032726500,34.6477265625,0.27376959486305713,-0.7391349437713622,-0.5553805508762598
1788861396042732500,34.657732666015626,0.07657645920217036,-1.0056851087749004,-0.568278318633139
1788861396052738300,34.66773828125,0.17015666017532347,-1.197609948644042,-0.4852008069738745
1788861396062744600,34.67774462890625,0.6072293960571289,-1.1971984452337026,-0.5423907209217548
1788861396072750600,34.68775048828125,1.2623878335028886,-1.0601350763648747,-0.6266013282641768
1788861396082757400,34.69775732421875,1.676340390560031,-0.9739192666798829,-0.543555965308845
1788861396092763400,34.70776342773438,1.7095289589345455,-1.0001251365602015,-0.5103305720552802
1788861396102769700,34.71776977539062,1.6679285360455511,-1.0899328332573175,-0.4091396038174629
1788861396112775700,34.72777563476563,1.4965800357371568,-1.1098469095170498,-0.29661124900728464
1788861396122781400,34.73778149414063,1.2277829685896635,-1.0328279672443865,-0.33586510877013204
1788861396132788500,34.74778857421875,0.9346265362113714,-0.9037526745200156,-0.4947255911663174
1788861396142794500,34.75779443359375,0.6932306862086057,-0.8296277001231909,-0.6494026503980159
1788861396152800500,34.76780053710937,0.7537170113533734,-0.7490753230273723,-0.7934110160991549
1788861396162806500,34.777806640625,0.745006466153264,-0.5730167453318834,-0.9561299274891615
1788861396172812500,34.7878125,0.8550836284190416,-0.4023509665906429,-0.9434557393550872
1788861396182818300,34.797818359375,1.0111936430633068,-0.3765191907197237,-0.7640691862806678
1788861396192825600,34.80782568359375,0.9807353764355182,-0.4649895013332367,-0.4944409290060401
1788861396202831600,34.81783154296875,0.7806003421038389,-0.658845017004013,0.0014715338572859763
1788861396212837400,34.82783740234375,0.26642741540670395,-0.8932774577349424,0.49093175184130666
1788861396222843400,34.837843505859375,0.017884616258740424,-1.1341244416832923,0.5961193884998559
1788861396232849700,34.847849609375,0.381429174593091,-1.496445011180639,0.20445845048874614
1788861396242855400,34.85785546875,0.7420078688591718,-1.7171832730799912,-0.5145435135751962
1788861396252862500,34.86786254882813,0.9620815293699503,-1.7360580694198606,-1.2324848626703022
1788861396262868500,34.87786840820313,1.238455169251561,-1.5845248611718414,-1.6437810599997638
1788861396272874500,34.88787451171875,1.6148615472465753,-1.268573244139552,-1.6790858898758887
1788861396282880500,34.89788061523438,1.9766776743531227,-0.9127852912813424,-1.4117209013581276
1788861396292886500,34.90788647460938,2.206577732351422,-0.5656085149019956,-1.064538279759884
1788861396302892500,34.917892578125,2.4542355653584003,-0.23589316093325613,-0.8241729418486357
1788861396312899600,34.927899658203124,2.3790151969403026,-0.14874211622476577,-0.7575605350390077
1788861396322905600,34.93790551757812,1.603990609142184,-0.4820633857309818,-1.0113596472799777
1788861396332911600,34.94791162109375,0.9891969153106211,-1.0346265410989521,-1.4608689631476997
1788861396342917400,34.95791748046875,0.9701321493566035,-1.5449644196778536,-1.5742860834911465
1788861396352923600,34.96792358398437,0.8715905265837908,-1.8384861782371997,-1.4529858086824416
1788861396362929700,34.9779296875,0.9312111748099327,-1.777229453241825,-1.1238836181759833
1788861396372936400,34.9879365234375,1.0290765057563782,-1.2684995943814514,-0.8724825069874524
1788861396382942500,34.9979423828125,1.2766834853589535,-0.7039753675848245,-0.957514659845829
1788861396392948700,35.00794873046875,1.9016449374616144,-0.2924240264505148,-1.1471122258111834
1788861396402954500,35.01795458984375,2.3173808708041905,-0.20093232218921184,-1.2134078217566013
1788861396412960500,35.02796044921875,2.40138192704916,-0.4355120624363422,-1.3910598061233759
1788861396422966500,35.037966552734375,2.591250418910384,-0.6699889268308877,-1.6443772723272443
1788861396432973600,35.0479736328125,2.6580986803025004,-0.9015396746456622,-1.8599074441894887
1788861396442979600,35.0579794921875,2.638209738484025,-1.0572896238058804,-1.884750793544948
1788861396452985600,35.06798559570313,2.271784656277299,-1.0134569118201733,-1.629343953846395
1788861396462991400,35.07799145507813,1.8036691318780183,-1.1036930630624293,-1.2309005160883069
1788861396472997400,35.087997314453126,1.4954770429313182,-1.2540016979515551,-0.9857277778953313
1788861396483003600,35.09800366210938,1.3248790687292813,-1.2319979559361933,-1.0458454158581794
1788861396493010400,35.10801049804687,1.3798533524543046,-1.0595815341353416,-1.2385014926113187
1788861396503016400,35.11801635742187,1.5468512563377619,-0.9233698136597871,-1.293449765112251
1788861396513022500,35.1280224609375,1.7177829925388097,-0.9407435577869415,-1.137351587036252
1788861396523028700,35.13802880859375,1.6746721650868652,-0.9744558577746152,-1.2373385863117874
1788861396533034500,35.14803442382812,1.687981728515029,-0.8536340141326189,-1.4826903343334794
1788861396543041500,35.15804150390625,1.6822282795548438,-0.6920481984257698,-1.3788532355010508
1788861396553047300,35.16804736328125,1.3927578422129154,-0.8964496580302714,-0.8665835120767355
1788861396563053600,35.178053466796875,0.7843044573187827,-1.2637234660208225,-0.5399230156339705
1788861396573059600,35.1880595703125,0.5084738382726908,-1.5629723700553178,-0.6442375227198004
1788861396583065600,35.198065673828125,0.9267641322731971,-1.6696750874519348,-0.8914597407884896
1788861396593071400,35.2080712890625,1.5430489414453505,-1.678354652991891,-1.0469525003172457
1788861396603078700,35.21807861328125,1.7131138316839933,-1.648232486450672,-1.1981269582554697
1788861396613084700,35.22808471679687,1.5864613821923732,-1.5386293714374304,-1.2638703271456062
1788861396623090400,35.23809033203125,1.5379039797723293,-1.4615519769757985,-1.0547015070088208
1788861396633096400,35.24809643554688,1.5301526349931955,-1.4290800324380397,-0.6684899204447865
1788861396643102500,35.2581025390625,1.2899620691269635,-1.508900003606081,-0.2844527553103864
1788861396653108700,35.26810864257813,0.7838637278139591,-1.7221692447990178,-0.011592676507681608
1788861396663116000,35.278115966796875,0.4985276137977838,-1.9133400514304637,0.121532183868438
1788861396673122000,35.2881220703125,0.41230245176255703,-1.9161609540700912,0.10184753245040774
1788861396683127800,35.2981279296875,0.4499702113777399,-1.6834639588296412,0.0021294132441282273
1788861396693133800,35.3081337890625,0.5920528697133064,-1.3462310688376427,-0.18890023135095835
1788861396703139800,35.318139892578124,0.8035194453984499,-0.9528098431557417,-0.4473036225169897
1788861396713145900,35.32814575195312,0.9987848278671503,-0.6798351980626582,-0.7600599506393074
1788861396723153000,35.33815283203125,1.0100076481491327,-0.7107657583773136,-1.0421804636098444
1788861396733159000,35.34815893554688,0.9910971959739923,-0.9794763162851333,-1.1729983622178435
1788861396743164700,35.35816455078125,0.955160790196061,-1.3047890513807534,-1.1660014890678225
1788861396753171000,35.3681708984375,1.050537226936221,-1.507178586640954,-1.1030949510388075
1788861396763177000,35.37817700195313,1.177812776762247,-1.6158230857551097,-0.8637799989633261
1788861396773183000,35.388182861328126,1.2146510998159645,-1.6521932067751883,-0.5704486484095453
1788861396783190000,35.39818994140625,1.1190776791989803,-1.631503469967842,-0.4293260672777891
1788861396793196000,35.40819604492187,1.088609475699067,-1.5209411545336247,-0.47966626146137714
1788861396803201800,35.41820190429687,1.1605115133494137,-1.33129711907804,-0.7145068446017802
1788861396813207800,35.42820776367188,1.161848314911127,-1.0739771392345427,-0.9914430868022144
1788861396823213800,35.4382138671875,1.2850298734217882,-1.0425585031419993,-1.0156240267261862
1788861396833220000,35.44822021484375,1.3322592421084642,-1.1252116519093514,-0.9653386314697563
1788861396843227000,35.458226806640624,1.234611353304982,-1.103811136484146,-1.1765665760934352
1788861396853233000,35.46823291015625,1.1900041498154401,-0.9455325456291437,-1.4767418011926114
1788861396863239000,35.478239013671875,1.3079770337671042,-0.8367308101266622,-1.5260485606752334
1788861396873245000,35.488244873046874,1.4555986215293406,-0.913425927272439,-1.2761892721012233
1788861396883251000,35.4982509765625,1.2829273481845855,-1.0977987443268298,-1.067664741217345
1788861396893257000,35.508257080078124,1.1524667385816574,-1.3526006038695573,-0.816446950706467
1788861396903263700,35.518263671875,1.0879583183139563,-1.5209949305474757,-0.6164518363021314
1788861396913270000,35.52827001953125,1.153161150586605,-1.5685001935660838,-0.5964379529297351
1788861396923276000,35.53827612304688,1.2704220868766307,-1.4567477915644644,-0.5675032426074147
1788861396933281800,35.54828173828125,1.2398966002315281,-1.4623282220453022,-0.7420436708249152
1788861396943287800,35.558287841796876,1.3180571137547492,-1.5151912127047775,-1.114247482563555
1788861396953293800,35.5682939453125,1.3685592205017805,-1.6567279275953768,-1.205321545934677
1788861396963300900,35.57830078125,1.28676064273715,-1.8310744406759738,-1.1595396726425737
1788861396973307000,35.58830688476562,1.2664356475889682,-1.8928116426646708,-1.1820087671473622
1788861396983313000,35.59831298828125,1.3117010227262973,-1.8341227223306893,-1.3461768544323742
1788861396993319000,35.60831884765625,1.5471581303298472,-1.66871413346529,-1.5287985900357364
1788861397003325000,35.61832495117188,1.7450293113827704,-1.3476888664305209,-1.634142586299777
1788861397013331000,35.6283310546875,1.723908781942725,-1.0437141029179096,-1.6228607293069361
1788861397023337700,35.63833764648437,1.4669482830613851,-0.8852443734049796,-1.568747007934004
1788861397033343700,35.64834375,1.235243805989623,-0.8880342963844537,-1.4565797415211796
1788861397043350000,35.65835009765625,1.055632504248619,-1.0067278958261012,-1.3681716824889183
1788861397053356000,35.66835595703125,1.0503063407897948,-1.146001341959834,-1.3984066617548465
1788861397063361800,35.67836181640625,1.386572431576252,-1.1528782419919967,-1.3398252934485673
1788861397073367800,35.68836791992187,1.6989146259397268,-0.9371049090236425,-1.1982533611141144
1788861397083375000,35.698375,1.9386130243748425,-0.5770008465319871,-1.1049436476454138
1788861397093380900,35.708380859375,2.1689368607431647,-0.27390403489768506,-0.9997130486279725
1788861397103387000,35.71838696289063,2.2053332852482797,-0.1795364829391241,-0.9151689715474843
1788861397113393000,35.728392822265626,2.2282751848965883,-0.2523731710910797,-0.8302695051580667
1788861397123398700,35.738398681640625,2.353292142140865,-0.4469014714568853,-0.8080936214461922
1788861397133405000,35.748405029296876,2.3440397451490163,-0.8711854529142379,-0.7567131974946707
1788861397143412000,35.75841186523437,2.00581375246644,-1.4594798468768595,-0.6652255848865956
1788861397153417700,35.76841772460938,1.586487685677409,-1.9565940867453813,-0.651656420674175
1788861397163423700,35.778423828125,1.4193892440289257,-2.0790718809008597,-0.8365894288945943
1788861397173430000,35.78842993164063,1.4042249926447867,-1.9232938746899366,-1.1502990391537546
1788861397183436000,35.79843603515625,1.4168494964182377,-1.830494010439515,-1.3245666417792439
1788861397193441800,35.80844189453125,1.3180886779367922,-1.855451341563463,-1.5017860799476503
1788861397203449000,35.818448974609375,1.4410083706408738,-1.783266395318508,-1.7871442596651612
1788861397213454800,35.828454833984374,1.7914345042049884,-1.4831155740082262,-2.056238848454505
1788861397223460900,35.8384609375,2.0513713885486125,-1.0498702874600887,-2.249085040952265
1788861397233467000,35.848466796875,2.1591484571784734,-0.7249258011549711,-2.354038138202578
1788861397243473000,35.85847290039062,2.087031315472722,-0.7482038008898496,-2.2784793316103515
1788861397253479000,35.86847900390625,1.9111381574720143,-1.0559989994734524,-2.1093084676019846
1788861397263486000,35.87848583984375,1.789310936179757,-1.2324544675320386,-1.8662585667818783
1788861397273492000,35.88849194335938,1.8292729442119597,-1.1139005688220263,-1.5816227099895477
1788861397283497700,35.898497802734376,2.103677914369106,-0.7597714890867471,-1.4371002572864293
1788861397293504000,35.90850390625,2.411445640423894,-0.2539724229812622,-1.492456672196835
1788861397303510000,35.918510009765626,2.7199983793765306,0.03460895656645298,-1.593545202973485
1788861397313515800,35.928515869140625,2.8600299504011866,0.14371172084212303,-1.732527264945209
1788861397323522800,35.93852270507813,2.8679128126055002,0.06051672028303146,-1.8065552087083458
1788861397333529000,35.94852905273437,2.807904041844606,-0.1880547204375267,-1.6586369760870932
1788861397343534800,35.95853491210938,2.6156816803336143,-0.5932447098463773,-1.3719078002773224
1788861397353540900,35.96854077148438,2.324891977086663,-1.0469622910588978,-1.044277435889095
1788861397363547000,35.978546875,1.931965256923437,-1.2397107222706079,-0.9253528041705489
1788861397373553000,35.98855297851563,1.6586527581781148,-1.0389771375238894,-1.0503286256868392
1788861397383560000,35.998559814453124,1.539558761242032,-0.6946072352588176,-1.3897759037926791
1788861397393566000,36.00856591796875,1.4327543370366096,-0.46765725923776624,-1.8576257629930972
1788861397403572000,36.018572021484374,1.465594530364871,-0.33991233833432194,-2.2488266822770235
1788861397413577700,36.02857763671875,1.603437066912651,-0.3748334295898676,-2.5141002514734865
1788861397423584000,36.038583984375,1.78274032561779,-0.4272942691892385,-2.6938570991650224
1788861397433590000,36.048590087890624,2.0100451064258813,-0.4921674311161041,-2.7780975171238182
1788861397443595800,36.058595703125,2.1672025842964646,-0.49045653554499147,-2.7262627004683018
1788861397453602800,36.068602783203126,2.1586615504443643,-0.49924423763453957,-2.4942574868842957
1788861397463609000,36.07860913085938,1.9624568412989376,-0.7017623677104711,-2.1650845692291854
1788861397473614800,36.08861474609375,1.7487275813788175,-0.9541466447174548,-1.9140993453651665
1788861397483620900,36.098620849609375,1.6819328037396073,-1.1256295850604772,-1.797114303407073
1788861397493627000,36.108626953125,1.56153210811913,-1.2401871076107025,-1.7583878285191952
1788861397503633000,36.1186328125,1.4263064760714768,-1.2925579308390616,-1.7473149381019173
1788861397513640000,36.12863989257813,1.3725029896914958,-1.2327747855275868,-1.812528730159998
1788861397523646000,36.13864599609375,1.4814868037626145,-1.1055857449412345,-1.866206105942279
1788861397533651700,36.14865161132813,1.645962787953019,-0.9468681781470775,-1.8594009559720754
1788861397543657700,36.15865771484375,1.8540519961595534,-0.9040309069395065,-1.7707408218748866
1788861397553664000,36.1686640625,2.04462483689785,-0.8380845628231763,-1.6116595363348722
1788861397563670000,36.178669921875,2.111548209352791,-0.7866495591402053,-1.343003192832321
1788861397573676800,36.1886767578125,2.192379695650935,-0.7351999424099922,-1.0629222228653727
1788861397583682800,36.19868286132812,2.2649995261818168,-0.5817354738384485,-0.9681018856380135
1788861397593689000,36.208689208984374,2.2792548460274933,-0.33506723639070984,-1.054445121094957
1788861397603694800,36.21869482421875,2.408514847669005,-0.019482699105143546,-1.2993890920333564
1788861397613700900,36.22870092773437,2.5229531277537345,0.28569793306589125,-1.485627410698682
1788861397623707000,36.23870678710937,2.4348726932406426,0.5309925440728664,-1.554989554607868
1788861397633714000,36.2487138671875,2.092739756247401,0.6578963379770517,-1.6148367050662635
1788861397643720000,36.258719970703126,1.6254621439769863,0.5795049383074045,-1.633356550488621
1788861397653725400,36.26872534179687,1.1971239186927676,0.3547802371203899,-1.478095407758653
1788861397663731500,36.2787314453125,0.8148889806747436,0.16744798573851585,-1.1429800944425166
1788861397673737200,36.2887373046875,0.46726270696222777,0.13505144452452658,-0.6717085902303457
1788861397683743500,36.29874340820312,0.21557868717908857,0.24309330157041548,-0.11966607946930452
1788861397693750300,36.308750244140626,-0.04840922612100839,0.4276356299728155,0.32263069293741137
1788861397703756300,36.31875634765625,-0.054281040763854975,0.531996752679348,0.6895230638623238
1788861397713762300,36.32876220703125,-0.13122954814881085,0.6728244425177574,0.8534356420163065
1788861397723768600,36.3387685546875,-0.39196167452335356,0.8967389963656663,0.7564896909371018
1788861397733774300,36.3487744140625,-0.7211395606145262,1.0564841526418924,0.44194677165895696
1788861397743780400,36.3587802734375,-0.9277762319251894,1.0162111789643764,0.03357208779938519
1788861397753787400,36.36878735351563,-1.0246779785364866,0.7031143668413162,-0.24638806879948824
1788861397763793400,36.37879345703125,-1.2092618079930544,0.10049451040625572,-0.3573811768664047
1788861397773799400,36.38879931640625,-1.4982342326849698,-0.6264274330019951,-0.5220336501348763
1788861397783805400,36.39880541992188,-1.7178806076943873,-1.3367980545818805,-0.6170403037145733
1788861397793811200,36.40881127929688,-1.7571160550177096,-1.7651333572566508,-0.588983508737944
1788861397803817500,36.4188173828125,-1.7265522821888326,-1.6813041504472492,-0.5084900952877477
1788861397813823500,36.42882348632813,-1.5487582590028643,-1.1300012242734432,-0.5007562861653044
1788861397823830300,36.43883032226562,-1.2801575912103056,-0.3317793007612228,-0.5143020695021375
1788861397833836300,36.44883618164062,-0.3044587476372719,0.36647301300168034,-0.3293286927387118
1788861397843842600,36.458842529296874,0.7971805977657437,0.8878396505951881,0.25961254776008424
1788861397853848600,36.4688486328125,0.29031097981929777,1.3686539130479096,0.7632572853758931
1788861397863854300,36.47885424804687,-0.46302229291349645,1.5659107615947723,0.45233628292195494
1788861397873860400,36.4888603515625,-0.05340659601688385,1.0449094501823186,-0.1279738342884928
1788861397883867400,36.498867431640626,0.1759168311372399,0.20067980873286723,-0.8001243230674415
1788861397893873400,36.508873291015625,-0.5436103258445859,-0.47881169045865535,-1.047028853489086
1788861397903879400,36.51887939453125,-1.9275158762991427,-0.9018611616849899,-0.3304026421131566
1788861397913885400,36.528885498046876,-3.0499858282849193,-1.1798054118841885,1.3290189450129866
1788861397923891200,36.53889111328125,-2.8182769672989845,-1.4591542681843042,3.7396722660154103
1788861397933897500,36.5488974609375,-1.6311685389250516,-1.2902087373644113,5.606883603477478
1788861397943904500,36.55890454101562,-0.7085860762506723,-0.5890799913823604,6.003607962357997
1788861397953910300,36.56891015625,0.12286533216834068,0.038624037426710126,5.508370622277259
1788861397963916300,36.57891625976563,1.4522268070086837,0.3490565987765789,4.619300845365226
1788861397973922600,36.58892260742188,1.2850165755487977,0.5597831697493791,3.5600212167859073
1788861397983928300,36.59892822265625,0.049423663860559464,0.30868951707482334,2.606834064750373
1788861397993934300,36.60893432617188,-0.45465983049869535,-0.29541560948193074,1.4780132824331522
1788861398003941400,36.61894140625,-0.27405191893577574,-0.5308201101154089,0.24723624659404156
1788861398013947400,36.628947509765624,0.162262984316051,-0.5264005401074886,-0.604264189575985
1788861398023953400,36.63895336914062,0.6283712605461478,-0.44346156013607974,-1.216776421406865
1788861398033959400,36.64895947265625,0.8444844929933547,-0.30272505571246144,-1.7107526555106043
1788861398043965400,36.65896533203125,0.00232055190205574,-0.23134674967527388,-1.9099103692427277
1788861398053971200,36.66897119140625,-0.6141060038283467,-0.34823066934645175,-1.4404285249263047
1788861398063977500,36.6789775390625,-0.5360299537181854,-0.1794669248342514,-0.7191455372530967
1788861398073984500,36.688984619140626,0.22714023789614438,0.2987549830377102,0.2680562587175518
1788861398083990300,36.698990234375,1.3222285542204975,0.8514531629621982,1.1012761381138116
1788861398093996300,36.708996337890625,1.7774189844645558,0.9786042096257209,1.476653976778686
1788861398104002600,36.71900244140625,1.6293851626396179,0.6173942317187786,1.329221481847763
1788861398114008300,36.72900830078125,0.6220752291418612,0.033084523478150364,0.737036364056915
1788861398124014300,36.739014404296874,-0.5754889806643128,-0.5599228704810142,-0.038309710780531164
1788861398134021400,36.749021484375,-0.806539523871988,-0.8297387592822313,-0.6823241653341799
1788861398144027400,36.75902734375,-0.9567544891282915,-0.4759802664250135,-0.9888640300944447
1788861398154033400,36.76903344726563,-1.1220365290045737,-0.027501754909753796,-0.9024711833421141
1788861398164039400,36.77903930664063,-1.157092644816637,0.11720073053538799,-0.7449921453669667
1788861398174045400,36.78904541015625,-1.2153086869418621,-0.016559505134820938,-0.011199439406394958
1788861398184051200,36.79905126953125,-0.7774129442393779,-0.2971510549724102,1.2398308415189385
1788861398194058500,36.80905859375,0.2706453253626823,-0.25821722094416616,2.0417738313809037
1788861398204064300,36.81906420898437,1.03155370952487,0.18791677327156064,1.7103788537621498
1788861398214070300,36.8290703125,1.1463599461391567,0.6170476102381944,0.6472284481640905
1788861398224076500,36.83907666015625,0.46597500523924823,0.5970289045602083,-0.189064043610543
1788861398234082600,36.84908251953125,-0.12948796517848968,0.12265665785372257,-0.6209587923325598
1788861398244088300,36.85908837890625,-0.6225197580389679,-0.3658709554553032,-0.7455171190891414
1788861398254094300,36.86909423828125,-0.8326011629760265,-0.5563683928698301,-0.48921157698519524
1788861398264101600,36.8791015625,-0.4319672294363379,-0.43886078834235664,0.061515010605379936
1788861398274107400,36.889107421875,-0.15599837096333502,-0.10608721584677695,0.4913177554842084
1788861398284113400,36.899113525390625,0.05954729072898626,0.31867139738500116,0.5775901907272637
1788861398294119400,36.909119384765624,0.05413038024678826,0.6041542263954878,0.6871070156965404
1788861398304125200,36.91912524414062,0.060303954315185544,0.6211030231088399,0.8600975841235369
1788861398314131500,36.92913134765625,0.18604718000739812,0.529208583265543,0.7654440548304468
1788861398324138500,36.93913842773438,0.23687077379375696,0.5016267488569021,0.27633162737078965
1788861398334144300,36.94914428710938,-0.04535422246456146,0.4073597346633672,-0.14780147437378763
1788861398344150300,36.959150390625,-0.49820641901940105,0.028636896419525146,-0.3374158453434706
1788861398354156500,36.96915649414063,-0.8901254234448075,-0.7001233683317899,-0.6201601893007755
1788861398364162600,36.97916259765625,-1.3539634166553616,-1.654814202928543,-0.9516901914760469
1788861398374168300,36.989168212890625,-1.4360941489838064,-1.979457660460472,-1.1073441329158842
1788861398384175400,36.99917529296875,-0.48971916118115183,-0.7847159607291221,-1.3380495159476995
1788861398394181400,37.00918139648437,0.9808268541112541,0.20080022024214267,-1.414603471057117
1788861398404187400,37.0191875,1.6710944527305662,1.432638017180562,-1.530345234955847
1788861398414193400,37.029193359375,0.7009834922924637,1.004410266533494,-1.3337050570026039
1788861398424199400,37.03919946289062,0.3388322880126536,-0.5372533580332994,-1.0679800907768309
1788861398434205200,37.049205078125,-0.5222434204280376,-1.1583879453241825,-0.7665690402723848
1788861398444211500,37.05921142578125,-0.7853364307150245,-0.637488925242424,-0.125831050106138
1788861398454218500,37.069218505859375,-0.6866602217771113,0.09308627997636794,0.4629524425476789
1788861398464224300,37.079224365234374,-0.5858065226696432,0.21080548142790792,0.8345762624412775
1788861398474230300,37.08923022460937,-0.17998714931607246,-0.016200608694553375,1.6018275858893989
1788861398484236500,37.099236572265625,-0.2621193429492414,0.02923836944401264,1.837329117156565
1788861398494242300,37.1092421875,0.4408139682367444,0.07918576491773129,1.4245245610907673
1788861398504248300,37.11924829101562,0.9895314079619943,-0.8999854309409856,0.7319857296038419
1788861398514255400,37.12925537109375,0.6545850214719772,-0.557383122870326,-0.6019266865391284
1788861398524261400,37.13926147460938,0.504180232731998,0.05281389082074165,-1.3186913200050592
1788861398534267400,37.149267333984376,-0.010327332746982575,0.1412421158581972,-1.052920541876182
1788861398544273400,37.1592734375,-0.1913423638060689,0.23362229339182375,-0.22372633779942988
1788861398554279400,37.16927954101563,0.35972295421957967,0.42387715422213074,0.32172983510755
1788861398564285200,37.17928515625,1.2172308871760964,0.6901894188165665,-0.06112908002771437
1788861398574291500,37.18929150390625,1.475607682596147,0.19968144534528254,-0.6681993400003761
1788861398584298500,37.19929858398437,1.5014263067245484,-0.6147136143326759,-1.142898115247488
1788861398594304300,37.20930419921875,0.3774095636881888,0.5696218421965837,-1.2968069665856659
1788861398604310500,37.219310546875,-0.36223873643279075,0.7783066782087087,0.01834302755072713
1788861398614316500,37.22931665039062,-0.6645221858575939,0.7970797677397727,0.9756928522236644
1788861398624322300,37.239322265625,-0.5005887841112912,0.2698240721076727,1.443038999685645
1788861398634328300,37.24932836914063,-0.5096303148314356,-0.24237667773365973,1.2426318704143167
1788861398644335600,37.259335693359375,-0.4838718964576721,-0.5663607945740222,0.8708411695212125
1788861398654341400,37.26934130859375,0.010999532920122146,-0.2642968331187963,0.8391003157369792
1788861398664347400,37.279347412109374,-0.02300911966562271,0.3385702760756016,0.9537347029156983
1788861398674353700,37.289353759765625,-0.3125415163278579,0.4829828386634588,0.9850127614937723
1788861398684359400,37.299359375,-0.21981047952994703,0.5660504134505987,0.8205440838269888
1788861398694365400,37.30936547851562,-0.3729094757899642,0.452840213856101,0.6879101487729699
1788861398704371500,37.31937133789062,0.04773775660023093,0.12324644044041633,0.45417708848305044
1788861398714378500,37.32937841796875,0.4089503648556769,0.010101122775673866,-0.005231909304112195
1788861398724384500,37.33938452148438,-0.051930093723535534,-0.15526713407933712,-0.3131242846518755
1788861398734390500,37.349390625,-0.5233434906244278,-0.13061433885991572,-0.45421690903678535
1788861398744396500,37.359396484375,-0.4397521842241287,0.13312369133234023,-0.46598318854570386
1788861398754402600,37.369402587890626,-0.40238837599158284,0.03949965121746063,-0.24760398392789065
1788861398764408600,37.37940869140625,-0.3475741051338613,-0.4212649258971214,0.06969291023351251
1788861398774415600,37.38941552734375,-0.3356288157962262,-0.883990573951602,0.34271950470954177
1788861398784421400,37.39942138671875,-0.0006438508614897728,-0.5522241326719523,0.2794955712944269
1788861398794427600,37.409427734375,0.19240984690710902,0.031246202135086058,0.31596951801516115
1788861398804433700,37.41943359375,-0.17466142424866557,0.0035971477091312405,0.40582770279049873
1788861398814439400,37.429439453125,0.1842087125338614,0.10792495266795157,0.47276700346693395
1788861398824445400,37.43944555664063,0.692196959246695,0.3928863881528377,0.5992734686166048
1788861398834451500,37.44945141601563,0.6476617980800569,0.26530337981283664,0.438666142553091
1788861398844458500,37.45945849609375,0.37413916371539235,-0.1690881541609764,0.1209151479486376
1788861398854464500,37.469464599609374,0.06889394187554716,-0.5864712701886892,-0.15359335564821958
1788861398864470500,37.47947045898437,-0.0844786106288433,-0.6275514685958623,-0.28112675269283355
1788861398874476500,37.4894765625,0.1811162994764745,-0.09493862984478472,-0.19219182024225592
1788861398884482600,37.49948266601562,0.3148525697492063,0.5968097088515758,0.26321568681858476
1788861398894488600,37.50948852539062,0.16131766628995536,1.0995657539993524,0.7317229139491915
1788861398904495400,37.519495361328126,0.18904490051865577,1.2165104639470576,0.8206115230400115
1788861398914501400,37.52950146484375,0.3076338705420494,0.7419318810135126,0.39601979080773886
1788861398924507600,37.539507568359376,0.06803966313377022,-0.15684534318149088,0.06639379562288522
1788861398934513700,37.549513671875,-0.24980565869063137,-0.7593173155784606,0.06630421764329075
1788861398944519400,37.55951953125,-0.409701767744869,-0.721087830427289,0.12278262232095002
1788861398954525400,37.569525390625,-0.15946780063956975,-0.1793313157558441,0.17784991809166967
1788861398964531500,37.579531494140625,0.19497662865519522,0.6386749201565981,0.15010229866206645
1788861398974538500,37.58953857421875,0.2704291983939707,0.7159405306667089,0.1561473509799689
1788861398984544500,37.59954443359375,0.1524376097418368,0.17740823873877523,0.25817528149858116
1788861398994550500,37.60955053710938,0.03318696093931794,-0.050985506349802014,0.050120340887829656
1788861399004556500,37.619556640625,0.012693038965016603,-0.22809856153428554,-0.2919668572675437
1788861399014562600,37.6295625,-0.21869535789489744,0.07081131980419159,-0.717518155246973
1788861399024568600,37.63956860351563,-0.31385552153587337,0.18121639885008334,-0.7105170443132519
1788861399034575400,37.64957543945312,-0.4320589993730187,-0.6311480317831039,-0.3605405542127788
1788861399044581400,37.65958129882812,-0.34871553025394675,-1.3966530960857868,-0.1337742641955614
1788861399054587600,37.66958764648437,-0.22579876015931366,-1.5726444537639617,0.08560827224589884
1788861399064593700,37.67959375,-0.17559022953137754,-0.6300654972434043,0.4011937593795359
1788861399074599400,37.68959936523437,0.18983049793839454,0.0488075777888298,0.5415452830735594
1788861399084605400,37.69960546875,0.15545973404198885,0.17588380565047262,0.3171490101233125
1788861399094611500,37.70961157226562,-0.29574907921999694,0.003487257593870163,0.2955675851732492
1788861399104618500,37.719618408203125,-0.41724458433985706,-0.21018471918106077,0.3766867293063551
1788861399114624500,37.72962451171875,-0.43252983175516124,0.18753391143381595,0.3724591016739607
1788861399124630500,37.739630615234375,-0.35741394662484527,1.8680021955788135,0.4843742930218577
1788861399134636300,37.74963623046875,0.6865269507862627,3.5430122143179177,0.08772321857325732
1788861399144642600,37.759642578125,1.3471034677579998,1.9233646018385886,-0.22492972223982213
1788861399154648600,37.769648681640625,0.1576785791352391,-1.919783236220479,-0.0729218091521412
1788861399164654600,37.779654541015624,-1.4387971243321895,-4.450931360867619,-0.1175127190940082
1788861399174661600,37.78966162109375,-1.1060837575912474,-2.9462334851264953,-0.37513277786262333
1788861399184667600,37.79966772460938,-0.10633958317264913,0.30508301701545715,-0.2294520219698548
1788861399194673700,37.80967358398438,0.6957682418622076,2.4628870738476514,-0.4607522290896624
1788861399204679400,37.81967944335938,0.9929485229291021,2.6251293076366187,-0.1762560730289668
1788861399214685400,37.829685546875,0.5391887100100516,1.3257196112066507,0.16002141593433916
1788861399224691700,37.83969165039063,0.16180939532965422,-0.21242986775934694,0.018596636985614895
1788861399234697500,37.849697509765626,-0.25820889150723814,-1.2076888595879076,-0.4722609536409378
1788861399244704500,37.85970458984375,-0.4290587946437299,-1.0865478669941424,-0.9132009594101458
1788861399254710500,37.86971044921875,-0.4701775714956224,-0.8925356994569301,-0.7723886132713407
1788861399264716500,37.87971655273437,-0.8449449501119554,-0.5997130290776491,-0.4686649749755859
1788861399274722600,37.88972265625,-1.05667046899423,-0.9269114317893982,0.1718641216803342
1788861399284728600,37.899728515625,-0.7710989387869834,-1.2935410966575145,0.7567705537050962
1788861399294734600,37.90973461914062,0.011794190429151058,-1.5657856739103793,0.8766389690797776
1788861399304741600,37.91974169921875,0.6394868210613727,0.6055231766611338,0.5769035236373543
1788861399314747600,37.92974755859375,0.33475890109390016,1.5990069755107164,0.8502669488523155
1788861399324753400,37.93975341796875,0.1152680089071393,1.4584949274927377,1.0174834639225154
1788861399334759400,37.949759521484374,0.01983560419604182,1.0416653536945581,0.5999055559750646
1788861399344765400,37.95976538085937,-0.010917407594621181,1.2525590979278087,-0.05063530467264354
1788861399354771700,37.969771728515624,0.06638181292414665,1.3896341572344302,-0.18783304051086305
1788861399364777500,37.979777587890624,0.11121961029917,0.4644476495414972,0.06980506537109613
1788861399374784500,37.98978442382813,0.17343202858418225,0.06983341468274593,-0.12092515788599847
1788861399384790500,37.99979052734375,-0.15593904199153183,0.04696984096765518,-0.40769671153277154
1788861399394796500,38.00979663085938,-1.0334244718328118,-1.48381758479774,-0.3263884015031159
1788861399404802600,38.019802490234376,-1.259041445684433,-1.4593033212661741,-0.33894911932535465
1788861399414808600,38.02980859375,-0.5711950828626752,-0.0269090497136116,0.00044416357092559334
1788861399424814300,38.039814453125,0.4340377521000802,1.17006727720201,0.448559029405564
1788861399434820400,38.0498203125,1.05052027580142,2.4983909334272143,0.7953190416775643
1788861399444827600,38.05982763671875,0.9628010758161544,2.2325731743514536,0.44297458033673465
1788861399454833400,38.06983349609375,0.8152595675528049,0.964687327954173,0.7539090998593717
1788861399464839400,38.07983935546875,0.004952946232259273,-0.2828115639746189,1.2637509385496377
1788861399474845400,38.08984545898438,-0.14449234982579945,-2.5146891572773455,0.3113449269544333
1788861399484851700,38.09985180664062,-0.028711569090932604,-0.9480933360278606,0.05523344611786306
1788861399494857500,38.109857421875,-0.37301995042711494,3.213658679398894,-1.2108812989536673
1788861399504864500,38.119864501953124,-0.5520411773204803,5.373689180108904,-0.8035662071496248
1788861399514870500,38.12987060546875,0.05158873293995857,-2.0145809962898493,2.3664048678226766
1788861399524876500,38.13987646484375,-0.8080711173534393,-1.737280889213085,1.7007859727695582
1788861399534882600,38.149882568359374,-1.060772497485578,0.9355454046219587,1.1297039218273013
1788861399544888600,38.159888671875,0.2597927996978164,1.3754559942781925,0.7825077100951224
1788861399554894300,38.16989428710937,1.6176913638450205,-0.27537118484079837,0.7048517120279372
1788861399564900600,38.17990063476562,0.8641749896302818,-1.9205004445791243,0.6297966171741485
1788861399574907600,38.18990771484375,-1.2697802818417547,-3.5973604750990864,0.6939147229500114
1788861399584913400,38.199913330078125,-1.5210770558729767,-2.2299089235782623,0.07919888012763113
1788861399594919400,38.20991943359375,-1.581526848399639,-3.866713422563672,-1.2543836830064654
1788861399604925700,38.21992578125,-1.8691814684912562,-6.454907961034775,-1.878142773582041
1788861399614931500,38.229931396484375,-1.3546492069624363,-6.000293723243475,-1.7235281120620667
1788861399624937500,38.2399375,-0.048937341648340224,-5.299632594773173,-1.4507413907565176
1788861399634943500,38.249943603515625,1.4325170211493967,-4.76165852124989,-0.16945614722315222
1788861399644950500,38.25995043945313,1.7243993419386445,-4.345400609859824,0.9200490717392414
1788861399654956000,38.2699560546875,1.2710592157363891,-4.579926574093103,0.6582626870714128
1788861399664962000,38.279962158203126,0.3208288676798344,-4.9616392418026924,-0.707848482691124
1788861399674968000,38.289968017578126,-0.9071334029994904,-3.7389965587109324,-1.8772471399165689
1788861399684974000,38.29997412109375,-0.25129049042090773,-2.981036502960324,-1.5840119432136415
1788861399694979800,38.309979736328124,1.4146867654263973,-3.571768353202939,-1.0476032193109392
1788861399704986000,38.319986083984375,2.256230967184156,-3.730931325677037,-0.3487947329699993
1788861399714993000,38.32999291992188,2.887913690365851,-2.4449510196626183,0.6905117095734924
1788861399724999000,38.3399990234375,2.5507658483088016,-1.3045002975672482,1.256689329600334
1788861399735005000,38.3500048828125,-0.7502008199259639,-1.010743561208248,1.0763565817169845
1788861399745011200,38.36001123046875,-3.1392540112778544,0.5733861631661653,0.2479480481252074
1788861399755017000,38.37001684570313,-1.6599682246908545,1.5040467183560131,-0.6331472427763044
1788861399765023000,38.38002294921875,-0.2827503353066742,-0.010922960552573203,-1.3209224400579929
1788861399775029000,38.39002905273438,1.1747278163589536,-0.15356266824901102,-1.4052981748342512
1788861399785036000,38.4000361328125,1.610126627679169,0.9364058208435774,-1.5883704306840896
1788861399795042000,38.4100419921875,3.051551470166445,0.17897592644691465,-2.122654271387309
1788861399805048000,38.42004809570312,2.0239631571412087,1.8717191702753304,-1.6875919985450802
1788861399815053800,38.4300537109375,-0.21959069929942487,3.6103731014072893,-0.6603164047308265
1788861399825060000,38.44006005859375,-0.9177101804628968,3.6066128720909356,-0.5119137495934963
1788861399835066000,38.45006616210937,-1.9641855647876858,3.184277686613798,-1.8454180233269928
1788861399845072100,38.46007202148437,-1.2366031116440892,-0.7225134793162346,-1.7777384256772697
1788861399855079000,38.470078857421875,-2.4759844558298587,-5.097668591448665,0.7631083784244954
1788861399865085200,38.480085205078126,-2.6059382849544286,-2.2150445319235326,2.4159226397074756
1788861399875091200,38.49009130859375,-2.0163167340412733,-1.0748907469481228,0.5071231543160974
1788861399885097000,38.500096923828124,-1.0340756292179227,-2.362041265785694,0.014650456643104553
1788861399895103000,38.51010302734375,0.7794310060635209,-0.6424836647897958,0.37246158589199185
1788861399905109000,38.52010888671875,-1.3893123779341578,1.2468518261969088,0.6093102939844132
1788861399915115000,38.530114990234374,8.198017702531814,-3.5741041026741263,1.2660226828739047
1788861399925122000,38.5401220703125,-1.04031437747702,-0.22288754888772963,-1.0712845391497015
1788861399935128000,38.55012817382813,-9.63154360846281,-0.8748802157789468,-2.8397508402213454
1788861399945133800,38.5601337890625,-3.8051989234149453,-4.2168180690884585,-1.8456272821635007
1788861399955140000,38.57014013671875,-2.216193701958656,-2.507709381392598,-1.6166721037998795
1788861399965146000,38.58014599609375,-2.937059998589754,-0.42684418733417984,0.4213926439300179
1788861399975152000,38.59015209960938,-1.8302748147308825,-1.703567420181632,1.657537198151648
1788861399985158000,38.600157958984376,-6.534911472076177,-2.5138965455949305,1.4445987963482736
1788861399995165200,38.61016528320312,-11.318723957467078,0.290709623748064,0.6475409481793641
1788861400005171000,38.6201708984375,-9.983246922355889,0.28519758232831954,1.1164426545202732
1788861400015177000,38.63017700195312,-2.392686579418182,0.014167057040333747,2.1099179778024553
1788861400025183000,38.64018286132813,-5.201010892501473,3.468268231239915,-0.3656345163509249
1788861400035189000,38.65018896484375,-1.6636125725425779,2.7715993872761726,-0.07304097855240106
1788861400045195000,38.66019506835938,10.418527514123916,-0.07610065838396549,1.9605099450148642
1788861400055201000,38.67020092773438,-11.439960811650753,4.1948488138645885,3.8767800585478542
1788861400065208000,38.6802080078125,-11.952210076808928,4.931846745607257,6.152367029717564
1788861400075213800,38.6902138671875,-1.8507792580991982,4.051567885655165,5.81747573441565
1788861400085220000,38.70022021484375,1.4323717674598098,4.516639804574847,7.055272147497535
1788861400095226000,38.71022607421875,-0.9351905998349189,4.53858509440124,7.857230334928631
1788861400105232100,38.720232177734374,-4.310425158068537,3.5929940965831277,7.655846177318692
1788861400115238000,38.73023779296875,-4.9149464642107485,3.193775582799315,7.363653037014603
1788861400125244000,38.74024389648437,-3.435874612635374,2.3507716837525368,7.861085256791115
1788861400135251000,38.7502509765625,-2.0294816283017396,1.3913175802767277,7.161396188223361
1788861400145257000,38.76025708007813,0.34477088428139685,1.1412228755116463,4.723668397812545
1788861400155263000,38.770262939453126,1.9495254635334014,1.1996972763121128,1.5059034521386025
1788861400165269200,38.78026928710938,1.6346932059198618,0.8775058881074189,-1.0154359568081797
1788861400175275000,38.79027490234375,1.6631073994994163,1.0121978516697883,-2.889921523056924
1788861400185281000,38.800281005859375,3.0191753872185942,1.972154059448838,-3.7846278445512054
1788861400195287000,38.810287109375,3.9874709687978025,1.8404910883188246,-4.606445747706294
1788861400205294000,38.82029418945312,2.289040911504626,-0.06115443366467952,-6.685280312719941
1788861400215300000,38.83030004882813,1.5438953291416166,-2.713328400093317,-8.99201528634727
1788861400225306000,38.84030615234375,1.8585078065246343,-1.1969526537790893,-8.934749092292785
1788861400235311900,38.85031176757813,0.6429454370826483,-1.3639642939269543,-8.88013253596425
1788861400245318000,38.86031787109375,0.2764385218113661,-2.4631685211375354,-7.463077287840843
1788861400255324200,38.87032421875,0.18954758934378624,-1.1586223386019467,-6.07458528637886
1788861400265330200,38.880330078125,-0.18196634043455123,-1.5050871673196553,-3.4345664526462554
1788861400275337000,38.8903369140625,0.3363707202047109,-1.7137537370227276,-2.1733811268009244
1788861400285343000,38.90034301757812,0.784939832612872,-2.5759301001816985,-1.4856556138798593
1788861400295349200,38.910349365234374,0.9959200860857963,-3.9652123752385378,-1.2997078025937079
1788861400305355000,38.92035498046875,0.5203840562969446,-4.017164973054826,-2.4964827617183327
1788861400315361000,38.93036108398437,-1.3499071270018814,-3.45057767624855,-2.3356129853263496
1788861400325367000,38.94036694335937,-3.261346897768974,-2.887441104418039,-1.0038704605683684
1788861400335372800,38.95037280273438,-4.568711937117576,-2.4884072995513677,-0.0832025993436575
1788861400345380000,38.960380126953126,-4.841865445908904,-2.584888482663035,-0.11519319010525941
1788861400355386000,38.97038623046875,-3.380407576957345,-2.595381527365744,-0.8328294187739491
1788861400365392000,38.980391845703124,-2.023440010049939,-2.3694611866533757,-1.0167056844830513
1788861400375398000,38.99039794921875,-0.8476181148439645,-1.8751763249918818,-0.4211116350315511
1788861400385404200,39.000404052734375,0.009039046502113342,-0.5893697681091725,-0.05326419187150895
1788861400395410200,39.01041015625,-0.12290040348172188,0.8881659599401056,-0.1137146419852972
1788861400405416000,39.020416015625,0.46593175061941144,1.109016303911805,0.021170871387794613
1788861400415423000,39.03042309570313,1.5998364120721815,1.2909643780373037,0.15955745168440044
1788861400425429000,39.04042895507813,1.5707763218045234,0.7969450354442,0.8942673455551267
1788861400435435000,39.05043505859375,1.5374953989714384,0.11943681902438401,1.5853915610037743
1788861400445441000,39.06044091796875,1.6710685876369475,-0.3409159624189138,1.4108914647966622
1788861400455447000,39.07044702148438,1.2659200992822646,-0.8942337355464697,0.8839151706278323
1788861400465452800,39.080452880859376,0.5437292760491371,-1.3394554372228682,0.3769950646031648
1788861400475459000,39.090458984375,-0.24488076950907706,-1.2909138168938457,0.4260007953125983
1788861400485466000,39.10046606445312,-0.8563479492664337,-0.8326794889092445,0.7344350955173373
1788861400495471900,39.11047192382812,-1.5854261939257381,-0.4135284864261746,1.0946462716452776
1788861400505478000,39.12047778320313,-2.4503917494118213,-0.04201251082122326,1.5860305895596742
1788861400515484200,39.13048413085937,-2.7967566248863935,-0.22375673293769358,2.070321734342724
1788861400525490000,39.14048999023437,-1.9665420647859573,-0.8390645137712359,2.0836191689416763
1788861400535496000,39.15049584960938,-1.0158505289584399,-1.7245906267270446,2.2215064214140177
1788861400546128100,39.161128173828125,-0.9978034156143665,-1.7876354041829705,2.2483992506451904
1788861400556134000,39.1711337890625,-0.7243208209991455,-2.063132553490996,1.9889272073343396
1788861400566140000,39.18113989257812,-0.18656711222827432,-1.9298305829823017,1.59123736442253
1788861400576146200,39.191146240234374,-0.19823592271208762,-1.7404060354962945,1.3403754746772347
1788861400586152200,39.201152099609374,-0.4534726665407419,-1.3861676501676439,1.3788355537138879
1788861400596158000,39.21115795898437,-0.7835925096571446,-0.9835533564656972,1.6038272352740168
1788861400606165000,39.2211650390625,-0.8731979617804289,-0.5373945200696587,2.0102759925723075
1788861400616171000,39.2311708984375,-0.451635514241457,-0.37682752601653335,1.852821869842708
1788861400626177000,39.241177001953126,-0.087424016430974,-0.48077159235477446,1.726723985493928
1788861400636183000,39.25118310546875,-0.019065350475907326,-0.4325003133997321,1.4863671231500803
1788861400646189000,39.26118896484375,-0.2885802105039358,-0.3313371099516749,1.1724176397204398
1788861400656194800,39.27119482421875,-0.5380418780624866,-0.3980377795666456,0.8562114634051918
1788861400666200800,39.281200927734375,-0.8063216433376074,-0.42677784409970043,0.5516572925694286
1788861400676207900,39.29120776367188,-0.8349795825451612,-0.2957186840817332,0.13658538522669114
1788861400686214000,39.3012138671875,-0.431484122094512,0.011526479403674602,-0.15864884893950074
1788861400696220000,39.31121997070313,-0.1298573830127716,0.2159095265686512,-0.4257525196399539
1788861400706226000,39.32122583007813,0.07129471940696239,0.2707137144237757,-0.49591465482041236
1788861400716232000,39.33123193359375,-0.013705284747481346,0.24673721103072166,-0.13301495199454946
1788861400726238000,39.34123803710938,-0.2675660640478134,0.3524295823410153,-0.00008828107165172695
1788861400736244000,39.35124389648438,-0.4457482097685337,0.42338294096440077,0.014307999880984424
1788861400746250800,39.36125073242187,-0.4217676147222519,0.18704729696065187,0.29037703079283234
1788861400756256800,39.3712568359375,-0.051697454011440276,-0.037408524157106875,0.45264355877283957
1788861400766263000,39.38126293945312,0.16520400620400905,-0.03622749767899513,0.24043135235216467
1788861400776269000,39.39126904296875,0.11946166120469569,0.1101636715054512,0.1689321233490482
1788861400786274800,39.40127490234375,-0.015709610307216643,0.1573983008891344,0.24371101334365083
1788861400796280800,39.41128076171875,-0.03202595433592796,0.1318698918789625,0.2417576142535545
1788861400806286800,39.42128686523437,0.2041103677034378,0.19993395880162715,0.14695703203943558
1788861400816293000,39.43129321289062,0.5013531926125288,0.11368892302215099,0.08241109277294018
1788861400826300000,39.4412998046875,0.7886895405352116,-0.01985065563470125,0.08161613386981188
1788861400836306000,39.451305908203125,0.7961094614028931,0.05549392368495464,0.19442999109048395
1788861400846311700,39.461311767578124,0.44515141291916366,0.2646247498989105,0.4117216561999172
1788861400856318000,39.47131787109375,0.08244622801840305,0.22227058603316543,0.29388255469575525
1788861400866324000,39.481323974609374,-0.25425065540075303,0.1524748730123043,0.1724114898974076
1788861400876330000,39.491330078125,-0.4601344625174999,0.2156315864101052,0.21484008897254242
1788861400886335700,39.50133569335937,-0.5611521200150251,0.4677122042953968,0.33429351207185537
1788861400896343000,39.51134301757813,-0.45850247740149497,0.5527136697545647,0.44096075629629194
1788861400906349000,39.52134912109375,-0.2534182962298393,0.3370902666509151,0.4205843232218176
1788861400916354800,39.531354736328126,-0.10474690715372562,0.168201142193377,0.21554315920798106
1788861400926360800,39.54136083984375,-0.10302607471048832,0.13938129042237996,0.04243756783287972
1788861400936366800,39.551366943359376,-0.13174305062890052,0.10512246246784925,0.021358603379083796
1788861400946372900,39.561372802734375,0.07825052989423274,0.09022007689028978,0.024701949857082215
1788861400956379000,39.57137890625,0.2828513114631176,0.12864537687450647,0.16758392361048607
1788861400966386000,39.58138598632812,0.41801849132180213,0.17813859883993863,0.2546610628325492
1788861400976391700,39.5913916015625,0.5985895780056715,0.12158844410032033,0.08839732757569291
1788861400986398000,39.60139794921875,0.5794044005423784,0.3014624884307384,0.05690460333363153
1788861400996404000,39.61140405273437,0.07247545362412929,0.4494719064667821,0.18048198362831025
1788861401006410000,39.62140991210938,-0.3103168260157108,0.3904612068325281,0.278950796893239
1788861401016415700,39.63141577148438,-0.24132512285411356,0.20320289746969938,0.3004632847929373
1788861401026421800,39.641421875,0.014502572605013846,-0.10103782350271939,0.14472003023498692
1788861401036428000,39.65142797851563,0.24756430950462815,-0.03386895185410976,-0.01725298555800691
1788861401046434800,39.66143481445312,0.3764987324535847,0.3121016636058688,-0.024333856330206616
1788861401056440800,39.67144091796875,0.3004050883322954,0.44963703390061854,-0.05397002945276908
1788861401066446800,39.68144677734375,0.1977139446645975,0.3947264630615711,-0.070097353715403
1788861401076452900,39.69145288085937,0.07322831781804562,0.32518443254083396,-0.07500654300432652
1788861401086459000,39.701458984375,-0.03573825285732746,0.24021394674181937,0.07063503165552393
1788861401096465000,39.71146484375,-0.11660977890491485,0.2854915968388319,0.15554507423788308
1788861401106471000,39.72147094726562,-0.0879080005556345,0.3159773359954357,0.10895305360667407
1788861401116478000,39.73147802734375,0.11419219636917113,0.2793976638779044,-0.01908755317456089
1788861401126484000,39.74148388671875,0.3899433204382658,0.1964002317175269,-0.135564855673071
1788861401136490000,39.751489990234376,0.1599906554698944,0.11463088004738092,-0.11878074800213798
1788861401146495700,39.761495849609375,-0.14941899257302282,-0.09775222596079111,0.16650769094740972
1788861401156502000,39.771501953125,-0.4256938482552767,0.05145838455855846,0.33655794987250115
1788861401166508000,39.781508056640625,-0.8320908753663301,0.1363274558097124,0.1719977579973638
1788861401176513800,39.791513671875,-0.5232452909469604,0.25785978580862284,0.04090779184917919
1788861401186520800,39.80152075195313,0.1486661283791065,0.30407383997291326,-0.02601542534213513
1788861401196527000,39.81152709960938,0.37343642227351664,0.3477963695824146,0.027746349921124056
1788861401206532900,39.82153295898438,0.4545370809018612,0.29746815809756516,0.04598508598031476
1788861401216539000,39.83153881835938,0.5412614246308803,0.26742577879428864,-0.045098284075269474
1788861401226545000,39.841544921875,0.1524801337093115,0.14498597856163978,0.023935385931376365
1788861401236551000,39.85155102539063,-0.1812520546853542,-0.033519992285966874,0.08164694000002927
1788861401246557000,39.861556884765626,-0.16261574327647685,0.006610650311410427,0.061102749143214896
1788861401256564000,39.87156396484375,-0.17370529256761072,0.17023644741326568,0.0642754060962703
1788861401266569700,39.88156982421875,-0.3833803086608648,0.1723442333474755,0.05863040421293117
1788861401276575700,39.89157568359375,-0.2599117499023676,0.10088000259250401,0.05164373279651627
1788861401286582000,39.90158203125,-0.35043782400190826,-0.06791822871118784,0.03262419422371313
1788861401296588000,39.91158813476562,-0.44445174021720885,-0.042163025207817555,0.03852677389758173
1788861401306593800,39.92159375,-0.33229192645847794,0.06161854404509067,0.10120642153527587
1788861401316599800,39.93159985351563,-0.23951719664931295,0.04690437451601028,0.13192352176234126
1788861401326607000,39.941607177734376,-0.12513152353465556,0.1544602016106248,0.011618756230431609
1788861401336612900,39.95161279296875,0.0021937106519937513,0.1723912873595953,-0.08462678692787885
1788861401346619000,39.961618896484374,-0.10070201567709446,0.044804479627311225,-0.03054120023746509
1788861401356625000,39.971625,-0.3165267865717411,-0.0658703562706709,0.03407713297838345
1788861401366631000,39.981630859375,-0.42799101928174493,-0.08127543067336082,0.03314598960811272
1788861401376637000,39.991636962890624,-0.2932283285707235,-0.01601210038512945,-0.1134337792173028
1788861401386643000,40.00164282226562,-0.1891431001961231,0.05738163712769746,-0.14061234832098707
1788861401396649700,40.011649658203126,-0.16343115131258965,0.15523352407068014,-0.10109837631722912
1788861401406655700,40.02165576171875,-0.027115970462560653,0.15844956350773573,-0.07401055880349594
1788861401416662000,40.031662109375,0.15991291405856609,0.07449936066716908,-0.012324899772368371
1788861401426668000,40.04166796875,0.1336433312922716,0.04141542171090841,0.08897046042168512
1788861401436673800,40.051673828125,-0.07995499572455883,0.10738222409337758,0.16367650437578557
1788861401446679800,40.0616796875,-0.27031214788556096,0.199225518271327,0.13902992883459664
1788861401456685800,40.071685791015625,-0.3520376604139805,0.24685791480094194,-0.0003941960825119167
1788861401466692000,40.081692138671876,-0.2463864978969097,0.30196137786358596,-0.1233194874103181
1788861401476699000,40.09169897460937,-0.036623218998312945,0.40484512149393553,-0.1625707716235891
1788861401486705000,40.10170483398438,-0.062224108722805975,0.5750947206497192,0.333394042481482
1788861401496710700,40.11171069335938,-0.21136428435444832,0.49474926430284977,0.25935376895973455
1788861401506717000,40.12171704101563,-0.22316811939477918,0.2698939224734902,-0.024687510339776054
1788861401516723000,40.13172290039063,-0.24815350756943225,0.26443127315342424,-0.1404978185632266
1788861401526729000,40.14172900390625,-0.2267185053527355,0.3293038505584001,-0.11473023050231858
1788861401536734700,40.151734619140626,-0.08540157069265841,0.336103885962069,0.013646339368168264
1788861401546742000,40.161741943359374,0.039590836632251734,0.2558013919740915,0.04556826707404107
1788861401556748000,40.171748046875,0.20835224305689334,0.10626754084974527,0.00041564986249431965
1788861401566753800,40.18175390625,0.2903127333849668,0.09957798008322716,0.005412745763733982
1788861401576759800,40.191759765625,0.18538462444543838,0.14921967060863972,-0.03103087888397276
1788861401586766000,40.20176611328125,0.13348901751339434,0.16662293309122322,-0.0015176745539531111
1788861401596771800,40.21177172851562,0.14685294147729872,0.2009787916794419,0.007239805927267298
1788861401606779000,40.22177880859375,0.08807283572852612,0.19316899471133947,0.1276831351130735
1788861401616785000,40.231784912109376,0.15422434702813625,0.16494214039742947,0.04423127371608279
1788861401626791000,40.241791015625,0.20426468148231505,0.17177081737369299,-0.09769854127848521
1788861401636797000,40.251796875,0.15826865398287773,0.1818912293717265,-0.11739365015844813
1788861401646803000,40.261802978515625,0.07450725171267986,0.2568532391145825,0.1859066755581647
1788861401656809200,40.271809326171876,-0.1545218686699867,0.30590690061897036,0.33717999076098204
1788861401666815200,40.281815185546876,-0.22619711182713506,0.14038520676791666,0.038822044216841455
1788861401676821200,40.2918212890625,-0.12833353444635867,-0.0029439444974064823,-0.147138087694766
1788861401686828300,40.30182836914062,-0.0675648852288723,-0.017020108383893964,-0.27444795078234746
1788861401696834300,40.31183422851562,-0.06976794823110104,-0.00007306523621082306,-0.23389150225464253
1788861401706840300,40.32184033203125,0.12115034494400023,-0.013024316745996474,-0.09846012763497419
1788861401716846300,40.33184643554687,0.21250410203933714,0.05524345605522394,0.16120335572790354
1788861401726852000,40.34185205078125,0.2147322994828224,0.14662293211370706,0.1833217736314982
1788861401736858400,40.3518583984375,0.18651742786765096,0.1854205725416541,0.03862848527296446
1788861401746864400,40.36186450195312,-0.023867197799682615,0.18910481401234863,-0.03727005640133284
1788861401756871200,40.37187109375,-0.16776655016839503,0.1732452738404274,-0.11392328890045172
1788861401766877200,40.381877197265624,-0.2352840891242027,0.19433277779370545,-0.0657880848146975
1788861401776883500,40.391883544921875,-0.22196634238958357,0.19028204109817742,0.10140318621639162
1788861401786889200,40.40188916015625,-0.16827391516864298,0.1796601093187928,0.19129012216217814
1788861401796895200,40.41189526367187,-0.09575111527144908,0.18663345546275376,0.04489224010915495
1788861401806901200,40.4219013671875,-0.15225801539123057,0.21804946120679378,0.07741649935604072
1788861401816907300,40.4319072265625,-0.2764776847779751,0.2635805015429854,0.12649961528377607
1788861401826914300,40.441914306640626,-0.3677665599435568,0.27182693636268374,0.22962567977001888
1788861401836920300,40.45192041015625,-0.3478092290639877,0.2533972534418106,0.3073834394449368
1788861401846926300,40.46192626953125,-0.257840788847208,0.22265900082886217,0.15721516287457196
1788861401856932000,40.47193212890625,-0.29947511400580407,0.1694622481703758,-0.009774356773030013
1788861401866938400,40.4819384765625,-0.32385727559030053,0.1770049186348915,-0.13205244537163524
1788861401876944400,40.4919443359375,-0.2828261770218611,0.18885989934056996,-0.14192363184895365
1788861401886950100,40.5019501953125,-0.20154665469527244,0.1552238794595003,-0.08504479314424097
1788861401896957200,40.51195727539063,-0.20640052446722984,0.15281857188344,-0.054749023601785296
1788861401906963500,40.52196337890625,-0.11501871032118796,0.1859416738063097,-0.02266043409211561
1788861401916969200,40.53196923828125,0.02000409263074398,0.21257833631932735,0.027542397447396068
1788861401926975200,40.54197534179688,0.07936872026920318,0.19924246940612791,0.07394300542604178
1788861401936981200,40.55198120117188,0.08082710238397121,0.1780026975005865,0.115299792284891
1788861401946987300,40.5619873046875,0.1445446645349264,0.13784604367911815,0.09867441883962601
1788861401956993300,40.5719931640625,0.058365095207095145,0.11540770963877439,0.030862920172233133
1788861401967000300,40.58200024414062,-0.1352384915292263,0.1834054333269596,0.0015366532490588723
1788861401977006000,40.59200610351562,-0.22782149815857408,0.24494214430749414,-0.0481591420837678
1788861401987012400,40.60201245117187,-0.3377876012653112,0.276367794662714,-0.0302291340470314
1788861401997018400,40.61201831054687,-0.39553427231311794,0.31229367904663086,0.06527145879575982
1788861402007024400,40.6220244140625,-0.2791243998944759,0.3124965081423521,0.15175658694142474
1788861402017030100,40.63203002929688,-0.04855097267925739,0.3399097079858184,0.13363971456307916
1788861402027036200,40.6420361328125,0.03809679868221283,0.33250147755593057,0.07395317976018413
1788861402037043500,40.65204345703125,0.05029752408564091,0.2937114359125495,0.042599023738596586
1788861402047049200,40.66204931640625,0.12187632113099098,0.2886611667856574,0.013038820195384323
1788861402057055200,40.67205517578125,0.12870645941197872,0.3071978172123432,-0.01851621042685583
1788861402067061200,40.682061279296875,0.03542787173390388,0.37881490044146776,0.05471559625621885
1788861402077067300,40.6920673828125,-0.03503799563348293,0.4124091270074248,0.12620083326660095
1788861402087073300,40.7020732421875,-0.045536593294143675,0.39796091493815183,0.1468398262673989
1788861402097079300,40.712079345703124,-0.05959259117543697,0.38883419015258547,0.11340528377518057
1788861402107085300,40.72208520507812,-0.06152618958652019,0.3753764504253864,0.07204460619250312
1788861402117092400,40.73209228515625,0.00710544809103012,0.36209786665737625,0.09440744557753204
1788861402127098400,40.74209838867188,0.056148003679513926,0.3158279906526208,0.06566011105347425
1788861402137104400,40.7521044921875,0.1025122799694538,0.2761374930381775,0.03476566323181614
1788861402147110100,40.762110107421876,0.014561609315872191,0.2314271214351058,0.025287311996985227
1788861402157116200,40.7721162109375,-0.0674818831205368,0.2369838787794113,-0.04377192170917987
1788861402167122400,40.782122314453126,-0.14577508311271667,0.2596794024512172,-0.050731202795170245
1788861402177128200,40.792128173828125,-0.1835275984019041,0.29214842437952754,0.037988625600002705
1788861402187134200,40.80213427734375,-0.11514847418069839,0.3028524814844131,0.13227430796138942
1788861402197141200,40.81214135742187,-0.04846797057092189,0.25460282983928917,0.15238401639107613
1788861402207147300,40.82214721679688,-0.016885083827376364,0.19487375280261038,0.1095891595531255
1788861402217153300,40.8321533203125,-0.007198971593379974,0.18367577470093965,0.06161509171267971
1788861402227159300,40.8421591796875,0.044449382579326624,0.16725070960074662,0.05154776160875335
1788861402237165300,40.85216528320313,0.02301262679696083,0.20023937148898838,0.05832600530572235
1788861402247171000,40.86217114257813,0.010731237372756004,0.18700199651420116,0.04863503423351794
1788861402257177300,40.87217724609375,-0.026727263405919074,0.1505050342440605,0.04715650437986478
1788861402267184400,40.882184326171874,-0.0873234786659479,0.18368571157306432,0.07025386858452111
1788861402277190100,40.89219018554687,-0.16774316929280758,0.19342618434280157,0.1344651142702438
1788861402287196200,40.90219604492187,-0.14096154535114763,0.1013821068957448,0.16677368493983522
1788861402297202400,40.91220239257812,-0.027269699719548224,0.06832388690263033,0.09749043321944773
1788861402307208200,40.92220825195312,-0.014773790761828422,0.09299246421307325,0.07076861317362636
1788861402317214200,40.93221411132812,0.046133390143513676,0.14525164376050234,0.06575626490432769
1788861402327220200,40.94222021484375,0.027931963020563125,0.19872545979470013,0.07009283280391246
1788861402337226200,40.95222631835937,-0.08136018634736537,0.22054624645859003,0.12483535359967499
1788861402347233300,40.9622333984375,-0.14972820465266704,0.2085395823225379,0.12215323837622999
1788861402357239300,40.9722392578125,-0.1860579936623573,0.20975655689686534,0.14521315664732828
1788861402367245300,40.982245361328125,-0.191204124379158,0.20399083297699688,0.15008514659786595
1788861402377251300,40.992251220703125,-0.2095779854595661,0.19108371286988257,0.12423651092369109
1788861402387257300,41.00225732421875,-0.24388649777472018,0.16706132450848818,0.12679162050029263
1788861402397263400,41.012263427734375,-0.20544892283082006,0.1559475175589323,0.0642080673479475
1788861402407269000,41.02226904296875,-0.18969781146943568,0.14909779779464005,0.0445795117650181
1788861402417276400,41.0322763671875,-0.09479483745992183,0.13397563198655843,-0.031997239698097105
1788861402427282400,41.04228247070313,0.030301614761352538,0.1852519379764795,-0.10100178407495841
1788861402437288200,41.0522880859375,0.1414209795564413,0.23968729251921175,-0.0908102248031646
1788861402447294200,41.06229418945313,0.24042379010021686,0.17697072410434483,-0.09136488127755
1788861402457300200,41.07230029296875,0.2607213127195835,0.14168869058191774,-0.09675408176891505
1788861402467306500,41.08230639648438,0.12680851683616637,0.1292652623385191,-0.03849597233394161
1788861402477312300,41.092312255859376,0.0017827917635440825,0.0742415865138173,0.03734064655266702
1788861402487319300,41.1023193359375,-0.017559622088074683,0.027456162202358244,0.09036547671034932
1788861402497325000,41.11232495117188,-0.011605097597837448,0.01243628772497177,0.06781661323392764
1788861402507331300,41.12233129882812,0.07139817978143692,0.03950841904580593,-0.00822365673230961
1788861402517337300,41.13233740234375,0.17889701599180696,0.0668912237510085,-0.057648580968193704
1788861402527343400,41.14234326171875,0.17362112141549585,0.10630231990218161,-0.0818926675225608
1788861402537349000,41.15234912109375,0.12735446028113365,0.1316834293961525,-0.06843920211168006
1788861402547355100,41.16235522460938,0.056981531894206995,0.14423866732567547,-0.05302554254373535
1788861402557361400,41.172361328125,-0.00027530981004238127,0.15392624086439607,-0.031332656575832514
1788861402567368200,41.1823681640625,-0.07654723310768603,0.15566928513944148,-0.02106668036095798
1788861402577374200,41.192374267578124,-0.14528876090049742,0.15144932935684918,-0.0023921193009242415
1788861402587380200,41.20238012695312,-0.13389058405160903,0.16354308725446462,0.04878827030016109
1788861402597386200,41.21238623046875,-0.028797639939188956,0.14918255346864462,0.07126447039917111
1788861402607392300,41.222392333984374,0.03225917856991291,0.10852145725637674,0.03384297716263682
1788861402617398300,41.23239819335937,0.04288111034929752,0.15497516539543865,0.004045567330066114
1788861402627404300,41.242404296875,0.03509644782245159,0.18748890324831008,0.006377864468842745
1788861402637411300,41.25241137695313,0.060464697834849354,0.13792027795910836,0.005619081990793347
1788861402647417300,41.262417236328126,0.02647474994957447,0.17046587225496768,0.011236063356045633
1788861402657423600,41.27242358398438,-0.04913900170028209,0.2118023835107684,0.04677099392730742
1788861402667429400,41.282429443359376,-0.06860650323629379,0.22121932341456413,0.0626245792824775
1788861402677435600,41.292435546875,-0.07501637027859688,0.23681261386573313,0.02192897801240906
1788861402687441700,41.30244165039063,-0.0710503892570734,0.2601704008385539,-0.012262337663862853
1788861402697447400,41.312447509765626,-0.02148760918676853,0.2375704464957118,-0.03674487261660397
1788861402707453400,41.322453369140625,0.09127017046511172,0.21712328627258537,-0.035301852467749265
1788861402717460700,41.33246069335937,0.04959317520856857,0.2110632555812597,-0.00018359467228874562
1788861402727466500,41.34246655273437,0.02148994727432728,0.234045194979012,0.007910645260382444
1788861402737472500,41.35247241210938,-0.014874913048744201,0.2423299159824848,0.02940660215038806
1788861402747478500,41.362478515625,-0.030092940446734426,0.176550745126605,0.046050808160286394
1788861402757484800,41.37248486328125,-0.016419219881296156,0.17182459338754413,0.09111090651648118
1788861402767490600,41.38249047851563,0.02357026067972183,0.15635697514265776,0.10049109460646286
1788861402777496600,41.39249658203125,0.047131169009208676,0.20477906074523924,0.03242072580717504
1788861402787503400,41.40250341796875,0.002967617633938789,0.22521014661639926,-0.050540886121150104
1788861402797509600,41.412509521484374,-0.0018956044882535933,0.2212225382849574,-0.09085848439168184
1788861402807515600,41.422515625,-0.07948445560336112,0.21147505125254393,-0.05759347151378169
1788861402817521700,41.432521728515624,-0.19306348851025104,0.22709493744969367,0.05052850156361237
1788861402827527400,41.44252734375,-0.11709610111713409,0.24718086314499377,0.08904089530939235
1788861402837533400,41.45253344726562,0.028746202012896536,0.23404753306657075,0.06446078173369169
1788861402847539700,41.462539794921874,0.10558277345597743,0.19455401932895183,0.015610844374168664
1788861402857546500,41.47254638671875,0.1086035825818777,0.17362082915455102,-0.010199888708721846
1788861402867552500,41.482552490234376,0.05971650981605053,0.1263563891544938,0.021405410796031355
1788861402877558500,41.49255859375,-0.015928806015849114,0.1529413214802742,0.09362566581638529
1788861402887564500,41.502564453125,-0.060901335686445235,0.16188655221909284,0.14766036713635547
1788861402897570600,41.512570556640625,-0.11299743362665175,0.18847791428565977,0.17645634484142064
1788861402907576600,41.52257666015625,-0.10977379540503024,0.20053923121839762,0.17101271074907853
1788861402917582600,41.53258251953125,-0.10228782356381416,0.20947218699753284,0.07789325915547088
1788861402927588400,41.54258837890625,-0.1287286712437868,0.19887188252806662,0.027671065328363328
1788861402937595600,41.552595703125,-0.07419336345791816,0.18592443041056395,-0.014355145224649458
1788861402947601700,41.5626015625,0.01876665979027748,0.1902151133418083,-0.02514119979087263
1788861402957607400,41.572607421875,0.05475274992883205,0.1590212259158492,-0.026713271413184702
1788861402967613400,41.58261352539063,0.028164018210768697,0.1697983482569456,-0.05476948186792433
1788861402977619700,41.59261962890625,-0.008028408154845238,0.15837416018396616,-0.07924171462235972
1788861402987625500,41.60262548828125,-0.009711246675252914,0.14898293924331665,-0.09215639698142185
1788861402997631500,41.61263159179688,-0.13727028961777687,0.18363076651543378,-0.054401653202529994
1788861403007638500,41.62263842773437,-0.25755671120882034,0.18712094671875237,0.03254581349156797
1788861403017644500,41.63264453125,-0.26156243971884247,0.09537059152126312,0.11411825435012578
1788861403027650600,41.64265063476562,-0.12299100437462329,0.09384966556429862,0.14357525324719025
1788861403037656600,41.65265649414062,-0.18695289667546747,0.16858984925001858,0.20233250784333795
1788861403047662600,41.66266259765625,-0.39384383500814435,0.15605740767419338,0.31244700644481926
1788861403057668400,41.67266845703125,-0.5225304206758737,0.06562865646928548,0.32943661009259523
1788861403067674600,41.68267456054687,-0.22849077572226523,-0.0374707757383585,0.17207544460976495
1788861403077681700,41.692681640625,0.4111018438011408,0.13494710736721754,-0.08325577256930991
1788861403087687400,41.7026875,0.2691138780117035,0.3519958670988679,0.08851688970159739
1788861403097693400,41.712693359375,0.1603004520714283,0.23008155204504727,0.0912136362385936
1788861403107699700,41.72269970703125,0.2423129648476839,0.17125702263265846,0.01064267317331396
1788861403117705500,41.73270556640625,0.12774199829399585,0.23210253647863863,0.06795272463583386
1788861403127711500,41.74271142578125,-0.19988485896289349,0.10219020840823649,0.20299294451344757
1788861403137717500,41.75271752929687,-0.3722194476991892,-0.14582505973428486,0.23871612766580655
