time,seconds_elapsed,z,y,x
1789031151656502300,0.037502197265625,-0.060886550694704056,-0.3113264739513397,-0.3000086843967438
1789031151666508500,0.047508544921875,-0.021307451650500298,-0.19274042546749115,-0.3830881416797638
1789031151676515300,0.057515380859375,0.05258903279900551,-0.09237022697925568,-0.4953840970993042
1789031151686522400,0.0675224609375,0.211829274892807,0.0014508028980344534,-0.5770694017410278
1789031151696529400,0.077529296875,0.3706311881542206,0.16711553931236267,-0.558442234992981
1789031151706536200,0.0875361328125,0.41331177949905396,0.19692005217075348,-0.4886746406555176
1789031151716542200,0.097542236328125,0.27688130736351013,-0.0314074382185936,-0.3857381343841553
1789031151726549500,0.107549560546875,0.06710409373044968,-0.3544270396232605,-0.3201404809951782
1789031151736556300,0.117556396484375,-0.0782240703701973,-0.6381276249885559,-0.3289676308631897
1789031151746563300,0.127563232421875,-0.11550167202949524,-0.8131303191184998,-0.40782225131988525
1789031151756570400,0.1375703125,-0.05086845904588699,-0.7594394683837891,-0.5233009457588196
1789031151766576400,0.147576416015625,0.10306118428707123,-0.4437195658683777,-0.6603362560272217
1789031151776583400,0.15758349609375,0.2748801112174988,-0.03709857165813446,-0.8277015089988708
1789031151786590500,0.167590576171875,0.4520847201347351,0.2958919107913971,-0.9626633524894714
1789031151796597200,0.17759716796875,0.526788592338562,0.5137187242507935,-1.035510778427124
1789031151806604300,0.187604248046875,0.45536133646965027,0.3958786129951477,-1.0510908365249634
1789031151816610300,0.1976103515625,0.2723316252231598,0.28096628189086914,-0.999485969543457
1789031151826617300,0.207617431640625,0.06082417443394661,0.20958450436592102,-0.9457095265388489
1789031151836624400,0.217624267578125,-0.14934630692005157,-0.19647568464279175,-0.9071668386459351
1789031151846631200,0.227631103515625,-0.32018646597862244,-0.6467267274856567,-0.8261875510215759
1789031151856637200,0.23763720703125,-0.4365215003490448,-0.8726929426193237,-0.6908147931098938
1789031151866644500,0.24764453125,-0.5189913511276245,-0.9683286547660828,-0.5571507215499878
1789031151876651300,0.2576513671875,-0.6167383790016174,-1.0225255489349365,-0.45516645908355713
1789031151886658300,0.267658203125,-0.7232669591903687,-0.9091506004333496,-0.4319838881492615
1789031151896665300,0.277665283203125,-0.836062490940094,-0.6781526207923889,-0.4253520965576172
1789031151906671400,0.28767138671875,-0.8176413774490356,-0.47100427746772766,-0.31857770681381226
1789031151916678400,0.297678466796875,-0.7476561069488525,-0.36281847953796387,-0.141207754611969
1789031151926685400,0.307685546875,-0.6587139368057251,-0.2772497832775116,0.022586503997445107
1789031151936692200,0.317692138671875,-0.43100616335868835,-0.37215152382850647,0.19820791482925415
1789031151946699300,0.32769921875,-0.009259194135665894,-0.6973088383674622,0.386173278093338
1789031151956705300,0.337705322265625,0.4685947597026825,-1.1654192209243774,0.582279622554779
1789031151966712300,0.34771240234375,0.8596338629722595,-1.4690089225769043,0.7302877306938171
1789031151976719400,0.35771923828125,0.982314944267273,-1.5215802192687988,0.839434802532196
1789031151986726400,0.367726318359375,0.8478335738182068,-1.3566906452178955,0.864911675453186
1789031151996732200,0.377732177734375,0.5836650133132935,-1.0310832262039185,0.8340437412261963
1789031152006739500,0.387739501953125,0.443225622177124,-0.48799484968185425,0.7698978185653687
1789031152016746200,0.397746337890625,0.5327463746070862,0.07775647938251495,0.729669988155365
1789031152026753500,0.40775341796875,0.7872793078422546,0.603973925113678,0.649054229259491
1789031152036760300,0.41776025390625,1.1326463222503662,0.9816930890083313,0.4877055585384369
1789031152046766300,0.427766357421875,1.515281081199646,1.2076252698898315,0.25150156021118164
1789031152056773400,0.4377734375,1.824384093284607,1.119802474975586,-0.0613529309630394
1789031152066780400,0.447780517578125,1.9714107513427734,0.7149767279624939,-0.3863848149776459
1789031152076787200,0.457787109375,1.890016794204712,0.1991303265094757,-0.6013292670249939
1789031152086794500,0.46779443359375,1.6993908882141113,-0.23278219997882843,-0.5569628477096558
1789031152096800300,0.47780029296875,1.4787005186080933,-0.47679948806762695,-0.3165445327758789
1789031152106807300,0.487807373046875,1.2002500295639038,-0.5732652544975281,-0.02575264312326908
1789031152116814300,0.497814453125,0.9761998653411865,-0.43976956605911255,0.22005872428417206
1789031152126821400,0.5078212890625,0.8996962904930115,-0.11901097744703293,0.3490537106990814
1789031152136827100,0.5178271484375,0.9756668210029602,0.1912768930196762,0.29203128814697266
1789031152146834400,0.52783447265625,1.043245553970337,0.29346612095832825,0.09046647697687149
1789031152156841200,0.53784130859375,1.0171680450439453,0.3148981034755707,-0.05593882128596306
1789031152166848500,0.5478486328125,0.8928879499435425,0.13225719332695007,-0.07722626626491547
1789031152176855300,0.557855224609375,0.7464349865913391,-0.187692791223526,0.03276505321264267
1789031152186861300,0.567861328125,0.6120526790618896,-0.5277001857757568,0.2404564619064331
1789031152196868400,0.577868408203125,0.6259130835533142,-0.9456477165222168,0.4554652273654938
1789031152206875400,0.58787548828125,0.7957401871681213,-1.3359103202819824,0.5346881151199341
1789031152216882200,0.597882080078125,0.9366514682769775,-1.17722487449646,0.35596963763237
1789031152226889500,0.607889404296875,1.1234935522079468,-1.391076922416687,-0.04325365275144577
1789031152236895200,0.617895263671875,1.3912513256072998,-2.154362916946411,-0.47320592403411865
1789031152246902300,0.62790234375,1.565847635269165,-2.7448418140411377,-0.6391722559928894
1789031152256909300,0.637909423828125,1.604190468788147,-2.6280782222747803,-0.6266458630561829
1789031152266916400,0.647916259765625,1.548846960067749,-2.046072483062744,-0.4493322968482971
1789031152276923400,0.65792333984375,1.4286651611328125,-1.5056744813919067,-0.19525431096553802
1789031152286929400,0.667929443359375,1.2602460384368896,-1.1155784130096436,0.09871658682823181
1789031152296936200,0.677936279296875,1.0769678354263306,-0.9734574556350708,0.35697993636131287
1789031152306943500,0.687943603515625,0.8616794347763062,-1.1144263744354248,0.5254989266395569
1789031152316950300,0.6979501953125,0.6058068871498108,-1.5943918228149414,0.5792379379272461
1789031152326957300,0.707957275390625,0.3089403510093689,-2.1791937351226807,0.4492088258266449
1789031152336963300,0.71796337890625,0.05467233434319496,-2.6599504947662354,0.16311436891555786
1789031152346970400,0.727970458984375,-0.07307257503271103,-3.049220561981201,-0.23396986722946167
1789031152356977200,0.73797705078125,-0.08312356472015381,-3.3200838565826416,-0.7121701240539551
1789031152366984400,0.747984375,0.09480036795139313,-3.565896511077881,-1.0928325653076172
1789031152376990200,0.757990234375,0.5162487030029297,-4.052611827850342,-1.2141036987304688
1789031152386997200,0.767997314453125,1.1915851831436157,-4.695602893829346,-1.0675419569015503
1789031152397004300,0.77800439453125,2.138969659805298,-5.256475448608398,-0.6825573444366455
1789031152407011300,0.78801123046875,3.2229208946228027,-5.68146276473999,-0.12532630562782288
1789031152417018400,0.798018310546875,4.058789253234863,-5.63720703125,0.41917741298675537
1789031152427024400,0.8080244140625,4.388587951660156,-5.03090238571167,0.7621665000915527
1789031152437031200,0.81803125,4.247157573699951,-4.370534896850586,0.8180278539657593
1789031152447038500,0.82803857421875,3.9974420070648193,-4.634541034698486,0.6334079504013062
1789031152457045000,0.838044921875,3.9793808460235596,-5.507217884063721,0.4968244731426239
1789031152467052000,0.848052001953125,4.313021183013916,-6.583461761474609,0.755598783493042
1789031152477058000,0.85805810546875,4.718158721923828,-7.396937847137451,1.4965533018112183
1789031152487065000,0.868065185546875,4.876379489898682,-7.31887149810791,2.4144275188446045
1789031152497071900,0.87807177734375,4.60808801651001,-6.452084541320801,2.974729537963867
1789031152507079200,0.8880791015625,4.277652263641357,-5.618628025054932,2.969008445739746
1789031152517086000,0.8980859375,4.207040309906006,-4.948592662811279,2.5271103382110596
1789031152527092000,0.908092041015625,4.44586706161499,-4.109518051147461,1.8636592626571655
1789031152537099000,0.91809912109375,4.845211029052734,-3.257640838623047,1.310130000114441
1789031152547106000,0.92810595703125,5.143468856811523,-2.6354386806488037,1.0121352672576904
1789031152557112800,0.93811279296875,5.090115547180176,-2.527590274810791,1.0222781896591187
1789031152567119000,0.948119140625,4.371719837188721,-2.3759171962738037,1.2448140382766724
1789031152577126100,0.958126220703125,3.1732940673828125,-1.9167393445968628,1.5082619190216064
1789031152587133000,0.9681328125,2.0677103996276855,-1.1414813995361328,1.622078776359558
1789031152597140000,0.978139892578125,1.3873672485351562,-0.20764315128326416,1.3983834981918335
1789031152607147000,0.98814697265625,1.0526220798492432,0.39304056763648987,0.6387988328933716
1789031152617153000,0.998153076171875,0.8602027297019958,0.8819279670715332,0.15692992508411407
1789031152627160000,1.00816015625,0.6060333251953125,0.11853495240211487,-0.5872411727905273
1789031152637167000,1.0181669921875,0.3763689398765564,-0.6312379240989685,-0.8814940452575684
1789031152647174100,1.028174072265625,0.5070867538452148,-0.2356773018836975,-0.28885868191719055
1789031152657181000,1.038180908203125,0.8716934323310852,1.105581521987915,0.709304928779602
1789031152667187000,1.04818701171875,1.195090889930725,1.1430517435073853,1.2495465278625488
1789031152677194200,1.0581943359375,0.6909687519073486,0.44977250695228577,0.8525213003158569
1789031152687201000,1.068200927734375,0.18497000634670258,-0.26731422543525696,0.7778393626213074
1789031152697207800,1.078207763671875,-0.5800341367721558,-2.4066011905670166,-0.3041611611843109
1789031152707215000,1.088215087890625,-1.0803883075714111,-2.0552010536193848,-0.3869923949241638
1789031152717221000,1.09822119140625,-0.6203253865242004,-0.7388891577720642,0.24446488916873932
1789031152727228000,1.108227783203125,0.19363254308700562,-1.1082059144973755,-0.8363233804702759
1789031152737235000,1.11823486328125,0.3574661314487457,-0.6015257239341736,-1.4142208099365234
1789031152747242000,1.128241943359375,0.39966684579849243,1.2012593746185303,0.06093074753880501
1789031152757249000,1.1382490234375,0.19020438194274902,1.2002168893814087,0.6794794797897339
1789031152767255000,1.148255126953125,-0.41881290078163147,0.2205221951007843,-0.23735660314559937
1789031152777262000,1.158261962890625,-0.7635881900787354,0.6186718940734863,-0.9811050891876221
1789031152787269000,1.16826904296875,-0.6318660974502563,0.7493380308151245,-1.6405181884765625
1789031152797276000,1.17827587890625,-0.4081350564956665,0.9484120011329651,-1.6278282403945923
1789031152807282000,1.188281982421875,-0.27312830090522766,0.5009873509407043,-1.3979042768478394
1789031152817289200,1.198289306640625,-0.043102722615003586,-0.29469573497772217,-1.2759636640548706
1789031152827296000,1.2082958984375,0.10239829123020172,-0.9377505779266357,-0.9274793863296509
1789031152837303000,1.218302978515625,0.057767804712057114,-1.182665228843689,-0.353039413690567
1789031152847310000,1.22831005859375,0.14615358412265778,-1.3444538116455078,0.03182090073823929
1789031152857316000,1.238316162109375,0.3683640658855438,-1.431543231010437,0.19620591402053833
1789031152867323000,1.248322998046875,0.5779359340667725,-1.3185510635375977,0.33949515223503113
1789031152877330200,1.258330078125,0.7461562752723694,-1.2072664499282837,0.42211320996284485
1789031152887337000,1.2683369140625,0.8219165802001953,-1.1194404363632202,0.5628466606140137
1789031152897344000,1.278343994140625,0.9280941486358643,-1.1317001581192017,0.5913612842559814
1789031152907350000,1.28835009765625,1.2408277988433838,-1.2195868492126465,0.5202389359474182
1789031152917357000,1.298357177734375,1.5343079566955566,-1.387660264968872,0.34168487787246704
1789031152927364000,1.308364013671875,1.3848567008972168,-1.5520989894866943,0.2359565645456314
1789031152937371100,1.31837109375,1.3162736892700195,-1.64797043800354,0.2615024149417877
1789031152947378000,1.3283779296875,1.1211838722229004,-2.1557674407958984,0.2550485134124756
1789031152957384200,1.33838427734375,0.8718146681785583,-2.2799339294433594,0.3461412787437439
1789031152967391000,1.348390869140625,0.579393744468689,-2.153804302215576,0.4655856788158417
1789031152977398000,1.35839794921875,0.41208934783935547,-1.579185962677002,0.6270738840103149
1789031152987405000,1.368405029296875,0.4668460488319397,-0.806597888469696,0.766646146774292
1789031152997411800,1.378411865234375,0.6664914488792419,-0.23406602442264557,0.7398611307144165
1789031153007418000,1.388418212890625,0.8299187421798706,0.005243489518761635,0.5016906261444092
1789031153017425200,1.398425048828125,0.7520641088485718,-0.151117205619812,0.27623024582862854
1789031153027432000,1.408431884765625,0.46089163422584534,-0.48773515224456787,0.27629920840263367
1789031153037439200,1.418439208984375,0.11500199884176254,-0.7949748039245605,0.5273035764694214
1789031153047445000,1.428445068359375,-0.07653626799583435,-0.8514769673347473,0.7882273197174072
1789031153057452000,1.4384521484375,-0.1665915548801422,-0.7539383172988892,0.941666841506958
1789031153067459000,1.448458984375,-0.12735547125339508,-0.6146448254585266,0.8924189209938049
1789031153077466000,1.458466064453125,-0.01109997183084488,-0.6354497075080872,0.7587388753890991
1789031153087473200,1.46847314453125,0.04156750068068504,-0.9146257042884827,0.685756266117096
1789031153097479200,1.478479248046875,0.031014762818813324,-1.382869839668274,0.6652571558952332
1789031153107486000,1.48848583984375,0.07331481575965881,-1.679189920425415,0.788398802280426
1789031153117493200,1.4984931640625,0.06380512565374374,-1.7479842901229858,0.8825892806053162
1789031153127500000,1.5085,-0.07005280256271362,-1.79848051071167,1.0015065670013428
1789031153137507000,1.518507080078125,-0.3037731945514679,-1.820284128189087,1.1739922761917114
1789031153147513000,1.52851318359375,-0.4466975927352905,-1.719123363494873,1.1993050575256348
1789031153157520100,1.53852001953125,-0.38705888390541077,-1.505123257637024,0.9836260676383972
1789031153167527000,1.54852685546875,-0.23903639614582062,-1.080280065536499,0.7278363704681396
1789031153177534200,1.5585341796875,-0.19530034065246582,-0.7316082715988159,0.5264163613319397
1789031153187541000,1.568541015625,-0.3484581708908081,-0.555719792842865,0.3463302254676819
1789031153197547000,1.578547119140625,-0.5487909913063049,-0.48432525992393494,0.25757235288619995
1789031153207554000,1.588553955078125,-0.6516281962394714,-0.31973445415496826,0.302626371383667
1789031153217561000,1.59856103515625,-0.47313040494918823,-0.16495734453201294,0.417241632938385
1789031153227568000,1.608568115234375,-0.20758871734142303,0.07708163559436798,0.6377342939376831
1789031153237575200,1.6185751953125,-0.0694206953048706,0.3896262049674988,0.8372375965118408
1789031153247581000,1.628580810546875,0.017909949645400047,0.7742921710014343,0.7671709060668945
1789031153257588200,1.638588134765625,-0.037283867597579956,1.106640100479126,0.6805217862129211
1789031153267595000,1.648594970703125,-0.2742609977722168,1.4243837594985962,0.6240542531013489
1789031153277602000,1.65860205078125,-0.6084126830101013,1.8859132528305054,0.5768851041793823
1789031153287609000,1.668609130859375,-0.9894763827323914,2.1614139080047607,0.5422812700271606
1789031153297615000,1.678614990234375,-1.3491559028625488,2.1350719928741455,0.47036510705947876
1789031153307622000,1.688621826171875,-1.4911530017852783,1.9242734909057617,0.17534200847148895
1789031153317629200,1.698629150390625,-1.2487828731536865,1.4744610786437988,-0.1018209457397461
1789031153327636000,1.708635986328125,-0.9484885334968567,1.0584683418273926,0.03668953478336334
1789031153337643300,1.718643310546875,-0.6827974915504456,0.7417705059051514,0.4499092400074005
1789031153347649000,1.72864892578125,-0.5677055716514587,0.6644959449768066,0.8347290754318237
1789031153357656000,1.738656005859375,-0.5279600620269775,0.7052425146102905,0.9323632717132568
1789031153367663000,1.7486630859375,-0.45872747898101807,0.5977658629417419,0.6125032305717468
1789031153377670100,1.758670166015625,-0.36475470662117004,0.7191886901855469,0.26298555731773376
1789031153387677000,1.768677001953125,-0.20599062740802765,0.882061243057251,-0.01980723813176155
1789031153397683200,1.77868310546875,-0.11057212203741074,0.7781170010566711,-0.32256340980529785
1789031153407690000,1.78868994140625,0.03682611510157585,0.49654385447502136,-0.5109403133392334
1789031153417697000,1.798697021484375,-0.04298216477036476,0.09862126410007477,-0.5187297463417053
1789031153427704000,1.8087041015625,-0.030302854254841805,-0.17817863821983337,-0.4732988774776459
1789031153437711000,1.818711181640625,0.08832438290119171,-0.47010475397109985,-0.3447735011577606
1789031153447716900,1.828716796875,0.25745081901550293,-0.6673603057861328,-0.13001753389835358
1789031153457724700,1.838724609375,0.40070879459381104,-0.638410747051239,-0.017484379932284355
1789031153467731500,1.8487314453125,0.5595386624336243,-0.5698396563529968,-0.11784613877534866
1789031153477738500,1.858738525390625,0.8502225279808044,-0.7122144103050232,-0.2617376148700714
1789031153487745500,1.86874560546875,0.8255776762962341,-0.9115632176399231,-0.3368699252605438
1789031153497751600,1.87875146484375,0.5879532098770142,-1.0703972578048706,-0.3322768807411194
1789031153507758300,1.88875830078125,0.23819175362586975,-1.1741507053375244,-0.3582645356655121
1789031153517765600,1.898765625,-0.039258066564798355,-1.0992258787155151,-0.45499488711357117
1789031153527772400,1.9087724609375,-0.22090083360671997,-1.0085972547531128,-0.6176711320877075
1789031153537779500,1.918779541015625,-0.19837123155593872,-1.003528356552124,-0.7896391153335571
1789031153547785500,1.928785400390625,-0.10492250323295593,-1.1977046728134155,-0.9057012796401978
1789031153557792500,1.93879248046875,-0.14196725189685822,-1.4605859518051147,-0.990725040435791
1789031153567799600,1.948799560546875,-0.20684584975242615,-1.530483365058899,-1.1390410661697388
1789031153577806600,1.958806640625,-0.2400720864534378,-1.2951791286468506,-1.3120397329330444
1789031153587813400,1.9688134765625,-0.20825956761837006,-0.874077558517456,-1.4640218019485474
1789031153597819600,1.978819580078125,-0.04804901033639908,-0.547993004322052,-1.6655787229537964
1789031153607826400,1.988826416015625,0.1749478578567505,-0.4475470185279846,-1.8984516859054565
1789031153617833500,1.99883349609375,0.43294820189476013,-0.536346435546875,-2.0427138805389404
1789031153627840500,2.008840576171875,0.6075215935707092,-0.6655794978141785,-2.0697286128997803
1789031153637846500,2.018846435546875,0.579539954662323,-0.6193149089813232,-1.9790794849395752
1789031153647853300,2.028853271484375,0.4249168336391449,-0.4725118577480316,-1.8883432149887085
1789031153657860600,2.038860595703125,0.4209821820259094,-0.4129924178123474,-1.8008183240890503
1789031153667867400,2.048867431640625,0.43199434876441956,-0.4043712317943573,-1.6740108728408813
1789031153677874700,2.058874755859375,0.27834492921829224,-0.24729962646961212,-1.383427619934082
1789031153687880400,2.06888037109375,0.12998822331428528,-0.16295039653778076,-1.034122347831726
1789031153697887500,2.078887451171875,0.35199764370918274,-0.08677788078784943,-0.8558210730552673
1789031153707894500,2.08889453125,0.7787238955497742,0.0426538810133934,-0.8981056809425354
1789031153717901600,2.098901611328125,1.1038658618927002,0.04988894984126091,-1.0825341939926147
1789031153727908400,2.108908447265625,1.1763869524002075,-0.15426072478294373,-1.1891213655471802
1789031153737914600,2.11891455078125,1.0821257829666138,-0.27422916889190674,-1.1277539730072021
1789031153747921400,2.12892138671875,0.8297032713890076,-0.06381547451019287,-0.7671641707420349
1789031153757928400,2.138928466796875,0.5330163836479187,-0.0023758900351822376,-0.36544883251190186
1789031153767935500,2.148935546875,0.24444742500782013,0.2208516001701355,-0.28357502818107605
1789031153777942500,2.158942626953125,0.029581218957901,0.7879721522331238,-0.543875515460968
1789031153787948300,2.1689482421875,-0.2561488151550293,1.7883710861206055,-1.103271722793579
1789031153797955600,2.17895556640625,-0.44932428002357483,2.729306697845459,-1.8276984691619873
1789031153807962400,2.18896240234375,-0.37016767263412476,3.3151068687438965,-2.4136126041412354
1789031153817969700,2.1989697265625,0.04658157378435135,3.0067641735076904,-2.435296058654785
1789031153827976400,2.2089765625,0.26090317964553833,2.165867328643799,-1.8674206733703613
1789031153837982500,2.218982421875,0.18743282556533813,0.9205584526062012,-0.9991168975830078
1789031153847989500,2.228989501953125,0.1741577684879303,0.035932507365942,-0.22142088413238525
1789031153857996500,2.23899658203125,0.34586113691329956,-0.17014268040657043,0.22443446516990662
1789031153868003300,2.24900341796875,0.5346643924713135,0.06306315958499908,0.307009220123291
1789031153878010600,2.2590107421875,0.7017664313316345,0.46005797386169434,0.08076106011867523
1789031153888016400,2.269016357421875,0.7929373383522034,0.7719362378120422,-0.26100531220436096
1789031153898023400,2.2790234375,0.7595542073249817,0.9497388005256653,-0.5310821533203125
1789031153908030500,2.289030517578125,0.6099936962127686,0.805492639541626,-0.6138073801994324
1789031153918037500,2.29903759765625,0.35433778166770935,0.34044012427330017,-0.4867416322231293
1789031153928044500,2.30904443359375,0.0852530375123024,-0.46525609493255615,-0.23197218775749207
1789031153938050600,2.319050537109375,-0.06097957864403725,-1.244110107421875,0.11639043688774109
1789031153948057300,2.329057373046875,-0.10736198723316193,-1.7401412725448608,0.3717372417449951
1789031153958064600,2.339064697265625,-0.08368880301713943,-1.8104404211044312,0.35764002799987793
1789031153968071400,2.349071533203125,0.005867178086191416,-1.5682793855667114,0.05302898958325386
1789031153978078500,2.359078369140625,0.10221384465694427,-1.0543577671051025,-0.33283567428588867
1789031153988084500,2.36908447265625,0.11492617428302765,-0.7004694938659668,-0.5807863473892212
1789031153998091500,2.379091552734375,0.12822911143302917,-0.6603553295135498,-0.7066980600357056
1789031154008098300,2.389098388671875,0.12367857992649078,-0.6720386147499084,-0.7166457772254944
1789031154018105600,2.399105712890625,0.19590677320957184,-0.5513882637023926,-0.5610380172729492
1789031154028111400,2.409111328125,0.37179842591285706,-0.5066311955451965,-0.4808276295661926
1789031154038118400,2.419118408203125,0.5660660862922668,-0.4105207324028015,-0.4926435947418213
1789031154048125400,2.42912548828125,0.8234158754348755,-0.18457014858722687,-0.5144056677818298
1789031154058132500,2.439132568359375,1.1002990007400513,-0.1321197897195816,-0.4511966109275818
1789031154068139500,2.449139404296875,1.315507411956787,-0.30789855122566223,-0.3223124146461487
1789031154078145500,2.4591455078125,1.439574956893921,-0.6260064244270325,-0.06449535489082336
1789031154088152300,2.46915234375,1.497530221939087,-1.1354444026947021,0.10848254710435867
1789031154098159600,2.47915966796875,1.7111660242080688,-1.3953410387039185,0.1677880734205246
1789031154108166400,2.48916650390625,2.0189731121063232,-1.648743987083435,0.1620446890592575
1789031154118173400,2.49917333984375,2.414257526397705,-1.8296723365783691,0.19737344980239868
1789031154128179500,2.509179443359375,2.5736982822418213,-1.5751553773880005,0.1235271766781807
1789031154138186500,2.5191865234375,2.487334728240967,-1.159083366394043,-0.009881425648927689
1789031154148193300,2.529193359375,2.2970523834228516,-0.8952085971832275,-0.021696271374821663
1789031154158200600,2.53920068359375,2.185345411300659,-0.7359520792961121,-0.0006667803972959518
1789031154168207400,2.549207275390625,2.107555866241455,-0.7739143967628479,0.09905155748128891
1789031154178213400,2.55921337890625,1.9742209911346436,-1.0901496410369873,0.18524710834026337
1789031154188220400,2.569220458984375,1.7002376317977905,-1.2300398349761963,0.12797130644321442
1789031154198227500,2.5792275390625,1.4268511533737183,-0.9770967364311218,-0.08508793264627457
1789031154208234500,2.589234375,1.2738903760910034,-0.5524288415908813,-0.5102903842926025
1789031154218241500,2.599241455078125,1.294656753540039,-0.13068391382694244,-0.9140440225601196
1789031154228247300,2.609247314453125,1.4386656284332275,0.22495834529399872,-0.9106349349021912
1789031154238254600,2.619254638671875,1.5159897804260254,0.1344318389892578,-0.39981353282928467
1789031154248261400,2.629261474609375,1.4049702882766724,-0.13784575462341309,0.12351945042610168
1789031154258268400,2.639268310546875,1.2619571685791016,-0.2698124051094055,0.4004431962966919
1789031154268274400,2.6492744140625,1.1239417791366577,-0.09450715780258179,0.49656468629837036
1789031154278281500,2.659281494140625,0.9508922100067139,0.6096190214157104,0.413340300321579
1789031154288288300,2.669288330078125,0.6464766263961792,1.0923686027526855,0.475388765335083
1789031154298295600,2.679295654296875,0.6148360967636108,1.1076080799102783,0.5390686392784119
1789031154308302300,2.68930224609375,0.9637495875358582,0.42066460847854614,0.7051782608032227
1789031154318308400,2.699308349609375,1.4653081893920898,-0.663891613483429,1.1982866525650024
1789031154328315400,2.7093154296875,1.7146375179290771,-2.1745970249176025,1.6969050168991089
1789031154338322400,2.719322509765625,1.7673324346542358,-3.666590452194214,1.9030342102050781
1789031154348329500,2.72932958984375,1.8327828645706177,-4.566160202026367,1.855139970779419
1789031154358336500,2.73933642578125,1.8500932455062866,-4.499251365661621,1.6542855501174927
1789031154368342300,2.74934228515625,1.8287529945373535,-3.895432949066162,1.4331976175308228
1789031154378349600,2.759349609375,1.6929537057876587,-3.2176387310028076,1.3332061767578125
1789031154388356400,2.7693564453125,1.3861191272735596,-2.395004987716675,1.3469014167785645
1789031154398363400,2.77936328125,1.1030148267745972,-1.2058266401290894,1.4736813306808472
1789031154408370400,2.789370361328125,0.8088088035583496,0.08853857964277267,1.4560365676879883
1789031154418376400,2.79937646484375,0.48011720180511475,1.177679419517517,1.3033735752105713
1789031154428383200,2.80938330078125,0.13521705567836761,2.0929925441741943,0.7835552096366882
1789031154438390500,2.819390625,-0.1780422329902649,2.5654351711273193,0.04097279533743858
1789031154448397300,2.829397216796875,-0.42821556329727173,2.356826066970825,-0.5720183849334717
1789031154458404900,2.83940478515625,-0.5569097399711609,1.9611772298812866,-0.7741339206695557
1789031154468410600,2.84941064453125,-0.707322895526886,1.6926097869873047,-0.39726966619491577
1789031154478417700,2.859417724609375,-0.8841907382011414,1.2352097034454346,0.09732167422771454
1789031154488424700,2.8694248046875,-1.2284342050552368,0.7221576571464539,0.33983951807022095
1789031154498431700,2.879431640625,-1.8720678091049194,0.14897632598876953,0.47550567984580994
1789031154508438500,2.8894384765625,-2.6672072410583496,-0.04834873229265213,0.7874614596366882
1789031154518444800,2.89944482421875,-3.5084755420684814,0.5707182288169861,0.6362082958221436
1789031154528451600,2.90945166015625,-4.242932319641113,1.236687183380127,0.36487534642219543
1789031154538458600,2.919458740234375,-4.646358966827393,1.3644391298294067,0.08793066442012787
1789031154548465700,2.929465576171875,-4.286290645599365,1.1250782012939453,-0.36349111795425415
1789031154558472700,2.93947265625,-3.2884089946746826,0.7492743134498596,-0.9230085015296936
1789031154568478500,2.949478515625,-2.175224781036377,0.5068947076797485,-1.5156667232513428
1789031154578485800,2.95948583984375,-1.3214579820632935,0.5453947186470032,-2.0628128051757812
1789031154588492500,2.969492431640625,-0.9723561406135559,0.8685136437416077,-2.300450563430786
1789031154598499800,2.979499755859375,-0.9856644868850708,1.3639938831329346,-2.143247365951538
1789031154608506600,2.989506591796875,-1.0491881370544434,1.682228922843933,-1.7405749559402466
1789031154618512600,2.9995126953125,-1.0586316585540771,1.4234259128570557,-1.3541018962860107
1789031154628519700,3.009519775390625,-0.9722592234611511,0.754599928855896,-1.146894097328186
1789031154638526700,3.019526611328125,-0.864456832408905,0.11425134539604187,-1.1928904056549072
1789031154648533500,3.029533447265625,-0.8115395307540894,-0.3825125992298126,-1.3890421390533447
1789031154658539800,3.039539794921875,-0.7565584182739258,-0.6895306706428528,-1.6038872003555298
1789031154668546600,3.049546630859375,-0.7325758337974548,-0.59993976354599,-1.7586826086044312
1789031154678553600,3.0595537109375,-0.7054913640022278,-0.43085354566574097,-1.7507084608078003
1789031154688560600,3.069560546875,-0.7355150580406189,-0.45109274983406067,-1.5755038261413574
1789031154698567700,3.079567626953125,-0.7864079475402832,-0.5740506649017334,-1.4263397455215454
1789031154708573700,3.08957373046875,-0.7256133556365967,-0.5893555879592896,-1.4436452388763428
1789031154718580700,3.099580810546875,-0.5583593249320984,-0.5338692665100098,-1.5799987316131592
1789031154728587500,3.10958740234375,-0.2562341094017029,-0.47254762053489685,-1.6846867799758911
1789031154738594800,3.1195947265625,-0.1233820766210556,-0.5891582369804382,-1.5438921451568604
1789031154748601600,3.1296015625,-0.06469320505857468,-0.6911812424659729,-1.2651023864746094
1789031154758607600,3.139607666015625,-0.038500480353832245,-0.5443710684776306,-0.9318668246269226
1789031154768614700,3.14961474609375,-0.12163984030485153,-0.11676859855651855,-0.6359113454818726
1789031154778621700,3.15962158203125,-0.186367928981781,0.07157932221889496,-0.49676764011383057
1789031154788628500,3.16962841796875,-0.16454333066940308,0.029134128242731094,-0.5700823068618774
1789031154798635800,3.1796357421875,-0.1265820860862732,-0.16971492767333984,-0.7284886240959167
1789031154808641800,3.189641845703125,-0.0725468248128891,-0.42405375838279724,-0.7782489657402039
1789031154818648600,3.199648681640625,-0.014868653379380703,-0.5657815337181091,-0.6506242156028748
1789031154828655600,3.209655517578125,0.00548695120960474,-0.5352691411972046,-0.398722767829895
1789031154838662700,3.21966259765625,-0.025981372222304344,-0.36545267701148987,-0.13694466650485992
1789031154848669700,3.229669677734375,-0.11481111496686935,-0.2591853439807892,0.09007276594638824
1789031154858675700,3.23967578125,-0.20260676741600037,-0.17380636930465698,0.16897337138652802
1789031154868682500,3.2496826171875,-0.3123268783092499,-0.1522398293018341,0.06696552038192749
1789031154878689800,3.259689697265625,-0.519262969493866,-0.5254490971565247,-0.4211317300796509
1789031154888696600,3.269696533203125,-0.6808041930198669,-1.204379677772522,-1.061030387878418
1789031154898703600,3.27970361328125,-0.8287667036056519,-2.123736619949341,-1.4654830694198608
1789031154908710000,3.2897099609375,-0.952860414981842,-0.41822588443756104,-1.7684040069580078
1789031154918716700,3.299716552734375,-0.5611457824707031,0.900255560874939,-1.4484730958938599
1789031154928723500,3.309723388671875,-0.6253852248191833,0.9877654910087585,-0.6519732475280762
1789031154938730800,3.319730712890625,-0.8224921822547913,-0.5940498113632202,0.5386906266212463
1789031154948737500,3.329737548828125,-0.8121620416641235,-0.6728410720825195,0.7136861681938171
1789031154958743600,3.33974365234375,-0.8054535984992981,-0.6553669571876526,0.5437138676643372
1789031154968750600,3.34975048828125,-0.7849373817443848,-0.3259480595588684,0.23134903609752655
1789031154978757600,3.359757568359375,-0.899381160736084,-0.2590344250202179,-0.102598637342453
1789031154988764700,3.3697646484375,-1.1260182857513428,-0.2553137242794037,-0.4660809636116028
1789031154998771700,3.379771728515625,-1.4169081449508667,-0.05362117663025856,-0.7608506679534912
1789031155008777700,3.38977783203125,-1.6134452819824219,-0.07227262109518051,-0.6930956244468689
1789031155018784800,3.39978466796875,-1.6050268411636353,-0.14298418164253235,-0.516116738319397
1789031155028791600,3.40979150390625,-1.497457504272461,-0.48909497261047363,-0.3807048201560974
1789031155038798600,3.419798583984375,-1.3051241636276245,-0.8123906850814819,-0.30825504660606384
1789031155048804900,3.429804931640625,-0.9599276185035706,-1.230970859527588,-0.2613333463668823
1789031155058811600,3.439811767578125,-0.6239294409751892,-1.6494948863983154,-0.08533033728599548
1789031155068818700,3.449818603515625,-0.4665653109550476,-1.826034426689148,-0.017100147902965546
1789031155078825700,3.45982568359375,-0.3265630900859833,-1.864637851715088,-0.12808753550052643
1789031155088832500,3.46983251953125,-0.17825591564178467,-1.991864800453186,-0.3004632890224457
1789031155098838500,3.479838623046875,-0.10064702481031418,-2.107238292694092,-0.4439607560634613
1789031155108845800,3.489845703125,-0.12159651517868042,-2.1076807975769043,-0.5652365684509277
1789031155118852600,3.4998525390625,-0.3218906819820404,-2.249039649963379,-0.6010629534721375
1789031155128859600,3.509859619140625,-0.5736203789710999,-2.289628505706787,-0.5709271430969238
1789031155138866700,3.51986669921875,-0.6401509642601013,-1.797151803970337,-0.6729990839958191
1789031155148872700,3.529872802734375,-0.5670482516288757,-1.3586134910583496,-0.7452988624572754
1789031155158879700,3.539879638671875,-0.4344694912433624,-0.718600869178772,-0.8710313439369202
1789031155168886800,3.54988671875,-0.30092766880989075,-0.6454374194145203,-0.9926185011863708
1789031155178893600,3.5598935546875,-0.2557849884033203,-0.9876959919929504,-0.970065176486969
1789031155188900600,3.569900634765625,-0.2649039328098297,-1.1001852750778198,-0.9145201444625854
1789031155198906600,3.57990673828125,-0.35823002457618713,-1.1791836023330688,-0.8910340070724487
1789031155208913700,3.58991357421875,-0.4530912935733795,-1.1005327701568604,-0.8739207983016968
1789031155218920700,3.599920654296875,-0.5218299627304077,-0.9639263153076172,-0.9145844578742981
1789031155228927500,3.609927490234375,-0.5243157148361206,-0.8713367581367493,-0.9927820563316345
1789031155238934800,3.619934814453125,-0.45183464884757996,-0.8217141628265381,-1.0351521968841553
1789031155248940800,3.62994091796875,-0.32824426889419556,-1.0284091234207153,-0.9407135844230652
1789031155258947600,3.639947509765625,-0.2068810611963272,-1.1162199974060059,-0.890056848526001
1789031155268955000,3.649954833984375,-0.1419212371110916,-1.011370301246643,-0.8035866618156433
1789031155278961700,3.659961669921875,-0.17700514197349548,-0.6729910969734192,-0.7158460021018982
1789031155288968400,3.669968505859375,-0.286319375038147,-0.35796016454696655,-0.6958637833595276
1789031155298974700,3.679974609375,-0.4712231159210205,-0.14058072865009308,-0.6775151491165161
1789031155308981800,3.689981689453125,-0.6956160068511963,-0.01676717959344387,-0.6582610607147217
1789031155318988500,3.699988525390625,-0.8389450311660767,0.08642172068357468,-0.6308389902114868
1789031155328995600,3.70999560546875,-0.693889856338501,0.4411078989505768,-0.6701776385307312
1789031155339002600,3.720002685546875,-0.4989965558052063,0.557188868522644,-0.6795394420623779
1789031155349008600,3.730008544921875,-0.37079545855522156,0.552186906337738,-0.6277180314064026
1789031155359015700,3.740015625,-0.32191190123558044,0.5991002321243286,-0.526253879070282
1789031155369022700,3.750022705078125,-0.30409005284309387,0.7269974946975708,-0.4659609794616699
1789031155379029800,3.76002978515625,-0.20701928436756134,0.8388941287994385,-0.41173699498176575
1789031155389036500,3.77003662109375,-0.15852604806423187,0.6563078165054321,-0.19713468849658966
1789031155399042600,3.78004248046875,-0.09654732793569565,0.5701678991317749,-0.04097378998994827
1789031155409049900,3.7900498046875,0.044018834829330444,0.42855802178382874,0.10561298578977585
1789031155419056600,3.800056640625,0.1842382848262787,0.5357860326766968,0.18632706999778748
1789031155429063700,3.810063720703125,0.3221929371356964,0.5860529541969299,0.25050339102745056
1789031155439070700,3.82007080078125,0.5539729595184326,0.5793983340263367,0.33915674686431885
1789031155449076700,3.83007666015625,0.7869707942008972,0.6272878646850586,0.6059392094612122
1789031155459083500,3.84008349609375,0.8894382119178772,0.6831446290016174,0.8004800081253052
1789031155469090600,3.850090576171875,1.038651704788208,0.9150396585464478,0.8801580667495728
1789031155479097600,3.86009765625,1.1883957386016846,1.229932188987732,0.819750189781189
1789031155489103600,3.870103515625,1.2690315246582031,1.3335132598876953,0.8237103223800659
1789031155499110700,3.880110595703125,1.4133609533309937,1.1558979749679565,0.9046406745910645
1789031155509117700,3.89011767578125,1.6365444660186768,1.0277793407440186,1.037221074104309
1789031155519124500,3.90012451171875,1.7888389825820923,1.0078574419021606,1.084000825881958
1789031155529131800,3.9101318359375,1.80665922164917,1.1014281511306763,1.0508308410644531
1789031155539138600,3.920138671875,1.835649013519287,0.9858365058898926,0.9815502166748047
1789031155549144600,3.93014453125,1.9513846635818481,0.9821360111236572,0.9467823505401611
1789031155559151600,3.940151611328125,2.120236396789551,1.0728302001953125,0.9645811319351196
1789031155569158700,3.95015869140625,2.2492568492889404,0.9175004959106445,0.9640828967094421
1789031155579165700,3.960165771484375,2.308980703353882,0.7072107195854187,1.0515304803848267
1789031155589171700,3.970171630859375,2.291593551635742,0.45747971534729004,1.2267358303070068
1789031155599178500,3.980178466796875,2.2109975814819336,0.4570292532444,1.2875254154205322
1789031155609185800,3.990185791015625,2.124904155731201,0.6818077564239502,1.288232684135437
1789031155619192600,4.000192626953125,2.0378451347351074,0.9451715350151062,1.2598797082901
1789031155629199600,4.01019970703125,1.8630194664001465,1.6100438833236694,1.1057143211364746
1789031155639205600,4.02020556640625,1.5809448957443237,1.4650110006332397,1.0507874488830566
1789031155649212700,4.030212646484375,1.6701738834381104,0.8039946556091309,1.1192528009414673
1789031155659219500,4.040219482421875,1.8329074382781982,0.5894908308982849,1.2779978513717651
1789031155669226800,4.050226806640625,1.9705196619033813,0.7595168948173523,1.3745996952056885
1789031155679233500,4.060233642578125,1.8405191898345947,0.8828169107437134,1.5181236267089844
1789031155689239600,4.070239501953125,1.5192484855651855,0.8120450377464294,1.6068737506866455
1789031155699246600,4.08024658203125,1.2838068008422852,0.9755926728248596,1.6336513757705688
1789031155709253600,4.090253662109375,1.169572114944458,1.0592193603515625,1.6756802797317505
1789031155719260700,4.1002607421875,1.1573032140731812,0.9749323129653931,1.6525059938430786
1789031155729267700,4.110267822265625,1.176581859588623,0.9182407855987549,1.6044672727584839
1789031155739273500,4.1202734375,1.2299317121505737,0.762194812297821,1.5771809816360474
1789031155749280800,4.13028076171875,1.2344950437545776,0.551937460899353,1.5504703521728516
1789031155759287600,4.14028759765625,1.181252360343933,0.43020468950271606,1.5082972049713135
1789031155769294600,4.150294677734375,1.155173420906067,0.47713518142700195,1.4499106407165527
1789031155779301600,4.160301513671875,1.1123989820480347,0.5967419743537903,1.4203511476516724
1789031155789307600,4.1703076171875,1.1061517000198364,0.748889148235321,1.3673278093338013
1789031155799314400,4.180314453125,1.1141765117645264,0.794622004032135,1.2743208408355713
1789031155809321700,4.19032177734375,1.0867183208465576,0.7927223443984985,1.241174340248108
1789031155819328500,4.20032861328125,0.9562507271766663,0.719912052154541,1.212479591369629
1789031155829335800,4.210335693359375,0.75729900598526,0.5850980281829834,1.25184965133667
1789031155839342600,4.220342529296875,0.5552716255187988,0.5968207120895386,1.3086470365524292
1789031155849348600,4.2303486328125,0.521342396736145,0.6344567537307739,1.2650468349456787
1789031155859355600,4.240355712890625,0.6330755949020386,0.6447127461433411,1.0460584163665771
1789031155869362700,4.25036279296875,0.6614715456962585,0.5252915620803833,0.8825563192367554
1789031155879369500,4.260369384765625,0.6420882940292358,0.30606526136398315,0.8870168328285217
1789031155889375700,4.270375732421875,0.5811514854431152,0.1109413206577301,0.913881242275238
1789031155899382500,4.280382568359375,0.5026019811630249,0.009851740673184395,0.9362077116966248
1789031155909389600,4.2903896484375,0.3223065733909607,0.08363994210958481,0.8910282254219055
1789031155919396600,4.300396728515625,-0.028752349317073822,-0.044278763234615326,0.8402693271636963
1789031155929403600,4.310403564453125,-0.4480856955051422,-0.360805869102478,0.7093949317932129
1789031155939410700,4.32041064453125,-0.7620391845703125,-0.6648579835891724,0.6026939153671265
1789031155949416700,4.330416748046875,-0.9214317798614502,-0.8905395865440369,0.5759387016296387
1789031155959423500,4.340423583984375,-0.9292641878128052,-1.07517671585083,0.6612709760665894
1789031155969430800,4.3504306640625,-0.7523083090782166,-1.2682087421417236,0.6887097954750061
1789031155979437600,4.3604375,-0.5565623641014099,-1.3986461162567139,0.3946630656719208
1789031155989444600,4.370444580078125,-0.38261401653289795,-1.5469930171966553,-0.5854864716529846
1789031155999450600,4.38045068359375,-0.41696223616600037,-1.3497976064682007,-0.613284707069397
1789031156009457700,4.390457763671875,-0.7281747460365295,-1.7147397994995117,-0.6063773036003113
1789031156019464400,4.40046435546875,-0.9992771744728088,-2.0848259925842285,-1.295677900314331
1789031156029471700,4.4104716796875,-2.0190768241882324,-2.594860792160034,-2.6889936923980713
1789031156039478500,4.420478515625,-2.4827494621276855,-0.914137601852417,-2.106383800506592
1789031156049484500,4.430484619140625,-2.463682174682617,1.850439429283142,-1.1063077449798584
1789031156059491600,4.44049169921875,-1.7768338918685913,3.806476354598999,-0.9658569693565369
1789031156069498600,4.45049853515625,-1.345974087715149,3.8870961666107178,-1.557332992553711
1789031156079505700,4.460505615234375,-1.2156766653060913,2.8130404949188232,-1.8507311344146729
1789031156089512700,4.4705126953125,-1.0697658061981201,1.2037025690078735,-1.8009332418441772
1789031156099518500,4.4805185546875,-0.8046423196792603,-0.2856553792953491,-1.6646391153335571
1789031156109525800,4.49052587890625,-0.5163838863372803,-1.03639817237854,-1.4560768604278564
1789031156119532500,4.500532470703125,-0.2916335463523865,-1.120129942893982,-1.2670611143112183
1789031156129539600,4.51053955078125,-0.12185890227556229,-0.9655088782310486,-1.120561122894287
1789031156139546600,4.520546630859375,0.04041464999318123,-0.659813404083252,-0.9231168627738953
1789031156149552600,4.530552734375,0.18539687991142273,-0.4212231934070587,-0.6097448468208313
1789031156159559400,4.540559326171875,0.25700467824935913,-0.27178454399108887,-0.31079304218292236
1789031156169566700,4.550566650390625,0.21013383567333221,-0.18003492057323456,-0.13760152459144592
1789031156179573500,4.560573486328125,0.024205077439546585,-0.1939087063074112,-0.15552467107772827
1789031156189580800,4.570580810546875,-0.2681351900100708,-0.16668693721294403,-0.35231414437294006
1789031156199586600,4.580586669921875,-0.6464331150054932,0.016763009130954742,-0.6040506362915039
1789031156209593600,4.590593505859375,-0.9985858201980591,0.19577749073505402,-0.7939308285713196
1789031156219600600,4.6006005859375,-1.2424077987670898,0.016503065824508667,-0.8951435089111328
1789031156229607700,4.610607666015625,-1.2966617345809937,-0.5359020829200745,-0.894009530544281
1789031156239614500,4.620614501953125,-1.131105661392212,-1.1391545534133911,-0.8330221772193909
1789031156249621500,4.63062158203125,-0.9126535654067993,-1.5083197355270386,-0.7906693816184998
1789031156259627500,4.64062744140625,-0.9007301926612854,-1.4072390794754028,-0.8308352828025818
1789031156269634600,4.650634521484375,-0.9053917527198792,-0.9085205793380737,-1.0045827627182007
1789031156279641600,4.6606416015625,-0.8864285349845886,-0.5271437764167786,-1.0987544059753418
1789031156289648600,4.670648681640625,-0.9258084297180176,-0.4314116835594177,-1.094710350036621
1789031156299655700,4.68065576171875,-1.0190255641937256,-0.6397614479064941,-1.0781350135803223
1789031156309661700,4.69066162109375,-1.0969693660736084,-0.9008631110191345,-1.033040165901184
1789031156319668500,4.70066845703125,-1.1163371801376343,-0.9708124995231628,-1.0741480588912964
1789031156329675800,4.71067578125,-1.1051876544952393,-0.9932573437690735,-1.1474648714065552
1789031156339682600,4.7206826171875,-1.0672696828842163,-0.9778825640678406,-1.2177376747131348
1789031156349689600,4.730689697265625,-1.0884168148040771,-1.0869994163513184,-1.1965609788894653
1789031156359695600,4.740695556640625,-1.1184335947036743,-0.9831591844558716,-1.1709362268447876
1789031156369702700,4.75070263671875,-1.1331634521484375,-0.8070946931838989,-1.172966718673706
1789031156379709400,4.76070947265625,-1.1117783784866333,-0.9105966687202454,-1.1883642673492432
1789031156389716700,4.770716796875,-1.1127419471740723,-1.0423851013183594,-1.3266476392745972
1789031156399723500,4.7807236328125,-1.0416524410247803,-1.0174716711044312,-1.451858639717102
1789031156409729500,4.7907294921875,-0.9830419421195984,-1.0912702083587646,-1.4534592628479004
1789031156419736600,4.800736572265625,-0.9606890678405762,-1.1198917627334595,-1.4410146474838257
1789031156429743600,4.81074365234375,-0.9236921668052673,-1.2797902822494507,-1.3406821489334106
1789031156439750700,4.820750732421875,-0.8618695735931396,-1.8365205526351929,-1.1548718214035034
1789031156449757700,4.8307578125,-0.7457738518714905,-1.9477137327194214,-1.0073564052581787
1789031156459764500,4.840764404296875,-0.7557296752929688,-1.8078306913375854,-0.8939172029495239
1789031156469770500,4.8507705078125,-0.8433852195739746,-1.4833463430404663,-0.8687071800231934
1789031156479777500,4.860777587890625,-0.892995297908783,-1.229111671447754,-0.8915671706199646
1789031156489784600,4.87078466796875,-0.8078628182411194,-1.0858514308929443,-0.9269565939903259
1789031156499791600,4.88079150390625,-0.6087168455123901,-1.1206083297729492,-1.0249571800231934
1789031156509798400,4.89079833984375,-0.4892410635948181,-0.8778217434883118,-1.0498979091644287
1789031156519804400,4.900804443359375,-0.5414357781410217,-0.26807981729507446,-1.0365575551986694
1789031156529811700,4.910811767578125,-0.6722374558448792,0.11986897885799408,-0.9795089364051819
1789031156539818500,4.920818603515625,-0.715050220489502,-0.08263419568538666,-0.8049424290657043
1789031156549825500,4.930825439453125,-0.7514330148696899,-0.4644545316696167,-0.73599773645401
1789031156559832600,4.94083251953125,-0.7653524875640869,-0.43485763669013977,-0.7049746513366699
1789031156569838600,4.950838623046875,-0.6799255013465881,0.03370319679379463,-0.7447298169136047
1789031156579845400,4.960845458984375,-0.6104671955108643,0.2524082064628601,-0.7986931204795837
1789031156589852700,4.970852783203125,-0.5834444165229797,0.33200129866600037,-0.7501253485679626
1789031156599859500,4.980859375,-0.5818098187446594,0.652850329875946,-0.5055442452430725
1789031156609866500,4.990866455078125,-0.5941799879074097,1.0194714069366455,-0.3417912721633911
1789031156619872500,5.00087255859375,-0.6421840190887451,0.8843472003936768,-0.2617962956428528
1789031156629879600,5.010879638671875,-0.7008244395256042,0.4720187783241272,-0.11744310706853867
1789031156639886600,5.020886474609375,-0.714568018913269,0.45094549655914307,-0.08979865163564682
1789031156649893600,5.0308935546875,-0.5952796936035156,0.698787271976471,-0.0640871599316597
1789031156659900400,5.040900390625,-0.41779544949531555,0.7993667125701904,0.019879169762134552
1789031156669907500,5.050907470703125,-0.2598572075366974,0.8898191452026367,0.11527998745441437
1789031156679913500,5.06091357421875,-0.1287408471107483,0.8308233618736267,0.21614912152290344
1789031156689920500,5.07092041015625,-0.03912787511944771,0.7757071256637573,0.33402568101882935
1789031156699927600,5.080927490234375,0.04788198322057724,0.7486980557441711,0.46823009848594666
1789031156709934600,5.0909345703125,0.1513708233833313,0.6447482109069824,0.5680946707725525
1789031156719941600,5.100941650390625,0.30114367604255676,0.5623711347579956,0.6349112391471863
1789031156729947600,5.11094775390625,0.4805118143558502,0.6218739151954651,0.6936648488044739
1789031156739954400,5.120954345703125,0.650101900100708,0.8562379479408264,0.7742393016815186
1789031156749961700,5.130961669921875,0.8483596444129944,1.2364883422851562,0.8297001719474792
1789031156759968500,5.140968505859375,1.0417451858520508,1.5279788970947266,0.8160719871520996
1789031156769975300,5.150975341796875,1.1754415035247803,1.6318533420562744,0.8851085305213928
1789031156779981600,5.160981689453125,1.211132526397705,1.4701039791107178,1.026492714881897
1789031156789988600,5.170988525390625,1.2438015937805176,1.2744343280792236,1.155527949333191
1789031156799995400,5.180995361328125,1.30372953414917,1.1964131593704224,1.1628036499023438
1789031156810002700,5.191002685546875,1.3465144634246826,1.130612850189209,1.1488503217697144
1789031156820009500,5.201009521484375,1.4107850790023804,1.0353107452392578,1.206781268119812
1789031156830016500,5.2110166015625,1.535739541053772,0.7377448678016663,1.2553471326828003
1789031156840022500,5.2210224609375,1.6050291061401367,0.2027914673089981,1.353557825088501
1789031156850029600,5.231029541015625,1.5767793655395508,0.004486098885536194,1.404279112815857
1789031156860036600,5.24103662109375,1.5528169870376587,0.14024685323238373,1.3786731958389282
1789031156870043400,5.25104345703125,1.576171636581421,0.46168428659439087,1.2758829593658447
1789031156880050400,5.261050537109375,1.6930818557739258,0.6736838221549988,1.1880323886871338
1789031156890056700,5.271056640625,1.8236736059188843,0.6416447162628174,1.24494469165802
1789031156900063500,5.2810634765625,2.0377063751220703,0.7032075524330139,1.3210883140563965
1789031156910070500,5.291070556640625,2.080310583114624,0.48767924308776855,1.5516104698181152
1789031156920077600,5.30107763671875,1.982039451599121,0.48167693614959717,1.7704302072525024
1789031156930084400,5.31108447265625,1.7779605388641357,0.6373762488365173,1.913914680480957
1789031156940090600,5.321090576171875,1.587030291557312,0.7075631022453308,2.0527451038360596
1789031156950097700,5.33109765625,1.458661437034607,0.6803093552589417,2.1250338554382324
1789031156960104400,5.3411044921875,1.4272077083587646,0.6590359210968018,2.0258684158325195
1789031156970111500,5.351111572265625,1.4073137044906616,0.5618433356285095,1.8046172857284546
1789031156980118500,5.361118408203125,1.462706208229065,0.4768221080303192,1.5685079097747803
1789031156990125600,5.37112548828125,1.614894151687622,0.3938084542751312,1.4186168909072876
1789031157000131600,5.381131591796875,1.5691736936569214,0.19224487245082855,1.5661780834197998
1789031157010138600,5.391138671875,1.333077311515808,0.12117443233728409,1.8272647857666016
1789031157020145700,5.401145751953125,1.0418376922607422,0.420665979385376,2.010004758834839
1789031157030152400,5.41115234375,0.8043124675750732,0.8717138767242432,2.1304993629455566
1789031157040159500,5.421159423828125,0.8952774405479431,1.3279876708984375,2.140960454940796
1789031157050165800,5.431165771484375,1.3653637170791626,1.3747621774673462,1.848809003829956
1789031157060172500,5.441172607421875,1.6309757232666016,1.1110904216766357,1.6077665090560913
1789031157070179600,5.4511796875,1.4860901832580566,1.0808137655258179,1.6892973184585571
1789031157080186600,5.4611865234375,1.1095702648162842,1.1493752002716064,1.9766639471054077
1789031157090193400,5.471193359375,0.6895163059234619,0.7558835744857788,1.7445961236953735
1789031157100200700,5.48120068359375,0.4105927348136902,0.43907806277275085,0.9915043115615845
1789031157110206700,5.491206787109375,0.22455443441867828,0.7034207582473755,0.36351659893989563
1789031157120213500,5.501213623046875,0.18082638084888458,0.8983926773071289,0.09971492737531662
1789031157130220500,5.511220458984375,0.27162447571754456,0.679993748664856,0.021146617829799652
1789031157140227600,5.5212275390625,0.16851377487182617,0.17285051941871643,-0.02377888932824135
1789031157150234400,5.531234375,-0.08329609781503677,-0.42200618982315063,-0.15379707515239716
1789031157160240600,5.54124072265625,-0.37089282274246216,-0.9521838426589966,-0.44202518463134766
1789031157170247700,5.55124755859375,-0.6977422833442688,-1.058323860168457,-0.8717864155769348
1789031157180254500,5.56125439453125,-0.9736543297767639,-0.6720797419548035,-1.361008882522583
1789031157190261500,5.571261474609375,-1.1857367753982544,-0.36842215061187744,-1.7218530178070068
1789031157200268500,5.5812685546875,-1.3413515090942383,-0.3378306031227112,-1.8677728176116943
1789031157210275600,5.591275634765625,-1.4449223279953003,-0.27987784147262573,-1.9053263664245605
1789031157220281600,5.601281494140625,-1.4864351749420166,0.08816280215978622,-1.9608010053634644
1789031157230288400,5.611288330078125,-1.603346347808838,0.433538556098938,-2.0396199226379395
1789031157240295700,5.621295654296875,-1.7834428548812866,0.21821849048137665,-1.9584846496582031
1789031157250302500,5.631302490234375,-1.6560872793197632,-0.03154446557164192,-1.8166803121566772
1789031157260309500,5.6413095703125,-1.2679307460784912,-0.1381596326828003,-1.6487003564834595
1789031157270315500,5.6513154296875,-0.9395767450332642,-0.0421377569437027,-1.4548063278198242
1789031157280322600,5.661322509765625,-0.7935451865196228,0.25028687715530396,-1.244500994682312
1789031157290329300,5.671329345703125,-0.9535753726959229,0.8258348703384399,-1.1486685276031494
1789031157300336600,5.681336669921875,-0.9981194138526917,1.5384629964828491,-1.1532313823699951
1789031157310343400,5.691343505859375,-0.9577632546424866,1.2071186304092407,-0.8321294188499451
1789031157320350700,5.701350830078125,-0.827792227268219,0.34446388483047485,-0.43713635206222534
1789031157330356500,5.7113564453125,-0.524885356426239,-0.3378520905971527,-0.30950862169265747
1789031157340363500,5.721363525390625,-0.2963109016418457,-0.8549370765686035,-0.2892789840698242
1789031157350370600,5.73137060546875,-0.295093297958374,-0.8799582719802856,-0.38255834579467773
1789031157360377600,5.741377685546875,-0.45274579524993896,-0.4647337794303894,-0.5704783797264099
1789031157370384400,5.75138427734375,-0.6987936496734619,0.026122476905584335,-0.7139096260070801
1789031157380390700,5.761390625,-1.002354621887207,0.35819023847579956,-0.7429972887039185
1789031157390397400,5.7713974609375,-1.3149242401123047,0.19733290374279022,-0.6524964570999146
1789031157400404500,5.781404541015625,-1.3889802694320679,-0.2033080905675888,-0.5163303017616272
1789031157410411500,5.79141162109375,-1.181113600730896,-0.5508196949958801,-0.43591904640197754
1789031157420418600,5.80141845703125,-0.8550567626953125,-0.42205265164375305,-0.4917636215686798
1789031157430425600,5.811425537109375,-0.7923880815505981,-0.3492884337902069,-0.5217079520225525
1789031157440431600,5.821431640625,-0.8781436085700989,-0.7310060262680054,-0.443742036819458
1789031157450438400,5.8314384765625,-0.9683957099914551,-1.2332472801208496,-0.3759006857872009
1789031157460445700,5.84144580078125,-1.0594996213912964,-1.5888036489486694,-0.3142513632774353
1789031157470452700,5.85145263671875,-1.1373668909072876,-1.6244087219238281,-0.31379568576812744
1789031157480459800,5.861459716796875,-1.162126064300537,-1.2363885641098022,-0.47043943405151367
1789031157490465500,5.871465576171875,-1.013895869255066,-0.751255452632904,-0.7740631699562073
1789031157500472800,5.881472900390625,-1.0520778894424438,-1.1082580089569092,-0.7830130457878113
1789031157510479600,5.891479736328125,-1.1668915748596191,-1.4280248880386353,-0.565973162651062
1789031157520486700,5.901486572265625,-1.3683559894561768,-1.686737298965454,-0.2951214909553528
1789031157530493700,5.91149365234375,-1.5828797817230225,-1.723435878753662,-0.25706014037132263
1789031157540500700,5.921500732421875,-1.46183443069458,-1.3275705575942993,-0.6536912322044373
1789031157550506500,5.931506591796875,-1.1973422765731812,-1.395455241203308,-0.989125669002533
1789031157560513800,5.941513671875,-1.1862876415252686,-1.9100134372711182,-0.9838493466377258
1789031157570520600,5.9515205078125,-1.4062410593032837,-2.164155960083008,-0.7669239640235901
1789031157580527900,5.96152783203125,-1.5133196115493774,-1.7000905275344849,-0.587017297744751
1789031157590534700,5.97153466796875,-1.3943839073181152,-0.7900723814964294,-0.4955422580242157
1789031157600541700,5.981541748046875,-1.1870471239089966,-0.3621525466442108,-0.6432061195373535
1789031157610547700,5.991547607421875,-1.0015329122543335,-1.1124933958053589,-0.9371544122695923
1789031157620554800,6.0015546875,-0.9084440469741821,-2.0478928089141846,-1.1535459756851196
1789031157630561500,6.0115615234375,-1.0669931173324585,-1.516448974609375,-1.3302325010299683
1789031157640568800,6.02156884765625,-1.334901213645935,-0.3300006091594696,-1.3744345903396606
1789031157650575600,6.03157568359375,-1.5227235555648804,0.21931950747966766,-1.2377175092697144
1789031157660581600,6.04158154296875,-1.4204083681106567,-0.1557249128818512,-1.0949350595474243
1789031157670588700,6.051588623046875,-1.2389565706253052,-0.4788726270198822,-1.162356972694397
1789031157680595700,6.061595703125,-1.214294195175171,-0.4316847026348114,-1.3176482915878296
1789031157690602800,6.071602783203125,-1.203485131263733,-0.527533769607544,-1.234228253364563
1789031157700609800,6.08160986328125,-1.0852526426315308,-0.8292739391326904,-1.00075364112854
1789031157710616600,6.091616455078125,-0.8343101739883423,-0.835658609867096,-0.896726667881012
1789031157720622800,6.101622802734375,-0.5994909405708313,0.1932913064956665,-1.279124140739441
1789031157730629600,6.111629638671875,-0.3335263729095459,0.9040956497192383,-1.4896467924118042
1789031157740636700,6.12163671875,-0.11358334124088287,0.9187385439872742,-1.2408941984176636
1789031157750643700,6.131643798828125,-0.09904620796442032,0.16898490488529205,-0.7723211050033569
1789031157760650800,6.141650634765625,-0.10968797653913498,-0.5098558664321899,-0.43048161268234253
1789031157770657800,6.15165771484375,-0.15412601828575134,-0.007926201447844505,-0.4080812335014343
1789031157780663800,6.161663818359375,-0.17199358344078064,1.3022739887237549,-0.832361102104187
1789031157790670600,6.171670654296875,-0.08166074752807617,2.1290318965911865,-1.1582708358764648
1789031157800678000,6.181677978515625,0.38658466935157776,2.394428014755249,-1.0878170728683472
1789031157810684700,6.1916845703125,0.802557110786438,1.8569854497909546,-0.4939238131046295
1789031157820691700,6.201691650390625,1.0453048944473267,0.9594399333000183,0.09359881281852722
1789031157830697700,6.21169775390625,1.1249842643737793,0.9383796453475952,0.22843946516513824
1789031157840704800,6.221704833984375,1.1256111860275269,0.9866474270820618,0.28891104459762573
1789031157850711800,6.2317119140625,1.1535747051239014,0.9281236529350281,0.40583741664886475
1789031157860718800,6.24171875,1.2961894273757935,1.007145881652832,0.525765061378479
1789031157870725600,6.2517255859375,1.5821977853775024,1.2338535785675049,0.5617587566375732
1789031157880732700,6.261732666015625,1.756301999092102,1.2151446342468262,0.5590956807136536
1789031157890738700,6.27173876953125,1.7180256843566895,0.8938171863555908,0.6771448254585266
1789031157900745700,6.281745849609375,1.720367431640625,0.4215477705001831,0.9382888078689575
1789031157910752800,6.291752685546875,1.784647822380066,0.10493655502796173,1.1294190883636475
1789031157920759600,6.301759521484375,1.7437995672225952,-0.023732922971248627,1.25372314453125
1789031157930766800,6.311766845703125,1.5909969806671143,-0.25277915596961975,1.401953935623169
1789031157940773600,6.321773681640625,1.397856593132019,-0.5867317318916321,1.5185551643371582
1789031157950779600,6.331779541015625,1.298866629600525,-0.5565176010131836,1.5275771617889404
1789031157960787000,6.341786865234375,1.4828840494155884,-0.10487960278987885,1.4601229429244995
1789031157970793700,6.351793701171875,1.6958541870117188,0.30550554394721985,1.537839651107788
1789031157980800500,6.361800537109375,1.832696557044983,0.5933595299720764,1.698142647743225
1789031157990807800,6.371807861328125,1.8549154996871948,0.44211459159851074,1.991849660873413
1789031158000813800,6.381813720703125,1.822849154472351,0.40739911794662476,2.2026901245117188
1789031158010820600,6.391820556640625,1.7377287149429321,0.7257847785949707,2.1984851360321045
1789031158020827600,6.40182763671875,1.5837767124176025,0.9206076860427856,2.1186254024505615
1789031158030834700,6.411834716796875,1.4674228429794312,0.8928024172782898,2.0961263179779053
1789031158040841700,6.421841796875,1.4039467573165894,0.7934697866439819,2.1195998191833496
1789031158050848800,6.431848876953125,1.4581433534622192,0.7681135535240173,2.094461441040039
1789031158060854800,6.441854736328125,1.5731149911880493,0.8093879222869873,1.949178695678711
1789031158070861800,6.45186181640625,1.684096097946167,0.9504835605621338,1.7409671545028687
1789031158080868600,6.46186865234375,1.7347089052200317,1.0292837619781494,1.659591794013977
1789031158090875600,6.471875732421875,1.755892038345337,0.8783871531486511,1.6922975778579712
1789031158100882700,6.481882568359375,1.8528121709823608,0.7502204775810242,1.6127400398254395
1789031158110889700,6.4918896484375,2.010054588317871,1.046657681465149,1.3650985956192017
1789031158120895700,6.501895751953125,2.0725133419036865,1.6968320608139038,0.96844083070755
1789031158130902800,6.51190283203125,1.7515743970870972,1.94631826877594,0.6331472396850586
1789031158140909600,6.52190966796875,1.070639729499817,1.2320239543914795,0.7554365396499634
1789031158150916900,6.531916748046875,0.7346798181533813,0.3168390691280365,1.0027265548706055
1789031158160923600,6.541923583984375,0.6617132425308228,-0.2319985181093216,1.0950939655303955
1789031158170930700,6.5519306640625,0.6646728515625,0.16213467717170715,0.6273033618927002
1789031158180936700,6.561936767578125,0.6500998139381409,1.1988521814346313,-0.21611759066581726
1789031158190943700,6.57194384765625,0.4125104546546936,1.9055073261260986,-0.6780557036399841
1789031158200950500,6.581950439453125,0.09442438930273056,1.7296555042266846,-0.6570376753807068
1789031158210957800,6.591957763671875,-0.17967772483825684,0.805444598197937,-0.5967623591423035
1789031158220964600,6.601964599609375,-0.49400004744529724,-0.6340295076370239,-0.5567712187767029
1789031158230972000,6.611971923828125,-0.6660013794898987,-1.485489010810852,-0.6137303709983826
1789031158240977700,6.621977783203125,-0.8280932307243347,-0.8481416702270508,-0.8168259859085083
1789031158250984700,6.631984619140625,-0.7996250987052917,0.48188701272010803,-1.165939211845398
1789031158260991700,6.64199169921875,-0.49184924364089966,1.1120054721832275,-1.249807596206665
1789031158270998800,6.651998779296875,-0.2828744649887085,0.7673982977867126,-0.9702297449111938
1789031158281005600,6.662005615234375,-0.4657233953475952,0.17931044101715088,-0.5575294494628906
1789031158291012900,6.672012939453125,-0.6980679631233215,-0.40555623173713684,-0.17401990294456482
1789031158301018600,6.6820185546875,-0.8008173108100891,-0.6057242751121521,-0.0008276600856333971
1789031158311025700,6.692025634765625,-0.804860532283783,-0.2901380956172943,-0.0009400455746799707
1789031158321032700,6.70203271484375,-0.5796461701393127,0.41543424129486084,-0.20283924043178558
1789031158331039700,6.712039794921875,-0.3231869637966156,0.7691965699195862,-0.3610914647579193
1789031158341046800,6.722046875,-0.32127028703689575,0.8326337337493896,-0.3647977411746979
1789031158351052800,6.732052734375,-0.6061171889305115,0.497615784406662,-0.46179670095443726
1789031158361059600,6.7420595703125,-0.9290772080421448,-0.2677837014198303,-0.576582670211792
1789031158371067000,6.75206689453125,-1.0291043519973755,-0.9457107782363892,-0.4192279577255249
1789031158381073700,6.76207373046875,-1.0144621133804321,-0.9016279578208923,-0.27410590648651123
1789031158391080700,6.772080810546875,-0.9389345645904541,-0.1641259342432022,-0.33492958545684814
1789031158401087700,6.782087646484375,-0.9035542011260986,0.4746300280094147,-0.7069748044013977
1789031158411093800,6.79209375,-0.9564592242240906,0.5410378575325012,-1.251615285873413
1789031158421100500,6.8021005859375,-1.1660003662109375,0.14248882234096527,-1.5086617469787598
1789031158431107800,6.81210791015625,-1.494737982749939,-0.5775404572486877,-1.1890901327133179
1789031158441114600,6.822114501953125,-1.5702824592590332,-1.1710785627365112,-0.6819424033164978
1789031158451122000,6.832121826171875,-1.3449379205703735,-1.2402091026306152,-0.5272694230079651
1789031158461129200,6.842129150390625,-1.1489999294281006,-0.677504301071167,-0.7998228073120117
1789031158471135200,6.85213525390625,-1.1197680234909058,-0.2325875461101532,-1.2002812623977661
1789031158481142000,6.86214208984375,-1.1749423742294312,-0.27105313539505005,-1.5041370391845703
1789031158491149300,6.8721494140625,-1.2430548667907715,-0.641120970249176,-1.6247700452804565
1789031158501156000,6.882156005859375,-1.3567637205123901,-1.120361566543579,-1.5098532438278198
1789031158511163100,6.8921630859375,-1.485374093055725,-1.3936853408813477,-1.287558674812317
1789031158521170200,6.902170166015625,-1.6011803150177002,-1.3097368478775024,-1.143235683441162
1789031158531176200,6.91217626953125,-1.7205810546875,-1.107668399810791,-1.1706609725952148
1789031158541183200,6.922183349609375,-1.7915234565734863,-0.8446535468101501,-1.3093147277832031
1789031158551190000,6.93218994140625,-1.7598259449005127,-0.6883981823921204,-1.4134653806686401
1789031158561197300,6.942197265625,-1.6198047399520874,-0.5876657962799072,-1.323629379272461
1789031158571204000,6.9522041015625,-1.4159741401672363,-0.5653738379478455,-1.1654585599899292
1789031158581211100,6.962211181640625,-1.2516833543777466,-0.9162236452102661,-0.9705387949943542
1789031158591217200,6.972217041015625,-1.1707632541656494,-1.4816497564315796,-0.7433866262435913
1789031158601224200,6.98222412109375,-1.1690503358840942,-1.8122323751449585,-0.6676996946334839
1789031158611231000,6.99223095703125,-1.1436530351638794,-1.7486472129821777,-0.7991293668746948
1789031158621238300,7.00223828125,-1.0934116840362549,-1.4440381526947021,-1.021805763244629
1789031158631245000,7.0122451171875,-1.062923789024353,-1.017054557800293,-1.1246341466903687
1789031158641252400,7.02225244140625,-0.9895826578140259,-0.7392657399177551,-1.0350346565246582
1789031158651258000,7.032258056640625,-0.9355777502059937,-0.9843452572822571,-0.8553146719932556
1789031158661265200,7.04226513671875,-0.9368913173675537,-1.5658615827560425,-0.7399688363075256
1789031158671272200,7.052272216796875,-1.0185346603393555,-1.9711006879806519,-0.6711745858192444
1789031158681279200,7.062279296875,-1.0649925470352173,-1.357000708580017,-0.8673922419548035
1789031158691286000,7.0722861328125,-1.05426025390625,-0.6267595291137695,-1.0780080556869507
1789031158701292300,7.082292236328125,-0.9370478391647339,-0.48112964630126953,-1.0659974813461304
1789031158711299000,7.092299072265625,-0.7536596059799194,-0.8358924984931946,-0.8864493370056152
1789031158721306000,7.10230615234375,-0.5755111575126648,-1.1425918340682983,-0.6651322245597839
1789031158731313200,7.112313232421875,-0.4921954870223999,-1.0213868618011475,-0.5107836723327637
1789031158741320200,7.1223203125,-0.5212690830230713,-0.8009907007217407,-0.5264045596122742
1789031158751327200,7.1323271484375,-0.49337220191955566,-0.6385564804077148,-0.6091063618659973
1789031158761333200,7.142333251953125,-0.32272931933403015,-0.4918113052845001,-0.7021769285202026
1789031158771340000,7.152340087890625,-0.17863711714744568,-0.4564272165298462,-0.6740283370018005
1789031158781347300,7.162347412109375,-0.08091641217470169,-0.4231307804584503,-0.4611433446407318
1789031158791354000,7.17235400390625,0.030422359704971313,-0.24237005412578583,-0.30003488063812256
1789031158801361200,7.182361083984375,0.21164608001708984,-0.051029060035943985,-0.240064799785614
1789031158811368200,7.1923681640625,0.29866939783096313,0.07683223485946655,-0.17126044631004333
1789031158821374200,7.202374267578125,0.339558482170105,0.09571099281311035,-0.04427623376250267
1789031158831381000,7.212381103515625,0.3617143929004669,0.26652002334594727,0.0038510840386152267
1789031158841388300,7.22238818359375,0.5102037191390991,0.5609790682792664,0.03068525530397892
1789031158851395000,7.23239501953125,0.6409244537353516,0.375887006521225,0.19964845478534698
1789031158861402400,7.24240234375,0.7264049649238586,0.3058129847049713,0.3841076195240021
1789031158871409200,7.2524091796875,0.8134580850601196,0.5236233472824097,0.4967052638530731
1789031158881415200,7.262415283203125,0.9564591646194458,0.9837822914123535,0.5044864416122437
1789031158891422200,7.272422119140625,1.1216912269592285,1.3768057823181152,0.5257374048233032
1789031158901429200,7.28242919921875,1.319962739944458,1.5348377227783203,0.5830103754997253
1789031158911436000,7.29243603515625,1.466860294342041,1.338680386543274,0.7273481488227844
1789031158921443300,7.302443359375,1.4787899255752563,0.7783042788505554,1.0428016185760498
1789031158931450000,7.3124501953125,1.5070849657058716,0.4816156029701233,1.273557424545288
1789031158941456100,7.3224560546875,1.5808992385864258,0.49882012605667114,1.3359315395355225
1789031158951463200,7.332463134765625,1.659096598625183,0.7441047430038452,1.203123688697815
1789031158961470200,7.34247021484375,1.6328457593917847,0.8603788614273071,1.1347213983535767
1789031158971477200,7.352477294921875,1.6561516523361206,0.8792697191238403,1.2025552988052368
1789031158981484300,7.362484375,1.7570292949676514,0.7435658574104309,1.3783073425292969
1789031158991491000,7.372490966796875,1.8768808841705322,0.612793505191803,1.527801752090454
1789031159001497300,7.382497314453125,1.9523123502731323,0.6248502135276794,1.5931204557418823
1789031159011504000,7.392504150390625,1.9748597145080566,0.7923041582107544,1.6708924770355225
1789031159021511200,7.40251123046875,2.0003604888916016,0.9930878281593323,1.7317640781402588
1789031159031518200,7.412518310546875,2.008268356323242,0.9831712245941162,1.753790020942688
1789031159041525200,7.422525146484375,2.0404369831085205,0.8215174674987793,1.7472331523895264
1789031159051532300,7.4325322265625,2.0693235397338867,0.7066042423248291,1.8019129037857056
1789031159061538300,7.442538330078125,2.108471155166626,0.8053781390190125,1.8001763820648193
1789031159071545000,7.452545166015625,2.018829345703125,0.8772193193435669,1.7987643480300903
1789031159081552400,7.462552490234375,1.8890964984893799,1.1606193780899048,1.8159054517745972
1789031159091559200,7.47255908203125,1.8197236061096191,1.1086304187774658,1.8234816789627075
1789031159101566000,7.48256591796875,1.9090367555618286,1.5747100114822388,1.5768635272979736
1789031159111573200,7.4925732421875,1.76466965675354,1.7229210138320923,1.395867943763733
1789031159121579300,7.502579345703125,1.7258979082107544,1.9227248430252075,1.4586458206176758
1789031159131586000,7.5125859375,1.8142194747924805,2.0012807846069336,1.5519040822982788
1789031159141593300,7.52259326171875,1.789530873298645,1.6426767110824585,1.6704081296920776
1789031159151600000,7.53260009765625,1.5731815099716187,1.1674787998199463,1.6700389385223389
1789031159161607200,7.542607177734375,1.2014740705490112,0.8560171127319336,1.5428849458694458
1789031159171614200,7.5526142578125,0.8622032999992371,0.7412486672401428,1.3101110458374023
1789031159181620200,7.5626201171875,0.6196388602256775,0.4707421362400055,1.074460744857788
1789031159191627300,7.572627197265625,0.5313886404037476,0.16436755657196045,0.8929983973503113
1789031159201634000,7.582634033203125,0.44158855080604553,-0.25219857692718506,0.8155321478843689
1789031159211641000,7.59264111328125,0.24237293004989624,-0.6845872402191162,0.7271977066993713
1789031159221648100,7.602648193359375,0.047564707696437836,-0.5081011056900024,0.39397701621055603
1789031159231655200,7.6126552734375,-0.08337999135255814,-0.046955615282058716,-0.08596295863389969
1789031159241661200,7.6226611328125,-0.24619251489639282,0.14814646542072296,-0.4438408315181732
1789031159251668200,7.632668212890625,-0.46076393127441406,0.07399100810289383,-0.6241986155509949
1789031159261675000,7.642675048828125,-0.6912587285041809,-0.1982889324426651,-0.6663995385169983
1789031159271682300,7.652682373046875,-0.7716161608695984,-0.4623831510543823,-0.6733434796333313
1789031159281689000,7.662689208984375,-0.8263834714889526,-0.651660680770874,-0.6286200881004333
1789031159291696000,7.672696044921875,-0.8823069334030151,-0.3586893081665039,-0.6686069369316101
1789031159301702100,7.6827021484375,-0.8726072311401367,0.17624537646770477,-0.8656108379364014
1789031159311709200,7.692709228515625,-0.9319102168083191,0.25517773628234863,-0.9571967124938965
1789031159321716000,7.702716064453125,-1.0456879138946533,0.048305947333574295,-0.9533525705337524
1789031159331723300,7.71272314453125,-1.16098153591156,-0.2533774971961975,-0.828158974647522
1789031159341730000,7.72272998046875,-1.2127492427825928,-0.465195894241333,-0.6341184973716736
1789031159351737300,7.7327373046875,-1.1406992673873901,-0.39131155610084534,-0.5877773761749268
1789031159361743000,7.7427431640625,-1.0053106546401978,-0.07483214884996414,-0.714347243309021
1789031159371750100,7.752750244140625,-0.8379298448562622,0.27665531635284424,-0.9356141686439514
1789031159381757200,7.762757080078125,-0.8358542919158936,0.38844993710517883,-0.9680930972099304
1789031159391764200,7.77276416015625,-0.9461246132850647,0.29492583870887756,-0.8114616870880127
1789031159401771000,7.78277099609375,-1.1179943084716797,0.0284404419362545,-0.6351166367530823
1789031159411778300,7.7927783203125,-1.2322779893875122,-0.18599116802215576,-0.5916991233825684
1789031159421784000,7.8027841796875,-1.294122576713562,-0.31575071811676025,-0.6168417930603027
1789031159431791000,7.812791015625,-1.3763974905014038,-0.29475224018096924,-0.7277829647064209
1789031159441798100,7.822798095703125,-1.429234266281128,-0.04601035267114639,-1.0309560298919678
1789031159451805200,7.83280517578125,-1.5026650428771973,-0.04171920195221901,-1.2385808229446411
1789031159461811700,7.842811767578125,-1.537554383277893,-0.09385333210229874,-1.219924807548523
1789031159471818800,7.85281884765625,-1.5722285509109497,-0.17968566715717316,-1.0576173067092896
1789031159481824500,7.862824462890625,-1.6177595853805542,-0.39753419160842896,-0.8745763897895813
1789031159491831800,7.872831787109375,-1.6201212406158447,-0.6568237543106079,-0.7977820038795471
1789031159501838600,7.882838623046875,-1.5540971755981445,-0.9227805733680725,-0.7447184920310974
1789031159511845600,7.892845703125,-1.53270423412323,-0.9562336206436157,-0.7210842967033386
1789031159521852700,7.902852783203125,-1.6314870119094849,-0.9293717741966248,-0.8509376645088196
1789031159531859700,7.912859619140625,-1.6910244226455688,-0.9253965020179749,-1.0189117193222046
1789031159541865500,7.922865478515625,-1.6853768825531006,-0.9456852078437805,-0.9503446817398071
1789031159551872800,7.932872802734375,-1.675941824913025,-1.1743454933166504,-0.7000775933265686
1789031159561879600,7.942879638671875,-1.6062581539154053,-1.3789721727371216,-0.5366706252098083
1789031159571886800,7.952886962890625,-1.5761873722076416,-1.496848702430725,-0.48453575372695923
1789031159581893600,7.9628935546875,-1.5070254802703857,-1.2854214906692505,-0.6687535643577576
1789031159591900700,7.972900634765625,-1.3719534873962402,-1.100704312324524,-0.9400854110717773
1789031159601906700,7.98290673828125,-1.4065364599227905,-1.2784006595611572,-0.9724052548408508
1789031159611913700,7.992913818359375,-1.5022355318069458,-1.4990681409835815,-0.8611285090446472
1789031159621920500,8.00292041015625,-1.6093679666519165,-2.073070526123047,-0.6449558138847351
1789031159631927800,8.012927734375,-1.5103143453598022,-1.94777250289917,-0.5664005279541016
1789031159641934600,8.0229345703125,-1.2362838983535767,-1.4320013523101807,-0.7106186151504517
1789031159651942000,8.03294189453125,-1.125688076019287,-1.2818046808242798,-0.8781799077987671
1789031159661948700,8.04294873046875,-1.2413476705551147,-1.507561445236206,-1.0271130800247192
1789031159671954700,8.05295458984375,-1.2828030586242676,-1.4285087585449219,-1.0990687608718872
1789031159681961700,8.062961669921876,-1.2554354667663574,-1.377069115638733,-1.0378812551498413
1789031159691968800,8.07296875,-1.0278748273849487,-1.1747397184371948,-0.9225866794586182
1789031159701975600,8.0829755859375,-0.8290976285934448,-1.0274266004562378,-0.8098519444465637
1789031159711982800,8.09298291015625,-0.7827420830726624,-0.8668740391731262,-0.8654555678367615
1789031159721988600,8.102988525390625,-0.8245565891265869,-0.848085343837738,-0.8865549564361572
1789031159731995600,8.11299560546875,-0.9030553698539734,-0.5085293650627136,-0.8706955909729004
1789031159742002700,8.123002685546876,-0.7816051244735718,-0.24333128333091736,-0.7406008839607239
1789031159752009700,8.133009765625,-0.4616752862930298,-0.08424150943756104,-0.7897772192955017
1789031159762016800,8.143016845703125,-0.22932782769203186,0.13423413038253784,-0.8034036159515381
1789031159772023600,8.1530234375,-0.09321101009845734,0.5341836214065552,-0.70567387342453
1789031159782030600,8.163030517578125,-0.043938323855400085,0.40339627861976624,-0.5259972810745239
1789031159792036900,8.173036865234375,-0.026266921311616898,0.15304845571517944,-0.2631451487541199
1789031159802043600,8.183043701171876,0.021305374801158905,0.18422889709472656,-0.09095387905836105
1789031159812050700,8.19305078125,0.19424892961978912,0.4441733956336975,-0.13215936720371246
1789031159822057700,8.2030576171875,0.3349124491214752,0.5591824054718018,-0.11836563795804977
1789031159832064500,8.213064453125,0.4365309476852417,0.5587198138237,0.07231403142213821
1789031159842070500,8.223070556640625,0.6001396179199219,0.8758878111839294,0.10973463952541351
1789031159852077800,8.233077880859375,0.85393887758255,1.3968725204467773,0.10013208538293839
1789031159862084600,8.243084716796876,1.1223137378692627,1.7262433767318726,0.17290039360523224
1789031159872091600,8.253091552734375,1.4291085004806519,1.7889410257339478,0.2685537040233612
1789031159882098700,8.2630986328125,1.7370840311050415,1.4170761108398438,0.48812440037727356
1789031159892105500,8.27310546875,1.905381441116333,0.8409006595611572,0.7980657815933228
1789031159902111700,8.28311181640625,1.9106937646865845,0.4462583065032959,1.0360532999038696
1789031159912118800,8.293118896484375,1.9612900018692017,0.2942200303077698,1.149886131286621
1789031159922125600,8.30312548828125,2.137960195541382,0.4739137589931488,1.1830463409423828
1789031159932132600,8.313132568359375,2.4848880767822266,0.8012780547142029,1.1933519840240479
1789031159942139600,8.3231396484375,2.8348917961120605,0.902535617351532,1.142496109008789
1789031159952146700,8.333146728515626,3.083378553390503,0.8409771919250488,1.1468437910079956
1789031159962153700,8.34315380859375,3.2694809436798096,0.6838619709014893,1.3188250064849854
1789031159972159700,8.35315966796875,3.5566763877868652,0.4497956931591034,1.4987412691116333
1789031159982166800,8.363166748046876,4.041249752044678,0.4156908690929413,1.468479037284851
1789031159992173600,8.373173583984375,4.4002790451049805,0.44934070110321045,1.3481132984161377
1789031160002180600,8.3831806640625,4.491215705871582,0.8057445287704468,1.176384449005127
1789031160012187600,8.393187744140626,4.535300254821777,1.2976462841033936,1.0712330341339111
1789031160022193700,8.403193603515625,4.42903470993042,1.226678729057312,1.1741503477096558
1789031160032200400,8.413200439453124,4.318227767944336,0.5145822167396545,1.3905625343322754
1789031160042207700,8.423207763671876,4.441098213195801,-0.07023534923791885,1.6182564496994019
1789031160052214500,8.433214599609375,4.405478477478027,-0.6477631330490112,1.7703392505645752
1789031160062221800,8.443221923828125,4.065694332122803,-1.2289369106292725,1.8819252252578735
1789031160072228600,8.453228515625,3.6528730392456055,-1.3141186237335205,1.9943617582321167
1789031160082235600,8.463235595703125,3.348778009414673,-0.7338960766792297,2.1229946613311768
1789031160092241700,8.47324169921875,3.201036214828491,0.1522691547870636,2.167642593383789
1789031160102248700,8.483248779296876,3.0289721488952637,0.5259166359901428,2.186392068862915
1789031160112255500,8.49325537109375,2.791566848754883,0.3641170561313629,2.173031806945801
1789031160122262800,8.5032626953125,2.547736644744873,0.050435759127140045,2.2020649909973145
1789031160132269600,8.51326953125,2.343141794204712,-0.1241925060749054,2.222886323928833
1789031160142276900,8.52327685546875,2.1664507389068604,-0.006122203543782234,2.1249420642852783
1789031160152282600,8.53328271484375,1.907472014427185,0.1728622019290924,1.8882606029510498
1789031160162289700,8.54328955078125,1.5876924991607666,0.39519673585891724,1.5221843719482422
1789031160172296700,8.553296630859375,1.2097309827804565,0.4251287877559662,1.1105108261108398
1789031160182303700,8.5633037109375,0.8613676428794861,0.38447874784469604,0.6504038572311401
1789031160192310500,8.573310546875,0.5886833667755127,0.3933446705341339,0.2384176254272461
1789031160202317800,8.58331787109375,0.3561418950557709,0.28212910890579224,0.0012266985140740871
1789031160212323600,8.593323486328124,0.1740165650844574,-0.062197376042604446,-0.027663007378578186
1789031160222330600,8.60333056640625,0.09168710559606552,-0.23871847987174988,0.04005169868469238
1789031160232337700,8.613337646484375,0.036818262189626694,-0.25854572653770447,-0.0005266193766146898
1789031160242344700,8.6233447265625,-0.10565195232629776,-0.30452126264572144,-0.1520189493894577
1789031160252351700,8.633351806640626,-0.27370861172676086,-0.4567030966281891,-0.3492361307144165
1789031160262358800,8.64335888671875,-0.530265748500824,-0.6066228747367859,-0.5597596168518066
1789031160272364500,8.653364501953124,-0.7896155714988708,-0.3142940402030945,-0.7564582824707031
1789031160282371800,8.663371826171876,-0.9206362962722778,0.19732646644115448,-0.8778110146522522
1789031160292378600,8.673378662109375,-0.9091061353683472,0.3665948510169983,-0.9441631436347961
1789031160302385700,8.6833857421875,-0.9126030206680298,0.19567027688026428,-1.0337517261505127
1789031160312392700,8.693392822265626,-0.9506073594093323,-0.1368538737297058,-1.0580238103866577
1789031160322399700,8.703399658203125,-0.9807053804397583,-0.2893572747707367,-1.023693561553955
1789031160332405500,8.713405517578124,-1.0463802814483643,-0.29143452644348145,-0.9497975707054138
1789031160342412800,8.723412841796875,-1.0895147323608398,-0.16880476474761963,-0.877334475517273
1789031160352419600,8.733419677734375,-1.0191044807434082,0.28700777888298035,-0.8390437960624695
1789031160362427000,8.743427001953124,-0.9321662187576294,0.7093212008476257,-0.7882466316223145
1789031160372433700,8.75343359375,-0.9782645106315613,0.5300183296203613,-0.7275662422180176
1789031160382440400,8.7634404296875,-1.1030747890472412,-0.0018373802304267883,-0.7930920720100403
1789031160392446700,8.77344677734375,-1.2692691087722778,-0.34221309423446655,-0.9224045276641846
1789031160402453800,8.783453857421875,-1.4027782678604126,-0.42910057306289673,-0.921596109867096
1789031160412460500,8.79346044921875,-1.4672762155532837,-0.08131702989339828,-0.8771942853927612
1789031160422467600,8.803467529296874,-1.423574686050415,0.562958300113678,-0.7702357172966003
1789031160432474600,8.813474609375,-1.4397598505020142,0.7350480556488037,-0.6656949520111084
1789031160442481700,8.823481689453125,-1.5354220867156982,0.47910478711128235,-0.722800076007843
1789031160452487700,8.83348779296875,-1.6673332452774048,-0.17437712848186493,-0.8306397199630737
1789031160462494700,8.84349462890625,-1.6628398895263672,-0.5771129727363586,-0.9431653618812561
1789031160472501500,8.85350146484375,-1.5284488201141357,-0.7145158648490906,-0.9998393058776855
1789031160482508500,8.863508544921874,-1.4342257976531982,-0.864456057548523,-0.95438551902771
1789031160492515600,8.873515625,-1.3986952304840088,-0.8042641282081604,-0.8324782848358154
1789031160502522400,8.8835224609375,-1.4536346197128296,-0.7724050283432007,-0.7122954726219177
1789031160512528600,8.893528564453124,-1.496049165725708,-0.773209810256958,-0.6990990042686462
1789031160522535700,8.90353564453125,-1.5154105424880981,-0.8342502117156982,-0.8706871271133423
1789031160532542500,8.91354248046875,-1.5152078866958618,-1.0973294973373413,-1.0894362926483154
1789031160542549500,8.923549560546874,-1.5093055963516235,-1.458619475364685,-1.2698487043380737
1789031160552556500,8.933556640625,-1.5046727657318115,-1.6639363765716553,-1.4259296655654907
1789031160562563600,8.9435634765625,-1.3851338624954224,-1.4979194402694702,-1.5970418453216553
1789031160572569600,8.953569580078126,-1.2657477855682373,-1.2247110605239868,-1.6590481996536255
1789031160582576600,8.96357666015625,-1.1582273244857788,-0.9613324999809265,-1.6128880977630615
1789031160592583700,8.973583740234375,-1.1558818817138672,-1.0567548274993896,-1.5359532833099365
1789031160602590500,8.983590576171874,-1.205467939376831,-1.3576411008834839,-1.5381646156311035
1789031160612597500,8.993597412109375,-1.27667236328125,-1.7588599920272827,-1.549119234085083
1789031160622604500,9.0036044921875,-1.2726504802703857,-1.786792516708374,-1.6149007081985474
1789031160632610600,9.013610595703126,-1.1407639980316162,-1.1279288530349731,-1.753743290901184
1789031160642617300,9.023617431640625,-1.0603488683700562,-0.7734131813049316,-1.7215003967285156
1789031160652624600,9.033624755859375,-1.0422337055206299,-1.0315245389938354,-1.4997813701629639
1789031160662631400,9.04363134765625,-1.0398961305618286,-1.2959955930709839,-1.2891662120819092
1789031160672638700,9.053638671875,-0.9820590615272522,-1.509884238243103,-1.220900297164917
1789031160682645500,9.0636455078125,-0.9394420385360718,-1.1405116319656372,-1.2729045152664185
1789031160692652500,9.073652587890624,-0.9642163515090942,-0.37016093730926514,-1.3424832820892334
1789031160702658600,9.083658447265625,-0.9461848139762878,-0.19830501079559326,-1.304295539855957
1789031160712665600,9.09366552734375,-0.8920667171478271,-0.5593761205673218,-1.153899908065796
1789031160722672400,9.10367236328125,-0.8562159538269043,-0.9379252791404724,-0.9890703558921814
1789031160732679700,9.1136796875,-0.8150983452796936,-0.8568375706672668,-0.8110356330871582
1789031160742686500,9.1236865234375,-0.7773016691207886,-0.5505189299583435,-0.5966796278953552
1789031160752693800,9.13369384765625,-0.4835110306739807,-0.09488724172115326,-0.6665622591972351
1789031160762699500,9.143699462890625,-0.365045964717865,0.13813646137714386,-0.773139238357544
1789031160772706600,9.15370654296875,-0.32756730914115906,0.14828257262706757,-0.6599517464637756
1789031160782713600,9.163713623046876,-0.17590758204460144,0.1161852702498436,-0.44399088621139526
1789031160792720600,9.173720703125,-0.05231481045484543,-0.09947697818279266,-0.12894104421138763
1789031160802727400,9.1837275390625,0.16195200383663177,0.2773902416229248,0.058057062327861786
1789031160812734700,9.193734619140624,0.3587454855442047,0.8191658854484558,0.06728598475456238
1789031160822740500,9.203740478515625,0.5488443970680237,0.957268476486206,0.193016916513443
1789031160832747800,9.213747802734375,0.6121637225151062,0.7456893920898438,0.5522009134292603
1789031160842754600,9.223754638671876,0.6939833760261536,0.4476211369037628,0.9172911047935486
1789031160852761600,9.23376171875,0.8263965249061584,0.3913743793964386,1.11885404586792
1789031160862768600,9.2437685546875,0.8999412059783936,0.32217937707901,1.102486491203308
1789031160872775700,9.253775634765624,0.9369623064994812,0.2942556142807007,0.9365859627723694
1789031160882781400,9.263781494140625,0.9322335124015808,0.5291268825531006,0.8294867277145386
1789031160892788700,9.273788818359375,0.9448963403701782,0.8194229006767273,0.8948145508766174
1789031160902795500,9.28379541015625,1.0063459873199463,0.9597461819648743,1.0559898614883423
1789031160912802800,9.293802734375,1.0641200542449951,0.8774864673614502,1.3381482362747192
1789031160922809600,9.3038095703125,1.106394648551941,0.5831753015518188,1.5822607278823853
1789031160932816400,9.31381640625,1.1008180379867554,0.09404799342155457,1.7367286682128906
1789031160942822700,9.32382275390625,1.1862893104553223,-0.23414751887321472,1.8075114488601685
1789031160952829700,9.33382958984375,1.4130998849868774,0.07233971357345581,1.6632165908813477
1789031160962836500,9.34383642578125,1.5410434007644653,0.6780514717102051,1.4696686267852783
1789031160972843500,9.353843505859375,1.516761302947998,1.1341441869735718,1.39138925075531
1789031160982850600,9.3638505859375,1.516311764717102,1.322978138923645,1.463059902191162
1789031160992857600,9.373857666015626,1.6233775615692139,1.2595916986465454,1.7039604187011719
1789031161002863600,9.383863525390625,1.7807896137237549,0.939562976360321,1.9763792753219604
1789031161012870700,9.39387060546875,1.8991665840148926,0.459586501121521,2.210341691970825
1789031161022877700,9.403877685546876,1.9346522092819214,-0.21160824596881866,2.458705425262451
1789031161032884500,9.413884521484375,1.704180359840393,-0.9104552865028381,2.6046478748321533
1789031161042891500,9.4238916015625,1.2763333320617676,-0.8819493055343628,2.4372825622558594
1789031161052898600,9.433898681640626,1.1839395761489868,0.37819409370422363,1.9511847496032715
1789031161062904600,9.443904541015625,1.2511974573135376,1.155286431312561,1.6496883630752563
1789031161072911600,9.45391162109375,1.3455983400344849,1.3436137437820435,1.6436529159545898
1789031161082918700,9.463918701171876,1.4928911924362183,1.344076156616211,1.8522508144378662
1789031161092925400,9.473925537109375,1.7158600091934204,1.089112639427185,2.055600643157959
1789031161102932700,9.4839326171875,1.836521863937378,0.37351933121681213,2.208099365234375
1789031161112939500,9.493939453125,1.7306848764419556,-0.47798460721969604,2.256530284881592
1789031161122945500,9.503945556640625,1.4721994400024414,-0.7150614261627197,2.044238805770874
1789031161132952600,9.51395263671875,1.199424147605896,-0.14749443531036377,1.6906596422195435
1789031161142959600,9.523959716796876,1.0076093673706055,0.8828901052474976,1.444700002670288
1789031161152966400,9.53396630859375,0.9159278869628906,1.8887745141983032,1.5174554586410522
1789031161162973700,9.5439736328125,0.9667393565177917,2.0525777339935303,1.6295164823532104
1789031161172980500,9.55398046875,0.9771525859832764,1.1800247430801392,1.546747088432312
1789031161182986500,9.563986572265625,0.7676805853843689,-0.23025792837142944,1.2621809244155884
1789031161192993500,9.57399365234375,0.4561764895915985,-0.9886529445648193,0.7537359595298767
1789031161203000600,9.58400048828125,0.20653069019317627,-0.5580602884292603,0.22151604294776917
1789031161213007600,9.594007568359375,0.03365558013319969,0.26301833987236023,-0.15048255026340485
1789031161223014700,9.6040146484375,-0.11031167209148407,0.6572399139404297,-0.338925838470459
1789031161233021400,9.614021484375,-0.29431161284446716,0.5604939460754395,-0.2950132191181183
1789031161243027700,9.62402783203125,-0.42373421788215637,0.18179747462272644,-0.28632214665412903
1789031161253034500,9.634034423828124,-0.4919694662094116,-0.2387436181306839,-0.380241721868515
1789031161263041500,9.64404150390625,-0.5873773097991943,-0.504379391670227,-0.4384184777736664
1789031161273048600,9.654048583984375,-0.6725310683250427,-0.3060074746608734,-0.4748539924621582
1789031161283055600,9.6640556640625,-0.6829842925071716,0.4851042926311493,-0.6430777311325073
1789031161293062700,9.674062744140626,-0.4911416471004486,0.9805797934532166,-0.9576074481010437
1789031161303068700,9.684068603515625,-0.30193883180618286,0.737315833568573,-1.1768027544021606
1789031161313075500,9.694075439453124,-0.46371710300445557,-0.002480472903698683,-0.9339760541915894
1789031161323082800,9.704082763671876,-0.7297269701957703,-0.8535247445106506,-0.48190703988075256
1789031161333089500,9.714089599609375,-0.8955817222595215,-1.2547858953475952,-0.0871615931391716
1789031161343096600,9.7240966796875,-0.9219407439231873,-0.7435125708580017,0.20639151334762573
1789031161353103600,9.734103515625,-0.8682977557182312,0.8174620270729065,0.1369256228208542
1789031161363109600,9.744109619140625,-1.0025657415390015,2.0101189613342285,-0.2909094989299774
1789031161373116400,9.754116455078124,-1.1271289587020874,2.149557113647461,-0.9467491507530212
1789031161383123700,9.764123779296876,-1.2418478727340698,1.0270884037017822,-1.5530034303665161
1789031161393130500,9.774130615234375,-1.4044687747955322,-0.8483564853668213,-1.6005340814590454
1789031161403137800,9.7841376953125,-1.4148550033569336,-1.9488255977630615,-1.2130147218704224
1789031161413144600,9.79414453125,-1.4367390871047974,-1.9279613494873047,-0.8472079038619995
1789031161423150600,9.804150634765625,-1.4735809564590454,-1.030848741531372,-0.8819443583488464
1789031161433157600,9.81415771484375,-1.4564073085784912,0.2732737958431244,-1.2310234308242798
1789031161443164700,9.82416455078125,-1.5409454107284546,1.4218229055404663,-1.4684765338897705
1789031161453171500,9.83417138671875,-1.6985033750534058,1.725847840309143,-1.3823086023330688
1789031161463178200,9.84417822265625,-1.7278351783752441,0.9123401641845703,-1.1174780130386353
1789031161473185000,9.85418505859375,-1.6082435846328735,-0.40345585346221924,-0.8731779456138611
1789031161483191000,9.86419091796875,-1.4467893838882446,-1.4857438802719116,-0.7797481417655945
1789031161493198000,9.874197998046874,-1.3777894973754883,-1.6375787258148193,-0.9405072331428528
1789031161503205000,9.884205078125,-1.3933098316192627,-1.0393953323364258,-1.2049026489257812
1789031161513212000,9.8942119140625,-1.3616282939910889,-0.3965352177619934,-1.3648148775100708
1789031161523219200,9.90421923828125,-1.2782922983169556,-0.3061259686946869,-1.3098664283752441
1789031161533226000,9.91422607421875,-1.1958287954330444,-0.5720165371894836,-1.1880992650985718
1789031161543232000,9.92423193359375,-1.1577197313308716,-0.8996864557266235,-1.1170129776000977
1789031161553239000,9.934239013671874,-1.1740082502365112,-1.3852651119232178,-1.121751308441162
1789031161563246000,9.94424609375,-1.1222434043884277,-1.3611550331115723,-1.3024652004241943
1789031161573253000,9.954253173828125,-1.1022758483886719,-1.1306337118148804,-1.598427176475525
1789031161583260200,9.96426025390625,-1.164135456085205,-0.9682949781417847,-1.7876108884811401
1789031161593267000,9.974266845703125,-1.194840908050537,-0.8025369048118591,-1.7184022665023804
1789031161603273200,9.984273193359375,-1.1448395252227783,-1.1011427640914917,-1.4184143543243408
1789031161613280000,9.994280029296876,-1.0563291311264038,-1.3230866193771362,-1.176403522491455
1789031161623287000,10.004287109375,-1.089385747909546,-1.3654804229736328,-1.14686119556427
1789031161633294000,10.014294189453125,-1.0624576807022095,-1.0904006958007812,-1.3076708316802979
1789031161643301000,10.024301025390624,-0.9697796106338501,-0.865802526473999,-1.4914389848709106
1789031161653308200,10.03430810546875,-0.9802471399307251,-1.1659674644470215,-1.5066373348236084
1789031161663314200,10.044314208984375,-0.9635328054428101,-1.5821083784103394,-1.2886713743209839
1789031161673321000,10.054321044921876,-0.955775797367096,-1.7815138101577759,-0.9780980348587036
1789031161683328300,10.064328369140625,-1.095528244972229,-2.1554219722747803,-0.7479428648948669
1789031161693335000,10.0743349609375,-1.1996749639511108,-2.16776442527771,-0.84684818983078
1789031161703342000,10.084342041015624,-0.9125680327415466,-0.746829628944397,-1.3210885524749756
1789031161713349000,10.09434912109375,-0.8205987215042114,0.17215615510940552,-1.5535907745361328
1789031161723355100,10.104355224609375,-0.875081479549408,0.5377314686775208,-1.2517224550247192
1789031161733362200,10.114362060546876,-0.7152204513549805,0.20281527936458588,-0.704147458076477
1789031161743369200,10.124369140625,-0.4441499412059784,-0.34132784605026245,-0.2867675721645355
1789031161753376000,10.1343759765625,-0.27513641119003296,-0.41848623752593994,-0.11413589864969254
1789031161763383000,10.144383056640624,-0.20330452919006348,-0.3239682912826538,-0.20499880611896515
1789031161773390000,10.15439013671875,-0.10280109196901321,-0.19985808432102203,-0.4818980395793915
1789031161783396000,10.16439599609375,0.05420137196779251,-0.13707289099693298,-0.35019606351852417
1789031161793403100,10.174403076171876,0.03619281202554703,-0.00588690210133791,-0.012101888656616211
1789031161803410200,10.18441015625,0.009336452931165695,-0.01602543145418167,0.18090122938156128
1789031161813417200,10.194417236328125,0.0030865466687828302,-0.04653353989124298,0.269087016582489
1789031161823424000,10.204424072265626,0.007738716434687376,0.11158943176269531,0.2670329809188843
1789031161833431000,10.21443115234375,0.04081730544567108,0.1082860454916954,0.34048110246658325
1789031161843437300,10.224437255859375,0.118666872382164,0.16625265777111053,0.46521419286727905
1789031161853444000,10.234444091796876,0.2357732653617859,0.6189538240432739,0.423338919878006
1789031161863451000,10.244450927734375,0.4181743264198303,1.2853362560272217,0.307628333568573
1789031161873458200,10.254458251953125,0.6681391596794128,1.6288307905197144,0.3220056891441345
1789031161883465000,10.26446484375,0.8989784121513367,1.6546534299850464,0.5732504725456238
1789031161893472300,10.27447216796875,1.0957263708114624,1.5252317190170288,0.9316035509109497
1789031161903478300,10.284478271484375,1.2684361934661865,1.4053322076797485,1.3073660135269165
1789031161913485000,10.294485107421876,1.4616445302963257,1.468654990196228,1.4309979677200317
1789031161923492000,10.3044921875,1.5361906290054321,1.784355878829956,1.1554759740829468
1789031161933499100,10.3144990234375,1.4604729413986206,2.36051344871521,0.8389689326286316
1789031161943506000,10.324505859375,1.39943528175354,2.258070230484009,1.099308967590332
1789031161953513200,10.33451318359375,1.4737476110458374,1.1102681159973145,1.8421589136123657
1789031161963519000,10.34451904296875,1.6309046745300293,-0.17768163979053497,2.3358612060546875
1789031161973526000,10.354526123046876,1.727440357208252,-0.8691876530647278,2.2909858226776123
1789031161983533000,10.364532958984375,1.7222684621810913,-0.39589041471481323,1.866197943687439
1789031161993540000,10.3745400390625,1.7247737646102905,0.35597720742225647,1.4450783729553223
1789031162003547100,10.384547119140626,1.754685401916504,0.7112167477607727,1.3307960033416748
1789031162013554200,10.39455419921875,1.8626313209533691,0.9019438028335571,1.445624828338623
1789031162023560000,10.404559814453124,2.0690884590148926,0.9085212349891663,1.7301435470581055
1789031162033567200,10.414567138671876,2.3706650733947754,0.7940322160720825,2.1357791423797607
1789031162043574000,10.424573974609375,2.5982468128204346,0.34822985529899597,2.515742540359497
1789031162053581000,10.4345810546875,2.5143415927886963,0.0031957682222127914,2.625216484069824
1789031162063588000,10.444588134765626,2.2116262912750244,0.3566552400588989,2.538360357284546
1789031162073595100,10.45459521484375,1.9148294925689697,0.6410131454467773,2.432354211807251
1789031162083601000,10.464600830078124,1.6772382259368896,0.7699866890907288,2.2693982124328613
1789031162093608200,10.474608154296876,1.5198222398757935,0.6783885955810547,2.080613851547241
1789031162103615000,10.484614990234375,1.313725471496582,0.2912611961364746,1.9414197206497192
1789031162113622300,10.494622314453125,1.1579843759536743,0.10365217179059982,1.6422895193099976
1789031162123629000,10.504629150390626,1.0420870780944824,0.05809437856078148,1.374688744544983
1789031162133636000,10.514635986328125,0.910013735294342,0.2731028199195862,1.3295947313308716
1789031162143642000,10.52464208984375,0.8536357283592224,0.5260008573532104,1.4100857973098755
1789031162153649200,10.534649169921876,0.8452864289283752,0.6254134178161621,1.4439364671707153
1789031162163656000,10.544656005859375,0.735933780670166,0.7152732610702515,1.3169058561325073
1789031162173663200,10.554663330078125,0.5403632521629333,0.6757721900939941,1.06051504611969
1789031162183670000,10.564669921875,0.3127504587173462,0.3109773099422455,0.7770362496376038
1789031162193677300,10.57467724609375,0.1327953338623047,0.03916255757212639,0.45312368869781494
1789031162203683000,10.58468310546875,0.024083340540528297,-0.04357591271400452,0.164348304271698
1789031162213690000,10.594690185546876,-0.052357371896505356,-0.05642832815647125,-0.05643893778324127
1789031162223697200,10.604697265625,-0.18498867750167847,-0.1139007955789566,-0.2561993896961212
1789031162233704200,10.6147041015625,-0.35384613275527954,-0.310026615858078,-0.421491414308548
1789031162243711000,10.6247109375,-0.4675608277320862,-0.3854314386844635,-0.6042633056640625
1789031162253717200,10.63471728515625,-0.5462226271629333,-0.17494292557239532,-0.8004088401794434
1789031162263724000,10.64472412109375,-0.652045726776123,0.19254547357559204,-0.9441766142845154
1789031162273731000,10.65473095703125,-0.7498838901519775,0.7776129245758057,-1.0604342222213745
1789031162283738000,10.664738037109375,-0.9122612476348877,1.060115098953247,-1.0436652898788452
1789031162293745200,10.6747451171875,-1.1256155967712402,0.7469100952148438,-0.8518459796905518
1789031162303752200,10.684752197265626,-1.20322585105896,0.2780715823173523,-0.6839356422424316
1789031162313758200,10.69475830078125,-1.1912283897399902,-0.15982294082641602,-0.6679364442825317
1789031162323765000,10.704764892578124,-1.1031030416488647,-0.43544888496398926,-0.815805196762085
1789031162333772300,10.714772216796876,-1.014985203742981,-0.4637228548526764,-1.0186073780059814
1789031162343779000,10.724779052734375,-0.856837272644043,-0.04647265374660492,-1.1441848278045654
1789031162353786000,10.7347861328125,-0.7478434443473816,0.44324591755867004,-1.0253034830093384
1789031162363793200,10.744793212890626,-0.8787230849266052,0.5877450108528137,-0.6971365213394165
1789031162373799200,10.754799072265625,-1.0733729600906372,0.4274839758872986,-0.37351691722869873
1789031162383806000,10.764805908203124,-1.1498178243637085,0.17366835474967957,-0.2946664094924927
1789031162393813200,10.774813232421875,-1.2251293659210205,-0.13084334135055542,-0.3996735215187073
1789031162403820000,10.784820068359375,-1.2805873155593872,-0.3239177465438843,-0.5783678889274597
1789031162413827000,10.7948271484375,-1.3151967525482178,-0.45461851358413696,-0.7061029076576233
1789031162423834000,10.804834228515626,-1.3597190380096436,-0.6646839380264282,-0.6966462135314941
1789031162433840000,10.814840087890625,-1.3460030555725098,-0.8019589781761169,-0.6098378300666809
1789031162443847200,10.82484716796875,-1.2605613470077515,-0.8973997235298157,-0.5609272122383118
1789031162453854200,10.834854248046875,-1.144269347190857,-0.8104533553123474,-0.6680935621261597
1789031162463861800,10.84486181640625,-1.1035763025283813,-0.5793200135231018,-0.8958780169487
1789031162473868500,10.85486865234375,-1.0943026542663574,-0.3230048716068268,-1.1867021322250366
1789031162483875800,10.864875732421876,-1.134270429611206,-0.4669654667377472,-1.3414517641067505
1789031162493881600,10.874881591796875,-1.2066553831100464,-0.8425204157829285,-1.3611944913864136
1789031162503888600,10.884888671875,-1.2621866464614868,-1.1509901285171509,-1.2874835729599
1789031162513895700,10.894895751953126,-1.2677949666976929,-1.1355278491973877,-1.2503948211669922
1789031162523902700,10.90490283203125,-1.2685551643371582,-0.9632344245910645,-1.3197780847549438
1789031162533909500,10.914909423828124,-1.3061286211013794,-0.8472713232040405,-1.490262746810913
1789031162543916800,10.924916748046876,-1.3322376012802124,-0.7753437757492065,-1.699945092201233
1789031162553922600,10.934922607421875,-1.3012948036193848,-0.7429078221321106,-1.8218878507614136
1789031162563929600,10.9449296875,-1.2473200559616089,-0.7424485087394714,-1.7774068117141724
1789031162573936600,10.9549365234375,-1.21554434299469,-0.8731087446212769,-1.6456815004348755
1789031162583943700,10.964943603515625,-1.2037670612335205,-1.1481386423110962,-1.5006128549575806
1789031162593950700,10.97495068359375,-1.1949222087860107,-1.411291480064392,-1.4253050088882446
1789031162603957800,10.984957763671876,-1.2298539876937866,-1.458560824394226,-1.4284542798995972
1789031162613963500,10.994963623046875,-1.2602747678756714,-1.1695692539215088,-1.5356990098953247
1789031162623970800,11.004970703125,-1.2616236209869385,-1.0357072353363037,-1.6484253406524658
1789031162633977600,11.0149775390625,-1.2170933485031128,-1.212468147277832,-1.624572992324829
1789031162643984600,11.024984619140625,-1.123908519744873,-1.4822871685028076,-1.4457216262817383
1789031162653991700,11.03499169921875,-1.059714913368225,-1.6960524320602417,-1.252972960472107
1789031162663997700,11.044997802734375,-1.0009757280349731,-1.5917161703109741,-1.189966082572937
1789031162674004500,11.05500439453125,-0.8515365123748779,-1.0744373798370361,-1.200724482536316
1789031162684011800,11.06501171875,-0.7193848490715027,-0.6109223365783691,-1.1684242486953735
1789031162694018600,11.0750185546875,-0.6904296278953552,-0.34939777851104736,-1.0286014080047607
1789031162704025900,11.08502587890625,-0.6482804417610168,-0.26926949620246887,-0.829914927482605
1789031162714032600,11.09503271484375,-0.5175261497497559,-0.36471664905548096,-0.5724551677703857
1789031162724038700,11.10503857421875,-0.4324391782283783,-0.4111788272857666,-0.3541781008243561
1789031162734045700,11.115045654296875,-0.4124351143836975,-0.3295745253562927,-0.2944660186767578
1789031162744052700,11.125052734375,-0.298870712518692,-0.17409612238407135,-0.39061620831489563
1789031162754059500,11.1350595703125,-0.153065025806427,0.006508535705506802,-0.4252775311470032
1789031162764066800,11.14506689453125,-0.04426197707653046,-0.019646568223834038,-0.26397955417633057
1789031162774073600,11.155073486328124,0.05595916509628296,-0.03873610496520996,-0.024615440517663956
1789031162784079600,11.16507958984375,0.19864040613174438,-0.025280606001615524,0.2093222737312317
1789031162794086700,11.175086669921875,0.27597007155418396,0.14959187805652618,0.3362128436565399
1789031162804093700,11.18509375,0.3496100902557373,0.48301929235458374,0.45874887704849243
1789031162814100700,11.195100830078125,0.4204227328300476,0.5201402306556702,0.5650175213813782
1789031162824107500,11.205107421875,0.45025724172592163,0.4041115939617157,0.6991264820098877
1789031162834114600,11.215114501953124,0.501326858997345,0.41933074593544006,0.793555736541748
1789031162844120800,11.225120849609375,0.583835780620575,0.601896345615387,0.813144862651825
1789031162854127600,11.235127685546875,0.6923753023147583,0.8095036149024963,0.8092100620269775
1789031162864134700,11.245134765625,0.7959905862808228,1.0005015134811401,0.8629183769226074
1789031162874141700,11.2551416015625,0.9141260385513306,1.092557668685913,0.9848331212997437
1789031162884148500,11.2651484375,1.0577889680862427,1.119913935661316,1.117152214050293
1789031162894155800,11.27515576171875,1.1992347240447998,1.1093111038208008,1.252675175666809
1789031162904161800,11.285161865234375,1.3148947954177856,1.1005116701126099,1.3812658786773682
1789031162914168600,11.29516845703125,1.4157875776290894,1.0964312553405762,1.4784153699874878
1789031162924175600,11.305175537109376,1.5151211023330688,1.0640603303909302,1.5575320720672607
1789031162934182700,11.3151826171875,1.6259794235229492,1.0638933181762695,1.659504771232605
1789031162944189400,11.325189453125,1.7243684530258179,1.0612248182296753,1.7168782949447632
1789031162954195700,11.33519580078125,1.777759313583374,1.0177322626113892,1.6916475296020508
1789031162964202800,11.34520263671875,1.8081340789794922,0.941482663154602,1.7145458459854126
1789031162974209500,11.35520947265625,1.8849915266036987,0.8609894514083862,1.8458930253982544
1789031162984216600,11.365216552734376,1.992622971534729,0.7239113450050354,1.9843190908432007
1789031162994223600,11.3752236328125,2.081912040710449,0.5121213793754578,2.113095998764038
1789031163004230700,11.385230712890625,2.1633620262145996,0.37171462178230286,2.1829702854156494
1789031163014236700,11.395236572265626,2.1890780925750732,0.32423657178878784,2.149667978286743
1789031163024243700,11.40524365234375,2.1556239128112793,0.4227190911769867,2.009751558303833
1789031163034250800,11.415250732421875,2.081773281097412,0.6042752861976624,1.9493739604949951
1789031163044257500,11.425257568359376,1.993920087814331,0.6747372150421143,2.0850014686584473
1789031163054264600,11.4352646484375,1.9390591382980347,0.6318089365959167,2.2570629119873047
1789031163064271600,11.445271728515625,1.9480419158935547,0.6108021140098572,2.3460981845855713
1789031163074277600,11.455277587890626,2.001502275466919,0.655333399772644,2.359160900115967
1789031163084284400,11.465284423828125,2.073744058609009,0.844593346118927,2.231813669204712
1789031163094291700,11.475291748046875,1.986480474472046,0.8308615684509277,2.058195114135742
1789031163104298500,11.485298583984376,1.7577561140060425,0.5977631211280823,1.9901976585388184
1789031163114305800,11.495305908203125,1.5174161195755005,0.3060263693332672,2.0119216442108154
1789031163124311800,11.505311767578124,1.2597192525863647,0.011137298308312893,2.0336899757385254
1789031163134318600,11.515318603515626,1.098717212677002,0.31832757592201233,1.778375267982483
1789031163144325600,11.52532568359375,0.9742064476013184,0.7208437323570251,1.3885916471481323
1789031163154332700,11.535332763671875,0.7881545424461365,0.8687335848808289,1.0922396183013916
1789031163164339700,11.545339599609376,0.5841833353042603,0.7938364744186401,0.9536197781562805
1789031163174346800,11.5553466796875,0.40155571699142456,0.49912920594215393,0.8870511054992676
1789031163184352500,11.5653525390625,0.22122076153755188,0.20064280927181244,0.7380474209785461
1789031163194359800,11.57535986328125,0.0661371722817421,0.14932502806186676,0.4494648575782776
1789031163204366600,11.58536669921875,-0.044295717030763626,0.2353915423154831,0.07455822080373764
1789031163214373600,11.59537353515625,-0.16797025501728058,0.10789137333631516,-0.23138758540153503
1789031163224380700,11.605380615234376,-0.338669091463089,-0.1698131561279297,-0.439346581697464
1789031163234387700,11.6153876953125,-0.4879946708679199,-0.47847941517829895,-0.5987895131111145
1789031163244393500,11.6253935546875,-0.578422486782074,-0.5940148234367371,-0.7232272028923035
1789031163254400800,11.63540087890625,-0.6353095173835754,-0.5031224489212036,-0.7970236539840698
1789031163264407600,11.645407470703125,-0.7399382591247559,-0.2863186001777649,-0.8473950624465942
1789031163274414800,11.655414794921874,-0.8646708726882935,0.08186927437782288,-0.9685867428779602
1789031163284421600,11.665421630859376,-0.9144202470779419,0.40007370710372925,-1.197131872177124
1789031163294427600,11.675427734375,-0.9589357376098633,0.3898514211177826,-1.4348571300506592
1789031163304434700,11.6854345703125,-1.0480287075042725,0.18619075417518616,-1.4967621564865112
1789031163314441700,11.695441650390626,-1.1237479448318481,-0.03193066269159317,-1.369225263595581
1789031163324448500,11.705448486328125,-1.1138341426849365,-0.3281477689743042,-1.1768734455108643
1789031163334455800,11.715455810546874,-1.069503903388977,-0.5225034356117249,-1.041378140449524
1789031163344462600,11.725462646484376,-1.0860999822616577,-0.13405726850032806,-0.9865000247955322
1789031163354468600,11.735468505859375,-1.1219698190689087,0.4993481934070587,-0.9798932671546936
1789031163364475600,11.7454755859375,-1.1508232355117798,0.8843032717704773,-1.0013331174850464
1789031163374482700,11.755482666015626,-1.2701607942581177,0.678169310092926,-0.9612877368927002
1789031163384489700,11.76548974609375,-1.3841402530670166,0.19690605998039246,-0.9787907600402832
1789031163394496800,11.775496826171874,-1.50202476978302,-0.4492862820625305,-1.0440884828567505
1789031163404503600,11.785503662109376,-1.540972352027893,-0.821556806564331,-1.0009502172470093
1789031163414509800,11.795509765625,-1.4081707000732422,-0.4353470504283905,-0.8694934248924255
1789031163424516600,11.8055166015625,-1.2118868827819824,0.2607465088367462,-0.8495813608169556
1789031163434523600,11.815523681640625,-1.1944197416305542,0.4459637403488159,-0.9694374799728394
1789031163444530700,11.82553076171875,-1.2299576997756958,0.13426214456558228,-0.9966306686401367
1789031163454537700,11.835537841796874,-1.1690298318862915,-0.5604929327964783,-0.7562202215194702
1789031163464543200,11.845543212890625,-1.1379570960998535,-1.1405895948410034,-0.5375082492828369
1789031163474550500,11.855550537109375,-1.171492099761963,-1.3498954772949219,-0.5964615941047668
1789031163484557300,11.865557373046874,-1.2436132431030273,-1.4627408981323242,-0.8078135848045349
1789031163494564600,11.875564697265625,-1.2817153930664062,-1.6143525838851929,-1.0190256834030151
1789031163504571400,11.8855712890625,-1.2356014251708984,-1.3901336193084717,-1.2452255487442017
1789031163514578400,11.895578369140624,-1.2101613283157349,-1.1559208631515503,-1.4562417268753052
1789031163524584400,11.90558447265625,-1.213799238204956,-1.0308841466903687,-1.6519453525543213
1789031163534591500,11.915591552734375,-1.245485544204712,-1.0478061437606812,-1.777273178100586
1789031163544598300,11.925598388671874,-1.2846208810806274,-1.1212302446365356,-1.766947865486145
1789031163554605600,11.93560546875,-1.2509833574295044,-0.6926773190498352,-1.742040991783142
1789031163564612400,11.9456123046875,-1.2142831087112427,-0.2597915232181549,-1.6862565279006958
1789031163574619600,11.95561962890625,-1.2236467599868774,-0.2452959567308426,-1.6267836093902588
1789031163584625400,11.96562548828125,-1.2785961627960205,-0.7344720959663391,-1.5437870025634766
1789031163594632400,11.975632568359375,-1.323442816734314,-1.3977739810943604,-1.4167110919952393
1789031163604639500,11.985639404296874,-1.407514214515686,-1.709149956703186,-1.2786508798599243
1789031163614646500,11.995646484375,-1.475745439529419,-1.7013211250305176,-1.2513699531555176
1789031163624653300,12.0056533203125,-1.4503618478775024,-1.7342642545700073,-1.364960789680481
1789031163634659600,12.01565966796875,-1.314847469329834,-1.6459949016571045,-1.556618094444275
1789031163644666400,12.025666259765625,-1.175528645515442,-1.421815037727356,-1.6949496269226074
1789031163654673400,12.03567333984375,-1.0464390516281128,-0.8592628240585327,-1.6595889329910278
1789031163664680400,12.045680419921876,-0.9410682916641235,-0.24166662991046906,-1.4318556785583496
1789031163674687500,12.0556875,-0.8460277915000916,-0.18969717621803284,-1.1518332958221436
1789031163684694500,12.065694580078125,-0.7051075100898743,-0.13200095295906067,-0.9327399134635925
1789031163694700500,12.075700439453126,-0.5739750862121582,0.17348173260688782,-0.7192454934120178
1789031163704707300,12.085707275390625,-0.4884215295314789,0.142461359500885,-0.4712511897087097
1789031163714714600,12.095714599609375,-0.38647574186325073,-0.04869608208537102,-0.31397581100463867
1789031163724721400,12.105721435546876,-0.22252780199050903,-0.29774385690689087,-0.2540992200374603
1789031163734728400,12.115728515625,-0.03584632650017738,-0.07654356956481934,-0.3179019093513489
1789031163744734500,12.125734375,0.11792647838592529,0.0016368427313864231,-0.27801379561424255
1789031163754741500,12.135741455078126,0.28279876708984375,-0.2062990367412567,-0.08907847851514816
1789031163764748500,12.14574853515625,0.35241955518722534,-0.47567692399024963,0.23897433280944824
1789031163774755600,12.155755615234375,0.3630913496017456,-0.4815310835838318,0.45462727546691895
1789031163784762400,12.165762451171876,0.40259507298469543,-0.25479352474212646,0.4181665778160095
1789031163794769400,12.175769287109375,0.4501594007015228,-0.15863503515720367,0.36394888162612915
1789031163804775400,12.185775390625,0.5003621578216553,-0.09219853579998016,0.3758789896965027
1789031163814782500,12.195782470703126,0.5343267917633057,-0.08745864033699036,0.44615739583969116
1789031163824789500,12.20578955078125,0.49191513657569885,-0.22896461188793182,0.611565887928009
1789031163834796500,12.215796630859375,0.550900936126709,0.03679809346795082,0.6487156748771667
1789031163844803600,12.225803466796876,0.7221935391426086,0.7826533317565918,0.5863945484161377
1789031163854809600,12.2358095703125,0.8837930560112,1.3951555490493774,0.5350483059883118
1789031163864816400,12.24581640625,1.06184720993042,1.6129313707351685,0.6202508211135864
1789031163874823700,12.25582373046875,1.172419786453247,1.4388412237167358,0.9403665065765381
1789031163884830500,12.26583056640625,1.1992487907409668,1.1530729532241821,1.303716778755188
1789031163894837500,12.27583740234375,1.2841169834136963,1.3225868940353394,1.4601125717163086
1789031163904844500,12.285844482421876,1.3447566032409668,1.351462960243225,1.4398493766784668
1789031163914850600,12.2958505859375,1.3422636985778809,1.2586801052093506,1.3245030641555786
1789031163924857300,12.305857421875,1.3568612337112427,1.1478451490402222,1.2995067834854126
1789031163934864600,12.31586474609375,1.439090371131897,0.9395965933799744,1.458412766456604
1789031163944871400,12.325871337890625,1.5261870622634888,0.6777329444885254,1.6139417886734009
1789031163954878500,12.33587841796875,1.590956211090088,0.5518946051597595,1.6769345998764038
1789031163964884500,12.345884521484376,1.6194422245025635,0.5510368943214417,1.6740309000015259
1789031163974891500,12.3558916015625,1.669620394706726,0.7032251358032227,1.6608376502990723
1789031163984898600,12.365898681640624,1.7868092060089111,0.8859812617301941,1.7129943370819092
1789031163994905300,12.3759052734375,1.9259958267211914,0.9599681496620178,1.8008182048797607
1789031164004912400,12.385912353515625,2.01580810546875,0.8418716192245483,1.8853013515472412
1789031164014919400,12.39591943359375,2.0434627532958984,0.5659551024436951,2.0199785232543945
1789031164024925400,12.405925537109376,2.117828607559204,0.5295203924179077,2.117199182510376
1789031164034932500,12.415932373046875,2.163667678833008,0.5899874567985535,2.1342885494232178
1789031164044939500,12.425939453125,2.043287754058838,0.3725201487541199,2.1386544704437256
1789031164054946300,12.4359462890625,1.8055601119995117,0.29496702551841736,2.1026270389556885
1789031164064953600,12.44595361328125,1.5204083919525146,0.28408196568489075,2.059966802597046
1789031164074959600,12.455959716796874,1.3875702619552612,0.45265820622444153,1.965402603149414
1789031164084966400,12.46596630859375,1.440863847732544,0.7503331899642944,1.7629218101501465
1789031164094973400,12.475973388671875,1.4566742181777954,0.867586076259613,1.5277546644210815
1789031164104980500,12.48598046875,1.3864539861679077,0.8044145703315735,1.3654651641845703
1789031164114987300,12.4959873046875,1.256639003753662,0.528831422328949,1.3464126586914062
1789031164124994600,12.50599462890625,1.1307852268218994,0.25387510657310486,1.3592315912246704
1789031164135000600,12.51600048828125,0.9209089875221252,0.2913247346878052,1.2821389436721802
1789031164145007400,12.52600732421875,0.6673099398612976,0.5612121820449829,1.0719982385635376
1789031164155014400,12.536014404296875,0.5013262629508972,0.8863210082054138,0.7995221614837646
1789031164165021400,12.546021484375,0.4207841157913208,1.0104458332061768,0.5501689910888672
1789031164175028500,12.556028564453126,0.3171650469303131,0.6625579595565796,0.4159003794193268
1789031164185034500,12.566034423828125,0.18082214891910553,0.0066587310284376144,0.3181297481060028
1789031164195041500,12.57604150390625,0.011567353270947933,-0.6999860405921936,0.18751877546310425
1789031164205048600,12.586048583984375,-0.24319708347320557,-0.8451758027076721,0.01627601683139801
1789031164215055400,12.596055419921875,-0.4479358494281769,-0.3562639355659485,-0.22926637530326843
1789031164225062400,12.6060625,-0.5529773831367493,0.21689273416996002,-0.5621277093887329
1789031164235069400,12.6160693359375,-0.5755913853645325,0.488916277885437,-0.9322493076324463
1789031164245075500,12.626075439453125,-0.6095528602600098,0.31738394498825073,-1.1300119161605835
1789031164255082500,12.63608251953125,-0.6598442196846008,-0.06229786574840546,-1.1145226955413818
1789031164265089500,12.646089599609375,-0.6960063576698303,-0.4611993730068207,-0.9597097635269165
1789031164275096300,12.656096435546875,-0.7252209782600403,-0.5312626361846924,-0.8292026519775391
1789031164285103600,12.666103515625,-0.7677234411239624,-0.21669085323810577,-0.7939229011535645
1789031164295109600,12.676109619140625,-0.753107488155365,0.22365324199199677,-0.9012778401374817
1789031164305116400,12.686116455078125,-0.796863317489624,0.3923642933368683,-1.0669193267822266
1789031164315123500,12.69612353515625,-0.9444461464881897,0.5223904848098755,-1.1757220029830933
1789031164325130500,12.706130615234375,-1.1639617681503296,0.4487365484237671,-1.1211804151535034
1789031164335137300,12.71613720703125,-1.2970542907714844,-0.03470601886510849,-0.9849245548248291
1789031164345144600,12.72614453125,-1.2771228551864624,-0.31474244594573975,-0.8073672652244568
1789031164355150300,12.736150390625,-1.2748734951019287,-0.04073483496904373,-0.7271416783332825
1789031164365157400,12.746157470703125,-1.2998460531234741,0.35588276386260986,-0.9238729476928711
1789031164375164400,12.756164306640626,-1.33600652217865,0.26071152091026306,-1.1953496932983398
1789031164385171500,12.76617138671875,-1.383396029472351,-0.2498672902584076,-1.3268989324569702
1789031164395178500,12.776178466796875,-1.3876818418502808,-0.8405114412307739,-1.2661042213439941
1789031164405184500,12.7861845703125,-1.3940743207931519,-1.2756853103637695,-1.0976899862289429
1789031164415191300,12.79619140625,-1.353729009628296,-1.138758897781372,-1.0553576946258545
1789031164425198600,12.806198486328125,-1.4049808979034424,-0.9838830828666687,-1.0128690004348755
1789031164435205400,12.816205322265626,-1.418032169342041,-0.6796416640281677,-1.0484682321548462
1789031164445212400,12.82621240234375,-1.4367549419403076,-0.6786878108978271,-1.1261287927627563
1789031164455218400,12.836218505859375,-1.507875680923462,-0.8765580058097839,-1.210651159286499
1789031164465226200,12.846226318359374,-1.4778063297271729,-0.9768484234809875,-1.3023737668991089
1789031164475233000,12.85623291015625,-1.4520200490951538,-1.1477155685424805,-1.2698522806167603
1789031164485240000,12.866239990234375,-1.399864673614502,-1.136295199394226,-1.2057886123657227
1789031164495247000,12.8762470703125,-1.2903443574905396,-0.842345118522644,-1.1898707151412964
1789031164505254100,12.886254150390625,-1.2109001874923706,-0.5685150623321533,-1.201768398284912
1789031164515260000,12.896260009765625,-1.1958460807800293,-0.5272664427757263,-1.2847380638122559
1789031164525267200,12.90626708984375,-1.2282434701919556,-0.9256229996681213,-1.376299262046814
1789031164535274000,12.91627392578125,-1.2762842178344727,-1.4072970151901245,-1.4547979831695557
1789031164545281300,12.92628125,-1.2848002910614014,-1.6283085346221924,-1.5217957496643066
1789031164555288000,12.9362880859375,-1.2478781938552856,-1.590447187423706,-1.555788516998291
1789031164565294000,12.946294189453125,-1.156702995300293,-1.2188217639923096,-1.5502837896347046
1789031164575301000,12.956301025390625,-1.100648283958435,-1.0244581699371338,-1.436392903327942
1789031164585308200,12.96630810546875,-1.1382397413253784,-1.1261789798736572,-1.2908459901809692
1789031164595315000,12.97631494140625,-1.2448128461837769,-1.4252763986587524,-1.2167062759399414
1789031164605322200,12.986322265625,-1.338638186454773,-1.8190901279449463,-1.2041841745376587
1789031164615328000,12.996327880859376,-1.2130749225616455,-1.629834532737732,-1.2563719749450684
1789031164625335000,13.0063349609375,-1.0242908000946045,-1.0780750513076782,-1.296101450920105
1789031164635342000,13.016342041015625,-0.9117811322212219,-0.6874316930770874,-1.2447214126586914
1789031164645349000,13.02634912109375,-0.9143775105476379,-0.7761309742927551,-1.0480397939682007
1789031164655356200,13.036356201171875,-0.8357802033424377,-0.836582601070404,-0.7271368503570557
1789031164665363200,13.04636328125,-0.7782751321792603,-0.5362876057624817,-0.5870357155799866
1789031164675369000,13.056368896484376,-0.6965405941009521,-0.07406669110059738,-0.5232231616973877
1789031164685376300,13.066376220703125,-0.43358343839645386,0.2739584445953369,-0.49454644322395325
1789031164695383000,13.076383056640625,-0.21875447034835815,0.485700786113739,-0.5881911516189575
1789031164705390000,13.08639013671875,-0.20274578034877777,0.10853850841522217,-0.417551189661026
1789031164715397000,13.096397216796875,-0.23037900030612946,-0.30088040232658386,-0.07926211506128311
1789031164725403100,13.106403076171874,-0.22416722774505615,-0.6380701065063477,0.2573704421520233
1789031164735410000,13.116409912109376,-0.1807081550359726,-0.7406303286552429,0.23844842612743378
1789031164745417200,13.126417236328125,-0.08137147128582001,-0.39292097091674805,0.024054523557424545
1789031164755424000,13.136424072265624,0.04017440229654312,0.0755905732512474,-0.027144748717546463
1789031164765431000,13.14643115234375,0.24982622265815735,0.7980237007141113,0.03012681007385254
1789031164775437000,13.15643701171875,0.4960319995880127,1.1606935262680054,0.17027007043361664
1789031164785444000,13.166444091796874,0.6702488660812378,1.115077018737793,0.44762277603149414
1789031164795451100,13.176451171875,0.7232500314712524,0.959889829158783,0.7563188076019287
1789031164805458200,13.186458251953125,0.7141122221946716,0.7185434699058533,1.0566447973251343
1789031164815465000,13.19646484375,0.7682156562805176,0.8484740853309631,1.102234125137329
1789031164825471200,13.20647119140625,0.8954083919525146,1.013022780418396,1.0048338174819946
1789031164835478000,13.21647802734375,0.9721490144729614,1.1330562829971313,0.985974133014679
1789031164845485000,13.226485107421874,1.029097080230713,1.1140379905700684,1.0774515867233276
1789031164855492000,13.2364921875,1.1026612520217896,0.972022533416748,1.2393264770507812
1789031164865499100,13.2464990234375,1.1744030714035034,0.8060165047645569,1.4001692533493042
1789031164875506200,13.256506103515624,1.2515721321105957,0.7311521172523499,1.484696865081787
1789031164885512200,13.26651220703125,1.389214038848877,0.8760660886764526,1.4427542686462402
1789031164895519000,13.27651904296875,1.5558522939682007,1.153764009475708,1.3279603719711304
1789031164905526300,13.2865263671875,1.6957237720489502,1.375463604927063,1.2822576761245728
1789031164915533000,13.296532958984375,1.8067227602005005,1.3796721696853638,1.3518455028533936
1789031164925540000,13.3065400390625,1.9194340705871582,1.1041253805160522,1.5159462690353394
1789031164935546000,13.316546142578124,1.9910176992416382,0.5201591849327087,1.7111127376556396
1789031164945553200,13.32655322265625,2.0288779735565186,0.11484717577695847,1.866973876953125
1789031164955560000,13.336559814453125,2.0471651554107666,0.13013584911823273,1.8721201419830322
1789031164965567200,13.346567138671874,2.023159980773926,0.34593138098716736,1.730515718460083
1789031164975574000,13.356573974609375,1.9747103452682495,0.49132105708122253,1.623600721359253
1789031164985580000,13.366580078125,1.9642930030822754,0.440847784280777,1.6687182188034058
1789031164995587000,13.376587158203124,1.982553243637085,0.3059149980545044,1.770674467086792
1789031165005594000,13.386593994140625,1.9791618585586548,0.03773490712046623,1.8995099067687988
1789031165015601200,13.39660107421875,1.9196335077285767,-0.19751782715320587,2.027006149291992
1789031165025608000,13.40660791015625,1.8489619493484497,-0.06246396154165268,2.0508036613464355
1789031165035614000,13.416614013671875,1.762550950050354,0.2108251005411148,1.9842736721038818
1789031165045621200,13.426621337890625,1.6097776889801025,0.3677347004413605,1.9734138250350952
1789031165055628000,13.4366279296875,1.4720237255096436,0.4751937687397003,1.9668837785720825
1789031165065635000,13.446635009765625,1.347612977027893,0.37225908041000366,1.9501216411590576
1789031165075642000,13.45664208984375,1.2351186275482178,0.11157688498497009,1.911141276359558
1789031165085648100,13.466648193359376,1.1261006593704224,-0.16692964732646942,1.7987432479858398
1789031165095655000,13.476655029296875,1.0222320556640625,-0.20331907272338867,1.5511184930801392
1789031165105662200,13.486662109375,0.9282666444778442,-0.027903294190764427,1.245758056640625
1789031165115669000,13.4966689453125,0.8022953867912292,0.06991727650165558,1.048559546470642
1789031165125676000,13.506676025390625,0.6751821041107178,0.1003270298242569,0.9694796800613403
1789031165135682000,13.51668212890625,0.5558522343635559,-0.0005180956795811653,0.9506894946098328
1789031165145689000,13.526689208984376,0.44512227177619934,-0.20730416476726532,0.9634497761726379
1789031165155696000,13.536696044921875,0.3580419421195984,-0.38287198543548584,0.9184902906417847
1789031165165703200,13.546703125,0.25354698300361633,-0.4483090341091156,0.7665649652481079
1789031165175710000,13.5567099609375,0.11258505284786224,-0.3924447298049927,0.5331071615219116
1789031165185717000,13.566717041015625,-0.056831978261470795,-0.2671930491924286,0.2868137061595917
1789031165195723000,13.576722900390624,-0.2115400731563568,-0.15755629539489746,0.024999957531690598
1789031165205730000,13.58672998046875,-0.3309026062488556,-0.13164830207824707,-0.21433661878108978
1789031165215737000,13.596737060546875,-0.4224032163619995,-0.12498374283313751,-0.36689817905426025
1789031165225744100,13.606744140625,-0.4783993065357208,-0.09593094885349274,-0.4772292375564575
1789031165235751200,13.616751220703126,-0.5418717265129089,-0.12322568893432617,-0.593665599822998
1789031165245757200,13.626757080078125,-0.6390790343284607,-0.1695771962404251,-0.6869751214981079
1789031165255764000,13.636763916015624,-0.7210745811462402,-0.0792451798915863,-0.7595611810684204
1789031165265771300,13.646771240234376,-0.7984353303909302,0.06393244862556458,-0.8238223195075989
1789031165275778000,13.656778076171875,-0.8705862164497375,0.20533165335655212,-0.8747627139091492
1789031165285785000,13.66678515625,-0.9847238659858704,0.3188846707344055,-0.9338000416755676
1789031165295791000,13.676791015625,-1.0888416767120361,0.431526243686676,-1.0320425033569336
1789031165305798100,13.686798095703125,-1.1693272590637207,0.5455828309059143,-1.110739827156067
1789031165315805200,13.69680517578125,-1.278827428817749,0.44182050228118896,-1.0570380687713623
1789031165325812200,13.706812255859376,-1.3356480598449707,0.12676410377025604,-0.9028676748275757
1789031165335819000,13.716819091796875,-1.3018865585327148,-0.2054828256368637,-0.7300482392311096
1789031165345825300,13.7268251953125,-1.268631100654602,-0.19041848182678223,-0.66434246301651
1789031165355832000,13.73683203125,-1.2411857843399048,0.19573268294334412,-0.7503939867019653
1789031165365839000,13.746839111328125,-1.2568613290786743,0.4401753842830658,-0.9697404503822327
1789031165375846100,13.75684619140625,-1.3580838441848755,-0.0666516050696373,-1.1769769191741943
1789031165385853000,13.76685302734375,-1.4437538385391235,-0.8417074680328369,-1.2835239171981812
1789031165395859000,13.77685888671875,-1.5142858028411865,-1.2128088474273682,-1.293184518814087
1789031165405866200,13.7868662109375,-1.5260008573532104,-1.1249758005142212,-1.2977176904678345
1789031165415873000,13.796873046875,-1.4560019969940186,-0.785081148147583,-1.4476350545883179
1789031165425880300,13.80688037109375,-1.3620667457580566,-0.6248825788497925,-1.5989903211593628
1789031165435887000,13.81688720703125,-1.2655218839645386,-0.510973334312439,-1.6307415962219238
1789031165445893000,13.82689306640625,-1.219581961631775,-0.5401597023010254,-1.512613296508789
1789031165455900200,13.836900146484375,-1.2457520961761475,-0.6766829490661621,-1.4056599140167236
1789031165465906700,13.84690673828125,-1.2942970991134644,-0.9191084504127502,-1.4068045616149902
1789031165475913700,13.856913818359375,-1.3662903308868408,-1.096596360206604,-1.4713270664215088
1789031165485920800,13.866920654296875,-1.4248337745666504,-0.9989527463912964,-1.5389761924743652
1789031165495926500,13.876926513671876,-1.4834669828414917,-0.8629656434059143,-1.5757864713668823
1789031165505933800,13.886933837890625,-1.5608161687850952,-0.8123798966407776,-1.5788649320602417
1789031165515940600,13.896940673828125,-1.5517891645431519,-0.9621984362602234,-1.5539580583572388
1789031165525948000,13.906947998046874,-1.491929292678833,-1.3853002786636353,-1.528229832649231
1789031165535954700,13.91695458984375,-1.4363142251968384,-1.5945688486099243,-1.4885133504867554
1789031165545960700,13.926960693359375,-1.3767751455307007,-1.5066121816635132,-1.5539772510528564
1789031165555967700,13.9369677734375,-1.3893433809280396,-1.6912152767181396,-1.6710959672927856
1789031165565974800,13.946974853515625,-1.3108155727386475,-1.6505309343338013,-1.8134812116622925
1789031165575981600,13.956981689453125,-1.1926021575927734,-1.4506607055664062,-1.8637827634811401
1789031165585988900,13.96698876953125,-1.098863959312439,-1.1583304405212402,-1.7609187364578247
1789031165595994600,13.97699462890625,-1.0138537883758545,-0.7680510878562927,-1.5842251777648926
1789031165606001700,13.987001708984375,-0.9690263867378235,-0.40304961800575256,-1.437278389930725
1789031165616008700,13.9970087890625,-0.9024673104286194,-0.038880154490470886,-1.2861354351043701
1789031165626015700,14.007015625,-0.7306632399559021,0.23227262496948242,-1.0761924982070923
1789031165636022800,14.017022705078125,-0.5889564752578735,0.1933601051568985,-0.8990791440010071
1789031165646028800,14.02702880859375,-0.5280539989471436,0.1867898553609848,-0.7187451720237732
1789031165656035600,14.03703564453125,-0.46203744411468506,0.18133489787578583,-0.4958878755569458
1789031165666043000,14.04704296875,-0.3651122450828552,0.006892272271215916,-0.2400149255990982
1789031165676049700,14.057049560546876,-0.23419871926307678,-0.02909049391746521,-0.05061383545398712
1789031165686056700,14.067056640625,-0.09892945736646652,0.12288392335176468,-0.07951605319976807
1789031165696062700,14.077062744140624,-0.019418923184275627,0.26876577734947205,-0.09768547117710114
1789031165706069800,14.08706982421875,0.04033910483121872,0.3082369267940521,0.09205105155706406
1789031165716076500,14.09707666015625,0.09540794789791107,0.11173027753829956,0.368369460105896
1789031165726083800,14.107083740234375,0.18284213542938232,0.18095292150974274,0.4926210641860962
1789031165736090600,14.117090576171876,0.3670066297054291,0.8378889560699463,0.3468945026397705
1789031165746096600,14.1270966796875,0.5406229496002197,1.5091876983642578,0.26059746742248535
1789031165756103700,14.137103759765624,0.7008358240127563,1.5628900527954102,0.4293241798877716
1789031165766110700,14.14711083984375,0.8327454924583435,1.1974972486495972,0.7310779094696045
1789031165776117800,14.15711767578125,0.8913742303848267,0.8647797107696533,1.0182976722717285
1789031165786124800,14.167124755859374,0.9772137403488159,0.6091945767402649,1.1721235513687134
1789031165796130600,14.177130615234375,1.0601017475128174,0.49269166588783264,1.2075254917144775
1789031165806137900,14.187137939453125,1.0653507709503174,0.7781463265419006,1.108123540878296
1789031165816144600,14.19714453125,1.038658618927002,1.0692766904830933,1.089206576347351
1789031165826151700,14.207151611328126,1.0941579341888428,1.101686954498291,1.2228413820266724
1789031165836158700,14.21715869140625,1.2650893926620483,1.0497180223464966,1.411767601966858
1789031165846164700,14.227164794921874,1.4820681810379028,1.028852939605713,1.5555354356765747
1789031165856171500,14.237171630859375,1.6387661695480347,1.06001615524292,1.6017216444015503
1789031165866178800,14.2471787109375,1.7043781280517578,1.0631023645401,1.6775420904159546
1789031165876185600,14.257185546875,1.7687469720840454,1.2233541011810303,1.7683616876602173
1789031165886193000,14.26719287109375,1.7999600172042847,1.4755027294158936,1.6655879020690918
1789031165896198700,14.27719873046875,1.8000050783157349,1.6594576835632324,1.4830955266952515
1789031165906205700,14.287205810546874,1.8529777526855469,1.617516040802002,1.48207688331604
1789031165916212700,14.297212646484375,2.0110154151916504,1.2368097305297852,1.6755567789077759
1789031165926219800,14.3072197265625,2.1622509956359863,0.5519585013389587,1.868201732635498
1789031165936226600,14.3172265625,2.1792383193969727,0.03578324243426323,1.9579020738601685
1789031165946232800,14.32723291015625,2.161752223968506,0.1401185691356659,1.972196340560913
1789031165956239600,14.337239501953125,2.0792336463928223,0.6576839089393616,1.8543133735656738
1789031165966246700,14.34724658203125,2.0001912117004395,1.4786529541015625,1.4559952020645142
1789031165976253700,14.357253662109375,1.805429458618164,1.9031890630722046,1.3424255847930908
1789031165986260700,14.3672607421875,1.761993408203125,1.5660512447357178,1.8331018686294556
1789031165996266500,14.3772666015625,2.11639666557312,0.9219998121261597,2.2061691284179688
1789031166006273800,14.387273681640625,2.3770573139190674,0.3140500783920288,2.160604953765869
1789031166016280600,14.397280517578125,2.2084665298461914,0.2797671854496002,1.8742221593856812
1789031166026287900,14.407287841796874,1.7677427530288696,0.3744869530200958,1.6982651948928833
1789031166036294700,14.417294677734375,1.3544355630874634,0.2544383108615875,1.6758512258529663
1789031166046300700,14.42730078125,1.0818692445755005,0.4225805401802063,1.5960378646850586
1789031166056307700,14.4373076171875,0.9406388401985168,0.6130875945091248,1.4301040172576904
1789031166066314800,14.447314697265625,0.8554133772850037,0.5686872601509094,1.2283726930618286
1789031166076321500,14.457321533203125,0.7257038950920105,0.49151524901390076,0.9948126673698425
1789031166086328800,14.467328857421874,0.4980830252170563,0.5451855063438416,0.7457636594772339
1789031166096334600,14.47733447265625,0.2972372770309448,0.7486478090286255,0.540813148021698
1789031166106341600,14.487341552734375,0.24871686100959778,0.7111441493034363,0.4868742823600769
1789031166116348700,14.4973486328125,0.19498759508132935,0.308035284280777,0.4700332581996918
1789031166126355700,14.507355712890625,0.044290583580732346,-0.3007657527923584,0.36495906114578247
1789031166136362800,14.51736279296875,-0.138493612408638,-0.653984546661377,0.13135191798210144
1789031166146368800,14.52736865234375,-0.3722938895225525,-0.3126755356788635,-0.24764882028102875
1789031166156375600,14.53737548828125,-0.5981981158256531,0.3589148223400116,-0.687588095664978
1789031166166382800,14.5473828125,-0.7344186305999756,0.7253584861755371,-1.0587105751037598
1789031166176389600,14.5573896484375,-0.8240707516670227,0.561656653881073,-1.257534146308899
1789031166186395600,14.567395751953125,-0.949181318283081,0.04491540789604187,-1.2642754316329956
1789031166196402700,14.577402587890624,-0.9765527248382568,-0.4024120569229126,-1.1787261962890625
1789031166206409700,14.58740966796875,-0.8945117592811584,-0.4142502248287201,-1.1733258962631226
1789031166216416500,14.59741650390625,-0.8414120674133301,-0.16425131261348724,-1.2362399101257324
1789031166226423800,14.607423828125,-0.9188274145126343,0.030637668445706367,-1.349044919013977
1789031166236429600,14.6174296875,-1.1225751638412476,0.18514655530452728,-1.478009819984436
1789031166246436600,14.6274365234375,-1.353797435760498,0.2922544777393341,-1.5062165260314941
1789031166256443600,14.637443603515624,-1.4714598655700684,0.25003430247306824,-1.4575345516204834
1789031166266450700,14.64745068359375,-1.5444344282150269,0.07049651443958282,-1.3984864950180054
1789031166276457700,14.657457763671875,-1.5838987827301025,-0.040959712117910385,-1.4064761400222778
1789031166286463700,14.667463623046874,-1.567430853843689,-0.18913935124874115,-1.4049551486968994
1789031166296470500,14.677470458984375,-1.4873008728027344,-0.38129228353500366,-1.3547873497009277
1789031166306477800,14.687477783203125,-1.477975606918335,-0.630932629108429,-1.182485818862915
1789031166316484600,14.697484619140624,-1.5827538967132568,-0.7855469584465027,-0.8871937394142151
1789031166326491600,14.70749169921875,-1.5097377300262451,-0.4168413281440735,-0.7206766605377197
1789031166336497700,14.71749755859375,-1.4142074584960938,0.06992112845182419,-0.807696521282196
1789031166346504700,14.727504638671874,-1.3889096975326538,0.12773481011390686,-1.0363550186157227
1789031166356511500,14.737511474609375,-1.393074631690979,-0.2686748802661896,-1.1514685153961182
1789031166366518800,14.747518798828125,-1.3412268161773682,-0.9824877381324768,-1.1329344511032104
1789031166376525600,14.757525634765624,-1.304262399673462,-1.5480382442474365,-1.051008939743042
1789031166386531600,14.767531494140625,-1.3307955265045166,-1.6084028482437134,-0.9792037010192871
1789031166396538600,14.77753857421875,-1.3515117168426514,-1.312635898590088,-0.9672842025756836
1789031166406545700,14.787545654296874,-1.3181943893432617,-0.9243544936180115,-1.0891075134277344
1789031166416552700,14.797552734375,-1.2879900932312012,-0.7986096143722534,-1.2777650356292725
1789031166426559700,14.807559814453125,-1.3090895414352417,-0.9693542122840881,-1.4463273286819458
1789031166436565800,14.817565673828126,-1.3846807479858398,-1.2581466436386108,-1.5434768199920654
1789031166446572800,14.82757275390625,-1.4657505750656128,-1.6015489101409912,-1.5826423168182373
1789031166456579600,14.83757958984375,-1.4993582963943481,-1.795511245727539,-1.648346185684204
1789031166466586400,14.84758642578125,-1.4837696552276611,-1.5844907760620117,-1.678739309310913
1789031166476592400,14.85759228515625,-1.3842414617538452,-1.012899398803711,-1.6542093753814697
1789031166486599200,14.86759912109375,-1.249142050743103,-0.6946186423301697,-1.5729507207870483
1789031166496606500,14.8776064453125,-1.1563374996185303,-0.8467759490013123,-1.4121007919311523
1789031166506613200,14.88761328125,-1.1430296897888184,-1.2279131412506104,-1.2957781553268433
1789031166516620300,14.897620361328125,-1.2091906070709229,-1.6055214405059814,-1.2544198036193848
1789031166526626300,14.907626220703126,-1.2607018947601318,-1.7157418727874756,-1.2467244863510132
1789031166536633300,14.91763330078125,-1.2270491123199463,-1.4798510074615479,-1.2761446237564087
1789031166546640400,14.927640380859375,-1.1592618227005005,-1.2793618440628052,-1.2749742269515991
1789031166556647400,14.9376474609375,-1.0415972471237183,-1.006354808807373,-1.246216893196106
1789031166566654200,14.947654296875,-0.8949922919273376,-0.548224151134491,-1.1469459533691406
1789031166576660500,14.957660400390624,-0.7787666320800781,0.06661827862262726,-0.9575437903404236
1789031166586667300,14.967667236328126,-0.6317393183708191,0.4500699043273926,-0.6907910108566284
1789031166596674300,14.97767431640625,-0.4260804057121277,-0.03367998078465462,-0.4113311171531677
1789031166606681300,14.987681396484374,-0.2882276773452759,-0.4172322154045105,-0.2597319483757019
1789031166616687400,14.997687255859375,-0.23272740840911865,-0.22968468070030212,-0.14281252026557922
1789031166626694100,15.007694091796875,-0.16663743555545807,-0.17587853968143463,-0.09984086453914642
1789031166636701400,15.017701416015624,-0.09040046483278275,-0.1752801239490509,-0.13900451362133026
1789031166646708200,15.027708251953126,-0.020282169803977013,0.1426001638174057,-0.12857243418693542
1789031166656715500,15.037715576171875,0.0693233460187912,0.4505726397037506,-0.05284491926431656
1789031166666721300,15.04772119140625,0.3187530040740967,0.7441742420196533,0.15142805874347687
1789031166676728300,15.057728271484375,0.5606310963630676,0.8774207234382629,0.3675483763217926
1789031166686735400,15.0677353515625,0.6661911606788635,0.936346173286438,0.5168077945709229
1789031166696742400,15.077742431640624,0.6730591654777527,0.8507657647132874,0.7346053719520569
1789031166706749200,15.087749267578126,0.7446021437644958,0.9416772723197937,0.8669721484184265
1789031166716755500,15.09775537109375,0.8504028916358948,0.9929963946342468,0.8770551085472107
1789031166726762200,15.10776220703125,0.9219986200332642,1.1092183589935303,0.8464718461036682
1789031166736769300,15.117769287109375,0.986568808555603,1.1956984996795654,0.8576302528381348
1789031166746776300,15.1277763671875,1.1160285472869873,1.1372748613357544,0.9908632040023804
1789031166756782300,15.1377822265625,1.2980120182037354,0.9272493720054626,1.1379746198654175
1789031166766789000,15.1477890625,1.4533002376556396,0.8356934189796448,1.2150588035583496
1789031166776796400,15.15779638671875,1.5934420824050903,1.1745985746383667,1.1392226219177246
1789031166786803200,15.16780322265625,1.6895242929458618,1.4062334299087524,1.0696897506713867
1789031166796810500,15.177810546875,1.8062173128128052,1.3831156492233276,1.2174315452575684
1789031166806816300,15.187816162109375,1.9345674514770508,0.8643459677696228,1.499650239944458
1789031166816823300,15.1978232421875,2.0055465698242188,0.3140948712825775,1.8139876127243042
1789031166826830300,15.207830322265625,2.0955724716186523,0.25880175828933716,1.8683664798736572
1789031166836837400,15.21783740234375,2.1247730255126953,0.391994446516037,1.6589192152023315
1789031166846844200,15.22784423828125,2.1090710163116455,0.7391021251678467,1.4433729648590088
1789031166856850400,15.237850341796875,2.046380043029785,0.9184265732765198,1.3806445598602295
1789031166866857200,15.247857177734375,2.055291175842285,0.8906751871109009,1.543154001235962
1789031166876864300,15.2578642578125,2.245382308959961,0.9226266741752625,1.8152766227722168
1789031166886871300,15.267871337890625,2.4855213165283203,0.7631344199180603,1.9757664203643799
1789031166896877300,15.277877197265624,2.6173818111419678,0.5628183484077454,1.9696344137191772
1789031166906884000,15.287884033203126,2.5445284843444824,0.4500589966773987,1.8848031759262085
1789031166916891400,15.297891357421875,2.312476396560669,0.5677861571311951,1.7787808179855347
1789031166926898200,15.307898193359375,2.0741894245147705,0.8155865669250488,1.724855661392212
1789031166936905500,15.317905517578126,1.8619030714035034,0.8803237676620483,1.7628278732299805
1789031166946911200,15.3279111328125,1.6981433629989624,0.7584845423698425,1.8494240045547485
1789031166956918300,15.337918212890624,1.570025086402893,0.5694863796234131,1.9111816883087158
1789031166966925300,15.34792529296875,1.4803258180618286,0.39742064476013184,1.8445096015930176
1789031166976932400,15.357932373046875,1.4443302154541016,0.4594328999519348,1.5352331399917603
1789031166986939100,15.367939208984374,1.3647273778915405,0.7022804021835327,1.0777775049209595
1789031166996945400,15.3779453125,1.1638035774230957,0.8687463402748108,0.6837944984436035
1789031167006952200,15.3879521484375,0.9030294418334961,0.7830300331115723,0.49368277192115784
1789031167016959200,15.397959228515624,0.7008241415023804,0.37830761075019836,0.48021969199180603
1789031167026966300,15.40796630859375,0.6093464493751526,-0.0705791488289833,0.44778090715408325
1789031167036972300,15.41797216796875,0.4428611099720001,-0.3879406154155731,0.3373396098613739
1789031167046979000,15.42797900390625,0.1405610889196396,-0.2977811098098755,0.15307161211967468
1789031167056986400,15.437986328125,-0.10509742796421051,0.04937151446938515,-0.06666447967290878
1789031167066993200,15.4479931640625,-0.20841026306152344,0.026525884866714478,-0.222217857837677
1789031167077000400,15.45800048828125,-0.3059786260128021,-0.0735573023557663,-0.3393191993236542
1789031167087006200,15.468006103515625,-0.37281644344329834,-0.12439456582069397,-0.37125691771507263
1789031167097013200,15.47801318359375,-0.3861069679260254,-0.14278583228588104,-0.36294546723365784
1789031167107020300,15.488020263671874,-0.4302193522453308,-0.09662721306085587,-0.38100168108940125
1789031167117027300,15.49802734375,-0.5134950876235962,-0.08802999556064606,-0.4518311321735382
1789031167127033300,15.508033447265625,-0.5909082889556885,-0.0658167377114296,-0.5816472172737122
1789031167137040400,15.518040283203124,-0.6319513320922852,-0.08632254600524902,-0.6976651549339294
1789031167147047200,15.528047119140625,-0.6822285056114197,-0.18470975756645203,-0.7501642107963562
1789031167157054200,15.53805419921875,-0.779114305973053,-0.32856518030166626,-0.7142152786254883
1789031167167061200,15.548061279296874,-0.935174822807312,-0.5588479042053223,-0.6053293943405151
1789031167177067300,15.5580673828125,-1.0942134857177734,-0.5708523988723755,-0.6103617548942566
1789031167187074300,15.56807421875,-1.222710132598877,-0.4330235719680786,-0.8133217096328735
1789031167197081300,15.578081298828126,-1.286512017250061,-0.24021923542022705,-1.132240891456604
1789031167207088000,15.588088134765625,-1.2944499254226685,0.015110867097973824,-1.3857427835464478
1789031167217094100,15.59809423828125,-1.3508878946304321,0.05385453253984451,-1.4001017808914185
1789031167227101400,15.608101318359376,-1.4159951210021973,-0.1003103107213974,-1.1224170923233032
1789031167237108200,15.618108154296875,-1.4194111824035645,-0.3143578767776489,-0.7728524804115295
1789031167247115300,15.628115234375,-1.4369778633117676,-0.49993830919265747,-0.6627013683319092
1789031167257122300,15.638122314453126,-1.5454350709915161,-0.44440552592277527,-0.938949465751648
1789031167267128300,15.64812841796875,-1.662818431854248,-0.36376088857650757,-1.4601829051971436
1789031167277135400,15.65813525390625,-1.795433521270752,-0.3892207145690918,-1.8192787170410156
1789031167287142400,15.668142333984376,-1.8620965480804443,-0.4297392964363098,-1.7392561435699463
1789031167297149200,15.678149169921875,-1.7779172658920288,-0.6678106784820557,-1.3815739154815674
1789031167307156200,15.68815625,-1.6307110786437988,-0.8526642322540283,-1.1738134622573853
1789031167317162200,15.698162353515626,-1.460677146911621,-0.6707769632339478,-1.2319142818450928
1789031167327169300,15.708169189453125,-1.3361495733261108,-0.48286017775535583,-1.3375846147537231
1789031167337176300,15.71817626953125,-1.312912940979004,-0.48767808079719543,-1.3959333896636963
1789031167347183000,15.72818310546875,-1.382398247718811,-0.8232230544090271,-1.3895655870437622
1789031167357189000,15.738189208984375,-1.497605800628662,-1.421270728111267,-1.3467984199523926
1789031167367196400,15.748196533203124,-1.5479917526245117,-1.740236520767212,-1.3364731073379517
1789031167377203200,15.758203125,-1.5570672750473022,-1.849938988685608,-1.3261619806289673
1789031167387210500,15.76821044921875,-1.5632966756820679,-1.7904725074768066,-1.3399732112884521
1789031167397217300,15.77821728515625,-1.557144284248352,-1.5045819282531738,-1.4204283952713013
1789031167407223300,15.788223388671875,-1.5001522302627563,-1.2676445245742798,-1.4936686754226685
1789031167417230300,15.798230224609375,-1.3962186574935913,-1.0684475898742676,-1.4082554578781128
1789031167427237400,15.8082373046875,-1.3047419786453247,-1.0512303113937378,-1.2578010559082031
1789031167437244200,15.818244140625,-1.244341492652893,-1.6716402769088745,-1.104170799255371
1789031167447250400,15.82825048828125,-1.2209829092025757,-2.391186237335205,-0.9285445213317871
1789031167457257200,15.83825732421875,-1.2940059900283813,-2.8087809085845947,-0.7956773042678833
1789031167467264500,15.848264404296875,-1.3178322315216064,-2.6007981300354004,-0.8212233781814575
1789031167477271300,15.858271240234375,-1.1592763662338257,-1.6858623027801514,-1.1000624895095825
1789031167487277600,15.868277587890624,-0.976821780204773,-0.9092103838920593,-1.3170956373214722
1789031167497284400,15.878284423828125,-0.7661961317062378,-0.3290466070175171,-1.296454906463623
1789031167507291400,15.88829150390625,-0.5339565873146057,-0.13762089610099792,-1.1183295249938965
1789031167517298400,15.89829833984375,-0.3710438311100006,-0.1902494877576828,-0.8226718306541443
1789031167527305500,15.908305419921875,-0.20697803795337677,-0.21640263497829437,-0.39330020546913147
1789031167537311200,15.918311279296875,-0.04777852073311806,-0.09208653122186661,-0.03421555459499359
1789031167547318500,15.928318603515624,-0.05983903259038925,-0.015709418803453445,0.05894533917307854
1789031167557325300,15.9383251953125,-0.18657620251178741,-0.02362513355910778,0.011107509955763817
1789031167567332600,15.94833251953125,-0.28738629817962646,-0.25654473900794983,0.03544133901596069
1789031167577338400,15.95833837890625,-0.22728405892848969,-0.45226284861564636,-0.01650707982480526
1789031167587345400,15.968345458984375,-0.13926558196544647,-0.30716657638549805,0.008229361847043037
1789031167597352400,15.9783525390625,0.006975512020289898,0.08508853614330292,0.06769588589668274
1789031167607359500,15.988359375,0.22015053033828735,0.5289729833602905,0.13130676746368408
1789031167617366300,15.9983662109375,0.4558727443218231,0.8686895370483398,0.27501678466796875
1789031167627372500,16.00837255859375,0.654196560382843,1.1850861310958862,0.5137012600898743
1789031167637379300,16.01837939453125,0.7580052614212036,1.3100427389144897,0.7993553876876831
1789031167647386400,16.028386474609373,0.8293968439102173,1.4391298294067383,1.005954384803772
1789031167657393400,16.038393310546876,0.9041398167610168,1.5720570087432861,1.0877946615219116
1789031167667399400,16.0483994140625,0.9472106695175171,1.5068962574005127,1.1182925701141357
1789031167677406200,16.05840625,0.9655947089195251,1.3877345323562622,1.1931766271591187
1789031167687413500,16.06841357421875,1.0084716081619263,1.142974853515625,1.3097752332687378
1789031167697420300,16.078420166015626,1.0544936656951904,0.7998983860015869,1.4448506832122803
1789031167707426300,16.08842626953125,1.103881597518921,0.6191601157188416,1.535200834274292
1789031167717433300,16.098433349609376,1.1854782104492188,0.6255934834480286,1.5138920545578003
1789031167727440400,16.1084404296875,1.269376277923584,0.7988318800926208,1.4341927766799927
1789031167737447400,16.118447509765623,1.366500735282898,1.0265346765518188,1.453736662864685
1789031167747454500,16.128454345703126,1.5212252140045166,1.2366567850112915,1.5826504230499268
1789031167757460500,16.13846044921875,1.71439528465271,1.3906381130218506,1.7858262062072754
1789031167767467500,16.148467529296877,1.8296037912368774,1.2654627561569214,1.9769991636276245
1789031167777474300,16.158474365234376,1.8670403957366943,1.084459900856018,2.1046557426452637
1789031167787481300,16.1684814453125,1.8539230823516846,0.9725431203842163,2.158489227294922
1789031167797487600,16.178487548828127,1.8727315664291382,0.8246617913246155,2.210019111633301
1789031167807494400,16.188494384765626,1.9562095403671265,0.6861158609390259,2.237210988998413
1789031167817501200,16.198501220703125,2.0182411670684814,0.48693057894706726,2.1949870586395264
1789031167827508500,16.208508544921877,2.0253067016601562,0.420028954744339,2.1217687129974365
1789031167837515300,16.218515380859376,1.9477578401565552,0.5059430599212646,2.0257115364074707
1789031167847521300,16.228521240234375,1.7838671207427979,0.6255170106887817,1.9358004331588745
1789031167857528600,16.238528564453127,1.6600836515426636,0.813870370388031,1.8596185445785522
1789031167867535400,16.248535400390626,1.6285330057144165,1.042748212814331,1.7805373668670654
1789031167877542400,16.25854248046875,1.6798301935195923,1.3679026365280151,1.673730731010437
1789031167887548400,16.26854833984375,1.6667816638946533,1.6255308389663696,1.5403292179107666
1789031167897555500,16.278555419921876,1.5023934841156006,1.3261702060699463,1.5445140600204468
1789031167907562500,16.2885625,1.3206645250320435,0.6248077750205994,1.5882396697998047
1789031167917569300,16.2985693359375,1.13959801197052,-0.07535168528556824,1.577440619468689
1789031167927575300,16.3085751953125,0.9200819134712219,-0.13789188861846924,1.3798881769180298
1789031167937582600,16.31858251953125,0.6880872845649719,0.3592744767665863,0.8922125101089478
1789031167947589400,16.32858935546875,0.48557835817337036,0.6550811529159546,0.3786194622516632
1789031167957596400,16.338596435546876,0.3580864667892456,0.6195164918899536,0.05197477340698242
1789031167967603500,16.348603515625,0.2720766067504883,0.2553466856479645,-0.04619445279240608
1789031167977609500,16.358609375,0.15937139093875885,-0.19856247305870056,0.009569210931658745
1789031167987616300,16.3686162109375,0.023541497066617012,-0.41721871495246887,0.07423251867294312
1789031167997623600,16.37862353515625,-0.1364029049873352,-0.20266327261924744,0.045836564153432846
1789031168007630300,16.38863037109375,-0.3021370470523834,0.24606193602085114,-0.08412963151931763
1789031168017636400,16.39863623046875,-0.4301362633705139,0.46550723910331726,-0.2179739773273468
1789031168027643400,16.408643310546875,-0.5660689473152161,0.4562205374240875,-0.3190051317214966
1789031168037650400,16.418650390625,-0.7088162302970886,0.40439942479133606,-0.41106662154197693
1789031168047657500,16.428657470703126,-0.7242979407310486,0.2927896976470947,-0.5140916705131531
1789031168057663500,16.43866357421875,-0.7417610883712769,0.24978390336036682,-0.6015259027481079
1789031168067670300,16.448670166015624,-0.7738109230995178,0.20704643428325653,-0.7002179622650146
1789031168077677600,16.458677490234376,-0.8527339696884155,-0.1313398778438568,-0.7494542002677917
1789031168087684400,16.468684326171875,-1.0210362672805786,-0.47981125116348267,-0.7456277012825012
1789031168097691400,16.47869140625,-1.201594352722168,-0.5502510666847229,-0.7190251350402832
1789031168107697400,16.488697509765625,-1.3007515668869019,-0.39946964383125305,-0.687282145023346
1789031168117704400,16.498704345703125,-1.2694048881530762,-0.08540491759777069,-0.6964133381843567
1789031168127711200,16.508711181640624,-1.2501345872879028,0.22589625418186188,-0.7810205221176147
1789031168137718500,16.518718505859376,-1.2128009796142578,0.5860139727592468,-0.9686969518661499
1789031168147724300,16.528724365234375,-1.270947813987732,0.44038519263267517,-1.0578556060791016
1789031168157731300,16.5387314453125,-1.401535153388977,0.040877457708120346,-1.043254017829895
1789031168167738400,16.54873828125,-1.446964144706726,-0.37479284405708313,-0.9309902191162109
1789031168177745400,16.558745361328125,-1.4156643152236938,-0.8584274053573608,-0.7503166198730469
1789031168187751400,16.56875146484375,-1.3185179233551025,-0.838638961315155,-0.685445249080658
1789031168197758500,16.578758544921875,-1.2335079908370972,-0.43451011180877686,-0.7439205050468445
1789031168207765200,16.58876513671875,-1.2155908346176147,-0.11936203390359879,-0.8658547401428223
1789031168217772500,16.5987724609375,-1.213545799255371,-0.24703583121299744,-1.029043197631836
1789031168227778600,16.608778564453125,-1.2486176490783691,-0.6927468776702881,-1.1165989637374878
1789031168237785300,16.618785400390625,-1.3027211427688599,-1.0881932973861694,-1.1548657417297363
1789031168247792400,16.62879248046875,-1.3589714765548706,-1.2420234680175781,-1.2171612977981567
1789031168257799400,16.63879931640625,-1.3834319114685059,-1.1746028661727905,-1.2909572124481201
1789031168267806500,16.648806396484375,-1.4383113384246826,-1.119612216949463,-1.3837043046951294
1789031168277812500,16.6588125,-1.5147839784622192,-1.0618857145309448,-1.456308364868164
1789031168287819300,16.6688193359375,-1.5665607452392578,-1.0760847330093384,-1.4896535873413086
1789031168297826600,16.67882666015625,-1.5395327806472778,-1.1384437084197998,-1.524449348449707
1789031168307833300,16.688833251953124,-1.4750299453735352,-1.239726185798645,-1.5726615190505981
1789031168317839400,16.69883935546875,-1.4184033870697021,-1.3192697763442993,-1.6473597288131714
1789031168327846400,16.708846435546874,-1.3544752597808838,-1.2821133136749268,-1.7239469289779663
1789031168337853400,16.718853515625,-1.3274140357971191,-1.1943501234054565,-1.7695708274841309
1789031168347860200,16.728860107421873,-1.3090335130691528,-0.9715344309806824,-1.7351460456848145
1789031168357866500,16.738866455078124,-1.27874755859375,-0.8693258166313171,-1.5907974243164062
1789031168367873500,16.74887353515625,-1.2968313694000244,-1.1143836975097656,-1.3867202997207642
1789031168377880300,16.75888037109375,-1.3932527303695679,-1.4962037801742554,-1.2210527658462524
1789031168387887400,16.768887451171874,-1.4650548696517944,-1.743338704109192,-1.1777608394622803
1789031168397893400,16.778893310546874,-1.417499303817749,-1.612574577331543,-1.2632685899734497
1789031168407900400,16.788900390625,-1.274141788482666,-1.2046056985855103,-1.3762571811676025
1789031168417907500,16.798907470703124,-1.1158541440963745,-0.7957451343536377,-1.3822338581085205
1789031168427914500,16.80891455078125,-0.96783047914505,-0.4349995255470276,-1.3033229112625122
1789031168437921500,16.818921630859375,-0.8569561243057251,-0.1776503026485443,-1.1924139261245728
1789031168447927600,16.828927490234374,-0.7380931973457336,-0.024036331102252007,-1.0147509574890137
1789031168457934300,16.838934326171874,-0.59513258934021,-0.11141224950551987,-0.7555833458900452
1789031168467941400,16.84894140625,-0.426411896944046,-0.31118080019950867,-0.5229483246803284
1789031168477948400,16.858948486328124,-0.29504215717315674,-0.29124677181243896,-0.397527277469635
1789031168487954400,16.868954345703123,-0.22760525345802307,-0.177179217338562,-0.27266043424606323
1789031168497961200,16.878961181640626,-0.14525844156742096,0.024638861417770386,-0.18593434989452362
1789031168507968500,16.888968505859374,-0.018967827782034874,0.14761853218078613,-0.14818531274795532
1789031168517975300,16.898975341796874,0.06745334714651108,0.10383376479148865,-0.014194215647876263
1789031168527981300,16.908981201171876,0.15123526751995087,0.0745365098118782,0.16239604353904724
1789031168537988400,16.91898828125,0.2331532984972,0.06205293908715248,0.3554629683494568
1789031168547995400,16.928995361328123,0.34441521763801575,0.26191461086273193,0.4470854699611664
1789031168558002200,16.939002197265626,0.47800734639167786,0.5766546726226807,0.4149640202522278
1789031168568008400,16.949008544921874,0.5689231753349304,0.8019939661026001,0.4019535481929779
1789031168578015200,16.95901513671875,0.6733095049858093,0.9708051085472107,0.40959203243255615
1789031168588022300,16.969022216796876,0.8095409274101257,1.0660709142684937,0.4545975923538208
1789031168598029300,16.979029296875,0.9467666745185852,1.046832799911499,0.5995668172836304
1789031168608035300,16.989035400390627,1.069222092628479,0.9892598390579224,0.8187164068222046
1789031168618042000,16.9990419921875,1.1742509603500366,0.9152657389640808,1.058836579322815
1789031168628049400,17.00904931640625,1.299560546875,0.8832700252532959,1.2363730669021606
1789031168638056200,17.01905615234375,1.4217981100082397,0.8538692593574524,1.3420188426971436
1789031168648062200,17.029062255859376,1.5104422569274902,0.8536510467529297,1.3894184827804565
1789031168658069200,17.0390693359375,1.5546778440475464,0.7980759143829346,1.4020259380340576
1789031168668076300,17.049076171875,1.571640133857727,0.726215124130249,1.4438809156417847
1789031168678083300,17.059083251953126,1.6009495258331299,0.7226859331130981,1.5099408626556396
1789031168688089300,17.06908935546875,1.6497769355773926,0.8161821961402893,1.5747931003570557
1789031168698096400,17.079096435546877,1.7345232963562012,0.9979623556137085,1.6069915294647217
1789031168708103400,17.089103515625,1.8329293727874756,1.2518515586853027,1.5808310508728027
1789031168718110200,17.099110107421875,1.895237684249878,1.4561128616333008,1.5122761726379395
1789031168728116200,17.1091162109375,1.889643669128418,1.480281114578247,1.473998785018921
1789031168738123500,17.11912353515625,1.8898588418960571,1.3175753355026245,1.5426052808761597
1789031168748130300,17.12913037109375,1.9704667329788208,1.061959147453308,1.6768615245819092
1789031168758137300,17.139137451171877,2.1070713996887207,0.8453077673912048,1.838119626045227
1789031168768144400,17.149144287109376,2.270034074783325,0.8557019829750061,1.9392696619033813
1789031168778150400,17.159150390625,2.35128116607666,0.9158369302749634,1.960716724395752
1789031168788157200,17.1691572265625,2.301177978515625,0.9183002710342407,1.906030535697937
1789031168798164500,17.17916455078125,2.1439409255981445,0.7954316139221191,1.8091130256652832
1789031168808171300,17.189171142578125,1.957153558731079,0.6718655228614807,1.7085862159729004
1789031168818177300,17.19917724609375,1.8225525617599487,0.7307621836662292,1.561668872833252
1789031168828184300,17.209184326171876,1.693064570426941,0.8311931490898132,1.3873921632766724
1789031168838191400,17.21919140625,1.5834800004959106,0.866319477558136,1.2154971361160278
1789031168848198400,17.229198486328126,1.5085244178771973,0.7355325222015381,1.0799920558929443
1789031168858204400,17.239204345703126,1.477886438369751,0.4632874131202698,1.0105456113815308
1789031168868211200,17.249211181640625,1.4362156391143799,0.33006834983825684,0.9720627069473267
1789031168878218500,17.259218505859376,1.3026728630065918,0.4271445870399475,0.9047545194625854
1789031168888225300,17.269225341796876,1.073988914489746,0.5534103512763977,0.7851912379264832
1789031168898231300,17.279231201171875,0.8030743598937988,0.5380313992500305,0.6278772950172424
1789031168908238300,17.28923828125,0.5112859010696411,0.25989845395088196,0.5136261582374573
1789031168918245400,17.299245361328126,0.2924451231956482,-0.04837388917803764,0.42931416630744934
1789031168928252200,17.309252197265625,0.13886968791484833,-0.09752582758665085,0.3038133680820465
1789031168938258400,17.319258544921876,-0.015153964050114155,0.03221273049712181,0.11489591747522354
1789031168948265200,17.32926513671875,-0.2026449590921402,0.14839857816696167,-0.08686012029647827
1789031168958272300,17.339272216796875,-0.35393327474594116,0.07260395586490631,-0.2002338171005249
1789031168968279300,17.349279296875,-0.4645407199859619,-0.05721055343747139,-0.2676330506801605
1789031168978285300,17.359285400390625,-0.5520830750465393,-0.14560167491436005,-0.34591054916381836
1789031168988292000,17.3692919921875,-0.6463655829429626,-0.1780639886856079,-0.43373140692710876
1789031168998299400,17.37929931640625,-0.7364954948425293,-0.13982924818992615,-0.5115175843238831
1789031169008306200,17.38930615234375,-0.7895165681838989,0.029891129583120346,-0.5947576761245728
1789031169018312200,17.399312255859375,-0.8633465766906738,0.06141230836510658,-0.6531162858009338
1789031169028319200,17.4093193359375,-1.008925437927246,0.033569421619176865,-0.6904473900794983
1789031169038326300,17.419326171875,-1.173622488975525,-0.07879440486431122,-0.7484942078590393
1789031169048333300,17.429333251953125,-1.269622564315796,-0.1651638001203537,-0.8386929631233215
1789031169058339300,17.43933935546875,-1.2712846994400024,-0.07797563821077347,-0.9813292026519775
1789031169068346400,17.449346435546875,-1.2586027383804321,-0.013897547498345375,-1.086406946182251
1789031169078353400,17.459353515625,-1.278407096862793,-0.012139062397181988,-1.0590002536773682
1789031169088360200,17.469360107421874,-1.3442133665084839,-0.13520777225494385,-0.9687393307685852
1789031169098366200,17.4793662109375,-1.376703143119812,-0.19798752665519714,-0.9430760741233826
1789031169108373500,17.48937353515625,-1.3840471506118774,-0.17634011805057526,-0.9584160447120667
1789031169118380300,17.49938037109375,-1.4340384006500244,-0.15284676849842072,-0.9917473793029785
1789031169128387300,17.50938720703125,-1.5235016345977783,-0.12295867502689362,-1.0672701597213745
1789031169138393300,17.519393310546874,-1.6330902576446533,-0.12691587209701538,-1.1528403759002686
1789031169148400400,17.529400390625,-1.7342931032180786,-0.19359445571899414,-1.1661981344223022
1789031169158407200,17.5394072265625,-1.7394434213638306,-0.32227227091789246,-1.1820019483566284
1789031169168414500,17.54941455078125,-1.7279614210128784,-0.6163615584373474,-1.1857764720916748
1789031169178420200,17.559420166015624,-1.6629177331924438,-0.798403263092041,-1.1825865507125854
1789031169188427500,17.569427490234375,-1.538831353187561,-0.9129049777984619,-1.2277337312698364
1789031169198434300,17.579434326171874,-1.4141589403152466,-0.8519856929779053,-1.270118236541748
1789031169208441300,17.58944140625,-1.3178654909133911,-0.6544234752655029,-1.2789956331253052
1789031169218447400,17.599447265625,-1.3265801668167114,-0.7225441932678223,-1.284468412399292
1789031169228454400,17.609454345703124,-1.3331166505813599,-0.8999402523040771,-1.3235591650009155
1789031169238461200,17.619461181640624,-1.3364334106445312,-1.2177139520645142,-1.3601254224777222
1789031169248468500,17.629468505859375,-1.3662077188491821,-1.5303990840911865,-1.3339366912841797
1789031169258474200,17.63947412109375,-1.3798288106918335,-1.4761677980422974,-1.2860527038574219
1789031169268481300,17.649481201171874,-1.3670662641525269,-1.3785088062286377,-1.2980592250823975
1789031169278488300,17.65948828125,-1.3364630937576294,-1.2344375848770142,-1.2985782623291016
1789031169288495400,17.669495361328124,-1.2545216083526611,-1.053786039352417,-1.2803863286972046
1789031169298501400,17.67950146484375,-1.2142090797424316,-1.1092727184295654,-1.2051984071731567
1789031169308508400,17.68950830078125,-1.1829416751861572,-1.2697526216506958,-1.1012029647827148
1789031169318515200,17.69951513671875,-1.122649908065796,-1.5010132789611816,-1.0582339763641357
1789031169328522500,17.7095224609375,-1.065016746520996,-1.5700150728225708,-1.0485916137695312
1789031169338528500,17.719528564453125,-1.0187970399856567,-1.2322561740875244,-1.100691556930542
1789031169348535300,17.729535400390624,-1.067999243736267,-1.189917802810669,-1.116165280342102
1789031169358542300,17.739542236328123,-1.0693117380142212,-1.1032425165176392,-1.1108688116073608
1789031169368549400,17.74954931640625,-0.993069052696228,-0.7901991009712219,-1.1145515441894531
1789031169378555400,17.759555419921874,-0.8436548113822937,-0.3508361577987671,-1.096767783164978
1789031169388562400,17.7695625,-0.7041240930557251,-0.04877615347504616,-1.067266583442688
1789031169398569500,17.779569580078125,-0.5715049505233765,-0.20377735793590546,-0.9280746579170227
1789031169408576300,17.789576171875,-0.4565736651420593,-0.46139368414878845,-0.6956207156181335
1789031169418582500,17.79958251953125,-0.3907126486301422,-0.5814236998558044,-0.5071136951446533
1789031169428589300,17.80958935546875,-0.31448543071746826,-0.5689201951026917,-0.46275803446769714
1789031169438596400,17.819596435546874,-0.23008957505226135,-0.49456900358200073,-0.46873632073402405
1789031169448603400,17.829603271484373,-0.13372530043125153,-0.4379068613052368,-0.3802216351032257
1789031169458609400,17.839609375,-0.008704012259840965,-0.29524558782577515,-0.29085659980773926
1789031169468616400,17.849616455078124,0.12462792545557022,-0.010696833953261375,-0.2505098581314087
1789031169478623700,17.859623779296875,0.3129453957080841,0.4567933976650238,-0.23793280124664307
1789031169488630500,17.869630615234374,0.54216068983078,0.9474790096282959,-0.2456589639186859
1789031169498636500,17.879636474609374,0.7018406391143799,1.0645183324813843,-0.051131024956703186
1789031169508643600,17.8896435546875,0.7469711899757385,1.0561589002609253,0.29552119970321655
1789031169518650600,17.899650634765624,0.7906967997550964,1.0665186643600464,0.5918200016021729
1789031169528657700,17.90965771484375,0.9618226885795593,1.1731120347976685,0.7171582579612732
1789031169538663700,17.91966357421875,1.099180817604065,1.3228306770324707,0.7096204161643982
1789031169548670500,17.92967041015625,1.173929214477539,1.5891495943069458,0.6549180150032043
1789031169558677800,17.939677734375,1.2482396364212036,1.644851803779602,0.7184197902679443
1789031169568684500,17.9496845703125,1.3644802570343018,1.3376191854476929,1.034192681312561
1789031169578690600,17.959690673828124,1.5490272045135498,0.9251628518104553,1.3849581480026245
1789031169588697600,17.969697509765624,1.7368003129959106,0.5473220348358154,1.6243699789047241
1789031169598704600,17.97970458984375,1.8877536058425903,0.2942945957183838,1.6677424907684326
1789031169608711400,17.98971142578125,1.9369386434555054,0.18873648345470428,1.5776917934417725
1789031169618717700,17.9997177734375,1.8903192281723022,0.3282008767127991,1.4964382648468018
1789031169628724500,18.009724365234376,1.867436408996582,0.587843120098114,1.5029088258743286
1789031169638731500,18.0197314453125,1.9454693794250488,0.7487545013427734,1.5333929061889648
1789031169648738600,18.029738525390623,2.0641672611236572,0.8201672434806824,1.5951191186904907
1789031169658744600,18.03974462890625,2.13104248046875,0.793746292591095,1.7187920808792114
1789031169668751400,18.04975146484375,2.1370456218719482,0.7898566126823425,1.8198730945587158
1789031169678758700,18.059758544921873,2.1479318141937256,0.8378574252128601,1.8325068950653076
1789031169688764700,18.0697646484375,2.145329475402832,0.8897460699081421,1.806363582611084
1789031169698771500,18.079771484375,2.1109073162078857,0.9334781169891357,1.7581819295883179
1789031169708778500,18.089778564453123,2.0076496601104736,0.7883400917053223,1.7452176809310913
1789031169718785500,18.09978564453125,1.8628898859024048,0.6711644530296326,1.8030858039855957
1789031169728791600,18.10979150390625,1.7484722137451172,0.6064673066139221,1.8902451992034912
1789031169738798600,18.119798583984377,1.6939011812210083,0.5729359984397888,1.9315156936645508
1789031169748805600,18.1298056640625,1.6544846296310425,0.5591850280761719,1.9212933778762817
1789031169758812700,18.139812744140624,1.5336666107177734,0.592646062374115,1.8576067686080933
1789031169768818700,18.149818603515627,1.3423138856887817,0.7707384824752808,1.6992343664169312
1789031169778825500,18.159825439453126,1.1802335977554321,1.1445538997650146,1.4527841806411743
1789031169788832800,18.169832763671874,1.1029173135757446,1.458754301071167,1.2175776958465576
1789031169798839600,18.179839599609377,1.1145150661468506,1.5372049808502197,1.0311466455459595
1789031169808845600,18.189845458984376,1.1597797870635986,1.2342441082000732,0.9046392440795898
1789031169818852600,18.1998525390625,1.1372307538986206,0.7042074203491211,0.8095800876617432
1789031169828859600,18.209859619140627,1.0443750619888306,0.2204919457435608,0.6729187965393066
1789031169838866400,18.219866455078126,0.8750587105751038,0.010363215580582619,0.4682348966598511
1789031169848872700,18.229872802734373,0.6845779418945312,0.030790723860263824,0.23642770946025848
1789031169858879500,18.23987939453125,0.5286181569099426,0.2673526406288147,0.0016183929983526468
1789031169868886500,18.249886474609376,0.3902502954006195,0.45060861110687256,-0.12815847992897034
1789031169878893600,18.2598935546875,0.2549201548099518,0.3856964707374573,-0.13558895885944366
1789031169888899600,18.269899658203126,0.12317746132612228,0.1710197627544403,-0.08626806735992432
1789031169898906400,18.27990625,0.04348955675959587,-0.0033792085014283657,-0.12734626233577728
1789031169908913700,18.28991357421875,-0.036771103739738464,-0.01090576034039259,-0.2939240336418152
1789031169918920400,18.29992041015625,-0.15638086199760437,0.1412869691848755,-0.5026074647903442
1789031169928926500,18.309926513671876,-0.31737396121025085,0.23423781991004944,-0.6240365505218506
1789031169938933500,18.31993359375,-0.520315945148468,0.3213213086128235,-0.6684221029281616
1789031169948940500,18.3299404296875,-0.6842579245567322,0.2805200517177582,-0.6635085344314575
1789031169958946600,18.339946533203126,-0.792670726776123,0.06606315076351166,-0.6364082098007202
1789031169968953600,18.34995361328125,-0.8902536034584045,-0.38670116662979126,-0.5773511528968811
1789031169978960600,18.359960693359376,-1.0157430171966553,-0.7500172853469849,-0.5676167607307434
1789031169988967700,18.3699677734375,-1.161432147026062,-0.7745853066444397,-0.682127833366394
1789031169998973700,18.3799736328125,-1.2738572359085083,-0.5455089807510376,-0.8572013974189758
1789031170008980500,18.38998046875,-1.259767770767212,-0.16322201490402222,-0.9417200088500977
1789031170018987800,18.39998779296875,-1.1533323526382446,0.15717756748199463,-0.9358516931533813
1789031170028994600,18.40999462890625,-1.0848146677017212,-0.062175799161195755,-0.8500099182128906
1789031170039000600,18.42000048828125,-0.9919001460075378,-0.2661465108394623,-0.8465954661369324
1789031170049007600,18.430007568359375,-1.0134695768356323,-0.5216242671012878,-0.795443058013916
1789031170059014700,18.4400146484375,-1.0481252670288086,-0.4964587092399597,-0.8153759837150574
1789031170069021400,18.450021484375,-1.1099077463150024,-0.4019419550895691,-0.9534207582473755
1789031170079027700,18.46002783203125,-1.2347767353057861,-0.5758447647094727,-1.1002928018569946
1789031170089034500,18.470034423828125,-1.309973955154419,-0.5597293972969055,-1.2273379564285278
1789031170099041500,18.48004150390625,-1.357499599456787,-0.5319137573242188,-1.2292983531951904
1789031170109048600,18.490048583984375,-1.355707049369812,-0.5713555812835693,-1.1201475858688354
1789031170119054600,18.5000546875,-1.3611465692520142,-0.5413274168968201,-1.00547194480896
1789031170129061400,18.510061279296874,-1.3988596200942993,-0.45324915647506714,-0.9734839200973511
1789031170139068700,18.520068603515625,-1.474352478981018,-0.33621683716773987,-1.080307960510254
1789031170149075500,18.530075439453125,-1.5605391263961792,-0.21258656680583954,-1.2576701641082764
1789031170159081700,18.540081787109376,-1.6728370189666748,-0.35567957162857056,-1.315131664276123
1789031170169088500,18.550088623046875,-1.7631773948669434,-0.7152905464172363,-1.1497621536254883
1789031170179095600,18.560095458984375,-1.7910008430480957,-1.1797032356262207,-0.9039806723594666
1789031170189101800,18.570101806640626,-1.7391552925109863,-1.3863434791564941,-0.7938843369483948
1789031170199108600,18.580108642578125,-1.6733695268630981,-1.1630206108093262,-0.8906481862068176
1789031170209115400,18.590115478515624,-1.681921362876892,-0.8370031714439392,-1.1536521911621094
1789031170219122700,18.600122802734376,-1.6913055181503296,-0.7363447546958923,-1.4241704940795898
1789031170229128700,18.610128662109375,-1.6522367000579834,-0.8000317215919495,-1.540706753730774
1789031170239135500,18.620135498046874,-1.5765150785446167,-0.9419233798980713,-1.389474868774414
1789031170249142500,18.630142578125,-1.468632698059082,-1.0165742635726929,-1.0940272808074951
1789031170259149600,18.640149658203125,-1.3932067155838013,-1.163234829902649,-0.8441399335861206
1789031170269155600,18.650155517578124,-1.373092770576477,-1.1714104413986206,-0.7171239256858826
1789031170279162600,18.66016259765625,-1.3880615234375,-1.0645235776901245,-0.7014131546020508
1789031170289169700,18.670169677734375,-1.337636947631836,-1.093364953994751,-0.7470206618309021
1789031170299176700,18.6801767578125,-1.220829725265503,-1.3533995151519775,-0.7978079319000244
1789031170309182700,18.6901826171875,-1.072987675666809,-1.6711755990982056,-0.8013722896575928
1789031170319189500,18.700189453125,-0.9245888590812683,-1.6935492753982544,-0.7489522695541382
1789031170329196800,18.71019677734375,-0.8383135199546814,-1.3336111307144165,-0.7002346515655518
1789031170339202600,18.72020263671875,-0.8306134939193726,-0.9374893307685852,-0.7526057362556458
1789031170349209600,18.730209716796875,-0.7824746370315552,-0.638518214225769,-0.7585077881813049
1789031170359216600,18.740216552734374,-0.6592581868171692,-0.44654935598373413,-0.6000316143035889
1789031170369223700,18.7502236328125,-0.5166746377944946,-0.520725429058075,-0.4060446619987488
1789031170379229400,18.7602294921875,-0.3851608335971832,-0.7254239916801453,-0.27892613410949707
1789031170389236700,18.77023681640625,-0.2936880588531494,-0.7397692203521729,-0.25597265362739563
1789031170399243500,18.780243408203123,-0.2569393515586853,-0.608407735824585,-0.2745998799800873
1789031170409250600,18.79025048828125,-0.23451337218284607,-0.4433000087738037,-0.3434659540653229
1789031170419256600,18.800256591796874,-0.1457643359899521,-0.1245713084936142,-0.4527634382247925
1789031170429263600,18.810263671875,-0.06677306443452835,0.08922646939754486,-0.39102649688720703
1789031170439270400,18.8202705078125,0.022923002019524574,0.11023321747779846,-0.19456537067890167
1789031170449277700,18.830277587890624,0.1589483767747879,0.037245459854602814,0.09050017595291138
1789031170459283700,18.84028369140625,0.2712664306163788,0.06845078617334366,0.3119220435619354
1789031170469290000,18.8502900390625,0.38595345616340637,0.3533613085746765,0.32471394538879395
1789031170479297000,18.860297119140625,0.4912812113761902,0.6166123747825623,0.2624247372150421
1789031170489302800,18.870302734375,0.5501151084899902,0.912124514579773,0.20642203092575073
1789031170499310000,18.88031005859375,0.6286959648132324,1.094005823135376,0.23448482155799866
1789031170509316900,18.89031689453125,0.7280416488647461,1.0978987216949463,0.39465513825416565
1789031170519324200,18.90032421875,0.8163291215896606,1.0117771625518799,0.64481520652771
1789031170529330000,18.910329833984374,0.9242684841156006,0.9811625480651855,0.8809106945991516
1789031170539337000,18.9203369140625,1.0725884437561035,1.0685927867889404,0.9933229684829712
1789031170549344000,18.930343994140625,1.2391765117645264,1.1636097431182861,1.0238075256347656
1789031170559351000,18.94035107421875,1.3572701215744019,1.344938039779663,1.0373667478561401
1789031170569356800,18.950356689453123,1.4700301885604858,1.5035966634750366,1.0667043924331665
1789031170579364000,18.960364013671875,1.6003235578536987,1.450368046760559,1.154921054840088
1789031170589371000,18.970370849609374,1.7078967094421387,1.2532317638397217,1.3382415771484375
1789031170599377000,18.980376953125,1.7722059488296509,1.0154258012771606,1.523970365524292
1789031170609384000,18.990384033203124,1.863417625427246,0.8860971331596375,1.5973631143569946
1789031170619391000,19.000390869140624,1.9741318225860596,0.8224492073059082,1.5907835960388184
1789031170629397800,19.010397705078127,2.071218967437744,0.8281704187393188,1.5320497751235962
1789031170639404000,19.020404052734374,2.0891497135162354,0.7677558064460754,1.484841227531433
1789031170649411000,19.0304111328125,1.9978821277618408,0.5536156892776489,1.4942514896392822
1789031170659417900,19.04041796875,1.9146535396575928,0.42883995175361633,1.552748680114746
1789031170669425000,19.0504248046875,1.8995943069458008,0.4368506073951721,1.629037618637085
1789031170679431000,19.060430908203124,1.949620246887207,0.48840567469596863,1.6670498847961426
1789031170689438000,19.07043798828125,2.0249791145324707,0.6090070009231567,1.710529088973999
1789031170699445000,19.080445068359374,2.083272695541382,0.7745208740234375,1.7081035375595093
1789031170709451000,19.090450927734373,2.1083388328552246,0.9634867906570435,1.630165696144104
1789031170719457800,19.100457763671876,2.0915684700012207,0.9947363138198853,1.5474690198898315
1789031170729465000,19.110465087890624,2.0056867599487305,0.7545297145843506,1.5456875562667847
1789031170739472000,19.120471923828124,1.8734400272369385,0.6206638216972351,1.5357965230941772
1789031170749478000,19.130477783203126,1.7684866189956665,0.7166329026222229,1.4562780857086182
1789031170759485000,19.14048486328125,1.6546237468719482,0.906021773815155,1.325984239578247
1789031170769492000,19.150491943359373,1.5185246467590332,1.203569769859314,1.1609222888946533
1789031170779499000,19.1604990234375,1.3809443712234497,1.331030249595642,1.0377745628356934
1789031170789505000,19.170505126953124,1.2615063190460205,1.0256023406982422,1.0227261781692505
1789031170799511800,19.18051171875,1.1597975492477417,0.42892372608184814,0.9987353086471558
1789031170809519000,19.19051904296875,1.077932357788086,0.026732517406344414,0.8697001338005066
1789031170819525000,19.200525146484374,0.9509556293487549,0.05394949018955231,0.6202831268310547
1789031170829532000,19.210531982421877,0.7241156697273254,0.2580605149269104,0.3151451647281647
1789031170839539000,19.2205390625,0.39654526114463806,0.30606934428215027,0.10061368346214294
1789031170849546000,19.2305458984375,0.12227990478277206,0.10432697087526321,0.001073220744729042
1789031170859552000,19.240552001953127,-0.03469426929950714,-0.1628754436969757,-0.07972841709852219
1789031170869559000,19.25055908203125,-0.16476835310459137,-0.12563766539096832,-0.23055718839168549
1789031170879566000,19.260566162109374,-0.2662893831729889,0.08315790444612503,-0.4434729218482971
1789031170889571800,19.27057177734375,-0.3144993185997009,0.11706849932670593,-0.6310820579528809
1789031170899579100,19.2805791015625,-0.3975297510623932,0.021294038742780685,-0.7567808628082275
1789031170909586000,19.2905859375,-0.4892931878566742,-0.14274702966213226,-0.7532082200050354
1789031170919593000,19.300593017578127,-0.5504816770553589,-0.15498611330986023,-0.6939736604690552
1789031170929599000,19.310598876953126,-0.5794493556022644,-0.18637999892234802,-0.5894924402236938
1789031170939606000,19.32060595703125,-0.6389771103858948,-0.15677869319915771,-0.5139049887657166
1789031170949612800,19.33061279296875,-0.7590194940567017,-0.05016300454735756,-0.5029550194740295
1789031170959620000,19.3406201171875,-0.9001340270042419,0.11275560408830643,-0.5318319797515869
1789031170969625900,19.3506259765625,-1.0308802127838135,0.14990748465061188,-0.5776646137237549
1789031170979633000,19.3606328125,-1.0905314683914185,-0.022402232512831688,-0.6516799926757812
1789031170989640000,19.370639892578126,-1.0969374179840088,-0.31091055274009705,-0.6789718270301819
1789031170999646000,19.38064599609375,-1.0824013948440552,-0.6423963308334351,-0.6336802840232849
1789031171009652700,19.39065283203125,-1.0550925731658936,-0.8040496110916138,-0.6131302118301392
1789031171019660000,19.400659912109376,-1.0717456340789795,-0.7301285266876221,-0.7018153071403503
1789031171029666800,19.410666748046875,-1.154632329940796,-0.4764024317264557,-0.843670666217804
1789031171039672800,19.4206728515625,-1.290315866470337,-0.06130616366863251,-0.9796060919761658
1789031171049680000,19.430679931640626,-1.4521476030349731,0.19813719391822815,-1.075171947479248
1789031171059687000,19.44068701171875,-1.577907681465149,0.15039657056331635,-1.1202596426010132
1789031171069694000,19.45069384765625,-1.6564823389053345,-0.128254234790802,-1.0892466306686401
1789031171079700000,19.460699951171875,-1.6413148641586304,-0.45066314935684204,-1.0138708353042603
1789031171089707000,19.47070703125,-1.554953932762146,-0.6402182579040527,-1.0015183687210083
1789031171099714000,19.480714111328126,-1.4748103618621826,-0.41478830575942993,-1.1468875408172607
1789031171109720000,19.490719970703125,-1.5107003450393677,-0.06727130711078644,-1.3586958646774292
1789031171119726800,19.500726806640625,-1.6366100311279297,-0.05716540664434433,-1.4457738399505615
1789031171129734100,19.510734130859376,-1.7431533336639404,-0.4650751054286957,-1.2562886476516724
1789031171139741000,19.520740966796875,-1.6990036964416504,-0.9780880808830261,-0.8846479654312134
1789031171149747000,19.530746826171875,-1.5757416486740112,-1.1669846773147583,-0.723537027835846
1789031171159754000,19.54075390625,-1.5284711122512817,-1.165666937828064,-0.8826694488525391
1789031171169761000,19.550760986328125,-1.495051383972168,-1.0955374240875244,-1.0950908660888672
1789031171179766800,19.560766845703125,-1.4813051223754883,-1.0738486051559448,-1.1841150522232056
1789031171189774000,19.570774169921876,-1.476037621498108,-1.2077147960662842,-1.1369866132736206
1789031171199780900,19.58078076171875,-1.4207544326782227,-1.3322628736495972,-1.048283338546753
1789031171209788000,19.590787841796875,-1.35988450050354,-1.393731713294983,-1.0203568935394287
1789031171219794000,19.6007939453125,-1.3319783210754395,-1.5052920579910278,-1.065699577331543
1789031171229801000,19.610801025390625,-1.3051539659500122,-1.6760152578353882,-1.0626120567321777
1789031171239807700,19.620807861328124,-1.3007429838180542,-1.9383113384246826,-0.9607650637626648
1789031171249814000,19.63081396484375,-1.337181568145752,-2.1722681522369385,-0.8538151383399963
1789031171259821000,19.640821044921875,-1.3452826738357544,-2.2499070167541504,-0.8851091861724854
1789031171269827800,19.650827880859374,-1.2560473680496216,-2.141392707824707,-1.0467150211334229
1789031171279835000,19.6608349609375,-1.1404528617858887,-2.025590181350708,-1.1820989847183228
1789031171289841000,19.6708408203125,-1.0797878503799438,-2.0993459224700928,-1.2073078155517578
1789031171299848000,19.680847900390624,-1.0481997728347778,-2.0965681076049805,-1.1534384489059448
1789031171309855000,19.69085498046875,-1.0418543815612793,-1.9453648328781128,-1.078106164932251
1789031171319862000,19.700862060546875,-1.061926245689392,-1.568161964416504,-1.0245710611343384
1789031171329867800,19.71086767578125,-1.0215938091278076,-0.9457027912139893,-1.0657330751419067
1789031171339875000,19.720875,-0.9113038778305054,-0.4551525115966797,-1.1356772184371948
1789031171349881900,19.7308818359375,-0.7604942917823792,-0.1701819896697998,-1.0801901817321777
1789031171359888000,19.740887939453124,-0.6531050205230713,-0.03562071919441223,-0.8624477386474609
1789031171369895000,19.75089501953125,-0.5170266628265381,0.13194352388381958,-0.647718071937561
1789031171379902000,19.76090185546875,-0.3899763524532318,0.3426659107208252,-0.5118423104286194
1789031171389909000,19.770908935546874,-0.32349199056625366,0.4696025550365448,-0.43404513597488403
1789031171399915000,19.7809150390625,-0.2536740303039551,0.6263500452041626,-0.3616335093975067
1789031171409921800,19.790921875,-0.13193605840206146,0.7104498744010925,-0.2592591941356659
1789031171419929000,19.80092919921875,0.024426378309726715,0.8208189606666565,-0.16871277987957
1789031171429935000,19.81093505859375,0.17153151333332062,0.9681178331375122,-0.0638280063867569
1789031171439942000,19.82094189453125,0.33470258116722107,1.133705496788025,0.02826783061027527
1789031171449949000,19.830948974609374,0.507144570350647,1.0515204668045044,0.18949531018733978
1789031171459956000,19.8409560546875,0.6466220617294312,0.6561033725738525,0.5005565285682678
1789031171469963000,19.850962890625,0.7434247136116028,0.36877068877220154,0.7717083692550659
1789031171479970000,19.860969970703124,0.8927500247955322,0.551076352596283,0.834688663482666
1789031171489977000,19.87097705078125,1.056097388267517,0.7823198437690735,0.7852500677108765
1789031171499983000,19.880983154296874,1.1659085750579834,0.956976056098938,0.7867781519889832
1789031171509990000,19.890989990234374,1.2378088235855103,0.9746553301811218,0.9586490988731384
1789031171519997200,19.9009970703125,1.2625831365585327,0.7425861358642578,1.2711044549942017
1789031171530004000,19.91100390625,1.3275898694992065,0.5625262260437012,1.4869530200958252
1789031171540010000,19.921010009765624,1.405775547027588,0.4330771565437317,1.525200605392456
1789031171550017000,19.93101708984375,1.4727838039398193,0.5348728895187378,1.4200258255004883
1789031171560024000,19.941024169921874,1.468354344367981,0.7851948738098145,1.302221417427063
1789031171570030000,19.951030029296874,1.4414688348770142,1.08150053024292,1.2481433153152466
1789031171580037000,19.961037109375,1.5135525465011597,1.2776710987091064,1.286590337753296
1789031171590044000,19.9710439453125,1.6614978313446045,1.2380309104919434,1.4181052446365356
1789031171600051000,19.981051025390624,1.759412407875061,0.9302448630332947,1.6206682920455933
1789031171610057200,19.99105712890625,1.7716937065124512,0.6294910907745361,1.7988108396530151
1789031171620064000,20.00106396484375,1.805196762084961,0.6480120420455933,1.8326960802078247
1789031171630071000,20.011071044921874,1.9253360033035278,0.8080884218215942,1.7725149393081665
1789031171640077000,20.0210771484375,2.0244264602661133,0.9506714344024658,1.6748820543289185
1789031171650084000,20.031083984375,2.030552864074707,1.0202577114105225,1.6161515712738037
1789031171660091000,20.0410908203125,1.9792673587799072,0.9178693294525146,1.6560653448104858
1789031171670098200,20.05109814453125,1.9244226217269897,0.748511791229248,1.7667357921600342
1789031171680104000,20.06110400390625,1.84610915184021,0.5764281749725342,1.8156551122665405
1789031171690111000,20.071111083984373,1.7191792726516724,0.41786524653434753,1.7899454832077026
1789031171700118000,20.081117919921876,1.676622748374939,0.5445417165756226,1.6924854516983032
1789031171710124000,20.0911240234375,1.6638994216918945,0.7718184590339661,1.6001228094100952
1789031171720130800,20.101130859375,1.7077741622924805,1.2468986511230469,1.4575278759002686
1789031171730138000,20.11113818359375,1.7195326089859009,1.7870101928710938,1.2192450761795044
1789031171740145000,20.121144775390626,1.563883900642395,1.5660868883132935,1.2288264036178589
1789031171750151000,20.13115087890625,1.3251938819885254,0.8495092988014221,1.386090636253357
1789031171760158000,20.141157958984376,1.070966362953186,-0.03591030091047287,1.5369716882705688
1789031171770165000,20.1511650390625,0.895462691783905,-0.22853542864322662,1.5088309049606323
1789031171780171300,20.161171142578127,0.7988756895065308,0.3184802532196045,1.2139811515808105
1789031171790178000,20.171177978515626,0.7128314971923828,0.714472234249115,0.767142117023468
1789031171800185000,20.18118505859375,0.6173252463340759,0.6143911480903625,0.3412680923938751
1789031171810192100,20.191192138671877,0.5823928117752075,0.20122145116329193,0.1931963860988617
1789031171820198100,20.2011982421875,0.5804250240325928,-0.16423243284225464,0.3307856619358063
1789031171830205000,20.211204833984375,0.523673415184021,-0.29419878125190735,0.4235835075378418
1789031171840212200,20.221212158203127,0.3655138909816742,-0.2590261399745941,0.3226475715637207
1789031171850218000,20.231218017578126,0.14298762381076813,-0.02532360702753067,0.11929569393396378
1789031171860225000,20.24122509765625,0.01584697514772415,0.2134423702955246,-0.04748503863811493
1789031171870232000,20.251232177734376,-0.02512916550040245,0.36453109979629517,-0.09852932393550873
1789031171880238000,20.261238037109376,-0.09306187182664871,0.41336867213249207,-0.12790372967720032
1789031171890244900,20.271244873046875,-0.18074437975883484,0.22069667279720306,-0.10798309743404388
1789031171900252200,20.281252197265626,-0.1924321949481964,0.003926803357899189,-0.01632588356733322
1789031171910259000,20.291259033203126,-0.16248701512813568,-0.004823582712560892,0.07623851299285889
1789031171920265000,20.301264892578125,-0.17598791420459747,0.26775017380714417,0.05072622746229172
1789031171930272000,20.31127197265625,-0.2550068497657776,0.5108163356781006,-0.15658560395240784
1789031171940279000,20.321279052734376,-0.3307282328605652,0.35212889313697815,-0.5196777582168579
1789031171950285000,20.33128515625,-0.4360503554344177,-0.08470600843429565,-0.7921364307403564
1789031171960292000,20.3412919921875,-0.5772674679756165,-0.5854636430740356,-0.849998950958252
1789031171970299000,20.351298828125,-0.7818610072135925,-0.9118693470954895,-0.6665062308311462
1789031171980306200,20.36130615234375,-0.8431991934776306,-0.809180498123169,-0.374472975730896
1789031171990312200,20.371312255859376,-0.8968157768249512,-0.1314123570919037,-0.31050512194633484
1789031172000319000,20.381319091796875,-1.001268982887268,0.4402466416358948,-0.587205708026886
1789031172010326300,20.391326171875,-1.1312255859375,0.43214690685272217,-1.0841342210769653
1789031172020332000,20.40133203125,-1.4600809812545776,0.4046867787837982,-1.7444125413894653
1789031172030339000,20.411339111328125,-1.9419678449630737,0.4548858404159546,-1.9985936880111694
1789031172040346000,20.42134619140625,-1.9224470853805542,0.3836931586265564,-1.0299586057662964
1789031172050353200,20.431353271484376,-1.3210562467575073,-0.302790105342865,0.14984847605228424
1789031172060359000,20.44135888671875,-0.9765324592590332,-0.3283332884311676,0.5012816190719604
1789031172070366200,20.4513662109375,-1.1562741994857788,-0.03672937676310539,-0.0167250856757164
1789031172080373000,20.461373046875,-1.3937560319900513,-0.293157160282135,-0.7245954275131226
1789031172090379000,20.47137890625,-1.4045372009277344,-1.0482410192489624,-0.8873916268348694
1789031172100386000,20.481385986328124,-1.380073070526123,-1.3635319471359253,-0.6524065136909485
1789031172110393000,20.49139306640625,-1.4205143451690674,-1.1645493507385254,-0.3574913442134857
1789031172120399000,20.501399169921875,-1.3740304708480835,-0.7470237612724304,-0.2281578630208969
1789031172130406100,20.51140625,-1.3450160026550293,-0.5340563058853149,-0.25839751958847046
1789031172140413000,20.521412841796874,-1.413998007774353,-0.5491361618041992,-0.2679491937160492
1789031172150420000,20.531419921875,-1.4863229990005493,-0.5807045698165894,-0.20775248110294342
1789031172160426200,20.54142626953125,-1.6576279401779175,-0.9959680438041687,-0.17173989117145538
1789031172170433000,20.55143310546875,-1.8041465282440186,-1.6354914903640747,-0.3013950288295746
1789031172180440000,20.561440185546875,-1.8210879564285278,-2.171560525894165,-0.6020802855491638
1789031172190446000,20.571446044921874,-1.8726580142974854,-2.3776698112487793,-0.9528251886367798
1789031172200453000,20.581453125,-1.9545462131500244,-2.1269447803497314,-1.2553402185440063
1789031172210460000,20.5914599609375,-2.001451253890991,-1.8048561811447144,-1.3868275880813599
1789031172220467200,20.60146728515625,-2.043879985809326,-1.618830919265747,-1.3670467138290405
1789031172230473000,20.611472900390623,-2.0836899280548096,-1.481850504875183,-1.3073989152908325
1789031172240480000,20.62147998046875,-2.0874550342559814,-1.2640563249588013,-1.3409498929977417
1789031172250487000,20.631487060546874,-2.0110788345336914,-0.9561628699302673,-1.545004963874817
1789031172260493000,20.6414931640625,-1.9169703722000122,-0.7677210569381714,-1.8211196660995483
1789031172270499800,20.651499755859376,-1.8717862367630005,-0.5846128463745117,-2.0225791931152344
1789031172280507100,20.661507080078124,-1.8355158567428589,-0.5513790249824524,-1.937517523765564
1789031172290514000,20.671513916015623,-1.792974591255188,-0.6565790772438049,-1.5548983812332153
1789031172300520000,20.68152001953125,-1.7689342498779297,-0.7088177800178528,-1.2192082405090332
1789031172310527000,20.69152685546875,-1.693419337272644,-0.5709370970726013,-1.1622437238693237
1789031172320534000,20.701533935546873,-1.4796953201293945,0.12734906375408173,-1.3924883604049683
1789031172330540000,20.7115400390625,-1.2276103496551514,0.9002591371536255,-1.4675509929656982
1789031172340547000,20.721547119140624,-0.9468372464179993,0.7315244674682617,-1.0426242351531982
1789031172350554000,20.73155419921875,-0.5941927433013916,0.05905758589506149,-0.4630127549171448
1789031172360559900,20.741559814453126,-0.30023807287216187,-0.4287578761577606,-0.1594419628381729
1789031172370567200,20.751567138671874,-0.22280102968215942,-0.708583414554596,0.055262718349695206
1789031172380574000,20.761573974609377,-0.20269416272640228,-0.6180610060691833,0.07638691365718842
1789031172390581200,20.771581298828124,-0.10546064376831055,-0.37892332673072815,-0.15036660432815552
1789031172400587000,20.7815869140625,0.026672357693314552,-0.23901711404323578,-0.19179686903953552
1789031172410594000,20.791593994140626,0.2078377604484558,-0.0940214991569519,0.010156282223761082
1789031172420601000,20.80160107421875,0.47463083267211914,0.009907825849950314,0.20562031865119934
1789031172430607000,20.811607177734373,0.7118228077888489,0.04065919667482376,0.2840074300765991
1789031172440614000,20.82161376953125,0.8206150531768799,-0.07841898500919342,0.36311769485473633
1789031172450621200,20.83162109375,0.8203294277191162,-0.0755797028541565,0.48264142870903015
1789031172460627200,20.841627197265623,0.8682429194450378,-0.024127162992954254,0.5910139679908752
1789031172470633500,20.851633544921874,0.9586715698242188,0.15496957302093506,0.6393930315971375
1789031172480640800,20.861640869140626,1.0649306774139404,0.4463367164134979,0.6306272149085999
1789031172490647600,20.8716474609375,1.1572108268737793,0.7383555769920349,0.5377280712127686
1789031172500653600,20.881653564453124,1.2252484560012817,1.0798431634902954,0.4580721855163574
1789031172510660600,20.89166064453125,1.2405825853347778,1.2079237699508667,0.5271883606910706
1789031172520667600,20.901667724609375,1.274179458618164,1.3144856691360474,0.6636881232261658
1789031172530673400,20.91167333984375,1.3856829404830933,1.385016918182373,0.7289574146270752
1789031172540680700,20.9216806640625,1.5171799659729004,1.4912056922912598,0.666042149066925
1789031172550687500,20.9316875,1.6149485111236572,1.7094377279281616,0.5309290289878845
1789031172560693500,20.941693603515624,1.7047119140625,1.841972827911377,0.487024188041687
1789031172570700500,20.951700439453123,1.8183929920196533,1.6423544883728027,0.6558669805526733
1789031172580707600,20.96170751953125,1.9464514255523682,1.185750126838684,0.9511510729789734
1789031172590714600,20.971714599609374,2.0282199382781982,0.7715058922767639,1.1521077156066895
1789031172600720600,20.981720703125,2.06931471824646,0.7571149468421936,1.160313606262207
1789031172610727400,20.9917275390625,2.069885015487671,1.073745608329773,1.074607253074646
1789031172620734700,21.001734619140624,2.016366958618164,1.4377256631851196,1.0045067071914673
1789031172630740700,21.01174072265625,1.9774048328399658,1.4704824686050415,1.097549557685852
1789031172640747500,21.02174755859375,2.0304791927337646,0.8976871371269226,1.3754600286483765
1789031172650754800,21.0317548828125,2.1779446601867676,0.2314860224723816,1.5605285167694092
1789031172660760600,21.041760498046877,2.240307092666626,0.031173434108495712,1.5914448499679565
1789031172670767600,21.051767578125,2.177793025970459,0.31738904118537903,1.453602910041809
1789031172680774700,21.061774658203124,2.0776917934417725,0.8323876857757568,1.2981075048446655
1789031172690781700,21.07178173828125,2.0152833461761475,1.2352269887924194,1.261507272720337
1789031172700787500,21.081787353515626,2.035731554031372,1.2858608961105347,1.404576301574707
1789031172710794800,21.091794677734374,2.2089154720306396,1.1306079626083374,1.514940619468689
1789031172720801500,21.101801513671877,2.3818681240081787,0.7347381114959717,1.5738167762756348
1789031172730807600,21.1118076171875,2.3644492626190186,0.37022683024406433,1.6260074377059937
1789031172740814600,21.121814697265624,2.1029298305511475,0.40549135208129883,1.54535973072052
1789031172750821600,21.131821533203127,1.717828392982483,0.6061445474624634,1.4504573345184326
1789031172760827600,21.14182763671875,1.4508136510849,0.6644230484962463,1.4972174167633057
1789031172770834700,21.151834716796873,1.3251341581344604,0.606659471988678,1.4970711469650269
1789031172780841500,21.161841552734376,1.2424036264419556,0.3410102427005768,1.3666143417358398
1789031172790848500,21.1718486328125,1.1319812536239624,0.055119872093200684,1.1564505100250244
1789031172800854800,21.181854736328123,0.9705040454864502,-0.07370441406965256,0.9994915723800659
1789031172810861600,21.191861572265626,0.7474743127822876,-0.03607669100165367,0.9006975889205933
1789031172820868600,21.20186865234375,0.5065205693244934,0.03590775281190872,0.8173798322677612
1789031172830874600,21.21187451171875,0.2864402234554291,-0.024243373423814774,0.7185993790626526
1789031172840881700,21.221881591796876,0.094760000705719,-0.2455906718969345,0.5705204606056213
1789031172850888400,21.231888427734376,-0.06084264814853668,-0.5537198781967163,0.4170149564743042
1789031172860894700,21.241894775390627,-0.18672972917556763,-0.7111347913742065,0.22551584243774414
1789031172870901500,21.251901611328126,-0.3038424849510193,-0.6150111556053162,-0.06144532561302185
1789031172880908500,21.261908447265625,-0.4305964410305023,-0.39848363399505615,-0.37047505378723145
1789031172890915600,21.27191552734375,-0.5519920587539673,-0.15576137602329254,-0.630613386631012
1789031172900921600,21.281921630859376,-0.6251559853553772,0.03255048021674156,-0.8136375546455383
1789031172910928400,21.291928466796875,-0.6582744717597961,0.15989433228969574,-0.896396815776825
1789031172920935700,21.301935791015627,-0.6827950477600098,0.22679613530635834,-0.930826723575592
1789031172930941700,21.311941650390626,-0.7447588443756104,0.18090245127677917,-0.9389855861663818
1789031172940948500,21.321948486328125,-0.8210938572883606,0.050589192658662796,-0.9304922223091125
1789031172950955500,21.33195556640625,-0.9212032556533813,-0.016225162893533707,-0.9368824362754822
1789031172960961500,21.34196142578125,-1.0300509929656982,0.018978364765644073,-0.9520438313484192
1789031172970968600,21.351968505859375,-1.1292563676834106,0.0439678356051445,-0.9365913271903992
1789031172980975600,21.3619755859375,-1.1467218399047852,0.1312774419784546,-0.9343451857566833
1789031172990981600,21.371981689453126,-1.1352362632751465,0.36543670296669006,-0.9527985453605652
1789031173000988400,21.381988525390625,-1.201399803161621,0.578794538974762,-0.9258106350898743
1789031173010995700,21.39199560546875,-1.360363245010376,0.5870232582092285,-0.8451282978057861
1789031173021002500,21.40200244140625,-1.4406503438949585,0.40303024649620056,-0.8200437426567078
1789031173031008500,21.412008544921875,-1.4336719512939453,-0.029634177684783936,-0.8651214241981506
1789031173041015600,21.422015625,-1.5058542490005493,-0.6231465339660645,-0.8395265936851501
1789031173051022600,21.432022705078126,-1.658135175704956,-0.9614704847335815,-0.6858768463134766
1789031173061028600,21.442028564453125,-1.7867753505706787,-0.8949928283691406,-0.5893621444702148
1789031173071035600,21.45203564453125,-1.801271915435791,-0.5751119256019592,-0.6297642588615417
1789031173081042400,21.46204248046875,-1.751983404159546,-0.24123163521289825,-0.7338813543319702
1789031173091048400,21.47204833984375,-1.705057978630066,-0.1845802217721939,-0.71209317445755
1789031173101055700,21.4820556640625,-1.6026524305343628,-0.4065035879611969,-0.5890263915061951
1789031173111062500,21.4920625,-1.5411944389343262,-0.8883569836616516,-0.4852343201637268
1789031173121069600,21.502069580078125,-1.5179996490478516,-1.1289926767349243,-0.4851991534233093
1789031173131075600,21.51207568359375,-1.5162965059280396,-1.130671739578247,-0.5066049695014954
1789031173141082600,21.52208251953125,-1.4803438186645508,-0.9824295043945312,-0.5402476191520691
1789031173151089700,21.532089599609375,-1.377428650856018,-0.8652090430259705,-0.6297925114631653
1789031173161095700,21.542095703125,-1.3085817098617554,-0.9735182523727417,-0.7252921462059021
1789031173171102500,21.5521025390625,-1.325340747833252,-1.1282814741134644,-0.7325238585472107
1789031173181109800,21.56210986328125,-1.3916471004486084,-1.299574375152588,-0.688191831111908
1789031173191115500,21.572115478515624,-1.4781783819198608,-1.5430599451065063,-0.721342146396637
1789031173201122600,21.58212255859375,-1.5183756351470947,-1.6137804985046387,-0.848582923412323
1789031173211129600,21.592129638671874,-1.5493184328079224,-1.551644206047058,-0.9895391464233398
1789031173221135600,21.602135498046874,-1.5959993600845337,-1.4906163215637207,-1.0456440448760986
1789031173231142400,21.612142333984377,-1.6177047491073608,-1.4297027587890625,-1.0827432870864868
1789031173241149700,21.622149658203124,-1.5843331813812256,-1.5554943084716797,-1.0628761053085327
1789031173251156500,21.632156494140624,-1.523764967918396,-1.5818283557891846,-1.0296998023986816
1789031173261162500,21.64216259765625,-1.4596447944641113,-1.5427592992782593,-1.0572211742401123
1789031173271169500,21.65216943359375,-1.4073981046676636,-1.724138855934143,-1.1121535301208496
1789031173281176600,21.662176513671874,-1.3811640739440918,-1.786302924156189,-1.1763464212417603
1789031173291182600,21.6721826171875,-1.384803056716919,-1.564599871635437,-1.272456407546997
1789031173301189600,21.682189697265624,-1.345047950744629,-0.9296835660934448,-1.3303146362304688
1789031173311196700,21.69219677734375,-1.2358888387680054,-0.18830664455890656,-1.2619699239730835
1789031173321202400,21.702202392578126,-1.0819181203842163,0.12448535859584808,-1.0879467725753784
1789031173331209700,21.712209716796874,-0.9710536599159241,-0.11010301858186722,-0.8609059453010559
1789031173341216500,21.722216552734373,-0.9026650190353394,-0.3618132770061493,-0.6487065553665161
1789031173351222500,21.732222412109376,-0.8539233207702637,-0.2764247953891754,-0.45818352699279785
1789031173361229600,21.7422294921875,-0.7376955151557922,0.054313983768224716,-0.3228035867214203
1789031173371236600,21.752236572265623,-0.5008355975151062,0.13875672221183777,-0.32675737142562866
1789031173381242600,21.76224267578125,-0.32548773288726807,-0.056300658732652664,-0.3373543620109558
1789031173391249700,21.772249755859374,-0.18548814952373505,-0.08542373031377792,-0.20270071923732758
1789031173401256400,21.78225634765625,0.0157642625272274,0.051392972469329834,-0.10339757055044174
1789031173411263500,21.792263427734376,0.2036878615617752,0.06407652050256729,0.030869480222463608
1789031173421269800,21.802269775390624,0.30414602160453796,0.15453478693962097,0.18713071942329407
1789031173431276500,21.812276611328127,0.4870973527431488,0.39540934562683105,0.3896329700946808
1789031173441283600,21.82228369140625,0.6281554102897644,0.4566343426704407,0.5428779125213623
1789031173451289600,21.83228955078125,0.646151602268219,0.24682891368865967,0.6779870986938477
1789031173461296600,21.842296630859376,0.6874212622642517,0.18669047951698303,0.7260670065879822
1789031173471304200,21.85230419921875,0.7648552656173706,0.27053412795066833,0.7238507270812988
1789031173481310200,21.862310302734375,0.8258557319641113,0.4128766357898712,0.7585328221321106
1789031173491317200,21.872317138671875,0.9122475981712341,0.7268032431602478,0.7419825792312622
1789031173501324300,21.88232421875,1.0429552793502808,1.0552605390548706,0.6862436532974243
1789031173511330000,21.892330078125,1.208377480506897,1.1395494937896729,0.683181643486023
1789031173521337300,21.90233740234375,1.359242558479309,1.1814732551574707,0.7778822779655457
1789031173531344100,21.91234423828125,1.4770509004592896,1.2167993783950806,0.8535094857215881
1789031173541350100,21.92235009765625,1.57488214969635,1.2083518505096436,0.8932156562805176
1789031173551357200,21.932357177734374,1.642192006111145,1.250234603881836,0.9312273263931274
1789031173561364200,21.9423642578125,1.6915547847747803,1.189333200454712,0.9610081315040588
1789031173571371000,21.95237109375,1.720596432685852,1.0055383443832397,1.0047389268875122
1789031173581377300,21.962377197265624,1.7696547508239746,0.9575521945953369,1.0190155506134033
1789031173591384000,21.972384033203124,1.8102421760559082,1.0692421197891235,0.9924423098564148
1789031173601391000,21.98239111328125,1.7876561880111694,1.2376316785812378,0.9342911243438721
1789031173611397400,21.9923974609375,1.7338248491287231,1.3327661752700806,0.9499248266220093
1789031173621404200,22.002404052734374,1.7381043434143066,1.3411242961883545,1.0152822732925415
1789031173631411200,22.0124111328125,1.8463953733444214,1.3447672128677368,1.0626782178878784
1789031173641417200,22.022417236328124,2.0456154346466064,1.343538522720337,1.0884590148925781
1789031173651424300,22.03242431640625,2.231285810470581,1.2001532316207886,1.146763801574707
1789031173661431000,22.04243115234375,2.312333345413208,0.9521093368530273,1.2539520263671875
1789031173671437300,22.052437255859374,2.3350696563720703,0.8055097460746765,1.3672679662704468
1789031173681444000,22.062444091796873,2.341356039047241,0.806670606136322,1.4196006059646606
1789031173691451100,22.072451171875,2.3076436519622803,0.919474184513092,1.4156299829483032
1789031173701457200,22.08245703125,2.183537006378174,0.9511938095092773,1.4002214670181274
1789031173711464200,22.092464111328123,2.0356104373931885,0.7777191996574402,1.4153618812561035
1789031173721471000,22.102470947265626,1.951602816581726,0.5186764597892761,1.43087899684906
1789031173731478300,22.112478271484374,1.8677053451538086,0.2461482435464859,1.391705870628357
1789031173741484300,22.122484375,1.787821650505066,0.2430909276008606,1.2660638093948364
1789031173751491000,22.132490966796876,1.676439881324768,0.36273249983787537,1.1268924474716187
1789031173761498000,22.142498046875,1.550360083580017,0.4473038613796234,1.0359899997711182
1789031173771504000,22.152504150390627,1.4657260179519653,0.4890420734882355,0.972506046295166
1789031173781511200,22.16251123046875,1.344706416130066,0.35594847798347473,0.9509544372558594
1789031173791518200,22.172518310546874,1.1388593912124634,0.12956488132476807,0.9730812907218933
1789031173801524200,22.182524169921876,0.8838396072387695,0.020917227491736412,0.9420615434646606
1789031173811531000,22.192531005859376,0.6621494889259338,0.15657252073287964,0.7662376165390015
1789031173821538300,22.202538330078124,0.45359063148498535,0.25037622451782227,0.5419882535934448
1789031173831544000,22.2125439453125,0.27035629749298096,0.4111687242984772,0.2927798628807068
1789031173841551000,22.222551025390626,-0.03407632187008858,0.13485349714756012,0.17576804757118225
1789031173851558100,22.23255810546875,-0.29893991351127625,-0.343048632144928,0.06812047213315964
1789031173861564200,22.242564208984376,-0.4028029143810272,-0.6533961296081543,-0.09900753200054169
1789031173871571000,22.252571044921876,-0.46383136510849,-0.5348564386367798,-0.30679982900619507
1789031173881578200,22.262578125,-0.5161300301551819,-0.14497578144073486,-0.534458577632904
1789031173891584300,22.272584228515626,-0.5969485640525818,-0.01685045287013054,-0.6428655385971069
1789031173901591000,22.282591064453126,-0.7054694294929504,-0.011367270722985268,-0.7020153999328613
1789031173911598000,22.29259814453125,-0.7681297659873962,-0.01558271050453186,-0.7812955379486084
1789031173921605000,22.302605224609376,-0.8073027729988098,-0.04933374747633934,-0.8074949383735657
1789031173931611100,22.312611083984375,-0.7744006514549255,0.19882270693778992,-0.85407954454422
1789031173941618200,22.3226181640625,-0.8004572987556458,0.171056866645813,-0.7601532936096191
1789031173951625200,22.332625244140626,-0.916713535785675,-0.03003336489200592,-0.6106980443000793
1789031173961631000,22.342630859375,-1.0080338716506958,-0.19241802394390106,-0.5607075691223145
1789031173971638300,22.35263818359375,-1.048496127128601,-0.11772754788398743,-0.6501455903053284
1789031173981645000,22.36264501953125,-1.0459935665130615,0.23791150748729706,-0.8110966086387634
1789031173991651000,22.372651123046875,-1.0441405773162842,0.6624060273170471,-0.9776890873908997
1789031174001658000,22.382658203125,-1.0790528059005737,0.8173926472663879,-1.0422784090042114
1789031174011665200,22.3926650390625,-1.241367220878601,0.42194852232933044,-0.9584457278251648
1789031174021671200,22.402671142578125,-1.5088367462158203,-0.07624795287847519,-0.8901082277297974
1789031174031678200,22.41267822265625,-1.7147772312164307,-0.6036226749420166,-0.7758179306983948
1789031174041685000,22.42268505859375,-1.7680339813232422,-0.7592295408248901,-0.6347873210906982
1789031174051691000,22.43269091796875,-1.7065812349319458,-0.33084356784820557,-0.7103043794631958
1789031174061698300,22.4426982421875,-1.6824591159820557,0.2026112824678421,-0.9242063164710999
1789031174071705000,22.452705078125,-1.7025773525238037,0.30778074264526367,-1.0139482021331787
1789031174081711000,22.462711181640625,-1.5044349431991577,-0.1268404722213745,-0.8108797073364258
1789031174091718100,22.47271826171875,-1.222396731376648,-0.7081625461578369,-0.49877992272377014
1789031174101725200,22.48272509765625,-1.1946628093719482,-1.1252316236495972,-0.3464367091655731
1789031174111731000,22.49273095703125,-1.3089625835418701,-1.1735374927520752,-0.4690689444541931
1789031174121738200,22.50273828125,-1.5142803192138672,-1.3220471143722534,-0.6120333075523376
1789031174131745000,22.5127451171875,-1.4889600276947021,-1.034883975982666,-0.5980545878410339
1789031174141752300,22.52275244140625,-1.3376495838165283,-0.8639306426048279,-0.38917112350463867
1789031174151758000,22.532758056640624,-1.355573058128357,-0.9145298004150391,-0.4705561399459839
1789031174161765000,22.54276513671875,-1.3688923120498657,-1.1690670251846313,-0.7348418235778809
1789031174171772200,22.552772216796875,-1.3369271755218506,-1.5026334524154663,-0.9021466374397278
1789031174181778200,22.562778076171874,-1.4338971376419067,-1.9535473585128784,-0.8985106348991394
1789031174191785200,22.57278515625,-1.4875662326812744,-1.8990837335586548,-0.9339368343353271
1789031174201792300,22.582792236328125,-1.4732695817947388,-1.6499911546707153,-1.0628092288970947
1789031174211798300,22.59279833984375,-1.5409835577011108,-1.4609843492507935,-1.0867390632629395
1789031174221805000,22.60280517578125,-1.6124398708343506,-1.0530309677124023,-1.03469717502594
1789031174231812400,22.612812255859374,-1.6634281873703003,-1.1741433143615723,-0.8659583926200867
1789031174241818000,22.622818115234374,-1.6244163513183594,-1.4780182838439941,-0.7481310963630676
1789031174251825200,22.6328251953125,-1.6437857151031494,-1.9353206157684326,-0.7268465757369995
1789031174261832200,22.642832275390624,-1.6851975917816162,-2.2878835201263428,-0.8514060974121094
1789031174271838200,22.652838134765624,-1.6337381601333618,-2.136159896850586,-1.125399112701416
1789031174281845000,22.662844970703127,-1.5080851316452026,-1.5164563655853271,-1.5006155967712402
1789031174291852300,22.672852294921874,-1.327034831047058,-0.926167368888855,-1.6733899116516113
1789031174301858300,22.6828583984375,-1.1392927169799805,-0.6361110210418701,-1.5135753154754639
1789031174311865000,22.692864990234376,-0.9859713315963745,-0.5164929628372192,-1.2748991250991821
1789031174321872100,22.7028720703125,-0.8619822263717651,-0.480351984500885,-0.9846196174621582
1789031174331878100,22.712878173828123,-0.8295191526412964,-0.12886901199817657,-0.8017330765724182
1789031174341885200,22.72288525390625,-0.763643205165863,0.26021242141723633,-0.716643750667572
1789031174351892200,22.732892333984374,-0.7022044062614441,0.3706086277961731,-0.6502147316932678
1789031174361898200,22.742898193359373,-0.6075029373168945,0.07415857911109924,-0.4843897521495819
1789031174371905000,22.752905029296876,-0.5115178227424622,-0.12296320497989655,-0.35642504692077637
1789031174381912300,22.762912353515624,-0.40288564562797546,-0.010243317112326622,-0.31604379415512085
1789031174391918000,22.77291796875,-0.15417425334453583,0.2258618175983429,-0.2646792232990265
1789031174401925000,22.782925048828126,0.1463051438331604,0.43419745564460754,-0.2676566243171692
1789031174411932200,22.79293212890625,0.32339727878570557,0.6555030345916748,-0.19238293170928955
1789031174421939200,22.802939208984377,0.6095435619354248,0.6924277544021606,0.033170025795698166
1789031174431945000,22.812945068359376,0.8200896978378296,0.6582725048065186,0.3247077167034149
1789031174441952300,22.8229521484375,0.9513920545578003,0.8304266929626465,0.40302008390426636
1789031174451959000,22.832958984375,1.0167418718338013,0.6156520247459412,0.503995418548584
1789031174461965000,22.842965087890626,1.092153787612915,0.6235783696174622,0.6235045194625854
1789031174471972000,22.85297216796875,1.1372413635253906,0.4687422215938568,0.7835593819618225
1789031174481979100,22.862979248046877,1.1935744285583496,0.37989088892936707,0.8840324282646179
1789031174491985200,22.872985107421876,1.2581859827041626,0.4394541084766388,0.9669057130813599
1789031174501992000,22.882991943359375,1.2962555885314941,0.4569268226623535,1.041709065437317
1789031174511999200,22.892999267578126,1.3763457536697388,0.5970398187637329,1.0800517797470093
1789031174522005000,22.9030048828125,1.498268485069275,0.7997670769691467,1.0776997804641724
1789031174532012000,22.913011962890625,1.5922751426696777,0.8527851700782776,1.1079710721969604
1789031174542019000,22.92301904296875,1.6587306261062622,0.9619380235671997,1.1529122591018677
1789031174552025000,22.933025146484376,1.7293082475662231,1.0968255996704102,1.1928186416625977
1789031174562031900,22.943031982421875,1.8179761171340942,1.1301240921020508,1.2134525775909424
1789031174572039200,22.9530390625,1.9166094064712524,1.2825628519058228,1.2104182243347168
1789031174582045200,22.963045166015625,2.0019261837005615,1.4223452806472778,1.1571099758148193
1789031174592052000,22.973052001953125,2.044971227645874,1.2913168668746948,1.2149367332458496
1789031174602059000,22.98305908203125,2.0615525245666504,1.0159566402435303,1.3951650857925415
1789031174612065000,22.99306494140625,2.1095070838928223,0.857238233089447,1.4864729642868042
1789031174622072000,23.003072021484375,2.145155668258667,1.0034513473510742,1.4370784759521484
1789031174632079000,23.0130791015625,2.043282985687256,1.2369564771652222,1.2969260215759277
1789031174642085000,23.023085205078125,1.8752191066741943,1.3488163948059082,1.2311898469924927
1789031174652092000,23.033091796875,1.9187029600143433,1.2015202045440674,1.3423895835876465
1789031174662099200,23.04309912109375,2.080564498901367,0.7908107042312622,1.5028045177459717
1789031174672105000,23.05310498046875,2.166962146759033,0.4088589549064636,1.545617938041687
1789031174682112000,23.063112060546874,2.0816235542297363,0.35628148913383484,1.4846068620681763
1789031174692119000,23.073119140625,1.922020435333252,0.4746462106704712,1.4490987062454224
1789031174702125000,23.083125,1.8675875663757324,0.7409892082214355,1.3651232719421387
1789031174712132000,23.093132080078124,1.8207049369812012,0.8332546353340149,1.3116965293884277
1789031174722139100,23.10313916015625,1.8399041891098022,1.1007771492004395,1.1986969709396362
1789031174732145200,23.113145263671875,1.8638174533843994,1.3199282884597778,1.0828557014465332
1789031174742152000,23.12315185546875,1.766183614730835,1.0559650659561157,1.1298434734344482
1789031174752159200,23.1331591796875,1.56160569190979,0.5701556205749512,1.2393007278442383
1789031174762165000,23.1431650390625,1.2985223531723022,0.06434731930494308,1.334723711013794
1789031174772172000,23.153172119140624,1.046473503112793,-0.23894411325454712,1.4076231718063354
1789031174782179000,23.163178955078124,0.8577606081962585,-0.029521644115447998,1.3102054595947266
1789031174792185000,23.17318505859375,0.6970888376235962,0.4012763798236847,1.0178759098052979
1789031174802192000,23.18319189453125,0.5182269215583801,0.5634362697601318,0.6702031493186951
1789031174812199200,23.19319921875,0.360318660736084,0.40830424427986145,0.3652123510837555
1789031174822205200,23.203205078125,0.2422117441892624,0.08261137455701828,0.20636945962905884
1789031174832212000,23.2132119140625,0.14992773532867432,-0.336357444524765,0.2011978179216385
1789031174842219000,23.223218994140623,-0.02160620130598545,-0.7402663230895996,0.17299947142601013
1789031174852226000,23.23322607421875,-0.16131098568439484,-0.6628431081771851,0.048727575689554214
1789031174862232000,23.243232177734374,-0.1788148730993271,-0.45879247784614563,-0.150398850440979
1789031174872239000,23.253239013671877,-0.21975810825824738,-0.07072299718856812,-0.48734527826309204
1789031174882246100,23.26324609375,-0.31064409017562866,0.4100675880908966,-0.8276078104972839
1789031174892252000,23.273251953125,-0.4007876217365265,0.4789120852947235,-0.9314452409744263
1789031174902259200,23.28325927734375,-0.4924011528491974,0.1940324306488037,-0.7978152632713318
1789031174912266000,23.293265869140626,-0.5472710728645325,-0.0703183263540268,-0.5777291059494019
1789031174922272000,23.30327197265625,-0.649975597858429,-0.08669117093086243,-0.4467759132385254
1789031174932279000,23.313279052734377,-0.7684095501899719,0.07127826660871506,-0.48437613248825073
1789031174942286000,23.3232861328125,-0.9476916790008545,0.04821343347430229,-0.6795142292976379
1789031174952291800,23.333291748046875,-1.124472975730896,-0.04754501208662987,-0.9135721325874329
1789031174962299100,23.343299072265626,-1.2827731370925903,-0.05774199217557907,-1.0505046844482422
1789031174972306000,23.353305908203126,-1.388777732849121,-0.12937913835048676,-1.015673041343689
1789031174982312000,23.36331201171875,-1.439825415611267,-0.2639361619949341,-0.8115057349205017
1789031174992319200,23.3733193359375,-1.4842647314071655,-0.333127498626709,-0.5993843078613281
1789031175002326000,23.383325927734376,-1.6242974996566772,-0.292818158864975,-0.6487318873405457
1789031175012332000,23.39333203125,-1.6818981170654297,0.06933977454900742,-1.0540406703948975
1789031175022339000,23.403339111328126,-1.620968222618103,0.18853673338890076,-1.2671867609024048
1789031175032346000,23.41334619140625,-1.5412260293960571,-0.012637526728212833,-1.1553754806518555
1789031175042351900,23.423351806640625,-1.4316627979278564,-0.3826691210269928,-0.9000611901283264
1789031175052359200,23.433359130859376,-1.4725747108459473,-0.8894900679588318,-0.7045794129371643
1789031175062366000,23.443365966796875,-1.556936264038086,-1.1186587810516357,-0.6464428901672363
1789031175072372200,23.453372314453127,-1.53982412815094,-0.9293874502182007,-0.6654133200645447
1789031175082379000,23.46337890625,-1.5787941217422485,-0.8358332514762878,-0.7583696246147156
1789031175092386000,23.473385986328125,-1.640870451927185,-0.6727511882781982,-1.0102893114089966
1789031175102392300,23.483392333984376,-1.714396595954895,-0.7105723023414612,-1.2443372011184692
1789031175112399000,23.493399169921876,-1.7222063541412354,-0.9181536436080933,-1.3393231630325317
1789031175122406000,23.503406005859375,-1.5938351154327393,-0.8787569999694824,-1.346340298652649
1789031175132412200,23.513412109375,-1.5419509410858154,-0.8425915837287903,-1.2926586866378784
1789031175142419200,23.523419189453126,-1.5778372287750244,-0.5450432300567627,-1.294113039970398
1789031175152426000,23.533426025390625,-1.640457272529602,-0.36613062024116516,-1.254791498184204
1789031175162432300,23.543432373046876,-1.6773343086242676,-0.6208638548851013,-1.1665258407592773
1789031175172439000,23.55343896484375,-1.6162749528884888,-0.9244170188903809,-0.9523640871047974
1789031175182446000,23.563446044921875,-1.545509934425354,-1.06833815574646,-0.7687969207763672
1789031175192452000,23.5734521484375,-1.5163112878799438,-1.214555263519287,-0.8035047054290771
1789031175202459100,23.583459228515625,-1.467814326286316,-1.1590397357940674,-0.9704196453094482
1789031175212466000,23.5934658203125,-1.369049310684204,-0.9087600708007812,-1.1669167280197144
1789031175222472200,23.60347216796875,-1.2168269157409668,-0.6399491429328918,-1.2307987213134766
1789031175232479000,23.61347900390625,-1.0774855613708496,-0.6769424080848694,-1.0451825857162476
1789031175242486000,23.623486083984375,-0.9188311696052551,-0.7209162712097168,-0.7228636145591736
1789031175252492300,23.6334921875,-0.8005393147468567,-0.8087364435195923,-0.45739030838012695
1789031175262499000,23.6434990234375,-0.8118274211883545,-1.1441919803619385,-0.3013612926006317
1789031175272506000,23.653506103515625,-0.8577569127082825,-1.5541516542434692,-0.23754635453224182
1789031175282512100,23.66351220703125,-0.885592520236969,-1.723257303237915,-0.2725818455219269
1789031175292519200,23.673519287109375,-0.917332112789154,-1.8251984119415283,-0.22643308341503143
1789031175302526000,23.68352587890625,-0.9302974343299866,-1.6392583847045898,-0.1287747025489807
1789031175312532200,23.6935322265625,-0.8987652063369751,-1.3288408517837524,-0.07271826267242432
1789031175322539000,23.7035390625,-0.7653094530105591,-1.2459454536437988,-0.12279820442199707
1789031175332546000,23.713546142578124,-0.5994799733161926,-0.9655609726905823,-0.2669546604156494
1789031175342552000,23.723552001953124,-0.5565721988677979,-0.549920380115509,-0.30226629972457886
1789031175352559000,23.73355908203125,-0.4474494457244873,-0.20914557576179504,-0.2342296987771988
1789031175362566000,23.74356591796875,-0.30555570125579834,-0.3009279668331146,-0.0738309696316719
1789031175372572200,23.753572265625,-0.08463559299707413,-0.26398760080337524,-0.054494306445121765
1789031175382579200,23.7635791015625,-0.03237531706690788,-0.05596569553017616,-0.14130136370658875
1789031175392586000,23.7735859375,-0.05926654115319252,0.24713149666786194,-0.289735347032547
1789031175402592300,23.78359228515625,-0.00956769660115242,0.5513108372688293,-0.2634371519088745
1789031175412599000,23.79359912109375,0.0326729342341423,0.40024855732917786,0.05843726545572281
1789031175422606000,23.803606201171874,0.1217396929860115,-0.02574271336197853,0.3916250765323639
1789031175432612000,23.813612060546873,0.19831109046936035,-0.05126389488577843,0.47995662689208984
1789031175442619100,23.823619140625,0.27952709794044495,0.3088143765926361,0.36652645468711853
1789031175452626000,23.8336259765625,0.4171243906021118,0.7787458300590515,0.20464923977851868
1789031175462632200,23.843632080078127,0.5221906304359436,1.055909514427185,0.21046636998653412
1789031175472638500,23.853638427734374,0.6144897937774658,1.1156988143920898,0.32942572236061096
1789031175482645500,23.8636455078125,0.6806136965751648,0.7253503799438477,0.5278173685073853
1789031175492651500,23.873651611328125,0.7678527235984802,0.6470527052879333,0.5842278599739075
1789031175502658300,23.883658203125,0.9210004806518555,0.7911827564239502,0.5571275353431702
1789031175512664300,23.893664306640623,1.109154224395752,1.0123592615127563,0.5523350238800049
1789031175522671400,23.90367138671875,1.2769006490707397,1.114895224571228,0.6087849736213684
1789031175532678400,23.913678466796874,1.3617849349975586,0.875804603099823,0.8366297483444214
1789031175542684400,23.923684326171873,1.4116137027740479,0.7775898575782776,1.025862216949463
1789031175552691500,23.93369140625,1.5275870561599731,1.003888487815857,0.9790698885917664
1789031175562698200,23.9436982421875,1.7239669561386108,1.495590090751648,0.7078583240509033
1789031175572704300,23.953704345703127,1.901882529258728,1.8207029104232788,0.5567795634269714
1789031175582711600,23.963711669921874,1.963985562324524,1.6372615098953247,0.830424964427948
1789031175592718300,23.97371826171875,1.9564709663391113,0.9470840096473694,1.3237096071243286
1789031175602724400,23.983724365234377,2.038130283355713,0.3479212522506714,1.5809499025344849
1789031175612731400,23.9937314453125,2.076932907104492,0.22433115541934967,1.5857293605804443
1789031175622738400,24.003738525390624,2.0681192874908447,0.5215316414833069,1.367949366569519
1789031175632744200,24.013744140625,1.921652913093567,0.9972597360610962,1.2199134826660156
1789031175642751500,24.02375146484375,1.8115676641464233,1.2641351222991943,1.2420446872711182
1789031175652758300,24.03375830078125,1.8312761783599854,1.2094162702560425,1.4001065492630005
1789031175662764300,24.043764404296876,2.00018572807312,0.9576734900474548,1.5633734464645386
1789031175672771300,24.053771240234376,2.2852783203125,0.8393242955207825,1.610206961631775
1789031175682778400,24.0637783203125,2.5265345573425293,0.8028278350830078,1.5358946323394775
1789031175692784400,24.073784423828126,2.5631747245788574,0.6691773533821106,1.4457707405090332
1789031175702791400,24.08379150390625,2.3891000747680664,0.6034923195838928,1.363664984703064
1789031175712798500,24.093798583984373,2.10099458694458,0.7756143808364868,1.4110745191574097
1789031175722804200,24.10380419921875,1.9430776834487915,1.2459497451782227,1.4602538347244263
1789031175732811500,24.1138115234375,1.8737021684646606,1.385560393333435,1.3863016366958618
1789031175742818300,24.123818359375,1.7925363779067993,1.0708820819854736,1.230872631072998
1789031175752824300,24.13382421875,1.5936204195022583,0.5283356308937073,1.1732712984085083
1789031175762831400,24.143831298828125,1.4031468629837036,0.08981766551733017,1.2877788543701172
1789031175772838400,24.15383837890625,1.2744624614715576,0.07463521510362625,1.3189603090286255
1789031175782844400,24.163844482421876,1.05391526222229,0.1949070394039154,1.2506039142608643
1789031175792851500,24.1738515625,0.7649264335632324,0.25363191962242126,1.1420648097991943
1789031175802858200,24.183858154296875,0.5279144048690796,0.14480797946453094,1.0158720016479492
1789031175812864300,24.1938642578125,0.3602706491947174,-0.08208384364843369,0.9071736931800842
1789031175822871600,24.20387158203125,0.24736328423023224,-0.18749947845935822,0.7618535161018372
1789031175832878300,24.21387841796875,0.07633628696203232,-0.2508853077888489,0.531812846660614
1789031175842884400,24.22388427734375,-0.11903747171163559,-0.23678013682365417,0.257220983505249
1789031175852891400,24.233891357421875,-0.35011547803878784,-0.1962355077266693,0.03059196099638939
1789031175862898400,24.2438984375,-0.5712364315986633,-0.2731800973415375,-0.08759965747594833
1789031175872904200,24.253904296875,-0.6699121594429016,-0.3983566462993622,-0.20323997735977173
1789031175882911500,24.263911376953125,-0.72286057472229,-0.22837772965431213,-0.3378553092479706
1789031175892918300,24.273918212890624,-0.7973830699920654,0.17356444895267487,-0.5401550531387329
1789031175902924300,24.28392431640625,-0.8317487835884094,0.41530436277389526,-0.8020651936531067
1789031175912931300,24.293931396484375,-0.8069836497306824,0.35237032175064087,-1.0492273569107056
1789031175922938400,24.3039384765625,-0.8609776496887207,0.054223839193582535,-1.1386765241622925
1789031175932944400,24.3139443359375,-1.024662971496582,-0.10865632444620132,-1.0529001951217651
1789031175942951400,24.323951416015625,-1.143294095993042,-0.14015726745128632,-0.8473948836326599
1789031175952958500,24.33395849609375,-1.1716370582580566,-0.07536797225475311,-0.6299867033958435
1789031175962964200,24.343964111328123,-1.1958293914794922,0.23777475953102112,-0.6006343960762024
1789031175972971500,24.353971435546875,-1.2642325162887573,0.650193989276886,-0.7999787926673889
1789031175982977300,24.363977294921874,-1.3207106590270996,0.9094167947769165,-1.0666309595108032
1789031175992984300,24.373984375,-1.4408386945724487,0.6363491415977478,-1.1732066869735718
1789031176002991400,24.383991455078124,-1.6298105716705322,0.0747997984290123,-1.1338661909103394
1789031176012997400,24.393997314453124,-1.7808903455734253,-0.440365195274353,-1.0351332426071167
1789031176023004400,24.40400439453125,-1.8316794633865356,-0.7810330390930176,-0.8962505459785461
1789031176033011500,24.414011474609374,-1.7937053442001343,-0.5862485766410828,-0.814970076084137
1789031176043017500,24.424017578125,-1.793738603591919,-0.03238590806722641,-0.8393483757972717
1789031176053024500,24.4340244140625,-1.8057013750076294,0.6322011351585388,-1.0072988271713257
1789031176063031600,24.444031494140624,-1.8565020561218262,1.047182321548462,-1.1843764781951904
1789031176073037300,24.454037353515623,-2.0083816051483154,0.8202258348464966,-1.2458418607711792
1789031176083044600,24.464044677734375,-2.0761101245880127,0.035850346088409424,-0.9899323582649231
1789031176093051400,24.474051513671874,-1.8241933584213257,-0.8925562500953674,-0.5755230784416199
1789031176103057400,24.484057373046873,-1.3422796726226807,-1.3326404094696045,-0.3986298143863678
1789031176113064400,24.494064453125,-1.2099424600601196,-1.039611577987671,-0.5539498329162598
1789031176123071500,24.504071533203124,-1.305916666984558,-0.7280129194259644,-0.8517006039619446
1789031176133077500,24.514077392578123,-1.3697196245193481,-0.8960784673690796,-0.9260850548744202
1789031176143084500,24.52408447265625,-1.3413660526275635,-1.1922789812088013,-0.7502288222312927
1789031176153091300,24.53409130859375,-1.3389701843261719,-1.4046131372451782,-0.5209888815879822
1789031176163097300,24.544097412109377,-1.4486058950424194,-1.5218299627304077,-0.4002493917942047
1789031176173104600,24.554104736328124,-1.5608643293380737,-1.410691261291504,-0.6197096705436707
1789031176183111400,24.564111328125,-1.573445200920105,-1.2812626361846924,-1.0060158967971802
1789031176193117400,24.574117431640627,-1.5393046140670776,-1.1109775304794312,-1.115729570388794
1789031176203124500,24.58412451171875,-1.6147983074188232,-0.876471221446991,-0.8918797373771667
1789031176213131500,24.594131591796874,-1.578087329864502,-0.6789066791534424,-0.6311597228050232
1789031176223137300,24.60413720703125,-1.4759385585784912,-0.8643441796302795,-0.50535649061203
1789031176233144600,24.61414453125,-1.3767644166946411,-1.1631805896759033,-0.5828145742416382
1789031176243150600,24.624150634765623,-1.2873213291168213,-1.4331742525100708,-0.7926024198532104
1789031176253157400,24.634157470703126,-1.2448780536651611,-1.421146035194397,-1.061933994293213
1789031176263164400,24.644164306640626,-1.2930165529251099,-1.2647662162780762,-1.1141732931137085
1789031176273170400,24.65417041015625,-1.2925605773925781,-0.8436509370803833,-0.9436324834823608
1789031176283177500,24.664177490234376,-1.2335025072097778,-0.7702651619911194,-0.6223628520965576
1789031176293184500,24.6741845703125,-1.0899724960327148,-0.9646651148796082,-0.45399990677833557
1789031176303190500,24.6841904296875,-1.0345134735107422,-1.311057448387146,-0.39795687794685364
1789031176313197300,24.694197265625,-1.1523650884628296,-1.4481306076049805,-0.3958699703216553
1789031176323204600,24.70420458984375,-1.1901962757110596,-1.2452086210250854,-0.5041692852973938
1789031176333210400,24.71421044921875,-0.9951096773147583,-0.34599417448043823,-0.8736850619316101
1789031176343217400,24.724217529296876,-0.8289582133293152,0.21987351775169373,-0.9791089296340942
1789031176353224400,24.734224365234375,-0.5968873500823975,0.21574778854846954,-0.7942982316017151
1789031176363230500,24.74423046875,-0.46572431921958923,0.0413203239440918,-0.632771372795105
1789031176373237200,24.7542373046875,-0.3692508339881897,-0.0973031297326088,-0.5014382004737854
1789031176383244500,24.76424462890625,-0.2684667110443115,0.4341605007648468,-0.4516277611255646
1789031176393250600,24.77425048828125,0.021787326782941818,1.0990008115768433,-0.6126057505607605
1789031176403257300,24.78425732421875,0.29509660601615906,1.563534140586853,-0.7228513360023499
1789031176413264600,24.7942646484375,0.624208390712738,1.702959418296814,-0.511906623840332
1789031176423270400,24.8042705078125,0.938096284866333,0.9279060363769531,0.06208797171711922
1789031176433277400,24.81427734375,1.108217477798462,-0.02681710012257099,0.42558324337005615
1789031176443284500,24.824284423828125,1.1229292154312134,-0.5185828804969788,0.5238869190216064
1789031176453290500,24.83429052734375,1.0488920211791992,-0.13298282027244568,0.4134540259838104
1789031176463297300,24.84429736328125,0.9645612835884094,0.39191555976867676,0.37635645270347595
1789031176473304000,24.854303955078127,0.990851879119873,0.6055377125740051,0.42248865962028503
1789031176483310800,24.864310791015626,1.1870187520980835,0.5387173891067505,0.5368629097938538
1789031176493318100,24.874318115234374,1.4628924131393433,0.4390935003757477,0.6859104633331299
1789031176503324000,24.884323974609377,1.6544772386550903,0.2539289593696594,0.8757102489471436
1789031176513331000,24.8943310546875,1.7569338083267212,0.1486111283302307,1.029268503189087
1789031176523338000,24.904337890625,1.8077492713928223,0.26174408197402954,1.141513466835022
1789031176533344000,24.914343994140626,1.897783637046814,0.6512576341629028,1.1295303106307983
1789031176543351000,24.92435107421875,2.019604444503784,1.0152227878570557,1.0556811094284058
1789031176553358000,24.934358154296874,2.072435140609741,1.2658792734146118,0.9533780217170715
1789031176563364000,24.944364013671876,2.064204216003418,1.387953519821167,0.9188749194145203
1789031176573371000,24.954370849609376,2.0707831382751465,1.2869096994400024,1.0765427350997925
1789031176583378200,24.964378173828123,2.102073907852173,0.9817192554473877,1.2502857446670532
1789031176593384000,24.974384033203126,2.1336939334869385,0.7588755488395691,1.2799530029296875
1789031176603391000,24.984390869140626,2.1826295852661133,0.8239679932594299,1.1559866666793823
1789031176613397200,24.994397216796877,2.208024024963379,1.16238534450531,1.0145245790481567
1789031176623404000,25.004404052734376,2.1372129917144775,1.5269838571548462,0.9806318879127502
1789031176633410800,25.014410888671875,2.016392469406128,1.5194971561431885,1.0783839225769043
1789031176643417000,25.0244169921875,1.9852819442749023,1.1116116046905518,1.2302206754684448
1789031176653424000,25.034424072265626,2.062500476837158,0.60992431640625,1.2629950046539307
1789031176663431000,25.044430908203125,2.1142525672912598,0.27716076374053955,1.248854160308838
1789031176673437200,25.054437255859376,2.0398528575897217,0.41634100675582886,1.2335829734802246
1789031176683444000,25.06444384765625,1.8854718208312988,0.7153511643409729,1.2023522853851318
1789031176693451000,25.074450927734375,1.8102457523345947,0.9228251576423645,1.1221771240234375
1789031176703457000,25.08445703125,1.8408238887786865,0.9738729000091553,1.0711359977722168
1789031176713464000,25.094464111328126,1.9157130718231201,0.8983563780784607,1.0558629035949707
1789031176723470800,25.104470947265625,1.9367762804031372,0.7633301019668579,0.9655952453613281
1789031176733477000,25.11447705078125,1.813381552696228,0.5047903656959534,0.8871281743049622
1789031176743484000,25.12448388671875,1.5954065322875977,0.26930326223373413,0.8972442150115967
1789031176753491000,25.134490966796875,1.4028420448303223,0.3123144805431366,0.8713387250900269
1789031176763497200,25.144497314453126,1.217551589012146,0.42994895577430725,0.882459282875061
1789031176773504000,25.15450390625,1.0661507844924927,0.6625403165817261,0.8493385314941406
1789031176783511000,25.164510986328125,0.8990314602851868,0.6462963819503784,0.7745603919029236
1789031176793517000,25.17451708984375,0.7181723117828369,0.3951534628868103,0.6890186667442322
1789031176803524000,25.184524169921875,0.5412273406982422,0.04485376924276352,0.609675407409668
1789031176813529900,25.19452978515625,0.39232251048088074,-0.3175376355648041,0.5461753010749817
1789031176823537200,25.204537109375,0.29127684235572815,-0.4863567650318146,0.4474143385887146
1789031176833544000,25.2145439453125,0.12816034257411957,-0.36467245221138,0.29642871022224426
1789031176843550000,25.224550048828124,-0.0690041184425354,-0.2395174652338028,0.11426927894353867
1789031176853557000,25.234556884765624,-0.23569756746292114,-0.262722373008728,-0.07325386255979538
1789031176863564000,25.24456396484375,-0.3689621388912201,-0.40992486476898193,-0.22506549954414368
1789031176873570000,25.254570068359374,-0.4848327040672302,-0.5342265963554382,-0.31447577476501465
1789031176883577000,25.2645771484375,-0.5745324492454529,-0.5586150288581848,-0.3837603032588959
1789031176893584100,25.274584228515625,-0.6311224699020386,-0.4094989597797394,-0.5052440166473389
1789031176903590000,25.28458984375,-0.6667332053184509,-0.0778893306851387,-0.7188996076583862
1789031176913597200,25.29459716796875,-0.7263259291648865,0.1373448669910431,-0.8823322653770447
1789031176923604000,25.30460400390625,-0.8223363757133484,0.16768626868724823,-0.9411124587059021
1789031176933610000,25.31460986328125,-0.9405439496040344,0.07862740755081177,-0.907339334487915
1789031176943617000,25.324616943359374,-1.0305284261703491,0.028234807774424553,-0.8378092646598816
1789031176953623000,25.334623046875,-1.0717103481292725,0.10760198533535004,-0.8145028948783875
1789031176963630000,25.344630126953124,-1.0923253297805786,0.2862606942653656,-0.8774874210357666
1789031176973637000,25.35463720703125,-1.1653780937194824,0.46881088614463806,-0.9650287628173828
1789031176983643100,25.36464306640625,-1.3241629600524902,0.5578054785728455,-0.9681060910224915
1789031176993650000,25.37464990234375,-1.5932799577713013,0.3613932728767395,-0.89811110496521
1789031177003657200,25.3846572265625,-1.8222084045410156,-0.010877210646867752,-0.7933801412582397
1789031177013663000,25.3946630859375,-1.806765079498291,-0.37184420228004456,-0.590352475643158
1789031177023670000,25.404669921875,-1.6060417890548706,-0.39820149540901184,-0.43867984414100647
1789031177033677000,25.414677001953127,-1.5170526504516602,-0.14461705088615417,-0.5332711935043335
1789031177043683000,25.42468310546875,-1.567853569984436,-0.15346114337444305,-0.6924957036972046
1789031177053689900,25.43468994140625,-1.6959543228149414,-0.44815221428871155,-0.7259452939033508
1789031177063697200,25.444697265625,-1.753638744354248,-0.7453679442405701,-0.584861159324646
1789031177073703200,25.454703125,-1.7476433515548706,-1.0433140993118286,-0.39781564474105835
1789031177083710000,25.4647099609375,-1.7022634744644165,-1.0718556642532349,-0.3603963553905487
1789031177093716200,25.47471630859375,-1.627357006072998,-0.8741299510002136,-0.46806034445762634
1789031177103723000,25.484722900390626,-1.556313157081604,-0.684611976146698,-0.5994164943695068
1789031177113730000,25.49472998046875,-1.5362460613250732,-0.6438334584236145,-0.6717395782470703
1789031177123736000,25.504736083984376,-1.5481642484664917,-0.7671636343002319,-0.6717089414596558
1789031177133743000,25.5147431640625,-1.539874792098999,-0.8346620202064514,-0.6801363229751587
1789031177143750000,25.52475,-1.5600364208221436,-0.9525777697563171,-0.7403189539909363
1789031177153756200,25.534756103515626,-1.6458877325057983,-1.154414176940918,-0.8577147126197815
1789031177163763000,25.544762939453125,-1.7646266222000122,-1.4676218032836914,-0.9543914794921875
1789031177173770000,25.55477001953125,-1.8775163888931274,-1.6939197778701782,-0.963035523891449
1789031177183776300,25.5647763671875,-1.937036156654358,-1.6654751300811768,-0.920454204082489
1789031177193783000,25.574782958984375,-1.9066298007965088,-1.4877406358718872,-0.9329412579536438
1789031177203789800,25.584789794921875,-1.8152765035629272,-1.2994499206542969,-0.9963841438293457
1789031177213796000,25.594796142578126,-1.7413671016693115,-1.2104132175445557,-1.008715271949768
1789031177223803100,25.60480322265625,-1.7167859077453613,-1.1468390226364136,-0.9604143500328064
1789031177233809000,25.614808837890624,-1.7395960092544556,-1.1134583950042725,-0.9442254304885864
1789031177243816200,25.624816162109376,-1.729252815246582,-0.966893196105957,-1.0213290452957153
1789031177253823000,25.634822998046875,-1.6205503940582275,-0.7085208892822266,-1.067440152168274
1789031177263829000,25.6448291015625,-1.4145513772964478,-0.5368620157241821,-1.0423502922058105
1789031177273836000,25.6548359375,-1.2728501558303833,-0.5886691212654114,-0.9623227715492249
1789031177283843000,25.664843017578125,-1.1567217111587524,-0.5423567295074463,-0.8958180546760559
1789031177293849000,25.67484912109375,-1.0572078227996826,-0.3685370087623596,-0.8020642399787903
1789031177303856000,25.684856201171876,-0.922768771648407,-0.21398842334747314,-0.6639577746391296
1789031177313863000,25.69486279296875,-0.7268903255462646,-0.3805709481239319,-0.5153985619544983
1789031177323869000,25.704868896484374,-0.5208551287651062,-0.7885304689407349,-0.3427729606628418
1789031177333876200,25.714876220703125,-0.3598316013813019,-1.1377938985824585,-0.17510907351970673
1789031177343882000,25.724882080078125,-0.2831525504589081,-1.1344577074050903,-0.05381060391664505
1789031177353889000,25.734888916015624,-0.25708115100860596,-0.9288503527641296,0.010891040787100792
1789031177363896000,25.74489599609375,-0.16506442427635193,-0.8596912622451782,0.020302917808294296
1789031177373902000,25.754902099609374,-0.06705331057310104,-0.6200082898139954,-0.10430985689163208
1789031177383908900,25.764908935546874,0.06559395045042038,-0.44513022899627686,-0.09353098273277283
1789031177393916200,25.774916259765625,0.22473430633544922,-0.10761464387178421,-0.0620647594332695
1789031177403922200,25.784922119140624,0.39198002219200134,0.12974971532821655,0.016903558745980263
1789031177413929000,25.794928955078124,0.5315630435943604,0.13038243353366852,0.1439574807882309
1789031177423936300,25.804936279296875,0.6913348436355591,0.2942126393318176,0.17980895936489105
1789031177433942000,25.81494189453125,0.8750180602073669,0.5577576160430908,0.20606274902820587
1789031177443949000,25.824948974609374,0.9578122496604919,0.46617522835731506,0.37916260957717896
1789031177453954800,25.834954833984376,1.0314151048660278,0.5434273481369019,0.5233269333839417
1789031177463962000,25.844962158203124,1.07624089717865,0.5447594523429871,0.6294493675231934
1789031177473968400,25.854968505859375,1.123609185218811,0.6061245203018188,0.6787765026092529
1789031177483974400,25.864974365234374,1.200282335281372,0.7040572166442871,0.7464271783828735
1789031177493981700,25.874981689453126,1.269865870475769,0.709130048751831,0.8246797323226929
1789031177503988500,25.884988525390625,1.346700668334961,0.7784697413444519,0.8559257984161377
1789031177513994500,25.894994384765624,1.4703834056854248,0.9838343262672424,0.789165735244751
1789031177524001500,25.90500146484375,1.6088911294937134,1.1831767559051514,0.7252554893493652
1789031177534008600,25.915008544921875,1.691550850868225,1.2367186546325684,0.7643103003501892
1789031177544014300,25.925014404296874,1.7183594703674316,1.1979196071624756,0.9027948975563049
1789031177554021600,25.935021728515625,1.797836422920227,1.4050532579421997,0.9887091517448425
1789031177564027600,25.945027587890625,1.8908751010894775,1.5069271326065063,1.0221723318099976
1789031177574034400,25.955034423828124,1.958473801612854,1.4558054208755493,1.0480581521987915
1789031177584041500,25.96504150390625,1.952917218208313,1.1135433912277222,1.1744251251220703
1789031177594047500,25.975047607421875,1.9999046325683594,0.719791829586029,1.2951126098632812
1789031177604054500,25.985054443359374,2.1097824573516846,0.45031246542930603,1.3791577816009521
1789031177614061600,25.9950615234375,2.1281185150146484,0.3489188253879547,1.4568544626235962
1789031177624067600,26.005067626953124,2.1020028591156006,0.448571115732193,1.5109882354736328
1789031177634074400,26.015074462890624,2.0556015968322754,0.590721845626831,1.5666227340698242
1789031177644080600,26.02508056640625,2.070657253265381,0.8495203852653503,1.5957063436508179
1789031177654087400,26.03508740234375,2.222525119781494,1.2131001949310303,1.5332417488098145
1789031177664094500,26.045094482421874,2.375051498413086,1.29936683177948,1.4275240898132324
1789031177674100700,26.055100830078125,2.3304104804992676,1.0152122974395752,1.4050393104553223
1789031177684107500,26.065107421875,2.128697395324707,0.8130179047584534,1.4304478168487549
1789031177694114600,26.075114501953124,1.8881884813308716,0.8380390405654907,1.4289404153823853
1789031177704120600,26.08512060546875,1.738829255104065,1.0858768224716187,1.3067452907562256
1789031177714127600,26.095127685546874,1.5062055587768555,1.1969999074935913,1.1720993518829346
1789031177724134400,26.105134521484374,1.2319468259811401,1.0897560119628906,1.0769299268722534
1789031177734140700,26.115140625,1.1276642084121704,0.7928622961044312,1.0002061128616333
1789031177744147500,26.1251474609375,1.1010925769805908,0.2315952330827713,0.991108775138855
1789031177754153500,26.135153564453127,1.0713474750518799,-0.158549502491951,0.9325258731842041
1789031177764160500,26.145160400390626,0.9581364393234253,-0.12789492309093475,0.799003541469574
1789031177774167600,26.15516748046875,0.8578999638557434,0.128705695271492,0.6012686491012573
1789031177784173600,26.165173583984377,0.8096961975097656,0.5519450902938843,0.3159404695034027
1789031177794180600,26.1751806640625,0.669012188911438,0.8568595051765442,0.053999584168195724
1789031177804187600,26.185187744140624,0.28299468755722046,0.6446670889854431,-0.0064536407589912415
1789031177814193400,26.195193359375,-0.04437481611967087,0.12056092917919159,0.03845328092575073
1789031177824200700,26.20520068359375,-0.22764717042446136,-0.2890486717224121,0.0067789736203849316
1789031177834207500,26.21520751953125,-0.28431034088134766,-0.37151914834976196,-0.0485101081430912
1789031177844213500,26.225213623046876,-0.20171400904655457,-0.026027271524071693,-0.17955812811851501
1789031177854220500,26.235220458984376,-0.33189520239830017,0.18377234041690826,-0.355412095785141
1789031177864226600,26.2452265625,-0.48136192560195923,0.2810043394565582,-0.5544045567512512
1789031177874233600,26.255233642578126,-0.5637926459312439,0.17748093605041504,-0.612579882144928
1789031177884240600,26.26524072265625,-0.5783300399780273,0.04202244058251381,-0.6264280080795288
1789031177894246700,26.27524658203125,-0.5945920944213867,-0.18505245447158813,-0.5977209806442261
1789031177904253400,26.28525341796875,-0.6095108389854431,-0.5044706463813782,-0.518904447555542
1789031177914260700,26.2952607421875,-0.6340304017066956,-0.6243541240692139,-0.4500974416732788
1789031177924266500,26.3052666015625,-0.6574025750160217,-0.41207724809646606,-0.4466150999069214
1789031177934273500,26.3152734375,-0.695770263671875,-0.25749683380126953,-0.5062240958213806
1789031177944279600,26.325279541015625,-0.7731497287750244,-0.05959678441286087,-0.5824277997016907
1789031177954286600,26.33528662109375,-0.9728163480758667,0.28753167390823364,-0.6351175308227539
1789031177964293400,26.34529345703125,-1.2458674907684326,0.43383535742759705,-0.7289199233055115
1789031177974299400,26.35529931640625,-1.2189159393310547,0.3510895073413849,-0.7033876180648804
1789031177984306700,26.365306640625,-1.1082959175109863,0.13246582448482513,-0.5123750567436218
1789031177994313500,26.3753134765625,-1.1289845705032349,0.013077500276267529,-0.417955219745636
1789031178004319500,26.385319580078125,-1.2092766761779785,-0.16101014614105225,-0.5323768854141235
1789031178014326500,26.395326416015624,-1.3475077152252197,-0.5793547630310059,-0.6886891722679138
1789031178024332500,26.40533251953125,-1.4977152347564697,-0.8585469722747803,-0.7949780225753784
1789031178034339300,26.41533935546875,-1.6471506357192993,-0.9940465092658997,-0.887637197971344
1789031178044346600,26.4253466796875,-1.7653788328170776,-1.0158401727676392,-0.9444514513015747
1789031178054352600,26.4353525390625,-1.7654916048049927,-0.678975522518158,-0.8916944861412048
1789031178064359400,26.445359375,-1.6848827600479126,-0.3071925938129425,-0.7554993629455566
1789031178074366500,26.455366455078124,-1.6357767581939697,-0.12512174248695374,-0.8075700402259827
1789031178084372500,26.46537255859375,-1.6004970073699951,-0.1501341462135315,-0.9232431054115295
1789031178094379500,26.475379638671875,-1.5130382776260376,-0.20442324876785278,-0.9228454232215881
1789031178104386600,26.485386474609374,-1.429919958114624,-0.12267407029867172,-0.8031070232391357
1789031178114392600,26.495392578125,-1.492356300354004,-0.3988352417945862,-0.6374291777610779
1789031178124399400,26.5053994140625,-1.7201519012451172,-0.9576447606086731,-0.4852694869041443
1789031178134405600,26.515405517578124,-1.8546819686889648,-1.3410636186599731,-0.34510326385498047
1789031178144412400,26.525412353515627,-1.851529836654663,-1.5703465938568115,-0.1393871009349823
1789031178154419500,26.53541943359375,-1.7071521282196045,-1.2822872400283813,-0.23650512099266052
1789031178164425700,26.54542578125,-1.6246697902679443,-1.1083183288574219,-0.525198221206665
1789031178174432500,26.5554326171875,-1.6700706481933594,-1.1755553483963013,-0.7406202554702759
1789031178184439300,26.565439208984376,-1.730090856552124,-1.1242731809616089,-0.7887033224105835
1789031178194445600,26.575445556640624,-1.7854297161102295,-1.1601502895355225,-0.6310420632362366
1789031178204452600,26.58545263671875,-1.7111568450927734,-0.6561157703399658,-0.5997387170791626
1789031178214458400,26.595458251953126,-1.6138160228729248,-0.35019877552986145,-0.6595844030380249
1789031178224465700,26.605465576171873,-1.5936840772628784,-0.4772461950778961,-0.6823533773422241
1789031178234472400,26.615472412109376,-1.5868703126907349,-0.8446457386016846,-0.643776535987854
1789031178244478500,26.625478515625,-1.6696962118148804,-1.4095081090927124,-0.5010393261909485
1789031178254485500,26.635485595703123,-1.7596668004989624,-1.6795932054519653,-0.3738545775413513
1789031178264492500,26.645492431640626,-1.644030213356018,-1.2291905879974365,-0.5549332499504089
1789031178274498600,26.65549853515625,-1.467119812965393,-1.041916012763977,-0.7239457368850708
1789031178284505600,26.665505615234373,-1.2845873832702637,-0.6931986808776855,-0.8462958931922913
1789031178294511600,26.67551171875,-1.137023687362671,-0.5863581299781799,-0.7753323912620544
1789031178304518400,26.685518310546875,-0.9892027378082275,-0.4655509889125824,-0.5862972140312195
1789031178314525700,26.695525634765627,-0.815952718257904,-0.11114627122879028,-0.45257627964019775
1789031178324531500,26.705531494140626,-0.6242192387580872,0.0384000763297081,-0.40676644444465637
1789031178334538500,26.71553857421875,-0.4933255612850189,0.06491632014513016,-0.45717859268188477
1789031178344545500,26.725545654296877,-0.35999706387519836,0.07383284717798233,-0.4483358561992645
1789031178354551600,26.735551513671876,-0.28179192543029785,-0.06582320481538773,-0.36087024211883545
1789031178364558300,26.745558349609375,-0.19346074759960175,0.003833632217720151,-0.2872391641139984
1789031178374564600,26.755564697265626,-0.0603826679289341,0.14466829597949982,-0.23256570100784302
1789031178384571600,26.765571533203126,0.12430701404809952,0.33899810910224915,-0.1933133602142334
1789031178394578400,26.775578369140625,0.37187641859054565,0.5743506550788879,-0.04719194024801254
1789031178404584700,26.785584716796876,0.5811371803283691,0.7021037936210632,0.15527407824993134
1789031178414591500,26.795591552734376,0.7416596412658691,0.6935467720031738,0.2716301679611206
1789031178424597500,26.805597412109375,0.8584477305412292,0.7187591791152954,0.30365628004074097
1789031178434604500,26.8156044921875,0.948490560054779,0.8352759480476379,0.26901018619537354
1789031178444611600,26.825611572265625,0.9671468138694763,1.0281870365142822,0.182918980717659
1789031178454617600,26.83561767578125,0.9773468971252441,1.2212308645248413,0.0975232794880867
1789031178464624600,26.845624755859376,1.06436288356781,1.0888535976409912,0.1815159171819687
1789031178474632000,26.8556318359375,1.213426113128662,0.7089522480964661,0.37793558835983276
1789031178484638000,26.865637939453126,1.353302240371704,0.29935353994369507,0.5885300636291504
1789031178494645000,26.87564501953125,1.528946042060852,0.1874801367521286,0.7026533484458923
1789031178504650800,26.885650634765625,1.680408000946045,0.3445134162902832,0.7399008870124817
1789031178514658000,26.895657958984376,1.8048570156097412,0.698653519153595,0.7157767415046692
1789031178524664800,26.905664794921876,1.8828213214874268,1.069859266281128,0.6763750314712524
1789031178534670800,26.9156708984375,1.9689273834228516,1.4204767942428589,0.5746968388557434
1789031178544678000,26.925677978515626,2.0706560611724854,1.482181429862976,0.5562368631362915
1789031178554685000,26.935684814453126,2.1339316368103027,1.2400039434432983,0.7119390368461609
1789031178564691000,26.94569091796875,2.1315741539001465,0.8370653390884399,0.9523886442184448
1789031178574698000,26.955697998046876,2.183133840560913,0.5537745952606201,1.0866144895553589
1789031178584704000,26.9657041015625,2.2606124877929688,0.5124871134757996,1.1332796812057495
1789031178594710800,26.975710693359375,2.272615432739258,0.6740703582763672,1.1209110021591187
1789031178604718000,26.985718017578126,2.164685010910034,0.7929213643074036,1.1185061931610107
1789031178614723800,26.995723876953125,2.0754165649414062,0.8968879580497742,1.112819790840149
1789031178624731000,27.00573095703125,2.0192413330078125,1.0066524744033813,1.0825449228286743
1789031178634738000,27.015738037109376,2.030892848968506,1.378053903579712,0.9559769034385681
1789031178644744000,27.025743896484375,2.0564913749694824,1.6953431367874146,0.8304339051246643
1789031178654750700,27.035750732421874,1.996867299079895,1.3374905586242676,0.9287776947021484
1789031178664757000,27.045757080078126,1.8880623579025269,0.7963815331459045,0.9321606755256653
1789031178674764000,27.055763916015625,1.7176008224487305,0.4039672613143921,0.8867683410644531
1789031178684770800,27.065770751953124,1.629475474357605,0.5611292123794556,0.8548346161842346
1789031178694777000,27.075777099609375,1.7997816801071167,0.9805979132652283,0.758774995803833
1789031178704784000,27.085783935546875,1.8919669389724731,0.8245087265968323,0.7079868912696838
1789031178714790000,27.095789794921874,1.8507845401763916,0.4350024163722992,0.7130028009414673
1789031178724797000,27.105796875,1.7188608646392822,0.12074330449104309,0.8428782224655151
1789031178734804000,27.115803955078125,1.6159887313842773,0.03316057473421097,0.9249613881111145
1789031178744810000,27.12581005859375,1.549649953842163,0.24541132152080536,0.826675295829773
1789031178754817000,27.135817138671875,1.3644980192184448,0.5108904838562012,0.588607668876648
1789031178764823800,27.14582373046875,1.0246645212173462,0.6649655103683472,0.29270461201667786
1789031178774829800,27.155829833984374,0.7830742597579956,0.624136745929718,0.16633792221546173
1789031178784837000,27.165837158203125,0.6798756718635559,0.5504105687141418,0.2591618597507477
1789031178794843000,27.1758427734375,0.6234678030014038,0.14327110350131989,0.4354174733161926
1789031178804850000,27.185849853515624,0.5468119382858276,-0.7065973877906799,0.5190306305885315
1789031178814857000,27.19585693359375,0.4166623055934906,-1.3682752847671509,0.5017508864402771
1789031178824863000,27.205863037109374,0.16392087936401367,-1.258737325668335,0.34330958127975464
1789031178834869800,27.215869873046874,-0.13291652500629425,-0.6938077807426453,0.01838076487183571
1789031178844877000,27.225876953125,-0.36364907026290894,-0.020212607458233833,-0.3964928686618805
1789031178854883000,27.235883056640624,-0.5497696399688721,0.3390416204929352,-0.7077239155769348
1789031178864889900,27.245889892578123,-0.707875669002533,-0.05644048750400543,-0.6346180438995361
1789031178874896000,27.255895751953126,-0.7899796366691589,-0.6784228682518005,-0.4580327272415161
1789031178884903000,27.26590283203125,-0.9043219089508057,-0.9782545566558838,-0.44040393829345703
1789031178894910000,27.275909912109373,-1.0535815954208374,-0.7459027767181396,-0.6996142864227295
1789031178904915700,27.285915771484376,-1.1286628246307373,-0.2813763916492462,-1.1127017736434937
1789031178914923000,27.295923095703124,-0.988853394985199,0.48818233609199524,-1.5169965028762817
1789031178924929000,27.305928955078127,-0.8796960115432739,0.9138427972793579,-1.6908066272735596
1789031178934935800,27.315935791015626,-0.9855266809463501,0.3273923397064209,-1.4244848489761353
1789031178944942800,27.32594287109375,-1.1245146989822388,-0.19346709549427032,-0.9305765628814697
1789031178954948900,27.335948974609376,-1.114007592201233,-0.38337546586990356,-0.5272018313407898
1789031178964956000,27.345955810546876,-1.1047025918960571,-0.2970221936702728,-0.3682095408439636
1789031178974963000,27.355962890625,-1.254442572593689,0.12746098637580872,-0.5426824688911438
1789031178984969000,27.365968994140626,-1.4606988430023193,0.3935738801956177,-0.8628684878349304
1789031178994975700,27.375975830078126,-1.495105504989624,0.47817111015319824,-1.0271885395050049
1789031179004982000,27.38598193359375,-1.3263037204742432,0.11654951423406601,-0.8354004621505737
1789031179014988800,27.39598876953125,-1.1601041555404663,-0.5628065466880798,-0.40625494718551636
1789031179024995800,27.405995849609376,-1.228732705116272,-1.04281747341156,-0.10813268274068832
1789031179035002000,27.416002197265627,-1.4113625288009644,-1.135081171989441,-0.052465397864580154
1789031179045009000,27.4260087890625,-1.5110398530960083,-0.6840174198150635,-0.2519814372062683
1789031179055015000,27.436014892578125,-1.6343716382980347,-0.4254014790058136,-0.49763333797454834
1789031179065022000,27.44602197265625,-1.8524887561798096,-0.5923566222190857,-0.7256243824958801
1789031179075029000,27.456029052734376,-2.07122802734375,-0.8663825988769531,-0.7896906137466431
1789031179085034800,27.46603466796875,-2.1361591815948486,-1.2466708421707153,-0.6222962737083435
1789031179095042000,27.4760419921875,-2.0158605575561523,-1.3163508176803589,-0.4451514184474945
1789031179105048800,27.486048828125,-1.7696062326431274,-0.809072732925415,-0.3884652256965637
1789031179115054800,27.496054931640625,-1.5418046712875366,-0.29950234293937683,-0.49245306849479675
1789031179125062000,27.506061767578124,-1.508089303970337,-0.277073472738266,-0.5820820331573486
1789031179135068000,27.51606787109375,-1.5730901956558228,-0.5494747161865234,-0.5831360816955566
1789031179145075000,27.526074951171875,-1.636364221572876,-1.090162754058838,-0.4842560589313507
1789031179155082000,27.53608203125,-1.6945551633834839,-1.5162291526794434,-0.3855469822883606
1789031179165088000,27.546087890625,-1.7468830347061157,-1.7499843835830688,-0.33398523926734924
1789031179175094800,27.5560947265625,-1.8366115093231201,-1.8800725936889648,-0.2835133373737335
1789031179185100800,27.566100830078124,-1.9013372659683228,-1.6864039897918701,-0.3122975826263428
1789031179195107800,27.57610791015625,-1.9188470840454102,-1.3813344240188599,-0.4609695076942444
1789031179205115000,27.586114990234375,-1.788160800933838,-0.8543406128883362,-0.7183451056480408
1789031179215121200,27.59612109375,-1.6840559244155884,-0.5063115954399109,-0.8296051025390625
1789031179225128000,27.6061279296875,-1.6571601629257202,-0.38964706659317017,-0.767636239528656
1789031179235134000,27.616134033203124,-1.592867374420166,-0.3118281662464142,-0.7019762396812439
1789031179245141000,27.62614111328125,-1.4571672677993774,-0.5447127819061279,-0.6099621653556824
1789031179255148000,27.63614794921875,-1.421532154083252,-0.8367394208908081,-0.5923717617988586
1789031179265153800,27.64615380859375,-1.415553092956543,-1.1821407079696655,-0.6185085773468018
1789031179275161000,27.6561611328125,-1.3677995204925537,-1.1873780488967896,-0.6576152443885803
1789031179285167900,27.66616796875,-1.2709861993789673,-0.5199466943740845,-0.7251993417739868
1789031179295174000,27.676173828125,-1.1009421348571777,-0.10254408419132233,-0.6579992175102234
1789031179305181000,27.686180908203124,-0.9223966002464294,-0.15730693936347961,-0.5132156610488892
1789031179315187000,27.69618701171875,-0.6539244055747986,-0.28604182600975037,-0.36098694801330566
1789031179325194000,27.706194091796874,-0.33452776074409485,-0.3229151666164398,-0.2204466313123703
1789031179335201000,27.716200927734373,-0.1831657886505127,-0.42799097299575806,-0.08656708896160126
1789031179345207000,27.72620703125,-0.12543298304080963,-0.4615185856819153,-0.05903400108218193
1789031179355213800,27.7362138671875,-0.07318525016307831,-0.15208454430103302,-0.1908426731824875
1789031179365219800,27.7462197265625,0.057839345186948776,0.1572357416152954,-0.3188014626502991
1789031179375227000,27.756226806640626,0.20661164820194244,0.3060312569141388,-0.3448924124240875
1789031179385234000,27.76623388671875,0.35771942138671875,0.30264928936958313,-0.21321162581443787
1789031179395240000,27.776239990234377,0.4903513193130493,0.3600199520587921,-0.08856186270713806
1789031179405247000,27.7862470703125,0.604093074798584,0.20478667318820953,0.15991531312465668
1789031179415253000,27.7962529296875,0.7845175862312317,0.18323521316051483,0.30120399594306946
1789031179425259800,27.806259765625,1.0266151428222656,0.4487214684486389,0.27282989025115967
1789031179435267000,27.81626708984375,1.233831524848938,0.7279126644134521,0.23605874180793762
1789031179445272800,27.82627294921875,1.4336581230163574,1.0646640062332153,0.20472797751426697
1789031179455279900,27.83627978515625,1.5200282335281372,0.9979785084724426,0.3634724020957947
1789031179465287000,27.846286865234376,1.506521224975586,0.701603889465332,0.6549127697944641
1789031179475293000,27.85629296875,1.5881232023239136,0.4858947694301605,0.8109724521636963
1789031179485299700,27.8662998046875,1.6866062879562378,0.34386226534843445,0.9300119876861572
1789031179495305700,27.8763056640625,1.7195543050765991,0.3480418920516968,0.9262344241142273
1789031179505313000,27.88631298828125,1.6826848983764648,0.35595813393592834,0.843621015548706
1789031179515319800,27.89631982421875,1.6037485599517822,0.4230017364025116,0.8394285440444946
1789031179525325800,27.906325927734375,1.540905237197876,0.5774717330932617,0.9140247702598572
1789031179535332900,27.916332763671875,1.5257129669189453,0.5037107467651367,1.00055730342865
1789031179545339000,27.9263388671875,1.6512987613677979,0.6996632218360901,0.9758812785148621
1789031179555345700,27.936345703125,1.8029651641845703,0.9876669645309448,0.9445797801017761
1789031179565353000,27.94635302734375,1.9441343545913696,1.2196266651153564,0.910591721534729
1789031179575359000,27.95635888671875,2.14023756980896,1.424678087234497,0.8830817937850952
1789031179585365800,27.96636572265625,2.3111934661865234,1.4458001852035522,0.8521257638931274
1789031179595371800,27.976371826171874,2.3455612659454346,1.278165340423584,0.8556380271911621
1789031179605378800,27.98637890625,2.2118375301361084,0.988578200340271,1.0087224245071411
1789031179615385900,27.9963857421875,2.075157642364502,0.8034334778785706,1.1298948526382446
1789031179625391600,28.0063916015625,2.087890863418579,0.8871680498123169,1.1165311336517334
1789031179635399000,28.01639892578125,2.138507604598999,0.9904491901397705,1.088570237159729
1789031179645405000,28.026405029296875,2.2538628578186035,1.0833239555358887,1.0654391050338745
1789031179655411700,28.03641162109375,2.38392972946167,1.0483382940292358,1.0745083093643188
1789031179665418800,28.046418701171874,2.39922833442688,0.808825671672821,1.1331931352615356
1789031179675424800,28.0564248046875,2.2508580684661865,0.5001401901245117,1.2166379690170288
1789031179685431800,28.066431884765624,2.0240795612335205,0.3690948188304901,1.2982382774353027
1789031179695437800,28.076437744140627,1.8722258806228638,0.6077638864517212,1.2003406286239624
1789031179705444900,28.08644482421875,1.7679332494735718,1.011471152305603,0.9191550612449646
1789031179715451600,28.09645166015625,1.6370927095413208,1.370847463607788,0.6669309735298157
1789031179725458000,28.1064580078125,1.554139256477356,1.4583618640899658,0.5663604140281677
1789031179735464700,28.116464599609376,1.4585633277893066,1.0434263944625854,0.5517521500587463
1789031179745470700,28.126470703125,1.2808185815811157,0.1941259205341339,0.6402002573013306
1789031179755478000,28.13647802734375,1.0644596815109253,-0.5134268403053284,0.7011162638664246
1789031179765484800,28.14648486328125,0.94211745262146,-0.5568401217460632,0.5605288147926331
1789031179775490800,28.15649072265625,0.8040086030960083,0.14313140511512756,0.13668720424175262
1789031179785497900,28.166497802734376,0.5450119376182556,0.6277683973312378,-0.3434820771217346
1789031179795505000,28.1765048828125,0.21283888816833496,0.6826316714286804,-0.5567847490310669
1789031179805510700,28.1865107421875,-0.0957234650850296,0.2291843295097351,-0.39857083559036255
1789031179815518000,28.19651806640625,-0.21301083266735077,-0.399614542722702,-0.17380331456661224
1789031179825524000,28.20652392578125,-0.2213590443134308,-0.8568105697631836,-0.14810806512832642
1789031179835530800,28.21653076171875,-0.19521400332450867,-0.3903910219669342,-0.29961106181144714
1789031179845537800,28.226537841796876,-0.2662234604358673,0.48072123527526855,-0.6191821098327637
1789031179855543800,28.236543701171875,-0.4034793972969055,0.6603891253471375,-0.8340021967887878
1789031179865550800,28.24655078125,-0.48094382882118225,0.4719252288341522,-0.7983488440513611
1789031179875556900,28.256556884765626,-0.5311384797096252,0.2103084921836853,-0.7056208848953247
1789031179885564000,28.26656396484375,-0.516947329044342,-0.12654224038124084,-0.5458729863166809
1789031179895570700,28.27657080078125,-0.4847533106803894,-0.39692237973213196,-0.30715909600257874
1789031179905577000,28.286576904296876,-0.4934738576412201,-0.4183996915817261,-0.10837167501449585
1789031179915583700,28.296583740234375,-0.5783724784851074,-0.15436439216136932,-0.06313210725784302
1789031179925589800,28.30658984375,-0.7160928249359131,0.22293709218502045,-0.1970696598291397
1789031179935597000,28.31659716796875,-0.8859921097755432,0.5083237886428833,-0.47429290413856506
1789031179945603800,28.326603759765625,-1.0384591817855835,0.5430263876914978,-0.7177572250366211
1789031179955609900,28.33660986328125,-1.1568175554275513,0.2738466262817383,-0.7260502576828003
1789031179965617000,28.346616943359376,-1.283535361289978,-0.14596502482891083,-0.5350496768951416
1789031179975623000,28.356622802734375,-1.4165964126586914,-0.5175193548202515,-0.29858559370040894
1789031179985629700,28.366629638671874,-1.5502312183380127,-0.4695294499397278,-0.1456298679113388
1789031179995637000,28.376636962890625,-1.6849513053894043,-0.05638236179947853,-0.22016777098178864
1789031180005643000,28.38664306640625,-1.803834319114685,0.4306429624557495,-0.5930571556091309
1789031180015649800,28.39664990234375,-1.9505023956298828,0.656090497970581,-1.0735009908676147
1789031180025655800,28.40665576171875,-2.2107746601104736,0.6071344017982483,-1.2559727430343628
1789031180035662800,28.416662841796875,-2.5806798934936523,0.19125868380069733,-0.951310932636261
1789031180045670000,28.426669921875,-2.583465337753296,-0.45272189378738403,-0.4502235949039459
1789031180055675600,28.436675537109377,-1.9859180450439453,-0.6202732920646667,-0.2234785258769989
1789031180065683000,28.446682861328124,-1.462891697883606,-0.1522509604692459,-0.40833333134651184
1789031180075689000,28.45668896484375,-1.4733400344848633,0.30961185693740845,-0.8871193528175354
1789031180085695700,28.46669580078125,-1.5933068990707397,0.2199099212884903,-1.021567463874817
1789031180095702800,28.476702880859374,-1.5745713710784912,-0.20760563015937805,-0.5830081701278687
1789031180105708800,28.486708740234373,-1.497241735458374,-0.6932069659233093,0.05086091160774231
1789031180115715800,28.4967158203125,-1.3762967586517334,-0.8081105947494507,0.3094075918197632
1789031180125721900,28.506721923828124,-1.338241457939148,-0.774834156036377,0.16387677192687988
1789031180135729000,28.51672900390625,-1.4323432445526123,-0.8087784051895142,-0.22476476430892944
1789031180145735700,28.526735595703126,-1.6157466173171997,-1.2556965351104736,-0.3259020149707794
1789031180155742000,28.536741943359374,-1.638180136680603,-1.30972421169281,-0.07961957156658173
1789031180165748700,28.546748779296873,-1.594934344291687,-1.0997848510742188,0.15487335622310638
1789031180175754800,28.556754638671876,-1.5592255592346191,-0.9228705167770386,0.06969359517097473
1789031180185762000,28.566761962890624,-1.557024359703064,-1.1768466234207153,-0.11245836317539215
1789031180195768800,28.576768798828127,-1.6455061435699463,-1.5737820863723755,-0.239332377910614
1789031180205774800,28.58677490234375,-1.7513723373413086,-1.674159288406372,-0.3968445062637329
1789031180215782000,28.596781982421874,-1.8380661010742188,-1.5461695194244385,-0.5664675235748291
1789031180225788000,28.606787841796876,-1.8507217168807983,-1.0743681192398071,-0.7369574904441833
1789031180235794700,28.616794677734376,-1.8136540651321411,-0.574254035949707,-0.8572601675987244
1789031180245802000,28.626802001953124,-1.678134560585022,-0.6597471237182617,-0.815592885017395
1789031180255808000,28.63680810546875,-1.5017951726913452,-0.8958287239074707,-0.7084903717041016
1789031180265814800,28.646814697265626,-1.4598865509033203,-1.2318669557571411,-0.535640299320221
1789031180275820800,28.65682080078125,-1.5442191362380981,-1.3888342380523682,-0.49840569496154785
1789031180285827800,28.666827880859376,-1.5309277772903442,-0.9407874345779419,-0.7114356756210327
1789031180295835000,28.6768349609375,-1.4240015745162964,-0.4541704058647156,-0.78620445728302
1789031180305840600,28.686840576171875,-1.2810020446777344,-0.16705021262168884,-0.6175126433372498
1789031180315848000,28.696847900390626,-1.0950347185134888,-0.15735375881195068,-0.36617329716682434
1789031180325854000,28.70685400390625,-0.8969177007675171,-0.4802980124950409,-0.24398985505104065
1789031180335860700,28.71686083984375,-0.825685441493988,-0.6180564761161804,-0.2942456007003784
1789031180345867800,28.72686767578125,-0.8208158612251282,-0.24976792931556702,-0.3887614607810974
1789031180355873800,28.736873779296875,-0.6076352596282959,0.26546743512153625,-0.5466732382774353
1789031180365880800,28.746880859375,-0.34752753376960754,0.6783141493797302,-0.7725293040275574
1789031180375886800,28.756886962890626,-0.08163284510374069,0.9976281523704529,-0.6632899045944214
1789031180385894000,28.766893798828125,0.1534893959760666,0.9765169620513916,-0.308223694562912
1789031180395900700,28.776900634765624,0.3615550994873047,0.45450419187545776,-0.06315378099679947
1789031180405907000,28.786906982421876,0.5935763716697693,0.1822439283132553,0.10420698672533035
1789031180415913700,28.796913818359375,0.6876768469810486,0.26670557260513306,0.15520969033241272
1789031180425919700,28.806919677734374,0.7265584468841553,0.335232675075531,0.17059265077114105
1789031180435927000,28.816927001953125,0.8071441650390625,0.3637150824069977,0.24833674728870392
1789031180445932800,28.826932861328125,0.9184278249740601,0.4233477711677551,0.3200032114982605
1789031180455939800,28.83693994140625,1.0117863416671753,0.41332730650901794,0.3470904231071472
1789031180465947000,28.84694677734375,1.0581402778625488,0.41632789373397827,0.3883798122406006
1789031180475953000,28.856952880859374,1.1070455312728882,0.6039437055587769,0.40861719846725464
1789031180485959700,28.866959716796874,1.1538748741149902,0.7565401792526245,0.4197700023651123
1789031180495965700,28.876965576171877,1.2704931497573853,0.8754234313964844,0.3727758526802063
1789031180505972700,28.88697265625,1.440104603767395,0.9605191946029663,0.37914931774139404
1789031180515979800,28.896979736328124,1.6511989831924438,0.9546335339546204,0.4403332769870758
1789031180525985800,28.90698583984375,1.8821980953216553,0.8121083378791809,0.592415988445282
1789031180535992800,28.916992919921874,2.050868511199951,0.6000981330871582,0.742101788520813
1789031180545998800,28.926998779296873,2.1479897499084473,0.5616242289543152,0.7391408681869507
1789031180556005600,28.937005615234376,2.199075937271118,0.8514084219932556,0.6541582942008972
1789031180566013000,28.947012939453124,2.199695348739624,1.1460051536560059,0.5654571652412415
1789031180576018700,28.957018798828123,2.1714797019958496,1.2856791019439697,0.5003809928894043
1789031180586025700,28.967025634765626,2.212486743927002,1.0713248252868652,0.5450384616851807
1789031180596032000,28.977031982421874,2.3196351528167725,0.5537056922912598,0.7007442116737366
1789031180606038800,28.987038818359373,2.410454750061035,0.13987228274345398,0.8784228563308716
1789031180616045800,28.9970458984375,2.418977737426758,0.09989738464355469,1.0047714710235596
1789031180626051800,29.0070517578125,2.3022186756134033,0.3306240737438202,1.0412147045135498
1789031180636059000,29.017058837890627,2.1617839336395264,0.6623419523239136,0.9636829495429993
1789031180646064600,29.027064697265626,2.049391984939575,0.7844787836074829,0.8831976652145386
1789031180656072000,29.037072021484374,2.020486354827881,0.7260016798973083,0.8070155382156372
1789031180666078700,29.04707861328125,2.1070468425750732,0.5593208074569702,0.8219230771064758
1789031180676084700,29.057084716796876,2.228851318359375,0.3680574595928192,0.9252870678901672
1789031180686091800,29.067091796875,2.3162622451782227,0.29284632205963135,0.9758365154266357
1789031180696097800,29.077097900390626,2.312859058380127,0.38063696026802063,0.9532924294471741
1789031180706104800,29.087104736328126,2.301771879196167,0.6613820791244507,0.8534625172615051
1789031180716112000,29.09711181640625,2.2507731914520264,0.8885641694068909,0.7681486010551453
1789031180726118000,29.107117919921876,2.1256344318389893,0.828417181968689,0.7845840454101562
1789031180736124700,29.117124755859376,1.8631106615066528,0.44445765018463135,0.9542639255523682
1789031180746130700,29.127130615234375,1.6274760961532593,-0.007110869511961937,1.1149780750274658
1789031180756137700,29.1371376953125,1.4903002977371216,-0.10830468684434891,1.1402865648269653
1789031180766143700,29.147143798828125,1.2998919486999512,-0.016563579440116882,1.0104292631149292
1789031180776150800,29.15715087890625,1.0281531810760498,0.12527017295360565,0.7535840272903442
1789031180786157800,29.16715771484375,0.7670028805732727,0.2446351796388626,0.4726245403289795
1789031180796163800,29.177163818359375,0.5738794207572937,0.2865053117275238,0.2651289403438568
1789031180806170600,29.187170654296875,0.44573262333869934,0.15616168081760406,0.1266738623380661
1789031180816177000,29.197177001953126,0.272411584854126,-0.2396392822265625,0.08997764438390732
1789031180826183700,29.20718359375,0.10136311501264572,-0.6155257821083069,0.09893199056386948
1789031180836190700,29.217190673828124,-0.03508776053786278,-0.672393262386322,0.11763203144073486
1789031180846197000,29.227197021484375,-0.17089778184890747,-0.48296841979026794,0.10152922570705414
1789031180856203800,29.237203857421875,-0.3323996961116791,-0.2981688380241394,0.032413482666015625
1789031180866209800,29.247209716796874,-0.4969622790813446,-0.20995348691940308,-0.0736977756023407
1789031180876216800,29.257216796875,-0.6483932137489319,-0.16599805653095245,-0.2404658943414688
1789031180886224000,29.267223876953125,-0.7911069989204407,-0.14833064377307892,-0.4194473624229431
1789031180896229600,29.277229736328124,-0.9163991808891296,-0.15616825222969055,-0.519071102142334
1789031180906237000,29.28723681640625,-1.0029979944229126,-0.1167374774813652,-0.6011460423469543
1789031180916243000,29.297242919921874,-1.0752593278884888,-0.15656350553035736,-0.6422080397605896
1789031180926249700,29.307249755859374,-1.1014726161956787,0.00003914954140782356,-0.7100754976272583
1789031180936256800,29.3172568359375,-1.062463641166687,0.21568506956100464,-0.7849047780036926
1789031180946262800,29.3272626953125,-1.0140916109085083,0.24326929450035095,-0.8367634415626526
1789031180956269800,29.337269775390624,-1.0298738479614258,0.15819783508777618,-0.8511245846748352
1789031180966275600,29.347275634765627,-1.0957612991333008,0.17607484757900238,-0.7848350405693054
1789031180976283000,29.357282958984374,-1.2021137475967407,0.18065473437309265,-0.6300568580627441
1789031180986289000,29.367288818359373,-1.3279118537902832,0.23884481191635132,-0.5155081748962402
1789031180996295700,29.377295654296876,-1.5585194826126099,0.017199886962771416,-0.42713209986686707
1789031181006302700,29.387302734375,-1.8548965454101562,-0.2126130759716034,-0.46012306213378906
1789031181016308700,29.397308837890623,-2.1067593097686768,-0.4509914815425873,-0.612198531627655
1789031181026315800,29.407315673828126,-2.190153121948242,-0.7418004274368286,-0.6845702528953552
1789031181036321800,29.41732177734375,-2.0342135429382324,-0.7639154195785522,-0.549824595451355
1789031181046328800,29.427328857421877,-1.918125033378601,-0.7832345366477966,-0.4166010320186615
1789031181056335600,29.437335693359376,-1.9278000593185425,-0.8331360816955566,-0.46367865800857544
1789031181066342000,29.447341796875,-1.8532129526138306,-0.7617407441139221,-0.6038181781768799
1789031181076348700,29.4573486328125,-1.7153980731964111,-0.7610454559326172,-0.5614537596702576
1789031181086354700,29.467354736328126,-1.6202174425125122,-0.6331910490989685,-0.4495812952518463
1789031181096362000,29.477362060546874,-1.6119959354400635,-0.5989945530891418,-0.3317984342575073
1789031181106368800,29.48736865234375,-1.6270614862442017,-0.7563831210136414,-0.283705472946167
1789031181116374800,29.497374755859376,-1.6659519672393799,-0.8027142882347107,-0.36783939599990845
1789031181126381800,29.5073818359375,-1.7375812530517578,-0.8419149518013,-0.5457390546798706
1789031181136387800,29.517387939453126,-1.7648320198059082,-0.7511974573135376,-0.7913295030593872
1789031181146394600,29.52739453125,-1.8220993280410767,-0.72254878282547,-0.9605741500854492
1789031181156400600,29.537400634765625,-1.830069661140442,-0.7846342325210571,-0.9158764481544495
1789031181166408000,29.547407958984376,-1.7289589643478394,-0.7063860297203064,-0.6529401540756226
1789031181176414700,29.557414794921876,-1.6113369464874268,-0.6462336778640747,-0.37997448444366455
1789031181186420700,29.567420654296875,-1.5548228025436401,-0.8765742182731628,-0.21157164871692657
1789031181196427800,29.577427734375,-1.5994353294372559,-1.2391947507858276,-0.14458027482032776
1789031181206433800,29.587433837890625,-1.7192493677139282,-1.8280198574066162,-0.09409978240728378
1789031181216440600,29.597440673828125,-1.8345026969909668,-2.075031280517578,-0.11369603872299194
1789031181226448000,29.60744775390625,-1.851753830909729,-1.7623430490493774,-0.26301705837249756
1789031181236454000,29.617453857421875,-1.7872945070266724,-1.2689207792282104,-0.5144245624542236
1789031181246460700,29.627460693359374,-1.6451852321624756,-0.8944534659385681,-0.7212679982185364
1789031181256467000,29.637467041015626,-1.4485787153244019,-0.49323880672454834,-0.8070196509361267
1789031181266473700,29.6474736328125,-1.2850204706192017,-0.1922542005777359,-0.8145210146903992
1789031181276479700,29.657479736328124,-1.2466909885406494,-0.014781996607780457,-0.8288497924804688
1789031181286486800,29.66748681640625,-1.2259016036987305,0.13005001842975616,-0.711604118347168
1789031181296493800,29.677493896484375,-1.0022883415222168,0.26603826880455017,-0.41601434350013733
1789031181306499800,29.687499755859374,-0.732772707939148,0.1562023013830185,-0.14681826531887054
1789031181316507000,29.6975068359375,-0.5802811980247498,-0.27652743458747864,0.024084405973553658
1789031181326513000,29.707512939453125,-0.6440673470497131,-0.7723838090896606,0.041214391589164734
1789031181336519700,29.717519775390624,-0.6871864795684814,-0.9290333390235901,0.011832497082650661
1789031181346527000,29.72752685546875,-0.5097078680992126,-0.567868173122406,0.001735387952066958
1789031181356532700,29.73753271484375,-0.24421252310276031,0.08697222173213959,-0.083153136074543
1789031181366539800,29.747539794921874,-0.06684013456106186,0.2595474421977997,-0.021258877590298653
1789031181376545800,29.7575458984375,-0.025583401322364807,0.27063509821891785,0.1536950320005417
1789031181386552800,29.767552734375,0.016872979700565338,0.19814518094062805,0.3417357802391052
1789031181396559600,29.7775595703125,0.10126088559627533,0.32477977871894836,0.33807724714279175
1789031181406566000,29.78756591796875,0.17319099605083466,0.5961878299713135,0.18530605733394623
1789031181416573000,29.797572998046874,0.254404753446579,0.7906454801559448,0.09832406044006348
1789031181426578700,29.80757861328125,0.3927818238735199,0.9772244691848755,0.11209553480148315
1789031181436586000,29.8175859375,0.5766274929046631,0.8899403214454651,0.22461582720279694
1789031181446591700,29.827591796875,0.7553722262382507,0.6126892566680908,0.3963148593902588
1789031181456598800,29.837598876953123,0.9618066549301147,0.6938847303390503,0.5146698951721191
1789031181466605800,29.847605712890626,1.215372085571289,0.9511378407478333,0.5061895847320557
1789031181476611800,29.85761181640625,1.4798316955566406,1.1357192993164062,0.47803837060928345
1789031181486618600,29.86761865234375,1.6627322435379028,1.1659584045410156,0.5343464016914368
1789031181496624400,29.877624267578124,1.7613645792007446,1.1577917337417603,0.5655421614646912
1789031181506631400,29.88763134765625,1.874892234802246,1.2756870985031128,0.4962501525878906
1789031181516637400,29.897637451171875,1.9035108089447021,1.3902270793914795,0.4110720455646515
1789031181526644500,29.90764453125,1.833984375,1.2504090070724487,0.45721957087516785
1789031181536651300,29.9176513671875,1.7894642353057861,0.8696920275688171,0.5691267848014832
1789031181546657500,29.927657470703124,1.8495103120803833,0.5501435399055481,0.6142418384552002
1789031181556664600,29.93766455078125,1.9562175273895264,0.36320948600769043,0.6279276609420776
1789031181566670300,29.94767041015625,2.004800319671631,0.46646130084991455,0.6373425126075745
1789031181576677600,29.957677734375,2.0464863777160645,0.7319220900535583,0.6054583787918091
1789031181586684400,29.967684326171874,2.168299913406372,0.9398678541183472,0.5046781897544861
1789031181596690400,29.9776904296875,2.3352296352386475,1.0734819173812866,0.4141564667224884
1789031181606697500,29.987697509765624,2.406860589981079,0.9706106781959534,0.43477386236190796
1789031181616703500,29.997703369140623,2.394561290740967,0.7855173945426941,0.5203039646148682
1789031181626710500,30.00771044921875,2.4050755500793457,0.536566436290741,0.6258996725082397
1789031181636716300,30.01771630859375,2.444467306137085,0.30788713693618774,0.7309134006500244
1789031181646723600,30.0277236328125,2.4349308013916016,0.2620141804218292,0.8710686564445496
1789031181656730400,30.03773046875,2.318042039871216,0.24193906784057617,1.0393376350402832
1789031181666736400,30.047736328125,2.168388843536377,0.15126003324985504,1.1473149061203003
1789031181676743400,30.057743408203127,2.122565746307373,0.22390849888324738,1.0898674726486206
1789031181686749400,30.06774951171875,2.271010160446167,0.511878490447998,0.978532612323761
1789031181696756500,30.077756591796874,2.4752018451690674,0.7337637543678284,0.9416158199310303
1789031181706763500,30.087763427734377,2.488741636276245,0.7079593539237976,0.9209941625595093
1789031181716769500,30.09776953125,2.3468902111053467,0.544958770275116,0.9364644289016724
1789031181726776300,30.1077763671875,2.1521012783050537,0.5384904742240906,0.9461631178855896
1789031181736782600,30.117782470703126,1.9686927795410156,0.8004935383796692,0.9053930044174194
1789031181746789400,30.127789306640626,1.7170878648757935,0.877389132976532,0.9007857441902161
1789031181756795400,30.13779541015625,1.2840467691421509,0.5121394991874695,0.9265086650848389
1789031181766802400,30.147802490234376,0.8532437682151794,0.13461565971374512,0.9549514651298523
1789031181776809500,30.1578095703125,0.6111627817153931,0.1198243647813797,0.9171884655952454
1789031181786815500,30.1678154296875,0.42034968733787537,0.23966394364833832,0.7451909184455872
1789031181796822500,30.177822509765626,0.1479668766260147,0.046661242842674255,0.43289679288864136
1789031181806828500,30.18782861328125,-0.10091324895620346,-0.2527020275592804,-0.016927096992731094
1789031181816835300,30.19783544921875,-0.22783683240413666,-0.19925566017627716,-0.40912288427352905
1789031181826841300,30.20784130859375,-0.4915611445903778,0.05104205757379532,-0.5234581828117371
1789031181836848400,30.217848388671875,-0.7530984282493591,0.18819916248321533,-0.562350869178772
1789031181846855400,30.22785546875,-0.9660283327102661,0.02692771703004837,-0.5980359315872192
1789031181856861400,30.237861328125,-1.1259279251098633,-0.2030872404575348,-0.6479487419128418
1789031181866868500,30.247868408203125,-1.2138822078704834,-0.4167638421058655,-0.6325756907463074
1789031181876874500,30.25787451171875,-1.2253241539001465,-0.3872654139995575,-0.6481407284736633
1789031181886881300,30.26788134765625,-1.1477895975112915,-0.14071130752563477,-0.7138957977294922
1789031181896888600,30.277888671875,-1.0029113292694092,0.14824409782886505,-0.7831418514251709
1789031181906894300,30.287894287109374,-0.9110857248306274,0.28327301144599915,-0.8061757683753967
1789031181916901400,30.2979013671875,-0.8912175297737122,0.23591294884681702,-0.7602795958518982
1789031181926907600,30.30790771484375,-0.8465184569358826,0.2669888138771057,-0.7090188264846802
1789031181936914400,30.31791455078125,-0.8463699817657471,0.31482094526290894,-0.6292444467544556
1789031181946920400,30.32792041015625,-0.9423028826713562,0.3683885633945465,-0.4890913665294647
1789031181956927500,30.337927490234375,-1.0785080194473267,0.3668203353881836,-0.3626038730144501
1789031181966934500,30.3479345703125,-1.2119238376617432,0.09701497852802277,-0.24519574642181396
1789031181976940300,30.357940185546877,-1.3103889226913452,-0.08917898684740067,-0.13749024271965027
1789031181986947600,30.367947509765624,-1.4367783069610596,-0.2860659658908844,-0.025517359375953674
1789031181996953600,30.37795361328125,-1.5804996490478516,-0.43962639570236206,-0.02660633809864521
1789031182006960400,30.38796044921875,-1.6422439813613892,-0.6165851950645447,-0.14916980266571045
1789031182016966400,30.39796630859375,-1.6903897523880005,-0.8818007111549377,-0.3941890001296997
1789031182026973400,30.407973388671873,-1.7699148654937744,-0.9884337186813354,-0.7430079579353333
1789031182036980500,30.41798046875,-1.8511112928390503,-0.9705196619033813,-0.9392587542533875
1789031182046986200,30.427986328125,-1.9079066514968872,-0.7666661739349365,-0.77969890832901
1789031182056993500,30.43799365234375,-1.8290114402770996,-0.4457243084907532,-0.48853665590286255
1789031182066999600,30.44799951171875,-1.6021374464035034,-0.12447624653577805,-0.40612754225730896
1789031182077006300,30.45800634765625,-1.3196436166763306,0.23475265502929688,-0.6345652341842651
1789031182087012600,30.4680126953125,-1.2649891376495361,0.08199214190244675,-0.7753015756607056
1789031182097019400,30.478019287109376,-1.3340251445770264,-0.3924652934074402,-0.701609194278717
1789031182107026400,30.4880263671875,-1.4263055324554443,-0.9218220710754395,-0.4929198920726776
1789031182117032400,30.498032470703127,-1.551808476448059,-1.2791544198989868,-0.3320353329181671
1789031182127039500,30.50803955078125,-1.6930694580078125,-1.3511844873428345,-0.3154153525829315
1789031182137045500,30.51804541015625,-1.781795620918274,-1.3402925729751587,-0.42312952876091003
1789031182147052500,30.528052490234376,-1.7996494770050049,-1.187630534172058,-0.5639811754226685
1789031182157058600,30.53805859375,-1.7870749235153198,-1.0231521129608154,-0.6189797520637512
1789031182167065300,30.5480654296875,-1.7902443408966064,-1.0029948949813843,-0.5546865463256836
1789031182177072600,30.55807275390625,-1.8139790296554565,-1.1379332542419434,-0.41261985898017883
1789031182187078400,30.568078369140625,-1.8275712728500366,-1.4038844108581543,-0.24360370635986328
1789031182197085400,30.57808544921875,-1.8062589168548584,-1.5079551935195923,-0.12082961201667786
1789031182207091500,30.588091552734376,-1.7488129138946533,-1.4713315963745117,-0.11177859455347061
1789031182217098500,30.598098388671875,-1.6617287397384644,-1.3356497287750244,-0.287422776222229
1789031182227104500,30.6081044921875,-1.6222761869430542,-1.2025777101516724,-0.5393039584159851
1789031182237111600,30.618111572265626,-1.5956133604049683,-1.1102464199066162,-0.6474921703338623
1789031182247118600,30.62811865234375,-1.4742475748062134,-0.8272519707679749,-0.6287669539451599
1789031182257124400,30.638124267578124,-1.2875361442565918,-0.40910711884498596,-0.6013429760932922
1789031182267131600,30.648131591796876,-1.111395239830017,-0.2544426918029785,-0.5258432030677795
1789031182277137400,30.658137451171875,-1.0168707370758057,-0.2528952956199646,-0.4451572000980377
1789031182287144400,30.66814453125,-0.9957318305969238,-0.31990042328834534,-0.35413116216659546
1789031182297150500,30.678150390625,-0.934305727481842,-0.20123356580734253,-0.24131476879119873
1789031182307157500,30.688157470703125,-0.7779856324195862,-0.01458086259663105,-0.1742214858531952
1789031182317164500,30.69816455078125,-0.6103041172027588,-0.059848494827747345,-0.1310824453830719
1789031182327170300,30.70817041015625,-0.4848649501800537,-0.18146547675132751,-0.010319532826542854
1789031182337177600,30.718177490234375,-0.399405837059021,-0.38780471682548523,0.07069360464811325
1789031182347183400,30.728183349609374,-0.3456656336784363,-0.3574068546295166,0.06871940195560455
1789031182357190400,30.7381904296875,-0.24788936972618103,-0.11830313503742218,-0.019572867080569267
1789031182367197400,30.748197509765625,-0.057657644152641296,0.48908665776252747,-0.13824306428432465
1789031182377203500,30.758203369140624,0.16837361454963684,1.0049221515655518,-0.2485218495130539
1789031182387210500,30.76821044921875,0.3691636919975281,1.31072998046875,-0.24805420637130737
1789031182397216500,30.778216552734374,0.5370931625366211,1.1393967866897583,-0.009722886607050896
1789031182407223600,30.7882236328125,0.730543315410614,0.6087208390235901,0.276776522397995
1789031182417229300,30.798229248046876,0.8585338592529297,0.24198797345161438,0.46044182777404785
1789031182427236600,30.808236572265624,0.945176362991333,0.07997589558362961,0.5568445324897766
1789031182437242600,30.81824267578125,1.0895313024520874,0.49062076210975647,0.4477696716785431
1789031182447249400,30.82824951171875,1.2242944240570068,0.9408636093139648,0.32414814829826355
1789031182457256400,30.83825634765625,1.278671383857727,1.0644170045852661,0.31653353571891785
1789031182467262500,30.848262451171873,1.2952988147735596,0.7616267204284668,0.4172588288784027
1789031182477269500,30.85826953125,1.3533968925476074,0.45622822642326355,0.5149340629577637
1789031182487275000,30.86827490234375,1.4455615282058716,0.612849235534668,0.5098410248756409
1789031182497282300,30.8782822265625,1.6060636043548584,0.7681746482849121,0.4707612693309784
1789031182507289000,30.8882890625,1.7967748641967773,0.9234028458595276,0.4163976311683655
1789031182517295000,30.898295166015625,1.9360332489013672,0.9515443444252014,0.4331585764884949
1789031182527302100,30.90830224609375,2.04249906539917,0.7618647217750549,0.4769361615180969
1789031182537308200,30.91830810546875,2.189713954925537,0.7501468062400818,0.5072461366653442
1789031182547315200,30.928315185546875,2.3865299224853516,0.8842430710792542,0.47196751832962036
1789031182557321200,30.9383212890625,2.555769681930542,0.9721959233283997,0.43318280577659607
1789031182567328300,30.948328369140626,2.596597909927368,0.8352207541465759,0.5482883453369141
1789031182577334300,30.958334228515625,2.6008875370025635,0.6329376101493835,0.6958380937576294
1789031182587341300,30.96834130859375,2.5945215225219727,0.6077166795730591,0.7985115051269531
1789031182597348000,30.97834814453125,2.571719169616699,0.8141999840736389,0.8465311527252197
1789031182607354000,30.98835400390625,2.536397933959961,0.9928666353225708,0.950290322303772
1789031182617361400,30.998361328125,2.43784236907959,0.8814619183540344,1.0329740047454834
1789031182627367200,31.0083671875,2.3231046199798584,0.655400812625885,1.0487422943115234
1789031182637374200,31.018374267578125,2.238981008529663,0.4470156729221344,1.1176387071609497
1789031182647380200,31.028380126953124,2.2373766899108887,0.23584192991256714,1.2273404598236084
1789031182657387300,31.03838720703125,2.341660737991333,0.18701998889446259,1.257279396057129
1789031182667394000,31.04839404296875,2.4286797046661377,0.3081203103065491,1.1604630947113037
1789031182677400000,31.058400146484374,2.438584804534912,0.6280454993247986,0.9705706834793091
1789031182687407400,31.068407470703125,2.3712615966796875,1.006683588027954,0.780722975730896
1789031182697413000,31.0784130859375,2.2567825317382812,1.1519289016723633,0.7201088070869446
1789031182707420200,31.088420166015624,2.063495635986328,1.0943984985351562,0.7240744829177856
1789031182717426200,31.09842626953125,1.786594271659851,0.8902220129966736,0.7494944930076599
1789031182727433200,31.10843310546875,1.5012322664260864,0.6109802722930908,0.7821797132492065
1789031182737440000,31.11843994140625,1.2696962356567383,0.34211379289627075,0.8006409406661987
1789031182747446300,31.1284462890625,1.0622644424438477,0.20216228067874908,0.7653362154960632
1789031182757453300,31.138453369140624,0.8184760808944702,0.11210180073976517,0.678849995136261
1789031182767459000,31.148458984375,0.5309129953384399,-0.13525205850601196,0.6039089560508728
1789031182777466400,31.15846630859375,0.251992404460907,-0.42823538184165955,0.578863799571991
1789031182787472100,31.16847216796875,-0.01950330287218094,-0.5400319695472717,0.5090240240097046
1789031182797479200,31.178479248046877,-0.2892870604991913,-0.45913589000701904,0.3551923930644989
1789031182807485200,31.188485107421876,-0.5175151824951172,-0.2290123999118805,0.11162819713354111
1789031182817492200,31.1984921875,-0.7175740599632263,-0.1020568385720253,-0.16691239178180695
1789031182827499300,31.208499267578127,-0.8675808906555176,-0.15641355514526367,-0.35662907361984253
1789031182837505000,31.218505126953126,-0.9183237552642822,-0.22529202699661255,-0.4192357063293457
1789031182847512300,31.22851220703125,-0.9145399332046509,-0.2270425260066986,-0.44304144382476807
1789031182857518000,31.23851806640625,-0.8879324793815613,-0.058871522545814514,-0.4433209002017975
1789031182867525000,31.248525146484376,-0.8697148561477661,0.27542629837989807,-0.4047950804233551
1789031182877531400,31.258531494140627,-0.91743004322052,0.5686557292938232,-0.40351417660713196
1789031182887538200,31.2685380859375,-1.027014970779419,0.6384470462799072,-0.465484619140625
1789031182897545200,31.278545166015626,-1.1267775297164917,0.6213416457176208,-0.5681095123291016
1789031182907551200,31.28855126953125,-1.1877270936965942,0.5166056156158447,-0.6223106980323792
1789031182917558300,31.298558349609376,-1.2541345357894897,0.26742789149284363,-0.5987521409988403
1789031182927564000,31.30856396484375,-1.3707151412963867,-0.12336248904466629,-0.5761528015136719
1789031182937571300,31.3185712890625,-1.5018393993377686,-0.559381365776062,-0.6075922250747681
1789031182947577300,31.328577392578126,-1.547610878944397,-0.7265700697898865,-0.6542202234268188
1789031182957584100,31.338584228515625,-1.5454986095428467,-0.5133664011955261,-0.5829808712005615
1789031182967591200,31.348591064453124,-1.5649974346160889,-0.2366761863231659,-0.3894939720630646
1789031182977597200,31.35859716796875,-1.5990532636642456,-0.10857786238193512,-0.21835552155971527
1789031182987604200,31.368604248046875,-1.6299587488174438,-0.0038328091613948345,-0.18071627616882324
1789031182997610000,31.37860986328125,-1.6610487699508667,-0.037522949278354645,-0.3012363016605377
1789031183007617300,31.3886171875,-1.6610362529754639,-0.23624269664287567,-0.5417543649673462
1789031183017623300,31.398623291015625,-1.6241776943206787,-0.4495975375175476,-0.6549820303916931
1789031183027630000,31.408630126953124,-1.5618094205856323,-0.7159647345542908,-0.5629112124443054
1789031183037636400,31.41863623046875,-1.52309250831604,-0.9776307344436646,-0.3708973228931427
1789031183047643100,31.42864306640625,-1.5045310258865356,-1.0386931896209717,-0.26495304703712463
1789031183057650200,31.438650146484374,-1.5391515493392944,-0.9537515640258789,-0.29823222756385803
1789031183067656200,31.44865625,-1.5798633098602295,-0.7507845759391785,-0.4538833498954773
1789031183077663200,31.458663330078124,-1.6254898309707642,-0.641456127166748,-0.6242135167121887
1789031183087669200,31.468669189453124,-1.7061055898666382,-0.7007359266281128,-0.7439865469932556
1789031183097676300,31.47867626953125,-1.7795039415359497,-0.7690762877464294,-0.7854694724082947
1789031183107682300,31.488682373046874,-1.8421896696090698,-0.9257998466491699,-0.7123169302940369
1789031183117689000,31.498689208984374,-1.8971575498580933,-1.0822967290878296,-0.633765697479248
1789031183127696400,31.5086962890625,-1.9209707975387573,-1.1155420541763306,-0.6417378783226013
1789031183137702100,31.5187021484375,-1.9459439516067505,-1.1678212881088257,-0.6846727728843689
1789031183147709200,31.528709228515623,-1.9188481569290161,-1.021815299987793,-0.7664728760719299
1789031183157715200,31.538715087890626,-1.8219759464263916,-0.812396764755249,-0.8065295815467834
1789031183167722200,31.54872216796875,-1.692459225654602,-0.5991942286491394,-0.8175768852233887
1789031183177728300,31.558728271484377,-1.578629493713379,-0.5072037577629089,-0.7890965938568115
1789031183187735300,31.5687353515625,-1.4990519285202026,-0.638778030872345,-0.7127799987792969
1789031183197741300,31.5787412109375,-1.422554612159729,-0.7940455675125122,-0.5583354830741882
1789031183207748000,31.588748046875,-1.3506196737289429,-0.898883044719696,-0.2937464416027069
1789031183217755400,31.59875537109375,-1.3054225444793701,-0.8968145251274109,-0.12470321357250214
1789031183227761200,31.60876123046875,-1.2250235080718994,-0.9342079758644104,-0.15044265985488892
1789031183237768200,31.618768310546876,-1.1931517124176025,-1.0474942922592163,-0.1695687174797058
1789031183247774200,31.628774169921876,-1.1698360443115234,-0.946566104888916,-0.1453038603067398
1789031183257781200,31.63878125,-1.1246527433395386,-0.6837497353553772,-0.16785557568073273
1789031183267787300,31.648787353515626,-1.0157537460327148,-0.36967357993125916,-0.271333247423172
1789031183277794000,31.6587939453125,-0.8337962627410889,-0.09186099469661713,-0.34940606355667114
1789031183287801300,31.66880126953125,-0.6887735724449158,-0.12062739580869675,-0.30707722902297974
1789031183297807000,31.67880712890625,-0.538297712802887,-0.25604015588760376,-0.22842109203338623
1789031183307814100,31.688814208984375,-0.4259738028049469,-0.3375171720981598,-0.14371685683727264
1789031183317820400,31.6988203125,-0.32363733649253845,-0.2214358001947403,-0.10378121584653854
1789031183327827200,31.7088271484375,-0.13258935511112213,-0.13277384638786316,-0.13146530091762543
1789031183337833200,31.718833251953125,-0.026458581909537315,-0.013110161758959293,-0.11728255450725555
1789031183347840300,31.72884033203125,0.14218290150165558,0.4637559950351715,-0.18482272326946259
1789031183357846300,31.73884619140625,0.34193822741508484,0.632199227809906,-0.20696575939655304
1789031183367853000,31.74885302734375,0.4731748104095459,0.3371923565864563,0.042963381856679916
1789031183377860400,31.7588603515625,0.6228346228599548,0.19176805019378662,0.32272472977638245
1789031183387866400,31.768866455078125,0.7776274085044861,0.0589335635304451,0.5041499137878418
1789031183397873200,31.778873046875,0.9657202959060669,0.30873605608940125,0.4009707570075989
1789031183407879200,31.788879150390624,1.1315020322799683,0.8148223757743835,0.1654551923274994
1789031183417886200,31.79888623046875,1.2279566526412964,1.0592663288116455,0.048346877098083496
1789031183427892200,31.808892333984375,1.3031419515609741,1.1573874950408936,0.12072067707777023
1789031183437899000,31.81889892578125,1.4472482204437256,1.0207817554473877,0.23787754774093628
1789031183447905300,31.8289052734375,1.6322358846664429,0.7701748013496399,0.3219066560268402
1789031183457912300,31.838912353515624,1.7494027614593506,0.5676336884498596,0.43894514441490173
1789031183467919000,31.848919189453124,1.7421932220458984,0.5153550505638123,0.5671188235282898
1789031183477926000,31.85892578125,1.756665587425232,0.8945369124412537,0.5118567943572998
1789031183487933000,31.868932861328126,1.8444279432296753,1.255745530128479,0.34411120414733887
1789031183497939000,31.87893896484375,1.9498705863952637,1.7504312992095947,0.1370019018650055
1789031183507945700,31.88894580078125,2.0276248455047607,1.9516370296478271,0.03806546330451965
1789031183517951700,31.89895166015625,2.0933339595794678,1.4540210962295532,0.26149943470954895
1789031183527958800,31.908958740234375,2.2256267070770264,0.7908219695091248,0.5585246682167053
1789031183537964800,31.91896484375,2.3975954055786133,0.38259539008140564,0.7555283308029175
1789031183547971800,31.928971923828126,2.5298454761505127,0.3428490459918976,0.8854666352272034
1789031183557979000,31.938978759765625,2.661190986633301,0.5232291221618652,0.9072138071060181
1789031183567985000,31.94898486328125,2.6872024536132812,0.7601202130317688,0.9039775133132935
1789031183577991700,31.95899169921875,2.5930240154266357,0.8881217837333679,0.9355740547180176
1789031183587998000,31.968998046875,2.468256950378418,0.804652214050293,0.9867597818374634
1789031183598004700,31.979004638671874,2.385042428970337,0.6024048328399658,1.0712809562683105
1789031183608010800,31.9890107421875,2.3734381198883057,0.43425121903419495,1.1436641216278076
1789031183618017800,31.999017822265625,2.4378373622894287,0.42624422907829285,1.1235970258712769
1789031183628023800,32.00902392578125,2.468580722808838,0.6463070511817932,1.0099557638168335
1789031183638030800,32.01903076171875,2.404012680053711,1.0119633674621582,0.8380557894706726
1789031183648038000,32.02903784179688,2.2538554668426514,1.118971347808838,0.7253170013427734
1789031183658044000,32.0390439453125,2.0030815601348877,1.0192346572875977,0.7389269471168518
1789031183668050700,32.04905078125,1.7431749105453491,0.76185142993927,0.6945602893829346
1789031183678056700,32.059056640625,1.8526349067687988,1.0743430852890015,0.38174018263816833
1789031183688063700,32.06906372070313,1.6573899984359741,1.2671825885772705,0.37158769369125366
1789031183698069800,32.07906982421875,1.466916799545288,1.0585052967071533,0.3585812449455261
1789031183708076800,32.089076904296874,1.3079417943954468,0.6365208029747009,0.25381994247436523
1789031183718082800,32.09908276367187,1.055800437927246,0.21915288269519806,0.1769600808620453
1789031183728089900,32.10908984375,0.4839856028556824,-0.1466064602136612,0.14967413246631622
1789031183738096600,32.1190966796875,-0.14289429783821106,-0.20759575068950653,0.14010636508464813
1789031183748103000,32.12910302734375,-0.5160069465637207,-0.049626611173152924,0.11237326264381409
1789031183758109700,32.139109619140626,-0.6510104537010193,0.21335569024085999,0.0285923033952713
1789031183768115700,32.14911572265625,-0.7099600434303284,0.2975046634674072,-0.027281083166599274
1789031183778123000,32.159123046875,-0.6576184034347534,0.15107709169387817,-0.017107117921113968
1789031183788128800,32.16912866210937,-0.5557804107666016,-0.05216577276587486,-0.04323273152112961
1789031183798135800,32.1791357421875,-0.5072041153907776,-0.2695622146129608,-0.07560908794403076
1789031183808141800,32.189141845703126,-0.47307705879211426,-0.3174394369125366,-0.129913330078125
1789031183818148900,32.19914892578125,-0.3973182439804077,-0.24371279776096344,-0.21364642679691315
1789031183828155600,32.20915576171875,-0.34969186782836914,-0.05415298789739609,-0.28677257895469666
1789031183838162000,32.219161865234376,-0.36997541785240173,0.1767924427986145,-0.36925867199897766
1789031183848169000,32.2291689453125,-0.4536849558353424,0.3093099892139435,-0.4392894208431244
1789031183858174700,32.2391748046875,-0.5907627940177917,0.3317723572254181,-0.4013870358467102
1789031183868182000,32.24918212890625,-0.7310123443603516,0.23530305922031403,-0.24588452279567719
1789031183878187800,32.259187744140625,-0.8068889379501343,0.1428113579750061,-0.1013219878077507
1789031183888194800,32.26919482421875,-0.8908286094665527,0.133256733417511,-0.04375297203660011
1789031183898200800,32.27920092773437,-1.0539506673812866,0.10537030547857285,-0.12509775161743164
1789031183908207900,32.289207763671875,-1.2959516048431396,-0.07513502240180969,-0.33841297030448914
1789031183918214000,32.2992138671875,-1.569965124130249,-0.4662514925003052,-0.5391598343849182
1789031183928220700,32.309220703125,-1.7129888534545898,-0.8543744683265686,-0.5165287852287292
1789031183938228000,32.31922802734375,-1.7893301248550415,-1.0099009275436401,-0.43024763464927673
1789031183948233700,32.329233642578124,-1.7909098863601685,-0.7914437651634216,-0.47457993030548096
1789031183958240800,32.33924072265625,-1.6537396907806396,-0.24505296349525452,-0.781987190246582
1789031183968247000,32.3492470703125,-1.7149018049240112,0.2000288963317871,-1.1327664852142334
1789031183978253800,32.35925390625,-1.940721035003662,0.5805632472038269,-1.4189014434814453
1789031183988259800,32.369259765625,-2.16483998298645,0.5400842428207397,-1.5189039707183838
1789031183998267000,32.37926684570313,-2.2428178787231445,0.08139610290527344,-1.3721435070037842
1789031184008273000,32.38927294921875,-2.238283634185791,-0.5978628396987915,-1.0208488702774048
1789031184018279700,32.39927978515625,-2.2246856689453125,-0.8770609498023987,-0.705195963382721
1789031184028287000,32.40928686523438,-2.2408440113067627,-0.6342821717262268,-0.7941287755966187
1789031184038293000,32.41929296875,-2.1926848888397217,-0.3415306508541107,-1.0955172777175903
1789031184048299800,32.4292998046875,-1.9397131204605103,-0.14481118321418762,-1.1569947004318237
1789031184058305800,32.439305908203124,-1.6758217811584473,-0.21848976612091064,-0.9547025561332703
1789031184068312800,32.44931274414063,-1.4984604120254517,-0.6174611449241638,-0.6534215211868286
1789031184078318800,32.45931884765625,-1.4057823419570923,-0.9837027788162231,-0.4472951889038086
1789031184088325600,32.46932568359375,-1.3064203262329102,-1.2356939315795898,-0.34942376613616943
1789031184098332000,32.47933178710937,-1.3334243297576904,-1.287347674369812,-0.3768840730190277
1789031184108339000,32.4893388671875,-1.512907862663269,-1.2479281425476074,-0.4613773822784424
1789031184118344700,32.4993447265625,-1.6882933378219604,-1.2104958295822144,-0.48785388469696045
1789031184128352000,32.50935205078125,-1.7372117042541504,-1.1655746698379517,-0.3763297498226166
1789031184138358800,32.51935888671875,-1.7213164567947388,-1.3196715116500854,-0.19276291131973267
1789031184148364800,32.52936474609375,-1.8118349313735962,-1.6415334939956665,-0.06570455431938171
1789031184158371800,32.53937182617187,-1.938065528869629,-2.000910520553589,-0.031481996178627014
1789031184168377900,32.5493779296875,-1.9241422414779663,-1.955277681350708,-0.19606135785579681
1789031184178385000,32.55938500976563,-1.7911748886108398,-1.4499295949935913,-0.4439625144004822
1789031184188390700,32.569390625,-1.6331610679626465,-0.8882107734680176,-0.5462753176689148
1789031184198398000,32.57939794921875,-1.4692836999893188,-0.5335128903388977,-0.5756263136863708
1789031184208403700,32.58940380859375,-1.3153265714645386,-0.3520083427429199,-0.5828874111175537
1789031184218410800,32.59941064453125,-1.1164801120758057,-0.20689405500888824,-0.6546432971954346
1789031184228417000,32.6094169921875,-0.8664898872375488,-0.10526009649038315,-0.7318363785743713
1789031184238423800,32.619423828125,-0.6267877817153931,-0.012500954791903496,-0.7443321943283081
1789031184248430800,32.629430908203126,-0.4420006573200226,0.08720753341913223,-0.7184028625488281
1789031184258436900,32.639436767578125,-0.23307189345359802,0.17657919228076935,-0.6530730128288269
1789031184268444000,32.64944384765625,-0.18930096924304962,0.2734420597553253,-0.6403132677078247
1789031184278449700,32.65944970703125,-0.09971272945404053,0.3844698369503021,-0.6052021980285645
1789031184288457000,32.66945703125,-0.04095008596777916,-0.01336914487183094,-0.4171167314052582
1789031184298463000,32.679462890625,-0.053175684064626694,-0.4965045750141144,-0.1024295836687088
1789031184308469800,32.6894697265625,0.03374802693724632,-0.6315755844116211,0.08857978880405426
1789031184318475800,32.69947583007813,0.2021140158176422,-0.2842412292957306,-0.025333750993013382
1789031184328482800,32.70948291015625,0.4199952185153961,-0.0674750953912735,-0.022468455135822296
1789031184338489900,32.71948974609375,0.6569296717643738,-0.03410586342215538,0.10562668740749359
1789031184348495600,32.72949560546875,0.9095640778541565,-0.006418844684958458,0.2089778482913971
1789031184358503000,32.7395029296875,1.2189886569976807,0.29248034954071045,0.1556391417980194
1789031184368509000,32.749509033203125,1.5438809394836426,0.8531402349472046,0.053606241941452026
1789031184378515700,32.759515625,1.837080717086792,1.3488810062408447,-0.011068934574723244
1789031184388522000,32.76952197265625,1.9803228378295898,1.49314546585083,0.07326778769493103
1789031184398528800,32.77952880859375,1.8080068826675415,1.1240140199661255,0.18699099123477936
1789031184408534800,32.78953466796875,1.6453604698181152,0.654819667339325,0.23069559037685394
1789031184418541800,32.79954174804688,1.5827863216400146,0.2028018683195114,0.3721810579299927
1789031184428547800,32.8095478515625,1.5193562507629395,0.20629434287548065,0.4827320873737335
1789031184438555000,32.819554931640624,1.5446646213531494,0.31497085094451904,0.5017238855361938
1789031184448562000,32.82956201171875,1.6119168996810913,0.4096083641052246,0.4330337643623352
1789031184458568000,32.83956787109375,1.7872735261917114,0.233466237783432,0.5691145658493042
1789031184468574700,32.84957470703125,1.9485715627670288,0.008514084853231907,0.8557300567626953
1789031184478580700,32.85958081054687,2.0756821632385254,-0.011561835184693336,1.0188122987747192
1789031184488587300,32.869587158203124,2.371300220489502,0.32543858885765076,1.0255743265151978
1789031184498593300,32.87959326171875,2.795506715774536,0.8650280833244324,0.8747960329055786
1789031184508600300,32.88960034179688,3.0708231925964355,1.2557700872421265,0.6385291814804077
1789031184518606000,32.89960620117188,3.051454782485962,1.1886658668518066,0.527640163898468
1789031184528613400,32.90961328125,2.7272422313690186,0.8937862515449524,0.6123992800712585
1789031184538619400,32.919619384765625,2.466675043106079,0.8370006084442139,0.7393004894256592
1789031184548626200,32.92962622070313,2.349726915359497,0.8510347008705139,0.8061593770980835
1789031184558632400,32.93963256835937,2.3936774730682373,0.6579773426055908,0.8551647663116455
1789031184568639200,32.94963916015625,2.571258068084717,0.4372228980064392,0.9050505757331848
1789031184578646300,32.95964624023438,2.5827674865722656,0.23598526418209076,1.086415410041809
1789031184588652300,32.96965234375,2.452361583709717,0.0009501040913164616,1.3050305843353271
1789031184598659300,32.979659423828124,2.343524694442749,-0.18611179292201996,1.4481791257858276
1789031184608665300,32.989665283203124,2.3486149311065674,-0.07402732968330383,1.4555150270462036
1789031184618672400,32.99967236328125,2.3345227241516113,0.4903259873390198,1.2676879167556763
1789031184628678400,33.00967846679688,2.1956136226654053,1.3624123334884644,0.9057847261428833
1789031184638685200,33.01968530273437,1.9679365158081055,1.7336831092834473,0.5911150574684143
1789031184648691200,33.02969116210937,1.7638643980026245,1.2034235000610352,0.3940422236919403
1789031184658698200,33.0396982421875,1.700384259223938,0.5022294521331787,0.30556395649909973
1789031184668704300,33.04970434570313,1.482738971710205,0.1219627782702446,0.34210625290870667
1789031184678711300,33.05971118164062,0.9965469241142273,0.2663034200668335,0.386261522769928
1789031184688718300,33.06971826171875,0.5768519639968872,0.36062219738960266,0.4223228394985199
1789031184698724400,33.07972436523438,0.415525883436203,0.35293981432914734,0.3860189914703369
1789031184708731100,33.08973120117187,0.24448037147521973,0.14624391496181488,0.4117312729358673
1789031184718737400,33.0997373046875,0.10920728743076324,-0.23959356546401978,0.4570373594760895
1789031184728744200,33.109744140625,-0.005528085865080357,-0.6307839155197144,0.44584277272224426
1789031184738750200,33.119750244140626,-0.07414735108613968,-1.0008271932601929,0.4738396406173706
1789031184748757200,33.12975732421875,-0.11454004794359207,-1.0468149185180664,0.472767174243927
1789031184758763300,33.13976318359375,-0.18374787271022797,-0.6616766452789307,0.32657209038734436
1789031184768770300,33.149770263671876,-0.31529390811920166,-0.20045790076255798,0.016801705583930016
1789031184778776000,33.159776123046875,-0.46085891127586365,0.05501548945903778,-0.31094229221343994
1789031184788783400,33.16978344726562,-0.5059451460838318,0.09202303737401962,-0.5094729661941528
1789031184798789400,33.17978930664062,-0.6513834595680237,0.21398605406284332,-0.6236712336540222
1789031184808796400,33.18979638671875,-0.8088929057121277,0.3301294445991516,-0.5055645704269409
1789031184818803200,33.19980322265625,-0.8181873559951782,0.40289372205734253,-0.2685614824295044
1789031184828809200,33.20980932617187,-0.7209013104438782,0.3676441013813019,-0.13020014762878418
1789031184838816500,33.21981640625,-0.6987223029136658,0.213126078248024,-0.17923441529273987
1789031184848822300,33.229822265625,-0.8640974164009094,0.05788135156035423,-0.4151201546192169
1789031184858829300,33.23982934570312,-1.0016264915466309,-0.15991035103797913,-0.7028137445449829
1789031184868835300,33.24983544921875,-1.0921149253845215,-0.3284032344818115,-0.7890916466712952
1789031184878842400,33.25984228515625,-1.144121527671814,-0.2691868543624878,-0.652936577796936
1789031184888848400,33.269848388671875,-1.1675831079483032,-0.0760464072227478,-0.43318530917167664
1789031184898855200,33.27985522460938,-1.0640243291854858,0.19128535687923431,-0.39031168818473816
1789031184908861400,33.289861328125,-1.0315955877304077,0.3324270248413086,-0.549225389957428
1789031184918868200,33.2998681640625,-1.1197644472122192,0.42801547050476074,-0.8106017708778381
1789031184928874200,33.309874267578124,-1.260259985923767,0.5394495725631714,-0.9573011994361877
1789031184938881300,33.31988134765625,-1.4062628746032715,0.5139886140823364,-0.9709856510162354
1789031184948888300,33.329888427734375,-1.4243686199188232,0.15787120163440704,-0.8687450289726257
1789031184958894300,33.339894287109374,-1.500981330871582,-0.501311719417572,-0.7369565367698669
1789031184968901400,33.3499013671875,-1.8561369180679321,-1.0729315280914307,-0.68077552318573
1789031184978907400,33.35990747070313,-2.1339621543884277,-1.2486094236373901,-0.7082598209381104
1789031184988914200,33.3699140625,-2.049434185028076,-1.056491732597351,-0.6395220160484314
1789031184998920200,33.37992016601562,-1.6391388177871704,-0.5641096234321594,-0.5944565534591675
1789031185008927200,33.38992724609375,-1.2943785190582275,-0.2445894032716751,-0.5638222098350525
1789031185018933200,33.39993334960938,-1.304078459739685,-0.26453936100006104,-0.6808867454528809
1789031185028940300,33.40994018554687,-1.3562461137771606,-0.538310170173645,-0.8724700212478638
1789031185038946300,33.4199462890625,-1.405090570449829,-0.8053421378135681,-0.8923696875572205
1789031185048953300,33.42995336914063,-1.353113055229187,-0.7198194265365601,-0.8250929713249207
1789031185058959400,33.43995947265625,-1.2661724090576172,-0.4548876881599426,-0.6985284090042114
1789031185068966400,33.44996630859375,-1.214692234992981,-0.2827968895435333,-0.5909830331802368
1789031185078972400,33.45997241210937,-1.20827054977417,-0.2604345381259918,-0.5549657940864563
1789031185088979200,33.469979248046876,-1.433923602104187,-0.6933580040931702,-0.4782254695892334
1789031185098986500,33.479986572265624,-1.9224809408187866,-1.6249608993530273,-0.3443606197834015
1789031185108992300,33.4899921875,-2.2956666946411133,-2.369722843170166,-0.32115569710731506
1789031185118999300,33.499999267578126,-2.259911060333252,-2.244255304336548,-0.3833080232143402
1789031185129005300,33.51000537109375,-2.0143890380859375,-1.6060752868652344,-0.40797314047813416
1789031185139012400,33.52001245117187,-1.8814088106155396,-1.019948959350586,-0.41065841913223267
1789031185149018400,33.53001831054687,-1.9224116802215576,-1.1316465139389038,-0.2951400876045227
1789031185159025200,33.540025146484375,-2.0517377853393555,-1.671290397644043,-0.17142769694328308
1789031185169031400,33.550031494140626,-2.1511549949645996,-2.1786723136901855,-0.07499223947525024
1789031185179038200,33.5600380859375,-1.9285122156143188,-1.870903491973877,-0.36380088329315186
1789031185189044200,33.57004418945313,-1.5797542333602905,-0.7354506850242615,-0.9179719686508179
1789031185199051300,33.58005126953125,-1.4020397663116455,0.47526392340660095,-1.239240050315857
1789031185209057300,33.590057373046875,-1.2503421306610107,1.2073503732681274,-1.2663142681121826
1789031185219064300,33.60006420898438,-0.9784322381019592,1.1758582592010498,-0.9568555951118469
1789031185229071400,33.6100712890625,-0.6232576370239258,0.7237115502357483,-0.7799604535102844
1789031185239077400,33.620077392578125,-0.43830057978630066,0.13629791140556335,-0.7126390337944031
1789031185249084200,33.63008422851563,-0.55959153175354,0.0313243642449379,-0.5499177575111389
1789031185259090200,33.64009008789063,-0.819779098033905,0.15225785970687866,-0.3886832892894745
1789031185269097200,33.65009716796875,-0.7371662855148315,0.05271048843860626,-0.34637337923049927
1789031185279103200,33.660103271484374,-0.5583783984184265,-0.16323672235012054,-0.19302642345428467
1789031185289110300,33.6701103515625,-0.44548144936561584,-0.4754236340522766,0.08765078336000443
1789031185299116300,33.6801162109375,-0.33015722036361694,-0.8900325894355774,0.36481931805610657
1789031185309123300,33.690123291015624,-0.03810618817806244,-0.6085564494132996,0.3134554624557495
1789031185319129300,33.70012939453125,0.3471156656742096,0.1675998866558075,0.1608988642692566
1789031185329136400,33.71013647460938,0.6877701878547668,1.1821110248565674,-0.13074763119220734
1789031185339142400,33.72014233398438,1.1280471086502075,1.80433988571167,-0.28694045543670654
1789031185349149200,33.73014916992187,1.5623269081115723,1.658934473991394,-0.14568719267845154
1789031185359155200,33.7401552734375,1.7548353672027588,1.4085361957550049,-0.08115256577730179
1789031185369162200,33.75016235351563,1.685654878616333,0.8790373802185059,0.06103307008743286
1789031185379168300,33.760168212890626,1.582280158996582,0.30029961466789246,0.2729707658290863
1789031185389175300,33.77017529296875,1.5365742444992065,0.04273226484656334,0.48364466428756714
1789031185399182300,33.78018237304688,1.534547209739685,-0.09474901854991913,0.6056151986122131
1789031185409188400,33.790188232421876,1.624592661857605,0.2855341136455536,0.502971351146698
1789031185419195100,33.80019506835937,1.6059120893478394,0.5469971895217896,0.3629363477230072
1789031185429201400,33.81020141601562,1.6245710849761963,0.5677938461303711,0.32595303654670715
1789031185439208200,33.820208251953126,1.8485418558120728,0.4321190416812897,0.4524082839488983
1789031185449214200,33.830214111328125,2.083021640777588,0.25995072722435,0.7300550937652588
1789031185459221200,33.84022119140625,2.334663152694702,0.25671711564064026,0.8868144154548645
1789031185469227300,33.85022729492187,2.5433266162872314,0.2989535331726074,0.9366296529769897
1789031185479234300,33.860234375,2.7036492824554443,0.42178434133529663,0.9266247749328613
1789031185489240300,33.870240234375,2.8464913368225098,0.5742250084877014,0.889302670955658
1789031185499247400,33.88024731445312,2.932891607284546,0.6556728482246399,0.8585751056671143
1789031185509253400,33.89025341796875,2.9211556911468506,0.7088474035263062,0.811676025390625
1789031185519260400,33.900260498046876,2.826516628265381,0.7602766752243042,0.7944775819778442
1789031185529266400,33.910266357421875,2.6912286281585693,0.6960968971252441,0.8300257325172424
1789031185539273200,33.92027319335938,2.568753957748413,0.576593816280365,0.8911880850791931
1789031185549280500,33.930280517578126,2.4910011291503906,0.3949534595012665,0.9837191104888916
1789031185559286300,33.940286376953125,2.4222400188446045,0.25827711820602417,1.0692625045776367
1789031185569293300,33.95029321289063,2.264922857284546,0.2836274802684784,1.152491807937622
1789031185579299300,33.96029931640625,2.025465488433838,0.47117218375205994,1.2219784259796143
1789031185589306400,33.970306396484375,1.8095852136611938,0.8286533355712891,1.1770762205123901
1789031185599312400,33.9803125,1.6540857553482056,1.1179311275482178,1.0525250434875488
1789031185609319400,33.9903193359375,1.5746601819992065,1.2479807138442993,0.8737910389900208
1789031185619325400,34.00032543945313,1.5177645683288574,1.1655993461608887,0.702239453792572
1789031185629332200,34.010332275390624,1.4600878953933716,0.9903737306594849,0.6370308995246887
1789031185639338200,34.02033813476562,1.4604711532592773,0.80146723985672,0.5201331973075867
1789031185649345300,34.03034521484375,1.377929925918579,0.453063428401947,0.45483383536338806
1789031185659351300,34.04035131835938,1.1645866632461548,0.2477496862411499,0.41579633951187134
1789031185669358300,34.0503583984375,0.9152482748031616,0.26616597175598145,0.40175455808639526
1789031185679364400,34.0603642578125,0.73139888048172,0.35568204522132874,0.4215012788772583
1789031185689371400,34.07037133789063,0.6258831024169922,0.4206717014312744,0.3792521059513092
1789031185699377400,34.08037744140625,0.490681529045105,0.28244397044181824,0.323027104139328
1789031185709384400,34.090384521484374,0.2911742627620697,0.06850931793451309,0.29718512296676636
1789031185719390500,34.10039038085937,0.07901238650083542,-0.10125954449176788,0.29793986678123474
1789031185729397200,34.110397216796876,-0.11007525026798248,-0.1409102827310562,0.2835502624511719
1789031185739404500,34.120404541015624,-0.284196674823761,-0.15963314473628998,0.2616237998008728
1789031185749410300,34.13041040039062,-0.43056267499923706,-0.22071300446987152,0.22346867620944977
1789031185759417300,34.140417236328126,-0.5247706174850464,-0.29039227962493896,0.15418404340744019
1789031185769423400,34.15042333984375,-0.5726028680801392,-0.36138683557510376,0.059342484921216965
1789031185779430400,34.16043041992187,-0.6372242569923401,-0.4424353241920471,-0.030603483319282532
1789031185789436400,34.1704365234375,-0.7464756369590759,-0.38665008544921875,-0.07931935787200928
1789031185799443200,34.180443115234375,-0.866801381111145,-0.2432539463043213,-0.1283276528120041
1789031185809449500,34.190449462890626,-0.9902762174606323,-0.049600329250097275,-0.22592665255069733
1789031185819456300,34.20045629882812,-1.0951281785964966,0.1679554581642151,-0.38076040148735046
1789031185829462300,34.21046215820313,-1.2015092372894287,0.21173249185085297,-0.47409167885780334
1789031185839469300,34.22046923828125,-1.2828465700149536,0.2169157713651657,-0.5209236145019531
1789031185849475300,34.230475341796875,-1.3795477151870728,0.13941912353038788,-0.518246591091156
1789031185859482400,34.240482421875,-1.514404058456421,0.15265268087387085,-0.5575283169746399
1789031185869488000,34.25048803710938,-1.6170405149459839,0.19391490519046783,-0.6335509419441223
1789031185879495400,34.260495361328125,-1.6224143505096436,0.35124996304512024,-0.6574286818504333
1789031185889501400,34.27050146484375,-1.5965007543563843,0.5037969350814819,-0.6851977109909058
1789031185899508200,34.28050830078125,-1.576799988746643,0.44465380907058716,-0.7340991497039795
1789031185909514500,34.29051440429687,-1.522646427154541,0.21433806419372559,-0.794059693813324
1789031185919521300,34.300521240234374,-1.488432765007019,-0.04936017841100693,-0.765938401222229
1789031185929528300,34.3105283203125,-1.5029722452163696,-0.23056432604789734,-0.6892955899238586
1789031185939534300,34.32053442382813,-1.5220489501953125,-0.4343465268611908,-0.6142101287841797
1789031185949541400,34.330541259765624,-1.5374995470046997,-0.46079251170158386,-0.6496676802635193
1789031185959547400,34.34054736328125,-1.6095999479293823,-0.41751882433891296,-0.6913434267044067
1789031185969554400,34.35055444335938,-1.6819462776184082,-0.3966609537601471,-0.6507225036621094
1789031185979560400,34.360560546875,-1.7046407461166382,-0.5691807270050049,-0.5755403637886047
1789031185989567200,34.37056713867187,-1.690238118171692,-0.8596618175506592,-0.5294594764709473
1789031185999573200,34.3805732421875,-1.708540916442871,-1.104019045829773,-0.5236517786979675
1789031186009580300,34.39058032226563,-1.7641750574111938,-1.2507253885269165,-0.543936014175415
1789031186019586300,34.40058642578125,-1.7985939979553223,-1.2459622621536255,-0.5847436189651489
1789031186029593300,34.41059326171875,-1.8418104648590088,-1.132595419883728,-0.5602986812591553
1789031186039599400,34.420599365234374,-1.8331385850906372,-0.9115199446678162,-0.54659104347229
1789031186049606400,34.4306064453125,-1.7623040676116943,-0.7903128266334534,-0.6177133917808533
1789031186059612200,34.440612060546876,-1.6623245477676392,-0.7395057678222656,-0.7502447366714478
1789031186069619500,34.45061938476562,-1.6325633525848389,-0.746198296546936,-0.8500067591667175
1789031186079625500,34.46062548828125,-1.7026302814483643,-0.8828734159469604,-0.926335871219635
1789031186089632300,34.47063232421875,-1.7889976501464844,-1.0518666505813599,-0.9619854688644409
1789031186099638300,34.48063818359375,-1.8079372644424438,-1.081447720527649,-0.9375138878822327
1789031186109645300,34.49064526367187,-1.7518351078033447,-0.9529449343681335,-0.8719383478164673
1789031186119651300,34.5006513671875,-1.645190954208374,-0.9138728976249695,-0.7922751307487488
1789031186129658000,34.510658203125,-1.5291918516159058,-1.0782301425933838,-0.6788449883460999
1789031186139664400,34.520664306640626,-1.5035353899002075,-1.3842483758926392,-0.5208068490028381
1789031186149671400,34.53067138671875,-1.5727133750915527,-1.6507798433303833,-0.3866410255432129
1789031186159677200,34.54067724609375,-1.556613564491272,-1.5832523107528687,-0.46115902066230774
1789031186169684500,34.5506845703125,-1.4209460020065308,-1.3434282541275024,-0.5930861830711365
1789031186179691300,34.56069116210937,-1.2633768320083618,-1.0702019929885864,-0.6078259348869324
1789031186189697300,34.570697265625,-1.1102367639541626,-0.8391227126121521,-0.5064652562141418
1789031186199704300,34.580704345703126,-0.9369012713432312,-0.6680622100830078,-0.3579249680042267
1789031186209710300,34.59071044921875,-0.788892388343811,-0.6198874711990356,-0.29422616958618164
1789031186219717400,34.60071728515625,-0.6715579628944397,-0.4848204255104065,-0.36583611369132996
1789031186229723100,34.61072314453125,-0.5039108991622925,-0.19593937695026398,-0.47376471757888794
1789031186239730400,34.62073046875,-0.3519812822341919,0.0428779236972332,-0.4643380343914032
1789031186249736200,34.630736083984374,-0.14961034059524536,0.009765776805579662,-0.24014858901500702
1789031186259743200,34.6407431640625,-0.020338134840130806,-0.15724332630634308,-0.14982831478118896
1789031186269749500,34.65074951171875,0.014113049022853374,-0.3709595799446106,-0.07156173139810562
1789031186279756300,34.66075634765625,0.17044968903064728,-0.25883400440216064,-0.07828804850578308
1789031186289762300,34.67076220703125,0.3030138611793518,0.05486667528748512,-0.15894640982151031
1789031186299769300,34.68076928710938,0.5007104873657227,0.19381307065486908,-0.07648497074842453
1789031186309775400,34.690775390625,0.718629777431488,0.09327448159456253,0.12333040684461594
1789031186319782100,34.7007822265625,0.8680101037025452,-0.024040868505835533,0.2644989788532257
1789031186329788400,34.710788330078124,0.9842559695243835,-0.012807922437787056,0.29585662484169006
1789031186339795500,34.72079541015625,1.1563091278076172,0.5725702047348022,0.12352513521909714
1789031186349801200,34.73080126953125,1.2505519390106201,0.9536917209625244,0.012627912685275078
1789031186359808500,34.74080859375,1.310021996498108,0.9601569771766663,0.025371961295604706
1789031186369814300,34.75081420898437,1.3748440742492676,0.6703816652297974,0.13542842864990234
1789031186379821300,34.7608212890625,1.4004327058792114,0.0636911541223526,0.2873309552669525
1789031186389827300,34.77082739257813,1.4564940929412842,-0.24758310616016388,0.40559104084968567
1789031186399834400,34.78083447265625,1.6093441247940063,-0.09748387336730957,0.43684396147727966
1789031186409840400,34.79084033203125,1.745739221572876,0.20209406316280365,0.41897574067115784
1789031186419847200,34.80084716796875,1.7362396717071533,0.5436442494392395,0.40990936756134033
1789031186429853400,34.810853515625,1.8199188709259033,0.7492517232894897,0.3455735445022583
1789031186439860200,34.82086010742187,2.0000271797180176,0.7168580293655396,0.29450467228889465
1789031186449866200,34.8308662109375,2.1973934173583984,0.6626209020614624,0.28325626254081726
1789031186459873500,34.84087353515625,2.2815520763397217,0.4301287531852722,0.4092234969139099
1789031186469879300,34.85087939453125,2.2504994869232178,0.14735697209835052,0.6240010261535645
1789031186479886300,34.86088623046875,2.2411515712738037,0.03616466373205185,0.8236733675003052
1789031186489894000,34.87089379882813,2.2523791790008545,0.0760556161403656,0.9216494560241699
1789031186499900000,34.88089990234375,2.401270866394043,0.34636467695236206,0.8751120567321777
1789031186509907000,34.890906982421875,2.4991793632507324,0.546377420425415,0.7770875096321106
1789031186519913000,34.900912841796874,2.5261385440826416,0.641762375831604,0.753261148929596
1789031186529919700,34.91091967773438,2.551334857940674,0.4847078025341034,0.8891177773475647
1789031186539925800,34.92092578125,2.4977352619171143,0.08018029481172562,1.1419225931167603
1789031186549933000,34.93093310546875,2.4679694175720215,-0.1501951366662979,1.327538013458252
1789031186559938800,34.94093872070312,2.4212119579315186,-0.20549257099628448,1.4479926824569702
1789031186569945900,34.95094580078125,2.369131565093994,0.019801277667284012,1.478853464126587
1789031186579952000,34.9609521484375,2.371452808380127,0.41824591159820557,1.4346001148223877
1789031186589959000,34.970958984375,2.3815019130706787,0.790458619594574,1.359026312828064
1789031186599965000,34.98096484375,2.358619451522827,1.214869499206543,1.2082715034484863
1789031186609972000,34.99097192382813,2.2963616847991943,1.4319669008255005,1.1117433309555054
1789031186619978000,35.00097802734375,2.1615848541259766,1.2037678956985474,1.0673521757125854
1789031186629984800,35.01098486328125,1.8827835321426392,0.589006781578064,1.1157642602920532
1789031186639990800,35.02099072265625,1.5348010063171387,-0.10268999636173248,1.1660950183868408
1789031186649997800,35.030997802734376,1.2502784729003906,-0.26180320978164673,1.1009029150009155
1789031186660003800,35.04100390625,1.023118495941162,0.1409083902835846,0.8750982284545898
1789031186670011000,35.05101098632812,0.770004391670227,0.5520110130310059,0.5173794627189636
1789031186680017000,35.06101684570312,0.46331560611724854,0.3477765917778015,0.19657355546951294
1789031186690024000,35.07102392578125,0.23066826164722443,-0.1125987321138382,0.04678405821323395
1789031186700030000,35.081030029296876,0.1434357613325119,-0.427123486995697,0.08862318843603134
1789031186710037000,35.091037109375,0.030306808650493622,-0.39707237482070923,0.11042169481515884
1789031186720043000,35.10104296875,-0.21451336145401,-0.18511423468589783,0.0168678667396307
1789031186730049800,35.1110498046875,-0.46042004227638245,-0.10022598505020142,-0.15486741065979004
1789031186740055800,35.121055908203125,-0.6075298190116882,-0.10117281228303909,-0.28412720561027527
1789031186750062800,35.13106274414063,-0.6510820984840393,-0.1134561076760292,-0.31636902689933777
1789031186760068900,35.14106884765625,-0.6524174809455872,-0.20012912154197693,-0.277022123336792
1789031186770076000,35.151075927734375,-0.6485726237297058,-0.3166150152683258,-0.24485434591770172
1789031186780082000,35.16108203125,-0.6146091818809509,-0.28638750314712524,-0.2674606144428253
1789031186790089000,35.1710888671875,-0.5594282150268555,-0.20806418359279633,-0.293002188205719
1789031186800094700,35.1810947265625,-0.5415913462638855,-0.20084016025066376,-0.2613191306591034
1789031186810102000,35.19110205078125,-0.5574478507041931,-0.2500945031642914,-0.18134626746177673
1789031186820108000,35.20110791015625,-0.6362214684486389,-0.3442608714103699,-0.07733328640460968
1789031186830114800,35.21111474609375,-0.7252563238143921,-0.3123242259025574,0.01833491586148739
1789031186840121000,35.22112109375,-0.7334722280502319,-0.0877404659986496,0.049302224069833755
1789031186850128000,35.2311279296875,-0.7825800776481628,0.23358722031116486,0.029209470376372337
1789031186860134000,35.2411337890625,-0.9371843934059143,0.5118149518966675,-0.07030516117811203
1789031186870141000,35.25114086914063,-1.1423338651657104,0.4534728229045868,-0.16490861773490906
1789031186880148000,35.26114794921875,-1.2528350353240967,0.11436451971530914,-0.10849669575691223
1789031186890154000,35.271154052734374,-1.2889608144760132,-0.2828877568244934,0.047689978033304214
1789031186900161000,35.2811611328125,-1.3094569444656372,-0.642352819442749,0.15930381417274475
1789031186910167000,35.2911669921875,-1.3196357488632202,-0.8291069865226746,0.0889473706483841
1789031186920173800,35.301173828125,-1.3674430847167969,-0.7340982556343079,-0.1458284705877304
1789031186930179800,35.31117993164062,-1.5404130220413208,-0.4428562819957733,-0.4364973306655884
1789031186940187000,35.321186767578126,-1.8148449659347534,-0.27776363492012024,-0.6340231895446777
1789031186950193000,35.33119287109375,-1.9953010082244873,-0.29190847277641296,-0.7075858116149902
1789031186960200000,35.34119995117187,-2.0675699710845947,-0.3682442903518677,-0.6721314191818237
1789031186970206000,35.3512060546875,-2.0394747257232666,-0.4571853578090668,-0.594865083694458
1789031186980213000,35.361212890625,-1.9206631183624268,-0.500848650932312,-0.510714054107666
1789031186990218800,35.37121875,-1.8955268859863281,-0.40119504928588867,-0.4892233908176422
1789031187000226000,35.38122607421875,-1.9538371562957764,-0.24610066413879395,-0.4849197566509247
1789031187010232000,35.39123217773437,-2.0105016231536865,-0.21152032911777496,-0.4682110846042633
1789031187020238800,35.40123876953125,-2.037782907485962,-0.4926665425300598,-0.40585628151893616
1789031187030244900,35.411244873046876,-2.043063163757324,-0.8685302138328552,-0.3275982141494751
1789031187040252000,35.421251953125,-2.084632158279419,-1.1274210214614868,-0.25452369451522827
1789031187050258000,35.4312578125,-2.166057586669922,-1.1618897914886475,-0.20182053744792938
1789031187060264700,35.4412646484375,-2.230252265930176,-1.020844578742981,-0.2249787598848343
1789031187070271000,35.45127099609375,-2.2493736743927,-0.9454240798950195,-0.31411421298980713
1789031187080278000,35.46127807617187,-2.1565845012664795,-0.9761841297149658,-0.3793696165084839
1789031187090283800,35.47128369140625,-2.127939224243164,-1.1713452339172363,-0.28751319646835327
1789031187100291000,35.481291015625,-2.1453986167907715,-1.2676091194152832,-0.08676166832447052
1789031187110297000,35.491297119140626,-2.210556983947754,-1.50493323802948,0.08163746446371078
1789031187120303900,35.50130395507812,-2.293975353240967,-1.7638113498687744,0.14424994587898254
1789031187130310000,35.51130981445313,-2.364854335784912,-2.001739025115967,0.06231779232621193
1789031187140317000,35.52131689453125,-2.497609853744507,-2.1409103870391846,-0.07563895732164383
1789031187150323000,35.531322998046875,-2.45827054977417,-1.7595380544662476,-0.38866478204727173
1789031187160329700,35.54132983398438,-2.224304676055908,-0.9186533689498901,-0.6501081585884094
1789031187170336000,35.5513359375,-1.9537893533706665,0.416563481092453,-0.9206424355506897
1789031187180343000,35.561343017578125,-1.6605325937271118,1.434167742729187,-1.2115901708602905
1789031187190348800,35.571348876953124,-1.3014143705368042,1.4978049993515015,-1.1970229148864746
1789031187200356000,35.58135620117187,-1.0487165451049805,1.1185526847839355,-0.9803808927536011
1789031187210361900,35.59136181640625,-0.8437719941139221,0.8102153539657593,-0.7571781873703003
1789031187220369000,35.601368896484374,-0.74599689245224,0.21814846992492676,-0.7706124186515808
1789031187230375000,35.611375,-0.8842008113861084,0.028984148055315018,-0.7434812188148499
1789031187240382000,35.6213818359375,-0.8733711838722229,-0.21978320181369781,-0.44936418533325195
1789031187250388000,35.63138793945313,-0.640251636505127,-0.565384030342102,-0.20660002529621124
1789031187260394800,35.64139477539062,-0.2828397750854492,-0.3786122500896454,-0.15487727522850037
1789031187270401000,35.651401123046874,0.08550658077001572,0.013133705593645573,-0.13176743686199188
1789031187280407800,35.66140771484375,0.4553976356983185,0.4291190505027771,-0.2227983921766281
1789031187290413800,35.671413818359376,0.6669037342071533,0.593365490436554,-0.1397666335105896
1789031187300421000,35.681421142578124,0.9011216759681702,0.4195026457309723,0.03673781827092171
1789031187310427000,35.69142700195312,1.1127949953079224,0.10323312133550644,0.266317218542099
1789031187320434000,35.701433837890626,1.2442450523376465,-0.19847926497459412,0.549614429473877
1789031187330439700,35.711439697265625,1.3693302869796753,-0.3377399444580078,0.6768794655799866
1789031187340447000,35.72144702148437,1.5269893407821655,-0.20587952435016632,0.6379392147064209
1789031187350453000,35.73145288085937,1.655158519744873,0.20213139057159424,0.5078528523445129
1789031187360459800,35.741459716796875,1.6971402168273926,0.5850492715835571,0.39575985074043274
1789031187370466000,35.751466064453126,1.7275713682174683,0.7266508936882019,0.3126439154148102
1789031187380472800,35.76147290039062,1.7563471794128418,0.5340278148651123,0.382513165473938
1789031187390478800,35.77147875976563,1.7944010496139526,0.2518179714679718,0.5620844960212708
1789031187400486000,35.78148583984375,1.8011913299560547,0.03895263001322746,0.8121635913848877
1789031187410492000,35.791491943359375,1.8163894414901733,-0.05344068259000778,1.0379221439361572
1789031187420499000,35.8014990234375,1.95046865940094,0.12918658554553986,1.15668523311615
1789031187430504700,35.81150463867188,2.1538989543914795,0.40285515785217285,1.1683565378189087
1789031187440512000,35.821511962890625,2.3195242881774902,0.5584132671356201,1.1098204851150513
1789031187450518000,35.83151806640625,2.432206869125366,0.7088272571563721,1.041188359260559
1789031187460524800,35.84152490234375,2.5195958614349365,0.9317429661750793,0.9958860874176025
1789031187470531000,35.85153100585938,2.5951948165893555,1.2992181777954102,0.8685736656188965
1789031187480537900,35.861537841796874,2.6487627029418945,1.7047932147979736,0.710702121257782
1789031187490543600,35.87154370117187,2.647826671600342,1.8867605924606323,0.7168406844139099
1789031187500550700,35.881550537109376,2.610261917114258,1.576146125793457,0.9571729302406311
1789031187510556700,35.891556640625,2.592660903930664,1.1228762865066528,1.1392180919647217
1789031187520563700,35.90156372070312,2.5167129039764404,0.8477172255516052,1.2246545553207397
1789031187530569700,35.91156982421875,2.3716320991516113,0.931501567363739,1.2314597368240356
1789031187540576800,35.92157666015625,2.218092918395996,1.3786888122558594,1.1887248754501343
1789031187550582500,35.93158251953125,2.057856321334839,1.4277753829956055,1.1909230947494507
1789031187560589800,35.94158984375,1.947490930557251,0.9633426070213318,1.2574986219406128
1789031187570595800,35.95159594726562,1.8590446710586548,0.38686543703079224,1.284162998199463
1789031187580602600,35.9616025390625,1.7742960453033447,0.11851263791322708,1.221671462059021
1789031187590608600,35.971608642578126,1.7446348667144775,0.46908849477767944,1.0919651985168457
1789031187600615700,35.98161572265625,1.8621788024902344,0.9834527969360352,0.8423985838890076
1789031187610621700,35.99162158203125,1.9552136659622192,1.242634892463684,0.5959174633026123
1789031187620628500,36.00162841796875,1.9241816997528076,1.1274553537368774,0.5000723600387573
1789031187630634800,36.011634765625,1.7943906784057617,0.6862707734107971,0.6158245205879211
1789031187640641800,36.02164184570312,1.6099661588668823,0.2122829556465149,0.8380450010299683
1789031187650647600,36.0316474609375,1.2909021377563477,-0.1413044035434723,0.9762361645698547
1789031187660654800,36.04165478515625,0.9166718125343323,-0.13071225583553314,0.8919442892074585
1789031187670660600,36.05166064453125,0.6500957608222961,0.11775721609592438,0.6738876104354858
1789031187680667600,36.06166772460937,0.4613904356956482,0.25004008412361145,0.4951678514480591
1789031187690673700,36.07167358398438,0.3004787862300873,-0.002956998534500599,0.44733375310897827
1789031187700680700,36.0816806640625,0.14200545847415924,-0.4582602381706238,0.4263230562210083
1789031187710686700,36.091686767578125,-0.043679721653461456,-0.8289048671722412,0.3534086346626282
1789031187720693500,36.10169360351563,-0.2766261398792267,-0.9037310481071472,0.2805394232273102
1789031187730699800,36.11169970703125,-0.509457528591156,-0.5773633122444153,0.142591655254364
1789031187740706600,36.12170654296875,-0.7080363631248474,-0.09522909671068192,-0.0651264414191246
1789031187750712600,36.131712646484374,-0.8555582165718079,0.22360001504421234,-0.2830275893211365
1789031187760720000,36.14171997070312,-1.0224741697311401,0.18016602098941803,-0.4478406310081482
1789031187770725600,36.1517255859375,-1.1455357074737549,0.05173188075423241,-0.6117691397666931
1789031187780732700,36.161732666015624,-1.1799672842025757,0.007364377379417419,-0.7507352232933044
1789031187790739000,36.171739013671875,-1.1143131256103516,0.03413740172982216,-0.8128204345703125
1789031187800745700,36.18174584960938,-1.0119091272354126,0.1270313560962677,-0.8011359572410583
1789031187810751700,36.19175170898438,-0.920477032661438,0.25160470604896545,-0.7956692576408386
1789031187820758800,36.2017587890625,-0.8981087803840637,0.35467615723609924,-0.8344910144805908
1789031187830764800,36.211764892578124,-0.9289340376853943,0.6267876029014587,-0.889182984828949
1789031187840771600,36.221771484375,-1.0777558088302612,0.808821439743042,-0.8388963341712952
1789031187850777600,36.231777587890626,-1.3637678623199463,0.5110651254653931,-0.686194896697998
1789031187860785000,36.241784912109374,-1.5606985092163086,0.18685653805732727,-0.5608778595924377
1789031187870790700,36.25179077148437,-1.665351152420044,-0.012596119195222855,-0.4982168674468994
1789031187880797700,36.261797607421876,-1.6589328050613403,0.03188471123576164,-0.5221221446990967
1789031187890803700,36.2718037109375,-1.6241074800491333,0.01390064973384142,-0.6167027354240417
1789031187900810800,36.28181079101562,-1.6301214694976807,-0.2380576878786087,-0.7030372023582458
1789031187910816800,36.29181665039062,-1.6002415418624878,-0.6282920241355896,-0.7356481552124023
1789031187920823800,36.30182373046875,-1.508859395980835,-0.9068758487701416,-0.6470246911048889
1789031187930829800,36.311829833984376,-1.5184073448181152,-0.667812705039978,-0.4159410893917084
1789031187940836600,36.32183666992187,-1.5497475862503052,-0.37014928460121155,-0.24846704304218292
1789031187950842600,36.33184252929688,-1.6050240993499756,-0.419467031955719,-0.1912972331047058
1789031187960849700,36.341849609375,-1.57168447971344,-0.47225749492645264,-0.270854115486145
1789031187970855700,36.351855712890625,-1.4945363998413086,-0.6480056047439575,-0.35273805260658264
1789031187980862700,36.36186279296875,-1.4362255334854126,-0.8637306690216064,-0.4029349386692047
1789031187990868700,36.37186865234375,-1.4538301229476929,-1.075921893119812,-0.4176318645477295
1789031188000875800,36.381875732421875,-1.518856167793274,-1.1686447858810425,-0.3501087725162506
1789031188010881500,36.391881591796874,-1.5575065612792969,-0.9609768390655518,-0.28704938292503357
1789031188020888800,36.40188891601562,-1.5931777954101562,-0.7923635244369507,-0.23525261878967285
1789031188030894800,36.41189477539063,-1.653204083442688,-0.7693511247634888,-0.21042583882808685
1789031188040901600,36.421901611328124,-1.6978873014450073,-0.8666162490844727,-0.22153577208518982
1789031188050907600,36.43190771484375,-1.741260290145874,-1.0671887397766113,-0.27756816148757935
1789031188060914700,36.44191479492188,-1.7846879959106445,-1.09397554397583,-0.4067305624485016
1789031188070920700,36.45192065429688,-1.8388811349868774,-1.1387016773223877,-0.5587790012359619
1789031188080926700,36.4619267578125,-1.8958455324172974,-1.1974104642868042,-0.6682606935501099
1789031188090933800,36.471933837890624,-1.9171779155731201,-1.1232709884643555,-0.6941831111907959
1789031188100939800,36.481939697265624,-1.8799940347671509,-1.0705291032791138,-0.6426333785057068
1789031188110946600,36.49194653320313,-1.7696653604507446,-0.8840767741203308,-0.5874260067939758
1789031188120952600,36.50195263671875,-1.6024810075759888,-0.6395005583763123,-0.5646917819976807
1789031188130960000,36.5119599609375,-1.477480411529541,-0.42880696058273315,-0.6009637713432312
1789031188140965600,36.52196557617187,-1.4389287233352661,-0.308109313249588,-0.6377694010734558
1789031188150972700,36.53197265625,-1.4369484186172485,-0.32040005922317505,-0.6255092620849609
1789031188160978700,36.54197875976563,-1.4113160371780396,-0.3672957420349121,-0.5305189490318298
1789031188170985700,36.55198583984375,-1.377295732498169,-0.38596075773239136,-0.3944689929485321
1789031188180991700,36.56199169921875,-1.3903899192810059,-0.5406100749969482,-0.2780085504055023
1789031188190998800,36.57199877929688,-1.3409043550491333,-0.4238634705543518,-0.26105886697769165
1789031188201004800,36.5820048828125,-1.1440353393554688,-0.22008255124092102,-0.2687799334526062
1789031188211011600,36.59201147460937,-0.9191771745681763,0.10712167620658875,-0.31998586654663086
1789031188221017600,36.602017578125,-0.7816395163536072,0.2342902421951294,-0.39032432436943054
1789031188231024600,36.612024658203126,-0.5907974243164062,-0.028704630210995674,-0.3436817228794098
1789031188241030700,36.62203076171875,-0.35927239060401917,-0.1092052310705185,-0.17387835681438446
1789031188251037700,36.63203759765625,-0.08533298969268799,-0.06824847310781479,-0.06960415095090866
1789031188261043700,36.64204370117187,0.19646692276000977,-0.060557685792446136,-0.1293860226869583
1789031188271050800,36.65205078125,0.3866259455680847,-0.18381623923778534,-0.07944802194833755
1789031188281056800,36.662056884765626,0.4760650098323822,-0.31426963210105896,0.11117072403430939
1789031188291063800,36.67206372070312,0.5124203562736511,-0.29643815755844116,0.14791303873062134
1789031188301069800,36.68206982421875,0.6468306183815002,-0.3427406847476959,0.10756555199623108
1789031188311076600,36.69207666015625,0.7991477251052856,-0.3900272250175476,0.2223949283361435
1789031188321082600,36.70208251953125,0.8796809315681458,-0.2737427353858948,0.3392595946788788
1789031188331089700,36.71208959960938,0.9193649291992188,-0.11521700024604797,0.3257746994495392
1789031188341095700,36.722095703125,0.9093263745307922,0.17220711708068848,0.17909160256385803
1789031188351102500,36.7321025390625,0.936913251876831,0.554196298122406,0.03588944301009178
1789031188361108700,36.742108642578124,1.0291105508804321,0.8821043372154236,-0.040410008281469345
1789031188371115800,36.75211572265625,1.1382546424865723,0.994296669960022,-0.03039465844631195
1789031188381121500,36.76212158203125,1.2857186794281006,0.8412289023399353,0.07583504170179367
1789031188391128800,36.77212890625,1.4292657375335693,0.4523559510707855,0.23599036037921906
1789031188401134800,36.782134765625,1.5416711568832397,0.07781783491373062,0.43765556812286377
1789031188411141600,36.7921416015625,1.645634412765503,0.13683001697063446,0.5279989838600159
1789031188421148000,36.80214794921875,1.7850655317306519,0.49162784218788147,0.4500000476837158
1789031188431154700,36.81215478515625,1.9200263023376465,0.9945990443229675,0.29928165674209595
1789031188441160700,36.82216064453125,2.0107522010803223,1.3748581409454346,0.14717186987400055
1789031188451167700,36.83216772460938,2.0609028339385986,1.5114591121673584,0.15999525785446167
1789031188461173800,36.842173828125,2.0782976150512695,1.2609995603561401,0.2935117781162262
1789031188471180800,36.852180908203124,2.0745279788970947,0.7419112920761108,0.48725539445877075
1789031188481186600,36.8621865234375,2.081125497817993,0.5318853259086609,0.6226617693901062
1789031188491194000,36.87219409179688,2.0772933959960938,0.5212515592575073,0.7208631634712219
1789031188501200000,36.88219995117188,2.1169893741607666,0.5045968294143677,0.720737874507904
1789031188511207000,36.89220703125,2.223005533218384,0.4401474893093109,0.6951563954353333
1789031188521213000,36.902212890625,2.334089517593384,0.4209277331829071,0.6692224144935608
1789031188531219000,36.91221899414062,2.4189765453338623,0.6255245804786682,0.6763812303543091
1789031188541226000,36.92222607421875,2.339857578277588,0.5298236608505249,0.8315166234970093
1789031188551231700,36.932231689453126,2.2893385887145996,0.31596648693084717,0.9853708744049072
1789031188561239000,36.94223901367187,2.321169376373291,0.17068669199943542,1.0963143110275269
1789031188571245000,36.9522451171875,2.4457578659057617,0.3570491075515747,1.0648342370986938
1789031188581251800,36.962251953125,2.648715019226074,0.7956993579864502,0.8468357920646667
1789031188591257900,36.9722578125,2.6787495613098145,1.0048139095306396,0.6420048475265503
1789031188601265000,36.98226489257812,2.4615283012390137,0.8393943309783936,0.6495705246925354
1789031188611271000,36.99227099609375,2.2715413570404053,0.6606938242912292,0.7604549527168274
1789031188621277700,37.002277587890624,2.0859057903289795,0.4976519048213959,0.9188302755355835
1789031188631284000,37.012283935546876,1.9343106746673584,0.402969092130661,1.0127171277999878
1789031188641291000,37.022291015625,1.794745683670044,0.4511288106441498,0.9539604187011719
1789031188651296800,37.032296875,1.6156712770462036,0.4793631136417389,0.8580618500709534
1789031188661304000,37.042303955078125,1.3955590724945068,0.5281111598014832,0.7660781145095825
1789031188671309800,37.052309814453125,1.1639841794967651,0.5320859551429749,0.7178799510002136
1789031188681316900,37.06231689453125,0.9335927367210388,0.26587730646133423,0.7383968234062195
1789031188691323000,37.07232299804687,0.723567545413971,-0.13116776943206787,0.7821051478385925
1789031188701330000,37.082329833984375,0.5168502330780029,-0.46885040402412415,0.8462034463882446
1789031188711336000,37.0923359375,0.320928156375885,-0.4915008544921875,0.7831794619560242
1789031188721342700,37.1023427734375,0.12092848122119904,-0.3462602198123932,0.5519895553588867
1789031188731349000,37.11234887695313,-0.09699772298336029,-0.27857518196105957,0.27333661913871765
1789031188741355800,37.122355712890624,-0.29702478647232056,-0.261172354221344,0.08012983947992325
1789031188751361800,37.13236181640625,-0.45184871554374695,-0.20112286508083344,-0.030086949467658997
1789031188761369000,37.142369140625,-0.5896674990653992,-0.1207638755440712,-0.12563194334506989
1789031188771374800,37.15237475585938,-0.6909787058830261,0.026988836005330086,-0.27549758553504944
1789031188781382000,37.1623818359375,-0.801034152507782,0.14434833824634552,-0.498205304145813
1789031188791388000,37.172387939453124,-0.9169895648956299,0.14660164713859558,-0.6921796202659607
1789031188801395000,37.18239501953125,-0.9908292889595032,0.10699474811553955,-0.734336256980896
1789031188811401000,37.19240087890625,-1.0420418977737427,0.030943388119339943,-0.5889481902122498
1789031188821407700,37.20240771484375,-1.0907715559005737,0.010209554806351662,-0.3977970480918884
1789031188831414000,37.2124140625,-1.1033557653427124,-0.06007499620318413,-0.31342652440071106
1789031188841420000,37.222419921875,-1.0398210287094116,0.034215252846479416,-0.33373725414276123
1789031188851426800,37.2324267578125,-0.9643251299858093,0.20871834456920624,-0.3794994056224823
1789031188861433000,37.24243310546875,-0.9457212686538696,0.39678478240966797,-0.39689236879348755
1789031188871440000,37.25243994140625,-1.0024728775024414,0.4342735707759857,-0.364018052816391
1789031188881446000,37.26244580078125,-1.1338094472885132,0.27226176857948303,-0.3352831304073334
1789031188891453000,37.272452880859376,-1.253748893737793,-0.08198364824056625,-0.3233354091644287
1789031188901459000,37.282458984375,-1.3359586000442505,-0.43281322717666626,-0.22573843598365784
1789031188911466000,37.29246606445312,-1.351407527923584,-0.6495724320411682,-0.0840580016374588
1789031188921471700,37.3024716796875,-1.3594506978988647,-0.8241220116615295,-0.00946027785539627
1789031188931479000,37.31247900390625,-1.3894919157028198,-0.9131104946136475,-0.06731531769037247
1789031188941485000,37.322485107421876,-1.4031097888946533,-0.8022470474243164,-0.22715617716312408
1789031188951491800,37.33249194335937,-1.418886661529541,-0.5845975279808044,-0.4271678328514099
1789031188961498000,37.342498046875,-1.4897139072418213,-0.4732910394668579,-0.6580721735954285
1789031188971505000,37.3525048828125,-1.61436927318573,-0.4824320673942566,-0.8882055282592773
1789031188981511000,37.362510986328125,-1.769613265991211,-0.6061475276947021,-0.9249541163444519
1789031188991518000,37.37251806640625,-1.8559013605117798,-0.6616312861442566,-0.7672004103660583
1789031189001524000,37.38252392578125,-1.8467917442321777,-0.5510066151618958,-0.5590372681617737
1789031189011530800,37.39253076171875,-1.7949578762054443,-0.3452250063419342,-0.5013608932495117
1789031189021536800,37.402536865234374,-1.8374539613723755,-0.10643193870782852,-0.6624091863632202
1789031189031544000,37.4125439453125,-1.9893488883972168,-0.13783487677574158,-0.8908612728118896
1789031189041549800,37.4225498046875,-2.1095492839813232,-0.3485569357872009,-0.9829571843147278
1789031189051556900,37.432556884765624,-2.089430570602417,-0.5573575496673584,-0.8210939764976501
1789031189061563100,37.442563232421875,-1.98496675491333,-0.7418186664581299,-0.5034730434417725
1789031189071569000,37.45256884765625,-1.8449678421020508,-0.7614464163780212,-0.3291792571544647
1789031189081576000,37.46257592773438,-1.736564040184021,-0.7862309217453003,-0.3582508862018585
1789031189091581700,37.47258178710938,-1.7197281122207642,-0.7923455834388733,-0.49846208095550537
1789031189101589000,37.482589111328124,-1.762742519378662,-0.7763038873672485,-0.6147623062133789
1789031189111595000,37.492594970703124,-1.8133612871170044,-0.8639740347862244,-0.5885544419288635
1789031189121601800,37.50260180664063,-1.8096274137496948,-0.9730807542800903,-0.36730948090553284
1789031189131608000,37.51260815429688,-1.7059098482131958,-0.9978271126747131,-0.05381147935986519
1789031189141614800,37.52261474609375,-1.5916718244552612,-1.0884259939193726,0.1063639223575592
1789031189151620900,37.53262084960937,-1.5166574716567993,-1.0410046577453613,0.10817141085863113
1789031189161628000,37.5426279296875,-1.4613142013549805,-1.0405936241149902,0.031991079449653625
1789031189171634000,37.55263403320313,-1.4561541080474854,-1.2724648714065552,-0.08178821206092834
1789031189181641000,37.56264086914062,-1.4649169445037842,-1.2778429985046387,-0.2061028629541397
1789031189191646700,37.57264672851562,-1.4573363065719604,-0.9366616606712341,-0.2723785638809204
1789031189201654000,37.58265405273438,-1.4041671752929688,-0.38906681537628174,-0.3223719596862793
1789031189211660000,37.592659912109376,-1.2731164693832397,-0.07408623397350311,-0.35859575867652893
1789031189221666800,37.60266674804687,-1.000454068183899,-0.18024276196956635,-0.36248964071273804
1789031189231673000,37.61267309570312,-0.7948170304298401,-0.42613962292671204,-0.35363543033599854
1789031189241680000,37.622679931640626,-0.662862241268158,-0.5515304803848267,-0.3419507145881653
1789031189251686000,37.632685791015625,-0.5298123359680176,-0.48353761434555054,-0.3073272109031677
1789031189261693000,37.64269287109375,-0.3804801404476166,-0.09096411615610123,-0.39743176102638245
1789031189271699000,37.65269897460937,-0.1483827382326126,0.354717493057251,-0.5693617463111877
1789031189281705000,37.662705078125,0.03911278769373894,0.40926995873451233,-0.535676896572113
1789031189291711700,37.672711669921874,0.23410464823246002,0.48213350772857666,-0.37815970182418823
1789031189301718000,37.682718017578125,0.40164604783058167,0.410996675491333,-0.18603073060512543
1789031189311724800,37.69272485351563,0.49653127789497375,0.19249068200588226,-0.10996205359697342
1789031189321730800,37.70273071289063,0.5125138163566589,0.027734115719795227,-0.1007719486951828
1789031189331738000,37.712738037109375,0.5139636397361755,0.10119741410017014,-0.1113596186041832
1789031189341743900,37.722743896484374,0.6020524501800537,0.3396182954311371,-0.16668449342250824
1789031189351751000,37.7327509765625,0.7830435633659363,0.6448149681091309,-0.22173044085502625
1789031189361757000,37.7427568359375,1.0631523132324219,0.8315662145614624,-0.2244773507118225
1789031189371764000,37.752763916015624,1.3222746849060059,0.9051773548126221,-0.13431522250175476
1789031189381770000,37.76277001953125,1.5068764686584473,0.8168430924415588,0.050451766699552536
1789031189391776800,37.77277685546875,1.7086961269378662,0.7442144751548767,0.17725339531898499
1789031189401783000,37.78278295898438,1.911456823348999,0.6996508836746216,0.2520788013935089
1789031189411789800,37.79278979492187,2.125430107116699,0.866319477558136,0.2767828404903412
1789031189421795800,37.8027958984375,2.258608102798462,0.8309374451637268,0.34935545921325684
1789031189431803000,37.81280297851563,2.3303377628326416,0.5897495746612549,0.4729181230068207
1789031189441809000,37.822808837890626,2.3131327629089355,0.27771180868148804,0.6586888432502747
1789031189451816000,37.83281591796875,2.227104663848877,0.0575895719230175,0.8318166732788086
1789031189461821700,37.84282177734375,2.1503477096557617,0.154940664768219,0.8534238934516907
1789031189471828000,37.85282788085937,2.0606417655944824,0.4437146484851837,0.8007236123085022
1789031189481835000,37.8628349609375,1.9699084758758545,0.6833900213241577,0.729592502117157
1789031189491840300,37.87284033203125,1.9781956672668457,0.948238730430603,0.6454765200614929
1789031189501847300,37.88284741210938,2.0903260707855225,1.079726219177246,0.6133992671966553
1789031189511853300,37.89285327148438,2.2109763622283936,0.9540412425994873,0.6304810643196106
1789031189521860400,37.9028603515625,2.261986494064331,0.704540491104126,0.714795708656311
1789031189531866400,37.912866455078124,2.25260066986084,0.43251246213912964,0.820160984992981
1789031189541873200,37.922873046875,2.279097318649292,0.357078492641449,0.8718760013580322
1789031189551879400,37.93287939453125,2.327366352081299,0.47537529468536377,0.8780105710029602
1789031189561886200,37.94288623046875,2.2861108779907227,0.5765827894210815,0.8782796859741211
1789031189571892200,37.95289233398437,2.1797566413879395,0.562127947807312,0.9190486669540405
1789031189581899500,37.9628994140625,2.053408622741699,0.43716201186180115,1.0199685096740723
1789031189591905300,37.9729052734375,1.983124852180481,0.39357513189315796,1.1214054822921753
1789031189601912300,37.98291235351562,1.9777750968933105,0.5153324007987976,1.1200907230377197
1789031189611918300,37.99291845703125,2.002436399459839,0.6107276678085327,0.9992691874504089
1789031189621925400,38.00292529296875,1.9548660516738892,0.767032265663147,0.7755457758903503
1789031189631931400,38.012931396484376,1.843493938446045,0.8984091877937317,0.6516035795211792
1789031189641938200,38.02293823242187,1.7455198764801025,0.8362065553665161,0.5805919766426086
1789031189651944400,38.0329443359375,1.64207923412323,0.7050045728683472,0.5258280634880066
1789031189661950500,38.04295043945312,1.4770926237106323,0.47385314106941223,0.5096753835678101
1789031189671957200,38.052957275390625,1.2566012144088745,0.19289207458496094,0.5250668525695801
1789031189681963300,38.06296337890625,1.0029867887496948,0.006269405595958233,0.5403255820274353
1789031189691970300,38.07297021484375,0.7347173094749451,-0.10096463561058044,0.5517548322677612
1789031189701976300,38.08297631835938,0.506992518901825,0.022591937333345413,0.47491350769996643
1789031189711983000,38.092983154296874,0.3236849904060364,0.029879944398999214,0.31399890780448914
1789031189721989400,38.1029892578125,0.128481924533844,-0.14702369272708893,0.20021897554397583
1789031189731996400,38.11299633789063,-0.050164252519607544,-0.3583228886127472,0.15207861363887787
1789031189742002200,38.12300219726563,-0.19910384714603424,-0.4056635797023773,0.1063510850071907
1789031189752009500,38.133009521484375,-0.2918252646923065,-0.17717315256595612,-0.008074561133980751
1789031189762015200,38.14301513671875,-0.3654816448688507,0.057856105268001556,-0.13974285125732422
1789031189772022300,38.15302221679688,-0.46084171533584595,0.18890653550624847,-0.25071996450424194
1789031189782028300,38.1630283203125,-0.5640837550163269,0.20317184925079346,-0.34351250529289246
1789031189792035300,38.173035400390624,-0.6945035457611084,0.09558413177728653,-0.4256491959095001
1789031189802041300,38.18304125976562,-0.8231044411659241,0.04478277638554573,-0.46149513125419617
1789031189812047400,38.19304736328125,-0.9054200649261475,0.032111190259456635,-0.46454471349716187
1789031189822054400,38.20305444335938,-0.9853625297546387,0.08950387686491013,-0.44724521040916443
1789031189832060400,38.21306030273438,-1.1041277647018433,0.1288241147994995,-0.3841261863708496
1789031189842067200,38.22306713867187,-1.2444353103637695,0.10318826884031296,-0.330227255821228
1789031189852073200,38.2330732421875,-1.2928327322006226,0.09543660283088684,-0.36375460028648376
1789031189862080300,38.24308032226563,-1.232937216758728,0.017204638570547104,-0.4258100390434265
1789031189872086300,38.253086181640626,-1.2102718353271484,-0.14474698901176453,-0.46590474247932434
1789031189882093300,38.26309326171875,-1.2784326076507568,-0.33585023880004883,-0.4829898178577423
1789031189892099300,38.27309936523437,-1.3366682529449463,-0.472801148891449,-0.5067814588546753
1789031189902106400,38.2831064453125,-1.3178114891052246,-0.46020910143852234,-0.5153833031654358
1789031189912112000,38.293112060546875,-1.2811371088027954,-0.25545382499694824,-0.4423469305038452
1789031189922119400,38.30311938476562,-1.2805405855178833,-0.08226573467254639,-0.320607990026474
1789031189932125400,38.31312548828125,-1.3749595880508423,-0.18031160533428192,-0.24090756475925446
1789031189942132200,38.32313232421875,-1.5272830724716187,-0.35653311014175415,-0.2886376976966858
1789031189952138200,38.33313818359375,-1.6770073175430298,-0.4473647475242615,-0.39926382899284363
1789031189962145300,38.34314526367187,-1.829906702041626,-0.4916806221008301,-0.5297840237617493
1789031189972151300,38.3531513671875,-1.9215209484100342,-0.6164361834526062,-0.6713132262229919
1789031189982157300,38.3631572265625,-1.9439798593521118,-0.7698812484741211,-0.640761137008667
1789031189992164400,38.373164306640625,-1.9543064832687378,-0.89937824010849,-0.5041289925575256
1789031190002170400,38.38317041015625,-1.9537739753723145,-0.8863618969917297,-0.44616714119911194
1789031190012177200,38.39317724609375,-1.8823983669281006,-0.6339733004570007,-0.5047931671142578
1789031190022183200,38.40318310546875,-1.7627429962158203,-0.34342893958091736,-0.6473268866539001
1789031190032190200,38.413190185546874,-1.7259865999221802,-0.25586846470832825,-0.7396370768547058
1789031190042196200,38.4231962890625,-1.8236942291259766,-0.34581172466278076,-0.6600193977355957
1789031190052203300,38.43320336914063,-1.7935091257095337,-0.5090419054031372,-0.4930199980735779
1789031190062209300,38.44320922851563,-1.7036454677581787,-0.5542182922363281,-0.4248540699481964
1789031190072216300,38.45321630859375,-1.737711787223816,-0.7740782499313354,-0.4744141697883606
1789031190082222300,38.463222412109374,-1.9395647048950195,-1.104435920715332,-0.6751090288162231
1789031190092229400,38.4732294921875,-2.16719388961792,-1.3432918787002563,-0.9308388233184814
1789031190102235400,38.4832353515625,-2.199568510055542,-1.2573750019073486,-0.9819912910461426
1789031190112241200,38.4932412109375,-2.0433127880096436,-0.9901110529899597,-0.6739251017570496
1789031190122248200,38.50324829101562,-1.870102882385254,-0.7958812117576599,-0.289266437292099
1789031190132254500,38.51325439453125,-1.7515932321548462,-0.9450584650039673,-0.033442120999097824
1789031190142261200,38.52326123046875,-1.6989573240280151,-1.3143072128295898,0.10878829658031464
1789031190152267300,38.53326733398438,-1.7215574979782104,-1.5581576824188232,0.05874829739332199
1789031190162274300,38.5432744140625,-1.711667537689209,-1.8408516645431519,-0.05239677429199219
1789031190172280300,38.5532802734375,-1.6388801336288452,-1.4398828744888306,-0.21369005739688873
1789031190182287000,38.563287109375,-1.4599806070327759,-0.8853274583816528,-0.38071614503860474
1789031190192293400,38.57329345703125,-1.2458839416503906,-0.5579557418823242,-0.47144418954849243
1789031190202300400,38.58330053710937,-1.0176829099655151,0.03344402834773064,-0.6328547596931458
1789031190212306200,38.59330615234375,-0.7821598649024963,0.19106881320476532,-0.6101505160331726
1789031190222313500,38.6033134765625,-0.5610154271125793,0.1947212517261505,-0.44446641206741333
1789031190232319200,38.6133193359375,-0.3769899308681488,-0.01251928973942995,-0.2892208993434906
1789031190242326300,38.623326171875,-0.2474408894777298,-0.4070685803890228,-0.11041624844074249
1789031190252332300,38.63333227539062,-0.3167613744735718,-0.602179765701294,0.05732135474681854
1789031190262338300,38.64333837890625,-0.28539377450942993,-0.6633680462837219,0.06383056193590164
1789031190272345300,38.653345458984376,-0.19054611027240753,-0.5636107921600342,-0.04300534352660179
1789031190282351400,38.663351318359375,-0.03987431153655052,-0.18199394643306732,-0.09124824404716492
1789031190292358400,38.6733583984375,0.09139689058065414,0.14319559931755066,-0.13196663558483124
1789031190302364400,38.68336450195312,0.31369635462760925,0.41914165019989014,-0.29401418566703796
1789031190312371200,38.69337109375,0.494124174118042,0.3645037114620209,-0.24922458827495575
1789031190322377200,38.703377197265624,0.6614764332771301,0.7439119815826416,-0.19052132964134216
1789031190332384300,38.71338427734375,0.8398312330245972,1.0904533863067627,-0.07722460478544235
1789031190342390300,38.72339038085938,1.0458747148513794,0.8637299537658691,0.10196864604949951
1789031190352397300,38.733397216796874,1.1679564714431763,0.6945158839225769,0.1533902883529663
1789031190362403300,38.7434033203125,1.2512387037277222,0.5301643013954163,0.16263507306575775
1789031190372410400,38.75341040039063,1.331423282623291,0.5296210050582886,0.19478155672550201
1789031190382416100,38.763416015625,1.4110852479934692,0.47677457332611084,0.2873826324939728
1789031190392422100,38.773422119140626,1.4530308246612549,0.42751434445381165,0.4059292674064636
1789031190402429400,38.783429443359374,1.4709992408752441,0.3458411693572998,0.48002126812934875
1789031190412435200,38.79343530273437,1.541679859161377,0.44437921047210693,0.4909745752811432
1789031190422442200,38.803442138671876,1.6697969436645508,0.8024026155471802,0.48420450091362
1789031190432448500,38.81344848632813,1.847313642501831,1.0621029138565063,0.4653264284133911
1789031190442455300,38.82345532226562,2.0369973182678223,1.1980401277542114,0.45699214935302734
1789031190452461300,38.83346142578125,2.197052478790283,1.2687253952026367,0.5026102066040039
1789031190462468400,38.84346826171875,2.3076956272125244,1.019270658493042,0.6127464771270752
1789031190472474400,38.853474365234376,2.363114356994629,0.7261961698532104,0.6739121079444885
1789031190482481200,38.86348120117187,2.3631675243377686,0.6035247445106506,0.6976597309112549
1789031190492487400,38.8734873046875,2.393033027648926,0.7280371189117432,0.719688355922699
1789031190502494200,38.883494140625,2.434192419052124,0.8754834532737732,0.7745546102523804
1789031190512500200,38.893500244140625,2.4705724716186523,0.85765540599823,0.779443621635437
1789031190522506200,38.90350634765625,2.4806735515594482,0.7779203653335571,0.7754061222076416
1789031190532513300,38.91351318359375,2.447283983230591,0.7054280638694763,0.8540953397750854
1789031190542519300,38.92351928710937,2.4198718070983887,0.7389678955078125,0.9882413148880005
1789031190552526300,38.9335263671875,2.4477949142456055,0.9028215408325195,1.034451961517334
1789031190562532400,38.943532470703126,2.4418764114379883,1.085950255393982,1.007128119468689
1789031190572539400,38.95353930664062,2.2974560260772705,1.1454365253448486,0.9274052977561951
1789031190582545400,38.96354541015625,2.1511878967285156,1.0148340463638306,0.8186588287353516
1789031190592552400,38.973552490234376,2.0163979530334473,0.4999297261238098,0.881556510925293
1789031190602558500,38.983558349609375,2.015146017074585,0.20295053720474243,0.911404550075531
1789031190612565200,38.99356518554688,1.9899886846542358,0.1662263423204422,0.9076926708221436
1789031190622571300,39.0035712890625,1.9467802047729492,0.13808844983577728,0.8660759925842285
1789031190632577500,39.01357763671875,1.90465247631073,0.2350967526435852,0.7823368906974792
1789031190642584300,39.023584228515624,1.7202227115631104,0.16344812512397766,0.7430147528648376
1789031190652590300,39.03359033203125,1.464449167251587,0.2656421661376953,0.7112142443656921
1789031190662597400,39.04359741210938,1.2211545705795288,0.4486611485481262,0.6461448073387146
1789031190672603400,39.05360327148438,0.9776959419250488,0.351431280374527,0.5836776494979858
1789031190682610200,39.06361010742187,0.8041590452194214,0.2642662525177002,0.496372789144516
1789031190692616200,39.0736162109375,0.6329361796379089,0.02207118459045887,0.4411225914955139
1789031190702623500,39.08362353515625,0.45743364095687866,-0.2683689296245575,0.44865891337394714
1789031190712629200,39.093629150390626,0.311565637588501,-0.41133913397789,0.4648645222187042
1789031190722636300,39.10363623046875,0.13732101023197174,-0.4243636727333069,0.41979649662971497
1789031190732642300,39.11364233398437,-0.06575833261013031,-0.3491820991039276,0.3082398772239685
1789031190742649300,39.1236494140625,-0.2788534164428711,-0.3027578294277191,0.17501011490821838
1789031190752655400,39.1336552734375,-0.49030786752700806,-0.39171138405799866,0.05188046023249626
1789031190762661000,39.1436611328125,-0.6200985908508301,-0.33723804354667664,-0.056746892631053925
1789031190772668400,39.15366845703125,-0.7443121671676636,-0.29339760541915894,-0.17581549286842346
1789031190782674400,39.16367431640625,-0.8336495757102966,-0.12551210820674896,-0.32914409041404724
1789031190792681200,39.17368115234375,-0.8836552500724792,0.056399375200271606,-0.4810904860496521
1789031190802687500,39.1836875,-0.9437294602394104,0.08747125416994095,-0.5781370997428894
1789031190812694300,39.1936943359375,-0.9991564750671387,0.15302176773548126,-0.6187471151351929
1789031190822700300,39.2037001953125,-1.063668966293335,0.20150353014469147,-0.6063995361328125
1789031190832707300,39.213707275390625,-1.1108306646347046,0.29778239130973816,-0.6289770007133484
1789031190842713300,39.22371337890625,-1.1476422548294067,0.321209579706192,-0.6959046125411987
1789031190852720400,39.23372045898437,-1.1922640800476074,0.32703229784965515,-0.7498607635498047
1789031190862726100,39.24372607421875,-1.2725948095321655,0.39041683077812195,-0.7739508748054504
1789031190872732400,39.253732421875,-1.3779710531234741,0.3764549493789673,-0.7502127885818481
1789031190882739200,39.2637392578125,-1.4902687072753906,0.20676147937774658,-0.7090968489646912
1789031190892745200,39.2737451171875,-1.5840644836425781,-0.03548390790820122,-0.6702637076377869
1789031190902752500,39.28375244140625,-1.6578190326690674,-0.30488669872283936,-0.5844696164131165
1789031190912758300,39.29375830078125,-1.6357015371322632,-0.3457326889038086,-0.4947966933250427
1789031190922765300,39.303765380859375,-1.5547977685928345,-0.3371509313583374,-0.3874220550060272
1789031190932771300,39.313771240234374,-1.502297282218933,-0.3429321050643921,-0.35443028807640076
1789031190942778400,39.3237783203125,-1.4862570762634277,-0.40856796503067017,-0.4178217053413391
1789031190952784400,39.33378442382813,-1.4859156608581543,-0.49871090054512024,-0.4777122139930725
1789031190962791400,39.34379150390625,-1.4682469367980957,-0.5720550417900085,-0.5053106546401978
1789031190972797400,39.35379736328125,-1.4568612575531006,-0.7106481194496155,-0.4535382390022278
1789031190982803500,39.363803466796874,-1.4486562013626099,-0.8075171709060669,-0.39948901534080505
1789031190992810200,39.37381030273438,-1.4285306930541992,-0.7829660177230835,-0.3918185532093048
1789031191002816500,39.38381640625,-1.3639518022537231,-0.6904199123382568,-0.46023809909820557
1789031191012823300,39.3938232421875,-1.318847417831421,-0.6321526169776917,-0.5714130997657776
1789031191022829300,39.40382934570312,-1.3229137659072876,-0.6711933612823486,-0.6313724517822266
1789031191032836400,39.41383642578125,-1.3769500255584717,-0.8027883768081665,-0.6471370458602905
1789031191042842400,39.42384228515625,-1.4955337047576904,-1.04634690284729,-0.6107960343360901
1789031191052849400,39.43384936523437,-1.6243436336517334,-1.2883498668670654,-0.5534315705299377
1789031191062855200,39.44385522460937,-1.742114782333374,-1.5195685625076294,-0.5014323592185974
1789031191072862500,39.45386254882813,-1.8116365671157837,-1.4474868774414062,-0.5486065149307251
1789031191082868200,39.4638681640625,-1.8669323921203613,-1.282111644744873,-0.6663436889648438
1789031191092874200,39.473874267578125,-1.9209015369415283,-1.1246339082717896,-0.7776678204536438
1789031191102881500,39.48388159179687,-1.9306044578552246,-0.9981028437614441,-0.7776527404785156
1789031191112887300,39.49388720703125,-1.8830095529556274,-0.914139449596405,-0.6802910566329956
1789031191122894300,39.503894287109375,-1.7934774160385132,-0.6521891355514526,-0.5901946425437927
1789031191132900400,39.513900390625,-1.6914517879486084,-0.5597406625747681,-0.5898585319519043
1789031191142907400,39.52390747070312,-1.6395936012268066,-0.6925719380378723,-0.6377502083778381
1789031191152913400,39.53391333007813,-1.6162453889846802,-0.8370676040649414,-0.5653966665267944
1789031191162920200,39.543920166015624,-1.5737431049346924,-0.9028408527374268,-0.40665265917778015
1789031191172926500,39.553926513671875,-1.49583101272583,-0.891247034072876,-0.2729926109313965
1789031191182932500,39.563932373046875,-1.4390217065811157,-0.8398743271827698,-0.2028113156557083
1789031191192939300,39.57393920898438,-1.4097630977630615,-0.5991501212120056,-0.27539920806884766
1789031191202945300,39.5839453125,-1.3441423177719116,-0.28904470801353455,-0.410144567489624
1789031191212952300,39.593952392578124,-1.198353886604309,-0.11607158929109573,-0.4812784194946289
1789031191222958300,39.603958251953124,-1.0185075998306274,-0.08665790408849716,-0.420933336019516
1789031191232965000,39.61396508789063,-0.8110291957855225,-0.12694674730300903,-0.3093860149383545
1789031191242971400,39.62397143554688,-0.7141221761703491,-0.30152544379234314,-0.21052007377147675
1789031191252978400,39.633978515625,-0.6254830956459045,-0.3363289535045624,-0.12153960019350052
1789031191262984200,39.64398413085937,-0.49285563826560974,-0.11867566406726837,-0.08692379295825958
1789031191272990200,39.653990234375,-0.34015530347824097,-0.06411255151033401,-0.08077455312013626
1789031191282997200,39.66399731445313,-0.17088882625102997,-0.14629840850830078,-0.05799984559416771
1789031191293003300,39.674003173828126,-0.011745518073439598,0.10308397561311722,-0.06378690153360367
1789031191303010300,39.68401025390625,0.21642890572547913,0.5003606677055359,-0.03422093763947487
1789031191313016300,39.69401635742187,0.44619816541671753,0.8155950903892517,-0.005913665052503347
1789031191323023400,39.7040234375,0.6521339416503906,0.8006771206855774,0.1545235961675644
1789031191333029400,39.714029296875,0.8379413485527039,0.6536706686019897,0.22498683631420135
1789031191343036400,39.72403637695312,0.992391049861908,0.5120632648468018,0.24445225298404694
1789031191353042400,39.73404248046875,1.0924838781356812,0.5166460275650024,0.19602853059768677
1789031191363049200,39.74404931640625,1.136141300201416,0.6973510384559631,0.08245224505662918
1789031191373055200,39.75405517578125,1.2630021572113037,0.8661514520645142,0.027466218918561935
1789031191383061500,39.7640615234375,1.4213953018188477,0.801120936870575,0.11898571252822876
1789031191393068300,39.774068359375,1.5392926931381226,0.5257921814918518,0.26875707507133484
1789031191403074300,39.78407421875,1.6422231197357178,0.26858824491500854,0.37977132201194763
1789031191413081300,39.794081298828125,1.7383568286895752,0.30260562896728516,0.4147713780403137
1789031191423087400,39.80408740234375,1.840433120727539,0.42817217111587524,0.40832769870758057
1789031191433094100,39.81409423828125,1.9072864055633545,0.46233069896698,0.4268702268600464
1789031191443100200,39.82410009765625,1.9627513885498047,0.44447410106658936,0.48940661549568176
1789031191453107500,39.834107421875,1.9653871059417725,0.1552920788526535,0.6446486711502075
1789031191463113200,39.84411328125,2.002869129180908,0.0390143021941185,0.7980995178222656
1789031191473119200,39.854119140625,2.1862881183624268,0.35212162137031555,0.870396614074707
1789031191483126500,39.86412646484375,2.3702762126922607,0.6791019439697266,0.8761179447174072
1789031191493133000,39.87413305664062,2.5240657329559326,1.073731780052185,0.7864066958427429
1789031191503140000,39.88414013671875,2.583253860473633,1.220333218574524,0.7400785684585571
1789031191513146000,39.89414599609375,2.588671922683716,1.1099380254745483,0.7672454714775085
1789031191523153200,39.90415307617187,2.5964303016662598,0.9838675260543823,0.8282340168952942
1789031191533159200,39.9141591796875,2.5517091751098633,0.7294352054595947,0.927335798740387
1789031191543166200,39.92416625976563,2.4193968772888184,0.5067744851112366,1.074691891670227
1789031191553172200,39.93417211914063,2.1177990436553955,0.4172547459602356,1.2885644435882568
1789031191563178000,39.944177978515626,1.8103539943695068,0.6631596684455872,1.4344416856765747
1789031191573185300,39.95418530273437,1.659246802330017,0.846526026725769,1.4622917175292969
1789031191583191000,39.96419091796875,1.8340024948120117,0.989173173904419,1.2329739332199097
1789031191593198000,39.974197998046876,2.0577218532562256,1.0039951801300049,0.9460286498069763
1789031191603204400,39.98420434570313,2.0528173446655273,1.1348881721496582,0.769840657711029
1789031191613211100,39.99421118164062,1.8878222703933716,1.0954694747924805,0.7306826114654541
1789031191623217200,40.00421704101562,1.680423617362976,0.4292377829551697,0.8788959980010986
1789031191633224200,40.01422412109375,1.6215076446533203,0.06470268219709396,0.9838394522666931
1789031191643230200,40.024230224609376,1.6085245609283447,0.3216037154197693,0.9423922896385193
1789031191653236200,40.034236328125,1.5141782760620117,0.7416468262672424,0.7478928565979004
1789031191663243000,40.04424291992188,1.2852529287338257,0.9347777962684631,0.431643545627594
1789031191673249300,40.05424926757812,1.0121630430221558,0.6950222253799438,0.16415457427501678
1789031191683256000,40.064256103515625,0.8312550187110901,0.3506167531013489,0.14139924943447113
1789031191693262000,40.074261962890624,0.7984749674797058,0.21339869499206543,0.2666564881801605
1789031191703269000,40.08426904296875,0.761450469493866,0.17408259212970734,0.2901376485824585
1789031191713275100,40.09427514648438,0.6116705536842346,0.12368946522474289,0.14073139429092407
1789031191723282200,40.1042822265625,0.3111945390701294,-0.19819845259189606,0.09747045487165451
1789031191733288000,40.11428784179687,0.03366679698228836,-0.49716225266456604,0.2591637372970581
1789031191743294200,40.124294189453124,-0.12429995834827423,-0.6362889409065247,0.42871296405792236
1789031191753301200,40.13430126953125,-0.20903216302394867,-0.6702530384063721,0.489366739988327
1789031191763307000,40.14430712890625,-0.28302088379859924,-0.5506979823112488,0.4345155358314514
1789031191773314300,40.154314208984374,-0.3448980748653412,-0.4315739572048187,0.31198829412460327
1789031191783320000,40.16432006835937,-0.42225196957588196,-0.3325195610523224,0.15012891590595245
1789031191793327000,40.1743271484375,-0.5056746602058411,-0.10987768322229385,-0.049017731100320816
1789031191803333000,40.1843330078125,-0.5277347564697266,0.13132643699645996,-0.27997782826423645
1789031191813340200,40.19434008789062,-0.5055445432662964,0.1080075353384018,-0.3917349874973297
1789031191823346200,40.20434619140625,-0.49977636337280273,-0.1518990844488144,-0.3626711070537567
1789031191833352200,40.21435229492187,-0.5424596667289734,-0.4283471703529358,-0.3331241309642792
1789031191843359200,40.224359130859376,-0.7100781202316284,-0.37671372294425964,-0.2857687771320343
1789031191853365200,40.234365234375,-0.9190779328346252,0.026270493865013123,-0.24264848232269287
1789031191863372000,40.2443720703125,-1.0694838762283325,0.4287470579147339,-0.33118441700935364
1789031191873378300,40.25437841796875,-1.2109376192092896,0.7565158605575562,-0.6283684372901917
1789031191883385000,40.264385009765626,-1.4735933542251587,0.8010322451591492,-1.0055142641067505
1789031191893391000,40.27439111328125,-1.785148024559021,0.47553080320358276,-1.266690731048584
1789031191903398400,40.2843984375,-1.8368226289749146,0.214554101228714,-1.2267582416534424
1789031191913404200,40.29440405273437,-1.6644282341003418,-0.28836631774902344,-0.8848128914833069
1789031191923410200,40.30441015625,-1.536147952079773,-0.7779509425163269,-0.45361045002937317
1789031191933417000,40.3144169921875,-1.4365020990371704,-0.6734164953231812,-0.32694706320762634
1789031191943423200,40.32442333984375,-1.3827766180038452,-0.13538362085819244,-0.5520025491714478
1789031191953430300,40.33443017578125,-1.4207881689071655,0.6279366612434387,-0.9334103465080261
1789031191963436000,40.34443603515625,-1.5036739110946655,0.9330583810806274,-0.977328896522522
1789031191973443300,40.354443359375,-1.363016128540039,0.4873510003089905,-0.6195467710494995
1789031191983449300,40.364449462890626,-1.1563434600830078,-0.1516243815422058,-0.17015111446380615
1789031191993456000,40.3744560546875,-1.155717372894287,-0.7217773199081421,0.11410298943519592
1789031192003462100,40.38446215820313,-1.3529130220413208,-1.208225965499878,0.17286454141139984
1789031192013468200,40.39446826171875,-1.655795931816101,-1.6563931703567505,0.06672399491071701
1789031192023475200,40.40447509765625,-1.9193369150161743,-1.8716323375701904,-0.12080591171979904
1789031192033481200,40.414481201171874,-1.9361740350723267,-1.7547051906585693,-0.2957097887992859
1789031192043488300,40.42448828125,-1.8177719116210938,-1.4222720861434937,-0.45649394392967224
1789031192053494300,40.43449438476563,-1.7625787258148193,-1.0711745023727417,-0.5971882343292236
1789031192063501000,40.4445009765625,-1.765425205230713,-0.9688531756401062,-0.6669859886169434
1789031192073507000,40.45450708007812,-1.692434310913086,-0.9574812650680542,-0.7053682804107666
1789031192083513300,40.464513427734374,-1.5476595163345337,-0.8295603394508362,-0.7633873820304871
1789031192093520100,40.47452001953125,-1.4349827766418457,-0.49871718883514404,-0.9283081889152527
1789031192103526100,40.48452612304688,-1.5889555215835571,-0.40075600147247314,-1.1249196529388428
1789031192113533200,40.494533203125,-1.982344627380371,-0.788239061832428,-1.4431838989257812
1789031192123539200,40.50453930664062,-2.2262372970581055,-1.0624589920043945,-1.4744571447372437
1789031192133546200,40.514546142578126,-2.0715365409851074,-0.5419111251831055,-0.9886215329170227
1789031192143552000,40.524552001953126,-1.557894229888916,-0.027404572814702988,-0.510307252407074
1789031192153559300,40.53455932617187,-1.25770902633667,-0.2572377622127533,-0.2291266769170761
1789031192163565000,40.54456494140625,-1.432353138923645,-1.470581293106079,0.15868473052978516
1789031192173571000,40.55457104492187,-1.714028000831604,-2.4702579975128174,0.35546544194221497
1789031192183578400,40.56457836914063,-1.774240493774414,-2.13234281539917,0.008695011027157307
1789031192193584000,40.574584228515626,-1.6912527084350586,-1.0911301374435425,-0.5615807175636292
1789031192203591200,40.58459106445312,-1.6395262479782104,-0.532629132270813,-0.7092723250389099
1789031192213597200,40.59459716796875,-1.4188979864120483,-0.46725064516067505,-0.4767717123031616
1789031192223604200,40.604604248046876,-1.002825140953064,-0.28820720314979553,-0.3186079263687134
1789031192233610200,40.6146103515625,-0.64060378074646,-0.018256664276123047,-0.37767764925956726
1789031192243617000,40.62461694335938,-0.35296598076820374,0.09057995676994324,-0.47420448064804077
1789031192253623300,40.63462329101562,-0.22670473158359528,0.28592175245285034,-0.3444949686527252
1789031192263629300,40.64462939453125,-0.10858500748872757,0.33115819096565247,-0.17784881591796875
1789031192273636000,40.654635986328124,0.007545590866357088,-0.015216786414384842,-0.10824921727180481
1789031192283642000,40.66464208984375,0.010447158478200436,-0.6335287690162659,0.09953876584768295
1789031192293649200,40.67464916992188,-0.05010247230529785,-0.9856828451156616,0.36478081345558167
1789031192303655200,40.6846552734375,-0.04822741076350212,-0.7049195766448975,0.2946939170360565
1789031192313662000,40.69466186523437,-0.03769567236304283,-0.19775515794754028,0.0481075718998909
1789031192323668200,40.704668212890624,0.01778586208820343,0.30458420515060425,-0.17233487963676453
1789031192333674200,40.71467431640625,0.11444928497076035,0.5530641078948975,-0.21823152899742126
1789031192343681000,40.724680908203126,0.2550394833087921,0.581885814666748,-0.19235414266586304
1789031192353687000,40.73468701171875,0.47881028056144714,0.7495752573013306,-0.268830269575119
1789031192363694000,40.74469409179687,0.7394612431526184,0.6807176470756531,-0.24431034922599792
1789031192373700000,40.7547001953125,0.9785768985748291,0.4382288455963135,-0.028413470834493637
1789031192383707100,40.76470703125,1.1593027114868164,0.06560546159744263,0.2773929238319397
1789031192393713200,40.774713134765626,1.2760891914367676,-0.29426297545433044,0.5252714157104492
1789031192403720200,40.78472021484375,1.425410509109497,0.29649463295936584,0.4614175856113434
1789031192413726200,40.79472631835937,1.6047757863998413,0.8950779438018799,0.1842605322599411
1789031192423732200,40.80473217773437,1.7633335590362549,1.4216058254241943,-0.03287122771143913
1789031192433739300,40.8147392578125,1.8266555070877075,1.5526024103164673,0.003001021221280098
1789031192443745000,40.8247451171875,1.8128662109375,0.9003269076347351,0.30298855900764465
1789031192453752300,40.83475244140625,1.8878653049468994,0.3378782272338867,0.5018057823181152
1789031192463758300,40.84475830078125,1.996730089187622,0.11346074193716049,0.6227192282676697
1789031192473765000,40.85476513671875,1.9312528371810913,0.16615724563598633,0.6842547655105591
1789031192483771100,40.864771240234376,1.8344823122024536,0.44975197315216064,0.7394900321960449
1789031192493776400,40.8747763671875,1.8899519443511963,0.3136737644672394,0.6843252778053284
1789031192503783400,40.884783447265626,1.9953761100769043,0.30445596575737,0.5760585069656372
1789031192513789400,40.89478955078125,2.1808648109436035,0.5846937894821167,0.5501781702041626
1789031192523796200,40.90479614257813,2.4447274208068848,0.9638447761535645,0.5647112131118774
1789031192533802500,40.91480249023437,2.7038865089416504,1.1739991903305054,0.5925630927085876
1789031192543809500,40.9248095703125,2.759714365005493,1.052644968032837,0.6391494870185852
1789031192553815300,40.934815185546874,2.686234474182129,0.874232292175293,0.7133255004882812
1789031192563821300,40.9448212890625,2.628141403198242,0.7151925563812256,0.9017552733421326
1789031192573828400,40.95482836914063,2.5573692321777344,0.5257377028465271,1.123457670211792
1789031192583834400,40.96483447265625,2.4008758068084717,0.39671826362609863,1.2812138795852661
1789031192593841400,40.97484130859375,2.205186367034912,0.2890402674674988,1.3468475341796875
1789031192603847400,40.984847412109374,2.134681224822998,0.19371874630451202,1.2710329294204712
1789031192613854500,40.9948544921875,2.069003105163574,-0.04541580379009247,1.2000436782836914
1789031192623860500,41.00486059570313,1.9829834699630737,-0.13399358093738556,1.1837823390960693
1789031192633866200,41.0148662109375,1.9608556032180786,0.13229909539222717,1.178871989250183
1789031192643873500,41.02487353515625,2.0091989040374756,0.721933901309967,1.0599422454833984
1789031192653879300,41.03487939453125,2.082019805908203,1.2468290328979492,0.833784818649292
1789031192663886300,41.04488623046875,2.013542652130127,1.3323302268981934,0.5095198154449463
1789031192673892600,41.054892578125,1.6735777854919434,0.8514735698699951,0.42762574553489685
1789031192683899400,41.0648994140625,1.2616534233093262,0.20103488862514496,0.637618899345398
1789031192693905400,41.074905517578124,1.0048857927322388,-0.2713624835014343,0.8624301552772522
1789031192703912400,41.08491235351563,0.8716722130775452,-0.14784497022628784,1.011267900466919
1789031192713918500,41.09491845703125,0.7178775668144226,0.29152920842170715,1.0180957317352295
1789031192723924500,41.10492456054688,0.43146708607673645,0.2630632519721985,0.7827359437942505
1789031192733931300,41.11493115234375,0.04579181596636772,-0.26760512590408325,0.48508960008621216
1789031192743937500,41.1249375,-0.17064855992794037,-0.4879452586174011,0.430909663438797
1789031192753944300,41.1349443359375,-0.25315621495246887,-0.16752810776233673,0.4184950888156891
1789031192763950300,41.144950439453126,-0.28484728932380676,0.05911939591169357,0.2508413791656494
1789031192773957400,41.15495727539062,-0.35756784677505493,0.19815663993358612,-0.03345506265759468
1789031192783963400,41.16496337890625,-0.5481491088867188,0.2512761652469635,-0.3875749409198761
1789031192793969400,41.17496948242187,-0.7882609963417053,0.09205614775419235,-0.6107105612754822
1789031192803976200,41.18497607421875,-0.8919960260391235,0.11681433022022247,-0.5792524218559265
1789031192813982500,41.194982421875,-0.8617598414421082,0.08124089241027832,-0.5145274996757507
1789031192823989500,41.20498950195312,-0.7736743092536926,0.035344891250133514,-0.4850134253501892
1789031192833995300,41.21499536132813,-0.6242331266403198,0.04123314097523689,-0.4542403221130371
1789031192844002600,41.22500244140625,-0.49788302183151245,0.04353658854961395,-0.4142240881919861
1789031192854008300,41.23500830078125,-0.5236126184463501,0.07042146474123001,-0.3704920709133148
1789031192864014300,41.245014404296874,-0.6301336884498596,0.18297329545021057,-0.2950748801231384
1789031192874021600,41.25502172851562,-0.7636049389839172,0.10254742950201035,-0.17548589408397675
1789031192884027400,41.26502734375,-0.8654276132583618,-0.03518230468034744,-0.10192345827817917
1789031192894034400,41.275034423828124,-0.9574443101882935,-0.16537386178970337,-0.06922942399978638
1789031192904040400,41.28504052734375,-1.0883663892745972,-0.45076119899749756,-0.0734175443649292
1789031192914047500,41.29504760742188,-1.2069990634918213,-0.5943692326545715,-0.18141032755374908
1789031192924053500,41.30505346679688,-1.2299737930297852,-0.632705807685852,-0.32556453347206116
1789031192934059300,41.31505932617188,-1.264902949333191,-0.737759530544281,-0.45827412605285645
1789031192944066600,41.325066650390625,-1.2760999202728271,-0.7637463808059692,-0.5804581642150879
1789031192954072600,41.335072509765624,-1.3329850435256958,-0.7503679990768433,-0.6163336038589478
1789031192964079400,41.34507934570313,-1.397477626800537,-0.5003110766410828,-0.6331034898757935
1789031192974085400,41.35508544921875,-1.4150673151016235,-0.2370980829000473,-0.6493722200393677
1789031192984092400,41.365092529296874,-1.413171410560608,0.02648528292775154,-0.7285541892051697
1789031192994098400,41.37509838867187,-1.4894258975982666,0.10876338183879852,-0.8416120409965515
1789031193004104400,41.3851044921875,-1.683587670326233,-0.06982364505529404,-0.9681663513183594
1789031193014111500,41.39511157226563,-1.8760497570037842,-0.31239235401153564,-1.0930497646331787
1789031193024117500,41.405117431640626,-2.0483365058898926,-0.7048752307891846,-1.084234356880188
1789031193034124300,41.41512426757812,-2.1816110610961914,-0.9372072815895081,-0.9820014834403992
1789031193044130300,41.42513037109375,-2.208336353302002,-0.8430547118186951,-0.9128818511962891
1789031193054137300,41.435137451171876,-2.1061267852783203,-0.5467303395271301,-0.9997125864028931
1789031193064143400,41.445143310546875,-2.0501091480255127,-0.2645193636417389,-1.1446807384490967
1789031193074149400,41.4551494140625,-2.0996642112731934,-0.22819197177886963,-1.1349157094955444
1789031193084156400,41.46515649414062,-2.137432813644409,-0.45547038316726685,-0.9008853435516357
1789031193094162400,41.47516235351563,-2.0914201736450195,-0.6610354781150818,-0.5534517765045166
1789031193104169500,41.48516943359375,-1.993822693824768,-0.7085626721382141,-0.40688440203666687
1789031193114175200,41.49517529296875,-1.8994876146316528,-0.7729485630989075,-0.5570496320724487
1789031193124182500,41.5051826171875,-1.8863160610198975,-0.9370837211608887,-0.759933352470398
1789031193134188300,41.51518823242188,-1.8726239204406738,-0.9783334136009216,-0.7805097103118896
1789031193144194300,41.5251943359375,-1.7819057703018188,-0.8379809856414795,-0.5951260328292847
1789031193154201600,41.53520166015625,-1.6608730554580688,-0.7470459938049316,-0.3459188640117645
1789031193164207400,41.545207275390624,-1.5250993967056274,-0.6230284571647644,-0.15553465485572815
1789031193174214400,41.55521435546875,-1.4826523065567017,-0.6908791661262512,-0.02502511627972126
1789031193184220400,41.56522045898438,-1.5535974502563477,-0.9850630760192871,0.05581611767411232
1789031193194226400,41.57522631835938,-1.6078964471817017,-1.220098614692688,0.03132036328315735
1789031193204233500,41.5852333984375,-1.5806010961532593,-1.1838927268981934,-0.0688771978020668
1789031193214239200,41.5952392578125,-1.474269151687622,-0.870366632938385,-0.22629398107528687
1789031193224246500,41.60524658203125,-1.3290778398513794,-0.5492184162139893,-0.3100335896015167
1789031193234252500,41.61525244140625,-1.1715915203094482,-0.3402348458766937,-0.3047599792480469
1789031193244259300,41.62525927734375,-1.0322259664535522,-0.3443348705768585,-0.2600678503513336
1789031193254265300,41.63526538085937,-0.9171466827392578,-0.48923400044441223,-0.22954456508159637
1789031193264272400,41.6452724609375,-0.7930161356925964,-0.4590900242328644,-0.28690534830093384
1789031193274278400,41.6552783203125,-0.6159175038337708,-0.28350409865379333,-0.3156459331512451
1789031193284284400,41.665284423828126,-0.44995078444480896,-0.02673742175102234,-0.2306516021490097
1789031193294291500,41.67529150390625,-0.3494180738925934,0.0021733210887759924,-0.10827429592609406
1789031193304297500,41.68529736328125,-0.22391845285892487,-0.050179623067379,-0.03764826059341431
1789031193314304300,41.69530419921875,-0.10000263899564743,0.019212502986192703,0.031213626265525818
1789031193324310300,41.705310302734375,0.05350076034665108,0.11439456045627594,0.0025208655279129744
1789031193334316500,41.715316650390626,0.19092439115047455,0.23937031626701355,-0.050955407321453094
1789031193344323300,41.7253232421875,0.3362192213535309,0.5630261898040771,-0.05777199938893318
1789031193354329300,41.73532934570313,0.4391530454158783,0.7358595132827759,-0.009352268651127815
1789031193364336400,41.74533642578125,0.5861482620239258,0.7588711977005005,0.024723805487155914
1789031193374342400,41.75534228515625,0.7479592561721802,0.7794252038002014,0.0770791545510292
1789031193384349400,41.76534936523438,0.9116346836090088,0.8006186485290527,0.14148837327957153
1789031193394355200,41.77535522460938,1.0693961381912231,0.9289843440055847,0.15573176741600037
1789031193404361500,41.78536157226562,1.2286579608917236,1.0334299802780151,0.14392393827438354
1789031193414368500,41.795368408203124,1.3622446060180664,1.058616042137146,0.17245863378047943
1789031193424374300,41.805374267578124,1.495740532875061,1.0543545484542847,0.22154931724071503
1789031193434381600,41.81538159179688,1.6330091953277588,0.9345902800559998,0.28891265392303467
1789031193444387300,41.82538720703125,1.7712724208831787,0.8058233857154846,0.3793277442455292
1789031193454394400,41.835394287109374,1.866517186164856,0.669888436794281,0.4517683982849121
1789031193464400600,41.845400634765625,1.9151743650436401,0.5379550457000732,0.5199674963951111
1789031193474406400,41.855406494140624,1.9299585819244385,0.4665394425392151,0.5790143013000488
1789031193484413400,41.86541333007813,1.9410067796707153,0.529923677444458,0.5842527151107788
1789031193494419500,41.87541943359375,1.9745092391967773,0.6431940793991089,0.5092213153839111
1789031193504426500,41.885426513671874,2.0407967567443848,0.7548251152038574,0.4681546092033386
1789031193514432500,41.8954326171875,2.1515233516693115,0.8608216047286987,0.5259164571762085
1789031193524439600,41.905439453125,2.3166799545288086,0.8499512076377869,0.6059964895248413
1789031193534445600,41.91544555664063,2.5105504989624023,0.6730859279632568,0.6641319394111633
1789031193544451600,41.92545166015625,2.678037643432617,0.5044883489608765,0.7559818029403687
1789031193554458400,41.93545825195312,2.728929281234741,0.44899794459342957,0.8405382037162781
1789031193564464600,41.94546459960937,2.693878173828125,0.5821312069892883,0.8496054410934448
1789031193574471400,41.955471435546876,2.6112773418426514,0.8499988913536072,0.8487740159034729
1789031193584477400,41.9654775390625,2.6543266773223877,1.150474190711975,0.8065940737724304
1789031193594483500,41.9754833984375,2.7077505588531494,1.31533682346344,0.7592209577560425
1789031193604490500,41.98549047851562,2.630840539932251,1.2392915487289429,0.7838972210884094
1789031193614496500,41.99549658203125,2.442715883255005,0.7278029322624207,0.9055504202842712
1789031193624503300,42.00550341796875,2.246809482574463,0.21974235773086548,1.0424292087554932
1789031193634509600,42.015509521484375,2.0895330905914307,0.15782120823860168,1.0734411478042603
1789031193644516400,42.02551635742188,2.0118157863616943,0.36000820994377136,0.9326403737068176
1789031193654522400,42.0355224609375,1.9941977262496948,0.7643256187438965,0.6476112604141235
1789031193664528400,42.0455283203125,1.9904727935791016,1.0630760192871094,0.4092114567756653
1789031193674535400,42.055535400390625,2.00154447555542,1.0411001443862915,0.2875089943408966
1789031193684541400,42.06554150390625,1.885376214981079,0.7233418822288513,0.2689833641052246
1789031193694548500,42.07554858398437,1.6774771213531494,0.20088161528110504,0.3387925326824188
1789031193704554500,42.08555444335938,1.407436728477478,-0.0852842926979065,0.38135719299316406
1789031193714561500,42.0955615234375,1.0869024991989136,-0.09373343735933304,0.30853545665740967
1789031193724567300,42.1055673828125,0.8102379441261292,0.1126089096069336,0.08808956295251846
1789031193734573300,42.1155732421875,0.5774428248405457,0.3475434184074402,-0.14449654519557953
1789031193744580600,42.12558056640625,0.47583118081092834,0.280747652053833,-0.20867043733596802
1789031193754586400,42.13558642578125,0.37482279539108276,0.026750529184937477,-0.1390431523323059
1789031193764593400,42.145593505859374,0.2125765085220337,-0.15570996701717377,-0.13387124240398407
1789031193774599700,42.155599609375,0.021414268761873245,-0.10645080357789993,-0.22717535495758057
1789031193784605400,42.16560546875,-0.10679347068071365,0.019315605983138084,-0.3547760844230652
1789031193794612500,42.17561254882813,-0.22602398693561554,0.06786343455314636,-0.4469393193721771
1789031193804618200,42.1856181640625,-0.3932283818721771,-0.010637538507580757,-0.4570159912109375
1789031193814625500,42.19562548828125,-0.5294511914253235,-0.03263897821307182,-0.4266410171985626
1789031193824631600,42.20563159179687,-0.5565635561943054,-0.10306860506534576,-0.3580472767353058
1789031193834638300,42.215638427734376,-0.523343026638031,-0.20356936752796173,-0.24381950497627258
1789031193844644600,42.22564453125,-0.5272020697593689,-0.33664265275001526,-0.13129818439483643
1789031193854650600,42.235650634765626,-0.6385679841041565,-0.5391912460327148,-0.0728101134300232
1789031193864657400,42.24565747070312,-0.8181196451187134,-0.6286764144897461,-0.030041733756661415
1789031193874663400,42.25566333007812,-0.9595246911048889,-0.44208255410194397,-0.042794808745384216
1789031193884670500,42.26567041015625,-1.0363765954971313,-0.02710769884288311,-0.13334022462368011
1789031193894676500,42.275676513671876,-1.0556155443191528,0.36480602622032166,-0.2808231711387634
1789031193904683300,42.28568334960938,-1.0652410984039307,0.5443060398101807,-0.34935104846954346
1789031193914689500,42.295689453125,-1.073531150817871,0.4366714656352997,-0.27991658449172974
1789031193924695600,42.30569555664062,-1.1394184827804565,0.027746381238102913,-0.19744277000427246
1789031193934702300,42.315702392578125,-1.2545093297958374,-0.37691935896873474,-0.27044668793678284
1789031193944708400,42.325708251953124,-1.4069905281066895,-0.6489750146865845,-0.5183340311050415
1789031193954715400,42.33571533203125,-1.4872782230377197,-0.6841540932655334,-0.7743884325027466
1789031193964721400,42.34572143554688,-1.4992424249649048,-0.3801652193069458,-0.8286795020103455
1789031193974727400,42.3557275390625,-1.495436429977417,-0.146246999502182,-0.7152717113494873
1789031193984734500,42.365734375,-1.50980544090271,-0.23594821989536285,-0.5743389129638672
1789031193994740500,42.375740478515624,-1.565997838973999,-0.37270528078079224,-0.5062360167503357
1789031194004747300,42.38574731445313,-1.6319752931594849,-0.3637147545814514,-0.47033989429473877
1789031194014753300,42.395753173828126,-1.6614623069763184,-0.2635420858860016,-0.4551849067211151
1789031194024760600,42.405760498046874,-1.733672022819519,-0.19651645421981812,-0.4757639467716217
1789031194034766300,42.41576635742187,-1.7923215627670288,-0.19126363098621368,-0.5101333856582642
1789031194044772400,42.4257724609375,-1.858224630355835,-0.35902008414268494,-0.47553762793540955
1789031194054779600,42.43577954101563,-1.9109454154968262,-0.6868160367012024,-0.4125136733055115
1789031194064785400,42.445785400390626,-1.9084680080413818,-1.0113853216171265,-0.3422876298427582
1789031194074792400,42.45579248046875,-1.927164912223816,-1.2029088735580444,-0.3236068785190582
1789031194084798500,42.46579858398437,-2.058201313018799,-1.35169517993927,-0.30932924151420593
1789031194094804500,42.47580444335937,-2.2056941986083984,-1.3690992593765259,-0.28252479434013367
1789031194104811500,42.4858115234375,-2.1765904426574707,-1.1937609910964966,-0.2617141306400299
1789031194114817300,42.4958173828125,-2.08758282661438,-0.8485170006752014,-0.26822954416275024
1789031194124824600,42.50582446289062,-2.0494773387908936,-0.6483412981033325,-0.41944730281829834
1789031194134830600,42.51583056640625,-1.9469588994979858,-0.7446819543838501,-0.6678464412689209
1789031194144837400,42.52583740234375,-1.9689180850982666,-1.1423282623291016,-0.8118232488632202
1789031194154843600,42.53584375,-2.0981006622314453,-1.3877867460250854,-0.7990052103996277
1789031194164849400,42.545849365234375,-2.131852626800537,-1.1270099878311157,-0.571682333946228
1789031194174856400,42.5558564453125,-1.9758117198944092,-0.47763922810554504,-0.3368420898914337
1789031194184862500,42.56586254882812,-1.8217847347259521,-0.18247663974761963,-0.30025357007980347
1789031194194869500,42.575869384765625,-1.66374671459198,-0.5220187306404114,-0.27334341406822205
1789031194204875500,42.58587548828125,-1.5498310327529907,-0.9899726510047913,-0.08164864778518677
1789031194214881500,42.595881591796875,-1.4882835149765015,-1.297499179840088,0.14586439728736877
1789031194224888600,42.605888671875,-1.4664088487625122,-1.351908564567566,0.15369753539562225
1789031194234894600,42.61589453125,-1.4499670267105103,-1.2563588619232178,-0.07783849537372589
1789031194244901400,42.6259013671875,-1.3529069423675537,-0.9374852776527405,-0.3701852262020111
1789031194254907400,42.635907470703124,-1.182612419128418,-0.3265223205089569,-0.4458048939704895
1789031194264914400,42.64591455078125,-0.9667773842811584,0.18894055485725403,-0.2568920850753784
1789031194274920400,42.65592041015625,-0.7098696827888489,0.18764838576316833,-0.028551314026117325
1789031194284926500,42.66592651367188,-0.44725650548934937,-0.14374549686908722,0.030334649607539177
1789031194294933500,42.67593359375,-0.31418633460998535,-0.4349437952041626,0.03473871946334839
1789031194304939500,42.685939453125,-0.24046269059181213,-0.5529922842979431,0.09978415817022324
1789031194314946300,42.6959462890625,-0.23937052488327026,-0.4819625914096832,0.01189291849732399
1789031194324952300,42.705952392578126,-0.19627125561237335,-0.34790119528770447,-0.10573811084032059
1789031194334958600,42.71595849609375,0.026665421202778816,-0.35008153319358826,-0.013872364535927773
1789031194344965400,42.72596533203125,0.1976742297410965,-0.4345133304595947,0.2389945536851883
1789031194354971400,42.73597143554687,0.28101545572280884,-0.46568936109542847,0.4155983626842499
1789031194364978400,42.745978515625,0.33710160851478577,-0.16626936197280884,0.30448657274246216
1789031194374984400,42.755984375,0.4058782756328583,0.4128541648387909,0.015835843980312347
1789031194384991500,42.76599145507812,0.4607104957103729,0.8830061554908752,-0.11985326558351517
1789031194394997200,42.77599731445312,0.5434855818748474,1.104360580444336,-0.1461101770401001
1789031194405003500,42.78600341796875,0.631884753704071,0.9670156836509705,-0.05563819035887718
1789031194415010600,42.796010498046876,0.7505704164505005,0.7914100885391235,0.05269414186477661
1789031194425016300,42.806016357421875,0.8939115405082703,0.943122148513794,0.06214712932705879
1789031194435023600,42.81602368164062,1.0592390298843384,1.0766204595565796,0.07747282087802887
1789031194445029400,42.826029296875,1.2577905654907227,1.1280087232589722,0.060928329825401306
1789031194455035400,42.83603540039063,1.4697494506835938,1.0400737524032593,0.059119511395692825
1789031194465042400,42.84604248046875,1.632135033607483,0.6155245304107666,0.19047905504703522
1789031194475048400,42.85604833984375,1.7093669176101685,0.34104451537132263,0.37842899560928345
1789031194485055500,42.86605541992188,1.685477375984192,0.155959814786911,0.5744084715843201
1789031194495061800,42.87606176757812,1.6431524753570557,0.3882737457752228,0.5325819253921509
1789031194505068500,42.886068603515625,1.6997432708740234,1.1877180337905884,0.2889562249183655
1789031194515074600,42.896074462890624,1.733530044555664,1.7122321128845215,0.12266790121793747
1789031194525080300,42.90608032226562,1.7870182991027832,1.871138095855713,0.05090529844164848
1789031194535087600,42.91608764648438,1.9788618087768555,1.2636332511901855,0.1512305736541748
1789031194545093600,42.92609375,2.223470687866211,0.7375527024269104,0.2888070344924927
1789031194555100400,42.93610034179687,2.4268882274627686,0.4592196047306061,0.5280382037162781
1789031194565106700,42.946106689453124,2.503220796585083,0.18905802071094513,0.7710949182510376
1789031194575112700,42.95611279296875,2.4812076091766357,0.02076116017997265,0.9367589950561523
1789031194585119500,42.966119384765626,2.3938241004943848,-0.060031041502952576,1.1080135107040405
1789031194595125500,42.97612548828125,2.340601921081543,0.08807453513145447,1.2039482593536377
1789031194605132500,42.98613256835937,2.4023616313934326,0.42802688479423523,1.1349507570266724
1789031194615138600,42.996138671875,2.5422332286834717,0.8277503252029419,0.8215363621711731
1789031194625145300,43.006145263671876,2.5662777423858643,1.1799659729003906,0.5811070799827576
1789031194635151600,43.01615161132813,2.497997999191284,1.2731553316116333,0.7376511096954346
1789031194645157600,43.02615771484375,2.4678683280944824,1.0052157640457153,1.0027477741241455
1789031194655164400,43.03616430664062,2.562551975250244,0.7620558738708496,1.042537808418274
1789031194665170400,43.04617041015625,2.6033825874328613,0.8445773124694824,0.9592792987823486
1789031194675177500,43.056177490234376,2.441028118133545,1.250990867614746,0.7992329001426697
1789031194685183500,43.06618359375,2.0649542808532715,1.3684892654418945,0.7755059599876404
1789031194695189500,43.076189453125,1.812172532081604,0.9361771941184998,0.7739503979682922
1789031194705196500,43.08619653320312,1.7979016304016113,0.2910635769367218,0.7944936156272888
1789031194715202600,43.09620263671875,1.915453314781189,0.14499638974666595,0.8439655900001526
1789031194725209600,43.106209716796876,1.9219528436660767,0.3837905526161194,0.8099763989448547
1789031194735215400,43.11621533203125,1.7639472484588623,0.407988578081131,0.6504850387573242
1789031194745221600,43.1262216796875,1.444649338722229,0.2860288619995117,0.42449772357940674
1789031194755228400,43.136228515625,1.0328069925308228,0.09292995929718018,0.3161856234073639
1789031194765234400,43.146234375,0.6876049637794495,0.05433366447687149,0.39423903822898865
1789031194775241700,43.15624169921875,0.47798144817352295,0.1590515524148941,0.5215466618537903
1789031194785247500,43.16624755859375,0.36421239376068115,0.06925390660762787,0.4598480463027954
1789031194795254500,43.17625463867188,0.2650354504585266,-0.21559381484985352,0.27950170636177063
1789031194805260500,43.18626049804688,0.10689914226531982,-0.4807632267475128,0.13418987393379211
1789031194815266600,43.1962666015625,-0.1604207158088684,-0.683491587638855,0.07010409981012344
1789031194825273600,43.206273681640624,-0.37461090087890625,-0.6709433794021606,-0.008706631138920784
1789031194835279400,43.216279296875,-0.5383462905883789,-0.5356907844543457,-0.10646887868642807
1789031194845286700,43.22628662109375,-0.6793370842933655,-0.26295047998428345,-0.20826682448387146
1789031194855292700,43.23629272460938,-0.8482712507247925,0.08785998821258545,-0.31352880597114563
1789031194865298400,43.24629833984375,-1.0328508615493774,0.2178434580564499,-0.4107374846935272
1789031194875305700,43.2563056640625,-1.2073707580566406,0.13450676202774048,-0.4852455258369446
1789031194885311500,43.2663115234375,-1.271562933921814,-0.01842910796403885,-0.5210015773773193
1789031194895318500,43.27631860351563,-1.2244266271591187,-0.12331903725862503,-0.5053437352180481
1789031194905324500,43.286324462890626,-1.0943752527236938,-0.10703500360250473,-0.4768561124801636
1789031194915330600,43.29633056640625,-0.965705931186676,0.03070315159857273,-0.4220333397388458
1789031194925337600,43.30633764648437,-0.9709898829460144,0.35771724581718445,-0.3643527925014496
1789031194935343600,43.31634350585937,-0.9827216863632202,0.7137486338615417,-0.39392560720443726
1789031194945350700,43.3263505859375,-1.0012434720993042,0.8510547876358032,-0.4615899324417114
1789031194955356700,43.336356689453126,-1.0906689167022705,0.8860117197036743,-0.5415486097335815
1789031194965363500,43.34636352539062,-1.2836236953735352,0.4730067551136017,-0.5050082206726074
1789031194975369500,43.35636938476563,-1.444440245628357,-0.054121773689985275,-0.37268930673599243
1789031194985375700,43.36637573242187,-1.5320392847061157,-0.5327513217926025,-0.19494740664958954
1789031194995382500,43.376382568359375,-1.5516009330749512,-0.7630884051322937,-0.0304586011916399
1789031195005388500,43.386388427734374,-1.4626362323760986,-0.5106766223907471,-0.02213820442557335
1789031195015395600,43.3963955078125,-1.4051740169525146,-0.1615215539932251,-0.1603807657957077
1789031195025401600,43.40640161132813,-1.4501583576202393,-0.016934944316744804,-0.3674008548259735
1789031195035407600,43.41640771484375,-1.6391721963882446,-0.2132972627878189,-0.38763394951820374
1789031195045414400,43.42641430664062,-1.8088353872299194,-0.5909969806671143,-0.21678295731544495
1789031195055420700,43.436420654296874,-1.7308011054992676,-1.013763666152954,0.013159958645701408
1789031195065427500,43.44642749023438,-1.5348495244979858,-1.085082769393921,0.01170842070132494
1789031195075433500,43.45643359375,-1.5318471193313599,-0.8788913488388062,-0.2082071751356125
1789031195085439500,43.466439453125,-1.6921018362045288,-0.7485174536705017,-0.4683988690376282
1789031195095446500,43.476446533203124,-1.8107986450195312,-0.6503511667251587,-0.6107021570205688
1789031195105452500,43.48645263671875,-1.772477149963379,-0.6089432835578918,-0.56685870885849
1789031195115459300,43.496459228515626,-1.6674383878707886,-0.5635275840759277,-0.4858267307281494
1789031195125465600,43.50646557617188,-1.575699806213379,-0.4118238687515259,-0.567051351070404
1789031195135472600,43.51647265625,-1.5448321104049683,-0.3395581841468811,-0.7415443062782288
1789031195145478400,43.526478515625,-1.587134838104248,-0.38688603043556213,-0.8932287096977234
1789031195155484400,43.536484375,-1.6982046365737915,-0.6315711140632629,-0.9560215473175049
1789031195165491500,43.546491455078126,-1.8632456064224243,-1.0533918142318726,-0.8844637870788574
1789031195175497500,43.55649755859375,-2.012420415878296,-1.3386400938034058,-0.7396275401115417
1789031195185504500,43.56650439453125,-2.0544328689575195,-1.2809308767318726,-0.6393436193466187
1789031195195510500,43.57651049804687,-1.9404879808425903,-1.0504050254821777,-0.6671587228775024
1789031195205516500,43.5865166015625,-1.7668079137802124,-0.8678516745567322,-0.7669270634651184
1789031195215523600,43.596523681640626,-1.6682989597320557,-0.8720357418060303,-0.8169465661048889
1789031195225529300,43.606529296875,-1.647813320159912,-0.9711208343505859,-0.8098257184028625
1789031195235536600,43.61653662109375,-1.6441913843154907,-1.0470361709594727,-0.76279616355896
1789031195245542400,43.62654248046875,-1.5954450368881226,-0.9714171290397644,-0.6472148895263672
1789031195255548400,43.63654833984375,-1.5276875495910645,-0.8597785234451294,-0.5127547979354858
1789031195265555700,43.6465556640625,-1.4501807689666748,-0.8185416460037231,-0.4187280833721161
1789031195275561500,43.6565615234375,-1.356695294380188,-0.7537400126457214,-0.3604341447353363
1789031195285568500,43.66656860351563,-1.2625203132629395,-0.6335576176643372,-0.2829091250896454
1789031195295574500,43.67657446289063,-1.1466264724731445,-0.4327544569969177,-0.2849922478199005
1789031195305580500,43.68658056640625,-1.0079162120819092,-0.2301950603723526,-0.33331048488616943
1789031195315587600,43.696587646484375,-0.8349579572677612,-0.12702900171279907,-0.318962961435318
1789031195325593300,43.70659326171875,-0.6160627603530884,0.033001530915498734,-0.2710379362106323
1789031195335600600,43.7166005859375,-0.4429546296596527,0.007503892295062542,-0.21348942816257477
1789031195345606700,43.72660668945313,-0.35716211795806885,-0.09014184027910233,-0.16913826763629913
1789031195355613400,43.736613525390624,-0.28875723481178284,-0.24842175841331482,-0.021850546821951866
1789031195365619500,43.74661938476562,-0.25676479935646057,-0.5841823220252991,0.10539814829826355
1789031195375625700,43.756625732421874,-0.22197112441062927,-0.8218287229537964,0.11986444145441055
1789031195385632500,43.76663256835938,-0.1136273741722107,-0.5794368386268616,-0.012578405439853668
1789031195395638500,43.776638427734376,0.14242756366729736,0.24249060451984406,-0.18791426718235016
1789031195405645600,43.7866455078125,0.4257885813713074,1.0221444368362427,-0.35680174827575684
1789031195415651600,43.79665161132812,0.6069656014442444,1.0836424827575684,-0.21139155328273773
1789031195425657600,43.80665771484375,0.6994866728782654,0.7357537150382996,0.11539259552955627
1789031195435664600,43.81666455078125,0.8285884857177734,0.37043535709381104,0.24506697058677673
1789031195445670700,43.826670654296876,0.9251925349235535,0.23826190829277039,0.22062936425209045
1789031195455677400,43.83667749023437,1.032691478729248,0.5105456113815308,0.0823950469493866
1789031195465683500,43.84668334960938,1.1644529104232788,0.8737165331840515,0.026835406199097633
1789031195475689700,43.85668969726562,1.3054059743881226,0.9391242861747742,0.09086711704730988
1789031195485696500,43.866696533203125,1.404697060585022,0.851385235786438,0.17372484505176544
1789031195495702300,43.876702392578125,1.4973236322402954,0.8227472305297852,0.17677630484104156
1789031195505709000,43.886708984375,1.6220136880874634,0.9223648309707642,0.10359712690114975
1789031195515715300,43.89671533203125,1.7474294900894165,1.0500786304473877,0.05252968892455101
1789031195525721300,43.90672143554688,1.8564339876174927,0.9379943013191223,0.08652973175048828
1789031195535728000,43.91672802734375,1.9600616693496704,0.6930060982704163,0.20418205857276917
1789031195545734400,43.926734375,2.0456433296203613,0.39140284061431885,0.3518639802932739
1789031195555741200,43.9367412109375,2.145995855331421,0.3321453928947449,0.393917441368103
1789031195565747200,43.94674731445313,2.267942190170288,0.5362001061439514,0.36698117852211
1789031195575754500,43.95675439453125,2.385622262954712,0.6884943246841431,0.3310180902481079
1789031195585760300,43.96676025390625,2.513089656829834,0.6691961288452148,0.292900413274765
1789031195595766300,43.97676635742187,2.6418559551239014,0.4849424362182617,0.3549582064151764
1789031195605773300,43.986773193359376,2.732879400253296,0.2873285412788391,0.49977171421051025
1789031195615779300,43.996779296875,2.7761223316192627,0.15574626624584198,0.6697708368301392
1789031195625786400,44.00678637695312,2.7821319103240967,0.158431276679039,0.8334341049194336
1789031195635792100,44.01679223632812,2.831353187561035,0.3292645215988159,0.8605935573577881
1789031195645798100,44.02679809570313,2.858443021774292,0.5928879380226135,0.8224203586578369
1789031195655805400,44.036805419921876,2.8256771564483643,0.838900625705719,0.7724069952964783
1789031195665811200,44.046811279296875,2.6835579872131348,0.7606188058853149,0.7986797094345093
1789031195675818200,44.056818359375,2.3988847732543945,0.3860713243484497,0.9387659430503845
1789031195685824500,44.06682446289062,2.155881404876709,0.15724773705005646,1.0721489191055298
1789031195695830300,44.07683032226562,2.0314486026763916,0.1875222772359848,1.083817481994629
1789031195705837300,44.08683740234375,1.990037202835083,0.32330039143562317,0.9240147471427917
1789031195715843300,44.09684326171875,1.9611620903015137,0.6083003878593445,0.654488205909729
1789031195725850400,44.10685034179688,1.8828047513961792,0.8706327080726624,0.45584774017333984
1789031195735856400,44.1168564453125,1.8920155763626099,1.0098811388015747,0.3713357746601105
1789031195745862100,44.12686206054688,1.8685755729675293,0.8782165050506592,0.3181416690349579
1789031195755869400,44.136869384765625,1.7135926485061646,0.48110291361808777,0.3349485993385315
1789031195765875500,44.14687548828125,1.4566665887832642,0.11375845968723297,0.3923593759536743
1789031195775882200,44.15688232421875,1.153025507926941,-0.11826358735561371,0.43590497970581055
1789031195785888300,44.16688818359375,0.8425353169441223,-0.038361284881830215,0.3727439045906067
1789031195795894300,44.17689428710938,0.559441328048706,0.2617812156677246,0.18449439108371735
1789031195805901300,44.1869013671875,0.322868674993515,0.42026838660240173,-0.07807023823261261
1789031195815907300,44.1969072265625,0.1501309871673584,0.288261353969574,-0.25749728083610535
1789031195825914400,44.20691430664063,-0.001725206384435296,-0.03925306722521782,-0.25496262311935425
1789031195835920400,44.21692041015625,-0.12758274376392365,-0.2574887275695801,-0.1888166218996048
1789031195845927200,44.22692724609375,-0.22653977572917938,-0.24785330891609192,-0.19424928724765778
1789031195855933200,44.23693310546875,-0.3285242021083832,-0.1748611181974411,-0.21728110313415527
1789031195865939500,44.246939453125,-0.4448931813240051,-0.05233677476644516,-0.25515615940093994
1789031195875946200,44.2569462890625,-0.5834968686103821,-0.06405201554298401,-0.2890307903289795
1789031195885952300,44.2669521484375,-0.7047023773193359,-0.10847647488117218,-0.3286450207233429
1789031195895959300,44.27695922851562,-0.7749254107475281,-0.1449093222618103,-0.3527703285217285
1789031195905965300,44.28696533203125,-0.8050431609153748,-0.14506079256534576,-0.33901265263557434
1789031195915971300,44.29697143554687,-0.7868614792823792,-0.031729698181152344,-0.347476989030838
1789031195925978000,44.30697802734375,-0.7840990424156189,0.05000881850719452,-0.3728460669517517
1789031195935984400,44.316984375,-0.7813860774040222,0.05071961507201195,-0.4040071964263916
1789031195945991200,44.3269912109375,-0.8276494741439819,-0.0406770259141922,-0.3854352533817291
1789031195955997200,44.3369970703125,-0.9340028166770935,-0.007781659252941608,-0.301765114068985
1789031195966003200,44.34700317382813,-0.9760564565658569,0.1910005807876587,-0.20401757955551147
1789031195976010200,44.35701025390625,-1.0014842748641968,0.35937973856925964,-0.14352254569530487
1789031195986016300,44.367016357421875,-1.0773744583129883,0.3900325894355774,-0.13298587501049042
1789031195996023300,44.37702319335938,-1.2523845434188843,0.215370774269104,-0.13754227757453918
1789031196006029300,44.387029296875,-1.4813021421432495,-0.07600147277116776,-0.1551712155342102
1789031196016035300,44.39703540039063,-1.619999885559082,-0.2930019497871399,-0.16388802230358124
1789031196026042000,44.4070419921875,-1.6241767406463623,-0.41156694293022156,-0.1671149581670761
1789031196036048100,44.41704809570312,-1.6071528196334839,-0.5157783031463623,-0.25424641370773315
1789031196046055400,44.42705541992188,-1.6506978273391724,-0.5758810639381409,-0.4636658728122711
1789031196056061200,44.43706127929688,-1.6698206663131714,-0.45506009459495544,-0.7178915143013
1789031196066067200,44.447067138671876,-1.7453548908233643,-0.27224090695381165,-0.839631974697113
1789031196076074200,44.45707421875,-1.8507457971572876,-0.17762970924377441,-0.7345502972602844
1789031196086080300,44.46708032226562,-1.9179164171218872,-0.3116476237773895,-0.49421101808547974
1789031196096087300,44.47708740234375,-1.9119181632995605,-0.4920805096626282,-0.3312189280986786
1789031196106093300,44.48709326171875,-1.8293575048446655,-0.5655895471572876,-0.42877450585365295
1789031196116099300,44.49709936523438,-1.8146007061004639,-0.5086085796356201,-0.6517564654350281
1789031196126106400,44.5071064453125,-1.8811745643615723,-0.5406917929649353,-0.8000462055206299
1789031196136112000,44.51711206054687,-1.9764536619186401,-0.7971031069755554,-0.7948972582817078
1789031196146119400,44.527119384765626,-2.0327534675598145,-1.132232904434204,-0.6957443356513977
1789031196156125200,44.537125244140626,-2.055199384689331,-1.3613111972808838,-0.6053457260131836
1789031196166132200,44.54713232421875,-2.036170482635498,-1.2643362283706665,-0.6548636555671692
1789031196176138500,44.55713842773437,-1.9822468757629395,-1.0085018873214722,-0.7439836859703064
1789031196186144300,44.56714428710937,-1.9174162149429321,-0.7516846656799316,-0.7755393981933594
1789031196196151300,44.5771513671875,-1.8279633522033691,-0.6197178363800049,-0.7565276622772217
1789031196206157300,44.5871572265625,-1.7660980224609375,-0.6603659987449646,-0.7275707125663757
1789031196216164400,44.59716430664062,-1.7434842586517334,-0.8816642761230469,-0.6616590619087219
1789031196226170400,44.60717041015625,-1.702352523803711,-1.2066826820373535,-0.5337826609611511
1789031196236176100,44.61717602539063,-1.6388792991638184,-1.3981623649597168,-0.3961842954158783
1789031196246183400,44.627183349609375,-1.5640395879745483,-1.381679892539978,-0.33081066608428955
1789031196256189400,44.637189453125,-1.4405208826065063,-1.2353626489639282,-0.34900617599487305
1789031196266196200,44.6471962890625,-1.302986741065979,-1.0387333631515503,-0.37028658390045166
1789031196276202200,44.6572021484375,-1.234325647354126,-0.9198567271232605,-0.3397662043571472
1789031196286208500,44.66720849609375,-1.2170437574386597,-0.9437741637229919,-0.3472054600715637
1789031196296215300,44.67721533203125,-1.1512898206710815,-0.8074986338615417,-0.450926274061203
1789031196306221300,44.68722119140625,-1.0188060998916626,-0.41926196217536926,-0.5393251180648804
1789031196316228400,44.69722827148438,-0.8742135167121887,-0.07817519456148148,-0.4680224359035492
1789031196326234400,44.707234375,-0.6966981291770935,0.03417770937085152,-0.294246107339859
1789031196336240400,44.71724047851563,-0.500461220741272,-0.14579418301582336,-0.14899411797523499
1789031196346247200,44.7272470703125,-0.44194039702415466,-0.5818540453910828,-0.037332091480493546
1789031196356253400,44.73725341796875,-0.4497793912887573,-0.9706926345825195,0.0797543153166771
1789031196366260200,44.74726025390625,-0.4584026336669922,-0.8961702585220337,0.11959975957870483
1789031196376266200,44.75726635742188,-0.3829347789287567,-0.44439268112182617,-0.0036252399440854788
1789031196386272300,44.767272216796876,-0.18081453442573547,0.04446792975068092,-0.2553863227367401
1789031196396279300,44.777279296875,0.029145890846848488,0.4057278633117676,-0.38989460468292236
1789031196406285300,44.78728540039062,0.22730602324008942,0.6338814496994019,-0.36135101318359375
1789031196416292000,44.7972919921875,0.4135480523109436,0.8228859901428223,-0.3156077563762665
1789031196426298400,44.80729833984375,0.5432792901992798,0.8238363862037659,-0.19051407277584076
1789031196436304400,44.817304443359376,0.6605119109153748,0.7398251295089722,-0.07705862075090408
1789031196446311200,44.82731127929687,0.778919517993927,0.6460285782814026,-0.030494509264826775
1789031196456317200,44.83731713867188,0.9088304042816162,0.5317374467849731,0.008202552795410156
1789031196466324200,44.84732421875,1.025713324546814,0.5675094723701477,0.04570908844470978
1789031196476330200,44.857330322265625,1.1446934938430786,0.6307622194290161,0.10051161795854568
1789031196486336300,44.867336181640624,1.2593382596969604,0.6605250239372253,0.1660366952419281
1789031196496343800,44.87734375,1.3995946645736694,0.6746328473091125,0.2304106205701828
1789031196506349800,44.88734985351562,1.5401530265808105,0.6228405833244324,0.247176393866539
1789031196516356900,44.89735693359375,1.653762698173523,0.6599685549736023,0.24090199172496796
1789031196526363000,44.90736279296875,1.7446813583374023,0.7290928363800049,0.25083357095718384
1789031196536369000,44.917368896484376,1.8363009691238403,0.8619765639305115,0.2047928273677826
1789031196546376000,44.9273759765625,1.9454509019851685,0.9208596348762512,0.14175261557102203
1789031196556382000,44.9373818359375,2.057079553604126,0.9121082425117493,0.11717458069324493
1789031196566388700,44.947388671875,2.1292765140533447,0.7815468907356262,0.22544652223587036
1789031196576394800,44.957394775390625,2.214893102645874,0.7129291892051697,0.348573237657547
1789031196586401000,44.967401123046876,2.3634986877441406,0.7004593014717102,0.4324660897254944
1789031196596407800,44.97740771484375,2.516258955001831,0.6475662589073181,0.5280900597572327
1789031196606413800,44.98741381835937,2.647157907485962,0.5962454676628113,0.616014838218689
1789031196616420900,44.9974208984375,2.7320938110351562,0.538814902305603,0.7121685743331909
1789031196626427000,45.007427001953126,2.7921762466430664,0.49442926049232483,0.7767147421836853
1789031196636434000,45.01743383789063,2.830888271331787,0.4942614734172821,0.8588922023773193
1789031196646440000,45.02743994140625,2.7682573795318604,0.4151778221130371,0.9766775369644165
1789031196656446000,45.03744604492187,2.6264209747314453,0.321120023727417,1.0884090662002563
1789031196666453000,45.047452880859375,2.4848625659942627,0.3647502064704895,1.1417365074157715
1789031196676458800,45.057458740234374,2.3691937923431396,0.42000865936279297,1.1452186107635498
1789031196686465000,45.067465087890625,2.268554925918579,0.49296051263809204,1.0489976406097412
1789031196696471800,45.07747192382813,2.0905864238739014,0.4531358778476715,0.9216194152832031
1789031196706477800,45.08747778320313,1.9199261665344238,0.3349502980709076,0.8492737412452698
1789031196716485000,45.097485107421875,1.9131630659103394,0.41989606618881226,0.7487010955810547
1789031196726491000,45.107490966796874,1.8885579109191895,0.5792132616043091,0.6259934902191162
1789031196736498000,45.11749780273438,1.8947010040283203,0.7575278282165527,0.43296968936920166
1789031196746504000,45.12750390625,1.8392901420593262,0.856719434261322,0.34748202562332153
1789031196756510000,45.13751000976563,1.7561914920806885,0.7592809796333313,0.34963998198509216
1789031196766517000,45.14751708984375,1.6490141153335571,0.595608651638031,0.3930956721305847
1789031196776522800,45.15752270507812,1.5093613862991333,0.3721235692501068,0.5139691233634949
1789031196786530000,45.16753002929688,1.274582862854004,0.09415710717439651,0.6197093725204468
1789031196796536000,45.1775361328125,0.9431047439575195,-0.14066898822784424,0.6416903138160706
1789031196806541800,45.187541748046876,0.6176283359527588,-0.04251943156123161,0.4612676501274109
1789031196816548900,45.197548828125,0.3575221598148346,0.12534919381141663,0.16437819600105286
1789031196826555100,45.20755517578125,0.13895423710346222,0.16503873467445374,-0.07444954663515091
1789031196836562000,45.21756201171875,-0.08706106245517731,0.01384761743247509,-0.17354123294353485
1789031196846568000,45.22756787109375,-0.25650516152381897,-0.15383651852607727,-0.15874861180782318
1789031196856573700,45.23757373046875,-0.34445977210998535,-0.2821630835533142,-0.15119828283786774
1789031196866581000,45.2475810546875,-0.4143963158130646,-0.35173171758651733,-0.16319319605827332
1789031196876587000,45.2575869140625,-0.5050268769264221,-0.3661750853061676,-0.17634469270706177
1789031196886593800,45.26759375,-0.6429357528686523,-0.29509392380714417,-0.20505641400814056
1789031196896600000,45.27760009765625,-0.8204253315925598,-0.15751025080680847,-0.32481715083122253
1789031196906606000,45.287606201171876,-0.981667160987854,0.06583806872367859,-0.5260984301567078
1789031196916612900,45.29761279296875,-1.1373710632324219,0.2553635239601135,-0.6963064074516296
1789031196926619000,45.30761889648438,-1.2848026752471924,0.3745439350605011,-0.7335074543952942
1789031196936626000,45.3176259765625,-1.335553765296936,0.22115759551525116,-0.5926922559738159
1789031196946632000,45.3276318359375,-1.2858757972717285,-0.06550344079732895,-0.40242257714271545
1789031196956638000,45.337637939453124,-1.1778937578201294,-0.028542762622237206,-0.3805178105831146
1789031196966645000,45.34764501953125,-1.0855941772460938,0.10564439743757248,-0.4529702663421631
1789031196976651000,45.35765112304688,-1.068603754043579,0.10035136342048645,-0.5811617970466614
1789031196986657800,45.36765771484375,-1.0601797103881836,0.15589891374111176,-0.6785837411880493
1789031196996663800,45.37766381835937,-1.0401815176010132,0.11539329588413239,-0.627273678779602
1789031197006670000,45.387670166015624,-1.052484154701233,-0.18023452162742615,-0.46135300397872925
1789031197016676900,45.3976767578125,-1.1213511228561401,-0.4718479812145233,-0.235635444521904
1789031197026683000,45.40768286132813,-1.1894642114639282,-0.675931990146637,-0.016602199524641037
1789031197036690000,45.41768994140625,-1.2206823825836182,-0.639319121837616,0.04777838662266731
1789031197046696000,45.42769604492187,-1.3505580425262451,-0.5014891028404236,-0.06527188420295715
1789031197056702000,45.43770190429687,-1.551018476486206,-0.4051302969455719,-0.27504536509513855
1789031197066708700,45.447708740234376,-1.675447940826416,-0.29175227880477905,-0.5679027438163757
1789031197076715000,45.45771508789063,-1.7560349702835083,-0.39968061447143555,-0.6537441611289978
1789031197086721800,45.4677216796875,-1.7947198152542114,-0.6676883697509766,-0.4817706048488617
1789031197096727800,45.47772778320312,-1.7923346757888794,-0.9697725772857666,-0.1762053519487381
1789031197106733800,45.48773388671875,-1.7901915311813354,-1.1391831636428833,-0.023525051772594452
1789031197116740900,45.497740966796876,-1.7799299955368042,-1.0027142763137817,-0.13703696429729462
1789031197126747000,45.507746826171875,-1.7972471714019775,-0.8760514855384827,-0.3599177598953247
1789031197136754000,45.51775390625,-1.837855577468872,-0.7882622480392456,-0.5813335180282593
1789031197146760000,45.52776000976562,-1.8563507795333862,-0.5229345560073853,-0.7462844252586365
1789031197156766000,45.53776586914063,-1.896317958831787,-0.38180941343307495,-0.8161489963531494
1789031197166772700,45.547772705078124,-1.9403667449951172,-0.3158333897590637,-0.8597045540809631
1789031197176779000,45.557779052734375,-2.020636558532715,-0.5283246040344238,-0.827663004398346
1789031197186786000,45.5677861328125,-2.1079514026641846,-0.7232563495635986,-0.6788468360900879
1789031197196791800,45.57779174804688,-2.1087048053741455,-0.8028965592384338,-0.44689062237739563
1789031197206797800,45.5877978515625,-2.050116777420044,-0.8103137016296387,-0.2353636771440506
1789031197216804900,45.597804931640624,-1.8194706439971924,-0.711961030960083,-0.1127416342496872
1789031197226811000,45.60781079101562,-1.715917944908142,-0.8120482563972473,-0.0960807055234909
1789031197236818000,45.61781787109375,-1.7652620077133179,-1.123589038848877,-0.1037554070353508
1789031197246824000,45.62782397460938,-1.8208792209625244,-1.4561643600463867,-0.102054663002491
1789031197256830000,45.63782983398438,-1.8132388591766357,-1.8148006200790405,-0.10139979422092438
1789031197266837000,45.6478369140625,-1.7277981042861938,-1.76847243309021,-0.1700013130903244
1789031197276842800,45.6578427734375,-1.5622488260269165,-1.3508676290512085,-0.2991795539855957
1789031197286850000,45.66785009765625,-1.4778152704238892,-0.7762420773506165,-0.4361969828605652
1789031197296855800,45.677855712890626,-1.3825201988220215,-0.18641771376132965,-0.5535707473754883
1789031197306861800,45.68786181640625,-1.105072259902954,0.4273950755596161,-0.526355504989624
1789031197316869000,45.697869140625,-0.8016940355300903,0.6881707310676575,-0.3925553560256958
1789031197326875000,45.707875,-0.7187085151672363,0.09894067049026489,-0.15880025923252106
1789031197336882000,45.7178818359375,-0.8326889276504517,-0.6086684465408325,0.10601729899644852
1789031197346888000,45.727887939453126,-0.8244367241859436,-0.7054712772369385,0.043458521366119385
1789031197356894000,45.73789404296875,-0.7885234355926514,-0.641179621219635,-0.1346297264099121
1789031197366901000,45.74790087890625,-0.7652252316474915,-0.6032130718231201,-0.07984737306833267
1789031197376906800,45.75790673828125,-0.5658474564552307,-0.48319774866104126,0.017292754724621773
1789031197386914000,45.7679140625,-0.31893259286880493,-0.34597131609916687,0.014913532882928848
1789031197396920000,45.777920166015626,-0.048406027257442474,-0.048045627772808075,-0.14119137823581696
1789031197406925800,45.78792578125,0.2621559500694275,0.48791250586509705,-0.35845592617988586
1789031197416932900,45.79793286132813,0.5393875241279602,0.9248890280723572,-0.47548428177833557
1789031197426939100,45.80793920898437,0.7654357552528381,1.0197604894638062,-0.4285166561603546
1789031197436946000,45.81794580078125,0.9948087930679321,1.0642110109329224,-0.30242663621902466
1789031197446952000,45.827951904296874,1.241652011871338,0.8040333986282349,-0.10201860964298248
1789031197456957700,45.837957763671874,1.3288806676864624,0.08557834476232529,0.2764080762863159
1789031197466965000,45.84796508789063,1.3679511547088623,-0.4473007917404175,0.4985640048980713
1789031197476971000,45.85797094726563,1.3223828077316284,-0.6179696917533875,0.5831412076950073
1789031197486977800,45.86797778320312,1.2467803955078125,-0.2806324064731598,0.5351995825767517
1789031197496983600,45.87798364257812,1.1971806287765503,0.09995247423648834,0.4293037950992584
1789031197506989600,45.88798950195312,1.2360148429870605,0.37907174229621887,0.36428964138031006
1789031197516996600,45.89799658203125,1.37635338306427,0.558952808380127,0.3688865005970001
1789031197527002600,45.908002685546876,1.5894503593444824,0.705150306224823,0.4027218222618103
1789031197537009400,45.91800952148437,1.7833398580551147,0.6713007688522339,0.46131882071495056
1789031197547015700,45.928015625,1.9768925905227661,0.8388040065765381,0.4466846287250519
1789031197557021700,45.93802172851562,2.1450188159942627,1.0165218114852905,0.42149272561073303
1789031197567028500,45.948028564453125,2.3455820083618164,1.1512441635131836,0.3586839735507965
1789031197577034500,45.958034423828124,2.505357027053833,1.3645045757293701,0.32270175218582153
1789031197587041500,45.96804150390625,2.5601346492767334,1.4433430433273315,0.3819626271724701
1789031197597047600,45.97804760742188,2.4991002082824707,0.9610000848770142,0.6108410358428955
1789031197607053600,45.98805346679688,2.459681987762451,0.2226254940032959,0.880120038986206
1789031197617060600,45.998060546875,2.418405532836914,-0.25800609588623047,1.2083323001861572
1789031197627066600,46.008066650390624,2.341205596923828,-0.10868588835000992,1.3787540197372437
1789031197637073400,46.01807348632813,2.2779624462127686,0.11868308484554291,1.3066755533218384
1789031197647079400,46.02807934570313,2.2390332221984863,0.2691166400909424,1.174466848373413
1789031197657085700,46.03808569335938,2.2426490783691406,0.4297817051410675,1.0514389276504517
1789031197667092500,46.04809252929687,2.3434128761291504,0.7124461531639099,0.9110816121101379
1789031197677098500,46.05809838867187,2.504020929336548,0.9842694401741028,0.7503984570503235
1789031197687105500,46.06810546875,2.6004202365875244,0.9827507138252258,0.635985791683197
1789031197697111600,46.07811157226563,2.4663541316986084,0.7273918986320496,0.7104206085205078
1789031197707117600,46.08811767578125,2.2661356925964355,0.40611329674720764,0.904139518737793
1789031197717124400,46.09812426757812,2.128054618835449,0.48047515749931335,1.0108236074447632
1789031197727130600,46.10813061523437,1.986164927482605,0.6969406604766846,1.017235517501831
1789031197737137700,46.1181376953125,1.8183724880218506,0.7591313123703003,0.9879083037376404
1789031197747143400,46.128143310546875,1.6020833253860474,0.6150950193405151,0.9258835911750793
1789031197757149700,46.138149658203126,1.3467437028884888,0.27876949310302734,0.9589970707893372
1789031197767156500,46.14815649414062,1.1534054279327393,0.007402108982205391,1.0763633251190186
1789031197777162500,46.15816259765625,1.0457961559295654,0.05701999366283417,1.0670644044876099
1789031197787169800,46.168169677734376,0.9482444524765015,0.2587595582008362,0.8541505932807922
1789031197797175600,46.178175537109375,0.8109326958656311,0.4757421910762787,0.5297485589981079
1789031197807181600,46.188181640625,0.6253461241722107,0.44540131092071533,0.32035502791404724
1789031197817188600,46.19818872070312,0.45960986614227295,0.22561833262443542,0.27705949544906616
1789031197827194600,46.20819458007813,0.31738680601119995,-0.01857663504779339,0.28954094648361206
1789031197837200600,46.21820068359375,0.12984542548656464,-0.1929556280374527,0.25204336643218994
1789031197847207400,46.22820751953125,-0.03225242346525192,-0.1678617149591446,0.11769241094589233
1789031197857213400,46.23821337890625,-0.18734213709831238,-0.1314999759197235,-0.04210790619254112
1789031197867220700,46.248220703125,-0.34895622730255127,-0.07149773836135864,-0.1629006266593933
1789031197877226500,46.2582265625,-0.44925034046173096,-0.03170664608478546,-0.22317808866500854
1789031197887233500,46.268233642578124,-0.48787644505500793,-0.14653000235557556,-0.2315152883529663
1789031197897239800,46.27823974609375,-0.5098035931587219,-0.21794772148132324,-0.24192585051059723
1789031197907245600,46.28824560546875,-0.5930049419403076,-0.3267480731010437,-0.26205286383628845
1789031197917252600,46.29825268554688,-0.689807653427124,-0.3017721474170685,-0.32401981949806213
1789031197927258400,46.30825830078125,-0.777759850025177,-0.16810119152069092,-0.4022704064846039
1789031197937264600,46.3182646484375,-0.8909149169921875,0.12198655307292938,-0.46760305762290955
1789031197947271700,46.328271728515624,-0.9777563214302063,0.4552828073501587,-0.49364954233169556
1789031197957277400,46.33827734375,-1.1052180528640747,0.3631848096847534,-0.4235530197620392
1789031197967284700,46.34828466796875,-1.188245177268982,0.24907299876213074,-0.36105117201805115
1789031197977290800,46.35829077148438,-1.2113441228866577,0.16580820083618164,-0.3286013603210449
1789031197987296500,46.368296630859376,-1.2817575931549072,0.1086425706744194,-0.3323867917060852
1789031197997303600,46.37830346679687,-1.4044057130813599,0.12413284182548523,-0.4201968014240265
1789031198007309600,46.3883095703125,-1.5417085886001587,0.037080466747283936,-0.49721160531044006
1789031198017316600,46.398316650390626,-1.6891933679580688,-0.09470686316490173,-0.4530140459537506
1789031198027322600,46.408322509765625,-1.7936203479766846,-0.23352544009685516,-0.3076963424682617
1789031198037328400,46.418328369140625,-1.842319369316101,-0.41312530636787415,-0.20136775076389313
1789031198047335700,46.42833569335937,-1.7882649898529053,-0.41795697808265686,-0.2647128403186798
1789031198057341700,46.438341796875,-1.6968532800674438,-0.30345356464385986,-0.3690589666366577
1789031198067348500,46.448348388671874,-1.688554286956787,-0.349284291267395,-0.433382123708725
1789031198077354800,46.458354736328126,-1.6929657459259033,-0.4792793095111847,-0.4668431282043457
1789031198087360500,46.468360595703125,-1.690524697303772,-0.6869745254516602,-0.44471147656440735
1789031198097367600,46.47836743164063,-1.7459099292755127,-0.8577289581298828,-0.43219462037086487
1789031198107373600,46.48837353515625,-1.7676801681518555,-0.832089364528656,-0.4910520613193512
1789031198117380600,46.498380615234375,-1.8216419219970703,-0.8234601616859436,-0.5184850096702576
1789031198127386600,46.50838671875,-1.903212070465088,-0.7436509728431702,-0.5208527445793152
1789031198137392600,46.518392578125,-1.9607906341552734,-0.6820096969604492,-0.4475369453430176
1789031198147399700,46.52839965820313,-1.9291809797286987,-0.6254174113273621,-0.41598761081695557
1789031198157405700,46.53840576171875,-1.9043214321136475,-0.6182039380073547,-0.45837050676345825
1789031198167412500,46.54841259765625,-1.9498839378356934,-0.7542295455932617,-0.545235812664032
1789031198177418500,46.55841845703125,-2.0326426029205322,-1.003253698348999,-0.6576283574104309
1789031198187424800,46.5684248046875,-2.18027400970459,-1.313240885734558,-0.6552783250808716
1789031198197431600,46.578431640625,-2.2751400470733643,-1.4958003759384155,-0.5530427694320679
1789031198207437600,46.5884375,-2.230219602584839,-1.415678858757019,-0.44488856196403503
1789031198217444600,46.59844458007812,-2.0821292400360107,-1.153637409210205,-0.47085466980934143
1789031198227450600,46.60845068359375,-1.9303208589553833,-0.887064516544342,-0.6112202405929565
1789031198237456600,46.61845654296875,-1.8297066688537598,-0.6525028944015503,-0.7490600943565369
1789031198247463400,46.62846337890625,-1.790732502937317,-0.6025965213775635,-0.8075538277626038
1789031198257469700,46.6384697265625,-1.7351113557815552,-0.5940850377082825,-0.7509560585021973
1789031198267476500,46.6484765625,-1.633953332901001,-0.4049246609210968,-0.5726945996284485
1789031198277482500,46.658482421875,-1.5190322399139404,-0.16677145659923553,-0.38671359419822693
1789031198287488500,46.66848852539062,-1.425653338432312,-0.29872822761535645,-0.2765018939971924
1789031198297495600,46.67849560546875,-1.3263885974884033,-0.631547212600708,-0.16274124383926392
1789031198307501600,46.68850146484375,-1.2280298471450806,-0.8511364459991455,-0.02262350171804428
1789031198317508600,46.69850854492187,-1.1394484043121338,-0.8561618328094482,0.046025600284338
1789031198327514600,46.7085146484375,-0.9820966720581055,-0.5206823945045471,-0.0603976771235466
1789031198337520600,46.71852075195312,-0.7831010222434998,-0.1272592395544052,-0.20241312682628632
1789031198347527400,46.72852734375,-0.632775604724884,0.031373146921396255,-0.2464592158794403
1789031198357533700,46.73853369140625,-0.4549861550331116,-0.041676297783851624,-0.12797199189662933
1789031198367540500,46.74854052734375,-0.20846086740493774,-0.13097280263900757,0.01663682982325554
1789031198377546500,46.75854638671875,-0.03318306803703308,-0.3485237658023834,0.12743763625621796
1789031198387552500,46.76855249023438,0.03511810302734375,-0.4703792631626129,0.20285329222679138
1789031198397559600,46.7785595703125,0.08664840459823608,-0.357770174741745,0.18674036860466003
1789031198407565600,46.788565673828124,0.2313385307788849,0.013634514063596725,0.01408102922141552
1789031198417571600,46.79857153320312,0.3666801154613495,0.15684467554092407,-0.007765147835016251
1789031198427578600,46.80857861328125,0.49106886982917786,0.14180637896060944,0.06543964892625809
1789031198437584600,46.81858471679688,0.5190719962120056,-0.06631352752447128,0.17721252143383026
1789031198447591400,46.82859130859375,0.5718209147453308,-0.08080483973026276,0.14434479176998138
1789031198457597400,46.83859741210937,0.67887282371521,0.20096878707408905,-0.075818732380867
1789031198467603700,46.84860375976562,0.7888603806495667,0.5230759382247925,-0.18592216074466705
1789031198477610500,46.85861059570313,0.912793755531311,0.7257621884346008,-0.164951354265213
1789031198487616500,46.868616455078126,1.0520076751708984,0.9108339548110962,-0.10901356488466263
1789031198497623800,46.87862377929687,1.2393593788146973,1.0088186264038086,-0.08423124998807907
1789031198507630000,46.888630126953124,1.4513815641403198,0.9152382612228394,-0.04102284088730812
1789031198517636000,46.898635986328124,1.5699286460876465,0.7318708300590515,0.0754433125257492
1789031198527643000,46.90864282226563,1.628144383430481,0.6597914695739746,0.19181105494499207
1789031198537649200,46.91864916992188,1.6957931518554688,0.7336646318435669,0.2746257781982422
1789031198547656000,46.928656005859374,1.813308835029602,0.7940835356712341,0.3280766010284424
1789031198557662000,46.93866186523437,1.9760613441467285,0.8523127436637878,0.32317081093788147
1789031198567668000,46.94866796875,2.134787082672119,0.9295879006385803,0.26796138286590576
1789031198577675000,46.95867504882813,2.244173765182495,0.9983925223350525,0.27805501222610474
1789031198587681000,46.968680908203126,2.268275022506714,0.9105833768844604,0.4144917130470276
1789031198597688000,46.97868798828125,2.158036708831787,0.6636680960655212,0.5680354833602905
1789031198607694000,46.98869409179687,2.099491596221924,0.6206904649734497,0.6035876870155334
1789031198617700000,46.9987001953125,2.1295392513275146,0.739476203918457,0.6068699955940247
1789031198627707000,47.008706787109375,2.2338879108428955,0.8377007842063904,0.6318707466125488
1789031198637713000,47.018712890625,2.3624367713928223,0.6902762055397034,0.6635434627532959
1789031198647720200,47.02872021484375,2.508685827255249,0.4229971766471863,0.7532489895820618
1789031198657726000,47.03872583007813,2.614670991897583,0.22255702316761017,0.9593299627304077
1789031198667732000,47.04873193359375,2.679877996444702,0.25297966599464417,1.1215193271636963
1789031198677739300,47.0587392578125,2.6672327518463135,0.4064376652240753,1.1421633958816528
1789031198687745000,47.0687451171875,2.5806078910827637,0.6021909713745117,1.0802607536315918
1789031198697752000,47.078751953125,2.441366195678711,0.7873581647872925,1.0187453031539917
1789031198707757800,47.0887578125,2.338191509246826,0.7937746644020081,1.0534634590148926
1789031198717764000,47.09876416015625,2.2690141201019287,0.7110128998756409,1.0926949977874756
1789031198727771100,47.108771240234375,2.147085666656494,0.575671374797821,1.056050181388855
1789031198737777000,47.11877685546875,2.0145788192749023,0.3921838104724884,0.9579821825027466
1789031198747783000,47.128782958984374,1.9096838235855103,0.25948217511177063,0.8760436177253723
1789031198757790200,47.13879028320312,1.7418913841247559,0.2701073884963989,0.8220264315605164
1789031198767796000,47.1487958984375,1.5396488904953003,0.5123974680900574,0.7540302276611328
1789031198777803000,47.158802978515624,1.372876763343811,0.8368045687675476,0.6673049330711365
1789031198787809000,47.16880908203125,1.2351725101470947,0.7630380392074585,0.6187020540237427
1789031198797815000,47.17881494140625,1.0626516342163086,0.20827464759349823,0.6212946176528931
1789031198807822000,47.18882202148438,0.863946259021759,-0.4398076832294464,0.6609915494918823
1789031198817827800,47.198827880859376,0.6243645548820496,-0.6974525451660156,0.6656222939491272
1789031198827835100,47.208835205078124,0.34419021010398865,-0.2887868285179138,0.5209438800811768
1789031198837841200,47.21884106445312,0.10792599618434906,0.1334342062473297,0.2766476273536682
1789031198847847000,47.22884692382812,-0.08739390224218369,0.3356114625930786,0.04386760666966438
1789031198857854200,47.23885424804688,-0.21991971135139465,0.1437288373708725,-0.029635107144713402
1789031198867860000,47.24885986328125,-0.34358784556388855,-0.18273797631263733,0.04469830542802811
1789031198877867000,47.25886694335937,-0.45833227038383484,-0.3472464680671692,0.04843871295452118
1789031198887873000,47.268873046875,-0.5996092557907104,-0.405775785446167,-0.04702606052160263
1789031198897879000,47.27887915039062,-0.7900636196136475,-0.2276369333267212,-0.308441162109375
1789031198907886000,47.288885986328125,-0.9726223945617676,-0.02275930903851986,-0.5709501504898071
1789031198917892000,47.29889208984375,-1.0730698108673096,0.16132478415966034,-0.6749535202980042
1789031198927899100,47.30889916992187,-1.0450294017791748,0.18554966151714325,-0.6471579074859619
1789031198937905200,47.3189052734375,-0.948239803314209,0.023524543270468712,-0.56959068775177
1789031198947911000,47.32891088867188,-0.8517289161682129,-0.0373162217438221,-0.49930116534233093
1789031198957918000,47.33891796875,-0.8209409117698669,-0.09453130513429642,-0.442065566778183
1789031198967924200,47.34892431640625,-0.8005789518356323,0.03224821388721466,-0.4697708189487457
1789031198977931000,47.35893090820313,-0.7487272024154663,0.25503280758857727,-0.45376574993133545
1789031198987937000,47.36893701171875,-0.7876985669136047,0.3366924822330475,-0.3988390862941742
1789031198997943000,47.37894311523438,-0.9111661314964294,0.25910821557044983,-0.3388543128967285
1789031199007950000,47.3889501953125,-1.1229093074798584,-0.02843131497502327,-0.18971210718154907
1789031199017956000,47.3989560546875,-1.3409924507141113,-0.48768651485443115,-0.05823265388607979
1789031199027963000,47.408962890625,-1.471260905265808,-0.9397187232971191,-0.04631023108959198
1789031199037969200,47.41896923828125,-1.5673238039016724,-1.1423743963241577,-0.20718300342559814
1789031199047975200,47.42897509765625,-1.6070419549942017,-0.8630090355873108,-0.4599683880805969
1789031199057982000,47.43898193359375,-1.5993403196334839,-0.2812995910644531,-0.5955566167831421
1789031199067988000,47.44898803710937,-1.6525728702545166,0.038255054503679276,-0.6811295747756958
1789031199077994000,47.45899389648437,-1.7885470390319824,-0.11705544590950012,-0.750602126121521
1789031199088001000,47.4690009765625,-1.9838539361953735,-0.45564788579940796,-0.7567493915557861
1789031199098007000,47.47900708007813,-2.0804519653320312,-0.7167159914970398,-0.6315179467201233
1789031199108014000,47.48901416015625,-2.066643714904785,-0.753028154373169,-0.4989730417728424
1789031199118020000,47.49902001953125,-2.0364770889282227,-0.6352136135101318,-0.528555154800415
1789031199128026000,47.50902612304687,-2.077461004257202,-0.34129396080970764,-0.7438187599182129
1789031199138033200,47.519033203125,-2.11421275138855,-0.1979578286409378,-0.9572125673294067
1789031199148039200,47.5290390625,-2.088651180267334,-0.42336001992225647,-0.9313365817070007
1789031199158046000,47.5390458984375,-1.9215974807739258,-0.48337382078170776,-0.7773070931434631
1789031199168052000,47.54905200195312,-1.7943137884140015,-0.5655158162117004,-0.6355582475662231
1789031199178058200,47.55905834960937,-1.8179376125335693,-0.5965094566345215,-0.6472130417823792
1789031199188065000,47.56906494140625,-1.858561635017395,-0.6483078002929688,-0.6439997553825378
1789031199198071000,47.579071044921875,-1.732959270477295,-0.7023175358772278,-0.4521925449371338
1789031199208078000,47.589078125,-1.5078545808792114,-0.7197526097297668,-0.1735488325357437
1789031199218084000,47.599083984375,-1.407986044883728,-0.9127846360206604,0.0007563891122117639
1789031199228090000,47.60909008789063,-1.4376070499420166,-1.3188683986663818,0.061718784272670746
1789031199238097000,47.619096923828124,-1.5376678705215454,-1.765125036239624,0.08538710325956345
1789031199248103200,47.629103271484375,-1.613122820854187,-1.983795166015625,0.053925830870866776
1789031199258110000,47.63910986328125,-1.6003825664520264,-1.7426105737686157,-0.08294253051280975
1789031199268116000,47.64911596679688,-1.5212832689285278,-1.350646734237671,-0.2561575472354889
1789031199278122000,47.6591220703125,-1.4339520931243896,-0.7695361971855164,-0.3481212854385376
1789031199288129000,47.66912890625,-1.3606698513031006,-0.43012726306915283,-0.3231618106365204
1789031199298135000,47.67913500976562,-1.2658953666687012,-0.395028680562973,-0.22788482904434204
1789031199308141000,47.68914111328125,-1.2345253229141235,-0.3739423453807831,-0.19086386263370514
1789031199318148000,47.69914819335938,-1.1798357963562012,-0.3729274272918701,-0.18286213278770447
1789031199328154000,47.70915405273438,-1.1046168804168701,-0.29887768626213074,-0.19038169085979462
1789031199338161000,47.71916088867187,-1.0182774066925049,-0.3657129108905792,-0.13503508269786835
1789031199348167000,47.7291669921875,-0.9062433838844299,-0.6152634024620056,-0.035464294254779816
1789031199358173200,47.73917309570312,-0.8617230653762817,-0.97358238697052,0.038672786206007004
1789031199368180000,47.749179931640626,-0.8470273613929749,-1.0496087074279785,0.03111802227795124
1789031199378186000,47.75918603515625,-0.7415432929992676,-0.4667342007160187,-0.13525284826755524
1789031199388193000,47.76919311523437,-0.4572553038597107,0.19572868943214417,-0.310106098651886
1789031199398199000,47.77919897460937,-0.25153037905693054,0.4819561839103699,-0.24382400512695312
1789031199408205000,47.789205078125,-0.1653965264558792,0.6197422742843628,-0.04065221920609474
1789031199418211800,47.7992119140625,0.027785183861851692,0.5504087209701538,-0.0012062785681337118
1789031199428218000,47.809218017578125,0.13675546646118164,0.3141409158706665,-0.05854199826717377
1789031199438225200,47.81922509765625,0.22779083251953125,0.3152325451374054,-0.11247526854276657
1789031199448231000,47.82923095703125,0.3613600730895996,0.3245048522949219,-0.016428444534540176
1789031199458237000,47.83923681640625,0.5184102058410645,0.46067842841148376,0.04600244387984276
1789031199468244000,47.849243896484374,0.6386228799819946,0.6269874572753906,0.02959321439266205
1789031199478250000,47.85925,0.8114924430847168,0.6929813623428345,-0.057074036449193954
1789031199488256000,47.869256103515625,1.045980453491211,0.6813375949859619,-0.0853307768702507
1789031199498262500,47.879262451171876,1.3161251544952393,0.6689938306808472,0.15619049966335297
1789031199508268500,47.8892685546875,1.5188027620315552,0.5978361368179321,0.5482917428016663
1789031199518275600,47.89927563476562,1.6069995164871216,0.5972515940666199,0.7733134031295776
1789031199528281300,47.90928125,1.5924731492996216,0.7153415083885193,0.7895330190658569
1789031199538287600,47.91928759765625,1.569339632987976,1.0059313774108887,0.6545214056968689
1789031199548294700,47.929294677734376,1.577302098274231,1.2097731828689575,0.504555881023407
1789031199558300400,47.939300537109375,1.6133030652999878,1.0551197528839111,0.5431240200996399
1789031199568307700,47.9493076171875,1.6587085723876953,0.8393611907958984,0.6689780950546265
1789031199578313500,47.9593134765625,1.6663696765899658,0.43337270617485046,0.8138335347175598
1789031199588319500,47.96931958007813,1.6935720443725586,0.1531187891960144,0.9313453435897827
1789031199598326500,47.979326416015624,1.7145994901657104,0.24757179617881775,0.9467000365257263
1789031199608332500,47.98933251953125,1.7277463674545288,0.5698329210281372,0.7815865874290466
1789031199618339600,47.99933959960938,1.765986442565918,1.1339507102966309,0.45313143730163574
1789031199628345600,48.009345703125,1.8392454385757446,1.8138391971588135,0.16079005599021912
1789031199638351400,48.01935131835938,2.0450477600097656,2.232023000717163,0.10830207914113998
1789031199648358700,48.029358642578124,2.294060230255127,2.1103100776672363,0.21519671380519867
1789031199658364400,48.03936450195312,2.5254058837890625,1.6914730072021484,0.39366260170936584
1789031199668370400,48.04937036132812,2.652468681335449,1.132627010345459,0.6767584681510925
1789031199678377700,48.05937768554688,2.652313232421875,0.3347402811050415,0.9525615572929382
1789031199688383500,48.06938354492188,2.3380465507507324,-0.3634151816368103,1.1133164167404175
1789031199698390500,48.079390625,1.8347536325454712,-0.4689839482307434,1.1202640533447266
1789031199708396500,48.089396484375,1.5542035102844238,-0.12918804585933685,1.1562799215316772
1789031199718402600,48.09940258789062,1.7331937551498413,0.2961297035217285,1.0992850065231323
1789031199728409600,48.10940966796875,2.171199083328247,0.37839895486831665,0.9026323556900024
1789031199738415400,48.119415283203125,2.585829973220825,0.24437111616134644,0.7594714760780334
1789031199748422700,48.12942260742187,2.79670786857605,0.43040165305137634,0.7379463911056519
1789031199758428700,48.1394287109375,2.762432813644409,0.6689218282699585,0.7133813500404358
1789031199768434400,48.14943432617188,2.4648895263671875,0.8158654570579529,0.606069803237915
1789031199778441500,48.15944140625,2.028569459915161,0.7601622939109802,0.4573006331920624
1789031199788447700,48.16944775390625,1.5169037580490112,0.4228663444519043,0.43576207756996155
1789031199798454500,48.17945458984375,1.1658519506454468,0.29007500410079956,0.5735295414924622
1789031199808460500,48.18946044921875,0.9635950326919556,0.2809251546859741,0.7593063712120056
1789031199818466300,48.19946630859375,0.753975510597229,0.11178061366081238,0.8464862704277039
1789031199828473600,48.2094736328125,0.5213881134986877,-0.09309849143028259,0.8272541165351868
1789031199838479600,48.219479736328125,0.3183614909648895,-0.2867233455181122,0.714116632938385
1789031199848485400,48.2294853515625,0.1402810513973236,-0.41192182898521423,0.5474092364311218
1789031199858492700,48.23949267578125,-0.03262787312269211,-0.38432005047798157,0.3921690583229065
1789031199868498700,48.24949877929687,-0.228629931807518,-0.31239065527915955,0.24152925610542297
1789031199878505500,48.25950537109375,-0.3479959964752197,-0.2765756845474243,0.06904377788305283
1789031199888511500,48.269511474609374,-0.3507204055786133,-0.16767744719982147,-0.11819923669099808
1789031199898517500,48.279517578125,-0.40764519572257996,-0.07119005918502808,-0.21963344514369965
1789031199908524500,48.28952465820313,-0.5425569415092468,0.09137725830078125,-0.3226180672645569
1789031199918530600,48.29953051757813,-0.7013423442840576,0.16459502279758453,-0.4528040587902069
1789031199928537600,48.30953759765625,-0.8349716663360596,0.22152794897556305,-0.5820105075836182
1789031199938543600,48.319543701171874,-0.8871235251426697,0.32279837131500244,-0.6716634035110474
1789031199948549600,48.32954956054687,-0.861084520816803,0.2555032968521118,-0.6336413025856018
1789031199958556700,48.339556640625,-0.8233872056007385,0.1773403137922287,-0.5573492050170898
1789031199968562700,48.34956274414063,-0.8271190524101257,-0.04517433047294617,-0.48171326518058777
1789031199978569500,48.35956958007812,-0.9029690623283386,-0.2825533151626587,-0.42706549167633057
1789031199988575500,48.36957543945312,-0.9913594722747803,-0.44023340940475464,-0.40561428666114807
1789031199998581800,48.37958178710937,-1.0938972234725952,-0.4277746081352234,-0.3596992492675781
1789031200008588500,48.389588623046876,-1.084778904914856,-0.1492646038532257,-0.31053611636161804
1789031200018594600,48.399594482421875,-1.0833101272583008,0.07837068289518356,-0.23992878198623657
1789031200028600600,48.4096005859375,-1.1866241693496704,0.22756481170654297,-0.22490617632865906
1789031200038607600,48.41960766601562,-1.266147494316101,0.2021113783121109,-0.22945831716060638
1789031200048613600,48.42961352539062,-1.3470369577407837,-0.03569004684686661,-0.21117354929447174
1789031200058620400,48.439620361328124,-1.4294708967208862,-0.2714671492576599,-0.17835114896297455
1789031200068626700,48.449626708984376,-1.4718492031097412,-0.38627684116363525,-0.1402875930070877
1789031200078632700,48.4596328125,-1.5192590951919556,-0.4393842816352844,-0.1391506940126419
1789031200088639500,48.46963940429688,-1.5757756233215332,-0.47068527340888977,-0.2247244119644165
1789031200098645500,48.4796455078125,-1.6253101825714111,-0.5060216784477234,-0.4007801115512848
1789031200108652500,48.489652587890625,-1.6682552099227905,-0.6381458044052124,-0.5535807609558105
1789031200118658600,48.499658447265624,-1.6555280685424805,-0.6835412383079529,-0.6070218682289124
1789031200128664600,48.50966455078125,-1.6226569414138794,-0.5825721621513367,-0.5963709354400635
1789031200138671600,48.51967163085938,-1.6550732851028442,-0.4348301291465759,-0.6492037773132324
1789031200148677600,48.529677734375,-1.787253499031067,-0.29617810249328613,-0.7859711050987244
1789031200158683600,48.53968359375,-1.9677857160568237,-0.20756782591342926,-0.9517658948898315
1789031200168690400,48.5496904296875,-2.060711622238159,-0.07844333350658417,-1.1258431673049927
1789031200178696700,48.55969677734375,-2.0289723873138428,-0.06156022101640701,-1.249945878982544
1789031200188703500,48.569703369140626,-1.9447002410888672,-0.19660204648971558,-1.2956103086471558
1789031200198709500,48.57970947265625,-1.9310835599899292,-0.2654002904891968,-1.171034336090088
1789031200208715500,48.589715576171876,-1.9380736351013184,-0.35950857400894165,-0.9533587098121643
1789031200218722600,48.59972265625,-1.9188954830169678,-0.412718802690506,-0.7846860885620117
1789031200228728600,48.609728515625,-1.8834137916564941,-0.3885902464389801,-0.7367227673530579
1789031200238735400,48.6197353515625,-1.7943408489227295,-0.4116279184818268,-0.7576637268066406
1789031200248741600,48.62974169921875,-1.6602888107299805,-0.6007767915725708,-0.741618275642395
1789031200258747600,48.63974755859375,-1.5209429264068604,-0.8269652128219604,-0.6274282932281494
1789031200268754400,48.64975439453125,-1.3658446073532104,-0.8783665299415588,-0.44560596346855164
1789031200278760400,48.65976049804687,-1.2199281454086304,-0.8835903406143188,-0.38826438784599304
1789031200288766700,48.6697666015625,-1.1431026458740234,-0.8710803985595703,-0.39510050415992737
1789031200298773500,48.6797734375,-1.1208758354187012,-0.8604573011398315,-0.32743439078330994
1789031200308779500,48.689779541015625,-1.1367700099945068,-1.0865267515182495,-0.1818702518939972
1789031200318786600,48.69978662109375,-1.1452088356018066,-1.337918758392334,-0.004007842391729355
1789031200328792600,48.70979248046875,-1.1427080631256104,-1.4476943016052246,0.10833211988210678
1789031200338798600,48.71979858398438,-1.1305257081985474,-1.5076889991760254,0.1944480836391449
1789031200348805400,48.729805419921874,-1.1247698068618774,-1.490025281906128,0.25770652294158936
1789031200358811600,48.739811767578125,-1.0834152698516846,-1.3613330125808716,0.2094881385564804
1789031200368818400,48.749818359375,-0.9952449798583984,-1.12618887424469,0.0921533852815628
1789031200378824400,48.75982446289063,-0.8523512482643127,-0.6882666349411011,-0.1522451788187027
1789031200388830500,48.76983056640625,-0.739477276802063,-0.29964181780815125,-0.3750705420970917
1789031200398837500,48.77983740234375,-0.6671288013458252,-0.1648579090833664,-0.41363203525543213
1789031200408843500,48.78984350585937,-0.5329164266586304,-0.1623525768518448,-0.34338268637657166
1789031200418850300,48.799850341796876,-0.38507452607154846,-0.17620500922203064,-0.28207460045814514
1789031200428856600,48.80985668945313,-0.2706294655799866,-0.34291329979896545,-0.27281031012535095
1789031200438862600,48.81986254882813,-0.18428124487400055,-0.5303894281387329,-0.240326926112175
1789031200448869400,48.82986938476562,-0.16184157133102417,-0.5510528087615967,-0.21524947881698608
1789031200458875600,48.83987573242187,-0.10579933971166611,-0.3182288706302643,-0.28363358974456787
1789031200468881700,48.84988159179687,0.06537137925624847,0.10596734285354614,-0.45250141620635986
1789031200478888400,48.859888427734376,0.21668580174446106,0.4412159025669098,-0.4791468679904938
1789031200488894500,48.86989453125,0.35744091868400574,0.7609208822250366,-0.401239812374115
1789031200498901500,48.87990161132812,0.5559332370758057,1.026888132095337,-0.3145155906677246
1789031200508907500,48.88990747070312,0.7726240754127502,1.0666865110397339,-0.20580756664276123
1789031200518913800,48.89991381835937,0.9895675778388977,0.9370715618133545,-0.10209503024816513
1789031200528920600,48.909920654296876,1.1493746042251587,0.7926341891288757,-0.046589456498622894
1789031200538926600,48.919926513671875,1.2845958471298218,0.7343173027038574,0.013974019326269627
1789031200548933600,48.92993359375,1.4375770092010498,0.7915711998939514,0.08060260117053986
1789031200558939600,48.93993969726562,1.6021515130996704,0.8546582460403442,0.1421666443347931
1789031200568945700,48.94994555664063,1.791481614112854,0.8742384910583496,0.18590478599071503
1789031200578952400,48.959952392578124,1.9907557964324951,0.8423476815223694,0.2710939943790436
1789031200588958700,48.969958740234375,2.117501974105835,0.6263181567192078,0.44347941875457764
1789031200598964700,48.97996484375,2.1266860961914062,0.301125705242157,0.6449164152145386
1789031200608971500,48.98997143554688,2.0792899131774902,0.09617394208908081,0.766201913356781
1789031200618977500,48.9999775390625,2.0829098224639893,0.14964435994625092,0.7677707672119141
1789031200628984600,49.009984619140624,2.073101758956909,0.3231855630874634,0.7665594220161438
1789031200638990600,49.01999047851562,2.066441774368286,0.48505330085754395,0.7250497937202454
1789031200648996600,49.02999658203125,2.042926788330078,0.5532129406929016,0.6918624043464661
1789031200659003600,49.04000366210938,2.040398120880127,0.5208443999290466,0.765831708908081
1789031200669009700,49.050009765625,2.115330696105957,0.4988635182380676,0.871017575263977
1789031200679016700,49.0600166015625,2.2160868644714355,0.5245907306671143,0.9597354531288147
1789031200689022700,49.070022705078124,2.3205771446228027,0.5865787267684937,1.0213357210159302
1789031200699028700,49.08002880859375,2.402116060256958,0.721877932548523,1.042649745941162
1789031200709035500,49.090035400390626,2.4487221240997314,0.8820579648017883,1.0676045417785645
1789031200719041500,49.10004150390625,2.5252785682678223,1.1708815097808838,1.0524168014526367
1789031200729047800,49.1100478515625,2.635058879852295,1.5059406757354736,0.9882755875587463
1789031200739054600,49.1200546875,2.7273762226104736,1.5578951835632324,1.0140008926391602
1789031200749060600,49.130060546875,2.64380145072937,1.1269268989562988,1.2199456691741943
1789031200759067600,49.140067626953126,2.408458948135376,0.5853190422058105,1.4399869441986084
1789031200769073700,49.15007373046875,2.146143913269043,0.3336872160434723,1.5647189617156982
1789031200779079700,49.16007958984375,1.9547711610794067,0.3830946981906891,1.5413480997085571
1789031200789086500,49.17008642578125,1.7479286193847656,0.6193491220474243,1.4013031721115112
1789031200799092700,49.1800927734375,1.5434620380401611,0.9211505055427551,1.191750407218933
1789031200809099800,49.190099853515626,1.4481170177459717,1.0312814712524414,1.0744572877883911
1789031200819105500,49.20010546875,1.4986296892166138,0.8620293140411377,1.0616211891174316
1789031200829111600,49.210111572265625,1.5007250308990479,0.6343339085578918,1.095406413078308
1789031200839118600,49.22011865234375,1.3958194255828857,0.3104591369628906,1.1015008687973022
1789031200849124600,49.23012451171875,1.1541192531585693,0.3626282215118408,0.976107120513916
1789031200859130600,49.24013061523438,0.8500871658325195,0.6339513063430786,0.8099144101142883
1789031200869137700,49.2501376953125,0.7189774513244629,0.8241976499557495,0.7180476188659668
1789031200879143700,49.260143798828125,0.63893723487854,0.4889661371707916,0.7378620505332947
1789031200889150700,49.27015063476563,0.47200238704681396,-0.11546768248081207,0.7311878204345703
1789031200899156500,49.28015649414063,0.2173544019460678,-0.6249693036079407,0.726950466632843
1789031200909162800,49.29016284179688,-0.023702366277575493,-0.660498857498169,0.7523441910743713
1789031200919169800,49.300169677734374,-0.18567928671836853,0.02814454212784767,0.720393180847168
1789031200929175600,49.31017553710937,-0.240804523229599,0.8927063941955566,0.5949903130531311
1789031200939181600,49.320181640625,-0.21398009359836578,0.9293525815010071,0.5516449809074402
1789031200949188600,49.33018872070313,-0.201508566737175,0.32716265320777893,0.6416462659835815
1789031200959194600,49.340194580078126,-0.24721133708953857,-0.18090403079986572,0.7952837347984314
1789031200969201700,49.35020166015625,-0.32736727595329285,-0.46654313802719116,0.9233980178833008
1789031200979207700,49.36020776367187,-0.429085373878479,-0.6333557963371277,0.842980682849884
1789031200989213700,49.37021362304687,-0.5066837668418884,-0.6138740181922913,0.46281152963638306
1789031200999220700,49.380220703125,-0.5121325850486755,-0.21645019948482513,-0.14424295723438263
1789031201009226500,49.3902265625,-0.5177532434463501,-0.07732156664133072,-0.5781359672546387
1789031201019233800,49.40023388671875,-0.6018635630607605,-0.23159289360046387,-0.7182326316833496
1789031201029239600,49.41023950195312,-0.8064329624176025,-0.26145678758621216,-0.7154662609100342
1789031201039245600,49.42024560546875,-1.0288565158843994,-0.10945741087198257,-0.6600770354270935
1789031201049252900,49.4302529296875,-1.093352198600769,-0.16390693187713623,-0.4702591896057129
1789031201059258600,49.440258544921875,-1.0298768281936646,-0.39081892371177673,-0.196467325091362
1789031201069264600,49.4502646484375,-0.9385964870452881,-0.2036295086145401,-0.10300212353467941
1789031201079271700,49.46027172851562,-0.8743786215782166,0.023521628230810165,-0.10833963006734848
1789031201089277700,49.47027758789063,-0.6907193064689636,0.11892429739236832,-0.1621929556131363
1789031201099284700,49.48028466796875,-0.40961122512817383,0.16205790638923645,-0.2450992912054062
1789031201109290500,49.49029052734375,-0.37038904428482056,0.0807037204504013,-0.24568375945091248
1789031201119296500,49.500296630859374,-0.3775329887866974,0.16264599561691284,-0.35876771807670593
1789031201129303800,49.5103037109375,-0.4120958745479584,0.06802267581224442,-0.5649720430374146
1789031201139309600,49.5203095703125,-0.47841203212738037,-0.15354113280773163,-0.7063038945198059
1789031201149316600,49.530316650390624,-0.4608847200870514,-0.1705520898103714,-0.7701360583305359
1789031201159322600,49.54032250976562,-0.3921237587928772,-0.03782893344759941,-0.7661144137382507
1789031201169328600,49.55032861328125,-0.40265795588493347,0.07812091708183289,-0.75374436378479
1789031201179335700,49.56033569335938,-0.5019465088844299,0.16248640418052673,-0.8019792437553406
1789031201189341400,49.57034155273438,-0.5671025514602661,0.13744519650936127,-0.8793386220932007
1789031201199347700,49.58034765625,-0.5541126728057861,-0.04534032568335533,-0.8191893100738525
1789031201209354800,49.59035473632812,-0.4917472004890442,-0.13284525275230408,-0.5880373120307922
1789031201219360500,49.60036059570312,-0.3076234459877014,-0.16447216272354126,-0.2630293667316437
1789031201229367800,49.61036791992188,-0.09925469756126404,0.02856989949941635,-0.11179662495851517
1789031201239373600,49.62037353515625,0.027851859107613564,0.3748359680175781,-0.1774400770664215
1789031201249379600,49.630379638671876,0.003084380179643631,0.643366813659668,-0.3130534291267395
1789031201259387000,49.640386962890624,-0.007093422114849091,0.6344262957572937,-0.45249679684638977
1789031201269392600,49.650392578125,-0.0459098219871521,0.4167307913303375,-0.49095404148101807
1789031201279398700,49.66039868164062,0.010604583658277988,0.2658033072948456,-0.3966429829597473
1789031201289405700,49.67040576171875,0.19164329767227173,0.40229517221450806,-0.350528359413147
1789031201299411700,49.68041162109375,0.3403121531009674,0.5639035105705261,-0.39182358980178833
1789031201309418800,49.69041870117187,0.5391443967819214,0.5526360869407654,-0.41349494457244873
1789031201319424500,49.70042456054688,0.7260301113128662,0.528528094291687,-0.3826614022254944
1789031201329430500,49.71043041992188,1.0358246564865112,0.7472802400588989,-0.41422197222709656
1789031201339437800,49.720437744140625,1.2804287672042847,0.9408776760101318,-0.404406875371933
1789031201349443600,49.730443603515624,1.2359938621520996,0.728905200958252,-0.371033251285553
1789031201359450600,49.74045068359375,1.1469484567642212,0.2989213764667511,-0.3135251998901367
1789031201369457000,49.75045678710938,1.130584478378296,0.17253325879573822,-0.3072085678577423
1789031201379462700,49.76046264648438,1.2812467813491821,0.2107858508825302,-0.29660600423812866
1789031201389469700,49.7704697265625,1.4633361101150513,0.3273952603340149,-0.23901334404945374
1789031201399475500,49.78047534179687,1.759008526802063,0.3367067277431488,-0.17396722733974457
1789031201409481700,49.790481689453124,1.8766785860061646,0.13808481395244598,-0.06107471510767937
1789031201419488800,49.80048876953125,1.3601198196411133,-0.1953328251838684,0.038636431097984314
1789031201429494500,49.81049462890625,0.8973096609115601,-0.5985580682754517,0.02995871566236019
1789031201439501800,49.820501708984374,0.6439591646194458,-0.7436870336532593,-0.07130611687898636
1789031201449507800,49.8305078125,0.5837591290473938,-0.8717775940895081,-0.1344730406999588
1789031201459513600,49.840513671875,0.7819821834564209,-0.9655821323394775,-0.17943039536476135
1789031201469520600,49.85052075195313,0.9432228207588196,-0.9407301545143127,-0.11058013886213303
1789031201479526700,49.860526611328126,1.1341593265533447,-0.6435386538505554,-0.08314425498247147
1789031201489532700,49.87053271484375,1.2573763132095337,-0.27840834856033325,-0.08201193064451218
1789031201499539700,49.88053979492187,1.1878284215927124,0.007360281888395548,-0.10403573513031006
1789031201509545500,49.89054541015625,0.8253259062767029,0.14065562188625336,-0.06804158538579941
1789031201519552500,49.900552490234375,0.2699366807937622,0.24980314075946808,0.030705761164426804
1789031201529558500,49.91055859375,-0.082350954413414,0.2756751477718353,0.06477008759975433
1789031201539564500,49.920564453125,-0.14457544684410095,0.33744558691978455,0.06836321949958801
1789031201549571600,49.93057153320313,-0.233085498213768,0.3251057267189026,0.19412656128406525
1789031201559577300,49.94057739257813,-0.3654736578464508,0.33301904797554016,0.38430261611938477
1789031201569584600,49.950584716796875,-0.11181142181158066,0.4469414949417114,0.5412885546684265
1789031201579590700,49.960590576171874,0.8106995820999146,-0.051536206156015396,0.7980644106864929
1789031201589596400,49.970596435546874,1.689935564994812,-0.40976157784461975,0.899272620677948
1789031201599603700,49.98060375976563,2.226078748703003,-0.3661981225013733,0.850113570690155
1789031201609609700,49.99060961914063,2.6084208488464355,-0.2951364815235138,0.846089780330658
1789031201619615500,50.00061547851563,2.6122162342071533,-0.253237783908844,0.9560093283653259
1789031201629622500,50.01062255859375,2.091731071472168,-0.3533366024494171,0.9791896343231201
1789031201639628500,50.020628662109374,1.641597032546997,-0.6446799635887146,0.9527968764305115
1789031201649635600,50.03063549804688,1.5069968700408936,-0.8991618752479553,0.9193325638771057
1789031201659641600,50.0406416015625,1.4317649602890015,-0.9668527841567993,0.8285627365112305
1789031201669647400,50.0506474609375,1.2728097438812256,-1.136034369468689,0.7398845553398132
1789031201679654700,50.06065454101562,1.1324331760406494,-1.5086513757705688,0.6473439335823059
1789031201689660700,50.07066064453125,1.1397888660430908,-1.7816194295883179,0.5042240619659424
1789031201699666400,50.08066650390625,1.1265374422073364,-1.8056060075759888,0.34528499841690063
1789031201709673700,50.090673828125,0.9342913031578064,-2.0113234519958496,0.2781144380569458
1789031201719679500,50.100679443359375,0.6297135353088379,-2.457850933074951,0.2227345108985901
1789031201729686500,50.1106865234375,0.28646501898765564,-2.8633978366851807,0.3187375068664551
1789031201739692500,50.12069262695312,-0.02285928837954998,-3.368985891342163,0.6038169264793396
1789031201749698600,50.13069848632812,-0.35030215978622437,-3.7352607250213623,0.7284812927246094
1789031201759705600,50.14070556640625,-0.6308947205543518,-3.5649313926696777,0.7426796555519104
1789031201769711600,50.150711669921876,-0.831387996673584,-3.239133834838867,0.8057052493095398
1789031201779718700,50.16071875,-0.9966627359390259,-3.3937854766845703,0.7357519865036011
1789031201789724700,50.170724609375,-1.1455129384994507,-3.5394482612609863,0.5726107358932495
1789031201799730400,50.18073046875,-1.1404979228973389,-3.3628389835357666,0.3691936731338501
1789031201809737500,50.190737548828125,-1.1765141487121582,-3.03971266746521,0.5278719067573547
1789031201819743700,50.20074365234375,-1.258931040763855,-2.5492334365844727,0.7336940765380859
1789031201829749500,50.21074951171875,-1.3396663665771484,-2.1915457248687744,0.931490421295166
1789031201839756500,50.22075659179688,-1.2907369136810303,-2.250674247741699,1.0035216808319092
1789031201849762600,50.23076245117188,-0.9202653169631958,-2.2105467319488525,0.7559199929237366
1789031201859769600,50.24076953125,-0.748622477054596,-1.840209722518921,0.5820536613464355
1789031201869775600,50.250775634765624,-0.6241065859794617,-1.5790799856185913,0.7347180247306824
1789031201879781400,50.26078149414062,-0.46601253747940063,-1.6111407279968262,0.950532853603363
1789031201889788700,50.27078857421875,-0.4631560146808624,-1.783755898475647,1.0294229984283447
1789031201899794700,50.28079467773438,-0.4272611141204834,-1.771507978439331,0.9558377861976624
1789031201909800400,50.29080053710938,-0.510123610496521,-1.5763375759124756,0.8246455788612366
1789031201919807500,50.30080737304687,-0.7649375200271606,-0.8565442562103271,0.7974187135696411
1789031201929813500,50.3108134765625,-0.8814687132835388,0.003205652814358473,0.7846253514289856
1789031201939820500,50.320820556640626,-0.7496435642242432,0.7061022520065308,0.883148729801178
1789031201949826600,50.33082666015625,-0.37355437874794006,1.101517915725708,0.9146934747695923
1789031201959832300,50.340832275390625,0.020243801176548004,2.2016847133636475,0.7867498993873596
1789031201969839600,50.35083959960937,0.10424257814884186,3.107452154159546,0.3269498646259308
1789031201979845600,50.360845703125,0.05714351311326027,2.8292272090911865,-0.06637239456176758
1789031201989851400,50.37085131835938,-0.382322758436203,1.8418267965316772,0.2451840043067932
1789031201999858700,50.380858642578126,-0.448298841714859,0.5809911489486694,0.8889259099960327
1789031202009864400,50.390864501953125,0.23378261923789978,-0.4049908518791199,1.7322165966033936
1789031202019871500,50.40087158203125,1.06674063205719,-1.4646575450897217,2.396573066711426
1789031202029877500,50.41087744140625,1.3777439594268799,-0.9725962281227112,2.999211549758911
1789031202039883500,50.42088354492188,1.2959295511245728,-1.115052342414856,2.550246238708496
1789031202049890600,50.430890625,0.7092792987823486,-0.5729270577430725,2.360578775405884
1789031202059896600,50.440896484375,0.7373197674751282,0.8282405734062195,3.3561172485351562
1789031202069902300,50.45090234375,0.288215309381485,1.8458309173583984,2.545330762863159
1789031202079909600,50.46090966796875,-0.11297100782394409,3.3724417686462402,2.039193868637085
1789031202089915400,50.47091528320313,-0.18685270845890045,4.802212715148926,2.5878655910491943
1789031202099922700,50.480922607421874,-0.37408119440078735,5.544873237609863,1.9209814071655273
1789031202109928700,50.4909287109375,-0.7457639575004578,5.941572666168213,1.3098269701004028
1789031202119934500,50.5009345703125,-1.1488744020462036,5.942081451416016,1.2884101867675781
1789031202129941500,50.51094140625,-1.5802134275436401,5.46555233001709,1.3684576749801636
1789031202139947800,50.52094775390625,-2.1153252124786377,4.98160457611084,1.4845573902130127
1789031202149954600,50.53095458984375,-2.661414384841919,5.072277069091797,1.9482265710830688
1789031202159960600,50.540960693359374,-3.0613036155700684,4.763368129730225,1.8626549243927002
1789031202169966300,50.55096630859375,-3.6444132328033447,4.499873638153076,1.53897225856781
1789031202179973600,50.5609736328125,-4.317376136779785,4.355494499206543,1.3386201858520508
1789031202189979600,50.57097973632813,-5.02293586730957,4.327262878417969,1.3408279418945312
1789031202199985400,50.5809853515625,-5.698355197906494,4.322507381439209,1.4756147861480713
1789031202209992700,50.59099267578125,-6.337177276611328,4.291194438934326,1.6447097063064575
1789031202219998700,50.60099877929687,-6.6933274269104,4.226568222045898,1.6743930578231812
1789031202230005500,50.611005615234376,-6.669076442718506,4.313133716583252,1.5282639265060425
1789031202240011500,50.621011474609375,-6.484833240509033,4.721579551696777,1.3908568620681763
1789031202250017500,50.631017578125,-6.14996337890625,5.083174705505371,1.254192590713501
1789031202260024600,50.64102465820312,-5.872259616851807,5.173511505126953,1.1253409385681152
1789031202270030600,50.65103051757813,-5.747576713562012,5.053353786468506,1.0943543910980225
1789031202280036400,50.66103637695313,-5.7263054847717285,4.917724609375,1.1662964820861816
1789031202290043600,50.671043701171875,-5.784630298614502,4.799489974975586,1.315818428993225
1789031202300049700,50.681049560546874,-5.812022686004639,4.727198600769043,1.419230580329895
1789031202310056400,50.69105639648438,-5.6825947761535645,4.579303741455078,1.424659252166748
1789031202320062700,50.70106274414063,-5.347988128662109,4.715548038482666,1.1591722965240479
1789031202330068500,50.711068359375,-4.91396951675415,4.958009719848633,0.7380935549736023
1789031202340075500,50.721075439453124,-4.29652214050293,5.482738971710205,0.1645115166902542
1789031202350081500,50.73108154296875,-3.541564464569092,5.885249137878418,-0.44456982612609863
1789031202360087600,50.741087646484374,-2.9695818424224854,5.908573627471924,-0.880431592464447
1789031202370094600,50.75109448242188,-2.6673455238342285,5.457391738891602,-0.8815417289733887
1789031202380100600,50.7611005859375,-2.3865418434143066,4.508561134338379,-0.3267439901828766
1789031202390107600,50.771107666015624,-1.948583722114563,3.6663968563079834,0.09088543057441711
1789031202400113700,50.78111376953125,-1.7804296016693115,2.6476590633392334,0.4307740330696106
1789031202410119400,50.79111938476562,-1.997496247291565,1.6733789443969727,0.9090675115585327
1789031202420126500,50.80112646484375,-2.453364849090576,0.6516883373260498,1.4051728248596191
1789031202430132700,50.8111328125,-2.9977710247039795,-0.23448720574378967,1.6725045442581177
1789031202440138500,50.821138427734375,-3.5088257789611816,-1.0318527221679688,1.7535227537155151
1789031202450145500,50.8311455078125,-3.877476692199707,-1.7326185703277588,1.6164156198501587
1789031202460151600,50.84115161132812,-4.176786422729492,-1.8314093351364136,1.0314499139785767
1789031202470158600,50.85115869140625,-4.353194713592529,-1.3037371635437012,0.3949700593948364
1789031202480164600,50.86116455078125,-4.339792728424072,-0.5909183621406555,-0.057340141385793686
1789031202490170400,50.87117041015625,-4.107560157775879,0.11696019023656845,-0.2724079489707947
1789031202500178000,50.88117797851562,-3.6170272827148438,0.8176748752593994,-0.21630926430225372
1789031202510184000,50.89118383789062,-2.974625825881958,1.3949257135391235,0.028386423364281654
1789031202520190000,50.90118994140625,-2.307141065597534,1.679265022277832,0.28622379899024963
1789031202530197000,50.91119702148438,-1.704114317893982,1.634094476699829,0.4546324610710144
1789031202540202800,50.92120263671875,-1.2604188919067383,1.2937593460083008,0.5612643957138062
1789031202550210000,50.9312099609375,-1.0692150592803955,0.9002990126609802,0.7019445300102234
1789031202560216000,50.94121606445312,-1.0941208600997925,0.7803515195846558,0.9687954187393188
1789031202570221800,50.95122192382812,-1.1718720197677612,0.6493092179298401,1.3701812028884888
1789031202580228900,50.961228759765625,-1.2610656023025513,0.2574727237224579,1.7222468852996826
1789031202590235000,50.97123486328125,-1.343106746673584,-0.12788446247577667,1.9927700757980347
1789031202600241000,50.981240966796875,-1.380834698677063,-0.40488412976264954,2.1508095264434814
1789031202610248000,50.991248046875,-1.351675271987915,-0.611085832118988,2.1120471954345703
1789031202620253700,51.00125366210938,-1.2448556423187256,-0.6312398314476013,1.9095144271850586
1789031202630261000,51.011260986328125,-0.9866458177566528,-0.28311750292778015,1.6225745677947998
1789031202640267000,51.02126708984375,-0.5449386835098267,0.19925686717033386,1.3414679765701294
1789031202650272800,51.03127270507812,-0.1580074429512024,0.3562938868999481,1.1146129369735718
1789031202660280000,51.04128002929688,-0.07048479467630386,0.08911892771720886,0.8313843607902527
1789031202670285800,51.05128588867188,-0.22585918009281158,-0.3281201422214508,0.46469295024871826
1789031202680291800,51.06129174804688,-0.4855453372001648,-0.6176968216896057,0.07245539873838425
1789031202690299000,51.071298828125,-0.6772152781486511,-0.715806782245636,-0.28684255480766296
1789031202700305000,51.081304931640624,-0.7174021005630493,-0.725220799446106,-0.5374994874000549
1789031202710312000,51.09131201171875,-0.6679365634918213,-0.7403515577316284,-0.595220685005188
1789031202720318000,51.10131787109375,-0.6605201959609985,-0.8352695107460022,-0.4737304449081421
1789031202730324000,51.11132397460938,-0.681789219379425,-1.018803596496582,-0.24398553371429443
1789031202740331000,51.1213310546875,-0.7020226120948792,-1.1862133741378784,-0.00014091725461184978
1789031202752213000,51.133212890625,-0.6631239652633667,-1.0799537897109985,0.05484723299741745
1789031202762220000,51.14321997070312,-0.5220166444778442,-0.734947144985199,-0.12543252110481262
1789031202772225800,51.15322583007813,-0.38765087723731995,-0.3311602473258972,-0.4175148904323578
1789031202782233000,51.163233154296876,-0.2637028396129608,-0.06238415837287903,-0.6862696409225464
1789031202792238800,51.17323876953125,-0.15372127294540405,0.09687689691781998,-0.8234959840774536
1789031202802244900,51.183244873046874,-0.07510688900947571,0.21834500133991241,-0.77556973695755
1789031202812252000,51.193251953125,-0.055200181901454926,0.2954351305961609,-0.5492721796035767
1789031202822258000,51.2032578125,-0.06449034810066223,0.3741738796234131,-0.19045275449752808
1789031202832264000,51.21326391601563,-0.08500654250383377,0.47052517533302307,0.21213623881340027
1789031202842271000,51.22327099609375,-0.10720813274383545,0.5462611317634583,0.6153584718704224
1789031202852276700,51.23327685546875,-0.15914538502693176,0.5523073077201843,0.9897347688674927
1789031202862284000,51.24328393554688,-0.2156081199645996,0.42367294430732727,1.306066632270813
1789031202872289800,51.253289794921876,-0.24689693748950958,0.1835627257823944,1.5065172910690308
1789031202882295800,51.2632958984375,-0.25135719776153564,-0.03582741692662239,1.5382786989212036
1789031202892303000,51.27330322265625,-0.1994807869195938,-0.10777182877063751,1.3926713466644287
1789031202902308900,51.28330883789062,-0.07605285942554474,-0.01701982691884041,1.1380915641784668
1789031202912315000,51.29331494140625,0.07757709175348282,0.2246464192867279,0.8578241467475891
1789031202922322000,51.30332202148438,0.19416576623916626,0.4481689929962158,0.5961108207702637
1789031202932328000,51.313327880859376,0.24483832716941833,0.561375617980957,0.4019114375114441
1789031202942335000,51.3233349609375,0.2552667260169983,0.5973671674728394,0.324359655380249
1789031202952340700,51.3333408203125,0.22050580382347107,0.576974093914032,0.3316398859024048
1789031202962347000,51.34334692382812,0.13796351850032806,0.44079411029815674,0.3582770824432373
1789031202972354000,51.35335400390625,0.01970749720931053,0.20513784885406494,0.3672904670238495
1789031202982359800,51.36335986328125,-0.11547508835792542,-0.049106672406196594,0.32665035128593445
1789031202992365800,51.37336572265625,-0.19585302472114563,-0.21729062497615814,0.23520220816135406
1789031203002372900,51.38337280273438,-0.1663890779018402,-0.2316024899482727,0.10940836369991302
1789031203012379000,51.39337890625,-0.05917821079492569,-0.09775786101818085,-0.043025705963373184
1789031203022386000,51.403385986328125,0.04686779901385307,0.08263241499662399,-0.16696389019489288
1789031203032392000,51.413391845703124,0.12055326253175735,0.22047729790210724,-0.22356835007667542
1789031203042398000,51.42339794921875,0.18098706007003784,0.29425299167633057,-0.16637563705444336
1789031203052405000,51.43340502929688,0.19109772145748138,0.35325878858566284,-0.008647661656141281
1789031203062410800,51.44341064453125,0.15551814436912537,0.35414400696754456,0.18643048405647278
1789031203072417000,51.4534169921875,0.12279429286718369,0.279469758272171,0.3866485357284546
1789031203082423800,51.463423828125,0.1021910160779953,0.19811739027500153,0.5435305237770081
1789031203092429800,51.473429931640624,0.06174910441040993,0.12965305149555206,0.6222700476646423
1789031203102437000,51.48343701171875,0.008880033157765865,0.10631576925516129,0.6080455780029297
1789031203112443000,51.49344287109375,-0.045534636825323105,0.15718765556812286,0.5118440985679626
1789031203122449000,51.50344897460938,-0.06501006335020065,0.20788384974002838,0.33848538994789124
1789031203132456000,51.5134560546875,0.01373417116701603,0.29585084319114685,0.15796153247356415
1789031203142462000,51.5234619140625,0.12459570914506912,0.4216679036617279,0.044286906719207764
1789031203152468000,51.53346801757812,0.20031598210334778,0.5156740546226501,0.060516513884067535
1789031203162474800,51.543474853515626,0.21693384647369385,0.48850929737091064,0.14245718717575073
1789031203172480800,51.553480712890625,0.17696473002433777,0.320075124502182,0.1936839371919632
1789031203182488000,51.56348803710937,0.12045325338840485,0.022577665746212006,0.14727330207824707
1789031203192493800,51.57349389648437,0.0861140713095665,-0.4632704257965088,-0.09942910820245743
1789031203202499800,51.58349975585938,0.12890708446502686,-1.0275593996047974,-0.5306897163391113
1789031203212507100,51.593507080078126,0.23454636335372925,-1.278285264968872,-0.9615211486816406
1789031203222513000,51.603512939453125,0.36194291710853577,-1.195430874824524,-1.3030054569244385
1789031203232519000,51.613518798828125,0.5006952285766602,-0.9636061191558838,-1.503892421722412
1789031203242525700,51.62352563476563,0.6345105171203613,-0.6746914982795715,-1.5393584966659546
1789031203252532000,51.63353198242187,0.7388890385627747,-0.39335986971855164,-1.408830165863037
1789031203262539000,51.6435390625,0.7984985709190369,-0.13796007633209229,-1.1109459400177002
1789031203272544800,51.653544677734374,0.7895269989967346,0.11683884263038635,-0.6751745939254761
1789031203282550800,51.66355078125,0.6635594964027405,0.30823835730552673,-0.1725042760372162
1789031203292558000,51.67355810546875,0.3746315538883209,0.3296264410018921,0.26870420575141907
1789031203302563800,51.68356372070313,0.02508634515106678,0.2872968316078186,0.5867428779602051
1789031203312569900,51.69356982421875,-0.29022783041000366,0.30522942543029785,0.7586239576339722
1789031203322577000,51.703576904296874,-0.49530962109565735,0.3846888542175293,0.8067571520805359
1789031203332583000,51.7135830078125,-0.5666565895080566,0.5129371285438538,0.7720582485198975
1789031203342590000,51.72358984375,-0.5224989652633667,0.6454523205757141,0.6891812086105347
1789031203352595700,51.733595703125,-0.3967733383178711,0.6300218105316162,0.5590535402297974
1789031203362602000,51.74360205078125,-0.22618214786052704,0.3913085162639618,0.35775133967399597
1789031203372609000,51.753609130859374,-0.04704215005040169,-0.018189072608947754,0.07399475574493408
1789031203382614800,51.76361474609375,0.05877189710736275,-0.5034668445587158,-0.30278605222702026
1789031203392622000,51.7736220703125,0.08658745139837265,-0.8059256672859192,-0.674612283706665
1789031203402627800,51.7836279296875,0.09607815742492676,-0.7854542136192322,-0.936123788356781
1789031203412633900,51.7936337890625,0.11243933439254761,-0.5580314993858337,-1.052980661392212
1789031203422641000,51.80364086914062,0.13451427221298218,-0.2279699295759201,-1.0102883577346802
1789031203432647000,51.81364697265625,0.18846091628074646,0.17271220684051514,-0.8183258175849915
1789031203442653000,51.82365283203125,0.21551091969013214,0.49030932784080505,-0.5147214531898499
1789031203452660000,51.833659912109376,0.17155013978481293,0.5553144216537476,-0.18239909410476685
1789031203462665700,51.843665771484375,0.10547871887683868,0.39375877380371094,0.11559877544641495
1789031203472673000,51.85367309570312,0.020199138671159744,0.1746598482131958,0.32749927043914795
1789031203482678800,51.8636787109375,-0.07523949444293976,0.03846605494618416,0.44688156247138977
1789031203492684800,51.87368481445313,-0.13936714828014374,-0.031162813305854797,0.47449368238449097
1789031203502692000,51.883692138671876,-0.1555519700050354,-0.06143523007631302,0.4170927107334137
1789031203512697000,51.89369702148438,-0.13220900297164917,-0.022503891959786415,0.30240678787231445
1789031203522702800,51.90370288085938,-0.0736844390630722,0.057631686329841614,0.1834644079208374
1789031203532710000,51.9137099609375,-0.003511478891596198,0.1693105548620224,0.11135239154100418
1789031203542716000,51.9237158203125,0.02538381889462471,0.3359285593032837,0.10951108485460281
1789031203552723000,51.93372290039063,-0.022412685677409172,0.4484023451805115,0.13702037930488586
1789031203562729000,51.94372900390625,-0.145701602101326,0.41128185391426086,0.18349574506282806
1789031203572734700,51.953734619140626,-0.2544143795967102,0.2930733859539032,0.27218714356422424
1789031203582742000,51.96374194335937,-0.3030005693435669,0.15390856564044952,0.3846987783908844
1789031203592748000,51.973748046875,-0.3036859929561615,0.03368806093931198,0.4641932249069214
1789031203602754800,51.9837548828125,-0.27070432901382446,-0.028160395100712776,0.47603553533554077
1789031203612761000,51.99376098632813,-0.2477039247751236,-0.04486854746937752,0.41870275139808655
1789031203622766800,52.003766845703126,-0.264957994222641,0.015594793483614922,0.32345321774482727
1789031203632774000,52.01377392578125,-0.3032684028148651,0.16093230247497559,0.19142641127109528
1789031203642780000,52.02377978515625,-0.3164909780025482,0.26579877734184265,0.031006649136543274
1789031203652786000,52.03378588867187,-0.2871091067790985,0.23577244579792023,-0.11668068170547485
1789031203662793000,52.04379296875,-0.24705836176872253,0.10789837688207626,-0.2029721438884735
1789031203672799000,52.053799072265626,-0.22355474531650543,-0.008100850507616997,-0.20110903680324554
1789031203682806000,52.06380590820312,-0.21246907114982605,-0.05765322595834732,-0.13390415906906128
1789031203692812000,52.07381201171875,-0.21071138978004456,-0.06747627258300781,0.000009502284228801727
1789031203702817800,52.08381787109375,-0.20435096323490143,-0.08323472738265991,0.18280355632305145
1789031203712824800,52.093824951171875,-0.18271878361701965,-0.12204989790916443,0.34163999557495117
1789031203722831000,52.1038310546875,-0.1392887532711029,-0.151068776845932,0.4449160397052765
1789031203732836900,52.1138369140625,-0.08913855254650116,-0.15576520562171936,0.4886555075645447
1789031203742844000,52.12384399414063,-0.050970666110515594,-0.14889691770076752,0.44002673029899597
1789031203752850000,52.13384985351563,-0.03543644770979881,-0.09421209990978241,0.2591426968574524
1789031203762857000,52.14385693359375,-0.030384700745344162,0.03923490643501282,0.018035797402262688
1789031203772863000,52.153863037109375,0.006190506741404533,0.2158782184123993,-0.18777190148830414
1789031203782868700,52.16386865234375,0.054146312177181244,0.3583512008190155,-0.3108709454536438
1789031203792876000,52.1738759765625,0.07693073153495789,0.4474491477012634,-0.3602554500102997
1789031203802882000,52.18388208007813,0.06025641784071922,0.45840248465538025,-0.3058348298072815
1789031203812888800,52.193888916015624,-0.007835447788238525,0.35413479804992676,-0.1427413672208786
1789031203822894800,52.20389477539062,-0.09169572591781616,0.11138526350259781,0.0320698581635952
1789031203832901000,52.213901123046874,-0.12771598994731903,-0.20790143311023712,0.15794554352760315
1789031203842908000,52.22390795898438,-0.17412742972373962,-0.44785356521606445,0.21515609323978424
1789031203852914000,52.233913818359376,-0.32370027899742126,-0.5536584258079529,0.2511425316333771
1789031203862919700,52.243919677734375,-0.46593785285949707,-0.4717336893081665,0.30218228697776794
1789031203872927000,52.25392700195312,-0.501041054725647,-0.24771279096603394,0.3261713981628418
1789031203882933000,52.26393310546875,-0.4514780342578888,0.0054475655779242516,0.27999138832092285
1789031203892939800,52.273939697265625,-0.3432830572128296,0.21713975071907043,0.18382807075977325
1789031203902946000,52.283946044921876,-0.2043781578540802,0.34218287467956543,0.09355862438678741
1789031203912952000,52.2939521484375,-0.12199467420578003,0.37244129180908203,0.03638886660337448
1789031203922958800,52.30395874023438,-0.11437910050153732,0.316668301820755,0.02253350242972374
1789031203932964900,52.31396484375,-0.1238030418753624,0.19239729642868042,0.01519220694899559
1789031203942972000,52.323971923828125,-0.1491589993238449,0.05465461313724518,-0.012227166444063187
1789031203952978000,52.33397802734375,-0.18424130976200104,-0.04026316478848457,-0.038630370050668716
1789031203962984000,52.34398388671875,-0.23362509906291962,-0.08029846101999283,-0.0496731661260128
1789031203972991000,52.35399096679687,-0.2888523042201996,-0.09565624594688416,-0.0391891673207283
1789031203982997000,52.3639970703125,-0.3208293914794922,-0.06901158392429352,-0.018223430961370468
1789031203993003000,52.3740029296875,-0.31362059712409973,-0.02521413564682007,0.0038183073047548532
1789031204003009800,52.384009765625,-0.2742324471473694,-0.04385892674326897,0.01071083452552557
1789031204013016000,52.39401611328125,-0.23004916310310364,-0.11891628056764603,0.0073564378544688225
1789031204023022800,52.40402294921875,-0.2319623827934265,-0.21265769004821777,0.01155704166740179
1789031204033028900,52.41402880859375,-0.28337863087654114,-0.27332133054733276,0.041664861142635345
1789031204043035100,52.42403515625,-0.3280542194843292,-0.2512405216693878,0.07624147832393646
1789031204053042000,52.4340419921875,-0.33773818612098694,-0.23345130681991577,0.059910036623477936
1789031204063048000,52.4440478515625,-0.3471154570579529,-0.28182360529899597,-0.013748472556471825
1789031204073054000,52.45405395507812,-0.36504408717155457,-0.314211905002594,-0.10461172461509705
1789031204083061000,52.46406103515625,-0.37138426303863525,-0.3146324157714844,-0.187816321849823
1789031204093067000,52.47406689453125,-0.349439412355423,-0.35169658064842224,-0.2450542002916336
1789031204103073800,52.48407373046875,-0.2738083004951477,-0.36213749647140503,-0.23757311701774597
1789031204113080000,52.494080078125,-0.1673012226819992,-0.31046614050865173,-0.1928229182958603
1789031204123086000,52.50408618164062,-0.0716005265712738,-0.262175053358078,-0.14284683763980865
1789031204133092900,52.5140927734375,-0.042650070041418076,-0.22209955751895905,-0.11626705527305603
1789031204143099000,52.524098876953126,-0.07242687046527863,-0.19081327319145203,-0.12105195224285126
1789031204153106000,52.53410595703125,-0.14275234937667847,-0.16677486896514893,-0.1803211122751236
1789031204163112000,52.54411181640625,-0.21120545268058777,-0.1388321816921234,-0.27148938179016113
1789031204173118000,52.55411791992187,-0.2356027215719223,-0.10212473571300507,-0.37954631447792053
1789031204183125000,52.564125,-0.22635036706924438,-0.07551230490207672,-0.4684671461582184
1789031204193131000,52.574131103515626,-0.21920618414878845,-0.05639873817563057,-0.4814234673976898
1789031204203137000,52.584136962890625,-0.20611248910427094,-0.06259991228580475,-0.42224082350730896
1789031204213143800,52.59414379882813,-0.16171370446681976,-0.1253204494714737,-0.3243444263935089
1789031204223150000,52.60415014648437,-0.11800803244113922,-0.20768004655838013,-0.186349019408226
1789031204233156900,52.614156982421875,-0.11446397751569748,-0.27088260650634766,-0.03605886921286583
1789031204243163000,52.624162841796874,-0.14162582159042358,-0.3102044463157654,0.10957609862089157
1789031204253169000,52.6341689453125,-0.17765527963638306,-0.30372145771980286,0.23405581712722778
1789031204263176000,52.64417602539063,-0.20862704515457153,-0.26868224143981934,0.3039049208164215
1789031204273182000,52.65418188476563,-0.23808087408542633,-0.19373232126235962,0.29891908168792725
1789031204283188000,52.66418798828125,-0.25826817750930786,-0.10462214797735214,0.21864019334316254
1789031204293195000,52.674195068359374,-0.2565563917160034,-0.027079015970230103,0.06391513347625732
1789031204303201000,52.68420092773437,-0.21005414426326752,0.016782715916633606,-0.13642914593219757
1789031204313207800,52.694207763671876,-0.15833106637001038,0.009444939903914928,-0.3169473707675934
1789031204323213800,52.7042138671875,-0.13529258966445923,-0.008020336739718914,-0.42402589321136475
1789031204333220000,52.71422021484375,-0.12507502734661102,-0.0038794714491814375,-0.4449172914028168
1789031204343227000,52.72422680664062,-0.1227109432220459,0.008812622167170048,-0.40347903966903687
1789031204353233000,52.73423291015625,-0.13679239153862,0.03415684401988983,-0.3270614445209503
1789031204363240000,52.74423999023438,-0.16520512104034424,0.052284713834524155,-0.22604456543922424
1789031204373246000,52.754245849609376,-0.2177494317293167,0.025786414742469788,-0.12508916854858398
1789031204383252000,52.764251953125,-0.27932998538017273,-0.04377801716327667,-0.06416216492652893
1789031204393258800,52.7742587890625,-0.3283601999282837,-0.10110463201999664,-0.04681217670440674
1789031204403265000,52.78426513671875,-0.3381819427013397,-0.10877560079097748,-0.05749091878533363
1789031204413271000,52.79427099609375,-0.3164508044719696,-0.0999799370765686,-0.06964582949876785
1789031204423277800,52.80427783203125,-0.2925665080547333,-0.06570904701948166,-0.07447893172502518
1789031204433283800,52.814283935546875,-0.2642692029476166,0.0020309658721089363,-0.0631910040974617
1789031204443291000,52.82429077148438,-0.22492925822734833,0.08507179468870163,-0.044502004981040955
1789031204453297000,52.834296875,-0.1936836987733841,0.11477585881948471,-0.046993009746074677
1789031204463303000,52.84430297851563,-0.19177021086215973,0.11154916882514954,-0.07291195541620255
1789031204473310000,52.85431005859375,-0.2168292999267578,0.10981792956590652,-0.10016091167926788
1789031204483316000,52.86431591796875,-0.2508607804775238,0.11753524094820023,-0.10589496046304703
1789031204493322000,52.874322021484375,-0.27331820130348206,0.07807067036628723,-0.08284176886081696
1789031204503328800,52.88432885742188,-0.30325984954833984,-0.017657453194260597,-0.021106768399477005
1789031204513335300,52.89433520507812,-0.34161558747291565,-0.13214664161205292,0.06163729727268219
1789031204523342300,52.90434228515625,-0.35470741987228394,-0.23813192546367645,0.12393315881490707
1789031204533348400,52.914348388671876,-0.3277265131473541,-0.29860395193099976,0.1636362224817276
1789031204543354400,52.924354248046875,-0.2769131362438202,-0.32964974641799927,0.17503215372562408
1789031204553361200,52.93436108398438,-0.21772544085979462,-0.3469400405883789,0.17223817110061646
1789031204563367400,52.94436743164062,-0.1539376825094223,-0.3659973442554474,0.16133572161197662
1789031204573373400,52.95437353515625,-0.10294289141893387,-0.35963404178619385,0.13640259206295013
1789031204583380200,52.964380126953124,-0.05475565418601036,-0.2771356999874115,0.11556655168533325
1789031204593386200,52.97438623046875,-0.0101156709715724,-0.15465594828128815,0.10860241204500198
1789031204603393300,52.98439331054688,-0.006249293684959412,-0.047546543180942535,0.0973161980509758
1789031204613399300,52.9943994140625,-0.033814702183008194,0.01796252653002739,0.08705735206604004
1789031204623405300,53.0044052734375,-0.06763950735330582,0.03840841352939606,0.11964059621095657
1789031204633412400,53.014412353515624,-0.11178980022668839,0.014582577161490917,0.19613076746463776
1789031204643418400,53.02441845703125,-0.16520482301712036,-0.21550868451595306,0.2247384488582611
1789031204653424400,53.03442431640625,-0.18207331001758575,-0.5029209852218628,0.18880648910999298
1789031204663431400,53.04443139648438,-0.15451225638389587,-0.6271971464157104,0.1095912978053093
1789031204673437400,53.0544375,-0.1146153137087822,-0.5157114863395691,0.026752429082989693
1789031204683444200,53.0644443359375,-0.0857466459274292,-0.3224290907382965,-0.06471410393714905
1789031204693450200,53.0744501953125,-0.037040792405605316,-0.09591110795736313,-0.10266494750976562
1789031204703456500,53.08445654296875,0.008108842186629772,0.04662260040640831,-0.07839982211589813
1789031204713463300,53.09446337890625,0.02967902086675167,0.06590531766414642,-0.015410281717777252
