time,seconds_elapsed,z,y,x
1789634955461628200,0.062628173828125,-0.039297450333833694,0.6030369997024536,2.5665464401245117
1789634955471668200,0.072668212890625,0.013268555514514446,0.2592966556549072,2.844050168991089
1789634955481707000,0.08270703125,0.007850350812077522,-0.30786454677581787,2.924267530441284
1789634955491747000,0.0927470703125,-0.07723870873451233,-0.8533734083175659,2.8509583473205566
1789634955501787100,0.102787109375,-0.24038448929786682,-1.2324126958847046,2.719472885131836
1789634955511826000,0.112825927734375,-0.4039560556411743,-1.4471189975738525,2.6071321964263916
1789634955521866000,0.122865966796875,-0.5050792694091797,-1.6269007921218872,2.52459716796875
1789634955531905300,0.1329052734375,-0.4984498620033264,-1.954402208328247,2.3832647800445557
1789634955541945300,0.1429453125,-0.46210309863090515,-2.2420296669006348,2.1672275066375732
1789634955551985200,0.152985107421875,-0.47274908423423767,-2.43330717086792,1.9472509622573853
1789634955562024200,0.163024169921875,-0.5425649285316467,-2.520003318786621,1.7547932863235474
1789634955572064300,0.173064208984375,-0.6392403244972229,-2.5865442752838135,1.5550469160079956
1789634955582104300,0.183104248046875,-0.6950940489768982,-2.7055609226226807,1.311173439025879
1789634955592143000,0.19314306640625,-0.6324357390403748,-2.932460308074951,1.0014574527740479
1789634955602183200,0.20318310546875,-0.46569138765335083,-3.3483686447143555,0.5676083564758301
1789634955612222200,0.21322216796875,-0.2465078979730606,-3.6796822547912598,0.08916536718606949
1789634955622262300,0.22326220703125,0.04177556186914444,-3.8084795475006104,-0.2046915590763092
1789634955632302000,0.233302001953125,0.3318382799625397,-3.6714868545532227,-0.3313214182853699
1789634955642341000,0.243341064453125,0.5791035294532776,-3.3553385734558105,-0.3502826392650604
1789634955652381200,0.253381103515625,0.780358612537384,-3.1139872074127197,-0.33784249424934387
1789634955662420000,0.263419921875,1.016322374343872,-3.2507376670837402,-0.24190643429756165
1789634955672460000,0.2734599609375,1.7672035694122314,-3.3146986961364746,0.17302924394607544
1789634955682500000,0.2835,2.3608388900756836,-3.276148557662964,0.7899697422981262
1789634955692539100,0.2935390625,2.591383934020996,-3.4957141876220703,1.3079798221588135
1789634955702579500,0.303579345703125,2.692124366760254,-3.9534692764282227,1.828590989112854
1789634955712619500,0.31361962890625,2.7761363983154297,-4.241424083709717,2.316312551498413
1789634955722658300,0.323658203125,2.839923143386841,-4.3355817794799805,2.6659133434295654
1789634955732698400,0.333698486328125,2.901885986328125,-4.40509557723999,2.748946189880371
1789634955742737400,0.3437373046875,3.0567405223846436,-4.59771728515625,2.5720572471618652
1789634955752777200,0.353777099609375,3.377850294113159,-4.86041784286499,2.3711979389190674
1789634955762817300,0.3638173828125,3.7435643672943115,-4.967951774597168,2.247535467147827
1789634955772856600,0.373856689453125,4.036334037780762,-4.7974443435668945,2.1644558906555176
1789634955782896600,0.383896728515625,4.180141448974609,-4.409383773803711,2.07373046875
1789634955792935400,0.393935302734375,4.165891647338867,-3.926004648208618,1.9523816108703613
1789634955802975500,0.4039755859375,4.0388593673706055,-3.5178239345550537,1.7892770767211914
1789634955813015600,0.414015625,3.860182762145996,-3.337080955505371,1.6226025819778442
1789634955823054600,0.4240546875,3.719017744064331,-3.2151968479156494,1.4863801002502441
1789634955833094400,0.434094482421875,3.6564016342163086,-3.0011932849884033,1.3700580596923828
1789634955843133400,0.444133544921875,3.619253396987915,-2.608797788619995,1.2285914421081543
1789634955853173500,0.454173583984375,3.576263904571533,-2.148045063018799,1.0344797372817993
1789634955863213600,0.464213623046875,3.5104124546051025,-1.7996177673339844,0.8094004392623901
1789634955873252400,0.47425244140625,3.448051929473877,-1.5351709127426147,0.6307656764984131
1789634955883292400,0.48429248046875,3.386016845703125,-1.3318244218826294,0.5513188242912292
1789634955893332500,0.49433251953125,3.2957658767700195,-1.2452219724655151,0.5607836842536926
1789634955903371300,0.504371337890625,3.1686835289001465,-1.2094831466674805,0.6679551005363464
1789634955913411300,0.514411376953125,2.998141050338745,-1.2377091646194458,0.8606619238853455
1789634955923450400,0.524450439453125,2.7972054481506348,-1.265330195426941,1.0974401235580444
1789634955933490400,0.534490478515625,2.613651752471924,-1.2695698738098145,1.3540396690368652
1789634955943530200,0.5445302734375,2.4533193111419678,-1.1844446659088135,1.6112867593765259
1789634955953569500,0.554569580078125,2.3004980087280273,-1.0440057516098022,1.8256880044937134
1789634955963609300,0.564609375,2.1456892490386963,-0.9626504182815552,1.9814648628234863
1789634955973648600,0.574648681640625,1.975156307220459,-1.0207366943359375,2.1064701080322266
1789634955983688400,0.5846884765625,1.7352732419967651,-1.1782019138336182,2.217851400375366
1789634955993728500,0.594728515625,1.4744576215744019,-1.3632525205612183,2.3214683532714844
1789634956003767600,0.604767578125,1.1979588270187378,-1.494538426399231,2.3945438861846924
1789634956013807600,0.6148076171875,0.9421408772468567,-1.4286987781524658,2.3923144340515137
1789634956023846400,0.624846435546875,0.731322705745697,-1.145107388496399,2.27779483795166
1789634956033886500,0.634886474609375,0.5613081455230713,-0.7748131155967712,2.036722183227539
1789634956043926500,0.644926513671875,0.42924875020980835,-0.44274213910102844,1.6742115020751953
1789634956053965300,0.65496533203125,0.314365029335022,-0.14655840396881104,1.2369598150253296
1789634956064005400,0.66500537109375,0.21219824254512787,0.12490042299032211,0.8057664036750793
1789634956074045400,0.67504541015625,0.12574617564678192,0.4625314474105835,0.44833582639694214
1789634956084084500,0.68508447265625,0.041670698672533035,0.8270848393440247,0.16091084480285645
1789634956094124300,0.695124267578125,-0.024220699444413185,1.0583994388580322,-0.06392919272184372
1789634956104163300,0.705163330078125,-0.094439297914505,1.112362265586853,-0.23750430345535278
1789634956114203400,0.715203369140625,-0.1648719161748886,0.9887553453445435,-0.3971498906612396
1789634956124243500,0.725243408203125,-0.22329425811767578,0.7994377017021179,-0.5436235070228577
1789634956134282200,0.7352822265625,-0.26766437292099,0.63721764087677,-0.6577117443084717
1789634956144322300,0.745322265625,-0.2927764654159546,0.5308766961097717,-0.759423553943634
1789634956154361600,0.755361572265625,-0.24835096299648285,0.48310139775276184,-0.8737911581993103
1789634956164401400,0.7654013671875,-0.1478455364704132,0.48453494906425476,-0.9869911074638367
1789634956174441200,0.775441162109375,-0.03611341118812561,0.5187715291976929,-1.077502965927124
1789634956184480500,0.78548046875,0.08062481135129929,0.5408139824867249,-1.1454230546951294
1789634956194520600,0.7955205078125,0.15531477332115173,0.5484181046485901,-1.166826605796814
1789634956204560600,0.805560546875,0.20914238691329956,0.5046099424362183,-1.1472232341766357
1789634956214599400,0.815599365234375,0.2243727445602417,0.4046414792537689,-1.10050368309021
1789634956224639500,0.825639404296875,0.2455430030822754,0.24663448333740234,-1.0440047979354858
1789634956234678500,0.835678466796875,0.2385609894990921,-0.019066166132688522,-0.9847976565361023
1789634956244718600,0.845718505859375,0.1628611981868744,-0.013814907521009445,-0.9083929657936096
1789634956254758400,0.85575830078125,0.002701893448829651,-0.030253536999225616,-0.8728153109550476
1789634956264797400,0.86579736328125,-0.18305519223213196,-0.06714891642332077,-0.8962334394454956
1789634956274837500,0.87583740234375,-0.2657628357410431,0.0035353712737560272,-0.9433335661888123
1789634956284876300,0.885876220703125,-0.2257886677980423,0.15693368017673492,-0.9551195502281189
1789634956294916400,0.895916259765625,-0.16735652089118958,0.25709250569343567,-0.9208646416664124
1789634956304956400,0.905956298828125,-0.15050150454044342,0.2090321183204651,-0.8409882187843323
1789634956314995500,0.915995361328125,-0.12942737340927124,0.1298675239086151,-0.7351065278053284
1789634956325035300,0.92603515625,-0.07673776149749756,0.11716508865356445,-0.6319555044174194
1789634956335074300,0.93607421875,-0.046940188854932785,0.17218492925167084,-0.5506324172019958
1789634956345114400,0.9461142578125,-0.05453699454665184,0.16648274660110474,-0.5034850835800171
1789634956355154400,0.956154541015625,-0.09088967740535736,0.1685083508491516,-0.5054409503936768
1789634956365193500,0.966193359375,-0.09165452420711517,0.20320181548595428,-0.5468973517417908
1789634956375233500,0.976233642578125,-0.057672854512929916,0.2653767764568329,-0.5860506296157837
1789634956385272600,0.9862724609375,-0.013594784773886204,0.3927973806858063,-0.5562697649002075
1789634956395312600,0.996312744140625,0.01161017082631588,0.4712844491004944,-0.45590054988861084
1789634956405352400,1.0063525390625,0.026986028999090195,0.47824931144714355,-0.31187427043914795
1789634956415391500,1.0163916015625,0.058091748505830765,0.4193638861179352,-0.1606871634721756
1789634956425431600,1.026431640625,0.09549028426408768,0.35634613037109375,0.00409911572933197
1789634956435471600,1.0364716796875,0.13141712546348572,0.3440399169921875,0.171184241771698
1789634956445510400,1.046510498046875,0.17747041583061218,0.33713704347610474,0.28801119327545166
1789634956455550500,1.056550537109375,0.238154798746109,0.33242830634117126,0.3618473410606384
1789634956465589500,1.066589599609375,0.26674023270606995,0.38646814227104187,0.43298158049583435
1789634956475629300,1.07662939453125,0.26684248447418213,0.46098071336746216,0.49978429079055786
1789634956485669400,1.08666943359375,0.26010945439338684,0.5036805272102356,0.5605558753013611
1789634956495708400,1.09670849609375,0.2905123829841614,0.42533746361732483,0.590970516204834
1789634956505748500,1.10674853515625,0.37357908487319946,0.30205753445625305,0.6278688311576843
1789634956515787300,1.116787353515625,0.4448032081127167,0.1285744160413742,0.6111031770706177
1789634956525827300,1.126827392578125,0.4682500660419464,-0.11568470299243927,0.5691372156143188
1789634956535867400,1.136867431640625,0.4638665020465851,-0.36516058444976807,0.5635371208190918
1789634956545906400,1.146906494140625,0.4824545681476593,-0.528721809387207,0.612124502658844
1789634956555946200,1.1569462890625,0.47737669944763184,-0.6598430871963501,0.7168280482292175
1789634956565986300,1.166986328125,0.39276161789894104,-0.7318606376647949,0.8910918831825256
1789634956576025600,1.177025634765625,0.31605643033981323,-0.7559012770652771,1.0809358358383179
1789634956586065400,1.1870654296875,0.2724740505218506,-0.7025014758110046,1.266818642616272
1789634956596104400,1.1971044921875,0.19138000905513763,-0.6029245853424072,1.33098304271698
1789634956606144500,1.20714453125,0.09190140664577484,-0.6252776980400085,1.2237863540649414
1789634956616184600,1.2171845703125,-0.05462171509861946,-0.822954535484314,1.0011475086212158
1789634956626223400,1.227223388671875,-0.13918033242225647,-1.0580358505249023,0.788321852684021
1789634956636263400,1.237263427734375,-0.03726649284362793,-1.3702383041381836,0.6047224402427673
1789634956646302500,1.247302490234375,0.16490480303764343,-1.4945106506347656,0.534481406211853
1789634956656342500,1.257342529296875,0.19688057899475098,-1.348583459854126,0.6513550281524658
1789634956666382600,1.267382568359375,0.02658536098897457,-1.2324668169021606,0.9112598896026611
1789634956676421400,1.27742138671875,-0.10710106790065765,-1.1168195009231567,1.2301907539367676
1789634956686461400,1.28746142578125,-0.22682467103004456,-1.3008378744125366,1.4535181522369385
1789634956696500500,1.29750048828125,-0.37601950764656067,-1.866119146347046,1.4736090898513794
1789634956706540800,1.307540771484375,-0.5717220902442932,-2.253692865371704,1.5810413360595703
1789634956716580900,1.317580810546875,-0.7019765377044678,-1.9953346252441406,1.655272364616394
1789634956726619600,1.32761962890625,-0.6671342849731445,-1.8114044666290283,1.4658721685409546
1789634956736659700,1.33765966796875,-0.5657421946525574,-1.6366082429885864,1.2106220722198486
1789634956746698800,1.34769873046875,-0.41524845361709595,-1.4444351196289062,1.043548583984375
1789634956756738800,1.35773876953125,-0.2332938313484192,-1.3406387567520142,1.0392454862594604
1789634956766778600,1.367778564453125,0.4478870928287506,-1.7569963932037354,0.605830729007721
1789634956776818000,1.37781787109375,0.9034452438354492,-0.7547661066055298,0.6705918908119202
1789634956786857700,1.387857666015625,0.7297618389129639,-0.6813969016075134,1.1379244327545166
1789634956796897800,1.397897705078125,0.6994646787643433,-1.1903475522994995,1.1707351207733154
1789634956806936800,1.407936767578125,0.7961552143096924,-1.550773024559021,1.2108807563781738
1789634956816977000,1.417976806640625,0.8918681740760803,-1.135070562362671,0.9161256551742554
1789634956827016000,1.428015869140625,1.0023627281188965,-0.18580102920532227,0.3866800367832184
1789634956837056000,1.438055908203125,1.143538236618042,0.4634632468223572,0.16604088246822357
1789634956847095800,1.448095703125,1.3083620071411133,0.4559611678123474,0.26083123683929443
1789634956857134800,1.458134765625,1.4840134382247925,0.21781784296035767,0.4754772186279297
1789634956867175000,1.4681748046875,1.7311420440673828,0.07718982547521591,0.5108337998390198
1789634956877213700,1.478213623046875,2.1170268058776855,0.35510027408599854,0.4057701826095581
1789634956887253800,1.488253662109375,2.81826114654541,0.46995678544044495,0.33463260531425476
1789634956897293800,1.4982939453125,3.600647211074829,0.7032899260520935,0.18546895682811737
1789634956907332900,1.508332763671875,4.42769718170166,1.0625296831130981,-0.07404454052448273
1789634956917372700,1.51837255859375,5.102398872375488,1.2247345447540283,-0.26765313744544983
1789634956927411700,1.52841162109375,5.301367282867432,1.3304609060287476,-0.4842475354671478
1789634956937451800,1.53845166015625,5.4146504402160645,1.8050352334976196,-0.898795485496521
1789634956947491800,1.548491943359375,4.975449085235596,2.525869369506836,-1.3543424606323242
1789634956957530600,1.558530517578125,3.1704723834991455,1.3254203796386719,-0.6127191185951233
1789634956967570700,1.56857080078125,1.6293925046920776,-0.1370721459388733,-0.7941935658454895
1789634956977610800,1.57861083984375,1.2621146440505981,-0.35174718499183655,-1.2031720876693726
1789634956987649800,1.58864990234375,1.256156325340271,0.4493787884712219,-1.552711009979248
1789634956997689600,1.598689697265625,1.4131791591644287,0.5028060674667358,-1.6003496646881104
1789634957007729000,1.60872900390625,1.959753155708313,-0.08875375241041183,-1.488850712776184
1789634957017769000,1.61876904296875,2.894116163253784,-0.3432198464870453,-1.3364135026931763
1789634957027809000,1.62880908203125,4.378300189971924,-0.146937757730484,-1.0988658666610718
1789634957037847800,1.638847900390625,5.291747570037842,1.08431875705719,-1.8640165328979492
1789634957047888000,1.648887939453125,3.246866226196289,0.9822456240653992,-1.338556170463562
1789634957057927000,1.658927001953125,0.9930031895637512,0.06468729674816132,0.06299946457147598
1789634957067966700,1.668966796875,0.25682976841926575,-0.5419823527336121,0.8094044327735901
1789634957078006800,1.6790068359375,0.2061639279127121,0.22863924503326416,0.473296195268631
1789634957088045800,1.6890458984375,0.12734152376651764,1.0459436178207397,-0.4584854543209076
1789634957098086000,1.6990859375,0.028205621987581253,1.2659968137741089,-1.06356942653656
1789634957108126000,1.7091259765625,-0.12301351875066757,0.8540558218955994,-1.070604920387268
1789634957118164700,1.719164794921875,-0.05140511691570282,0.10370486229658127,-0.7365774512290955
1789634957128204800,1.729204833984375,0.1260610818862915,-0.3348398804664612,-0.46749255061149597
1789634957138243800,1.739243896484375,0.2948186695575714,-0.26583871245384216,-0.4409557282924652
1789634957148283600,1.74928369140625,0.4883953332901001,0.040300410240888596,-0.44834551215171814
1789634957158323700,1.75932373046875,0.8964837193489075,-0.1259511560201645,-0.23061932623386383
1789634957168362800,1.76936279296875,1.210962176322937,-0.4817696809768677,0.12577955424785614
1789634957178402800,1.77940283203125,1.5003372430801392,-0.7037611603736877,0.402070015668869
1789634957188442600,1.789442626953125,1.4386274814605713,-0.8815513849258423,0.416379451751709
1789634957198482000,1.79948193359375,1.6834092140197754,-0.6923961639404297,0.44992250204086304
1789634957208521700,1.809521728515625,1.9147474765777588,-0.6763540506362915,0.33954158425331116
1789634957218560800,1.819560791015625,2.166663408279419,-0.33895444869995117,0.33029428124427795
1789634957228600800,1.829600830078125,2.94449520111084,-0.23533020913600922,0.3008280396461487
1789634957238641000,1.839640869140625,4.002586364746094,-0.400227814912796,0.2507734000682831
1789634957248680000,1.849679931640625,4.960231304168701,-0.3752225637435913,0.14636151492595673
1789634957258720000,1.859719970703125,4.574355125427246,-0.29479268193244934,0.27946072816848755
1789634957268758800,1.8697587890625,3.173825979232788,-0.6563519835472107,0.603681743144989
1789634957278798800,1.879798828125,2.6094610691070557,-1.393873691558838,0.6186473965644836
1789634957288839000,1.8898388671875,2.3182260990142822,-1.782011866569519,0.3189709782600403
1789634957298877700,1.899877685546875,1.6269285678863525,-1.3997771739959717,-0.2003536820411682
1789634957308917800,1.909917724609375,0.8987786769866943,-0.4080100655555725,-0.6723580956459045
1789634957318957800,1.919957763671875,0.2315063327550888,0.13419035077095032,-0.662755012512207
1789634957328996900,1.929996826171875,-0.09657628834247589,0.29812952876091003,-0.3273705542087555
1789634957339036700,1.94003662109375,-0.07590696215629578,0.13084916770458221,-0.23517458140850067
1789634957349075700,1.95007568359375,-0.11702148616313934,-0.01986784115433693,-0.11892538517713547
1789634957359115800,1.96011572265625,-0.06990829855203629,-0.05862881615757942,-0.15394888818264008
1789634957369155800,1.97015576171875,-0.039509378373622894,-0.2950890064239502,-0.2808900475502014
1789634957379194600,1.980194580078125,0.08150465786457062,-0.3362028896808624,-0.21887755393981934
1789634957389234700,1.990234619140625,0.04721060395240784,-0.15410557389259338,-0.06895442306995392
1789634957399274800,2.000274658203125,0.016972804442048073,-0.15323126316070557,0.015287485904991627
1789634957409313800,2.010313720703125,0.04234800487756729,-0.2614225149154663,0.050225794315338135
1789634957419353600,2.020353515625,0.08714690059423447,-0.329139769077301,0.07324562966823578
1789634957429393000,2.030392822265625,0.16051414608955383,-0.23910744488239288,0.22601531445980072
1789634957439433000,2.040432861328125,0.1695004552602768,-0.24366438388824463,0.3406745195388794
1789634957449473000,2.05047314453125,0.15451957285404205,-0.566512942314148,0.26922139525413513
1789634957459511800,2.06051171875,0.18168728053569794,-0.9741347432136536,0.16067761182785034
1789634957469551900,2.0705517578125,0.33619487285614014,-1.3048745393753052,0.10319972038269043
1789634957479591000,2.0805908203125,0.32141247391700745,-1.1631866693496704,0.05181802064180374
1789634957489630700,2.090630615234375,0.2789933979511261,-0.3498219847679138,-0.4702412486076355
1789634957499670800,2.1006708984375,0.48009082674980164,0.46331167221069336,-0.45276159048080444
1789634957509709800,2.110709716796875,0.42492276430130005,0.4562781751155853,-0.3235803246498108
1789634957519750000,2.12075,0.16769732534885406,0.571937084197998,-0.4340250790119171
1789634957529790000,2.1307900390625,-0.029858283698558807,0.6006655693054199,-0.33947786688804626
1789634957539828700,2.140828857421875,-0.3550366461277008,-0.047571271657943726,-0.5638486742973328
1789634957549868800,2.150868896484375,-1.217952847480774,0.12221825867891312,-0.37255144119262695
1789634957559907800,2.160907958984375,-0.6699358820915222,0.47293606400489807,-0.5076754689216614
1789634957569947600,2.17094775390625,-0.3160216808319092,0.4636686444282532,-0.4027254283428192
1789634957579987700,2.18098779296875,-0.1769394427537918,0.19245180487632751,-0.37047505378723145
1789634957590026800,2.19102685546875,-0.1403140276670456,0.1355646252632141,-0.4990503489971161
1789634957600066800,2.20106689453125,-0.15498217940330505,0.2171500325202942,-0.5193769335746765
1789634957610106600,2.211106689453125,-0.14563661813735962,0.34804680943489075,-0.44149652123451233
1789634957620146000,2.22114599609375,-0.09227272868156433,0.17063099145889282,-0.23839053511619568
1789634957630185700,2.231185791015625,0.011075770482420921,-0.025712907314300537,-0.03307540714740753
1789634957640224800,2.241224853515625,0.15042567253112793,-0.13995133340358734,-0.052528731524944305
1789634957650264800,2.251264892578125,0.2076350301504135,-0.2900471091270447,-0.12295059114694595
1789634957660305000,2.261304931640625,0.3008696436882019,-0.5226590037345886,-0.06666947901248932
1789634957670344000,2.271343994140625,0.28251245617866516,-0.9223313927650452,0.15244071185588837
1789634957680384000,2.281384033203125,0.21439838409423828,-1.1790467500686646,0.17631195485591888
1789634957690422800,2.2914228515625,0.19750362634658813,-1.2727854251861572,0.10476643592119217
1789634957700462300,2.30146240234375,0.3673219680786133,-1.0853222608566284,0.0982464849948883
1789634957710502400,2.31150244140625,0.550126850605011,-0.054239943623542786,0.1520063430070877
1789634957720541400,2.32154150390625,0.4746773838996887,0.6303884387016296,0.06056005507707596
1789634957730581200,2.331581298828125,0.3184875547885895,0.7923503518104553,-0.038582995533943176
1789634957740621300,2.341621337890625,0.21738676726818085,0.6496056914329529,-0.06978112459182739
1789634957750660400,2.351660400390625,0.2072896510362625,0.6979238390922546,-0.047045305371284485
1789634957760700400,2.361700439453125,0.1408805400133133,0.7765217423439026,-0.05674613267183304
1789634957770739200,2.3717392578125,0.028663452714681625,0.6666795015335083,-0.07902202755212784
1789634957780779300,2.381779296875,-0.042051464319229126,0.5271708965301514,-0.07958316057920456
1789634957790819300,2.3918193359375,-0.14007386565208435,0.4501512348651886,-0.03947782889008522
1789634957800858600,2.401858642578125,-0.3836119472980499,-1.1263657808303833,0.27324172854423523
1789634957810898200,2.411898193359375,-0.03076695278286934,-0.05327250808477402,-0.019617468118667603
1789634957820938200,2.421938232421875,0.031416259706020355,-0.3649028539657593,0.04388800635933876
1789634957830977500,2.4319775390625,-0.1282794326543808,-0.2512759864330292,0.052500296384096146
1789634957841017600,2.442017578125,-0.07308195531368256,0.0493573322892189,0.019151663407683372
1789634957851056400,2.452056396484375,-0.07679473608732224,0.25860846042633057,-0.006818545516580343
1789634957861096400,2.462096435546875,-0.12133823335170746,0.27807536721229553,0.014560245908796787
1789634957871136500,2.472136474609375,-0.18116368353366852,0.11270200461149216,0.06226276233792305
1789634957881175300,2.48217529296875,-0.17388153076171875,-0.029881779104471207,0.007299114018678665
1789634957891215400,2.49221533203125,-0.2700408399105072,0.028950564563274384,-0.05859280377626419
1789634957901255400,2.50225537109375,-0.6294440031051636,-0.042520154267549515,-0.06957514584064484
1789634957911294500,2.51229443359375,-0.9268801212310791,-0.16654172539710999,-0.08593084663152695
1789634957921334500,2.52233447265625,-1.0870405435562134,-0.17414185404777527,-0.20801548659801483
1789634957931373300,2.532373291015625,-1.1772992610931396,0.03481592983007431,-0.5539299249649048
1789634957941413400,2.542413330078125,-0.9020810127258301,0.017885416746139526,-1.1080349683761597
1789634957951453400,2.552453369140625,-0.5017608404159546,-1.0829968452453613,-1.3620991706848145
1789634957961492200,2.5624921875,-0.2686202824115753,-2.5991780757904053,-0.9202002286911011
1789634957971532300,2.5725322265625,0.021710172295570374,-2.9762961864471436,-0.5034267902374268
1789634957981571300,2.5825712890625,0.2536446154117584,-3.9629786014556885,-1.2644267082214355
1789634957991611400,2.592611328125,0.2394251525402069,-3.4297523498535156,-0.07658202201128006
1789634958001651200,2.602651123046875,0.02014845982193947,-1.4863985776901245,0.4914044737815857
1789634958011690500,2.6126904296875,0.34060531854629517,-0.8919503092765808,-0.20994681119918823
1789634958021730300,2.622730224609375,0.6634342670440674,-1.2098078727722168,-0.8577700853347778
1789634958031770400,2.632770263671875,0.9812119603157043,-1.5199997425079346,-0.6925143599510193
1789634958041809400,2.642809326171875,1.161231279373169,-1.8890931606292725,-0.43298158049583435
1789634958051849500,2.652849365234375,1.1681742668151855,-2.0363874435424805,-0.17646417021751404
1789634958061888500,2.662888427734375,0.4245786666870117,-1.7555937767028809,-0.6143467426300049
1789634958071928600,2.672928466796875,-0.7654972076416016,-0.6109521985054016,-0.920685887336731
1789634958081968400,2.682968505859375,-1.1650395393371582,0.3210565149784088,-0.706614077091217
1789634958092007400,2.69300732421875,-0.9208362102508545,-0.013342056423425674,-0.4787813723087311
1789634958102047500,2.703047607421875,-0.569921612739563,-0.8263772130012512,-0.3712935149669647
1789634958112087600,2.713087646484375,-0.18292710185050964,-1.4649474620819092,-0.13999277353286743
1789634958122126300,2.723126220703125,0.18033473193645477,-2.0010061264038086,0.1945977360010147
1789634958132166400,2.73316650390625,0.5135912299156189,-2.392735004425049,0.521957516670227
1789634958142205400,2.743205322265625,0.6274752020835876,-2.4363858699798584,0.6923018097877502
1789634958152245200,2.753245361328125,0.6653116345405579,-2.12388277053833,0.7035818099975586
1789634958162285300,2.763285400390625,0.6152108907699585,-1.998507022857666,0.6659204959869385
1789634958172324400,2.773324462890625,0.5389180183410645,-1.7667428255081177,0.6207417845726013
1789634958182364400,2.783364501953125,0.5208620429039001,-1.6102157831192017,0.5561385154724121
1789634958192403200,2.7934033203125,0.4569966197013855,-1.334609031677246,0.4998091459274292
1789634958202443300,2.803443359375,0.25800734758377075,-1.061089277267456,0.5256641507148743
1789634958212483300,2.8134833984375,0.09233953058719635,-1.0045150518417358,0.5619356036186218
1789634958222522600,2.823522705078125,0.12398827075958252,-1.168410062789917,0.5660131573677063
1789634958232562200,2.833562255859375,0.1889926791191101,-1.2773842811584473,0.4543922543525696
1789634958242602200,2.843602294921875,0.2918790876865387,-1.2300207614898682,0.274700790643692
1789634958252641500,2.8536416015625,0.3487962782382965,-1.0482515096664429,0.10369598120450974
1789634958262681600,2.863681640625,0.3855907618999481,-0.9139752388000488,-0.062198445200920105
1789634958272720400,2.873720458984375,0.4748849868774414,-0.890973687171936,-0.20175635814666748
1789634958282760400,2.883760498046875,0.6831010580062866,-1.1799557209014893,-0.241596981883049
1789634958292800500,2.893800537109375,0.809155285358429,-1.329598307609558,-0.18967366218566895
1789634958302839300,2.90383935546875,0.8734719157218933,-1.2748106718063354,-0.12918847799301147
1789634958312879400,2.91387939453125,0.8522962331771851,-1.0629502534866333,-0.10522883385419846
1789634958322919400,2.92391943359375,0.6963574886322021,-0.8637211918830872,-0.08031682670116425
1789634958332958500,2.93395849609375,0.46474331617355347,-0.5608713626861572,-0.08404567837715149
1789634958342998500,2.94399853515625,0.3132592439651489,-0.246562659740448,-0.06486612558364868
1789634958353037300,2.954037353515625,0.2369116246700287,-0.18683356046676636,0.06393963098526001
1789634958363077400,2.964077392578125,0.15252536535263062,-0.253622442483902,0.20249803364276886
1789634958373117400,2.974117431640625,0.09511826932430267,-0.3727344572544098,0.2528424561023712
1789634958383156200,2.98415625,0.3120923936367035,-0.6191460490226746,0.21354562044143677
1789634958393196300,2.9941962890625,0.33364903926849365,-0.9740433096885681,0.12597250938415527
1789634958403235300,3.0042353515625,0.3097357153892517,-1.093725323677063,0.060410015285015106
1789634958413275400,3.014275390625,0.08856087177991867,-0.8401340842247009,0.07842804491519928
1789634958423315200,3.024315185546875,-0.09323209524154663,-0.43903863430023193,0.1423734724521637
1789634958433354500,3.0343544921875,-0.11016081273555756,-0.059839311987161636,0.16861648857593536
1789634958443394300,3.044394287109375,-0.12280364334583282,0.2662687599658966,0.04111739248037338
1789634958453434400,3.054434326171875,-0.3460463881492615,0.4995047152042389,-0.23852427303791046
1789634958463473400,3.064473388671875,-0.5442261099815369,0.8128013610839844,-0.5025591254234314
1789634958473513500,3.074513427734375,-0.6092290878295898,1.304218053817749,-0.7101912498474121
1789634958483552500,3.084552490234375,-0.5178169012069702,1.7058613300323486,-0.7405797839164734
1789634958493592600,3.094592529296875,-0.3768262267112732,2.191666603088379,-0.6551306247711182
1789634958503632400,3.10463232421875,-0.031120484694838524,2.4405696392059326,-0.4474717080593109
1789634958513671400,3.11467138671875,0.39613229036331177,2.257113218307495,-0.00950847938656807
1789634958523711500,3.12471142578125,0.7116157412528992,1.4942294359207153,0.36457163095474243
1789634958533751600,3.13475146484375,0.8939645290374756,0.8219717144966125,0.5035791397094727
1789634958543790300,3.144790283203125,1.1177175045013428,0.31007301807403564,0.5834915637969971
1789634958553830400,3.154830322265625,1.2456847429275513,0.19655321538448334,0.44660308957099915
1789634958563869400,3.164869384765625,1.0942853689193726,0.15763723850250244,0.3854462504386902
1789634958573909200,3.1749091796875,1.0051088333129883,-0.08806788921356201,0.5288699269294739
1789634958583949300,3.18494921875,0.9557714462280273,-0.42523208260536194,0.4526156783103943
1789634958593988400,3.19498828125,0.7106024622917175,0.9181928634643555,0.15298934280872345
1789634958604028400,3.2050283203125,0.21810194849967957,1.7504993677139282,0.1254810243844986
1789634958614068500,3.215068359375,0.038239315152168274,1.7008960247039795,0.20102164149284363
1789634958624107300,3.225107177734375,0.07998303323984146,0.8329694867134094,0.14428165555000305
1789634958634147300,3.235147216796875,0.16390472650527954,-0.037585850805044174,0.012306135147809982
1789634958644186600,3.2451865234375,0.20415467023849487,-0.5877935886383057,0.03299357369542122
1789634958654226200,3.25522607421875,0.15210063755512238,-0.6513587236404419,0.11301539838314056
1789634958664266200,3.265266357421875,0.03038112446665764,-0.4164213240146637,0.16174885630607605
1789634958674305500,3.275305419921875,-0.06703484803438187,-0.0941377505660057,0.11790987849235535
1789634958684345600,3.285345703125,-0.09718236327171326,0.04708942025899887,0.03971175476908684
1789634958694384400,3.29538427734375,-0.038190048187971115,0.17182914912700653,-0.037265412509441376
1789634958704423700,3.305423583984375,0.004455949179828167,0.23300036787986755,-0.06439050287008286
1789634958714463700,3.315463623046875,0.0493265837430954,0.0714031234383583,-0.04952089861035347
1789634958724502500,3.32550244140625,0.13569529354572296,-0.26830384135246277,-0.06083933264017105
1789634958734542600,3.33554248046875,0.1248215064406395,-0.7621978521347046,-0.1196654811501503
1789634958744582700,3.345582763671875,0.039787840098142624,-1.0279427766799927,-0.19770941138267517
1789634958754621700,3.35562158203125,-0.1350436955690384,-0.5972974896430969,-0.24440978467464447
1789634958764661500,3.36566162109375,-0.3437575101852417,-0.3614210784435272,-0.23709914088249207
1789634958774700500,3.375700439453125,-0.5334460735321045,-0.5658507943153381,-0.17737945914268494
1789634958784740600,3.38574072265625,-0.7556900382041931,-0.888423502445221,-0.1700586974620819
1789634958794780700,3.39578076171875,-0.9995281100273132,-1.1582835912704468,-0.19208121299743652
1789634958804819500,3.4058193359375,-1.1883362531661987,-1.4239001274108887,-0.24040214717388153
1789634958814859500,3.415859619140625,-1.2175229787826538,-1.7087656259536743,-0.3379378616809845
1789634958824899600,3.425899658203125,-0.9493458271026611,-1.7388265132904053,-0.3578527271747589
1789634958834938600,3.435938720703125,-0.4160536825656891,-1.4909698963165283,-0.3593390882015228
1789634958844978700,3.445978759765625,0.0831390768289566,-1.303146243095398,-0.3584762215614319
1789634958855017700,3.456017822265625,0.32120952010154724,-1.3693010807037354,-0.23466520011425018
1789634958865057800,3.466057861328125,0.3658401072025299,-1.4685962200164795,-0.03930741921067238
1789634958875097900,3.476097900390625,0.3997693359851837,-1.4563592672348022,0.12896226346492767
1789634958885136600,3.48613671875,0.4440329372882843,-1.3235721588134766,0.20532521605491638
1789634958895176700,3.4961767578125,0.5083129405975342,-1.143391728401184,0.18025095760822296
1789634958905215700,3.5062158203125,0.6125317215919495,-0.9595915675163269,0.10998717695474625
1789634958915255600,3.516255615234375,0.6899739503860474,-0.8869771361351013,0.026669465005397797
1789634958925295600,3.526295654296875,0.6378173232078552,-0.7966248393058777,-0.031711552292108536
1789634958935334700,3.536334716796875,0.47245779633522034,-0.6653192639350891,-0.04809842258691788
1789634958945374700,3.546374755859375,0.34674808382987976,-0.5096042156219482,-0.02868477627635002
1789634958955414500,3.55641455078125,0.26547300815582275,-0.38656842708587646,-0.013097641989588737
1789634958965453600,3.56645361328125,0.22010444104671478,-0.25034400820732117,0.011559234000742435
1789634958975493600,3.57649365234375,0.19711969792842865,-0.12663015723228455,0.017052942886948586
1789634958985532700,3.58653271484375,0.1932663768529892,0.0139940669760108,0.01823006011545658
1789634958995572500,3.596572509765625,0.213838130235672,0.16135646402835846,0.033190514892339706
1789634959005612500,3.606612548828125,0.23786677420139313,0.3503466248512268,0.06755860894918442
1789634959015651600,3.616651611328125,0.22667883336544037,0.5654122829437256,0.10301241278648376
1789634959025691600,3.626691650390625,0.23257002234458923,0.6671306490898132,0.19630587100982666
1789634959035731500,3.6367314453125,0.11055491864681244,0.8167468309402466,0.31827694177627563
1789634959045770800,3.646770751953125,-0.0490131713449955,1.030785322189331,0.4432963728904724
1789634959055810800,3.656810791015625,-0.22539877891540527,1.375933051109314,0.5126346349716187
1789634959065849600,3.666849609375,-0.33920204639434814,1.792136311531067,0.4413360059261322
1789634959075889700,3.6768896484375,-0.3304412066936493,2.4154887199401855,0.28492897748947144
1789634959085929700,3.6869296875,-0.02597452700138092,2.5699281692504883,0.07391660660505295
1789634959095968800,3.69696875,0.13447383046150208,1.9925143718719482,-0.0019524754025042057
1789634959106008600,3.707008544921875,0.06954143941402435,0.9783170819282532,-0.10186363011598587
1789634959116048600,3.717048583984375,0.09244782477617264,0.15290069580078125,-0.3296319544315338
1789634959126087700,3.727087646484375,0.15833017230033875,-0.4545607566833496,-0.3883650600910187
1789634959136127700,3.737127685546875,0.0848749577999115,-1.3421032428741455,-0.08620448410511017
1789634959146166500,3.74716650390625,-0.05930112302303314,-3.256587505340576,0.5935236811637878
1789634959156206600,3.75720654296875,-0.07909390330314636,-3.8216824531555176,0.9057424068450928
1789634959166246700,3.76724658203125,0.12127514183521271,-2.044646978378296,0.48603010177612305
1789634959176285700,3.77728564453125,0.24013930559158325,-0.07342244684696198,-0.1020040437579155
1789634959186325500,3.787325439453125,0.11240292340517044,0.7378965020179749,-0.40588057041168213
1789634959196364500,3.797364501953125,-0.024966655299067497,0.7898151874542236,-0.3609342873096466
1789634959206404600,3.807404541015625,0.045994605869054794,0.4414862096309662,-0.1299269050359726
1789634959216444700,3.817444580078125,0.1193813681602478,-0.06359874457120895,0.1846548169851303
1789634959226483500,3.8274833984375,-0.00492327194660902,-0.350818008184433,0.3709666430950165
1789634959236523500,3.8375234375,0.021738899871706963,-0.39688920974731445,0.3669147193431854
1789634959246563600,3.8475634765625,0.11133988946676254,-0.4397921860218048,0.2738284766674042
1789634959256602600,3.8576025390625,0.12641294300556183,-0.4101041257381439,0.07139728963375092
1789634959266642700,3.867642578125,0.09254473447799683,-0.25420239567756653,-0.1415778398513794
1789634959276681700,3.877681640625,0.07825639843940735,-0.15543580055236816,-0.1519664227962494
1789634959286721800,3.8877216796875,0.027800951153039932,-0.06563399732112885,-0.08693336695432663
1789634959296761900,3.897761962890625,-0.044008590281009674,-0.13410109281539917,0.029229748994112015
1789634959306800600,3.907800537109375,-0.08261962980031967,-0.3172818422317505,0.162466898560524
1789634959316840700,3.9178408203125,-0.08511766791343689,-0.4666701853275299,0.2591666579246521
1789634959326880800,3.927880859375,-0.08372829854488373,-0.4769420027732849,0.31248900294303894
1789634959336919600,3.93791943359375,-0.09003756940364838,-0.4114687144756317,0.32980260252952576
1789634959346959600,3.947959716796875,-0.09913332760334015,-0.3673313558101654,0.3395843803882599
1789634959356998700,3.95799853515625,-0.09090898931026459,-0.33242079615592957,0.35446810722351074
1789634959367038700,3.968038818359375,-0.06999225169420242,-0.30631035566329956,0.36628562211990356
1789634959377078500,3.97807861328125,-0.052462827414274216,-0.2740318775177002,0.3340669572353363
1789634959387117600,3.98811767578125,-0.041687145829200745,-0.22150447964668274,0.24722765386104584
1789634959397157600,3.99815771484375,-0.03183777630329132,-0.17149128019809723,0.14756660163402557
1789634959407197700,4.00819775390625,-0.013838006183505058,-0.11806453764438629,0.04195655509829521
1789634959417236500,4.018236572265625,-0.002389175584539771,-0.0704900324344635,-0.044147077947854996
1789634959427276500,4.028276611328125,-0.01980331912636757,-0.11703462898731232,-0.07447435706853867
1789634959437315600,4.038315673828125,-0.04290397837758064,-0.23601746559143066,-0.030444687232375145
1789634959447355600,4.048355712890625,-0.05852022022008896,-0.287026047706604,0.02031436376273632
1789634959457395500,4.0583955078125,-0.05885148420929909,-0.24770572781562805,0.03141866996884346
1789634959467434800,4.068434814453125,-0.06090158224105835,-0.2453104853630066,0.02214794047176838
1789634959477474800,4.078474853515625,-0.04773591831326485,-0.29780447483062744,0.002909125294536352
1789634959487513600,4.088513671875,-0.03276016563177109,-0.34667590260505676,-0.02566605992615223
1789634959497553700,4.0985537109375,-0.03165052831172943,-0.3130742013454437,-0.05901087448000908
1789634959507593700,4.10859375,-0.03260660171508789,-0.19979023933410645,-0.09311504662036896
1789634959517632800,4.1186328125,-0.021350782364606857,-0.053335875272750854,-0.13618336617946625
1789634959527672600,4.128672607421875,-0.021285802125930786,-0.05318886786699295,-0.19259098172187805
1789634959537712600,4.138712646484375,-0.04744420200586319,-0.07280605286359787,-0.26074016094207764
1789634959547751700,4.148751708984375,-0.0789688378572464,-0.07600877434015274,-0.3664189279079437
1789634959557791700,4.158791748046875,-0.12871985137462616,-0.19702617824077606,-0.4842890799045563
1789634959567830500,4.16883056640625,-0.21980634331703186,-0.41362929344177246,-0.6038519740104675
1789634959577870600,4.17887060546875,-0.3310930132865906,-0.5703341960906982,-0.7254766225814819
1789634959587910700,4.18891064453125,-0.4167482554912567,-0.5660215020179749,-0.8632168769836426
1789634959597949700,4.19894970703125,-0.47865116596221924,-0.35319486260414124,-1.0307092666625977
1789634959607989500,4.208989501953125,-0.4988086223602295,0.0793304443359375,-1.2444239854812622
1789634959618029600,4.219029541015625,-0.5220510959625244,0.5087875723838806,-1.437587022781372
1789634959628068600,4.229068603515625,-0.5547187924385071,0.5905676484107971,-1.5183402299880981
1789634959638108700,4.239108642578125,-0.5838310718536377,0.33839452266693115,-1.5064575672149658
1789634959648147500,4.2491474609375,-0.6036260724067688,0.12706126272678375,-1.4969098567962646
1789634959658187500,4.2591875,-0.6165840029716492,0.14522846043109894,-1.5517634153366089
1789634959668227600,4.2692275390625,-0.6258283853530884,0.38502398133277893,-1.6896584033966064
1789634959678266600,4.2792666015625,-0.6540893912315369,0.6887979507446289,-1.8967469930648804
1789634959688306700,4.289306640625,-0.6553466320037842,0.8657228946685791,-2.0389010906219482
1789634959698345700,4.299345703125,-0.6125068664550781,0.8280946612358093,-2.029855251312256
1789634959708386600,4.309386474609375,-0.5621896386146545,0.5817722678184509,-1.8298932313919067
1789634959718426400,4.31942626953125,-0.5796816349029541,0.20013649761676788,-1.587837815284729
1789634959728465700,4.329465576171875,-0.5877281427383423,-0.021747170016169548,-1.53532075881958
1789634959738505700,4.339505615234375,-0.5081347227096558,-0.15463800728321075,-1.676100492477417
1789634959748545500,4.349545654296875,-0.33304542303085327,-0.3546198308467865,-1.8556270599365234
1789634959758584600,4.35958447265625,-0.12729081511497498,-0.5713337659835815,-2.0310285091400146
1789634959768624600,4.369624755859375,0.06050277501344681,-0.6508411169052124,-2.125805377960205
1789634959778663700,4.37966357421875,0.16521340608596802,-0.6461998820304871,-2.085275650024414
1789634959788703500,4.389703369140625,0.17616991698741913,-0.5606173872947693,-1.917373538017273
1789634959798743600,4.39974365234375,0.15401187539100647,-0.38023507595062256,-1.721108078956604
1789634959808782600,4.409782470703125,0.11431027203798294,-0.14777494966983795,-1.5798205137252808
1789634959818822700,4.41982275390625,0.0733625739812851,-0.003993802238255739,-1.522133231163025
1789634959828862700,4.42986279296875,0.02332950383424759,-0.12109246104955673,-1.5363163948059082
1789634959838901500,4.439901611328125,0.007047969847917557,-0.3021363615989685,-1.5057549476623535
1789634959848941600,4.449941650390625,-0.00582388648763299,-0.5016782283782959,-1.4074093103408813
1789634959858980600,4.459980712890625,-0.023462101817131042,-0.6265420317649841,-1.2832612991333008
1789634959869020400,4.4700205078125,-0.02405225858092308,-0.7087796330451965,-1.1481914520263672
1789634959879060500,4.480060546875,0.007945522665977478,-0.7735934853553772,-1.0204648971557617
1789634959889099500,4.490099609375,0.05396920442581177,-0.7689214944839478,-0.894568920135498
1789634959899139600,4.5001396484375,0.09227091819047928,-0.6812965273857117,-0.7973127961158752
1789634959909179400,4.510179443359375,0.08965303003787994,-0.5527926087379456,-0.708631157875061
1789634959919218400,4.520218505859375,0.0754716694355011,-0.4529971480369568,-0.596129834651947
1789634959929258500,4.530258544921875,0.07314060628414154,-0.35838544368743896,-0.46240749955177307
1789634959939297800,4.5402978515625,0.05991831049323082,-0.3251650929450989,-0.32180652022361755
1789634959949337600,4.550337646484375,0.05647271126508713,-0.23953302204608917,-0.23013171553611755
1789634959959377400,4.56037744140625,0.059248290956020355,-0.22516173124313354,-0.16878847777843475
1789634959969416700,4.570416748046875,0.04988089203834534,-0.332347571849823,-0.15365345776081085
1789634959979456800,4.580456787109375,0.028078420087695122,-0.41872555017471313,-0.16866843402385712
1789634959989496600,4.59049658203125,-0.04472574591636658,-0.39862027764320374,-0.18492943048477173
1789634959999535600,4.60053564453125,-0.1471884697675705,-0.3514639735221863,-0.0937153622508049
1789634960009575700,4.61057568359375,-0.25113457441329956,-0.31503617763519287,0.047442030161619186
1789634960019614500,4.620614501953125,-0.33105379343032837,-0.3281429708003998,0.13433988392353058
1789634960029654500,4.630654541015625,-0.361186683177948,-0.3746502697467804,0.13915753364562988
1789634960039694600,4.640694580078125,-0.360053688287735,-0.3683911859989166,0.107930026948452
1789634960049733600,4.650733642578125,-0.3661893606185913,-0.2380659282207489,0.07802778482437134
1789634960059773400,4.6607734375,-0.36126378178596497,0.00978660024702549,0.07811664789915085
1789634960069813500,4.6708134765625,-0.36257246136665344,0.15703943371772766,0.08076170086860657
1789634960079852500,4.6808525390625,-0.34021323919296265,0.15976029634475708,0.05030670762062073
1789634960089892600,4.690892578125,-0.2983052134513855,0.07159927487373352,0.005630852654576302
1789634960099931400,4.700931396484375,-0.2544042468070984,0.17539431154727936,0.022203344851732254
1789634960109971500,4.710971435546875,-0.2030278742313385,0.10710927098989487,-0.0224663894623518
1789634960120011500,4.721011474609375,-0.14311400055885315,0.16269251704216003,-0.10075605660676956
1789634960130050600,4.731050537109375,-0.09035864472389221,0.22527439892292023,-0.1481826901435852
1789634960140090400,4.74109033203125,-0.06636908650398254,0.0060239629819989204,-0.19159305095672607
1789634960150129700,4.751129638671875,-0.04737808555364609,-0.16405801475048065,-0.20605534315109253
1789634960160169700,4.761169677734375,-0.013492126949131489,-0.12529675662517548,-0.20317807793617249
1789634960170209500,4.77120947265625,0.028185544535517693,-0.0249714907258749,-0.24354760348796844
1789634960180248600,4.78124853515625,0.10295446217060089,-0.08279987424612045,-0.34753262996673584
1789634960190288600,4.79128857421875,0.1902342289686203,-0.3362198770046234,-0.48158472776412964
1789634960200328700,4.80132861328125,0.2765404284000397,-0.46857917308807373,-0.6267428398132324
1789634960210367500,4.811367431640625,0.39101481437683105,-0.3834666609764099,-0.6445037126541138
1789634960220407600,4.821407470703125,0.4814172387123108,-0.37206172943115234,-0.5841717720031738
1789634960230446600,4.831446533203125,0.5297054052352905,-0.5159757137298584,-0.5599899888038635
1789634960240486700,4.841486572265625,0.5107422471046448,-0.6102657914161682,-0.5506666898727417
1789634960250526700,4.851526611328125,0.4392302334308624,-0.5402169227600098,-0.5034597516059875
1789634960260565500,4.8615654296875,0.35533949732780457,-0.4013492166996002,-0.4364597499370575
1789634960270605600,4.87160546875,0.2834879457950592,-0.3953309953212738,-0.3953101933002472
1789634960280645600,4.881645751953125,0.2221897691488266,-0.47687363624572754,-0.4117293953895569
1789634960290684400,4.891684326171875,0.19912093877792358,-0.5661494135856628,-0.4270987808704376
1789634960300724500,4.901724365234375,0.2179652601480484,-0.544400155544281,-0.4305621087551117
1789634960310763500,4.911763427734375,0.24142451584339142,-0.46206024289131165,-0.3993479907512665
1789634960320803600,4.921803466796875,0.2209411859512329,-0.4030313491821289,-0.38254833221435547
1789634960330843400,4.931843505859375,0.15922535955905914,-0.3675457835197449,-0.3494015634059906
1789634960340882400,4.94188232421875,0.0896001011133194,-0.334562212228775,-0.2793070673942566
1789634960350922500,4.951922607421875,0.022368336096405983,-0.34971028566360474,-0.21922481060028076
1789634960360962600,4.961962646484375,-0.019101673737168312,-0.3909236192703247,-0.23988980054855347
1789634960371001600,4.972001708984375,-0.05224630981683731,-0.5136697888374329,-0.3168141543865204
1789634960381041400,4.98204150390625,-0.08114001154899597,-0.6027929782867432,-0.40976086258888245
1789634960391080700,4.992080810546875,-0.10911811888217926,-0.6386548280715942,-0.4740501046180725
1789634960401120800,5.002120849609375,-0.13944090902805328,-0.6169635057449341,-0.44035497307777405
1789634960411160600,5.01216064453125,-0.17937687039375305,-0.45124509930610657,-0.36933112144470215
1789634960421199600,5.02219970703125,-0.23741373419761658,-0.302990198135376,-0.3312777578830719
1789634960431239700,5.03223974609375,-0.2943529188632965,-0.3255719542503357,-0.3208685517311096
1789634960441279700,5.04227978515625,-0.3153700828552246,-0.34484103322029114,-0.35393959283828735
1789634960451318500,5.052318603515625,-0.3038567006587982,-0.3402915596961975,-0.4010844826698303
1789634960461358600,5.062358642578125,-0.2737627327442169,-0.35477331280708313,-0.4309355914592743
1789634960471397600,5.072397705078125,-0.23947745561599731,-0.3298999071121216,-0.4120332598686218
1789634960481437400,5.0824375,-0.23814044892787933,-0.3044034242630005,-0.4373989701271057
1789634960491477500,5.0924775390625,-0.23548315465450287,-0.25780370831489563,-0.48880571126937866
1789634960501516500,5.1025166015625,-0.2069050371646881,-0.08181989192962646,-0.5400033593177795
1789634960511556600,5.112556640625,-0.15209424495697021,0.071193628013134,-0.5544829964637756
1789634960521595400,5.122595458984375,-0.09952780604362488,0.09224916994571686,-0.5821440815925598
1789634960531635500,5.132635498046875,-0.049688611179590225,-0.001732182689011097,-0.5880573391914368
1789634960541675500,5.142675537109375,0.01264150720089674,-0.12124013900756836,-0.5615183711051941
1789634960551714600,5.152714599609375,0.06997217237949371,-0.21172502636909485,-0.5313969254493713
1789634960561754400,5.16275439453125,0.1278904676437378,-0.2974785268306732,-0.522200345993042
1789634960571794400,5.17279443359375,0.1661989837884903,-0.35025277733802795,-0.5604031085968018
1789634960581833700,5.182833740234375,0.19746309518814087,-0.5273240804672241,-0.6341786980628967
1789634960591873500,5.19287353515625,0.18066945672035217,-0.6550319790840149,-0.7128655314445496
1789634960601912600,5.20291259765625,0.11939365416765213,-0.5712605714797974,-0.7220413684844971
1789634960611952600,5.21295263671875,0.06348511576652527,-0.4576682448387146,-0.7195438742637634
1789634960621992700,5.22299267578125,0.0065846797078847885,-0.4769551157951355,-0.7372470498085022
1789634960632031500,5.233031494140625,-0.028399668633937836,-0.5380741357803345,-0.763340175151825
1789634960642071600,5.243071533203125,-0.030184254050254822,-0.5439082980155945,-0.7307345271110535
1789634960652111600,5.253111572265625,0.015892963856458664,-0.5026236772537231,-0.6662260890007019
1789634960662150700,5.263150634765625,0.09271766245365143,-0.42468345165252686,-0.6045449376106262
1789634960672190700,5.273190673828125,0.17620964348316193,-0.3053421676158905,-0.5969703793525696
1789634960682229500,5.2832294921875,0.2262500822544098,-0.276691734790802,-0.6359866857528687
1789634960692269600,5.29326953125,0.2206345498561859,-0.2860463559627533,-0.6732349991798401
1789634960702309600,5.3033095703125,0.1831878125667572,-0.3164283037185669,-0.743053674697876
1789634960712348200,5.31334814453125,0.15989473462104797,-0.34315311908721924,-0.7727956175804138
1789634960722388000,5.323387939453125,0.18613623082637787,-0.3052418828010559,-0.7244871854782104
1789634960732428000,5.333427978515625,0.24196220934391022,-0.21157529950141907,-0.6790041327476501
1789634960742467000,5.343467041015625,0.3132425546646118,-0.15974348783493042,-0.6477439999580383
1789634960752507100,5.353507080078125,0.3756798505783081,-0.14726071059703827,-0.646876871585846
1789634960762546200,5.363546142578125,0.3562820553779602,-0.22968332469463348,-0.6555349230766296
1789634960772586000,5.3735859375,0.3104170858860016,-0.2642793655395508,-0.6932061314582825
1789634960782626000,5.3836259765625,0.3090435266494751,-0.28856757283210754,-0.8257408738136292
1789634960792665300,5.393665283203125,0.29471516609191895,-0.5537134408950806,-0.925941526889801
1789634960802705200,5.403705078125,0.268282026052475,-0.7020120024681091,-0.996157705783844
1789634960812745200,5.4137451171875,0.17336112260818481,-0.7485787272453308,-0.9832559823989868
1789634960822784300,5.4237841796875,0.04613172262907028,-0.7282634377479553,-0.9730517268180847
1789634960832824300,5.43382421875,-0.07429801672697067,-0.5475863218307495,-0.9971418976783752
1789634960842863000,5.443863037109375,-0.12815725803375244,-0.1871487945318222,-1.0241446495056152
1789634960852903200,5.453903076171875,-0.1376277208328247,-0.05405119061470032,-1.0223969221115112
1789634960862943200,5.463943115234375,-0.1865035891532898,-0.15619759261608124,-1.02629816532135
1789634960872982000,5.47398193359375,-0.22240325808525085,-0.17780701816082,-0.9430565237998962
1789634960883022000,5.48402197265625,-0.24946288764476776,-0.1379910558462143,-0.8898024559020996
1789634960893062100,5.494062255859375,-0.275696337223053,-0.016488049179315567,-0.8781329989433289
1789634960903101200,5.50410107421875,-0.3155997395515442,0.1351839154958725,-0.8671315312385559
1789634960913141200,5.514141357421875,-0.3109581172466278,0.2784971296787262,-0.8751135468482971
1789634960923180000,5.524179931640625,-0.2623194456100464,0.38734570145606995,-0.9552181363105774
1789634960933220000,5.53422021484375,-0.19244126975536346,0.46042123436927795,-1.0692567825317383
1789634960943260200,5.54426025390625,-0.1613834798336029,0.5473804473876953,-1.1317155361175537
1789634960953299000,5.554298828125,-0.15563558042049408,0.5238823294639587,-1.0981191396713257
1789634960963339000,5.564339111328125,-0.14983178675174713,0.4228956997394562,-1.0170749425888062
1789634960973379000,5.574379150390625,-0.11277496814727783,0.4116997718811035,-0.9680951237678528
1789634960983418000,5.584418212890625,-0.08248333632946014,0.4441342353820801,-0.9633035659790039
1789634960993458000,5.5944580078125,-0.0418967679142952,0.6363077163696289,-1.0178449153900146
1789634961003497200,5.604497314453125,0.06189560890197754,0.9153341054916382,-1.1121296882629395
1789634961013537300,5.614537353515625,0.19762280583381653,1.078621745109558,-1.2189278602600098
1789634961023577000,5.6245771484375,0.3089389204978943,1.1757984161376953,-1.2626383304595947
1789634961033616100,5.6346162109375,0.34078288078308105,1.1802195310592651,-1.217353105545044
1789634961043656200,5.64465625,0.27884232997894287,1.1102657318115234,-1.0972754955291748
1789634961053696300,5.6546962890625,0.19193406403064728,0.9866055846214294,-0.9993838667869568
1789634961063735300,5.6647353515625,0.12075988948345184,0.7804011106491089,-0.8904377222061157
1789634961073775000,5.674775146484375,0.11513076722621918,0.6967592239379883,-0.7324840426445007
1789634961083814100,5.684814208984375,0.1383909434080124,0.8042312860488892,-0.6253340840339661
1789634961093854200,5.694854248046875,0.14034463465213776,0.7038045525550842,-0.5559041500091553
1789634961103894300,5.704894287109375,0.03575015068054199,0.36756226420402527,-0.34124526381492615
1789634961113933000,5.71493310546875,-0.1470060795545578,0.1798246204853058,-0.04889381676912308
1789634961123973000,5.72497314453125,-0.2761191725730896,0.22237905859947205,0.20841796696186066
1789634961134012200,5.73501220703125,-0.26154714822769165,0.35922959446907043,0.3367826044559479
1789634961144052000,5.745052001953125,-0.17178715765476227,0.3894383907318115,0.35150089859962463
1789634961154092000,5.755092041015625,-0.08419791609048843,0.3925793170928955,0.33750492334365845
1789634961164131000,5.765131103515625,-0.08014509081840515,0.3037477433681488,0.3952274024486542
1789634961174171100,5.775171142578125,-0.1424982100725174,0.11435836553573608,0.502943217754364
1789634961184211200,5.785211181640625,-0.22736594080924988,-0.07479894161224365,0.6263453960418701
1789634961194250000,5.79525,-0.30300796031951904,-0.12065617740154266,0.7811722755432129
1789634961204290000,5.8052900390625,-0.36178383231163025,-0.1371265947818756,0.9101735353469849
1789634961214329300,5.815329345703125,-0.4015251100063324,-0.12685823440551758,0.944617509841919
1789634961224369200,5.825369140625,-0.42250972986221313,-0.15619373321533203,1.004526138305664
1789634961234409200,5.8354091796875,-0.4019264280796051,0.024672463536262512,1.018107295036316
1789634961244448300,5.8454482421875,-0.3997492492198944,-0.0215388722717762,0.9925391674041748
1789634961254488300,5.85548828125,-0.4657445251941681,-0.3147289454936981,0.9894773364067078
1789634961264528100,5.865528076171875,-0.5964339375495911,-0.41842731833457947,1.042417287826538
1789634961274567200,5.875567138671875,-0.7358922362327576,-0.3920705318450928,1.0601329803466797
1789634961284607200,5.885607177734375,-0.8347854018211365,-0.4477402865886688,1.0699472427368164
1789634961294646000,5.89564599609375,-0.8462034463882446,-0.4202929437160492,1.0710300207138062
1789634961304686000,5.90568603515625,-0.7620871663093567,-0.233408585190773,1.0361138582229614
1789634961314726100,5.91572607421875,-0.6395793557167053,-0.08647346496582031,0.9254195690155029
1789634961324765200,5.92576513671875,-0.5701353549957275,-0.14152148365974426,0.8390384912490845
1789634961334805200,5.93580517578125,-0.5922832489013672,-0.17259524762630463,0.8353796005249023
1789634961344845000,5.945844970703125,-0.6309840679168701,-0.17734868824481964,0.8615766763687134
1789634961354884000,5.955884033203125,-0.6523911356925964,-0.18683086335659027,0.9588406085968018
1789634961364924200,5.965924072265625,-0.6298746466636658,-0.1781335175037384,1.0914334058761597
1789634961374963000,5.975962890625,-0.5283229947090149,-0.1351138800382614,1.0887361764907837
1789634961385003000,5.9860029296875,-0.3764082193374634,-0.06014612317085266,1.0264235734939575
1789634961395043000,5.99604296875,-0.24648988246917725,0.03931281715631485,0.9798296689987183
1789634961405082000,6.00608203125,-0.1475306898355484,0.15992872416973114,0.9284731149673462
1789634961415122000,6.016121826171875,-0.07019196450710297,0.1888519823551178,0.9146335124969482
1789634961425162000,6.026161865234375,-0.01138363592326641,0.2236110419034958,0.9825446009635925
1789634961435201300,6.036201171875,0.034747108817100525,0.17127299308776855,1.0690640211105347
1789634961445241000,6.046240966796875,0.06452035158872604,0.21391135454177856,1.0774352550506592
1789634961455280000,6.056280029296875,0.07597406953573227,0.4078664481639862,1.0385373830795288
1789634961465320200,6.0663203125,0.060924284160137177,0.6430150270462036,0.9952234625816345
1789634961475360300,6.0763603515625,0.04891662299633026,0.6437673568725586,0.9262891411781311
1789634961485399300,6.0863994140625,0.058038853108882904,0.4865838587284088,0.9208088517189026
1789634961495439000,6.096439208984375,0.05109306052327156,0.4538775682449341,1.0562347173690796
1789634961505479200,6.106479248046875,0.02242702804505825,0.4141724407672882,1.1931501626968384
1789634961515518200,6.116518310546875,0.02892061322927475,0.33180591464042664,1.2535157203674316
1789634961525558300,6.126558349609375,0.04871615394949913,0.3319856524467468,1.239685297012329
1789634961535597000,6.13659716796875,0.07218286395072937,0.3335031270980835,1.1844596862792969
1789634961545637000,6.14663720703125,0.08655168116092682,0.4367344081401825,1.2020694017410278
1789634961555677200,6.15667724609375,0.07402630150318146,0.49414339661598206,1.3218965530395508
1789634961565716000,6.166716064453125,0.09718935191631317,0.42906445264816284,1.4163599014282227
1789634961575756000,6.176756103515625,0.14810553193092346,0.2690050005912781,1.432188630104065
1789634961585796000,6.186796142578125,0.14679661393165588,0.1689586192369461,1.4106779098510742
1789634961595835100,6.196835205078125,0.10449576377868652,0.3889000117778778,1.47353994846344
1789634961605875200,6.206875244140625,0.09154504537582397,0.613918662071228,1.535266399383545
1789634961615914000,6.2169140625,0.12617120146751404,0.556916356086731,1.453156590461731
1789634961625954000,6.2269541015625,0.13647939264774323,0.24306827783584595,1.244869351387024
1789634961635994000,6.236994140625,0.06839781254529953,-0.04430597275495529,1.0982863903045654
1789634961646033200,6.247033203125,-0.08120992034673691,0.05284847319126129,1.1523901224136353
1789634961656073200,6.2570732421875,-0.2147035300731659,0.41809675097465515,1.3578252792358398
1789634961666113000,6.267113037109375,-0.23963715136051178,0.5067533254623413,1.5049002170562744
1789634961676152300,6.27715234375,-0.1722184270620346,0.2934620976448059,1.5121749639511108
1789634961686192000,6.287192138671875,-0.10002532601356506,0.12397292256355286,1.4048657417297363
1789634961696231200,6.297231201171875,-0.05980066955089569,0.05327664688229561,1.267852783203125
1789634961706271700,6.307271728515625,-0.12330950796604156,-0.05875352770090103,1.1523196697235107
1789634961716311800,6.317311767578125,-0.26388630270957947,-0.11196615546941757,1.0930653810501099
1789634961726350800,6.327350830078125,-0.39997291564941406,-0.1252172291278839,1.1726045608520508
1789634961736391000,6.337390869140625,-0.4620591998100281,-0.006402693688869476,1.3300458192825317
1789634961746431000,6.347430908203125,-0.461536169052124,0.2850499153137207,1.456382155418396
1789634961756469800,6.3574697265625,-0.42109552025794983,0.4686224162578583,1.4605108499526978
1789634961766509800,6.367509765625,-0.366547554731369,0.3268203139305115,1.3521339893341064
1789634961776548900,6.377548828125,-0.3076525628566742,-0.012243757024407387,1.2088559865951538
1789634961786588700,6.387588623046875,-0.26336759328842163,-0.3618687689304352,1.121895670890808
1789634961796628700,6.397628662109375,-0.21157628297805786,-0.4978084862232208,1.121686577796936
1789634961806667800,6.407667724609375,-0.1965436339378357,-0.31802263855934143,1.1634656190872192
1789634961816707800,6.417707763671875,-0.1945611834526062,0.07907862216234207,1.225732684135437
1789634961826747600,6.42774755859375,-0.15136630833148956,0.38459327816963196,1.2350831031799316
1789634961836786700,6.43778662109375,0.0029558888636529446,0.49181535840034485,1.1542044878005981
1789634961846826800,6.44782666015625,0.20057208836078644,0.5244448184967041,0.9796896576881409
1789634961856865800,6.45786572265625,0.33705297112464905,0.46438199281692505,0.797303318977356
1789634961866905600,6.467905517578125,0.35566166043281555,0.38687995076179504,0.6697037220001221
1789634961876945700,6.477945556640625,0.31040629744529724,0.44734248518943787,0.607688307762146
1789634961886984700,6.487984619140625,0.2669004797935486,0.6831827163696289,0.5540645718574524
1789634961897024800,6.498024658203125,0.2636394500732422,0.8533403277397156,0.4980013072490692
1789634961907063800,6.508063720703125,0.29922664165496826,0.9039063453674316,0.43275654315948486
1789634961917103900,6.518103759765625,0.32323023676872253,0.9729021787643433,0.34411296248435974
1789634961927144000,6.52814404296875,0.29589003324508667,0.9836193919181824,0.25880682468414307
1789634961937182700,6.5381826171875,0.26914894580841064,0.795366108417511,0.15779952704906464
1789634961947222800,6.548222900390625,0.334365576505661,0.4643414616584778,0.07244934141635895
1789634961957262800,6.558262939453125,0.3588283360004425,0.4635222852230072,0.08861685544252396
1789634961967302000,6.568302001953125,0.2304423749446869,0.7489562630653381,0.21323858201503754
1789634961977341700,6.578341796875,0.08949431031942368,0.9975417852401733,0.30365318059921265
1789634961987380700,6.588380615234375,0.08166378736495972,0.9843710660934448,0.2592124938964844
1789634961997420800,6.5984208984375,0.09846007823944092,0.6875620484352112,0.15639501810073853
1789634962007460900,6.6084609375,0.06298011541366577,0.3482222855091095,-0.017635680735111237
1789634962017499600,6.618499755859375,0.06420649588108063,0.11234797537326813,-0.22176511585712433
1789634962027539700,6.628539794921875,0.18782533705234528,0.049920499324798584,-0.4004144072532654
1789634962037579800,6.638579833984375,0.3351689875125885,0.2013462334871292,-0.5067960023880005
1789634962047618800,6.648618896484375,0.362343430519104,0.3407421112060547,-0.5013419985771179
1789634962057658600,6.65865869140625,0.28564971685409546,0.4603835642337799,-0.3960488438606262
1789634962067697700,6.66869775390625,0.2347654551267624,0.5313290357589722,-0.29990407824516296
1789634962077737700,6.67873779296875,0.29462453722953796,0.3665509819984436,-0.23556342720985413
1789634962087777800,6.68877783203125,0.332221657037735,0.19041235744953156,-0.2226657122373581
1789634962097816800,6.69881689453125,0.3085421621799469,0.3535517752170563,-0.35674044489860535
1789634962107856600,6.708856689453125,0.2608621418476105,0.6155964136123657,-0.4941823482513428
1789634962117896700,6.718896728515625,0.23653708398342133,0.5601783990859985,-0.5300519466400146
1789634962127935700,6.728935791015625,0.20857907831668854,0.2372373640537262,-0.47865283489227295
1789634962137975800,6.738975830078125,0.1993379145860672,0.0420532301068306,-0.4284679591655731
1789634962148014800,6.749014892578125,0.2281515896320343,0.18307644128799438,-0.4275428056716919
1789634962158055000,6.759054931640625,0.2794773578643799,0.41101160645484924,-0.4538460671901703
1789634962168095000,6.769094970703125,0.3190630078315735,0.45211005210876465,-0.4682025611400604
1789634962178133800,6.7791337890625,0.3531211316585541,0.3710751235485077,-0.47704294323921204
1789634962188173800,6.789173828125,0.3599131405353546,0.38127267360687256,-0.5126904249191284
1789634962198214000,6.7992138671875,0.3999021053314209,0.3612835109233856,-0.551418662071228
1789634962208252700,6.809252685546875,0.4430341124534607,0.10657399147748947,-0.520308256149292
1789634962218292700,6.819292724609375,0.44717666506767273,0.04935251176357269,-0.4360561966896057
1789634962228331800,6.829331787109375,0.4642683267593384,0.1745900809764862,-0.3557111620903015
1789634962238371800,6.839371826171875,0.4762650728225708,0.10271403193473816,-0.29756930470466614
1789634962248411600,6.84941162109375,0.44030237197875977,0.023996591567993164,-0.26372674107551575
1789634962258450700,6.85945068359375,0.3566010892391205,0.08202420175075531,-0.31687596440315247
1789634962268490800,6.86949072265625,0.3209485113620758,0.17141953110694885,-0.5062419772148132
1789634962278530800,6.87953076171875,0.36850404739379883,0.2511095702648163,-0.8057200312614441
1789634962288569600,6.889569580078125,0.4260707497596741,0.4595034420490265,-1.0811976194381714
1789634962298609700,6.899609619140625,0.4687950611114502,0.7976908087730408,-1.2324163913726807
1789634962308648700,6.909648681640625,0.5166957378387451,1.0197532176971436,-1.2106765508651733
1789634962318688800,6.919688720703125,0.5394971966743469,0.9818723201751709,-1.0838086605072021
1789634962328728600,6.929728515625,0.44411221146583557,0.7106477618217468,-0.967986524105072
1789634962338768000,6.939767822265625,0.3324269652366638,0.3914758861064911,-0.8694612383842468
1789634962348808000,6.949807861328125,0.2803650498390198,0.02587917260825634,-0.7714207768440247
1789634962358847700,6.95984765625,0.2882799804210663,-0.3789266347885132,-0.6430593132972717
1789634962368886800,6.96988671875,0.3081371784210205,-0.633445143699646,-0.510588526725769
1789634962378926800,6.9799267578125,0.32779452204704285,-0.721011221408844,-0.43964773416519165
1789634962388966000,6.9899658203125,0.3142000734806061,-0.5446357727050781,-0.47643786668777466
1789634962399005700,7.000005615234375,0.1766563355922699,-0.11594697833061218,-0.6167449355125427
1789634962409045800,7.010045654296875,0.1524418145418167,0.11956699937582016,-0.7570192217826843
1789634962419084800,7.020084716796875,0.2852613925933838,-0.19538429379463196,-0.7608786821365356
1789634962429124900,7.030124755859375,0.3201180696487427,-0.5017713308334351,-0.7129550576210022
1789634962439165000,7.0401650390625,0.260511189699173,-0.5235093832015991,-0.7419244050979614
1789634962449203700,7.05020361328125,0.23698166012763977,-0.5106821656227112,-0.8518247604370117
1789634962459243800,7.060243896484375,0.2127130776643753,-0.48002147674560547,-0.9133960008621216
1789634962469282800,7.07028271484375,0.18126560747623444,-0.3512530028820038,-0.9567427039146423
1789634962479322600,7.080322509765625,0.16012383997440338,-0.2440309375524521,-0.9914079904556274
1789634962489362700,7.09036279296875,0.09072203189134598,-0.16395384073257446,-1.0431939363479614
1789634962499401700,7.100401611328125,-0.025728683918714523,-0.07278558611869812,-1.0758674144744873
1789634962509441800,7.11044189453125,-0.11331821978092194,-0.1448233723640442,-1.0703582763671875
1789634962519480800,7.120480712890625,-0.17887060344219208,-0.31280413269996643,-0.9874151349067688
1789634962529520600,7.130520751953125,-0.19712594151496887,-0.6234832406044006,-0.9467511773109436
1789634962539560700,7.140560791015625,-0.14415167272090912,-0.9538086652755737,-0.9291503429412842
1789634962549600000,7.15060009765625,-0.07862093299627304,-1.0112457275390625,-0.9245720505714417
1789634962559639800,7.160639892578125,-0.017747458070516586,-0.8039661049842834,-0.990896463394165
1789634962569679600,7.1706796875,0.034519340842962265,-0.6220385432243347,-1.1186127662658691
1789634962579719000,7.180718994140625,0.05639534443616867,-0.7201909422874451,-1.1898536682128906
1789634962589759000,7.190759033203125,0.14127717912197113,-0.844869077205658,-1.1857104301452637
1789634962599797800,7.2007978515625,0.19432096183300018,-0.8899561166763306,-1.1376838684082031
1789634962609837800,7.210837890625,0.22309628129005432,-0.8016526103019714,-1.0988284349441528
1789634962619878000,7.2208779296875,0.2292710840702057,-0.5904234647750854,-1.0303221940994263
1789634962629916700,7.230916748046875,0.25041425228118896,-0.5027933716773987,-0.9632388353347778
1789634962639956700,7.240956787109375,0.26649683713912964,-0.6011162400245667,-0.971594512462616
1789634962649996800,7.250996826171875,0.25276392698287964,-0.7382262349128723,-1.0875481367111206
1789634962660035800,7.261035888671875,0.2614399492740631,-0.9240421652793884,-1.2400354146957397
1789634962670075600,7.27107568359375,0.33710038661956787,-1.0840461254119873,-1.3844153881072998
1789634962680114700,7.28111474609375,0.44308486580848694,-1.0988357067108154,-1.5006669759750366
1789634962690154800,7.29115478515625,0.5081434845924377,-1.0926705598831177,-1.5158376693725586
1789634962700194800,7.30119482421875,0.4617663621902466,-1.0320780277252197,-1.4522353410720825
1789634962710233000,7.311233154296875,0.3447098135948181,-0.8350539207458496,-1.407990574836731
1789634962720273200,7.321273193359375,0.2460242658853531,-0.7324079871177673,-1.391330599784851
1789634962730313000,7.33131298828125,0.19822867214679718,-0.6858183145523071,-1.4090476036071777
1789634962740352300,7.341352294921875,0.24152208864688873,-0.7101273536682129,-1.4996345043182373
1789634962750392300,7.351392333984375,0.31326544284820557,-0.9046264886856079,-1.5918806791305542
1789634962760431000,7.36143115234375,0.3576134443283081,-1.0165152549743652,-1.6867363452911377
1789634962770471200,7.37147119140625,0.38061919808387756,-0.9791635274887085,-1.755825161933899
1789634962780511200,7.38151123046875,0.4266945421695709,-0.9689434170722961,-1.7058171033859253
1789634962790550300,7.39155029296875,0.4408828914165497,-0.7585539817810059,-1.5692321062088013
1789634962800590000,7.401590087890625,0.3878159523010254,-0.3471408486366272,-1.4617033004760742
1789634962810630100,7.411630126953125,0.3131612241268158,-0.2025209367275238,-1.4256983995437622
1789634962820669200,7.421669189453125,0.21667808294296265,-0.24138924479484558,-1.4266656637191772
1789634962830709200,7.431709228515625,0.18301701545715332,-0.27943986654281616,-1.4748687744140625
1789634962840748000,7.441748046875,0.18381595611572266,-0.30224743485450745,-1.456311821937561
1789634962850788000,7.4517880859375,0.15569527447223663,-0.20491762459278107,-1.393123984336853
1789634962860828200,7.461828125,0.10098835080862045,-0.05294300988316536,-1.349418044090271
1789634962870867200,7.4718671875,0.05789194256067276,-0.02403823658823967,-1.3474208116531372
1789634962880907000,7.481906982421875,-0.005157331004738808,0.004638414829969406,-1.2980375289916992
1789634962890947000,7.491947021484375,-0.07052619010210037,0.08206959813833237,-1.2388761043548584
1789634962900986000,7.501986083984375,-0.1163749024271965,0.22533808648586273,-1.1780593395233154
1789634962911026200,7.512026123046875,-0.1304507702589035,0.3129481077194214,-1.1361846923828125
1789634962921065200,7.522065185546875,-0.16070561110973358,0.254546582698822,-1.1015836000442505
1789634962931105000,7.53210498046875,-0.22368711233139038,0.2614569664001465,-1.0215011835098267
1789634962941145000,7.54214501953125,-0.30065804719924927,0.2810141444206238,-0.9057590961456299
1789634962951184100,7.55218408203125,-0.3258902430534363,0.40579721331596375,-0.8434094190597534
1789634962961224200,7.56222412109375,-0.3220102787017822,0.5452693700790405,-0.8516455292701721
1789634962971264000,7.572263916015625,-0.30462387204170227,0.598252534866333,-0.8026946783065796
1789634962981303300,7.58230322265625,-0.3011031746864319,0.5501691699028015,-0.6458986401557922
1789634962991343400,7.59234326171875,-0.30045637488365173,0.5609719753265381,-0.5072550177574158
1789634963001382100,7.602382080078125,-0.3000526428222656,0.6437874436378479,-0.39759960770606995
1789634963011422200,7.612422119140625,-0.31130465865135193,0.6726409196853638,-0.24364034831523895
1789634963021462300,7.622462158203125,-0.36682942509651184,0.6833851337432861,-0.03805309534072876
1789634963031501000,7.6325009765625,-0.4862692356109619,0.6522361040115356,0.15301817655563354
1789634963041541000,7.642541015625,-0.628970742225647,0.664833128452301,0.3145151734352112
1789634963051581200,7.652581298828125,-0.7550302147865295,0.6302787065505981,0.47984981536865234
1789634963061620200,7.6626201171875,-0.7919964790344238,0.7128742337226868,0.6600992679595947
1789634963071660000,7.672659912109375,-0.7316168546676636,0.680169939994812,0.7634349465370178
1789634963081699000,7.682698974609375,-0.6762188076972961,0.6676471829414368,0.9099265933036804
1789634963091739100,7.6927392578125,-0.6620565056800842,0.6345362067222595,1.1029338836669922
1789634963101779200,7.702779296875,-0.6681783199310303,0.6250753402709961,1.2493313550949097
1789634963111818000,7.71281787109375,-0.658484935760498,0.5841915607452393,1.3831309080123901
1789634963121858000,7.722858154296875,-0.6075586080551147,0.7141810059547424,1.5633575916290283
1789634963131898000,7.732898193359375,-0.4989956021308899,0.8592992424964905,1.6215360164642334
1789634963141937200,7.742937255859375,-0.4223617911338806,0.7798342108726501,1.5189992189407349
1789634963151977000,7.75297705078125,-0.42084798216819763,0.5915853381156921,1.477263331413269
1789634963162016300,7.763016357421875,-0.4399862289428711,0.551319420337677,1.5716105699539185
1789634963172056300,7.773056396484375,-0.44038525223731995,0.633700966835022,1.6080482006072998
1789634963182096100,7.78309619140625,-0.4377165138721466,0.6486610174179077,1.5248461961746216
1789634963192135200,7.79313525390625,-0.4364023506641388,0.490021288394928,1.4898936748504639
1789634963202175200,7.80317529296875,-0.40021905303001404,0.3609844744205475,1.5744678974151611
1789634963212215300,7.81321533203125,-0.331624299287796,0.3723633587360382,1.6799384355545044
1789634963222254000,7.823254150390625,-0.2705954611301422,0.6167461276054382,1.7591372728347778
1789634963232294100,7.833294189453125,-0.21512311697006226,0.7904067039489746,1.8172954320907593
1789634963242333200,7.843333251953125,-0.14866553246974945,0.7740272283554077,1.874622106552124
1789634963252373200,7.853373291015625,-0.08027318120002747,0.7105882167816162,1.9028587341308594
1789634963262413000,7.8634130859375,-0.03235999122262001,0.6746547222137451,1.9215998649597168
1789634963272452000,7.8734521484375,-0.02973894216120243,0.7012271285057068,1.9456884860992432
1789634963282492200,7.8834921875,-0.07810860872268677,0.6965348720550537,1.983949065208435
1789634963292532200,7.8935322265625,-0.14051882922649384,0.5768796801567078,2.0495638847351074
1789634963302571000,7.903571044921875,-0.1629602164030075,0.4066387116909027,2.0948173999786377
1789634963312611000,7.913611083984375,-0.12183348089456558,0.36566799879074097,2.0724987983703613
1789634963322650000,7.923650146484375,-0.08371113240718842,0.41607898473739624,1.9967546463012695
1789634963332690200,7.933690185546875,-0.05894090235233307,0.42237553000450134,1.9046870470046997
1789634963342730000,7.94372998046875,-0.03819088265299797,0.21589957177639008,1.8569411039352417
1789634963352769000,7.95376904296875,-0.016239678487181664,-0.04011788219213486,1.8497719764709473
1789634963362809000,7.96380908203125,0.0603720098733902,0.01508012693375349,1.8829989433288574
1789634963372848000,7.97384814453125,0.1581973135471344,0.3274163007736206,1.9448370933532715
1789634963382888200,7.98388818359375,0.2479357123374939,0.5885805487632751,1.9379832744598389
1789634963392928000,7.993927978515625,0.30008453130722046,0.5426954030990601,1.8278117179870605
1789634963402967300,8.00396728515625,0.3030867278575897,0.1910010129213333,1.6587992906570435
1789634963413007400,8.01400732421875,0.24577400088310242,-0.17792733013629913,1.5200449228286743
1789634963423047200,8.024047119140626,0.16610446572303772,-0.33747172355651855,1.4964771270751953
1789634963433086200,8.034086181640625,0.08402863144874573,-0.17703518271446228,1.5899903774261475
1789634963443126300,8.044126220703125,0.02737760730087757,0.1319676637649536,1.7018697261810303
1789634963453165000,8.0541650390625,0.06082255020737648,0.43148040771484375,1.7228504419326782
1789634963463205000,8.064205078125,0.15599513053894043,0.5391615629196167,1.6662483215332031
1789634963473245200,8.0742451171875,0.26296404004096985,0.46946635842323303,1.6247456073760986
1789634963483284200,8.0842841796875,0.30706676840782166,0.48663681745529175,1.6186912059783936
1789634963493324000,8.094323974609376,0.2533847987651825,0.5894523859024048,1.6082686185836792
1789634963503364000,8.104364013671875,0.12798744440078735,0.22912459075450897,1.5113351345062256
1789634963513403100,8.114403076171875,0.0030187410302460194,-0.5254892706871033,1.3598532676696777
1789634963523443200,8.124443115234374,-0.056711431592702866,-0.631977915763855,1.29564368724823
1789634963533482000,8.13448193359375,-0.11226208508014679,0.09584131091833115,1.4220706224441528
1789634963543522000,8.14452197265625,-0.18679676949977875,0.8419237732887268,1.5270441770553589
1789634963553562000,8.15456201171875,-0.15446922183036804,1.0614259243011475,1.4079211950302124
1789634963563601200,8.16460107421875,-0.02430988848209381,0.8189853429794312,1.208983063697815
1789634963573641000,8.174640869140624,-0.0016199545934796333,0.4412887692451477,1.1083128452301025
1789634963583681000,8.184680908203125,-0.08936232328414917,0.2270345240831375,1.0509830713272095
1789634963593720300,8.19472021484375,-0.10192661732435226,-0.03294971585273743,0.9019237756729126
1789634963603760000,8.204760009765625,-0.04606015607714653,-0.30777275562286377,0.6893507838249207
1789634963613799200,8.214799072265626,0.011426438577473164,-0.29610198736190796,0.5604906678199768
1789634963623839200,8.224839111328125,0.04096782207489014,0.07322733104228973,0.5380255579948425
1789634963633879300,8.23487939453125,0.05968781188130379,0.6042799949645996,0.4927014708518982
1789634963643918000,8.24491796875,0.11542271822690964,0.8586771488189697,0.37127652764320374
1789634963653958100,8.254958251953125,0.22501029074192047,0.7446362376213074,0.26254329085350037
1789634963663998200,8.264998291015624,0.18224844336509705,0.5683472156524658,0.16948606073856354
1789634963674037200,8.275037353515625,-0.00022339285351336002,0.2601461708545685,0.01655292883515358
1789634963684077000,8.2850771484375,-0.08913782238960266,-0.14771591126918793,-0.20457467436790466
1789634963694116000,8.2951162109375,-0.06037204712629318,-0.23395219445228577,-0.4720640778541565
1789634963704156200,8.30515625,0.04305180907249451,-0.20084378123283386,-0.6702807545661926
1789634963714196700,8.31519677734375,0.13141143321990967,-0.1429782211780548,-0.7704033851623535
1789634963724235800,8.32523583984375,0.15188582241535187,0.08398061990737915,-0.8384612798690796
1789634963734275800,8.33527587890625,0.19136758148670197,0.26608091592788696,-0.8448001742362976
1789634963744316000,8.34531591796875,0.22151508927345276,0.2790108323097229,-0.8100818395614624
1789634963754354700,8.355354736328126,0.14778365194797516,0.4532466530799866,-0.8390248417854309
1789634963764394800,8.365394775390625,0.05926257371902466,0.7188265919685364,-0.923450767993927
1789634963774433800,8.375433837890625,0.06875550746917725,0.7802854776382446,-0.9889935851097107
1789634963784473600,8.3854736328125,0.13330574333667755,0.7756110429763794,-1.0258592367172241
1789634963794513700,8.395513671875,0.15108893811702728,0.8482244610786438,-1.0050265789031982
1789634963804552700,8.405552734375,0.16799068450927734,0.9625203609466553,-0.9108195900917053
1789634963814592800,8.4155927734375,0.2894178330898285,0.8602930903434753,-0.7460697889328003
1789634963824632800,8.4256328125,0.4442098140716553,0.2799181044101715,-0.49288487434387207
1789634963834671600,8.435671630859375,0.5131931900978088,-0.5047459006309509,-0.23753836750984192
1789634963844711700,8.445711669921875,0.4052017629146576,-0.7456740736961365,-0.075252003967762
1789634963854751000,8.4557509765625,0.3101051449775696,-0.5269735455513,-0.04412452504038811
1789634963864790800,8.465790771484375,0.23572039604187012,-0.12568311393260956,-0.1523122489452362
1789634963874830800,8.475830810546874,0.18781794607639313,0.2071659117937088,-0.3844131529331207
1789634963884870000,8.485869873046875,0.12921108305454254,0.28230220079421997,-0.6334038376808167
1789634963894910000,8.495909912109376,0.10188549757003784,0.38667792081832886,-0.8253509998321533
1789634963904949800,8.50594970703125,0.1394568383693695,0.47038930654525757,-0.9450318217277527
1789634963914988800,8.51598876953125,0.2153414785861969,0.38204988837242126,-1.0614066123962402
1789634963925028900,8.52602880859375,0.22216689586639404,0.17868849635124207,-1.1150938272476196
1789634963935067600,8.536067626953125,0.15538537502288818,0.025032993406057358,-1.077967882156372
1789634963945107700,8.546107666015626,0.07952523231506348,0.10090644657611847,-0.9669159054756165
1789634963955147800,8.556147705078125,0.02472100593149662,0.32443735003471375,-0.7859814763069153
1789634963965186800,8.566186767578126,0.06689109653234482,0.3797703683376312,-0.631935715675354
1789634963975227000,8.576226806640625,0.11875200271606445,0.0727352648973465,-0.6012172698974609
1789634963985266700,8.5862666015625,0.09315529465675354,-0.23175059258937836,-0.7152141332626343
1789634963995305700,8.5963056640625,0.11622805893421173,-0.3959212899208069,-0.8462647795677185
1789634964005345800,8.606345703125,0.19725312292575836,-0.5861173272132874,-0.8650661706924438
1789634964015384600,8.616384521484376,0.2563088834285736,-0.7416456341743469,-0.8586386442184448
1789634964025424600,8.626424560546875,0.23147039115428925,-0.659074604511261,-0.9681318402290344
1789634964035464700,8.636464599609376,0.18787656724452972,-0.43936967849731445,-1.1842076778411865
1789634964045503700,8.646503662109374,0.17558102309703827,-0.2910100221633911,-1.3825106620788574
1789634964055543600,8.65654345703125,0.20334607362747192,-0.5019792318344116,-1.487896203994751
1789634964065583600,8.66658349609375,0.23324725031852722,-0.5762268304824829,-1.4470840692520142
1789634964075623000,8.676622802734375,0.24883516132831573,-0.6711030006408691,-1.3615703582763672
1789634964085662700,8.686662841796876,0.21393869817256927,-0.8194730281829834,-1.2993417978286743
1789634964095701800,8.69670166015625,0.19166149199008942,-0.6978200078010559,-1.3365620374679565
1789634964105741800,8.706741943359376,0.09426916390657425,-0.7683042883872986,-1.4119728803634644
1789634964115782000,8.716781982421875,0.08049282431602478,-0.9360109567642212,-1.5014777183532715
1789634964125821000,8.726821044921875,0.12739507853984833,-1.2108135223388672,-1.5752997398376465
1789634964135860700,8.73686083984375,0.19605840742588043,-1.2098244428634644,-1.5893088579177856
1789634964145900800,8.74690087890625,0.2549728751182556,-0.7805036306381226,-1.5536048412322998
1789634964155939800,8.75693994140625,0.3574230670928955,-0.6707079410552979,-1.4891140460968018
1789634964165980000,8.76697998046875,0.4025636613368988,-0.8583917617797852,-1.4871315956115723
1789634964176018700,8.777018798828125,0.3701624870300293,-0.918494701385498,-1.5491437911987305
1789634964186058800,8.787058837890624,0.3653797209262848,-0.7698679566383362,-1.5705257654190063
1789634964196098800,8.797098876953125,0.4312376379966736,-0.7164909243583679,-1.5740889310836792
1789634964206137600,8.8071376953125,0.5165719389915466,-1.0018397569656372,-1.6202247142791748
1789634964216177700,8.817177734375,0.5942565202713013,-1.2740336656570435,-1.6514718532562256
1789634964226216700,8.827216796875,0.5937057733535767,-1.1627668142318726,-1.551064372062683
1789634964236256800,8.8372568359375,0.5413548946380615,-0.9115709662437439,-1.4687931537628174
1789634964246296800,8.847296875,0.5190900564193726,-0.8646532893180847,-1.5162101984024048
1789634964256335600,8.857335693359374,0.5146888494491577,-1.0207773447036743,-1.6383838653564453
1789634964266375700,8.867375732421875,0.44474703073501587,-1.181901216506958,-1.7610834836959839
1789634964276415700,8.877415771484374,0.4032529890537262,-1.1586506366729736,-1.8970530033111572
1789634964286454800,8.887454833984375,0.4465719759464264,-1.1935423612594604,-1.9412097930908203
1789634964296494800,8.897494873046876,0.5424656271934509,-1.1115479469299316,-1.8760896921157837
1789634964306534000,8.907533935546875,0.574958860874176,-0.8089256882667542,-1.7118059396743774
1789634964316574000,8.917573974609375,0.5485182404518127,-0.5334527492523193,-1.553225040435791
1789634964326613800,8.92761376953125,0.510096549987793,-0.35753577947616577,-1.576012134552002
1789634964336652800,8.93765283203125,0.48599401116371155,-0.3433869481086731,-1.6926511526107788
1789634964346692900,8.94769287109375,0.39581298828125,-0.47287943959236145,-1.7491360902786255
1789634964356733000,8.95773291015625,0.3143353760242462,-0.3307386636734009,-1.7435792684555054
1789634964366771700,8.967771728515626,0.312674880027771,0.006629533134400845,-1.6449346542358398
1789634964376811800,8.977811767578125,0.2742250859737396,0.18337838351726532,-1.5675345659255981
1789634964386850800,8.987850830078125,0.18304643034934998,0.32767030596733093,-1.4833736419677734
1789634964396891000,8.997890869140624,0.058245740830898285,0.407964825630188,-1.4326612949371338
1789634964406930700,9.0079306640625,-0.024544212967157364,0.3879964351654053,-1.3970180749893188
1789634964416969700,9.0179697265625,-0.06571771949529648,0.22658711671829224,-1.3647099733352661
1789634964427009800,9.028009765625,-0.15745589137077332,0.13647426664829254,-1.218583345413208
1789634964437049900,9.0380498046875,-0.274209588766098,0.1864050179719925,-0.984533965587616
1789634964447088600,9.048088623046874,-0.2901294231414795,0.32436472177505493,-0.8537083268165588
1789634964457128700,9.058128662109375,-0.2408962845802307,0.5914692878723145,-0.756081223487854
1789634964467167700,9.068167724609374,-0.1813935488462448,0.6487794518470764,-0.5850690007209778
1789634964477207600,9.07820751953125,-0.159849151968956,0.6095489263534546,-0.38914307951927185
1789634964487247600,9.08824755859375,-0.1582334041595459,0.6458477973937988,-0.24547378718852997
1789634964497287000,9.098286865234375,-0.20855742692947388,0.44535648822784424,-0.13742119073867798
1789634964507326700,9.10832666015625,-0.3152247369289398,0.14598068594932556,-0.02406533807516098
1789634964517366500,9.118366455078124,-0.41124728322029114,0.12147433310747147,0.12140872329473495
1789634964527405800,9.12840576171875,-0.37573936581611633,0.1780252307653427,0.223517507314682
1789634964537446000,9.13844580078125,-0.3546830415725708,0.13000740110874176,0.19375555217266083
1789634964547485000,9.14848486328125,-0.40296268463134766,0.06785029172897339,0.2510603964328766
1789634964557524700,9.158524658203126,-0.41886964440345764,0.13206033408641815,0.4721478521823883
1789634964567564800,9.168564697265625,-0.37802210450172424,0.3380712866783142,0.6170370578765869
1789634964577603800,9.178603759765625,-0.29330894351005554,0.48331695795059204,0.5801438093185425
1789634964587644000,9.188643798828124,-0.24938566982746124,0.2669138014316559,0.6092021465301514
1789634964597683700,9.19868359375,-0.296907514333725,0.09003835916519165,0.8310651183128357
1789634964607722800,9.20872265625,-0.3565239906311035,0.24200792610645294,1.0510519742965698
1789634964617762800,9.2187626953125,-0.4115142226219177,0.5135372281074524,1.0853031873703003
1789634964627803000,9.228802978515626,-0.36863893270492554,0.6123780012130737,0.9653221368789673
1789634964637841700,9.238841552734375,-0.2513919770717621,0.5159810781478882,0.9236655831336975
1789634964647881700,9.2488818359375,-0.18364062905311584,0.44452744722366333,1.0835468769073486
1789634964657920800,9.258920654296874,-0.20971040427684784,0.552062451839447,1.319492220878601
1789634964667960800,9.2689609375,-0.2921086251735687,0.7184597253799438,1.4626027345657349
1789634964678000600,9.279000732421874,-0.33487337827682495,0.691540539264679,1.4957494735717773
1789634964688039700,9.289039794921875,-0.3337306082248688,0.5574972033500671,1.5393424034118652
1789634964698079700,9.299079833984376,-0.34303906559944153,0.6073544025421143,1.6356488466262817
1789634964708119800,9.309119873046875,-0.36738649010658264,0.738116979598999,1.6805380582809448
1789634964718158800,9.319158935546875,-0.3550277352333069,0.638008177280426,1.6659071445465088
1789634964728198700,9.32919873046875,-0.3573891520500183,0.481733113527298,1.7206774950027466
1789634964738238000,9.339238037109375,-0.38671058416366577,0.5838378071784973,1.8760247230529785
1789634964748278000,9.349278076171874,-0.3704141676425934,0.7753539681434631,1.9451756477355957
1789634964758317800,9.35931787109375,-0.28535404801368713,0.809023380279541,1.8818906545639038
1789634964768356900,9.36935693359375,-0.21336722373962402,0.7743122577667236,1.8293542861938477
1789634964778397000,9.37939697265625,-0.18521921336650848,0.796235978603363,1.9138596057891846
1789634964788435700,9.389435791015625,-0.20576097071170807,0.8620085716247559,2.1052327156066895
1789634964798475800,9.399475830078124,-0.25308772921562195,0.78435879945755,2.2989954948425293
1789634964808515800,9.409515869140625,-0.28433433175086975,0.5281456708908081,2.3677313327789307
1789634964818555000,9.419554931640626,-0.32684069871902466,0.3592076897621155,2.3662636280059814
1789634964828595000,9.429594970703125,-0.3984954357147217,0.47744032740592957,2.354583978652954
1789634964838634800,9.439634765625,-0.4061461389064789,0.5873669385910034,2.329843759536743
1789634964848673800,9.449673828125,-0.352571040391922,0.5350712537765503,2.242584228515625
1789634964858713900,9.4597138671875,-0.2916683256626129,0.3405972719192505,2.0880801677703857
1789634964868752600,9.469752685546876,-0.26452139019966125,0.08139871805906296,1.9424277544021606
1789634964878792700,9.479792724609375,-0.30878186225891113,-0.007036502473056316,1.9438629150390625
1789634964888832800,9.489832763671876,-0.41637304425239563,0.18680059909820557,2.0997958183288574
1789634964898871800,9.499871826171875,-0.46227461099624634,0.34720760583877563,2.197789430618286
1789634964908911600,9.50991162109375,-0.4713818430900574,0.30103984475135803,2.106731414794922
1789634964918951700,9.51995166015625,-0.5202293992042542,0.25844502449035645,1.9274507761001587
1789634964928990700,9.52999072265625,-0.4975584149360657,0.2965617775917053,1.8237755298614502
1789634964939030800,9.54003076171875,-0.3351024389266968,0.31678810715675354,1.8187615871429443
1789634964949069800,9.55006982421875,-0.1147860586643219,0.21584470570087433,1.7846053838729858
1789634964959110000,9.56010986328125,0.02090349793434143,0.10273955762386322,1.6778935194015503
1789634964969150000,9.57014990234375,0.03331302851438522,0.26568904519081116,1.5970202684402466
1789634964979189000,9.58018896484375,0.03970618173480034,0.6042065620422363,1.6062771081924438
1789634964989228800,9.590228759765624,0.10514936596155167,0.6190316081047058,1.5850528478622437
1789634964999268900,9.600268798828125,0.17650318145751953,0.264361172914505,1.4602442979812622
1789634965009308000,9.610307861328126,0.17371031641960144,-0.038887135684490204,1.357670783996582
1789634965019348000,9.620347900390625,0.1616050750017166,0.12584032118320465,1.349199891090393
1789634965029386800,9.63038671875,0.17383724451065063,0.513884961605072,1.3480693101882935
1789634965039426800,9.6404267578125,0.2140863686800003,0.6694705486297607,1.237852931022644
1789634965049467000,9.650466796875,0.2532002329826355,0.4901529848575592,1.0479460954666138
1789634965059505700,9.660505615234374,0.23075918853282928,0.12381379306316376,0.8659519553184509
1789634965069545700,9.670545654296875,0.21353892982006073,-0.20184606313705444,0.7254475355148315
1789634965079585800,9.680585693359374,0.18770968914031982,-0.26280903816223145,0.6018788814544678
1789634965089624800,9.690624755859375,0.17896227538585663,-0.20201599597930908,0.5152486562728882
1789634965099665000,9.700664794921876,0.22079870104789734,-0.15739044547080994,0.5030919909477234
1789634965109703700,9.71070361328125,0.25328341126441956,-0.0492357462644577,0.5037998557090759
1789634965119743700,9.72074365234375,0.2601688504219055,0.20447905361652374,0.41918396949768066
1789634965129783800,9.73078369140625,0.26126793026924133,0.2981695830821991,0.2621384263038635
1789634965139822800,9.74082275390625,0.2378874123096466,0.10617142170667648,0.10424923896789551
1789634965149862700,9.750862548828126,0.15215173363685608,-0.14259499311447144,-0.012020648457109928
1789634965159902700,9.76090283203125,0.06077887862920761,-0.24802933633327484,-0.09964031726121902
1789634965169942000,9.77094189453125,0.027710141614079475,-0.11840075999498367,-0.17527835071086884
1789634965179981800,9.78098193359375,0.007057289592921734,0.0949699655175209,-0.2356397956609726
1789634965190020900,9.791020751953125,0.004591468721628189,0.2978104054927826,-0.2999356985092163
1789634965200061000,9.80106103515625,-0.036027561873197556,0.42486751079559326,-0.4059383273124695
1789634965210101000,9.81110107421875,-0.06092039495706558,0.4282984733581543,-0.5853815674781799
1789634965220139800,9.821139892578126,-0.07482385635375977,0.18976068496704102,-0.8217586874961853
1789634965230179800,9.831179931640625,-0.06850417703390121,-0.07316042482852936,-1.0601577758789062
1789634965240220000,9.841219970703126,-0.08939924091100693,0.0034394394606351852,-1.1872378587722778
1789634965250259000,9.851259033203124,-0.08100895583629608,0.3425748944282532,-1.18034827709198
1789634965260298800,9.861298828125,-0.02574925869703293,0.6571574211120605,-1.05210542678833
1789634965270337800,9.871337890625,0.09339337795972824,0.8044408559799194,-0.8734850883483887
1789634965280377900,9.8813779296875,0.18590766191482544,0.7054031491279602,-0.7070234417915344
1789634965290418000,9.89141796875,0.21267561614513397,0.445029616355896,-0.5944066047668457
1789634965300456700,9.901456787109375,0.19401098787784576,0.055046163499355316,-0.5227215886116028
1789634965310496800,9.911496826171875,0.16680839657783508,-0.3490983843803406,-0.5049958825111389
1789634965320536800,9.921536865234375,0.13256826996803284,-0.5761022567749023,-0.5673944354057312
1789634965330575600,9.93157568359375,0.12541981041431427,-0.6234119534492493,-0.680764377117157
1789634965340615700,9.94161572265625,0.15698376297950745,-0.4685581922531128,-0.8112107515335083
1789634965350654700,9.95165478515625,0.1848958283662796,-0.1793908178806305,-0.9731778502464294
1789634965360694800,9.96169482421875,0.26362481713294983,-0.06776928156614304,-1.116260290145874
1789634965370734600,9.971734619140625,0.3710218369960785,-0.08075112104415894,-1.1536227464675903
1789634965380774000,9.98177392578125,0.40761899948120117,0.03590600565075874,-1.0883784294128418
1789634965390814000,9.99181396484375,0.36355382204055786,0.254879355430603,-1.0354654788970947
1789634965400853800,10.001853759765625,0.2349882572889328,0.3728829622268677,-1.0292376279830933
1789634965410892800,10.011892822265626,0.06572413444519043,0.32555726170539856,-1.087464451789856
1789634965420932900,10.021932861328125,-0.04270041361451149,0.15046893060207367,-1.2484747171401978
1789634965430972000,10.031971923828126,-0.04245273768901825,-0.05587118864059448,-1.4013599157333374
1789634965441012000,10.042011962890625,0.04996144771575928,-0.42047426104545593,-1.443532109260559
1789634965451051800,10.0520517578125,0.0997292697429657,-0.8828903436660767,-1.3768073320388794
1789634965461090800,10.0620908203125,0.09643963724374771,-1.079945683479309,-1.2424840927124023
1789634965471131000,10.072130859375,0.05490843579173088,-0.8087489604949951,-1.1054582595825195
1789634965481171000,10.0821708984375,0.0014024998527020216,-0.5041988492012024,-1.0699987411499023
1789634965491209700,10.092209716796875,-0.006492973305284977,-0.4713762104511261,-1.1145520210266113
1789634965501249800,10.102249755859376,0.05586674064397812,-0.5648205280303955,-1.1812125444412231
1789634965511288800,10.112288818359374,0.10758931934833527,-0.5978977680206299,-1.2869142293930054
1789634965521329000,10.122328857421875,0.15927638113498688,-0.8693143129348755,-1.441387414932251
1789634965531368700,10.13236865234375,0.22376856207847595,-1.2120109796524048,-1.6313022375106812
1789634965541407700,10.14240771484375,0.2536201477050781,-1.2725707292556763,-1.717206597328186
1789634965551447800,10.15244775390625,0.2349013388156891,-1.1153355836868286,-1.647339105606079
1789634965561488000,10.16248779296875,0.15853682160377502,-0.9523628354072571,-1.5733448266983032
1789634965571526700,10.172526611328125,0.07394257932901382,-0.7082788348197937,-1.6208041906356812
1789634965581566700,10.182566650390624,0.04855872690677643,-0.7213196754455566,-1.7106006145477295
1789634965591606000,10.19260595703125,0.08432764559984207,-0.8653503060340881,-1.7966891527175903
1789634965601645800,10.202645751953124,0.1457250565290451,-1.0212671756744385,-1.7897249460220337
1789634965611685600,10.212685546875,0.2351641207933426,-0.9419061541557312,-1.704390048980713
1789634965621725000,10.222724853515626,0.3590630292892456,-0.41505542397499084,-1.5752618312835693
1789634965631765000,10.232764892578125,0.4166080951690674,-0.29382485151290894,-1.5471811294555664
1789634965641804800,10.2428046875,0.4041794538497925,-0.8087964057922363,-1.7018295526504517
1789634965651843800,10.25284375,0.4091856777667999,-0.9651787877082825,-1.9342329502105713
1789634965661884000,10.2628837890625,0.44446173310279846,-1.1350003480911255,-2.104602098464966
1789634965671923000,10.2729228515625,0.48264989256858826,-1.2026516199111938,-2.179150342941284
1789634965681962800,10.282962646484375,0.4794701635837555,-1.0620429515838623,-2.1087732315063477
1789634965692002800,10.2930029296875,0.4346765875816345,-0.7619744539260864,-1.9256519079208374
1789634965702041900,10.303041748046875,0.394661009311676,-0.3499026894569397,-1.7583750486373901
1789634965712081000,10.313080810546875,0.36678704619407654,-0.22542041540145874,-1.7479032278060913
1789634965722121000,10.323120849609374,0.427152156829834,-0.3238677680492401,-1.8620907068252563
1789634965732159700,10.33315966796875,0.45106175541877747,-0.36538830399513245,-1.9197771549224854
1789634965742199800,10.34319970703125,0.419910192489624,-0.2531750798225403,-1.831825613975525
1789634965752239000,10.353239013671875,0.38809287548065186,-0.05615655705332756,-1.7230693101882935
1789634965762279000,10.36327880859375,0.3087995648384094,-0.00856521725654602,-1.667677402496338
1789634965772318700,10.373318603515624,0.23030874133110046,-0.06547830253839493,-1.5628337860107422
1789634965782358000,10.38335791015625,0.21244771778583527,-0.20809750258922577,-1.4092570543289185
1789634965792398000,10.393398193359374,0.18166130781173706,-0.2519315183162689,-1.2055004835128784
1789634965802438000,10.40343798828125,0.09009658545255661,-0.1834532469511032,-1.0022530555725098
1789634965812477000,10.413476806640626,0.0013275659875944257,0.04636076092720032,-0.864800214767456
1789634965822517000,10.42351708984375,0.02798580937087536,0.435848593711853,-0.7776972651481628
1789634965832556000,10.43355615234375,0.12843279540538788,0.4903773367404938,-0.7709668874740601
1789634965842595800,10.443595947265624,0.1794779896736145,0.24969738721847534,-0.7204564213752747
1789634965852636000,10.453635986328125,0.11663911491632462,0.09752649068832397,-0.5402328372001648
1789634965862675000,10.463675048828126,0.0055918521247804165,0.05621424317359924,-0.33029767870903015
1789634965872715000,10.473715087890625,-0.07155220210552216,0.17955295741558075,-0.24095316231250763
1789634965882754800,10.4837548828125,-0.12190348654985428,0.22136597335338593,-0.22634552419185638
1789634965892793900,10.4937939453125,-0.12335411459207535,0.39013636112213135,-0.1771412342786789
1789634965902834000,10.503833984375,-0.08909673988819122,0.47454726696014404,-0.04922717437148094
1789634965912872700,10.513872802734374,-0.04073692858219147,0.5596097111701965,0.06198882684111595
1789634965922912800,10.523912841796875,-0.040505703538656235,0.4588986337184906,0.10580700635910034
1789634965932952800,10.533952880859376,-0.11103366315364838,0.240038201212883,0.22997796535491943
1789634965942992000,10.543991943359375,-0.22658595442771912,0.2524235248565674,0.5245692729949951
1789634965953031700,10.55403173828125,-0.3319310247898102,0.5306417942047119,0.8899957537651062
1789634965963071700,10.56407177734375,-0.3609791398048401,0.9179571270942688,1.1583168506622314
1789634965973111000,10.574111083984375,-0.2638411223888397,1.015910029411316,1.250982403755188
1789634965983150800,10.58415087890625,-0.1798565685749054,0.8925211429595947,1.2689999341964722
1789634965993190000,10.59418994140625,-0.19207701086997986,0.7813395261764526,1.3780990839004517
1789634966003230000,10.60422998046875,-0.31077373027801514,0.5797522664070129,1.5562751293182373
1789634966013270000,10.61427001953125,-0.4443615972995758,0.6831340789794922,1.78786039352417
1789634966023309000,10.62430908203125,-0.5402554869651794,0.9764615893363953,2.06961989402771
1789634966033348900,10.634348876953124,-0.47719183564186096,0.9777960777282715,2.100189208984375
1789634966043389000,10.644388916015625,-0.3464110195636749,0.7476814389228821,2.018188714981079
1789634966053428000,10.654427978515624,-0.30390456318855286,0.664834201335907,2.1325881481170654
1789634966063468000,10.664468017578125,-0.30326300859451294,0.7079306244850159,2.3479132652282715
1789634966073506800,10.6745068359375,-0.24716727435588837,0.7922675609588623,2.417407274246216
1789634966083547000,10.684546875,-0.17217887938022614,0.8367149829864502,2.289267063140869
1789634966093587000,10.6945869140625,-0.16421443223953247,0.7055660486221313,2.1487255096435547
1789634966103625700,10.704625732421874,-0.20994722843170166,0.5281996130943298,2.182976245880127
1789634966113665800,10.714665771484375,-0.314346045255661,0.43566757440567017,2.335108518600464
1789634966123705900,10.724705810546874,-0.4188278317451477,0.43514326214790344,2.4835758209228516
1789634966133745000,10.734744873046875,-0.4434112012386322,0.45694735646247864,2.520728349685669
1789634966143785000,10.744784912109376,-0.3845924437046051,0.42881545424461365,2.4481375217437744
1789634966153823700,10.75482373046875,-0.28611671924591064,0.285741925239563,2.394097089767456
1789634966163863800,10.76486376953125,-0.20617422461509705,0.12723377346992493,2.404297113418579
1789634966173904000,10.77490380859375,-0.19342327117919922,0.1159805878996849,2.4681763648986816
1789634966183943000,10.78494287109375,-0.25301581621170044,0.2627376616001129,2.5226728916168213
1789634966193982700,10.794982666015626,-0.3155553638935089,0.3721728026866913,2.4923908710479736
1789634966204022800,10.805022705078125,-0.30215734243392944,0.2186611443758011,2.352078914642334
1789634966214062000,10.81506201171875,-0.2575280964374542,-0.0739869773387909,2.1809656620025635
1789634966224102000,10.825101806640625,-0.25603020191192627,-0.21249078214168549,2.084637403488159
1789634966234141000,10.835140869140625,-0.2546229958534241,-0.1361805647611618,2.0873334407806396
1789634966244181000,10.845180908203124,-0.18520057201385498,-0.11422930657863617,2.108977794647217
1789634966254221000,10.855220947265625,-0.11460895836353302,-0.11461253464221954,2.077132225036621
1789634966264259800,10.865259765625,-0.10991250723600388,0.04181239753961563,2.0278069972991943
1789634966274300000,10.8752998046875,-0.12263815104961395,0.2548389136791229,1.9481542110443115
1789634966284340000,10.885340087890626,-0.12009420245885849,0.2688223123550415,1.8063651323318481
1789634966294379000,10.89537890625,-0.10825085639953613,0.04709071293473244,1.6510282754898071
1789634966304418800,10.905418701171875,-0.048285458236932755,-0.1360350251197815,1.5023326873779297
1789634966314457900,10.915457763671874,0.07549986243247986,-0.11780168861150742,1.411914587020874
1789634966324498000,10.925497802734375,0.20432113111019135,0.04359688609838486,1.3725310564041138
1789634966334538000,10.9355380859375,0.22234486043453217,0.25743967294692993,1.3250887393951416
1789634966344576800,10.94557666015625,0.10421986132860184,0.40518948435783386,1.2971662282943726
1789634966354616800,10.955616943359376,0.02974402718245983,0.2878436744213104,1.3102344274520874
1789634966364657000,10.965656982421875,0.0015131544787436724,0.20372021198272705,1.2931429147720337
1789634966374695700,10.97569580078125,-0.051068831235170364,0.3630118668079376,1.1867449283599854
1789634966384735700,10.98573583984375,-0.05496054142713547,0.5723453164100647,1.0320910215377808
1789634966394775000,10.995775146484375,-0.004647834692150354,0.669599175453186,0.9093626737594604
1789634966404814800,11.00581494140625,0.06256592273712158,0.5929991602897644,0.8334901332855225
1789634966414855000,11.01585498046875,0.1980755478143692,0.24636074900627136,0.76060950756073
1789634966424894000,11.02589404296875,0.29428043961524963,0.011526002548635006,0.6248137950897217
1789634966434934000,11.03593408203125,0.19683271646499634,-0.03204650804400444,0.39299094676971436
1789634966444973800,11.045973876953125,0.038042038679122925,0.029675781726837158,0.12200950086116791
1789634966455012900,11.056012939453124,-0.08312992751598358,0.1312364935874939,-0.10262653976678848
1789634966465053000,11.066052978515625,-0.1179717630147934,0.2601000666618347,-0.22661209106445312
1789634966475092000,11.076092041015626,-0.061824873089790344,0.41231274604797363,-0.29053807258605957
1789634966485132000,11.086132080078125,0.028835354372859,0.4952983260154724,-0.38427701592445374
1789634966495171800,11.096171875,0.07517888396978378,0.5045973062515259,-0.5482489466667175
1789634966505211000,11.1062109375,0.0618518628180027,0.5093674659729004,-0.7377995848655701
1789634966515251000,11.1162509765625,0.00819822121411562,0.47126272320747375,-0.874156653881073
1789634966525291000,11.126291015625,0.015057392418384552,0.2302664816379547,-0.9233036041259766
1789634966535329800,11.136329833984375,0.02382185496389866,-0.014036470092833042,-0.9012095332145691
1789634966545369900,11.146369873046876,0.009146673604846,0.022497106343507767,-0.8566938042640686
1789634966555410000,11.156409912109375,0.05155858024954796,0.19058118760585785,-0.7651905417442322
1789634966565449000,11.166448974609375,0.14887329936027527,0.30413818359375,-0.6610140204429626
1789634966575488800,11.17648876953125,0.22759795188903809,0.4700813293457031,-0.6050476431846619
1789634966585527800,11.18652783203125,0.18051835894584656,0.8083419799804688,-0.5927714109420776
1789634966595567900,11.19656787109375,0.09140046685934067,1.061326026916504,-0.634297251701355
1789634966605608000,11.20660791015625,0.11000051349401474,0.7314184308052063,-0.7329375147819519
1789634966615646700,11.216646728515625,0.1542297750711441,0.09456530958414078,-0.8583492040634155
1789634966625686800,11.226686767578125,0.21706324815750122,-0.39396804571151733,-0.9487863779067993
1789634966635726000,11.23672607421875,0.2701405882835388,-0.7100746035575867,-1.0046498775482178
1789634966645766000,11.246765869140624,0.25017789006233215,-0.7328758239746094,-1.060127854347229
1789634966655806000,11.256805908203125,0.10638610273599625,-0.46561723947525024,-1.0942480564117432
1789634966665845000,11.266844970703126,-0.08433940261602402,0.11852071434259415,-1.0736202001571655
1789634966675885000,11.276885009765625,-0.15568600594997406,0.48909690976142883,-0.9657198786735535
1789634966685925000,11.286925048828126,-0.1481475532054901,0.7474024891853333,-0.8190532922744751
1789634966695964000,11.2969638671875,-0.12326749414205551,0.8373132348060608,-0.7993083596229553
1789634966706004000,11.30700390625,-0.05935089662671089,0.5712470412254333,-0.9884310960769653
1789634966716043500,11.31704345703125,0.06324373185634613,0.15330864489078522,-1.1649227142333984
1789634966726083600,11.32708349609375,0.18540409207344055,-0.2805398106575012,-1.2591007947921753
1789634966736123600,11.33712353515625,0.2862795889377594,-0.8079040050506592,-1.2221310138702393
1789634966746162400,11.347162353515625,0.3384643495082855,-1.168403148651123,-1.1252707242965698
1789634966756202500,11.357202392578126,0.35064536333084106,-1.1684744358062744,-1.0966545343399048
1789634966766242600,11.36724267578125,0.35278236865997314,-1.0166524648666382,-1.2123303413391113
1789634966776281600,11.377281494140625,0.39439693093299866,-1.0850560665130615,-1.4683716297149658
1789634966786321400,11.3873212890625,0.43955540657043457,-1.171132206916809,-1.664698600769043
1789634966796361500,11.397361572265625,0.47500792145729065,-1.0582349300384521,-1.7163783311843872
1789634966806400500,11.407400390625,0.4286402761936188,-0.5785292387008667,-1.6750975847244263
1789634966816440600,11.417440673828125,0.34061455726623535,-0.11197403818368912,-1.637446641921997
1789634966826479400,11.427479248046875,0.28265145421028137,-0.398822158575058,-1.6679563522338867
1789634966836519400,11.43751953125,0.3039141297340393,-0.7401300072669983,-1.7846426963806152
1789634966846559500,11.4475595703125,0.3210427165031433,-1.0007963180541992,-1.8799303770065308
1789634966856598500,11.4575986328125,0.32222461700439453,-1.207855224609375,-1.9178918600082397
1789634966866638300,11.467638427734375,0.31191104650497437,-0.922616183757782,-1.884214162826538
1789634966876677600,11.477677734375,0.32476428151130676,-0.4601244330406189,-1.7552015781402588
1789634966886717400,11.487717529296875,0.3865838050842285,-0.2896057367324829,-1.6160557270050049
1789634966896757500,11.497757568359376,0.4500615894794464,-0.3820640444755554,-1.5683728456497192
1789634966906796500,11.507796630859374,0.4352717697620392,-0.4818454384803772,-1.660649061203003
1789634966916836600,11.517836669921875,0.43086662888526917,-0.6181800961494446,-1.9206335544586182
1789634966926876700,11.527876708984374,0.4821477234363556,-0.877899706363678,-2.2070908546447754
1789634966936915700,11.537915771484375,0.5898848176002502,-1.4067531824111938,-2.3300445079803467
1789634966946955500,11.54795556640625,0.5463182330131531,-1.9395253658294678,-2.260369300842285
1789634966956994600,11.55799462890625,0.353035032749176,-1.8029483556747437,-2.133007049560547
1789634966967034600,11.56803466796875,0.19318798184394836,-1.300907015800476,-2.081160545349121
1789634966977074700,11.57807470703125,0.11356079578399658,-0.956674337387085,-2.0542657375335693
1789634966987113500,11.588113525390625,0.11384718865156174,-0.5927867293357849,-1.9663987159729004
1789634966997153500,11.598153564453124,0.18595413863658905,-0.3210199177265167,-1.9117181301116943
1789634967007193600,11.608193603515625,0.28067687153816223,-0.29267418384552,-1.929625391960144
1789634967017232400,11.618232421875,0.3981395661830902,-0.25017037987709045,-2.0257375240325928
1789634967027272400,11.6282724609375,0.5055676102638245,-0.08498089015483856,-2.0587069988250732
1789634967037312500,11.6383125,0.539145827293396,0.09422454982995987,-1.9799959659576416
1789634967047351600,11.6483515625,0.47296541929244995,0.4688638746738434,-1.7627977132797241
1789634967057391400,11.658391357421875,0.37878939509391785,0.7948300242424011,-1.5790294408798218
1789634967067430400,11.668430419921876,0.2832743227481842,0.7883766293525696,-1.4039280414581299
1789634967077470500,11.678470458984375,0.12168806791305542,0.5145426392555237,-1.1983312368392944
1789634967087510500,11.688510498046876,-0.07248004525899887,0.14841793477535248,-0.9450833797454834
1789634967097549300,11.69854931640625,-0.2505009174346924,-0.06114620342850685,-0.7229453325271606
1789634967107589400,11.70858935546875,-0.3575943112373352,0.04404846951365471,-0.5665065050125122
1789634967117629400,11.71862939453125,-0.38975250720977783,-0.029644925147294998,-0.5307309031486511
1789634967127668700,11.728668701171875,-0.368125319480896,-0.09285040944814682,-0.5053307414054871
1789634967137708500,11.73870849609375,-0.31760701537132263,0.030126383528113365,-0.37376126646995544
1789634967147747600,11.74874755859375,-0.2153865396976471,0.22750118374824524,-0.20492328703403473
1789634967157787600,11.75878759765625,-0.1578529328107834,0.24555927515029907,-0.10147438198328018
1789634967167827700,11.76882763671875,-0.12461715936660767,0.4153721332550049,0.02020237408578396
1789634967177866500,11.778866455078125,-0.06330373138189316,0.5864096879959106,0.17367582023143768
1789634967187906600,11.788906494140624,-0.027227146551012993,0.6437263488769531,0.26454415917396545
1789634967197946600,11.798946533203125,-0.005753280594944954,0.6460509896278381,0.2760929763317108
1789634967207985400,11.8089853515625,0.01666281372308731,0.5698544979095459,0.3593370020389557
1789634967218025500,11.819025390625,-0.004668574780225754,0.4233947992324829,0.5870221257209778
1789634967228064500,11.829064453125,-0.12373527884483337,0.4239450693130493,0.8095144629478455
1789634967238104600,11.8391044921875,-0.3203577995300293,0.5574967265129089,0.9714761972427368
1789634967248144600,11.84914453125,-0.46232691407203674,0.6630740165710449,1.127548336982727
1789634967258183400,11.859183349609374,-0.47557827830314636,0.777005672454834,1.317766547203064
1789634967268223500,11.869223388671875,-0.3651407063007355,0.8394951224327087,1.4798762798309326
1789634967278263600,11.879263671875,-0.24663376808166504,0.9503891468048096,1.570006012916565
1789634967288302300,11.88930224609375,-0.20559188723564148,1.1015009880065918,1.6121373176574707
1789634967298342400,11.89934228515625,-0.2284141182899475,1.0542429685592651,1.6503355503082275
1789634967308381400,11.90938134765625,-0.2814098596572876,0.9037812352180481,1.7429362535476685
1789634967318421500,11.91942138671875,-0.3413488268852234,0.9209551811218262,2.0039031505584717
1789634967328461300,11.92946142578125,-0.41086891293525696,0.947517454624176,2.311551809310913
1789634967338500600,11.93950048828125,-0.43918153643608093,0.9540568590164185,2.4406704902648926
1789634967348540700,11.949540771484376,-0.37829774618148804,0.9580881595611572,2.3490798473358154
1789634967358580500,11.95958056640625,-0.24302753806114197,0.7610265016555786,2.2551863193511963
1789634967368619500,11.96961962890625,-0.17067545652389526,0.5019230246543884,2.4176015853881836
1789634967378659600,11.97965966796875,-0.18756762146949768,0.41367411613464355,2.6634132862091064
1789634967388698600,11.98969873046875,-0.21627956628799438,0.4914482533931732,2.7541093826293945
1789634967398738700,11.99973876953125,-0.2278965413570404,0.56144118309021,2.670808792114258
1789634967408778500,12.009778564453125,-0.21042074263095856,0.5802287459373474,2.494144916534424
1789634967418817500,12.019817626953126,-0.1311432272195816,0.5238514542579651,2.3086493015289307
1789634967428857600,12.029857666015625,-0.047870803624391556,0.3174903988838196,2.1795711517333984
1789634967438897700,12.039897705078126,-0.0031526037491858006,-0.006291134282946587,2.165283679962158
1789634967448936400,12.0499365234375,-0.01783124916255474,-0.20819225907325745,2.290349245071411
1789634967458976500,12.0599765625,-0.07484979182481766,-0.07695060223340988,2.5355913639068604
1789634967469015600,12.070015625,-0.1405983865261078,0.3302292823791504,2.762789011001587
1789634967479055400,12.080055419921875,-0.1440913826227188,0.5473203659057617,2.7442190647125244
1789634967489095400,12.090095458984376,-0.085453100502491,0.24036896228790283,2.4453341960906982
1789634967499134500,12.100134521484375,-0.03481229394674301,-0.35495778918266296,2.107038736343384
1789634967509174500,12.110174560546875,-0.006607388611882925,-0.6343209743499756,1.9951616525650024
1789634967519214600,12.120214599609374,0.0017930205212906003,-0.4923792779445648,2.108954429626465
1789634967529253400,12.13025341796875,-0.0715012401342392,-0.22336898744106293,2.242356777191162
1789634967539293400,12.14029345703125,-0.17031888663768768,0.09123288094997406,2.2424323558807373
1789634967549332700,12.150332763671875,-0.20004118978977203,0.22802677750587463,2.109072208404541
1789634967559372500,12.16037255859375,-0.1359863132238388,0.06711618602275848,1.927607536315918
1789634967569412400,12.170412353515625,-0.06351914256811142,-0.17408278584480286,1.7574723958969116
1789634967579451600,12.18045166015625,-0.003081895876675844,-0.41034698486328125,1.6139613389968872
1789634967589491700,12.19049169921875,0.047120753675699234,-0.49492406845092773,1.495776653289795
1789634967599531500,12.200531494140625,0.02837689220905304,-0.13039670884609222,1.4482730627059937
1789634967609570600,12.210570556640626,-0.046935804188251495,0.3923068046569824,1.4204415082931519
1789634967619610600,12.220610595703125,-0.02564835734665394,0.510619044303894,1.3629825115203857
1789634967629649400,12.2306494140625,0.018116800114512444,0.3160495162010193,1.2853378057479858
1789634967639689500,12.240689453125,-0.025567563250660896,0.18868756294250488,1.1727252006530762
1789634967649729500,12.2507294921875,-0.04561068117618561,0.056580573320388794,0.9832354784011841
1789634967659768600,12.2607685546875,-0.015321220271289349,-0.07940895855426788,0.7173135280609131
1789634967669808600,12.27080859375,-0.012405557557940483,0.004715830087661743,0.414701908826828
1789634967679848400,12.280848388671876,-0.02912195213139057,0.2526731789112091,0.11818183958530426
1789634967689887500,12.290887451171875,-0.03150811046361923,0.4080812335014343,-0.11217222362756729
1789634967699927600,12.300927490234375,0.009982873685657978,0.3718433380126953,-0.289450079202652
1789634967709966300,12.31096630859375,0.057453785091638565,0.08876568078994751,-0.43390265107154846
1789634967720006400,12.32100634765625,0.03359958529472351,-0.20512640476226807,-0.5753207802772522
1789634967730046500,12.33104638671875,-0.029362503439188004,-0.020894832909107208,-0.7018023729324341
1789634967740085200,12.341085205078125,-0.03211834281682968,0.3054502606391907,-0.7226951718330383
1789634967750125300,12.351125244140626,0.049630649387836456,0.40355563163757324,-0.6245101094245911
1789634967760165400,12.361165283203125,0.11542484164237976,0.3488215506076813,-0.48321986198425293
1789634967770204700,12.37120458984375,0.09780124574899673,0.28531184792518616,-0.453912615776062
1789634967780244200,12.381244140625,0.08793369680643082,0.10775303095579147,-0.5247156620025635
1789634967790283500,12.391283447265625,0.11697440594434738,-0.14643476903438568,-0.5879596471786499
1789634967800323600,12.401323486328126,0.13701441884040833,-0.2670120596885681,-0.6091650724411011
1789634967810363600,12.41136376953125,0.16016164422035217,-0.0918792113661766,-0.648889422416687
1789634967820402400,12.42140234375,0.18737836182117462,0.2629140317440033,-0.7301011681556702
1789634967830442500,12.4314423828125,0.19037091732025146,0.6324933767318726,-0.8394768834114075
1789634967840482600,12.441482666015625,0.20883356034755707,0.8158679604530334,-0.8944048881530762
1789634967850521300,12.451521240234374,0.26684069633483887,0.7222022414207458,-0.9110392928123474
1789634967860561400,12.4615615234375,0.3542211353778839,0.3781207799911499,-0.9364162683486938
1789634967870600400,12.471600341796876,0.4286639094352722,-0.10779853910207748,-0.923588752746582
1789634967880640500,12.481640625,0.37087464332580566,-0.4044528603553772,-0.8743245601654053
1789634967890680600,12.4916806640625,0.2238391935825348,-0.3358561098575592,-0.8325401544570923
1789634967900719400,12.50171923828125,0.13792242109775543,-0.13534827530384064,-0.8640456199645996
1789634967910759400,12.511759521484375,0.1433069109916687,0.018616721034049988,-1.0097209215164185
1789634967920799500,12.521799560546874,0.1490151286125183,0.12071806192398071,-1.2110295295715332
1789634967930838300,12.53183837890625,0.12678734958171844,0.20382922887802124,-1.3706088066101074
1789634967940878300,12.54187841796875,0.09163842350244522,0.2224375456571579,-1.43153715133667
1789634967950917400,12.55191748046875,0.010362041182816029,0.26991337537765503,-1.4605859518051147
1789634967960957400,12.56195751953125,-0.034444309771060944,0.31973767280578613,-1.3994156122207642
1789634967970997200,12.571997314453125,0.03311169520020485,0.1450537145137787,-1.3246355056762695
1789634967981036500,12.58203662109375,0.12450632452964783,-0.32751622796058655,-1.3412933349609375
1789634967991076400,12.592076416015624,0.17458383738994598,-0.6862499117851257,-1.4504735469818115
1789634968001116400,12.602116455078125,0.20046071708202362,-0.8970361948013306,-1.5667195320129395
1789634968011155500,12.612155517578126,0.17467112839221954,-0.9121987819671631,-1.5864813327789307
1789634968021195500,12.622195556640625,0.12365454435348511,-0.8208595514297485,-1.5498557090759277
1789634968031234600,12.632234619140625,0.10184798389673233,-0.7837921977043152,-1.473509669303894
1789634968041274600,12.642274658203124,0.12771447002887726,-0.8099234104156494,-1.4159235954284668
1789634968051314400,12.652314453125,0.18172483146190643,-0.9305811524391174,-1.462775707244873
1789634968061353500,12.662353515625,0.21123851835727692,-0.9465739727020264,-1.5874359607696533
1789634968071393500,12.6723935546875,0.17914599180221558,-0.9036101698875427,-1.7568997144699097
1789634968081433600,12.68243359375,0.1293880194425583,-1.0778900384902954,-1.852360486984253
1789634968091472400,12.692472412109375,0.11083295196294785,-1.3033806085586548,-1.84456205368042
1789634968101512400,12.702512451171875,0.10551009327173233,-1.233755111694336,-1.7733639478683472
1789634968111551500,12.712551513671874,0.0900416225194931,-0.9758669137954712,-1.7126035690307617
1789634968121591300,12.72259130859375,0.08865571767091751,-0.7630246877670288,-1.7306307554244995
1789634968131631400,12.73263134765625,0.10292056947946548,-0.642001211643219,-1.8015801906585693
1789634968141670400,12.74267041015625,0.13323161005973816,-0.6779581904411316,-1.9285576343536377
1789634968151710500,12.75271044921875,0.17799504101276398,-0.8534256815910339,-2.103224754333496
1789634968161750300,12.762750244140625,0.24238868057727814,-1.0416259765625,-2.2709975242614746
1789634968171789300,12.772789306640625,0.2776901423931122,-0.8907210230827332,-2.27652907371521
1789634968181829400,12.782829345703124,0.2845480740070343,-0.5991549491882324,-2.194756031036377
1789634968191868400,12.792868408203125,0.26502472162246704,-0.6504148244857788,-2.1737868785858154
1789634968201908200,12.802908203125,0.2647016942501068,-0.8116878271102905,-2.1326253414154053
1789634968211948300,12.8129482421875,0.22357740998268127,-0.8732223510742188,-1.9898345470428467
1789634968221987600,12.822987548828126,0.17025533318519592,-0.910261869430542,-1.8618645668029785
1789634968232027600,12.833027587890625,0.15598411858081818,-0.6587486267089844,-1.693426251411438
1789634968242067500,12.8430673828125,0.1321706622838974,-0.39300084114074707,-1.5397731065750122
1789634968252106500,12.8531064453125,0.1770014464855194,-0.3567090630531311,-1.569549560546875
1789634968262146600,12.863146484375,0.24725137650966644,-0.4012243151664734,-1.6595697402954102
1789634968272185300,12.873185302734376,0.2501711845397949,-0.5451111197471619,-1.6524542570114136
1789634968282225400,12.883225341796875,0.18959064781665802,-0.43348896503448486,-1.5727732181549072
1789634968292265500,12.893265380859376,0.1771022528409958,-0.08162263035774231,-1.4767920970916748
1789634968302304500,12.903304443359374,0.1561618149280548,-0.036096688359975815,-1.3534141778945923
1789634968312344600,12.913344482421875,0.08106300979852676,-0.14197690784931183,-1.1864988803863525
1789634968322384400,12.92338427734375,0.007878543809056282,-0.16595467925071716,-0.985835611820221
1789634968332423400,12.93342333984375,-0.038492582738399506,-0.13097602128982544,-0.8039197325706482
1789634968342463500,12.94346337890625,-0.05518021807074547,0.14933286607265472,-0.6538199782371521
1789634968352502300,12.953502197265625,-0.047814711928367615,0.2458122819662094,-0.6049091815948486
1789634968362542300,12.963542236328125,-0.062281571328639984,0.1899353712797165,-0.5523551106452942
1789634968372582400,12.97358251953125,-0.052964404225349426,0.15872596204280853,-0.47202324867248535
1789634968382621400,12.983621337890625,-0.036952678114175797,0.22008280456066132,-0.3766506612300873
1789634968392661200,12.9936611328125,-0.04489109665155411,0.31703880429267883,-0.25997233390808105
1789634968402701300,13.003701416015625,-0.10165850073099136,0.3327522575855255,-0.10156190395355225
1789634968412740400,13.013740234375,-0.1463898867368698,0.34174466133117676,0.06833036243915558
1789634968422780400,13.023780517578125,-0.16532576084136963,0.30627644062042236,0.2213907390832901
1789634968432819500,13.0338193359375,-0.13463014364242554,0.46021413803100586,0.37349557876586914
1789634968442859500,13.043859619140624,-0.11083611845970154,0.5665382146835327,0.4726541340351105
1789634968452899600,13.053899658203125,-0.09934944659471512,0.4805757403373718,0.5400470495223999
1789634968462938600,13.063938720703124,-0.12799067795276642,0.3092859983444214,0.6498907208442688
1789634968472978400,13.073978515625,-0.19332803785800934,0.34507399797439575,0.8589444756507874
1789634968483018500,13.0840185546875,-0.27974095940589905,0.37363266944885254,1.017086148262024
1789634968493057500,13.0940576171875,-0.36953499913215637,0.5081143379211426,1.1349444389343262
1789634968503097600,13.10409765625,-0.39847531914711,0.49724674224853516,1.174416422843933
1789634968513136400,13.114136474609374,-0.349395751953125,0.5628359913825989,1.1427412033081055
1789634968523176400,13.124176513671875,-0.293357789516449,0.8250023722648621,1.2076090574264526
1789634968533216500,13.134216552734374,-0.20661695301532745,1.0319256782531738,1.3019431829452515
1789634968543255300,13.14425537109375,-0.06874749809503555,1.1052472591400146,1.302866816520691
1789634968553295400,13.15429541015625,-0.0516684427857399,1.1046969890594482,1.4218382835388184
1789634968563335400,13.16433544921875,-0.13943292200565338,0.9300119280815125,1.646484136581421
1789634968573374500,13.17437451171875,-0.18741126358509064,0.7500939965248108,1.8235121965408325
1789634968583414300,13.184414306640624,-0.22952862083911896,0.853327751159668,2.044588565826416
1789634968593453300,13.194453369140625,-0.2580767273902893,0.9547021389007568,2.2700133323669434
1789634968603493400,13.204493408203126,-0.2280769944190979,0.8436882495880127,2.328726053237915
1789634968613533400,13.214533447265625,-0.14749030768871307,0.5211279988288879,2.2161238193511963
1789634968623572200,13.224572265625,-0.12100862711668015,0.2875578701496124,2.1490445137023926
1789634968633612300,13.2346123046875,-0.20402543246746063,0.34976622462272644,2.2403624057769775
1789634968643652400,13.24465234375,-0.26649996638298035,0.5241042375564575,2.3605291843414307
1789634968653691600,13.254691650390624,-0.24243898689746857,0.6146133542060852,2.3895506858825684
1789634968663731500,13.2647314453125,-0.19471460580825806,0.6093435287475586,2.3980047702789307
1789634968673770500,13.2747705078125,-0.17232409119606018,0.6055551767349243,2.484604835510254
1789634968683810600,13.284810546875,-0.15236155688762665,0.5975630283355713,2.5990655422210693
1789634968693850600,13.2948505859375,-0.1196507140994072,0.5633683800697327,2.637495994567871
1789634968703889400,13.304889404296874,-0.0692858174443245,0.526586651802063,2.5779542922973633
1789634968713929500,13.314929443359375,-0.06281723082065582,0.5308326482772827,2.5032742023468018
1789634968723969500,13.324969482421874,-0.032631631940603256,0.41234588623046875,2.437943696975708
1789634968734008600,13.335008544921875,0.022705990821123123,0.231796994805336,2.3945248126983643
1789634968744048400,13.34504833984375,0.05361037701368332,0.15620796382427216,2.3536298274993896
1789634968754087400,13.35508740234375,0.07192893326282501,0.1860809177160263,2.3570308685302734
1789634968764127500,13.36512744140625,0.10656493902206421,0.1900162696838379,2.374344825744629
1789634968774167600,13.37516748046875,0.10608064383268356,0.2147810459136963,2.3364546298980713
1789634968784206300,13.385206298828125,0.046645816415548325,0.31605786085128784,2.2275071144104004
1789634968794246400,13.395246337890624,0.010983454994857311,0.34229615330696106,2.1029422283172607
1789634968804286500,13.405286376953125,0.10930922627449036,0.142938032746315,1.9810041189193726
1789634968814325200,13.4153251953125,0.15022893249988556,-0.019578494131565094,1.7941488027572632
1789634968824365300,13.425365234375,0.07242920249700546,-0.0691566988825798,1.602881908416748
1789634968834404400,13.435404296875,0.040170736610889435,-0.13320466876029968,1.4817723035812378
1789634968844444400,13.4454443359375,-0.034150101244449615,-0.07284571975469589,1.3408623933792114
1789634968854484200,13.455484130859375,-0.23018012940883636,0.18812476098537445,1.1413006782531738
1789634968864523500,13.4655234375,-0.4128929674625397,0.5512976050376892,0.9675927758216858
1789634968874563300,13.475563232421875,-0.3643198609352112,0.5950024127960205,0.9628514647483826
1789634968884603400,13.485603271484376,-0.21251621842384338,0.4999808073043823,1.0461714267730713
1789634968894642400,13.495642333984375,-0.11239680647850037,0.533931314945221,1.0572535991668701
1789634968904682500,13.5056826171875,0.04138077422976494,0.4498433470726013,1.0004910230636597
1789634968914721500,13.515721435546874,0.18182341754436493,0.2696249186992645,0.8700968027114868
1789634968924761600,13.52576171875,0.13956649601459503,0.05981869623064995,0.6241586208343506
1789634968934801400,13.535801513671874,-0.02798008918762207,-0.10534800589084625,0.3067071735858917
1789634968944840400,13.54584033203125,-0.07746588438749313,-0.19277451932430267,0.05099416524171829
1789634968954880500,13.555880615234376,-0.04341703653335571,-0.009963050484657288,-0.10172467678785324
1789634968964920600,13.565920654296875,0.00970024336129427,0.4809800386428833,-0.18040697276592255
1789634968974959400,13.57595947265625,0.14538410305976868,0.6650861501693726,-0.21113748848438263
1789634968984999400,13.58599951171875,0.25394120812416077,0.42444872856140137,-0.27186712622642517
1789634968995038500,13.59603857421875,0.25948089361190796,0.1264519989490509,-0.36987388134002686
1789634969005078300,13.606078369140626,0.20785364508628845,-0.10398627072572708,-0.47043377161026
1789634969015118300,13.616118408203125,0.18558135628700256,-0.3339557945728302,-0.6086352467536926
1789634969025157400,13.626157470703125,0.175458163022995,-0.48875999450683594,-0.732933521270752
1789634969035197400,13.636197509765625,0.12594276666641235,-0.3030970096588135,-0.8142361044883728
1789634969045237500,13.646237548828125,0.045798130333423615,0.18076153099536896,-0.9035510420799255
1789634969055276300,13.6562763671875,0.024716010317206383,0.5536075234413147,-1.0012388229370117
1789634969065316400,13.66631640625,0.05462277680635452,0.5802607536315918,-1.0625935792922974
1789634969075355600,13.676355712890626,0.06015429645776749,0.6438396573066711,-1.0742429494857788
1789634969085395500,13.6863955078125,0.13974393904209137,0.7724567651748657,-1.0147899389266968
1789634969095435300,13.696435302734375,0.30828312039375305,0.5260962843894958,-0.8914327621459961
1789634969105474600,13.706474609375,0.3158251941204071,0.23133493959903717,-0.859527051448822
1789634969115514600,13.7165146484375,0.2153727114200592,0.20359617471694946,-0.9604421854019165
1789634969125554400,13.726554443359374,0.20590944588184357,0.22233736515045166,-1.1061185598373413
1789634969135593500,13.736593505859375,0.21825721859931946,0.24299870431423187,-1.2500206232070923
1789634969145633500,13.746633544921876,0.1633273810148239,0.44298267364501953,-1.3437079191207886
1789634969155672600,13.756672607421875,0.11082089692354202,0.8082088232040405,-1.3641371726989746
1789634969165712400,13.76671240234375,0.1376677006483078,1.0020350217819214,-1.3191279172897339
1789634969175752400,13.77675244140625,0.27303293347358704,0.9998969435691833,-1.3406496047973633
1789634969185791500,13.78679150390625,0.43352407217025757,0.6824756264686584,-1.4501519203186035
1789634969195831600,13.79683154296875,0.5286756157875061,-0.04946816340088844,-1.4298135042190552
1789634969205870300,13.806870361328125,0.5535827875137329,-0.6246787309646606,-1.377284049987793
1789634969215910400,13.816910400390626,0.5205427408218384,-0.937804639339447,-1.3702625036239624
1789634969225950500,13.826950439453125,0.486797571182251,-0.893716037273407,-1.3873752355575562
1789634969235989200,13.8369892578125,0.44257181882858276,-0.6397587656974792,-1.4224748611450195
1789634969246029300,13.847029296875,0.38917624950408936,-0.4977850914001465,-1.459794044494629
1789634969256069400,13.8570693359375,0.3529602885246277,-0.5699350833892822,-1.5115385055541992
1789634969266108400,13.8671083984375,0.37637296319007874,-0.7931431531906128,-1.5646719932556152
1789634969276148200,13.877148193359375,0.4338453412055969,-1.0876022577285767,-1.6460235118865967
1789634969286187500,13.8871875,0.45152127742767334,-1.2409111261367798,-1.8280938863754272
1789634969296227300,13.897227294921874,0.4508182406425476,-1.2511212825775146,-2.076702356338501
1789634969306267400,13.907267333984375,0.41265568137168884,-1.0651096105575562,-2.168612003326416
1789634969316306400,13.917306396484374,0.39710289239883423,-0.9578221440315247,-2.00425124168396
1789634969326346500,13.927346435546875,0.44392073154449463,-0.8973614573478699,-1.7631361484527588
1789634969336386600,13.937386474609376,0.5079237818717957,-0.6805972456932068,-1.6491581201553345
1789634969346425600,13.947425537109375,0.4943981170654297,-0.4531571567058563,-1.659709095954895
1789634969356465400,13.95746533203125,0.4582163095474243,-0.6064034104347229,-1.7751076221466064
1789634969366504400,13.96750439453125,0.3962613344192505,-0.9422421455383301,-1.9225900173187256
1789634969376544500,13.97754443359375,0.33748602867126465,-1.088339924812317,-2.0268144607543945
1789634969386584600,13.98758447265625,0.27628472447395325,-1.0574238300323486,-2.0446953773498535
1789634969396623400,13.997623291015625,0.18378698825836182,-1.0499284267425537,-2.0164031982421875
1789634969406663400,14.007663330078126,0.10825175046920776,-1.120303750038147,-1.9936410188674927
1789634969416703500,14.017703369140625,0.0132444491609931,-0.928071916103363,-1.9237751960754395
1789634969426742300,14.0277421875,-0.022849639877676964,-0.7246561646461487,-1.8491438627243042
1789634969436782300,14.0377822265625,-0.010409816168248653,-0.827688992023468,-1.85879385471344
1789634969446821400,14.0478212890625,-0.04953005164861679,-0.7965819239616394,-1.868379831314087
1789634969456861400,14.057861328125,-0.10006490349769592,-0.6169400811195374,-1.8215936422348022
1789634969466901500,14.067901611328125,-0.04655107483267784,-0.4469335079193115,-1.7941702604293823
1789634969476940300,14.077940185546876,0.06012909859418869,-0.44462093710899353,-1.8306524753570557
1789634969486980400,14.08798046875,0.0956607311964035,-0.604979932308197,-1.799991250038147
1789634969497020400,14.0980205078125,0.015680305659770966,-0.5624063611030579,-1.7028111219406128
1789634969507059500,14.1080595703125,-0.07575266808271408,-0.4070056080818176,-1.6490802764892578
1789634969517099300,14.118099365234375,-0.16712217032909393,-0.4700852632522583,-1.6286147832870483
1789634969527138600,14.128138671875,-0.32363161444664,-0.34299522638320923,-1.4680782556533813
1789634969537178600,14.1381787109375,-0.39651980996131897,-0.2052147090435028,-1.3656047582626343
1789634969547218400,14.148218505859376,-0.36797070503234863,-0.10562925040721893,-1.3418868780136108
1789634969557257500,14.158257568359375,-0.34625911712646484,0.04361509531736374,-1.2093768119812012
1789634969567297500,14.168297607421875,-0.35567259788513184,0.11575667560100555,-1.0449048280715942
1789634969577337600,14.178337646484374,-0.38000771403312683,0.2363804280757904,-0.8958788514137268
1789634969587376400,14.18837646484375,-0.4072380065917969,0.24073576927185059,-0.7688479423522949
1789634969597416400,14.19841650390625,-0.4498419761657715,0.21475861966609955,-0.6322705745697021
1789634969607455500,14.20845556640625,-0.44561901688575745,0.32792165875434875,-0.4318818151950836
1789634969617495600,14.21849560546875,-0.32763561606407166,0.5649734139442444,-0.27081042528152466
1789634969627535400,14.228535400390625,-0.12470246851444244,0.6963090896606445,-0.20573952794075012
1789634969637574400,14.238574462890625,0.029471786692738533,0.6936771273612976,-0.13827025890350342
1789634969647614500,14.248614501953124,0.07314203679561615,0.6534777879714966,-0.018839731812477112
1789634969657654500,14.258654541015625,0.042261283844709396,0.5113852024078369,0.14497318863868713
1789634969667693300,14.268693359375,-0.05496593192219734,0.4286423623561859,0.3587600290775299
1789634969677733400,14.2787333984375,-0.16026975214481354,0.5286693572998047,0.6219832301139832
1789634969687772400,14.2887724609375,-0.21407705545425415,0.6872962713241577,0.8113502264022827
1789634969697812200,14.298812255859374,-0.242328941822052,0.7069913744926453,0.8374163508415222
1789634969707852300,14.308852294921875,-0.23689529299736023,0.6762377023696899,0.8183582425117493
1789634969717891600,14.3188916015625,-0.19838668406009674,0.6957559585571289,0.928386390209198
1789634969727931600,14.328931640625,-0.13891322910785675,0.6404349207878113,1.1335766315460205
1789634969737971700,14.3389716796875,-0.10794150084257126,0.6121928095817566,1.2762794494628906
1789634969748010800,14.3490107421875,-0.1733521968126297,0.8034863471984863,1.4793493747711182
1789634969758050800,14.35905078125,-0.2542141079902649,0.9592267870903015,1.760115146636963
1789634969768089900,14.36908984375,-0.2707054615020752,1.0342882871627808,2.008395195007324
1789634969778130000,14.3791298828125,-0.2169988751411438,1.1080278158187866,2.129340410232544
1789634969788170000,14.389169921875,-0.16063493490219116,1.0631698369979858,2.1624515056610107
1789634969798208800,14.399208740234375,-0.10232745110988617,0.9672560691833496,2.2779078483581543
1789634969808248800,14.409248779296876,-0.035456281155347824,0.9648698568344116,2.4559478759765625
1789634969818289000,14.419288818359375,0.008501991629600525,0.8943816423416138,2.539174795150757
1789634969828328000,14.429327880859375,0.021255072206258774,0.5455506443977356,2.522414445877075
1789634969838367700,14.43936767578125,-0.032528363168239594,0.15000157058238983,2.556546688079834
1789634969848406800,14.44940673828125,-0.1529698222875595,0.16149070858955383,2.693152666091919
1789634969858446800,14.45944677734375,-0.21464493870735168,0.38714122772216797,2.7039191722869873
1789634969868487000,14.46948681640625,-0.14551779627799988,0.45833447575569153,2.471193313598633
1789634969878525700,14.479525634765626,-0.022528165951371193,0.2828642427921295,2.141587018966675
1789634969888565800,14.489565673828125,0.10502712428569794,0.09067881852388382,1.9837539196014404
1789634969898604800,14.499604736328125,0.1479252278804779,0.13942460715770721,2.114288806915283
1789634969908644900,14.509644775390624,0.10935653001070023,0.3121758997440338,2.385256767272949
1789634969918684700,14.5196845703125,0.08174184709787369,0.33368736505508423,2.5446295738220215
1789634969928723700,14.5297236328125,0.0537288561463356,0.16969123482704163,2.5055150985717773
1789634969938763800,14.539763671875,0.036869116127491,-0.0440496988594532,2.3421988487243652
1789634969948803800,14.549803955078126,0.008470762521028519,-0.11290040612220764,2.1886279582977295
1789634969958843000,14.5598427734375,-0.03308256343007088,-0.06457804888486862,2.1409482955932617
1789634969968882700,14.569882568359375,-0.09494780004024506,-0.06119663268327713,2.13702130317688
1789634969978922000,14.579921875,-0.15063554048538208,-0.17076928913593292,2.104227304458618
1789634969988961800,14.5899619140625,-0.23103822767734528,-0.23458662629127502,2.0602328777313232
1789634969999001900,14.600001953125,-0.3118804097175598,-0.2133442461490631,2.040510416030884
1789634970009041000,14.610041015625,-0.32468274235725403,-0.19339290261268616,2.0293428897857666
1789634970019081000,14.6200810546875,-0.28385987877845764,-0.21513748168945312,1.9751912355422974
1789634970029121000,14.63012109375,-0.24433377385139465,-0.19862189888954163,1.883252739906311
1789634970039159800,14.640159912109375,-0.16660138964653015,-0.14140991866588593,1.7660633325576782
1789634970049199900,14.650199951171874,-0.09926202148199081,-0.03798659145832062,1.6396048069000244
1789634970059239000,14.660239013671875,-0.11219170689582825,0.04173508659005165,1.499557614326477
1789634970069278700,14.67027880859375,-0.14135678112506866,-0.01844542846083641,1.3669100999832153
1789634970079318800,14.68031884765625,-0.1570775806903839,-0.17681990563869476,1.2634007930755615
1789634970089357800,14.69035791015625,-0.2139006406068802,-0.16961978375911713,1.1891251802444458
1789634970099398000,14.70039794921875,-0.27174046635627747,-0.009098549373447895,1.1358591318130493
1789634970109437700,14.710437744140625,-0.24718479812145233,-0.008933966048061848,1.088800072669983
1789634970119476700,14.720476806640624,-0.24497804045677185,-0.07899065315723419,1.0117830038070679
1789634970129516800,14.730516845703125,-0.330558717250824,0.06021810322999954,0.8779506087303162
1789634970139555600,14.7405556640625,-0.33736759424209595,0.2534933090209961,0.7463986277580261
1789634970149595600,14.750595703125,-0.22643202543258667,0.26843470335006714,0.6347509622573853
1789634970159635700,14.7606357421875,-0.15806132555007935,0.16230489313602448,0.4913904368877411
1789634970169674800,14.7706748046875,-0.18208622932434082,0.0689493790268898,0.3215121924877167
1789634970179714800,14.78071484375,-0.2062719166278839,-0.058975402265787125,0.16593295335769653
1789634970189753900,14.79075390625,-0.18588435649871826,-0.1397426724433899,-0.017584942281246185
1789634970199794000,14.8007939453125,-0.21243000030517578,-0.007951179519295692,-0.2599475085735321
1789634970209834000,14.810833984375,-0.1813943088054657,0.16552260518074036,-0.5008658170700073
1789634970219872800,14.820872802734375,-0.061417873948812485,0.13615450263023376,-0.6633782982826233
1789634970229912800,14.830912841796875,-0.0006011275108903646,0.21101729571819305,-0.7739524841308594
1789634970239953000,14.840952880859374,0.02522571012377739,0.4096604287624359,-0.8340213894844055
1789634970249992000,14.850991943359375,0.07755602896213531,0.5571388602256775,-0.827337920665741
1789634970260031700,14.86103173828125,0.10192026197910309,0.6208967566490173,-0.8268395662307739
1789634970270070800,14.87107080078125,0.04381807893514633,0.5786717534065247,-0.859701931476593
1789634970280110800,14.88111083984375,-0.039924561977386475,0.5138357877731323,-0.8711860775947571
1789634970290151000,14.89115087890625,0.04528833553195,0.20138518512248993,-0.8386252522468567
1789634970300189700,14.901189697265625,0.1614702343940735,-0.144290953874588,-0.7883143424987793
1789634970310229800,14.911229736328124,0.20561932027339935,-0.21893243491649628,-0.7837749719619751
1789634970320269800,14.921269775390625,0.22024889290332794,-0.08032041788101196,-0.8145779371261597
1789634970330308900,14.931308837890626,0.2094298005104065,0.11164582520723343,-0.843005359172821
1789634970340348700,14.9413486328125,0.17573872208595276,0.314357191324234,-0.830912172794342
1789634970350387700,14.9513876953125,0.16476622223854065,0.3833722174167633,-0.795941174030304
1789634970360427800,14.961427734375,0.19467511773109436,0.25233855843544006,-0.8974376916885376
1789634970370467800,14.9714677734375,0.2310003787279129,-0.05953916162252426,-1.1403632164001465
1789634970380507000,14.9815068359375,0.22883683443069458,-0.1782790869474411,-1.3027209043502808
1789634970390546700,14.991546630859375,0.20910732448101044,-0.01830354332923889,-1.345363974571228
1789634970400586000,15.0015859375,0.1701488047838211,0.13515937328338623,-1.3210753202438354
1789634970410625800,15.011625732421875,0.13258838653564453,0.33622056245803833,-1.3423187732696533
1789634970420665900,15.021665771484376,0.08115868270397186,0.5896630883216858,-1.3865530490875244
1789634970430705000,15.031704833984374,0.04403102025389671,0.5146700739860535,-1.412721037864685
1789634970440745000,15.041744873046875,0.05440050736069679,0.10248103737831116,-1.3863654136657715
1789634970450785000,15.051784912109374,0.1079031452536583,-0.40516218543052673,-1.3833831548690796
1789634970460823800,15.06182373046875,0.14698722958564758,-0.799649715423584,-1.4860355854034424
1789634970470864000,15.07186376953125,0.16574600338935852,-0.8781083226203918,-1.5832442045211792
1789634970480903000,15.08190283203125,0.1729188859462738,-0.7996996641159058,-1.5522584915161133
1789634970490942700,15.091942626953125,0.20834718644618988,-0.8021947741508484,-1.468137264251709
1789634970500982800,15.101982666015624,0.26681044697761536,-0.874919056892395,-1.4932591915130615
1789634970511021800,15.112021728515625,0.31269991397857666,-0.9746586680412292,-1.6514171361923218
1789634970521062000,15.122061767578124,0.3272697627544403,-1.151750087738037,-1.781233787536621
1789634970531101700,15.132101806640625,0.2933506667613983,-1.1063607931137085,-1.8130038976669312
1789634970541140700,15.142140625,0.22799617052078247,-0.9356837868690491,-1.7563655376434326
1789634970551180800,15.152180908203125,0.19037075340747833,-0.9638110399246216,-1.692772388458252
1789634970561219600,15.162219482421875,0.1863574981689453,-0.9157869815826416,-1.7024250030517578
1789634970571259600,15.172259765625,0.2554561495780945,-0.9353460073471069,-1.8749922513961792
1789634970581299700,15.1822998046875,0.35328584909439087,-1.0946555137634277,-2.099022626876831
1789634970591338800,15.1923388671875,0.3831566572189331,-1.330817699432373,-2.243529796600342
1789634970601378800,15.20237890625,0.38069388270378113,-1.657711386680603,-2.3236067295074463
1789634970611417900,15.21241796875,0.3566740155220032,-1.8638650178909302,-2.2848470211029053
1789634970621458000,15.2224580078125,0.2693480849266052,-1.5924389362335205,-2.1478359699249268
1789634970631498000,15.232498046875,0.17818300426006317,-1.055712103843689,-2.074056625366211
1789634970641536800,15.242536865234374,0.1198558434844017,-0.8780343532562256,-2.139587640762329
1789634970651576800,15.252576904296875,0.13463346660137177,-0.7432141900062561,-2.180053949356079
1789634970661617000,15.262616943359374,0.23198208212852478,-0.6399430632591248,-2.193711280822754
1789634970671656000,15.272656005859375,0.3231940269470215,-0.6910962462425232,-2.2469513416290283
1789634970681695700,15.28269580078125,0.38639628887176514,-0.7830610871315002,-2.321960687637329
1789634970691734800,15.29273486328125,0.36879998445510864,-0.6847981810569763,-2.2952353954315186
1789634970701774800,15.30277490234375,0.3176988363265991,-0.4373934268951416,-2.207353353500366
1789634970711815000,15.31281494140625,0.26649582386016846,-0.20446085929870605,-2.110724925994873
1789634970721853400,15.322853515625,0.22194083034992218,0.020300274714827538,-1.9909534454345703
1789634970731893500,15.3328935546875,0.16931650042533875,0.32192111015319824,-1.90744149684906
1789634970741933600,15.34293359375,0.17225134372711182,0.31589365005493164,-1.864849328994751
1789634970751972600,15.35297265625,0.19780570268630981,0.09304966032505035,-1.783259391784668
1789634970762012400,15.363012451171874,0.12423378229141235,0.08191505819559097,-1.5559195280075073
1789634970772051500,15.373051513671875,-0.037139397114515305,0.3350972533226013,-1.3263752460479736
1789634970782091500,15.383091552734374,-0.1155216172337532,0.5545288324356079,-1.2159838676452637
1789634970792131600,15.393131591796875,-0.10904187709093094,0.6224682331085205,-1.1182597875595093
1789634970802170600,15.403170654296876,-0.05656033754348755,0.5685891509056091,-0.9330832958221436
1789634970812210400,15.41321044921875,-0.061284251511096954,0.477412611246109,-0.6807360053062439
1789634970822249700,15.423249755859375,-0.09171686321496964,0.5829297304153442,-0.37712427973747253
1789634970832289500,15.43328955078125,-0.1555831879377365,0.48978328704833984,-0.1315339356660843
1789634970842329600,15.44332958984375,-0.12256205081939697,0.6936184167861938,-0.03496555611491203
1789634970852368600,15.45336865234375,-0.0699576884508133,0.6673756241798401,-0.036959998309612274
1789634970862408700,15.46340869140625,-0.054954808205366135,0.3152312934398651,0.0593780055642128
1789634970872448500,15.473448486328126,-0.0956585705280304,0.08977633714675903,0.2812928259372711
1789634970882487600,15.483487548828125,-0.2749154567718506,0.17047208547592163,0.6150631308555603
1789634970892527600,15.493527587890625,-0.4819836914539337,0.41892850399017334,0.9314932823181152
1789634970902566700,15.503566650390624,-0.5600096583366394,0.5434185862541199,1.0674567222595215
1789634970912606500,15.5136064453125,-0.4599546790122986,0.5353894233703613,1.1946064233779907
1789634970922646500,15.523646484375,-0.3464432954788208,0.5065039992332458,1.4222824573516846
1789634970932685600,15.533685546875,-0.4044867157936096,0.46432754397392273,1.6913096904754639
1789634970942725600,15.5437255859375,-0.6107661724090576,0.49025461077690125,1.9388008117675781
1789634970952765400,15.553765380859375,-0.7480012774467468,0.7386487126350403,2.1489291191101074
1789634970962804500,15.563804443359375,-0.6774583458900452,1.0780141353607178,2.203221559524536
1789634970972844500,15.573844482421874,-0.4962539076805115,1.1824114322662354,2.1493639945983887
1789634970982883300,15.58388330078125,-0.3638073205947876,0.9492053985595703,2.276935577392578
1789634970992923400,15.59392333984375,-0.2977593243122101,0.7490086555480957,2.5764901638031006
1789634971002963500,15.60396337890625,-0.23910294473171234,0.7599971294403076,2.804243326187134
1789634971013002800,15.614002685546875,-0.232890322804451,1.078835368156433,2.9341442584991455
1789634971023042600,15.62404248046875,-0.20811542868614197,1.402629017829895,2.945791721343994
1789634971033082400,15.634082275390625,-0.15253472328186035,1.1284430027008057,2.7866885662078857
1789634971043121700,15.64412158203125,-0.11150121688842773,0.5654063820838928,2.6991779804229736
1789634971053161700,15.65416162109375,-0.11958284676074982,0.21825776994228363,2.797516345977783
1789634971063200500,15.664200439453126,-0.16507935523986816,0.11805851757526398,2.8969168663024902
1789634971073240600,15.674240478515625,-0.17276017367839813,0.2089114636182785,2.7690672874450684
1789634971083280600,15.68428076171875,-0.15851637721061707,0.17250442504882812,2.4467642307281494
1789634971093319700,15.694319580078124,-0.1641755998134613,-0.05346984788775444,2.187412738800049
1789634971103359500,15.704359375,-0.22158391773700714,-0.16310976445674896,2.1763412952423096
1789634971113398500,15.7143984375,-0.28669312596321106,-0.05929122865200043,2.333672046661377
1789634971123438600,15.7244384765625,-0.28969573974609375,0.07940347492694855,2.481842041015625
1789634971133478700,15.734478759765626,-0.24302998185157776,0.13830727338790894,2.5313925743103027
1789634971143517400,15.744517333984374,-0.16257672011852264,0.14125420153141022,2.503351926803589
1789634971153557500,15.7545576171875,-0.08347870409488678,0.18700917065143585,2.4438796043395996
1789634971163597600,15.76459765625,-0.05566854029893875,0.30879971385002136,2.3634755611419678
1789634971173636600,15.77463671875,-0.08193051069974899,0.17004501819610596,2.2246205806732178
1789634971183676400,15.784676513671876,-0.08391451835632324,-0.341815710067749,2.0434958934783936
1789634971193715500,15.794715576171875,-0.11593902856111526,-0.8023465275764465,1.9271875619888306
1789634971203755500,15.804755615234376,-0.1640932559967041,-0.7571290731430054,1.9642095565795898
1789634971213795600,15.814795654296875,-0.17001426219940186,-0.28200995922088623,2.0499613285064697
1789634971223834600,15.824834716796875,-0.20769405364990234,0.22800469398498535,2.069047689437866
1789634971233874400,15.83487451171875,-0.20521917939186096,0.4540780484676361,1.9838757514953613
1789634971243913700,15.844913818359375,-0.09119720757007599,0.1649738997220993,1.8049893379211426
1789634971253953500,15.85495361328125,0.05899761989712715,-0.22695419192314148,1.6309592723846436
1789634971263993600,15.86499365234375,0.0996561273932457,-0.17689229547977448,1.5296608209609985
1789634971274032600,15.87503271484375,0.0750405341386795,0.08027423918247223,1.4608756303787231
1789634971284072700,15.88507275390625,0.03130114823579788,0.2401011884212494,1.3432612419128418
1789634971294112500,15.895112548828125,0.007147608324885368,0.22563916444778442,1.1986017227172852
1789634971304151600,15.905151611328124,-0.024810757488012314,0.1874999701976776,1.0589104890823364
1789634971314191600,15.915191650390625,-0.002676692558452487,0.0274336077272892,0.9266307950019836
1789634971324230700,15.925230712890626,-0.023486658930778503,-0.11507770419120789,0.7983629703521729
1789634971334270500,15.9352705078125,-0.147552952170372,-0.06919144093990326,0.6448759436607361
1789634971344310500,15.945310546875,-0.24590452015399933,0.048960961401462555,0.4801076054573059
1789634971354349600,15.955349609375,-0.25229611992836,0.04961743205785751,0.32018929719924927
1789634971364389600,15.9653896484375,-0.2997772693634033,0.14755959808826447,0.11843086034059525
1789634971374428400,15.975428466796876,-0.2745954990386963,0.1907225102186203,-0.08780726790428162
1789634971384468500,15.985468505859375,-0.2178214192390442,0.039773598313331604,-0.3054904639720917
1789634971394508500,15.995508544921876,-0.1880696415901184,0.041955526918172836,-0.5970951318740845
1789634971404547300,16.00554736328125,-0.10246597230434418,0.2250833511352539,-0.8073365092277527
1789634971414587400,16.01558740234375,-0.01679367572069168,0.3597402274608612,-0.894593358039856
1789634971424627500,16.02562744140625,0.09121125191450119,0.4294988811016083,-0.8875660300254822
1789634971434666800,16.035666748046875,0.14847320318222046,0.5783589482307434,-0.8219193816184998
1789634971444706600,16.04570654296875,0.16309431195259094,0.7345128059387207,-0.7700526714324951
1789634971454745600,16.05574560546875,0.16726481914520264,0.6473879814147949,-0.7132070064544678
1789634971464785700,16.06578564453125,0.12814542651176453,0.4711155295372009,-0.6571241617202759
1789634971474825700,16.07582568359375,0.13800498843193054,0.5324769020080566,-0.6345556974411011
1789634971484864500,16.085864501953125,0.18542589247226715,0.516002357006073,-0.622707188129425
1789634971494904600,16.095904541015624,0.22296075522899628,0.412036269903183,-0.6812852621078491
1789634971504944600,16.105944580078123,0.26936855912208557,0.32195013761520386,-0.7866962552070618
1789634971514983700,16.115983642578126,0.37132659554481506,0.1544508934020996,-0.8327734470367432
1789634971525023500,16.1260234375,0.415971577167511,-0.20620891451835632,-0.8731557130813599
1789634971535062500,16.1360625,0.3792942464351654,-0.4486255645751953,-0.8783262372016907
1789634971545102600,16.1461025390625,0.28496548533439636,-0.3205624520778656,-0.8305878639221191
1789634971555142700,16.156142578125,0.18301674723625183,0.027026675641536713,-0.8713717460632324
1789634971565181400,16.166181396484376,0.08601383864879608,0.35098472237586975,-1.0099419355392456
1789634971575221500,16.176221435546875,0.004452928900718689,0.5582593679428101,-1.1171668767929077
1789634971585260500,16.186260498046874,0.01726681925356388,0.8204559087753296,-1.142562985420227
1789634971595300600,16.196300537109376,0.13269273936748505,0.8832210302352905,-1.2161182165145874
1789634971605340400,16.20634033203125,0.17270338535308838,0.7805907130241394,-1.334323525428772
1789634971615379500,16.21637939453125,0.1141977310180664,0.5579203367233276,-1.4815683364868164
1789634971625419500,16.22641943359375,0.14554280042648315,0.18849024176597595,-1.526655912399292
1789634971635458600,16.23645849609375,0.17755505442619324,-0.07839684933423996,-1.4982430934906006
1789634971645498600,16.24649853515625,0.14898842573165894,-0.005324108060449362,-1.4476302862167358
1789634971655538400,16.256538330078126,0.15418212115764618,-0.10722170770168304,-1.435728907585144
1789634971665577700,16.26657763671875,0.13139283657073975,-0.534584641456604,-1.4911432266235352
1789634971675617500,16.276617431640624,0.1310138702392578,-0.6755737662315369,-1.4884033203125
1789634971685657600,16.28665771484375,0.15659737586975098,-0.5511602759361267,-1.3879330158233643
1789634971695696600,16.296696533203125,0.19639219343662262,-0.4687381088733673,-1.3282893896102905
1789634971705736700,16.30673681640625,0.19171938300132751,-0.5167128443717957,-1.4384982585906982
1789634971715775500,16.316775390625,0.22044530510902405,-0.6744691729545593,-1.6558552980422974
1789634971725815300,16.326815185546874,0.2456871122121811,-0.9470738172531128,-1.8083953857421875
1789634971735855400,16.33685546875,0.23349224030971527,-1.1772884130477905,-1.8818328380584717
1789634971745894400,16.346894287109375,0.20653478801250458,-1.3082983493804932,-1.9469352960586548
1789634971755934500,16.3569345703125,0.184762105345726,-0.8787342309951782,-1.8854488134384155
1789634971765973200,16.36697314453125,0.18351705372333527,-0.2446463257074356,-1.7042182683944702
1789634971776013300,16.377013427734376,0.24216331541538239,-0.38917872309684753,-1.6817760467529297
1789634971786053400,16.387053466796875,0.34455546736717224,-0.5599326491355896,-1.839664101600647
1789634971796092400,16.397092529296874,0.41710424423217773,-0.5651854872703552,-2.0241990089416504
1789634971806132200,16.40713232421875,0.5168288946151733,-0.9725536704063416,-2.2926464080810547
1789634971816172300,16.41717236328125,0.5716990828514099,-1.5106056928634644,-2.4723517894744873
1789634971826211300,16.42721142578125,0.5025272369384766,-1.5058608055114746,-2.4120640754699707
1789634971836251400,16.43725146484375,0.35235053300857544,-1.0842773914337158,-2.2437803745269775
1789634971846290400,16.44729052734375,0.22498519718647003,-0.634590744972229,-2.1437716484069824
1789634971856330500,16.45733056640625,0.1985863447189331,-0.40361663699150085,-2.2076239585876465
1789634971866370600,16.46737060546875,0.25804194808006287,-0.49986833333969116,-2.366527795791626
1789634971876409300,16.477409423828124,0.36119604110717773,-0.7578442096710205,-2.4751858711242676
1789634971886449400,16.487449462890623,0.4385600984096527,-0.965252697467804,-2.4042460918426514
1789634971896488400,16.497488525390626,0.4465746283531189,-0.8617172241210938,-2.285175085067749
1789634971906528500,16.507528564453125,0.3685123920440674,-0.39002275466918945,-2.1349709033966064
1789634971916568300,16.517568359375,0.3352077007293701,0.06782416254281998,-2.0143823623657227
1789634971926607400,16.527607421875,0.3350111246109009,0.1936810165643692,-1.8896746635437012
1789634971936647400,16.5376474609375,0.3479365110397339,0.17004066705703735,-1.7719773054122925
1789634971946687500,16.5476875,0.3433507978916168,0.04955124482512474,-1.6450973749160767
1789634971956726300,16.557726318359375,0.29152461886405945,-0.034073878079652786,-1.4757466316223145
1789634971966766300,16.567766357421874,0.13468556106090546,-0.011284735053777695,-1.206634283065796
1789634971976805400,16.577805419921877,-0.01812235824763775,0.28999653458595276,-1.014294147491455
1789634971986845400,16.587845458984376,-0.004151844419538975,0.7275456786155701,-0.9485894441604614
1789634971996885200,16.59788525390625,0.08070551604032516,0.7622469067573547,-0.9386271238327026
1789634972006924300,16.60792431640625,0.05426812171936035,0.44299978017807007,-0.789594292640686
1789634972016964400,16.61796435546875,-0.03671185299754143,0.27770084142684937,-0.42983585596084595
1789634972027004400,16.62800439453125,-0.1433439701795578,0.19596236944198608,-0.12175219506025314
1789634972037043500,16.63804345703125,-0.19857153296470642,0.42006683349609375,0.060864485800266266
1789634972047083300,16.648083251953125,-0.17174461483955383,0.6812560558319092,0.15634751319885254
1789634972057122600,16.65812255859375,-0.05291116610169411,0.5788125395774841,0.2011362910270691
1789634972067162400,16.668162353515626,0.021340034902095795,0.41656559705734253,0.3135716915130615
1789634972077202400,16.678202392578125,-0.029273875057697296,0.4512671232223511,0.6946380734443665
1789634972087241500,16.688241455078124,-0.17505189776420593,0.5120642781257629,1.2769546508789062
1789634972097281500,16.698281494140623,-0.32907792925834656,0.6346287727355957,1.890616774559021
1789634972107320300,16.7083203125,-0.4080345928668976,0.702378511428833,2.3603410720825195
1789634972117360400,16.7183603515625,-0.3702744245529175,0.7344096899032593,2.626912832260132
1789634972127400400,16.728400390625,-0.2382151484489441,0.6672541499137878,2.572833776473999
1789634972137439500,16.738439453125,-0.10478438436985016,0.705646812915802,2.1815197467803955
1789634972147479300,16.748479248046873,-0.11872413009405136,0.8962989449501038,1.833458662033081
1789634972157518300,16.758518310546876,-0.23589016497135162,0.35026460886001587,1.513575792312622
1789634972167558400,16.768558349609375,-0.4287257194519043,-0.3357536196708679,1.5090521574020386
1789634972177598500,16.778598388671874,-0.6614731550216675,-0.1353190541267395,1.7548096179962158
1789634972187637200,16.78863720703125,-0.7735804319381714,0.09048645198345184,1.90012788772583
1789634972197677300,16.79867724609375,-0.7951157689094543,0.2267705202102661,1.9658056497573853
1789634972207717400,16.80871728515625,-0.778369128704071,0.39486321806907654,2.0466318130493164
1789634972217756400,16.81875634765625,-0.7144721150398254,0.6889196634292603,2.2395992279052734
1789634972227796200,16.828796142578124,-0.6021789312362671,0.9130943417549133,2.5017402172088623
1789634972237835500,16.83883544921875,-0.4491124451160431,1.0760571956634521,2.757974147796631
1789634972247875300,16.848875244140626,-0.26692619919776917,1.3980929851531982,2.95762038230896
1789634972257915400,16.858915283203125,-0.08339846879243851,1.6315137147903442,3.023876190185547
1789634972267954400,16.868954345703123,0.047488607466220856,1.4663819074630737,2.9548816680908203
1789634972277994500,16.878994384765626,0.0713619813323021,1.021182894706726,2.902194023132324
1789634972288033500,16.889033447265625,0.029339401051402092,0.4811238646507263,2.896026611328125
1789634972298073300,16.8990732421875,-0.0521639809012413,-0.11889298260211945,2.888929605484009
1789634972308113400,16.909113525390627,-0.13180887699127197,-0.684941828250885,2.8046934604644775
1789634972318152400,16.91915234375,-0.1432247757911682,-1.0544312000274658,2.6228721141815186
1789634972328192500,16.929192626953125,-0.10141671448945999,-1.2290350198745728,2.4289331436157227
1789634972338232300,16.939232421875,-0.017857374623417854,-1.0780255794525146,2.3690361976623535
1789634972348271400,16.949271240234374,0.03422722965478897,-0.7310408353805542,2.416060447692871
1789634972358311400,16.9593115234375,0.0761437863111496,-0.45992469787597656,2.549818277359009
1789634972368350500,16.9693505859375,0.15613515675067902,-0.22432656586170197,2.73380708694458
1789634972378390300,16.979390380859375,0.26744621992111206,-0.049930259585380554,2.856451988220215
1789634972388430300,16.989430419921874,0.40900346636772156,0.1161864846944809,2.820505142211914
1789634972398469400,16.999469482421876,0.5273445248603821,0.18552054464817047,2.601308822631836
1789634972408509400,17.009509521484375,0.6066680550575256,0.23696105182170868,2.225383996963501
1789634972418549200,17.01954931640625,0.5010390877723694,0.12391600757837296,1.7378846406936646
1789634972428588300,17.02958837890625,0.32774314284324646,0.07053206861019135,1.218001127243042
1789634972438628400,17.03962841796875,0.2729576528072357,-0.055708691477775574,0.8740378618240356
1789634972448667400,17.04966748046875,0.22018906474113464,0.2913369834423065,0.8777333498001099
1789634972458707500,17.05970751953125,-0.08496550470590591,0.9381114840507507,0.8593644499778748
1789634972468747300,17.069747314453124,-0.57862389087677,0.9717974066734314,0.5291308164596558
1789634972478786600,17.07978662109375,-0.5885950326919556,0.6090520024299622,0.07218428701162338
1789634972488826400,17.089826416015626,-0.44130265712738037,0.22256819903850555,-0.23413127660751343
1789634972498865400,17.099865478515625,-0.19033753871917725,0.31703981757164,-0.27051830291748047
1789634972508905500,17.109905517578124,0.06838217377662659,0.7742781043052673,-0.06007787212729454
1789634972518945500,17.119945556640626,0.38201385736465454,0.9601233005523682,0.15168496966362
1789634972528984300,17.129984375,0.519034206867218,0.561209499835968,0.2663035988807678
1789634972539024400,17.1400244140625,0.5246332287788391,0.0751708522439003,0.3150900602340698
1789634972549064400,17.150064453125,0.45154744386672974,-0.20102433860301971,0.4076717793941498
1789634972559103500,17.160103515625,0.3342815339565277,-0.20099930465221405,0.5159900188446045
1789634972569143300,17.170143310546877,0.2050386369228363,-0.1450551450252533,0.5699517726898193
1789634972579182300,17.180182373046875,0.13469073176383972,-0.1552998125553131,0.5435159206390381
1789634972589222400,17.190222412109375,0.12592782080173492,-0.41819146275520325,0.4244465231895447
1789634972599262500,17.200262451171874,0.1740865558385849,-0.6888428926467896,0.2554316818714142
1789634972609301200,17.21030126953125,0.18680977821350098,-0.8260349035263062,0.07485420256853104
1789634972619341300,17.22034130859375,0.1953963339328766,-0.8939127922058105,-0.05908069387078285
1789634972629380400,17.23038037109375,0.21021950244903564,-0.8911687731742859,-0.1756087988615036
1789634972639420400,17.24042041015625,0.20087207853794098,-0.7158995270729065,-0.33646053075790405
1789634972649460200,17.250460205078124,0.1518661081790924,-0.2273375540971756,-0.5025119185447693
1789634972659499500,17.26049951171875,0.18672795593738556,0.3740880787372589,-0.6656835675239563
1789634972669539300,17.270539306640625,0.3056161105632782,0.9040446281433105,-0.9141023755073547
1789634972679579400,17.280579345703124,0.4193834066390991,1.4469009637832642,-1.3221898078918457
1789634972689618400,17.290618408203127,0.4881749451160431,1.9891300201416016,-1.8133047819137573
1789634972699658500,17.300658447265626,0.5056644082069397,2.260854959487915,-2.2604830265045166
1789634972709697500,17.310697509765625,0.501512348651886,2.104015827178955,-2.53861141204834
1789634972719737300,17.3207373046875,0.39811140298843384,1.4994252920150757,-2.56181263923645
1789634972729777400,17.33077734375,0.23948271572589874,0.8162611722946167,-2.3517024517059326
1789634972739816400,17.34081640625,0.23595641553401947,0.2343902885913849,-2.0128369331359863
1789634972749856300,17.350856201171876,0.4024956226348877,-0.09580378234386444,-1.641188621520996
1789634972759896300,17.360896240234375,0.46361544728279114,-0.0814027413725853,-1.3287320137023926
1789634972769935400,17.370935302734374,0.4728004038333893,-0.17980258166790009,-1.219343900680542
1789634972779975400,17.380975341796876,0.44510194659233093,-0.5918154120445251,-1.2637723684310913
1789634972790014200,17.39101416015625,0.20249472558498383,-0.696618378162384,-1.295256495475769
1789634972800054300,17.40105419921875,-0.07606232911348343,-0.47962480783462524,-1.3745582103729248
1789634972810094300,17.41109423828125,-0.2092878669500351,-0.25233107805252075,-1.5039921998977661
1789634972820133000,17.421133056640624,-0.17959921061992645,-0.3033449947834015,-1.659415364265442
1789634972830173200,17.431173095703127,-0.10540114343166351,-0.49214449524879456,-1.7332173585891724
1789634972840213200,17.441213134765626,-0.010151855647563934,-0.6672595739364624,-1.6984695196151733
1789634972850252300,17.451252197265624,0.10601333528757095,-0.7935973405838013,-1.542662262916565
1789634972860292000,17.4612919921875,0.1888781189918518,-0.8582282662391663,-1.3632537126541138
1789634972870331400,17.471331298828126,0.24057097733020782,-0.9892308115959167,-1.2733683586120605
1789634972880371500,17.481371337890625,0.3501030504703522,-1.3518164157867432,-1.2806822061538696
1789634972890411300,17.491411376953124,0.33154919743537903,-1.60762357711792,-1.3755311965942383
1789634972900450300,17.5014501953125,0.3312312066555023,-1.629599928855896,-1.4589331150054932
1789634972910490400,17.511490478515626,0.3858581483364105,-1.7295105457305908,-1.560240626335144
1789634972920530400,17.521530517578125,0.4675447642803192,-1.6111007928848267,-1.7386186122894287
1789634972930569500,17.531569580078123,0.47711190581321716,-1.2694967985153198,-1.9806559085845947
1789634972940609300,17.541609375,0.3979009985923767,-0.9255144000053406,-2.1928701400756836
1789634972950648300,17.5516484375,0.29913395643234253,-0.6712570190429688,-2.3533880710601807
1789634972960688400,17.5616884765625,0.2352236807346344,-0.6602456569671631,-2.4141178131103516
1789634972970728400,17.571728515625,0.16669444739818573,-0.7586008906364441,-2.4516782760620117
1789634972980767200,17.581767333984374,0.14201520383358002,-0.7502154111862183,-2.542429208755493
1789634972990807300,17.591807373046876,0.15416935086250305,-0.700771689414978,-2.5616166591644287
1789634973000847400,17.601847412109375,0.19580121338367462,-0.3378986716270447,-2.4523990154266357
1789634973010886100,17.61188623046875,0.2594372630119324,0.1233905777335167,-2.3323073387145996
1789634973020926200,17.62192626953125,0.3258112370967865,0.25368812680244446,-2.4263923168182373
1789634973030965200,17.63196533203125,0.38999199867248535,0.24334365129470825,-2.604964017868042
1789634973041005300,17.64200537109375,0.4419523775577545,-0.019342029467225075,-2.6658575534820557
1789634973051045400,17.65204541015625,0.41292837262153625,-0.2965565323829651,-2.5847201347351074
1789634973061084200,17.662084228515624,0.3071737289428711,-0.09748204052448273,-2.3557302951812744
1789634973071124200,17.672124267578123,0.1855252981185913,0.32388997077941895,-2.071760892868042
1789634973081164300,17.682164306640626,0.05958441272377968,0.42968642711639404,-1.8728410005569458
1789634973091203300,17.692203369140625,-0.01766233704984188,0.33208394050598145,-1.7182101011276245
1789634973101243100,17.7022431640625,-0.036648012697696686,0.3008306622505188,-1.5051910877227783
1789634973111282400,17.712282470703126,-0.06560512632131577,0.2649255692958832,-1.2657040357589722
1789634973121322500,17.722322509765625,-0.08424831926822662,0.47574299573898315,-1.050430417060852
1789634973131362300,17.7323623046875,-0.05058753117918968,0.7279782891273499,-0.8906489014625549
1789634973141401300,17.7424013671875,-0.04204278066754341,0.5553838610649109,-0.8235753178596497
1789634973151441400,17.75244140625,-0.14240893721580505,0.3109895586967468,-0.6596712470054626
1789634973161481500,17.7624814453125,-0.19479863345623016,0.29713284969329834,-0.37616121768951416
1789634973171520300,17.772520263671876,-0.15978895127773285,0.3027905523777008,-0.17517267167568207
1789634973181560300,17.782560302734375,-0.12798334658145905,0.4013671875,-0.007994864135980606
1789634973191599400,17.792599365234373,-0.1308744102716446,0.36905038356781006,0.16349638998508453
1789634973201639400,17.802639404296876,-0.1465151458978653,0.20512963831424713,0.33652594685554504
1789634973211679200,17.81267919921875,-0.15218469500541687,0.09418806433677673,0.4856383800506592
1789634973221718300,17.82271826171875,-0.14843016862869263,0.026028990745544434,0.6519533395767212
1789634973231758300,17.83275830078125,-0.161440908908844,0.08157826215028763,0.8569326996803284
1789634973241798400,17.84279833984375,-0.1508854776620865,0.23421865701675415,1.0688526630401611
1789634973251837200,17.852837158203126,-0.10829576104879379,0.3992966413497925,1.1963574886322021
1789634973261877200,17.862877197265625,-0.06644897907972336,0.355995237827301,1.1959692239761353
1789634973271916300,17.872916259765624,-0.04527978226542473,0.188797727227211,1.260914921760559
1789634973281956000,17.8829560546875,-0.04812803491950035,0.19026407599449158,1.4604413509368896
1789634973291996200,17.89299609375,-0.09469930082559586,0.42756202816963196,1.64888334274292
1789634973302035500,17.903035400390625,-0.15150770545005798,0.633220911026001,1.7304179668426514
1789634973312075300,17.9130751953125,-0.17923985421657562,0.7685335874557495,1.796971321105957
1789634973322115300,17.923115234375,-0.12228281795978546,0.9088134765625,1.9420009851455688
1789634973332154400,17.933154296875,-0.00047136680223047733,0.8206698894500732,2.0716938972473145
1789634973342194400,17.9431943359375,0.11491860449314117,0.3983185887336731,2.108912944793701
1789634973352233500,17.9532333984375,0.1021665632724762,0.28439807891845703,2.172732353210449
1789634973362273300,17.963273193359374,-0.012162410654127598,0.45116496086120605,2.2809576988220215
1789634973372313300,17.973313232421877,-0.12537966668605804,0.47553521394729614,2.2960870265960693
1789634973382352400,17.983352294921875,-0.14772199094295502,0.36050474643707275,2.248385190963745
1789634973392392400,17.993392333984374,-0.11295553296804428,0.3306131362915039,2.2658531665802
1789634973402432300,18.003432373046873,-0.006694874260574579,0.29092565178871155,2.342954635620117
1789634973412471300,18.01347119140625,0.08781395852565765,0.251836359500885,2.459437131881714
1789634973422511400,18.023511474609375,0.05540435016155243,0.38460612297058105,2.650465250015259
1789634973432550100,18.033550048828126,0.018625229597091675,0.5519829988479614,2.832782745361328
1789634973442590200,18.043590087890625,0.06546624004840851,0.4638725519180298,2.957188844680786
1789634973452630300,18.05363037109375,0.02909957431256771,0.2967887818813324,3.0287718772888184
1789634973462669300,18.06366943359375,-0.10836134850978851,0.2660644054412842,3.0349204540252686
1789634973472709400,18.07370947265625,-0.17542976140975952,0.1520855724811554,2.9528536796569824
1789634973482749200,18.083749267578124,-0.16615423560142517,-0.17277373373508453,2.8080832958221436
1789634973492788200,18.093788330078127,-0.24708236753940582,-0.4001017212867737,2.6441738605499268
1789634973502828300,18.103828369140626,-0.379105806350708,-0.38214805722236633,2.5560879707336426
1789634973512868400,18.113868408203125,-0.41838961839675903,-0.46633198857307434,2.550945997238159
1789634973522907100,18.1239072265625,-0.4186175763607025,-0.5990601778030396,2.563098430633545
1789634973532947200,18.133947265625,-0.4190081059932709,-0.6028119921684265,2.554129123687744
1789634973542986500,18.143986572265625,-0.3687787652015686,-0.5381019711494446,2.519529104232788
1789634973553026300,18.1540263671875,-0.3184039890766144,-0.47356319427490234,2.4139397144317627
1789634973563066400,18.16406640625,-0.3615677058696747,-0.3511086404323578,2.2285096645355225
1789634973573105400,18.17410546875,-0.44233086705207825,-0.2399429976940155,2.0359199047088623
1789634973583145500,18.1841455078125,-0.4871603846549988,-0.1713719218969345,1.836305022239685
1789634973593185500,18.194185546875,-0.5463982224464417,-0.08022961765527725,1.6080416440963745
1789634973603224300,18.204224365234374,-0.5839847326278687,0.058447033166885376,1.4021416902542114
1789634973613264400,18.214264404296873,-0.49541109800338745,0.16672684252262115,1.250746250152588
1789634973623303400,18.224303466796876,-0.41703692078590393,0.25849777460098267,1.1393831968307495
1789634973633343200,18.23434326171875,-0.38366106152534485,0.40197843313217163,1.028333306312561
1789634973643383300,18.24438330078125,-0.30301496386528015,0.43795692920684814,0.9005752205848694
1789634973653422300,18.25442236328125,-0.2612011432647705,0.36950206756591797,0.7196266055107117
1789634973663462400,18.26446240234375,-0.3298052251338959,0.37606969475746155,0.5074650645256042
1789634973673502200,18.274502197265626,-0.33502626419067383,0.34714338183403015,0.3200724720954895
1789634973683541200,18.284541259765625,-0.30158495903015137,0.27992650866508484,0.14011816680431366
1789634973693581300,18.294581298828124,-0.3420946002006531,0.35421717166900635,-0.04421656206250191
1789634973703620000,18.3046201171875,-0.295177698135376,0.4225272536277771,-0.18948213756084442
1789634973713660200,18.31466015625,-0.18149670958518982,0.36031389236450195,-0.34076187014579773
1789634973723700700,18.32470068359375,-0.13112515211105347,0.3689316213130951,-0.5196924805641174
1789634973733739800,18.33473974609375,-0.10659313946962357,0.3609136939048767,-0.6756647825241089
1789634973743779800,18.34477978515625,-0.048814527690410614,0.3114556074142456,-0.8005460500717163
1789634973753819600,18.354819580078125,-0.0002625084016472101,0.18595799803733826,-0.8893246054649353
1789634973763858700,18.364858642578124,-0.01977655477821827,0.23374256491661072,-0.9485442042350769
1789634973773898800,18.374898681640627,0.0014640185981988907,0.5104226469993591,-0.9891942143440247
1789634973783937800,18.384937744140625,0.035055000334978104,0.7780026793479919,-0.9756190180778503
1789634973793977900,18.394977783203124,0.06770555675029755,1.0361398458480835,-0.9486466646194458
1789634973804017700,18.405017578125,0.12847915291786194,1.1605653762817383,-0.913371741771698
1789634973814057000,18.415056884765626,0.19043481349945068,1.0412970781326294,-0.8571171760559082
1789634973824097000,18.425096923828125,0.22934012115001678,0.8013922572135925,-0.8156030178070068
1789634973834136800,18.43513671875,0.2097465842962265,0.6397647857666016,-0.816312313079834
1789634973844176000,18.44517578125,0.20357736945152283,0.4586823284626007,-0.849407970905304
1789634973854216000,18.4552158203125,0.23673076927661896,0.24748213589191437,-0.8943482637405396
1789634973864254700,18.465254638671876,0.28457552194595337,0.13260509073734283,-0.9327161908149719
1789634973874294800,18.475294677734375,0.35257962346076965,0.06634118407964706,-0.9682248830795288
1789634973884334800,18.4853349609375,0.4457031786441803,-0.01583278179168701,-1.0515216588974
1789634973894374000,18.495373779296877,0.3996970057487488,0.08826711773872375,-1.1984449625015259
1789634973904413700,18.50541357421875,0.20443058013916016,0.3688601553440094,-1.381420612335205
1789634973914453800,18.515453857421875,0.0063415649347007275,0.4316638112068176,-1.5213419198989868
1789634973924492800,18.525492919921874,-0.05183359235525131,0.35619837045669556,-1.5442475080490112
1789634973934532900,18.535532958984376,-0.035091958940029144,0.3289543688297272,-1.5433521270751953
1789634973944573000,18.545572998046875,0.03712231665849686,0.08858835697174072,-1.5940570831298828
1789634973954611700,18.55561181640625,0.12185351550579071,-0.4481540322303772,-1.6766130924224854
1789634973964651800,18.56565185546875,0.1972992718219757,-0.7558479309082031,-1.7332360744476318
1789634973974690800,18.57569091796875,0.233168825507164,-0.6225650310516357,-1.7400535345077515
1789634973984730600,18.585730712890626,0.26129579544067383,-0.5434848666191101,-1.7275569438934326
1789634973994770700,18.595770751953125,0.2817140221595764,-0.6913799047470093,-1.7571580410003662
1789634974004810000,18.60581005859375,0.3233349919319153,-0.9436947107315063,-1.7963855266571045
1789634974014849800,18.615849853515623,0.3607710897922516,-1.0081740617752075,-1.80624520778656
1789634974024889600,18.6258896484375,0.353641539812088,-0.9682631492614746,-1.8540054559707642
1789634974034929000,18.635928955078125,0.3145146667957306,-0.9256882071495056,-1.937261700630188
1789634974044969000,18.645968994140624,0.2869623899459839,-0.9503655433654785,-2.0200226306915283
1789634974055007700,18.6560078125,0.2956359386444092,-0.9579518437385559,-2.0354464054107666
1789634974065047800,18.6660478515625,0.3103131353855133,-1.0027744770050049,-2.006937026977539
1789634974075088000,18.676087890625,0.3160496950149536,-1.0920367240905762,-2.1021645069122314
1789634974085127000,18.686126953125,0.28248560428619385,-1.1114996671676636,-2.253751754760742
1789634974095167000,18.6961669921875,0.28039467334747314,-1.0083236694335938,-2.3651158809661865
1789634974105206800,18.706206787109377,0.336368203163147,-0.9955111145973206,-2.474916458129883
1789634974115245800,18.716245849609376,0.41755104064941406,-1.0219554901123047,-2.5846304893493652
1789634974125286000,18.726285888671875,0.48594075441360474,-0.9231067895889282,-2.6144626140594482
1789634974135324700,18.73632470703125,0.4443134665489197,-0.6568347811698914,-2.579623222351074
1789634974145364700,18.74636474609375,0.43787020444869995,-0.6081972122192383,-2.6654767990112305
1789634974155404800,18.75640478515625,0.4280225932598114,-0.6201354265213013,-2.663808584213257
1789634974165443800,18.76644384765625,0.46075764298439026,-0.4944387674331665,-2.5081331729888916
1789634974175483600,18.776483642578125,0.461438924074173,-0.4814262390136719,-2.366065740585327
1789634974185523700,18.786523681640624,0.3755437135696411,-0.5241252183914185,-2.282301664352417
1789634974195562800,18.796562744140626,0.2950950562953949,-0.4117385149002075,-2.2253048419952393
1789634974205602800,18.806602783203125,0.24349552392959595,-0.33456090092658997,-2.147909164428711
1789634974215642600,18.816642578125,0.1847563087940216,-0.1974608302116394,-2.024744749069214
1789634974225681700,18.826681640625,0.12332304567098618,-0.008142047561705112,-1.8809471130371094
1789634974235721700,18.8367216796875,0.017868392169475555,0.0028741247951984406,-1.7191661596298218
1789634974245761000,18.846760986328125,-0.14801138639450073,-0.14212435483932495,-1.4993361234664917
1789634974255800800,18.85680078125,-0.26995596289634705,-0.16964098811149597,-1.2028145790100098
1789634974265841000,18.8668408203125,-0.28780126571655273,-0.06375663727521896,-0.9561849236488342
1789634974275880000,18.8768798828125,-0.2380734384059906,0.26663824915885925,-0.8217077851295471
1789634974285920000,18.886919921875,-0.1617853194475174,0.4185398817062378,-0.7172434329986572
1789634974295959800,18.896959716796875,-0.07167644053697586,0.4032089412212372,-0.5301111340522766
1789634974305998800,18.906998779296874,0.01062509324401617,0.20631399750709534,-0.31323498487472534
1789634974316039000,18.917038818359377,0.015469549223780632,0.04052617400884628,-0.0715058222413063
1789634974326077700,18.92707763671875,-0.014454793184995651,0.11370184272527695,0.23238694667816162
1789634974336117800,18.93711767578125,-0.030927510932087898,0.29507750272750854,0.5585580468177795
1789634974346157800,18.94715771484375,-0.06492835283279419,0.35165315866470337,0.8166604042053223
1789634974356196900,18.95719677734375,-0.0646442249417305,0.4338417053222656,1.0172055959701538
1789634974366237000,18.96723681640625,-0.03644055128097534,0.4861358106136322,1.1816432476043701
1789634974376276700,18.97727685546875,0.0028549879789352417,0.4987609088420868,1.2492529153823853
1789634974386315800,18.987315673828125,-0.0016156607307493687,0.29119038581848145,1.185536503791809
1789634974396355800,18.99735595703125,-0.10244143754243851,0.05474544316530228,1.164525032043457
1789634974406396000,19.00739599609375,-0.29949751496315,0.11021535843610764,1.3534358739852905
1789634974416434700,19.0174345703125,-0.5155127644538879,0.45733997225761414,1.6812243461608887
1789634974426474800,19.027474853515624,-0.6501901745796204,0.6682910919189453,1.8837889432907104
1789634974436513800,19.037513671875,-0.6612032651901245,0.7041215300559998,1.956765055656433
1789634974446553600,19.0475537109375,-0.5534403324127197,0.7869572639465332,1.9983679056167603
1789634974456593700,19.05759375,-0.39626768231391907,1.023992657661438,2.0357046127319336
1789634974466633000,19.067633056640624,-0.271793931722641,1.0983353853225708,2.0607540607452393
1789634974476672800,19.0776728515625,-0.25155115127563477,1.0353912115097046,2.2142534255981445
1789634974486712600,19.087712646484373,-0.24220266938209534,0.9701308608055115,2.5126686096191406
1789634974496751900,19.097751953125,-0.1812022626399994,0.7907117009162903,2.860602617263794
1789634974506792000,19.1077919921875,-0.20422209799289703,0.5710757374763489,3.167036294937134
1789634974516831000,19.1178310546875,-0.2834078073501587,0.570442795753479,3.3499152660369873
1789634974526870800,19.127870849609376,-0.3245869278907776,0.7706549763679504,3.320652484893799
1789634974536910800,19.137910888671875,-0.279443621635437,0.8565841317176819,3.1361889839172363
1789634974546950000,19.147949951171874,-0.20039886236190796,0.5879401564598083,2.935555934906006
1789634974556990000,19.157989990234373,-0.1250493824481964,0.09668309986591339,2.871208667755127
1789634974567029800,19.16802978515625,-0.051775965839624405,-0.4101177752017975,2.9600977897644043
1789634974577068800,19.17806884765625,-0.08286960422992706,-0.6102996468544006,3.1518712043762207
1789634974587108900,19.18810888671875,-0.15186837315559387,-0.27217355370521545,3.2989847660064697
1789634974597147600,19.198147705078124,-0.15697269141674042,0.14418908953666687,3.1961288452148438
1789634974607187700,19.208187744140623,-0.18735936284065247,0.0662090852856636,2.766019821166992
1789634974617227800,19.218227783203126,-0.153032585978508,-0.6543262600898743,2.190007448196411
1789634974627266800,19.228266845703125,-0.09804709255695343,-1.1275312900543213,1.8118034601211548
1789634974637306600,19.238306640625,-0.06975223124027252,-1.066471815109253,1.8505804538726807
1789634974647346700,19.2483466796875,-0.19029197096824646,-0.7359719276428223,2.137765645980835
1789634974657385700,19.2583857421875,-0.35342326760292053,-0.24580787122249603,2.438349723815918
1789634974667425800,19.26842578125,-0.3626527190208435,0.2623637616634369,2.5628855228424072
1789634974677464800,19.27846484375,-0.31719309091567993,0.5505132675170898,2.4588375091552734
1789634974687505000,19.2885048828125,-0.3165872395038605,0.7978910803794861,2.226752281188965
1789634974697544700,19.298544677734377,-0.2583940625190735,0.8663620948791504,1.9878215789794922
1789634974707584000,19.308583984375,-0.13307476043701172,0.6762928366661072,1.7991349697113037
1789634974717623300,19.318623291015626,0.013923817314207554,0.32172074913978577,1.6701003313064575
1789634974727663400,19.328663330078125,0.1503213346004486,-0.24424146115779877,1.5940742492675781
1789634974737702400,19.338702392578124,0.21117401123046875,-0.6787998676300049,1.5112730264663696
1789634974747742500,19.348742431640623,0.05364270135760307,-0.6307128071784973,1.4242135286331177
1789634974757782300,19.3587822265625,-0.16587397456169128,-0.30767783522605896,1.2786614894866943
1789634974767821300,19.3688212890625,-0.31846004724502563,-0.07346612215042114,1.0767499208450317
1789634974777861400,19.378861328125,-0.3851112127304077,-0.012540658935904503,0.8932095766067505
1789634974787900200,19.388900146484374,-0.3377258777618408,-0.1799357682466507,0.7648540139198303
1789634974797940200,19.398940185546873,-0.22804564237594604,-0.35416120290756226,0.641132116317749
1789634974807980300,19.408980224609376,-0.19754286110401154,-0.39740854501724243,0.4454965591430664
1789634974818019300,19.419019287109375,-0.18359865248203278,-0.28161001205444336,0.15764690935611725
1789634974828059100,19.42905908203125,-0.20955274999141693,-0.04699696972966194,-0.1562151461839676
1789634974838099200,19.43909912109375,-0.22530148923397064,0.5155095458030701,-0.43824028968811035
1789634974848138200,19.44913818359375,-0.15491174161434174,1.0029252767562866,-0.6093307733535767
1789634974858178300,19.45917822265625,0.09819026291370392,1.2472217082977295,-0.7615454792976379
1789634974868217300,19.46921728515625,0.3313492238521576,1.1522568464279175,-0.883034884929657
1789634974878257200,19.479257080078124,0.4838608205318451,0.9390771985054016,-0.9477014541625977
1789634974888297200,19.489297119140623,0.5366920828819275,0.8052400350570679,-0.9278057813644409
1789634974898336500,19.49933642578125,0.4159395098686218,0.6611168384552002,-1.0149264335632324
1789634974908376300,19.509376220703125,0.04541047289967537,0.28465428948402405,-1.3432917594909668
1789634974918416400,19.51941650390625,-0.15761378407478333,0.009830120019614697,-1.7320001125335693
1789634974928455400,19.529455322265626,-0.21846328675746918,0.15827924013137817,-1.9389290809631348
1789634974938495500,19.53949560546875,-0.24291782081127167,0.7363699078559875,-1.880698800086975
1789634974948534300,19.5495341796875,-0.16210979223251343,1.377488136291504,-1.5761913061141968
1789634974958574300,19.55957421875,0.006972368340939283,1.6497431993484497,-1.163831114768982
1789634974968614400,19.569614501953126,0.16045086085796356,1.3709222078323364,-0.8326829671859741
1789634974978653200,19.579653076171876,0.16494256258010864,0.66121906042099,-0.6972746849060059
1789634974988693200,19.589693359375,0.15368697047233582,-0.18703556060791016,-0.685764491558075
1789634974998733300,19.5997333984375,0.1484522670507431,-0.8150023221969604,-0.7293150424957275
1789634975008772400,19.6097724609375,0.07812511175870895,-1.016178011894226,-0.9019589424133301
1789634975018812400,19.6198125,-0.02033958025276661,-0.9637364149093628,-1.2167004346847534
1789634975028852200,19.629852294921875,-0.04512215778231621,-0.7833874225616455,-1.5171276330947876
1789634975038891300,19.639891357421874,-0.09497783333063126,-0.3922811448574066,-1.7140949964523315
1789634975048931300,19.649931396484376,-0.168697327375412,0.04299071058630943,-1.8247966766357422
1789634975058970000,19.65997021484375,-0.16688591241836548,0.3494093716144562,-1.8498822450637817
1789634975069010200,19.67001025390625,-0.13549256324768066,0.362758994102478,-1.840122103691101
1789634975079050200,19.68005029296875,-0.028833098709583282,0.0030226577073335648,-1.867546796798706
1789634975089089300,19.69008935546875,0.19103188812732697,-0.294374942779541,-1.8605093955993652
1789634975099129000,19.700129150390627,0.46238943934440613,-0.4921559989452362,-1.858203649520874
1789634975109169200,19.710169189453126,0.7018345594406128,-0.546606183052063,-1.9347220659255981
1789634975119208400,19.72020849609375,0.8397168517112732,-0.6825394034385681,-2.03399395942688
1789634975129248300,19.730248291015624,0.8584194183349609,-0.9746947884559631,-2.1389424800872803
1789634975139287300,19.740287353515626,0.7805204391479492,-1.0818309783935547,-2.2458341121673584
1789634975149327400,19.750327392578125,0.6820862293243408,-0.9263010025024414,-2.3433640003204346
1789634975159367400,19.760367431640624,0.6333243250846863,-0.7311640381813049,-2.4193077087402344
1789634975169406500,19.770406494140627,0.5864502787590027,-0.6881042122840881,-2.453026294708252
1789634975179446300,19.7804462890625,0.46323731541633606,-0.6468562483787537,-2.351830244064331
1789634975189486300,19.790486328125,0.40461286902427673,-0.7271513938903809,-2.2303831577301025
1789634975199525400,19.800525390625,0.32479774951934814,-0.6712017059326172,-2.114140033721924
1789634975209565400,19.8105654296875,0.19208548963069916,-0.5263870358467102,-2.054072380065918
1789634975219604200,19.820604248046877,0.16759230196475983,-0.7130968570709229,-2.1628007888793945
1789634975229644300,19.830644287109376,0.2335771769285202,-1.016647458076477,-2.3084065914154053
1789634975239684400,19.840684326171875,0.2911795973777771,-1.0721787214279175,-2.3406078815460205
1789634975249723100,19.85072314453125,0.29806068539619446,-1.1428667306900024,-2.3202106952667236
1789634975259763200,19.86076318359375,0.28604623675346375,-1.1701788902282715,-2.2824862003326416
1789634975269803300,19.87080322265625,0.2466391921043396,-1.0230554342269897,-2.1802468299865723
1789634975279842300,19.88084228515625,0.2111862152814865,-0.9054823517799377,-2.1108529567718506
1789634975289882400,19.89088232421875,0.23166540265083313,-0.965686559677124,-2.15834903717041
1789634975299921200,19.900921142578124,0.23819589614868164,-0.980265200138092,-2.156496047973633
1789634975309961200,19.910961181640626,0.17292368412017822,-0.947019636631012,-2.1053547859191895
1789634975320001300,19.921001220703126,0.08641699701547623,-0.9173629879951477,-2.0885987281799316
1789634975330040300,19.931040283203124,0.004659014288336039,-0.85981285572052,-2.0508790016174316
1789634975340080400,19.941080322265623,-0.04137063026428223,-0.6933079361915588,-1.9846223592758179
1789634975350120200,19.9511201171875,-0.08556471765041351,-0.5143262147903442,-1.8352904319763184
1789634975360159500,19.961159423828125,-0.07685279101133347,-0.2634369134902954,-1.6714831590652466
1789634975370199300,19.97119921875,-0.03650004044175148,0.0911262109875679,-1.5018662214279175
1789634975380238300,19.98123828125,0.027013985440135002,0.47306886315345764,-1.3224802017211914
1789634975390278400,19.9912783203125,0.06631318479776382,0.6228018999099731,-1.1753592491149902
1789634975400318500,20.001318359375,0.057634882628917694,0.7012439966201782,-0.9857874512672424
1789634975410357200,20.011357177734375,0.002171887084841728,0.7284145951271057,-0.7143072485923767
1789634975420397300,20.021397216796874,-0.06578808277845383,0.7138504385948181,-0.42090630531311035
1789634975430437400,20.031437255859377,-0.13973581790924072,0.6876071095466614,-0.16563484072685242
1789634975440476400,20.041476318359376,-0.2011093646287918,0.6499586701393127,0.06643452495336533
1789634975450516200,20.05151611328125,-0.24033984541893005,0.5409906506538391,0.25825509428977966
1789634975460555300,20.06155517578125,-0.3154831826686859,0.38829225301742554,0.45097917318344116
1789634975470595300,20.07159521484375,-0.32893800735473633,0.3569982349872589,0.6715764999389648
1789634975480635400,20.081635498046875,-0.2906396985054016,0.3927520513534546,0.8053591251373291
1789634975490674200,20.091674072265626,-0.26231831312179565,0.4178621768951416,0.8688939213752747
1789634975500714200,20.10171435546875,-0.2587188482284546,0.4284619688987732,1.0231820344924927
1789634975510754300,20.11175439453125,-0.23185475170612335,0.43192246556282043,1.292063593864441
1789634975520793000,20.12179296875,-0.25013041496276855,0.3886842131614685,1.535054087638855
1789634975530833200,20.131833251953125,-0.38553881645202637,0.40206393599510193,1.7457071542739868
1789634975540872400,20.14187255859375,-0.49331143498420715,0.4962927997112274,1.9323458671569824
1789634975550912300,20.151912353515623,-0.5201579928398132,0.5064152479171753,2.0469884872436523
1789634975560952300,20.161952392578126,-0.5467179417610168,0.5744266510009766,2.1565139293670654
1789634975570991400,20.171991455078125,-0.47752150893211365,0.7394049167633057,2.256399154663086
1789634975581031400,20.182031494140624,-0.30734577775001526,0.9590051770210266,2.313365936279297
1789634975591071500,20.192071533203126,-0.14326150715351105,1.00118088722229,2.292534351348877
1789634975601110300,20.2021103515625,-0.07638726383447647,0.9066450595855713,2.2989556789398193
1789634975611150300,20.212150390625,-0.11511655151844025,0.7630921602249146,2.4607033729553223
1789634975621189400,20.222189453125,-0.14959616959095,0.6034863591194153,2.7031593322753906
1789634975631229400,20.2322294921875,-0.13230213522911072,0.5475701093673706,2.884014844894409
1789634975641269200,20.242269287109377,-0.09928788989782333,0.6572440266609192,2.9680335521698
1789634975651308300,20.252308349609375,-0.07567044347524643,0.7197465896606445,2.963898181915283
1789634975661348400,20.262348388671874,-0.009904514066874981,0.5326839685440063,2.839921712875366
1789634975671387100,20.27238720703125,0.041972000151872635,0.1301671266555786,2.6910529136657715
1789634975681427200,20.28242724609375,0.01200597733259201,-0.11073710769414902,2.6567797660827637
1789634975691467300,20.29246728515625,-0.05276050418615341,-0.06902321428060532,2.762930154800415
1789634975701506300,20.30250634765625,-0.16491377353668213,0.1408451646566391,2.880204200744629
1789634975711546400,20.31254638671875,-0.25317439436912537,0.26645445823669434,2.8682384490966797
1789634975721586400,20.32258642578125,-0.22897881269454956,0.0940522700548172,2.7099661827087402
1789634975731625200,20.332625244140626,-0.13376253843307495,-0.2233017235994339,2.5084152221679688
1789634975741665300,20.342665283203125,-0.08647961169481277,-0.34345266222953796,2.421356678009033
1789634975751704600,20.35270458984375,-0.10180690139532089,-0.19315235316753387,2.5118894577026367
1789634975761744400,20.362744384765627,-0.09077826142311096,-0.0408497229218483,2.643127679824829
1789634975771784200,20.3727841796875,-0.06058519706130028,-0.036072276532649994,2.6752285957336426
1789634975781823500,20.382823486328125,-0.07784022390842438,-0.04127447307109833,2.5737788677215576
1789634975791863600,20.392863525390624,-0.11833225190639496,-0.01769963651895523,2.384890556335449
1789634975801902300,20.40290234375,-0.14754396677017212,-0.0224904827773571,2.189302921295166
1789634975811942400,20.4129423828125,-0.21378609538078308,-0.018360186368227005,2.0241920948028564
1789634975821982500,20.422982421875,-0.25646355748176575,-0.08499117940664291,1.9131582975387573
1789634975832021500,20.433021484375,-0.20704646408557892,-0.2010916918516159,1.8528996706008911
1789634975842061300,20.443061279296874,-0.162804514169693,-0.19194257259368896,1.7910245656967163
1789634975852101400,20.453101318359376,-0.13867227733135223,-0.03865394741296768,1.7186782360076904
1789634975862140400,20.463140380859375,-0.0725579783320427,0.04198843985795975,1.5969318151474
1789634975872180500,20.473180419921874,-0.013174008578062057,-0.0012722183018922806,1.4374675750732422
1789634975882219300,20.48321923828125,-0.06149633228778839,0.02604854851961136,1.2518543004989624
1789634975892259300,20.49325927734375,-0.18522651493549347,0.08542612195014954,1.0790406465530396
1789634975902299400,20.50329931640625,-0.2225806564092636,0.01996115781366825,0.9062378406524658
1789634975912338400,20.51333837890625,-0.22412848472595215,-0.021113308146595955,0.7088462114334106
1789634975922378200,20.523378173828124,-0.24882666766643524,0.03622712194919586,0.4462052583694458
1789634975932417300,20.533417236328123,-0.2791113555431366,0.2160472273826599,0.13370166718959808
1789634975942457300,20.543457275390626,-0.29633191227912903,0.3510337173938751,-0.14309316873550415
1789634975952497400,20.553497314453125,-0.2823023796081543,0.3437076210975647,-0.37727370858192444
1789634975962536400,20.563536376953124,-0.21935230493545532,0.21221967041492462,-0.5628836154937744
1789634975972576300,20.573576171875,-0.1436559557914734,0.06518334895372391,-0.6971197128295898
1789634975982616300,20.5836162109375,-0.11295633018016815,0.0272035114467144,-0.8065310120582581
1789634975992655400,20.5936552734375,-0.0917690172791481,0.13325031101703644,-0.892926037311554
1789634976002695400,20.6036953125,-0.10051190853118896,0.24118590354919434,-0.9580299258232117
1789634976012734500,20.613734375,-0.059637174010276794,0.3755623400211334,-1.001075029373169
1789634976022774500,20.6237744140625,-0.025292688980698586,0.4460073709487915,-1.007991909980774
1789634976032814600,20.633814697265624,0.041571564972400665,0.547355055809021,-0.987486720085144
1789634976042853400,20.643853271484375,0.11222958564758301,0.6056723594665527,-0.9501296281814575
1789634976052893400,20.6538935546875,0.18685747683048248,0.5745538473129272,-0.9726151823997498
1789634976062932500,20.663932373046876,0.22955355048179626,0.4931548535823822,-1.0785390138626099
1789634976072972300,20.67397216796875,0.22959376871585846,0.47012200951576233,-1.2178256511688232
1789634976083012400,20.684012451171874,0.23986291885375977,0.42395132780075073,-1.3442323207855225
1789634976093051400,20.694051513671877,0.27873921394348145,0.32165026664733887,-1.393348217010498
1789634976103091500,20.704091552734376,0.33140504360198975,0.34970396757125854,-1.3563790321350098
1789634976113131300,20.71413134765625,0.3830045759677887,0.3764682114124298,-1.2784152030944824
1789634976123170300,20.72417041015625,0.4293217062950134,0.35433536767959595,-1.173325538635254
1789634976133210400,20.73421044921875,0.39090242981910706,0.3119114935398102,-1.1338814496994019
1789634976143249200,20.744249267578127,0.2929500937461853,0.23291219770908356,-1.2234992980957031
1789634976153289200,20.754289306640626,0.2186252772808075,0.006219138391315937,-1.4445549249649048
1789634976163329300,20.764329345703125,0.1990847885608673,-0.3226793110370636,-1.6787577867507935
1789634976173368600,20.77436865234375,0.2104405015707016,-0.4725785255432129,-1.7852165699005127
1789634976183408400,20.784408447265626,0.1851290911436081,-0.3994554579257965,-1.8047493696212769
1789634976193447400,20.794447509765625,0.14031581580638885,-0.19715616106987,-1.7287019491195679
1789634976203487500,20.804487548828124,0.11614523828029633,0.006098959594964981,-1.6981991529464722
1789634976213527600,20.814527587890623,0.15118230879306793,-0.0762835368514061,-1.7822173833847046
1789634976223566300,20.82456640625,0.26318711042404175,-0.37886905670166016,-1.8876250982284546
1789634976233606400,20.8346064453125,0.4429651200771332,-0.6610738039016724,-1.995396614074707
1789634976243645400,20.8446455078125,0.5459162592887878,-1.1137794256210327,-2.1281588077545166
1789634976253685500,20.854685546875,0.5739641785621643,-1.3113391399383545,-2.241281270980835
1789634976263725300,20.864725341796873,0.5791330933570862,-1.385912537574768,-2.3333232402801514
1789634976273764400,20.874764404296876,0.5484105944633484,-1.1402095556259155,-2.4337031841278076
1789634976283804400,20.884804443359375,0.4943739175796509,-0.7383093237876892,-2.4169702529907227
1789634976293844500,20.894844482421874,0.4662248492240906,-0.4660640060901642,-2.310363292694092
1789634976303883300,20.90488330078125,0.4141163229942322,-0.4435366094112396,-2.195708990097046
1789634976313923300,20.91492333984375,0.35260847210884094,-0.544931173324585,-2.189862012863159
1789634976323962400,20.92496240234375,0.33474791049957275,-0.7495183944702148,-2.3115837574005127
1789634976334002400,20.93500244140625,0.32540708780288696,-1.1154431104660034,-2.47076153755188
1789634976344042200,20.945042236328124,0.2826302945613861,-1.3870209455490112,-2.5463314056396484
1789634976354081300,20.955081298828127,0.20032159984111786,-1.2112219333648682,-2.5197482109069824
1789634976364121300,20.965121337890626,0.14899496734142303,-0.7810724377632141,-2.4539520740509033
1789634976374160400,20.975160400390624,0.17127762734889984,-0.3208792805671692,-2.3904175758361816
1789634976384200400,20.985200439453124,0.1797420233488083,-0.34987330436706543,-2.4059979915618896
1789634976394240300,20.995240234375,0.24576978385448456,-0.5276530981063843,-2.5478312969207764
1789634976404279600,21.005279541015625,0.24865217506885529,-0.5256143808364868,-2.5997965335845947
1789634976414319400,21.0153193359375,0.15668177604675293,-0.6635241508483887,-2.5512075424194336
1789634976424358400,21.0253583984375,-0.0073711746372282505,-0.6935473680496216,-2.409139633178711
1789634976434398500,21.0353984375,-0.18233473598957062,-0.5625840425491333,-2.1905934810638428
1789634976444438500,21.0454384765625,-0.3714790642261505,-0.4302709400653839,-1.9934427738189697
1789634976454477300,21.055477294921875,-0.42731621861457825,-0.2975168824195862,-1.8177686929702759
1789634976464517400,21.065517333984374,-0.38744550943374634,-0.17223984003067017,-1.6363143920898438
1789634976474557400,21.075557373046873,-0.30429336428642273,0.03893019258975983,-1.379358172416687
1789634976484596500,21.085596435546876,-0.17099225521087646,0.2815045118331909,-1.1163944005966187
1789634976494636300,21.09563623046875,0.030237523838877678,0.6727292537689209,-0.8707965612411499
1789634976504675300,21.10567529296875,0.20190581679344177,0.973388671875,-0.6746991276741028
1789634976514715400,21.11571533203125,0.2603137195110321,1.1708474159240723,-0.5112569332122803
1789634976524755500,21.12575537109375,0.2708912491798401,1.0646508932113647,-0.37691158056259155
1789634976534794200,21.135794189453126,0.2156546264886856,0.7760148644447327,-0.19415056705474854
1789634976544834300,21.145834228515625,0.14650900661945343,0.49785348773002625,0.10603006184101105
1789634976554873300,21.155873291015624,0.07595653831958771,0.09973356872797012,0.30744922161102295
1789634976564913200,21.1659130859375,-0.03932817280292511,-0.1316683143377304,0.4277883470058441
1789634976574953200,21.175953125,-0.14349453151226044,-0.18951056897640228,0.5892412066459656
1789634976584992500,21.185992431640624,-0.139616921544075,-0.035294272005558014,0.7642552852630615
1789634976595032600,21.196032470703123,-0.06676455587148666,0.11391358822584152,0.9541762471199036
1789634976605071400,21.2060712890625,0.0052875941619277,0.12713623046875,1.1740295886993408
1789634976615111400,21.216111328125,0.08791616559028625,0.16619734466075897,1.4453527927398682
1789634976625151500,21.2261513671875,0.18865598738193512,0.2361915409564972,1.6591358184814453
1789634976635190500,21.2361904296875,0.21858885884284973,0.33237746357917786,1.8048043251037598
1789634976645230300,21.246230224609373,0.15598618984222412,0.49344784021377563,1.9826337099075317
1789634976655269400,21.256269287109376,0.10844345390796661,0.6585773825645447,2.17972469329834
1789634976665309400,21.266309326171875,0.1476399302482605,0.5508089065551758,2.243225574493408
1789634976675349500,21.276349609375,0.17179293930530548,0.2393314093351364,2.197993040084839
1789634976685388300,21.28638818359375,0.08921315521001816,0.1802980601787567,2.182062864303589
1789634976695428400,21.296428466796876,-0.002906651236116886,0.3256097137928009,2.2118170261383057
1789634976705467400,21.30646728515625,-0.06169898808002472,0.37229204177856445,2.2614834308624268
1789634976715507500,21.316507568359373,-0.11428417265415192,0.311322957277298,2.3497931957244873
1789634976725547500,21.326547607421876,-0.16747309267520905,0.31671398878097534,2.4615297317504883
1789634976735586600,21.336586669921875,-0.2244863212108612,0.41877245903015137,2.5809519290924072
1789634976745626600,21.346626708984374,-0.24819478392601013,0.4553705155849457,2.6584014892578125
1789634976755666700,21.356666748046877,-0.2180986851453781,0.4589378237724304,2.6747472286224365
1789634976765705500,21.36670556640625,-0.14453037083148956,0.5331653356552124,2.670308828353882
1789634976775745500,21.37674560546875,-0.020967677235603333,0.5278320908546448,2.6777000427246094
1789634976785784800,21.386784912109373,0.051097627729177475,0.3974567949771881,2.730693817138672
1789634976795824600,21.39682470703125,0.02062121219933033,0.2322646528482437,2.8495872020721436
1789634976805864400,21.406864501953127,-0.029943792149424553,0.06449256092309952,3.0315210819244385
1789634976815903700,21.41690380859375,-0.13143207132816315,-0.0292951799929142,3.228717088699341
1789634976825943800,21.42694384765625,-0.2987808883190155,-0.09833968430757523,3.3249077796936035
1789634976835982600,21.436982666015624,-0.40655234456062317,-0.24051839113235474,3.1691315174102783
1789634976846022700,21.447022705078126,-0.4759838581085205,-0.4212394952774048,2.8687305450439453
1789634976856062700,21.457062744140625,-0.5590808987617493,-0.4895312190055847,2.5975146293640137
1789634976866101800,21.467101806640624,-0.570430338382721,-0.5364366173744202,2.418215036392212
1789634976876141600,21.4771416015625,-0.5199099183082581,-0.5831783413887024,2.326493501663208
1789634976886180600,21.4871806640625,-0.531880795955658,-0.4981721341609955,2.313286542892456
1789634976896220700,21.497220703125,-0.6077039241790771,-0.3860778212547302,2.3048593997955322
1789634976906260700,21.5072607421875,-0.693830132484436,-0.36199918389320374,2.242105722427368
1789634976916299500,21.517299560546874,-0.8018447160720825,-0.3370099365711212,2.0966641902923584
1789634976926339600,21.527339599609373,-0.882857620716095,-0.2806350290775299,1.8886868953704834
1789634976936378600,21.537378662109376,-0.9026544690132141,-0.30189159512519836,1.6686559915542603
1789634976946418400,21.54741845703125,-0.8761608004570007,-0.3262462317943573,1.4495458602905273
1789634976956458500,21.55745849609375,-0.8273013830184937,-0.1632048487663269,1.2347749471664429
1789634976966497500,21.56749755859375,-0.7331053018569946,0.12754151225090027,1.0629323720932007
1789634976976537600,21.57753759765625,-0.5766435265541077,0.34679025411605835,0.9686121344566345
1789634976986576600,21.58757666015625,-0.45454269647598267,0.43797117471694946,0.9115098118782043
1789634976996616700,21.59761669921875,-0.41018375754356384,0.5302704572677612,0.8227498531341553
1789634977006656800,21.60765673828125,-0.407269686460495,0.7866357564926147,0.6784717440605164
1789634977016695800,21.61769580078125,-0.3560384511947632,1.1013716459274292,0.4885537624359131
1789634977026735600,21.627735595703125,-0.21814708411693573,1.2622259855270386,0.31650733947753906
1789634977036774700,21.637774658203124,-0.08207952976226807,1.2077022790908813,0.15422920882701874
1789634977046814700,21.647814697265623,0.09343210607767105,0.9062835574150085,-0.0024136551655828953
1789634977056854800,21.657854736328126,0.29911524057388306,0.46950143575668335,-0.18189872801303864
1789634977066893600,21.6678935546875,0.39330410957336426,0.26940450072288513,-0.40269720554351807
1789634977076933600,21.67793359375,0.41057977080345154,0.29541081190109253,-0.6032771468162537
1789634977086973700,21.6879736328125,0.4174424409866333,0.40480875968933105,-0.7116079926490784
1789634977097012700,21.6980126953125,0.39742639660835266,0.6362670660018921,-0.7617614269256592
1789634977107052500,21.708052490234376,0.411885142326355,0.8561965823173523,-0.77794349193573
1789634977117091600,21.718091552734375,0.47530966997146606,0.9618343710899353,-0.7514799237251282
1789634977127131600,21.728131591796874,0.5498548150062561,0.9432689547538757,-0.7186101675033569
1789634977137171700,21.738171630859377,0.5794031620025635,0.7950520515441895,-0.6908664107322693
1789634977147210500,21.74821044921875,0.600848376750946,0.6048439145088196,-0.702702522277832
1789634977157250600,21.75825048828125,0.6297026872634888,0.37849730253219604,-0.800879955291748
1789634977167289900,21.768289794921873,0.5818449258804321,0.17857587337493896,-0.974382221698761
1789634977177329700,21.77832958984375,0.541063129901886,0.20276802778244019,-1.1684523820877075
1789634977187369500,21.788369384765623,0.5655529499053955,0.25914251804351807,-1.3179477453231812
1789634977197408800,21.79840869140625,0.6211991906166077,0.2748684883117676,-1.3712024688720703
1789634977207448800,21.80844873046875,0.5731637477874756,0.3366003632545471,-1.3728097677230835
1789634977217487600,21.818487548828124,0.46801626682281494,0.39976200461387634,-1.4057930707931519
1789634977227527700,21.828527587890626,0.37594521045684814,0.4453505277633667,-1.4124765396118164
1789634977237567700,21.838567626953125,0.29440319538116455,0.5038958787918091,-1.3871394395828247
1789634977247606800,21.848606689453124,0.2488989531993866,0.6106037497520447,-1.3521021604537964
1789634977257646600,21.858646484375,0.2034451812505722,0.531679630279541,-1.3135156631469727
1789634977267685600,21.868685546875,0.1330948919057846,0.3776503801345825,-1.2457928657531738
1789634977277725700,21.8787255859375,0.13172470033168793,0.2191489040851593,-1.131916880607605
1789634977287765800,21.888765869140624,0.2805083990097046,-0.1148451417684555,-1.0445595979690552
1789634977297804500,21.898804443359374,0.42592179775238037,-0.42227059602737427,-1.0656787157058716
1789634977307844600,21.9088447265625,0.4623015820980072,-0.5802285671234131,-1.2562257051467896
1789634977317883600,21.918883544921876,0.44220295548439026,-0.6505341529846191,-1.5267424583435059
1789634977327923500,21.92892333984375,0.30598798394203186,-0.8030569553375244,-1.7440991401672363
1789634977337963500,21.938963623046874,0.11284035444259644,-0.6566222310066223,-1.7859658002853394
1789634977348002600,21.94900244140625,0.04834719002246857,-0.662142276763916,-1.7530280351638794
1789634977358042600,21.959042724609375,0.12434421479701996,-0.9235483407974243,-1.7420240640640259
1789634977368081700,21.96908154296875,0.20002979040145874,-0.9219509959220886,-1.74183988571167
1789634977378121700,21.979121826171873,0.2400544285774231,-0.7333459258079529,-1.8076300621032715
1789634977388161500,21.98916162109375,0.2550443112850189,-0.7033310532569885,-1.9601521492004395
1789634977398200800,21.999200927734375,0.17852449417114258,-0.6863059997558594,-2.164797067642212
1789634977408240600,22.00924072265625,0.09788208454847336,-0.8061160445213318,-2.334583044052124
1789634977418279700,22.01927978515625,0.0012977569131180644,-0.9963070154190063,-2.361332416534424
1789634977428319700,22.02931982421875,-0.09284352511167526,-1.0407589673995972,-2.302382707595825
1789634977438359800,22.03935986328125,-0.18833541870117188,-1.1236213445663452,-2.248886823654175
1789634977448398600,22.049398681640625,-0.33256760239601135,-1.0431557893753052,-2.206212282180786
1789634977458438700,22.059438720703124,-0.4178505539894104,-0.5586908459663391,-2.1655163764953613
1789634977468477700,22.069477783203126,-0.40313273668289185,-0.4192259907722473,-2.2631616592407227
1789634977478517500,22.079517578125,-0.39568760991096497,-0.4124535620212555,-2.431009531021118
1789634977488557600,22.0895576171875,-0.37489739060401917,-0.5617749094963074,-2.5772368907928467
1789634977498596600,22.0995966796875,-0.31033438444137573,-0.8413839340209961,-2.652348041534424
1789634977508636700,22.10963671875,-0.21483451128005981,-1.0238854885101318,-2.6302056312561035
1789634977518675500,22.119675537109377,-0.17642293870449066,-0.995093584060669,-2.4894657135009766
1789634977528715500,22.129715576171876,-0.17639005184173584,-0.9878982901573181,-2.3655121326446533
1789634977538755600,22.139755615234375,-0.21747170388698578,-0.9203283190727234,-2.2913317680358887
1789634977548794600,22.149794677734373,-0.2696167230606079,-0.7072291970252991,-2.197664499282837
1789634977558834400,22.15983447265625,-0.25377702713012695,-0.6401670575141907,-2.123795747756958
1789634977568873700,22.169873779296875,-0.21664345264434814,-0.7010980844497681,-2.1018176078796387
1789634977578913800,22.179913818359374,-0.12362989783287048,-0.5664260387420654,-2.0236804485321045
1789634977588953900,22.189953857421877,0.014908574521541595,-0.24966540932655334,-1.8673063516616821
1789634977598992600,22.19999267578125,0.12217005342245102,0.1768862009048462,-1.7069685459136963
1789634977609032700,22.21003271484375,0.18305626511573792,0.8050965666770935,-1.6073849201202393
1789634977619071700,22.22007177734375,0.24977724254131317,1.3354741334915161,-1.5106860399246216
1789634977629111600,22.230111572265624,0.1983036994934082,1.3822762966156006,-1.4066712856292725
1789634977639151600,22.240151611328123,0.10110551118850708,0.9854594469070435,-1.1689802408218384
1789634977649190700,22.250190673828126,-0.036788713186979294,0.6395813226699829,-0.696186900138855
1789634977659230700,22.260230712890625,-0.14835307002067566,0.5669049620628357,-0.1945786327123642
1789634977669270800,22.270270751953124,-0.2245943695306778,0.4435863196849823,0.13782384991645813
1789634977679309600,22.2803095703125,-0.2458578497171402,0.35864371061325073,0.4529876410961151
1789634977689349600,22.290349609375,-0.2813878357410431,0.25420165061950684,0.7029783725738525
1789634977699388700,22.300388671875,-0.3701467216014862,0.21659834682941437,0.8576992154121399
1789634977709428500,22.310428466796875,-0.4724161624908447,0.18261213600635529,1.077100157737732
1789634977719467500,22.320467529296874,-0.49311399459838867,0.12004223465919495,1.334049105644226
1789634977729506800,22.3305068359375,-0.4587503671646118,0.0676506757736206,1.576347827911377
1789634977739547000,22.340546875,-0.5068028569221497,0.014240984804928303,1.8535363674163818
1789634977749586000,22.3505859375,-0.6296436786651611,0.027000069618225098,2.217923402786255
1789634977759626000,22.3606259765625,-0.724686861038208,0.0389411523938179,2.5341055393218994
1789634977769664800,22.370664794921876,-0.6703429818153381,0.00305340439081192,2.644105911254883
1789634977779704800,22.380704833984375,-0.47407764196395874,-0.008751588873565197,2.5273563861846924
1789634977789745000,22.390744873046874,-0.2905538082122803,-0.014736032113432884,2.291592597961426
1789634977799783700,22.40078369140625,-0.2825736403465271,-0.07924045622348785,2.1624953746795654
1789634977809823700,22.41082373046875,-0.47556155920028687,-0.1254122406244278,2.298248291015625
1789634977819862800,22.42086279296875,-0.6240096092224121,-0.18915286660194397,2.680727243423462
1789634977829902800,22.43090283203125,-0.6303665041923523,-0.12466919422149658,3.1185760498046875
1789634977839942700,22.440942626953124,-0.5384570956230164,0.18514806032180786,3.3316256999969482
1789634977849981700,22.450981689453126,-0.36709460616111755,0.7016516327857971,3.173553705215454
1789634977860021800,22.461021728515625,-0.07742498815059662,1.0984810590744019,2.6595945358276367
1789634977870061800,22.471061767578124,0.20436155796051025,0.9524109363555908,2.00207781791687
1789634977880100600,22.4811005859375,0.3664111793041229,0.44554826617240906,1.4540537595748901
1789634977890140700,22.491140625,0.3458300828933716,0.014613866806030273,1.4160208702087402
1789634977900180000,22.501179931640625,0.10500655323266983,-0.2653826177120209,1.6805484294891357
1789634977910220000,22.511219970703124,-0.2609476149082184,-0.11300761997699738,1.990410327911377
1789634977920259800,22.521259765625,-0.4018027186393738,0.20668408274650574,2.2535293102264404
1789634977930299000,22.531298828125,-0.2693832218647003,0.31153184175491333,2.369645833969116
1789634977940339000,22.5413388671875,-0.09817500412464142,0.09732526540756226,2.327399730682373
1789634977950377700,22.551377685546875,0.015872834250330925,-0.14423531293869019,2.214406728744507
1789634977960417800,22.561417724609374,0.028869327157735825,-0.18795828521251678,2.1710877418518066
1789634977970457900,22.571457763671877,-0.038500383496284485,-0.17177391052246094,2.314635992050171
1789634977980497000,22.581496826171875,-0.20871418714523315,-0.1175045371055603,2.5395731925964355
1789634977990536700,22.59153662109375,-0.45996254682540894,-0.006442948244512081,2.686577320098877
1789634978000575700,22.60157568359375,-0.720793604850769,0.04348626360297203,2.691596269607544
1789634978010615800,22.61161572265625,-0.8769318461418152,0.022778373211622238,2.604905366897583
1789634978020654800,22.62165478515625,-0.8570942282676697,-0.2163388729095459,2.5138907432556152
1789634978030694700,22.631694580078126,-0.757323682308197,-0.5396354794502258,2.3973591327667236
1789634978040734700,22.641734619140625,-0.6672390103340149,-0.6928551197052002,2.260387420654297
1789634978050773800,22.651773681640623,-0.5566351413726807,-0.5440731644630432,2.1249148845672607
1789634978060813800,22.661813720703126,-0.4256422221660614,-0.2889769673347473,1.964560866355896
1789634978070852900,22.671852783203125,-0.29350513219833374,-0.09460236877202988,1.7700448036193848
1789634978080893000,22.681892822265624,-0.16758926212787628,0.0471009723842144,1.5606516599655151
1789634978090932700,22.6919326171875,-0.12587417662143707,0.24282142519950867,1.2915096282958984
1789634978100971800,22.7019716796875,-0.21171024441719055,0.3097517192363739,0.9727573990821838
1789634978111011800,22.71201171875,-0.308052122592926,0.2074601948261261,0.5962156057357788
1789634978121051000,22.72205078125,-0.26469266414642334,0.10759537667036057,0.27581360936164856
1789634978131091000,22.732091064453126,-0.16227473318576813,0.2669859826564789,0.03309931978583336
1789634978141131000,22.742131103515625,-0.05150133743882179,0.7266339659690857,-0.14189140498638153
1789634978151169800,22.752169677734376,-0.03816232830286026,1.3657573461532593,-0.3377656042575836
1789634978161209900,22.7622099609375,-0.05046400427818298,1.7668105363845825,-0.49747589230537415
1789634978171249000,22.772248779296874,-0.04014395922422409,1.8077595233917236,-0.5269715189933777
1789634978181288700,22.782288818359376,0.06499657779932022,1.5221458673477173,-0.43967896699905396
1789634978191328800,22.792328857421875,0.305074006319046,0.9582146406173706,-0.36093783378601074
1789634978201367800,22.802367919921874,0.3483487665653229,0.39345699548721313,-0.3895905315876007
1789634978211408000,22.812407958984377,0.2912902534008026,0.3517424464225769,-0.535001277923584
1789634978221447700,22.82244775390625,0.4014692008495331,0.256807416677475,-0.6699542999267578
1789634978231486700,22.83248681640625,0.4932681918144226,0.045862652361392975,-0.7601580023765564
1789634978241526800,22.84252685546875,0.49531272053718567,0.06465286016464233,-0.8338847160339355
1789634978251565600,22.852565673828124,0.48133665323257446,0.2698777914047241,-0.8411135077476501
1789634978261605600,22.862605712890623,0.42391782999038696,0.439008504152298,-0.8291889429092407
1789634978271645000,22.87264501953125,0.32919982075691223,0.4610377848148346,-0.839189887046814
1789634978281685000,22.88268505859375,0.22980263829231262,0.33659598231315613,-0.8703467845916748
1789634978291724800,22.892724853515624,0.168150395154953,0.2664353549480438,-0.9028660655021667
1789634978301763800,22.902763916015626,0.15059217810630798,0.26846787333488464,-0.9957778453826904
1789634978311804000,22.912803955078125,0.17027559876441956,0.36531224846839905,-1.115112543106079
1789634978321843000,22.922843017578124,0.21689796447753906,0.5070861577987671,-1.1962862014770508
1789634978331882800,22.9328828125,0.2807372212409973,0.37362462282180786,-1.2346720695495605
1789634978341922800,22.9429228515625,0.26140907406806946,0.1459624171257019,-1.1973718404769897
1789634978351961900,22.9529619140625,0.18073223531246185,0.016662273555994034,-1.1038066148757935
1789634978362002000,22.963001953125,0.11881879717111588,-0.012229560874402523,-1.0678062438964844
1789634978372040700,22.973040771484374,0.0023360939230769873,0.02082425355911255,-1.1289372444152832
1789634978382080800,22.983080810546873,-0.14362110197544098,0.0635773092508316,-1.2245186567306519
1789634978392120800,22.993120849609376,-0.11775962263345718,-0.04735229164361954,-1.2955340147018433
1789634978402159600,23.00315966796875,-0.018287094309926033,-0.15832701325416565,-1.3300349712371826
1789634978412199700,23.01319970703125,0.026672406122088432,-0.35554268956184387,-1.4394357204437256
1789634978422238700,23.02323876953125,0.04878250136971474,-0.9112578630447388,-1.5740201473236084
1789634978432278800,23.03327880859375,0.036776598542928696,-1.2610504627227783,-1.5805091857910156
1789634978442318800,23.04331884765625,0.008814737200737,-1.2317253351211548,-1.5055155754089355
1789634978452358000,23.05335791015625,0.01860261708498001,-1.0721957683563232,-1.492771029472351
1789634978462397700,23.063397705078124,0.05720993131399155,-0.8782632946968079,-1.5763682126998901
1789634978472437000,23.07343701171875,0.11032720655202866,-0.7452540993690491,-1.7550086975097656
1789634978482476800,23.083476806640626,0.14743249118328094,-0.6099817752838135,-1.9717988967895508
1789634978492516900,23.093516845703125,0.16230715811252594,-0.3318110704421997,-2.069098711013794
1789634978502556000,23.103555908203123,0.21653977036476135,-0.1840410679578781,-2.0622036457061768
1789634978512596000,23.113595947265626,0.27018430829048157,-0.31877753138542175,-2.035956621170044
1789634978522634800,23.123634765625,0.29238149523735046,-0.3821985721588135,-2.0253682136535645
1789634978532674800,23.1336748046875,0.2890872359275818,-0.41375732421875,-2.046938180923462
1789634978542715000,23.14371484375,0.22673915326595306,-0.4709188938140869,-2.034512519836426
1789634978552754000,23.15375390625,0.16808605194091797,-0.4780202805995941,-2.057347536087036
1789634978562793700,23.163793701171876,0.08405480533838272,-0.4251711666584015,-2.0466556549072266
1789634978572832800,23.173832763671875,-0.00663743307814002,-0.3738611042499542,-2.022522211074829
1789634978582872800,23.183872802734374,-0.0454639233648777,-0.5922714471817017,-2.1093010902404785
1789634978592913000,23.193912841796877,-0.0813378095626831,-0.7940549850463867,-2.2346792221069336
1789634978602951700,23.20395166015625,-0.0764104351401329,-0.7381448149681091,-2.342487096786499
1789634978612991700,23.21399169921875,-0.007115789223462343,-0.7411681413650513,-2.477113962173462
1789634978623030800,23.22403076171875,0.08618459850549698,-0.3880327641963959,-2.5149543285369873
1789634978633070600,23.234070556640624,0.1584569215774536,-0.30473628640174866,-2.460296630859375
1789634978643110700,23.244110595703123,0.21312884986400604,-0.4388352930545807,-2.3553035259246826
1789634978653150000,23.25414990234375,0.2415240854024887,-0.3772481083869934,-2.131263494491577
1789634978663190000,23.26418994140625,0.2417781502008438,-0.18137796223163605,-1.8417915105819702
1789634978673228800,23.274228759765624,0.22647248208522797,0.07830112427473068,-1.6287970542907715
1789634978683268900,23.284268798828126,0.25239330530166626,0.47236934304237366,-1.6162232160568237
1789634978693309000,23.294308837890625,0.32231882214546204,0.6485980749130249,-1.70430588722229
1789634978703348000,23.304347900390624,0.3402770459651947,0.3316856324672699,-1.7852632999420166
1789634978713387800,23.3143876953125,0.28299960494041443,-0.05207668989896774,-1.6737723350524902
1789634978723427000,23.324427001953126,0.22731024026870728,-0.07977009564638138,-1.3362858295440674
1789634978733467100,23.334467041015625,0.1347099393606186,0.04218967631459236,-0.9288731813430786
1789634978743507000,23.3445068359375,0.09579504281282425,0.24628476798534393,-0.5946773886680603
1789634978753546000,23.3545458984375,0.07901350408792496,0.48111382126808167,-0.3806098401546478
1789634978763586000,23.3645859375,0.04297667369246483,0.5044980049133301,-0.34831154346466064
1789634978773625000,23.374625,0.011171828955411911,0.2158726304769516,-0.3342650234699249
1789634978783665000,23.384664794921875,0.030510373413562775,-0.01113868411630392,-0.17077064514160156
1789634978793705000,23.394705078125,-0.01601227931678295,-0.17858994007110596,0.06346765160560608
1789634978803744000,23.404743896484376,-0.07517972588539124,-0.11403945088386536,0.2956734597682953
1789634978813784000,23.4147841796875,-0.10873176902532578,0.1511523723602295,0.48171088099479675
1789634978823822800,23.42482275390625,-0.11810210347175598,0.414985328912735,0.6399253010749817
1789634978833863000,23.43486279296875,-0.12294618785381317,0.5299123525619507,0.7780166268348694
1789634978843903000,23.444903076171876,-0.127292200922966,0.5524365305900574,0.9551720023155212
1789634978853942000,23.45494189453125,-0.1402033418416977,0.4912324845790863,1.1837228536605835
1789634978863982000,23.464982177734374,-0.17877256870269775,0.4679923951625824,1.3974719047546387
1789634978874021000,23.475021240234376,-0.27450600266456604,0.49457961320877075,1.6634392738342285
1789634978884061200,23.485061279296875,-0.37691575288772583,0.5814340710639954,2.064932346343994
1789634978894100000,23.495099853515626,-0.47767552733421326,0.7247210741043091,2.507884979248047
1789634978904140000,23.50514013671875,-0.49102726578712463,0.790607213973999,2.791759490966797
1789634978914180000,23.51518017578125,-0.39930522441864014,0.9757938981056213,2.8520729541778564
1789634978924219100,23.52521923828125,-0.2792467176914215,0.9598921537399292,2.7258198261260986
1789634978934259000,23.535259033203126,-0.22608491778373718,0.6390194296836853,2.5124635696411133
1789634978944298000,23.545298095703124,-0.23794770240783691,0.4589059054851532,2.4712183475494385
1789634978954338000,23.555338134765623,-0.3811103105545044,0.5242689847946167,2.673637628555298
1789634978964378000,23.565378173828126,-0.6017627716064453,0.5208617448806763,2.936387538909912
1789634978974417000,23.5754169921875,-0.770557165145874,0.4791021943092346,3.094045639038086
1789634978984457000,23.58545703125,-0.7834444642066956,0.4329075217247009,3.056381940841675
1789634978994496000,23.59549609375,-0.7076582908630371,0.41890403628349304,2.9174869060516357
1789634979004535800,23.605535888671874,-0.5197064876556396,0.45664581656455994,2.718597412109375
1789634979014575900,23.615575927734376,-0.16909199953079224,0.4906081557273865,2.4864604473114014
1789634979024615200,23.625615234375,0.1751554012298584,0.37888669967651367,2.330967903137207
1789634979034655000,23.635655029296874,0.37268030643463135,0.12002430856227875,2.309864044189453
1789634979044694000,23.645694091796877,0.32868194580078125,0.029707197099924088,2.460374355316162
1789634979054734000,23.655734130859376,0.13724277913570404,0.08867866545915604,2.759329319000244
1789634979064774100,23.665774169921875,-0.014957142062485218,0.10637324303388596,2.993149518966675
1789634979074813200,23.675813232421874,-0.08638228476047516,0.10519739985466003,3.007666826248169
1789634979084853000,23.68585302734375,-0.07104859501123428,0.0034609241411089897,2.777024984359741
1789634979094892000,23.69589208984375,0.024402659386396408,-0.3171323239803314,2.3975653648376465
1789634979104932000,23.70593212890625,0.08124064654111862,-0.614198625087738,2.1035566329956055
1789634979114972200,23.71597216796875,0.02843816764652729,-0.6043407320976257,2.0345370769500732
1789634979125011000,23.726010986328124,-0.050669699907302856,-0.40877872705459595,2.1334915161132812
1789634979135051000,23.736051025390626,-0.09444534033536911,-0.08792673051357269,2.2446858882904053
1789634979145090000,23.746090087890625,-0.14358732104301453,0.20779281854629517,2.2624199390411377
1789634979155129900,23.7561298828125,-0.19427070021629333,0.32896462082862854,2.167217493057251
1789634979165170000,23.766169921875,-0.18445828557014465,0.2013680338859558,1.956548810005188
1789634979175209000,23.776208984375,-0.06392370909452438,-0.14437295496463776,1.7167818546295166
1789634979185249000,23.7862490234375,0.08628310263156891,-0.37500590085983276,1.5510283708572388
1789634979195288000,23.7962880859375,0.2051602154970169,-0.24207554757595062,1.4816977977752686
1789634979205328000,23.806327880859374,0.3015863597393036,0.17862001061439514,1.4208873510360718
1789634979215367200,23.8163671875,0.33375632762908936,0.4943021535873413,1.2935261726379395
1789634979225407200,23.8264072265625,0.25470200181007385,0.42729809880256653,1.044895052909851
1789634979235447000,23.836447021484375,0.06902903318405151,0.015828588977456093,0.6918554306030273
1789634979245486000,23.846486083984374,-0.08599383383989334,-0.27028757333755493,0.29818296432495117
1789634979255526100,23.856526123046876,-0.1666983962059021,-0.04370206221938133,-0.05124010890722275
1789634979265565000,23.86656494140625,-0.12203532457351685,0.4091394245624542,-0.28872376680374146
1789634979275605000,23.87660498046875,0.009415085427463055,0.6909213662147522,-0.40263909101486206
1789634979285645000,23.88664501953125,0.054102394729852676,0.8775449991226196,-0.47141149640083313
1789634979295684000,23.89668408203125,0.06649141758680344,0.9725427627563477,-0.5639073848724365
1789634979305724000,23.906723876953127,0.07823275774717331,0.9472193121910095,-0.6778730750083923
1789634979315763000,23.916762939453125,0.11997328698635101,0.6716669797897339,-0.7731340527534485
1789634979325803000,23.926802978515624,0.18493284285068512,0.2583709955215454,-0.8256915211677551
1789634979335843000,23.936843017578123,0.233369380235672,0.05812124162912369,-0.8479726314544678
1789634979345881900,23.9468818359375,0.2435692846775055,0.06461641937494278,-0.8585427403450012
1789634979355922000,23.956921875,0.18231193721294403,0.03640599921345711,-0.8904126286506653
1789634979365961000,23.9669609375,0.09334158152341843,0.03511703014373779,-0.918450117111206
1789634979376001000,23.9770009765625,0.08267807960510254,-0.02693517506122589,-0.9160938858985901
1789634979386040800,23.987040771484374,0.13087011873722076,-0.07483692467212677,-0.8360126614570618
1789634979396080000,23.997080078125,0.1630689650774002,0.185934916138649,-0.7985947728157043
1789634979406120000,24.007119873046875,0.15616604685783386,0.48479539155960083,-0.8354902267456055
1789634979416159000,24.017158935546874,0.10281702876091003,0.644141435623169,-0.9690560102462769
1789634979426199000,24.027198974609377,0.010924658738076687,0.764671802520752,-1.1506223678588867
1789634979436239000,24.037239013671876,-0.02721020206809044,0.6953314542770386,-1.290045976638794
1789634979446278100,24.047278076171875,-0.012315142899751663,0.38733476400375366,-1.3358099460601807
1789634979456318000,24.05731787109375,0.05653523653745651,0.11938510090112686,-1.3143216371536255
1789634979466357000,24.06735693359375,0.09197099506855011,0.12833333015441895,-1.297404170036316
1789634979476397000,24.07739697265625,0.15093575417995453,0.23646913468837738,-1.3351082801818848
1789634979486436000,24.08743603515625,0.13793180882930756,0.2724534869194031,-1.4292099475860596
1789634979496476000,24.097475830078125,0.06076835095882416,0.15333972871303558,-1.5853567123413086
1789634979506516000,24.107515869140624,0.05885140970349312,-0.3095884919166565,-1.7597373723983765
1789634979516555000,24.117554931640626,0.12140244245529175,-0.7357663512229919,-1.9675596952438354
1789634979526595000,24.127594970703125,0.1809491217136383,-0.7130876183509827,-2.1634280681610107
1789634979536633900,24.1376337890625,0.17817029356956482,-0.43473169207572937,-2.283344030380249
1789634979546674000,24.147673828125,0.10297302156686783,-0.11643175780773163,-2.3032219409942627
1789634979556714000,24.1577138671875,0.06247211992740631,0.12890462577342987,-2.1950485706329346
1789634979566753000,24.1677529296875,0.09804902970790863,0.060800932347774506,-2.0002479553222656
1789634979576792800,24.177792724609375,0.19813640415668488,-0.3249397873878479,-1.859378457069397
1789634979586832100,24.18783203125,0.3646864891052246,-0.6397249102592468,-1.8784242868423462
1789634979596872200,24.1978720703125,0.43839022517204285,-0.7368239760398865,-2.0121042728424072
1789634979606912300,24.207912353515624,0.4546948969364166,-0.9410487413406372,-2.2587850093841553
1789634979616951000,24.217950927734375,0.4460737705230713,-1.207155466079712,-2.465566873550415
1789634979626991000,24.2279912109375,0.38805973529815674,-1.2699583768844604,-2.5024454593658447
1789634979637030100,24.238030029296876,0.30375298857688904,-1.1963533163070679,-2.431917190551758
1789634979647070000,24.248070068359375,0.18829989433288574,-1.1810494661331177,-2.347411632537842
1789634979657110000,24.258110107421874,0.09024659544229507,-1.029473900794983,-2.2914845943450928
1789634979667149000,24.268149169921877,0.068182572722435,-0.8132792115211487,-2.2598981857299805
1789634979677189000,24.278189208984376,0.11069513857364655,-0.8297049403190613,-2.264387607574463
1789634979687228000,24.288227783203126,0.20137017965316772,-1.05203115940094,-2.320148468017578
1789634979697268000,24.29826806640625,0.22959832847118378,-1.2430394887924194,-2.3592660427093506
1789634979707308000,24.30830810546875,0.17948375642299652,-1.3274564743041992,-2.4052371978759766
1789634979717346800,24.318346923828123,0.10498033463954926,-1.1106252670288086,-2.4159421920776367
1789634979727387600,24.3283876953125,0.13731670379638672,-0.530707597732544,-2.275958776473999
1789634979737426700,24.3384267578125,0.2720412015914917,-0.2639578878879547,-2.116556167602539
1789634979747466500,24.348466552734376,0.43099889159202576,-0.24841435253620148,-2.0600905418395996
1789634979757505500,24.358505615234375,0.44485950469970703,-0.1391158103942871,-2.068143606185913
1789634979767545600,24.368545654296874,0.35112902522087097,-0.06787970662117004,-2.082183599472046
1789634979777585700,24.378585693359376,0.24712008237838745,-0.06490269303321838,-1.9857648611068726
1789634979787624700,24.388624755859375,0.16784922778606415,-0.027311105281114578,-1.8105711936950684
1789634979797664800,24.398664794921874,0.08942603319883347,-0.07995474338531494,-1.5494859218597412
1789634979807703800,24.408703857421877,-0.0035321302711963654,-0.13149064779281616,-1.3362324237823486
1789634979817743600,24.41874365234375,-0.19228021800518036,-0.1773456186056137,-1.1164908409118652
1789634979827783700,24.42878369140625,-0.30635589361190796,0.0736626535654068,-0.9513152241706848
1789634979837822700,24.43882275390625,-0.2550581693649292,0.21081705391407013,-0.8903146386146545
1789634979847862800,24.44886279296875,-0.1539565622806549,0.20886895060539246,-0.8088858127593994
1789634979857901600,24.458901611328123,-0.1075020432472229,0.07107944041490555,-0.5897353887557983
1789634979867941600,24.468941650390626,-0.0883893370628357,0.03412887454032898,-0.2949279546737671
1789634979877981700,24.478981689453125,-0.08828054368495941,0.16150419414043427,-0.032083671540021896
1789634979888020700,24.489020751953124,-0.14752496778964996,0.2722086012363434,0.221901997923851
1789634979898060500,24.499060546875,-0.171550452709198,0.2939865291118622,0.44266730546951294
1789634979908099600,24.509099609375,-0.17057760059833527,0.18658709526062012,0.5340605974197388
1789634979918139600,24.5191396484375,-0.18447065353393555,0.015607018955051899,0.6035411357879639
1789634979928179700,24.5291796875,-0.25184065103530884,-0.09166590869426727,0.721882700920105
1789634979938218500,24.539218505859374,-0.3474661111831665,-0.08854196220636368,0.8739155530929565
1789634979948258600,24.549258544921877,-0.3845285177230835,0.13953328132629395,1.0650343894958496
1789634979958297900,24.5592978515625,-0.35195639729499817,0.40194904804229736,1.2140179872512817
1789634979968337400,24.56933740234375,-0.30151188373565674,0.575089156627655,1.3550050258636475
1789634979978376700,24.579376708984373,-0.20978836715221405,0.6814319491386414,1.5596576929092407
1789634979988416800,24.589416748046876,-0.15474241971969604,0.8918400406837463,1.8509446382522583
1789634979998456800,24.599456787109375,-0.12430901825428009,0.9458167552947998,2.1301190853118896
1789634980008495600,24.60949560546875,-0.18749970197677612,0.951770544052124,2.3639674186706543
1789634980018535700,24.61953564453125,-0.2940140962600708,1.0119116306304932,2.600788116455078
1789634980028574700,24.62957470703125,-0.36426857113838196,0.9498599767684937,2.7661476135253906
1789634980038614800,24.63961474609375,-0.3169799745082855,0.7210959792137146,2.754040002822876
1789634980048654600,24.649654541015625,-0.230254128575325,0.6861339807510376,2.655190944671631
1789634980058693600,24.659693603515624,-0.1769573986530304,0.7166242599487305,2.5507113933563232
1789634980068733700,24.669733642578127,-0.2051570862531662,0.5738005042076111,2.555536985397339
1789634980078772500,24.6797724609375,-0.29030999541282654,0.3628954589366913,2.7563910484313965
1789634980088812500,24.6898125,-0.3376956284046173,0.26486238837242126,2.9992659091949463
1789634980098852600,24.6998525390625,-0.26554933190345764,0.2395918071269989,3.1299946308135986
1789634980108891600,24.7098916015625,-0.14445486664772034,0.23650307953357697,3.1745781898498535
1789634980118931500,24.719931396484377,-0.0936492457985878,0.3573548197746277,3.1779983043670654
1789634980128970500,24.729970458984376,-0.05989181995391846,0.31715601682662964,3.0745506286621094
1789634980139010600,24.740010498046875,-0.0011312905699014664,-0.02350931614637375,2.854879856109619
1789634980149050600,24.750050537109374,-0.0007824162021279335,-0.3284692168235779,2.6319656372070312
1789634980159089700,24.760089599609376,-0.07444228231906891,-0.3717508912086487,2.5500128269195557
1789634980169129700,24.770129638671875,-0.1507173478603363,-0.2659118175506592,2.5451457500457764
1789634980179168800,24.780168701171874,-0.2932717800140381,-0.23377467691898346,2.5238773822784424
1789634980189208800,24.790208740234377,-0.4372193515300751,-0.4119074046611786,2.470141887664795
1789634980199247600,24.80024755859375,-0.5216743350028992,-0.7774375677108765,2.4733853340148926
1789634980209287700,24.81028759765625,-0.606342077255249,-0.819766104221344,2.649017572402954
1789634980219327700,24.82032763671875,-0.667827844619751,-0.4508914351463318,2.910350799560547
1789634980229366500,24.830366455078124,-0.6595968008041382,0.028082355856895447,3.0810232162475586
1789634980239406600,24.840406494140623,-0.5873690247535706,0.40399107336997986,3.019087314605713
1789634980249445600,24.850445556640626,-0.43973085284233093,0.6462087631225586,2.7153878211975098
1789634980259485700,24.860485595703125,-0.23352232575416565,0.7341644763946533,2.2384462356567383
1789634980269525500,24.870525390625,0.0014979110565036535,0.365978479385376,1.776424765586853
1789634980279564500,24.880564453125,0.16754955053329468,-0.3476037383079529,1.487593173980713
1789634980289604600,24.8906044921875,0.24682173132896423,-0.6596827507019043,1.3580557107925415
1789634980299643600,24.9006435546875,0.2524741291999817,-0.5445427894592285,1.3144787549972534
1789634980309683500,24.910683349609375,0.19668784737586975,-0.3975358009338379,1.2334070205688477
1789634980319723500,24.9207236328125,0.12481609731912613,-0.42594215273857117,1.0791882276535034
1789634980329762800,24.9307626953125,0.003985817544162273,-0.29466482996940613,0.8897050619125366
1789634980339802600,24.940802734375,-0.0876971185207367,-0.09484045207500458,0.6687790751457214
1789634980349841700,24.950841552734374,-0.05734853446483612,0.0845298320055008,0.396938294172287
1789634980359881700,24.9608818359375,-0.11138145625591278,0.29244670271873474,0.025434957817196846
1789634980369920800,24.970920654296876,-0.18898703157901764,0.44948798418045044,-0.3540756106376648
1789634980379960600,24.980960693359375,-0.23525169491767883,0.5329793095588684,-0.6268584132194519
1789634980390000600,24.991000732421874,-0.21486839652061462,0.7039574384689331,-0.7906396389007568
1789634980400039700,25.001039794921876,-0.12906265258789062,0.8817161917686462,-0.838805615901947
1789634980410079700,25.011079833984375,-0.022670166566967964,0.9887044429779053,-0.7804182171821594
1789634980420118500,25.021118408203126,0.11540638655424118,0.9758599400520325,-0.6769428253173828
1789634980430158600,25.03115869140625,0.2257869690656662,0.6342261433601379,-0.5952567458152771
1789634980440198700,25.04119873046875,0.18557734787464142,0.18419474363327026,-0.6602542400360107
1789634980450237700,25.05123779296875,0.0766812264919281,-0.02419174835085869,-0.8400660753250122
1789634980460277500,25.061277587890626,0.01989133656024933,-0.15533733367919922,-1.0566534996032715
1789634980470316500,25.071316650390624,-0.015752945095300674,-0.2407132238149643,-1.252680778503418
1789634980480356600,25.081356689453123,-0.06560008972883224,-0.13225746154785156,-1.3631489276885986
1789634980490396700,25.091396728515626,-0.10894649475812912,0.2743409276008606,-1.3195903301239014
1789634980500435700,25.101435791015625,-0.08073407411575317,0.6400617957115173,-1.1220823526382446
1789634980510475500,25.1114755859375,0.015669692307710648,0.9807365536689758,-0.8563044667243958
1789634980520514800,25.121514892578126,0.10734671354293823,1.2631969451904297,-0.6852766275405884
1789634980530554600,25.1315546875,0.18997128307819366,1.1441117525100708,-0.7077997326850891
1789634980540593700,25.14159375,0.2510947585105896,0.527194619178772,-0.8528687357902527
1789634980550633700,25.1516337890625,0.28739336133003235,-0.2867126762866974,-1.0213227272033691
1789634980560673800,25.161673828125,0.31315621733665466,-0.8978945016860962,-1.1929436922073364
1789634980570712600,25.171712646484377,0.30446097254753113,-0.972991406917572,-1.4208415746688843
1789634980580752600,25.181752685546876,0.17897924780845642,-0.3992507755756378,-1.7765692472457886
1789634980590791700,25.191791748046874,-0.07507754117250443,0.49199527502059937,-2.064608335494995
1789634980600831700,25.201831787109374,-0.350548654794693,1.132662296295166,-2.0019900798797607
1789634980610871600,25.21187158203125,-0.4286770224571228,1.2763590812683105,-1.64939284324646
1789634980620910600,25.22191064453125,-0.27631428837776184,0.7484689354896545,-1.3844261169433594
1789634980630950700,25.23195068359375,-0.14175647497177124,-0.07709255814552307,-1.4544262886047363
1789634980640989400,25.241989501953125,0.01567368023097515,-0.4661528766155243,-1.6273894309997559
1789634980651029500,25.252029541015624,0.16610312461853027,-0.43722134828567505,-1.7503267526626587
1789634980661068800,25.26206884765625,0.16602973639965057,-0.43322813510894775,-1.848148226737976
1789634980671108600,25.272108642578125,0.12626421451568604,-0.5317488312721252,-1.8821296691894531
1789634980681148400,25.2821484375,0.1325186938047409,-0.7667236924171448,-1.8513613939285278
1789634980691187700,25.292187744140627,0.16582071781158447,-0.9619265198707581,-1.8147674798965454
1789634980701227800,25.302227783203126,0.22305501997470856,-1.1952613592147827,-1.8539239168167114
1789634980711266800,25.312266845703125,0.24990154802799225,-1.3220515251159668,-1.9681954383850098
1789634980721306600,25.322306640625,0.24539251625537872,-1.181766390800476,-2.037161350250244
1789634980731346200,25.33234619140625,0.19473998248577118,-0.9631499648094177,-2.052870988845825
1789634980741385000,25.342385009765625,0.1394522339105606,-0.9855107665061951,-2.1590323448181152
1789634980751425000,25.352425048828124,0.07787436246871948,-1.2355059385299683,-2.2994565963745117
1789634980761464000,25.362464111328126,-0.04808420687913895,-1.251161813735962,-2.379810333251953
1789634980771503900,25.37250390625,-0.11527975648641586,-0.7153511047363281,-2.3785345554351807
1789634980781544000,25.3825439453125,-0.07571960985660553,-0.04441268369555473,-2.2730677127838135
1789634980791583000,25.3925830078125,0.06303028017282486,0.07428599894046783,-2.1984102725982666
1789634980801623000,25.402623046875,0.20393162965774536,-0.4014833867549896,-2.2472968101501465
1789634980811662000,25.412662109375,0.3603886067867279,-0.5008286237716675,-2.365257501602173
1789634980821702000,25.422701904296876,0.44181933999061584,-0.3737061321735382,-2.521989107131958
1789634980831741200,25.4327412109375,0.4035097658634186,-0.17158524692058563,-2.6163272857666016
1789634980841781000,25.442781005859374,0.3556031584739685,0.04314349964261055,-2.569798231124878
1789634980851821000,25.452821044921876,0.3843437135219574,-0.0829145684838295,-2.5002293586730957
1789634980861860000,25.462860107421875,0.39861005544662476,-0.4730910062789917,-2.3617353439331055
1789634980871900200,25.472900146484374,0.21654199063777924,-0.721950888633728,-2.049769401550293
1789634980881939000,25.48293896484375,-0.050228290259838104,-0.6762298345565796,-1.759917140007019
1789634980891979000,25.49297900390625,-0.2540128231048584,-0.36730846762657166,-1.6030089855194092
1789634980902019000,25.50301904296875,-0.35014623403549194,-0.30565178394317627,-1.5283845663070679
1789634980912058000,25.51305810546875,-0.37439218163490295,-0.3048025071620941,-1.4297418594360352
1789634980922098000,25.523097900390624,-0.25906625390052795,-0.1680440902709961,-1.3814282417297363
1789634980932137000,25.533136962890627,-0.024157851934432983,0.08678021281957626,-1.3029181957244873
1789634980942177000,25.543177001953126,0.1363358199596405,0.265853613615036,-1.1043673753738403
1789634980952215800,25.5532158203125,0.2477092295885086,0.29992422461509705,-0.8449810743331909
1789634980962256000,25.563255859375,0.29973557591438293,0.2141360193490982,-0.6181430220603943
1789634980972296000,25.5732958984375,0.1612221747636795,0.052304770797491074,-0.33851590752601624
1789634980982335000,25.5833349609375,-0.023091468960046768,0.037561919540166855,-0.03158015385270119
1789634980992375000,25.593375,-0.13176734745502472,0.05391798913478851,0.12711335718631744
1789634981002414000,25.6034140625,-0.19283068180084229,0.005980931222438812,0.20876282453536987
1789634981012454100,25.6134541015625,-0.19328396022319794,-0.03724350407719612,0.2911807596683502
1789634981022494000,25.623493896484376,-0.15564142167568207,-0.030122244730591774,0.37479543685913086
1789634981032533000,25.633532958984375,-0.140176460146904,-0.0576057992875576,0.4484805762767792
1789634981042573000,25.643572998046874,-0.12413378059864044,0.08703790605068207,0.6190929412841797
1789634981052612000,25.653612060546877,-0.09290848672389984,0.39149102568626404,0.8616936206817627
1789634981062652200,25.663652099609376,-0.0456744022667408,0.6716305613517761,1.1091053485870361
1789634981072692000,25.67369189453125,-0.03173542022705078,0.8460670709609985,1.413346529006958
1789634981082731000,25.68373095703125,-0.04353013634681702,1.0703046321868896,1.7986912727355957
1789634981092771000,25.69377099609375,-0.04920346662402153,1.2493544816970825,2.0705857276916504
1789634981102809900,25.703809814453123,-0.05996192246675491,1.1792395114898682,2.126970052719116
1789634981112850000,25.713849853515626,-0.13342547416687012,0.7428541779518127,2.118865966796875
1789634981122889000,25.723888916015625,-0.2169429063796997,0.3096059262752533,2.232640266418457
1789634981132929000,25.733928955078124,-0.26418790221214294,0.28072208166122437,2.4535350799560547
1789634981142969000,25.743968994140626,-0.3671548366546631,0.5455621480941772,2.688533306121826
1789634981153007900,25.7540078125,-0.5064855813980103,0.7358577847480774,2.820373058319092
1789634981163048000,25.7640478515625,-0.5172585248947144,0.6813262104988098,2.7754056453704834
1789634981173087200,25.774087158203123,-0.29331040382385254,0.33634859323501587,2.5836329460144043
1789634981183127000,25.784126953125,-0.08876212686300278,0.14442087709903717,2.507413148880005
1789634981193166800,25.794166748046877,-0.07353230565786362,0.4844847023487091,2.7680859565734863
1789634981203206100,25.8042060546875,-0.110712431371212,0.7289162874221802,3.1193838119506836
1789634981213246200,25.81424609375,-0.1437365710735321,0.5895146727561951,3.3117072582244873
1789634981223285000,25.824284912109373,-0.22987058758735657,0.4419021010398865,3.292529821395874
1789634981233325000,25.834324951171876,-0.2543192207813263,0.32289981842041016,3.0472846031188965
1789634981243364000,25.844364013671875,-0.1892017275094986,0.12070851773023605,2.7325472831726074
1789634981253404000,25.85440380859375,-0.15822704136371613,0.058862462639808655,2.5198817253112793
1789634981263444000,25.86444384765625,-0.020144617184996605,-0.15750308334827423,2.4080045223236084
1789634981273483000,25.87448291015625,0.1673981249332428,-0.5283865928649902,2.3872740268707275
1789634981283523000,25.884523193359374,0.15017281472682953,-0.48106491565704346,2.530433177947998
1789634981293561900,25.894561767578125,-0.025966525077819824,-0.014134756289422512,2.767017126083374
1789634981303602000,25.904601806640624,-0.19103555381298065,0.3196418583393097,2.869098663330078
1789634981313642000,25.91464208984375,-0.27306997776031494,0.2647503912448883,2.7471258640289307
1789634981323681000,25.924680908203126,-0.25911569595336914,-0.02058899775147438,2.473846435546875
1789634981333720800,25.934720947265625,-0.15968899428844452,-0.4415673613548279,2.15461802482605
1789634981343760100,25.944760009765623,-0.06604962795972824,-0.6594981551170349,1.8898035287857056
1789634981353800000,25.954800048828126,-0.047983281314373016,-0.5530678033828735,1.7125555276870728
1789634981363839000,25.9648388671875,-0.11273737251758575,-0.3294258713722229,1.6104307174682617
1789634981373879000,25.974879150390624,-0.2437012493610382,-0.08057929575443268,1.567517638206482
1789634981383919000,25.984919189453127,-0.32621878385543823,0.16070391237735748,1.5280218124389648
1789634981393958100,25.994958251953125,-0.34357672929763794,0.32964369654655457,1.482513427734375
1789634981403998000,26.004998046875,-0.26541098952293396,0.3833763301372528,1.4504286050796509
1789634981414037000,26.015037109375,-0.10363805294036865,0.34173595905303955,1.4536432027816772
1789634981424077000,26.0250771484375,0.13015960156917572,0.23126427829265594,1.4511018991470337
1789634981434117000,26.0351171875,0.3710686266422272,0.06821810454130173,1.3266263008117676
1789634981444156000,26.045156005859376,0.42708903551101685,0.12195882201194763,1.0531580448150635
1789634981454196000,26.055196044921875,0.273796409368515,0.5205405354499817,0.6685689091682434
1789634981464235000,26.065235107421874,0.16833779215812683,0.561462938785553,0.330814927816391
1789634981474275000,26.075275146484376,0.27141302824020386,0.05747590959072113,0.0570334754884243
1789634981484313900,26.08531396484375,0.2965199053287506,-0.36487796902656555,-0.15987536311149597
1789634981494354000,26.09535400390625,0.231838658452034,-0.26270925998687744,-0.31188592314720154
1789634981504394000,26.10539404296875,0.2520451843738556,-0.10241617262363434,-0.40348944067955017
1789634981514433000,26.11543310546875,0.22258664667606354,-0.03515883907675743,-0.4889529347419739
1789634981524472800,26.125472900390626,0.08235109597444534,0.06294874101877213,-0.6239026188850403
1789634981534512000,26.13551220703125,-0.003132646670565009,-0.07138589024543762,-0.7373722195625305
1789634981544552200,26.14555224609375,-0.03003787249326706,-0.158394917845726,-0.799345850944519
1789634981554592300,26.15559228515625,-0.04345354810357094,0.0692443698644638,-0.8299961686134338
1789634981564631000,26.165631103515626,0.028066257014870644,0.48456525802612305,-0.7843777537345886
1789634981574671000,26.175671142578125,0.12381994724273682,0.8164081573486328,-0.6715537309646606
1789634981584710100,26.185710205078124,0.22162829339504242,1.2473959922790527,-0.6618518829345703
1789634981594750000,26.19575,0.3374166786670685,1.4852855205535889,-0.7288636565208435
1789634981604789000,26.2057890625,0.48920938372612,0.9981812834739685,-0.7384681105613708
1789634981614829000,26.2158291015625,0.6336027979850769,-0.13530108332633972,-0.7799066305160522
1789634981624869000,26.225869140625,0.6802548170089722,-1.1721702814102173,-0.9439331293106079
1789634981634908000,26.235907958984374,0.5789905190467834,-1.6804226636886597,-1.129777193069458
1789634981644948000,26.245947998046876,0.3605899214744568,-1.5940101146697998,-1.2602463960647583
1789634981654987000,26.255987060546875,0.1326211839914322,-0.9866308569908142,-1.2904990911483765
1789634981665026800,26.26602685546875,-0.07748248428106308,-0.13458697497844696,-1.241668462753296
1789634981675067000,26.27606689453125,-0.21939247846603394,0.5377485156059265,-1.1961328983306885
1789634981685106000,26.28610595703125,-0.24813230335712433,0.862790048122406,-1.225242257118225
1789634981695146000,26.29614599609375,-0.20937693119049072,0.922267496585846,-1.3686425685882568
1789634981705185000,26.30618505859375,-0.1963232308626175,0.7969267964363098,-1.597419261932373
1789634981715225000,26.31622509765625,-0.1615716516971588,0.5657013058662415,-1.8171532154083252
1789634981725265000,26.326264892578124,-0.03370533138513565,0.18857358396053314,-1.9118332862854004
1789634981735305000,26.336304931640626,0.18077367544174194,-0.2390483170747757,-1.9775584936141968
1789634981745344800,26.3463447265625,0.45933961868286133,-0.523027777671814,-2.1100971698760986
1789634981755383800,26.3563837890625,0.666092038154602,-0.5059691667556763,-2.2701988220214844
1789634981765423900,26.366423828125,0.7059165835380554,-0.28973332047462463,-2.3910083770751953
1789634981775463000,26.376462890625,0.5950976610183716,-0.377463161945343,-2.4638092517852783
1789634981785502700,26.386502685546876,0.35913407802581787,-0.5916541218757629,-2.443502187728882
1789634981795542800,26.396542724609375,0.1596473604440689,-0.640432596206665,-2.344905138015747
1789634981805581800,26.406581787109374,0.030683869495987892,-0.7089089155197144,-2.2028188705444336
1789634981815622000,26.416621826171873,-0.05380704626441002,-0.655956506729126,-2.055277109146118
1789634981825660700,26.42666064453125,-0.09281153231859207,-0.3265097439289093,-2.0079185962677
1789634981835700700,26.43670068359375,-0.06926732510328293,-0.1454925388097763,-2.001217842102051
1789634981845739800,26.44673974609375,0.013728735968470573,-0.47284507751464844,-2.072361469268799
1789634981855779600,26.456779541015624,0.18304826319217682,-0.5475795269012451,-2.2204067707061768
1789634981865819600,26.466819580078123,0.3703346252441406,-0.16317929327487946,-2.286531448364258
1789634981875858700,26.476858642578126,0.548814058303833,-0.13635993003845215,-2.363199234008789
1789634981885898800,26.486898681640625,0.5474277138710022,-0.3765559196472168,-2.33579158782959
1789634981895937800,26.496937744140624,0.37867918610572815,-0.5060665011405945,-2.1307106018066406
1789634981905977600,26.5069775390625,0.14856494963169098,-0.5367754101753235,-1.894818902015686
1789634981916017700,26.517017578125,-0.10998164862394333,-0.5354981422424316,-1.6830949783325195
1789634981926057000,26.527056884765624,-0.2787608206272125,-0.6367954015731812,-1.573836088180542
1789634981936096800,26.5370966796875,-0.3458096385002136,-0.7797046303749084,-1.6060621738433838
1789634981946135800,26.5471357421875,-0.31308239698410034,-0.38031890988349915,-1.584747076034546
1789634981956176000,26.55717578125,-0.21237067878246307,-0.40037089586257935,-1.6519333124160767
1789634981966214700,26.567214599609375,-0.05470787361264229,-0.82010418176651,-1.8398116827011108
1789634981976254700,26.577254638671874,0.13860833644866943,-0.9202867150306702,-1.9085088968276978
1789634981986294800,26.587294677734373,0.23326969146728516,-0.8476741313934326,-1.8082038164138794
1789634981996333800,26.597333740234376,0.21054387092590332,-0.5200461745262146,-1.6390533447265625
1789634982006374000,26.607373779296875,0.1602797657251358,-0.08845967799425125,-1.4917863607406616
1789634982016412700,26.61741259765625,0.08156071603298187,0.13606317341327667,-1.3909705877304077
1789634982026452700,26.62745263671875,-0.010418475605547428,0.10468021780252457,-1.3510276079177856
1789634982036492800,26.637492919921876,-0.02514202706515789,0.03826791048049927,-1.294271469116211
1789634982046531600,26.647531494140626,0.002356479177251458,-0.0641091987490654,-1.1708685159683228
1789634982056571600,26.657571533203125,-0.027913009747862816,-0.085677869617939,-1.020525574684143
1789634982066610700,26.667610595703124,-0.08521845936775208,-0.039692144840955734,-0.8373752236366272
1789634982076650800,26.677650634765627,-0.10758554935455322,-0.0626765564084053,-0.72104412317276
1789634982086689800,26.687689697265625,-0.12301243841648102,-0.04681888222694397,-0.6268373727798462
1789634982096729900,26.697729736328125,-0.06569348275661469,0.2699255347251892,-0.47023025155067444
1789634982106770000,26.70777001953125,0.0831097662448883,0.5149595141410828,-0.348714679479599
1789634982116808700,26.71780859375,0.22768744826316833,0.715767502784729,-0.20203150808811188
1789634982126848800,26.727848876953125,0.32363659143447876,0.744509220123291,0.004614566452801228
1789634982136887800,26.7378876953125,0.3508964478969574,0.5373070240020752,0.30170243978500366
1789634982146927900,26.747927978515627,0.27244800329208374,0.2777935564517975,0.7132743000984192
1789634982156966700,26.757966552734374,0.0695825070142746,0.23610737919807434,1.1185922622680664
1789634982167006700,26.7680068359375,-0.09890011698007584,0.4786003828048706,1.3589460849761963
1789634982177046800,26.778046875,-0.19353261590003967,0.5951722860336304,1.4310591220855713
1789634982187085800,26.7880859375,-0.1655457466840744,0.2799851894378662,1.4026132822036743
1789634982197125600,26.798125732421877,-0.012147399596869946,0.04879298806190491,1.38530695438385
1789634982207164700,26.80816455078125,0.04479619860649109,0.178767129778862,1.336798906326294
1789634982217204700,26.818204833984375,-0.03139550983905792,0.42399871349334717,1.4211134910583496
1789634982227244800,26.828244873046874,-0.16966216266155243,0.4809073507785797,1.779828667640686
1789634982237283600,26.83828369140625,-0.37182432413101196,0.7589679956436157,2.3419418334960938
1789634982247323600,26.84832373046875,-0.5577516555786133,1.0261175632476807,2.7749361991882324
1789634982257363000,26.858363037109374,-0.5620827674865723,0.9508121609687805,2.9191606044769287
1789634982267402800,26.86840283203125,-0.3894813656806946,0.6984672546386719,2.9105913639068604
1789634982277441800,26.87844189453125,-0.24307435750961304,0.7166318893432617,2.8956568241119385
1789634982287481900,26.88848193359375,-0.13151592016220093,0.7412760853767395,2.7594900131225586
1789634982297522000,26.89852197265625,-0.10094203054904938,0.627585768699646,2.6091856956481934
1789634982307560700,26.908560791015624,-0.23058170080184937,0.5024458169937134,2.737799882888794
1789634982317600800,26.918600830078127,-0.4739301800727844,0.4823157787322998,3.107927083969116
1789634982327639800,26.928639892578126,-0.6197059750556946,0.34952110052108765,3.428657054901123
1789634982337680000,26.938679931640625,-0.593819797039032,0.0709294006228447,3.5005972385406494
1789634982347719700,26.9487197265625,-0.5062600374221802,-0.09491315484046936,3.3477468490600586
1789634982357758700,26.9587587890625,-0.4067525863647461,-0.04267045855522156,3.17810320854187
1789634982367798800,26.968798828125,-0.11490444839000702,0.057668112218379974,3.0368354320526123
1789634982377837600,26.978837646484376,0.2693862318992615,-0.2568645179271698,2.7064037322998047
1789634982387877600,26.988877685546875,0.3608953356742859,-0.6397383809089661,2.2415084838867188
1789634982397916700,26.998916748046874,0.02439771592617035,-0.7475343346595764,1.9436686038970947
1789634982407956700,27.008956787109376,-0.3710237145423889,-0.597123384475708,2.0116968154907227
1789634982417996800,27.018996826171875,-0.54287189245224,-0.4282448887825012,2.220174551010132
1789634982428035800,27.029035888671874,-0.4877754747867584,-0.5124857425689697,2.2849156856536865
1789634982438076000,27.039075927734373,-0.3813752830028534,-0.5298013091087341,2.1988799571990967
1789634982448115000,27.049114990234376,-0.2702118456363678,-0.07804880291223526,2.0447258949279785
1789634982458154800,27.05915478515625,-0.15711458027362823,0.4777659773826599,1.881123661994934
1789634982468193800,27.06919384765625,0.10010546445846558,0.5136352777481079,1.7056182622909546
1789634982478233900,27.07923388671875,0.4663255214691162,-0.10487933456897736,1.5072146654129028
1789634982488274000,27.08927392578125,0.5764898657798767,-0.6489341855049133,1.370288610458374
1789634982498312700,27.099312744140626,0.34589579701423645,-0.4395756423473358,1.40041184425354
1789634982508352800,27.109352783203125,-0.023414546623826027,0.31777268648147583,1.4888147115707397
1789634982518391800,27.119391845703124,-0.3766133487224579,0.8606013655662537,1.4587942361831665
1789634982528431600,27.129431640625,-0.5087077617645264,0.7946547269821167,1.3330793380737305
1789634982538471700,27.1394716796875,-0.37430286407470703,0.2743247151374817,1.2121946811676025
1789634982548510700,27.1495107421875,-0.09258301556110382,-0.16588154435157776,1.1586791276931763
1789634982558550800,27.15955078125,0.20202705264091492,-0.41593024134635925,1.0746641159057617
1789634982568589600,27.169589599609374,0.3171752691268921,-0.43353649973869324,0.8604464530944824
1789634982578629600,27.179629638671877,0.21212872862815857,-0.36119571328163147,0.5070449709892273
1789634982588669000,27.1896689453125,-0.004804734606295824,-0.30803269147872925,0.12401331961154938
1789634982598709000,27.199708984375,-0.13014480471611023,-0.16681644320487976,-0.1432924121618271
1789634982608748800,27.209748779296874,-0.16641318798065186,0.1436566412448883,-0.29165521264076233
1789634982618787800,27.219787841796876,-0.21142993867397308,0.8289865255355835,-0.4027976989746094
1789634982628828000,27.229827880859375,-0.11911197751760483,1.7214714288711548,-0.4225253462791443
1789634982638866700,27.23986669921875,0.1923513561487198,2.077307939529419,-0.3383614718914032
1789634982648906800,27.24990673828125,0.41861408948898315,1.7575017213821411,-0.25457677245140076
1789634982658946800,27.25994677734375,0.4779152274131775,1.1274306774139404,-0.2839791476726532
1789634982668985900,27.26998583984375,0.4725535213947296,0.4606020748615265,-0.4349101185798645
1789634982679025700,27.280025634765625,0.39091965556144714,-0.20987693965435028,-0.8026154637336731
1789634982689064700,27.290064697265624,0.043791867792606354,-0.7876942157745361,-1.350474238395691
1789634982699104800,27.300104736328127,-0.2020208239555359,-0.5245789885520935,-1.6908819675445557
1789634982709143800,27.310143798828125,-0.2792121171951294,0.2043437957763672,-1.515569806098938
1789634982719183600,27.32018359375,-0.2578338384628296,1.1142809391021729,-1.0611860752105713
1789634982729223000,27.330222900390623,-0.20009557902812958,1.5251736640930176,-0.6541076302528381
1789634982739262200,27.34026220703125,-0.10248725861310959,1.1804966926574707,-0.37577399611473083
1789634982749302000,27.350302001953125,-0.09981425851583481,0.41877511143684387,-0.2438555359840393
1789634982759341000,27.360341064453124,-0.19161689281463623,-0.33708590269088745,-0.31941312551498413
1789634982769381000,27.370381103515626,-0.24249771237373352,-0.8756290078163147,-0.5861566066741943
1789634982779420000,27.380419921875,-0.28525158762931824,-1.118068814277649,-0.9468178749084473
1789634982789460000,27.3904599609375,-0.30281123518943787,-1.0138680934906006,-1.2119839191436768
1789634982799500000,27.4005,-0.30525174736976624,-0.5061500072479248,-1.247004747390747
1789634982809539000,27.4105390625,-0.29997381567955017,0.08134037256240845,-1.1251705884933472
1789634982819579100,27.4205791015625,-0.2507311701774597,0.4500052034854889,-0.9881922006607056
1789634982829618000,27.430617919921875,-0.16194646060466766,0.6188951730728149,-1.000067114830017
1789634982839658000,27.440657958984374,-0.04236174374818802,0.5365691184997559,-1.182694673538208
1789634982849697000,27.450697021484373,0.13746176660060883,0.4072037637233734,-1.4681822061538696
1789634982859736800,27.46073681640625,0.33086612820625305,0.20711538195610046,-1.7797014713287354
1789634982869777000,27.47077685546875,0.48268595337867737,-0.1254042088985443,-2.081801414489746
1789634982879816000,27.48081591796875,0.5424975752830505,-0.33681100606918335,-2.2565011978149414
1789634982889856000,27.49085595703125,0.5313663482666016,-0.31904858350753784,-2.2270867824554443
1789634982899895000,27.50089501953125,0.4556226134300232,-0.19368401169776917,-2.1745195388793945
1789634982909935000,27.51093505859375,0.34731173515319824,-0.1493329107761383,-2.177046060562134
1789634982919975200,27.52097509765625,0.28849154710769653,-0.27510228753089905,-2.1636898517608643
1789634982930014200,27.53101416015625,0.26810652017593384,-0.43632152676582336,-2.1222829818725586
1789634982940054000,27.541053955078127,0.2175101786851883,-0.3666937053203583,-2.1924593448638916
1789634982950093000,27.551093017578125,0.1471482664346695,-0.12139155715703964,-2.3443751335144043
1789634982960133000,27.561133056640625,0.09227730333805084,-0.21413400769233704,-2.458538293838501
1789634982970172000,27.571171875,0.02051784284412861,-0.51082843542099,-2.421751022338867
1789634982980212000,27.5812119140625,0.04705917090177536,-0.556846022605896,-2.217726707458496
1789634982990252000,27.591251953125,0.16061869263648987,-0.5423681139945984,-1.9748258590698242
1789634983000291000,27.601291015625,0.25026735663414,-0.49134141206741333,-1.8187332153320312
1789634983010331000,27.611330810546875,0.36445820331573486,-0.41358113288879395,-1.8417350053787231
1789634983020370000,27.621369873046874,0.509170651435852,-0.5390536189079285,-2.0252127647399902
1789634983030410000,27.631409912109376,0.5328583121299744,-0.5678852200508118,-2.1788105964660645
1789634983040449000,27.641448974609375,0.5560560822486877,-0.6614306569099426,-2.271688461303711
1789634983050488800,27.65148876953125,0.5757914185523987,-0.8087140917778015,-2.33362078666687
1789634983060529000,27.66152880859375,0.4972321391105652,-0.7630150318145752,-2.3260862827301025
1789634983070568200,27.671568115234376,0.3868947923183441,-0.7022532820701599,-2.3452446460723877
1789634983080608300,27.681608154296875,0.31587493419647217,-0.7897980809211731,-2.3961308002471924
1789634983090647000,27.69164697265625,0.2104068249464035,-0.7060767412185669,-2.3395769596099854
1789634983100687000,27.70168701171875,0.07914280146360397,-0.6673522591590881,-2.192495107650757
1789634983110726100,27.71172607421875,0.004493614658713341,-0.7799870371818542,-2.1567277908325195
1789634983120766000,27.721765869140626,-0.06753663718700409,-0.7847229242324829,-2.084613084793091
1789634983130806000,27.731805908203125,-0.14846675097942352,-0.7042538523674011,-1.8938007354736328
1789634983140845000,27.741844970703124,-0.21908633410930634,-0.5758862495422363,-1.6753700971603394
1789634983150885000,27.751885009765626,-0.2155776172876358,-0.3012455403804779,-1.4880826473236084
1789634983160924000,27.761923828125,-0.13548651337623596,-0.048460669815540314,-1.2486019134521484
1789634983170964000,27.7719638671875,-0.046741750091314316,0.060169074684381485,-1.0522534847259521
1789634983181004000,27.782004150390627,0.03062254562973976,0.21970200538635254,-0.854629397392273
1789634983191042800,27.792042724609374,0.07935858517885208,0.43062809109687805,-0.6778481602668762
1789634983201083000,27.802082763671876,0.09071563929319382,0.5506487488746643,-0.5346174836158752
1789634983211122000,27.812121826171875,0.049299079924821854,0.528796374797821,-0.45381656289100647
1789634983221162000,27.822161865234374,0.024833953008055687,0.43605926632881165,-0.3313244581222534
1789634983231201000,27.832200927734377,0.06173800677061081,0.45832911133766174,-0.11402232944965363
1789634983241241000,27.842240966796876,0.0699477344751358,0.33987170457839966,0.0966787189245224
1789634983251281000,27.852281005859375,0.07282175123691559,0.48163965344429016,0.2986619770526886
1789634983261320200,27.8623203125,0.08926437795162201,0.6195352077484131,0.43771785497665405
1789634983271360000,27.872360107421876,0.10392359644174576,0.6724504828453064,0.5448229908943176
1789634983281399000,27.88239892578125,0.06736931204795837,0.7110729813575745,0.6924592852592468
1789634983291439000,27.892439208984374,0.026055429130792618,0.7411999702453613,0.9086581468582153
1789634983301478000,27.902477783203125,-0.014542863704264164,0.6823792457580566,1.1649775505065918
1789634983311518000,27.91251806640625,-0.09545046836137772,0.8353187441825867,1.6027733087539673
1789634983321558000,27.92255810546875,-0.2165185660123825,0.9643638134002686,2.0073769092559814
1789634983331597000,27.93259716796875,-0.274227499961853,0.9759049415588379,2.2482688426971436
1789634983341637000,27.94263720703125,-0.258240282535553,0.9320043325424194,2.4698569774627686
1789634983351676000,27.952676025390623,-0.194481760263443,0.821890115737915,2.5991570949554443
1789634983361716000,27.962716064453126,-0.12215536087751389,0.6258055567741394,2.5965869426727295
1789634983371756000,27.972756103515625,-0.10869866609573364,0.43029147386550903,2.546221971511841
1789634983381794800,27.982794921875,-0.19197970628738403,0.3276599049568176,2.616586685180664
1789634983391835000,27.9928349609375,-0.2853850722312927,0.11727362126111984,2.7501399517059326
1789634983401874200,28.002874267578125,-0.3054429292678833,-0.1394692212343216,2.8210415840148926
1789634983411914000,28.0129140625,-0.3141307532787323,-0.07698243856430054,2.822829484939575
1789634983421953000,28.022953125,-0.34650784730911255,0.3367854356765747,2.765077829360962
1789634983431993000,28.0329931640625,-0.24393677711486816,0.46521490812301636,2.5619876384735107
1789634983442033200,28.043033203125,-0.03251401335000992,0.20552796125411987,2.3180394172668457
1789634983452072000,28.053072021484375,0.15649902820587158,-0.03972063958644867,2.1811039447784424
1789634983462112000,28.063112060546874,0.2845504581928253,-0.1806497871875763,2.1552257537841797
1789634983472151000,28.073151123046873,0.2583251893520355,0.017842434346675873,2.252908229827881
1789634983482191000,28.083191162109376,0.1445418894290924,0.22262221574783325,2.3973474502563477
1789634983492230000,28.09322998046875,0.037649236619472504,0.14506256580352783,2.37204909324646
1789634983502270000,28.10327001953125,0.059494614601135254,-0.15631671249866486,2.2578482627868652
1789634983512310000,28.11331005859375,0.10078164935112,-0.20859278738498688,2.309842109680176
1789634983522349000,28.12334912109375,0.17139536142349243,-0.03531793877482414,2.4290571212768555
1789634983532388900,28.133388916015626,0.2991938292980194,0.03796088695526123,2.401747226715088
1789634983542428000,28.143427978515625,0.38917484879493713,-0.09345705062150955,2.2168614864349365
1789634983552468000,28.153468017578124,0.39116427302360535,-0.3077027201652527,2.02109956741333
1789634983562507000,28.163507080078126,0.4189804494380951,-0.4636014997959137,1.9452964067459106
1789634983572547000,28.173547119140625,0.36447465419769287,-0.3626783490180969,2.0277702808380127
1789634983582587000,28.1835869140625,0.218317449092865,-0.12639153003692627,2.2010457515716553
1789634983592626200,28.193626220703123,0.06743127107620239,0.06451110541820526,2.3737916946411133
1789634983602666000,28.203666015625,-0.0423751138150692,0.10322494804859161,2.434309720993042
1789634983612705000,28.213705078125,-0.04942157119512558,-0.0910760909318924,2.3680496215820312
1789634983622745000,28.2237451171875,0.044645536690950394,-0.39056479930877686,2.221801280975342
1789634983632784100,28.2337841796875,0.19684773683547974,-0.6676925420761108,2.0244925022125244
1789634983642824000,28.243823974609374,0.2525682747364044,-0.7258943319320679,1.7868024110794067
1789634983652864000,28.253864013671876,0.11400708556175232,-0.442306250333786,1.6028313636779785
1789634983662903000,28.263903076171875,-0.06445320695638657,-0.1277986615896225,1.464463710784912
1789634983672943000,28.273943115234374,-0.268803209066391,0.06356997787952423,1.2773710489273071
1789634983682982000,28.28398193359375,-0.433481365442276,0.10436161607503891,1.0476398468017578
1789634983693022000,28.29402197265625,-0.4484560191631317,-0.01590866409242153,0.8598500490188599
1789634983703061000,28.30406103515625,-0.37609952688217163,-0.06317204982042313,0.729080855846405
1789634983713100800,28.314100830078125,-0.3320668339729309,0.1422003209590912,0.6156010031700134
1789634983723140900,28.324140869140624,-0.2629828453063965,0.4402138888835907,0.45462116599082947
1789634983733180400,28.334180419921875,-0.11472608894109726,0.5664318203926086,0.24219563603401184
1789634983743220500,28.344220458984374,-0.02656373754143715,0.43973252177238464,-0.01155354268848896
1789634983753259500,28.354259521484376,-0.028250014409422874,0.2316334992647171,-0.25642910599708557
1789634983763299600,28.364299560546876,-0.08201684057712555,-0.07960213720798492,-0.48295411467552185
1789634983773338600,28.374338623046874,-0.17606957256793976,-0.3055124878883362,-0.703852653503418
1789634983783378700,28.384378662109373,-0.25293847918510437,-0.2419314831495285,-0.9168726205825806
1789634983793418500,28.39441845703125,-0.22894735634326935,0.006727510131895542,-1.0610880851745605
1789634983803457500,28.40445751953125,-0.15903645753860474,0.2619837522506714,-1.116125464439392
1789634983813497600,28.41449755859375,-0.11068929731845856,0.6084553003311157,-1.1061030626296997
1789634983823536600,28.42453662109375,-0.08181503415107727,0.9920029044151306,-1.063180685043335
1789634983833576400,28.434576416015624,-0.04123206436634064,1.1709331274032593,-1.0011597871780396
1789634983843616500,28.444616455078126,0.0050331708043813705,0.9841792583465576,-0.9529587030410767
1789634983853655600,28.454655517578125,0.03963831067085266,0.6363210678100586,-0.9461269974708557
1789634983863695600,28.464695556640624,0.07400347292423248,0.3468243181705475,-0.952387273311615
1789634983873734400,28.474734375,0.11111114919185638,0.13137228786945343,-0.922862708568573
1789634983883774500,28.4847744140625,0.14125840365886688,-0.03482094779610634,-0.8948984742164612
1789634983893813500,28.4948134765625,0.18153735995292664,-0.09684646129608154,-0.8989141583442688
1789634983903853300,28.504853271484375,0.2409610003232956,-0.10539574921131134,-0.9020295143127441
1789634983913893400,28.514893310546874,0.2652665078639984,-0.03533915430307388,-0.9089967012405396
1789634983923932700,28.5249326171875,0.18257853388786316,0.07737194746732712,-1.0112298727035522
1789634983933972500,28.534972412109376,0.014071394689381123,0.18656234443187714,-1.1844810247421265
1789634983944011500,28.545011474609375,-0.1380789875984192,0.28054341673851013,-1.3245936632156372
1789634983954051600,28.555051513671874,-0.2673313021659851,0.35047656297683716,-1.4039143323898315
1789634983964090600,28.565090576171876,-0.3148471713066101,0.4345128536224365,-1.4379771947860718
1789634983974130700,28.575130615234375,-0.26911303400993347,0.38980334997177124,-1.434086561203003
1789634983984170500,28.58517041015625,-0.18917877972126007,0.3756345510482788,-1.3907989263534546
1789634983994209500,28.59520947265625,-0.1553957462310791,0.4476664960384369,-1.397997260093689
1789634984004249600,28.60524951171875,-0.09215179085731506,0.3985104262828827,-1.4738470315933228
1789634984014288400,28.615288330078126,0.027086326852440834,0.1917838305234909,-1.5870622396469116
1789634984024328400,28.625328369140625,0.193930983543396,-0.1133238822221756,-1.7393689155578613
1789634984034367500,28.635367431640624,0.38191622495651245,-0.3246457576751709,-1.8709238767623901
1789634984044407600,28.645407470703127,0.49525928497314453,-0.36945104598999023,-1.9143285751342773
1789634984054447400,28.655447265625,0.5017150640487671,-0.40179380774497986,-1.8646202087402344
1789634984064486400,28.665486328125,0.47284239530563354,-0.5192458629608154,-1.8055163621902466
1789634984074526500,28.6755263671875,0.43113088607788086,-0.6432311534881592,-1.790456771850586
1789634984084565500,28.6855654296875,0.37172162532806396,-0.6549559831619263,-1.8196678161621094
1789634984094605600,28.69560546875,0.35081908106803894,-0.6819844841957092,-1.9131466150283813
1789634984104644600,28.70564453125,0.4064144194126129,-0.6653133630752563,-2.000628709793091
1789634984114684700,28.7156845703125,0.3954744338989258,-0.519212543964386,-2.0686075687408447
1789634984124724700,28.725724853515626,0.32276853919029236,-0.5087878108024597,-2.30188250541687
1789634984134763500,28.735763427734376,0.19811886548995972,-0.7463375329971313,-2.535710334777832
1789634984144803600,28.745803466796875,0.05280614644289017,-1.0361489057540894,-2.62623929977417
1789634984154842600,28.755842529296874,-0.056439612060785294,-1.1206878423690796,-2.624675750732422
1789634984164882400,28.76588232421875,-0.10732543468475342,-0.7383663654327393,-2.528320550918579
1789634984174921500,28.77592138671875,-0.12105633318424225,-0.7105564475059509,-2.486039161682129
1789634984184961500,28.78596142578125,-0.09424202889204025,-0.7394379377365112,-2.558907985687256
1789634984195001600,28.796001708984374,-0.028589870780706406,-0.4986690282821655,-2.6078848838806152
1789634984205040400,28.806040283203124,0.03294406086206436,-0.2152911275625229,-2.609705686569214
1789634984215080400,28.81608056640625,0.13327819108963013,-0.3004203140735626,-2.616919994354248
1789634984225119500,28.826119384765626,0.21730011701583862,-0.8150650262832642,-2.714505672454834
1789634984235159600,28.83615966796875,0.3179648220539093,-1.1969194412231445,-2.773362398147583
1789634984245198600,28.846198486328124,0.42850279808044434,-1.3246848583221436,-2.61515212059021
1789634984255238700,28.85623876953125,0.4029501676559448,-1.2736891508102417,-2.2830045223236084
1789634984265278500,28.866278564453125,0.23222266137599945,-0.9577668905258179,-1.9336317777633667
1789634984275317500,28.8763173828125,0.06877124309539795,-0.37610113620758057,-1.6505275964736938
1789634984285357600,28.886357666015623,0.023533187806606293,0.02775205671787262,-1.5239442586898804
1789634984295396600,28.896396728515626,0.024670712649822235,0.0018824189901351929,-1.5257633924484253
1789634984305436700,28.906436767578125,0.031398653984069824,-0.2615540325641632,-1.5381039381027222
1789634984315475500,28.916475341796875,0.03374006971716881,-0.27707797288894653,-1.3352797031402588
1789634984325515500,28.926515625,0.1779177486896515,0.24306267499923706,-0.9723131656646729
1789634984335555600,28.9365556640625,0.3843390643596649,0.865588366985321,-0.7011262774467468
1789634984345594400,28.946594482421876,0.4657537639141083,1.2188022136688232,-0.5139933824539185
1789634984355634400,28.956634521484375,0.48093128204345703,1.3447092771530151,-0.24440909922122955
1789634984365673500,28.966673583984374,0.46133360266685486,1.1289591789245605,0.11893821507692337
1789634984375713500,28.976713623046876,0.41180041432380676,0.6818022727966309,0.48818421363830566
1789634984385752300,28.98675244140625,0.30323052406311035,0.3129497170448303,0.7875295877456665
1789634984395792400,28.99679248046875,0.21127915382385254,0.05265701562166214,1.0570223331451416
1789634984405832400,29.00683251953125,0.10012707114219666,-0.06993894279003143,1.1537853479385376
1789634984415871700,29.016871826171876,-0.14756213128566742,-0.07206428796052933,1.0909442901611328
1789634984425911600,29.02691162109375,-0.4432925879955292,-0.2084684669971466,1.1615759134292603
1789634984435950600,29.03695068359375,-0.6031073331832886,-0.3646797239780426,1.3541289567947388
1789634984445990700,29.04699072265625,-0.5828129649162292,-0.3266247510910034,1.6286289691925049
1789634984456029400,29.057029541015623,-0.6269674301147461,-0.008041450753808022,1.9923566579818726
1789634984466069500,29.067069580078126,-0.6833633780479431,0.2423281967639923,2.292724847793579
1789634984476109600,29.077109619140625,-0.6520620584487915,0.23076355457305908,2.4224064350128174
1789634984486148600,29.087148681640624,-0.57402503490448,0.3490992486476898,2.5756311416625977
1789634984496188400,29.0971884765625,-0.4424104690551758,0.547621488571167,2.8079311847686768
1789634984506227500,29.1072275390625,-0.3223503828048706,0.5234149694442749,3.0665512084960938
1789634984516267500,29.117267578125,-0.2896924316883087,0.365129679441452,3.2080962657928467
1789634984526306600,29.127306640625,-0.3591468632221222,0.03427107259631157,3.1338284015655518
1789634984536346400,29.137346435546874,-0.43721088767051697,-0.17626236379146576,2.948570966720581
1789634984546386400,29.147386474609377,-0.5088046193122864,-0.27031615376472473,2.7435662746429443
1789634984556425500,29.157425537109376,-0.5947608351707458,-0.08404050767421722,2.54707670211792
1789634984566465500,29.167465576171875,-0.6503026485443115,0.08958268165588379,2.358034610748291
1789634984576504600,29.177504638671873,-0.6233457326889038,-0.024309057742357254,2.177907943725586
1789634984586544600,29.187544677734376,-0.46357741951942444,-0.11338140815496445,2.1107540130615234
1789634984596583700,29.197583740234375,-0.17271727323532104,0.0619826577603817,2.151362180709839
1789634984606623500,29.20762353515625,0.09366168826818466,0.4512507915496826,2.2173078060150146
1789634984616663600,29.21766357421875,0.19833718240261078,0.7110841274261475,2.2500813007354736
1789634984626702600,29.22770263671875,0.1563151627779007,0.6134236454963684,2.1713509559631348
1789634984636742700,29.23774267578125,0.14581193029880524,0.3628566563129425,2.0251803398132324
1789634984646781400,29.247781494140625,0.2333899736404419,0.14225533604621887,1.8831045627593994
1789634984656821500,29.257821533203124,0.2587834298610687,-0.17549213767051697,1.7919656038284302
1789634984666860500,29.267860595703127,0.20876607298851013,-0.30760836601257324,1.8665729761123657
1789634984676900600,29.277900634765626,0.1954887956380844,-0.24451564252376556,2.172281265258789
1789634984686940400,29.2879404296875,0.1607864797115326,-0.1058799996972084,2.515505075454712
1789634984696979500,29.2979794921875,0.05032268539071083,-0.055167995393276215,2.7115097045898438
1789634984707019500,29.30801953125,-0.10168655216693878,-0.1903010457754135,2.6663215160369873
1789634984717058300,29.318058349609377,-0.2849266827106476,-0.2541985511779785,2.496342420578003
1789634984727098000,29.32809814453125,-0.47985222935676575,-0.20037364959716797,2.358487129211426
1789634984737137400,29.338137451171875,-0.5305235385894775,-0.44362935423851013,2.2420475482940674
1789634984747177500,29.348177490234374,-0.49549415707588196,-0.9859831929206848,2.1050989627838135
1789634984757217300,29.35821728515625,-0.5528684258460999,-1.1966092586517334,2.006272315979004
1789634984767256300,29.36825634765625,-0.6447770595550537,-0.8093201518058777,1.9674041271209717
1789634984777296400,29.37829638671875,-0.6594611406326294,-0.2606208324432373,1.9574593305587769
1789634984787335200,29.388335205078125,-0.598309338092804,0.10657528042793274,1.9282971620559692
1789634984797375200,29.398375244140624,-0.4562995433807373,0.09316778182983398,1.801796793937683
1789634984807414300,29.408414306640626,-0.2678380012512207,-0.2427029013633728,1.6081496477127075
1789634984817454300,29.418454345703125,-0.11346723139286041,-0.5783989429473877,1.3785412311553955
1789634984827494400,29.428494384765624,-0.06466507911682129,-0.5175249576568604,1.1073271036148071
1789634984837533200,29.438533203125,-0.1291665881872177,-0.1263270378112793,0.738935649394989
1789634984847573200,29.4485732421875,-0.2648271918296814,0.3324759602546692,0.2691846787929535
1789634984857612300,29.4586123046875,-0.284138947725296,0.4743827283382416,-0.2352333515882492
1789634984867652000,29.468652099609375,-0.22578349709510803,0.3888704776763916,-0.6815634369850159
1789634984877691400,29.47869140625,-0.12572123110294342,0.4389709532260895,-0.9988222718238831
1789634984887731200,29.488731201171873,-0.015311629511415958,0.5684274435043335,-1.1977825164794922
1789634984897771300,29.498771240234376,0.06454230844974518,0.7842192649841309,-1.3028112649917603
1789634984907810300,29.508810302734375,0.07071630656719208,1.0748181343078613,-1.3475244045257568
1789634984917850400,29.518850341796874,0.07537797093391418,1.3219891786575317,-1.335839867591858
1789634984927889400,29.528889404296876,0.11868257075548172,1.2850556373596191,-1.2611581087112427
1789634984937929200,29.53892919921875,0.21866583824157715,0.9912083745002747,-1.1429738998413086
1789634984947968300,29.54896826171875,0.24364525079727173,0.6249344944953918,-1.0524557828903198
1789634984958008300,29.55900830078125,0.24475562572479248,0.5212453007698059,-0.9709906578063965
1789634984968048400,29.56904833984375,0.2570631802082062,0.5708626508712769,-0.8526685237884521
1789634984978087200,29.579087158203127,0.33042922616004944,0.5683771967887878,-0.751926600933075
1789634984988127200,29.589127197265626,0.3023107647895813,0.4340311288833618,-0.7078076004981995
1789634984998166300,29.599166259765624,0.26030904054641724,0.1661171317100525,-0.7388225793838501
1789634985008206300,29.609206298828123,0.27349355816841125,-0.1700691282749176,-0.7803617715835571
1789634985018245000,29.6192451171875,0.3102947473526001,-0.398226797580719,-0.7752785682678223
1789634985028285200,29.62928515625,0.3084220290184021,-0.3217701017856598,-0.7491719126701355
1789634985038325200,29.6393251953125,0.22058749198913574,0.048563286662101746,-0.7391704320907593
1789634985048364300,29.6493642578125,0.08621051907539368,0.5339864492416382,-0.6771975755691528
1789634985058404000,29.659404052734374,-0.020028164610266685,1.0033586025238037,-0.6017367839813232
1789634985068443400,29.669443359375,-0.02450946532189846,1.177593469619751,-0.6391257047653198
1789634985078483500,29.6794833984375,0.0697617307305336,0.8078399300575256,-0.7977588772773743
1789634985088522200,29.689522216796874,0.20511476695537567,0.027392351999878883,-1.0514955520629883
1789634985098562300,29.699562255859377,0.25956639647483826,-0.5437668561935425,-1.247740626335144
1789634985108602400,29.709602294921876,0.2233000099658966,-0.700927734375,-1.417129635810852
1789634985118641400,29.719641357421875,0.19198670983314514,-0.7578867673873901,-1.597564458847046
1789634985128681200,29.72968115234375,0.20049472153186798,-0.670392632484436,-1.7249162197113037
1789634985138720300,29.73972021484375,0.2767327129840851,-0.5297017097473145,-1.840472936630249
1789634985148760300,29.74976025390625,0.3655688464641571,-0.5471475720405579,-1.967812418937683
1789634985158799000,29.759799072265626,0.3173249661922455,-0.6128916144371033,-2.082477331161499
1789634985168839200,29.769839111328125,0.1658235788345337,-0.4549890458583832,-2.1437838077545166
1789634985178878200,29.779878173828124,0.05174610763788223,-0.17953011393547058,-2.0716984272003174
1789634985188918300,29.789918212890626,0.1637490838766098,-0.22129274904727936,-1.9404164552688599
1789634985198958000,29.7999580078125,0.3764469027519226,-0.23743849992752075,-1.8091098070144653
1789634985208997400,29.809997314453124,0.513303279876709,-0.3279987573623657,-1.8098235130310059
1789634985219037200,29.820037109375,0.5844218730926514,-0.41082802414894104,-1.9349956512451172
1789634985229076500,29.830076416015626,0.5597490072250366,-0.3201867938041687,-2.057202100753784
1789634985239116300,29.8401162109375,0.41619211435317993,-0.1328762322664261,-2.1433255672454834
1789634985249155300,29.8501552734375,0.3714211881160736,-0.4084838330745697,-2.3096554279327393
1789634985259195400,29.8601953125,0.4590306580066681,-0.7201282382011414,-2.4216232299804688
1789634985269235500,29.8702353515625,0.4803412854671478,-0.8013336062431335,-2.371232509613037
1789634985279274200,29.880274169921876,0.4271264672279358,-0.8428398966789246,-2.333789825439453
1789634985289314300,29.890314208984375,0.35939162969589233,-0.7830095887184143,-2.274118661880493
1789634985299353300,29.900353271484374,0.22586505115032196,-0.24823150038719177,-2.0459015369415283
1789634985309393200,29.91039306640625,0.08678732067346573,0.0979757085442543,-1.8889403343200684
1789634985319432200,29.92043212890625,0.055934838950634,-0.15335741639137268,-1.8611276149749756
1789634985329472300,29.93047216796875,0.15775680541992188,-0.46309953927993774,-1.851157307624817
1789634985339512300,29.94051220703125,0.26176559925079346,-0.8009806275367737,-1.9189585447311401
1789634985349551000,29.950551025390624,0.28352147340774536,-0.9685512185096741,-2.0071463584899902
1789634985359591200,29.960591064453126,0.22572696208953857,-0.7206993103027344,-2.0098609924316406
1789634985369630500,29.97063037109375,0.14013642072677612,-0.2432544082403183,-1.9319041967391968
1789634985379670300,29.980670166015624,0.05020108073949814,-0.16224521398544312,-1.9388922452926636
1789634985389709300,29.990709228515627,0.011661943979561329,-0.41147181391716003,-2.026939868927002
1789634985399749400,30.000749267578126,0.017025094479322433,-0.662259042263031,-2.0193681716918945
1789634985409789400,30.01078955078125,-0.005917772650718689,-0.7926487326622009,-1.9256641864776611
1789634985419828200,30.020828125,-0.13157373666763306,-0.7866341471672058,-1.7711948156356812
1789634985429868300,30.030868408203126,-0.300550252199173,-0.6186656355857849,-1.615193247795105
1789634985439907300,30.0409072265625,-0.4390626549720764,-0.4600917100906372,-1.5615938901901245
1789634985449947400,30.050947509765624,-0.5333907604217529,-0.44592875242233276,-1.551466941833496
1789634985459986200,30.060986083984375,-0.5406317114830017,-0.39125022292137146,-1.4848681688308716
1789634985470026200,30.071026123046874,-0.45840898156166077,-0.149126797914505,-1.3217779397964478
1789634985480066300,30.08106640625,-0.3226197063922882,0.12973067164421082,-1.1331892013549805
1789634985490105000,30.09110498046875,-0.14346489310264587,0.3409489095211029,-0.9201723337173462
1789634985500145200,30.101145263671874,-0.10692594945430756,0.28821054100990295,-0.7611255049705505
1789634985510184200,30.11118408203125,-0.18097487092018127,0.3156261742115021,-0.5495498776435852
1789634985520224300,30.121224365234376,-0.18218903243541718,0.606715977191925,-0.19545167684555054
1789634985530263300,30.13126318359375,-0.053496576845645905,0.8429905772209167,0.14461775124073029
1789634985540303000,30.14130322265625,0.039585720747709274,1.0904088020324707,0.37182366847991943
1789634985550343200,30.15134326171875,0.12840160727500916,1.2963294982910156,0.4513150453567505
1789634985560382500,30.161382568359375,0.18801434338092804,1.071595549583435,0.5301422476768494
1789634985570422300,30.17142236328125,0.1503247618675232,0.5038887858390808,0.8082993030548096
1789634985580461300,30.18146142578125,0.04203973710536957,0.17914962768554688,1.1747666597366333
1789634985590501400,30.19150146484375,-0.11791770905256271,0.17027278244495392,1.511165976524353
1789634985600540200,30.2015400390625,-0.2791380286216736,0.4198365807533264,1.817421317100525
1789634985610580200,30.211580322265625,-0.4011949598789215,0.7167119383811951,2.0788185596466064
1789634985620619300,30.221619384765624,-0.3669925332069397,0.9190610647201538,2.3006229400634766
1789634985630659300,30.231659423828123,-0.19589562714099884,0.8317745923995972,2.392282485961914
1789634985640699100,30.24169921875,-0.06207820773124695,0.6596173644065857,2.421353816986084
1789634985650738200,30.25173828125,0.06265733391046524,0.3096819818019867,2.283557653427124
1789634985660778200,30.2617783203125,0.07168033719062805,0.22263430058956146,2.3149125576019287
1789634985670817300,30.2718173828125,-0.1712534874677658,0.5821932554244995,2.649724245071411
1789634985680857000,30.281857177734373,-0.5067654252052307,0.8195689916610718,2.968623161315918
1789634985690896400,30.291896484375,-0.6504485607147217,0.6997637748718262,3.060188055038452
1789634985700936200,30.301936279296875,-0.6548265218734741,0.5641079545021057,3.0148773193359375
1789634985710976300,30.311976318359374,-0.568030595779419,0.641564667224884,2.9475317001342773
1789634985721015300,30.322015380859376,-0.33909139037132263,0.6500492691993713,2.7861905097961426
1789634985731055000,30.33205517578125,-0.08986479043960571,0.37694478034973145,2.568626642227173
1789634985741094100,30.34209423828125,0.04929289221763611,0.043499257415533066,2.4297046661376953
1789634985751134000,30.352134033203125,0.048915520310401917,-0.12055918574333191,2.4818434715270996
1789634985761173000,30.362173095703124,-0.09045349806547165,-0.06480050086975098,2.677647113800049
1789634985771213000,30.372213134765627,-0.29820215702056885,0.05966419726610184,2.9512991905212402
1789634985781253000,30.382253173828126,-0.427264541387558,0.05216321349143982,3.1211721897125244
1789634985791292000,30.3922919921875,-0.447695791721344,-0.0928746685385704,3.0999183654785156
1789634985801332000,30.40233203125,-0.4061153531074524,-0.202651247382164,2.8831586837768555
1789634985811371000,30.41237109375,-0.23157016932964325,-0.32284876704216003,2.5074775218963623
1789634985821411000,30.4224111328125,-0.02704872563481331,-0.6108821034431458,2.088815927505493
1789634985831450000,30.4324501953125,0.1153520941734314,-1.060434103012085,1.728857159614563
1789634985841490000,30.442489990234375,0.09900273382663727,-1.2640269994735718,1.6114445924758911
1789634985851529200,30.452529296875,-0.14810559153556824,-1.0545097589492798,1.8007053136825562
1789634985861569000,30.462569091796876,-0.38336533308029175,-0.5622817277908325,2.091709852218628
1789634985871609000,30.472609130859375,-0.5554739832878113,0.07074898481369019,2.2273778915405273
1789634985881648000,30.482648193359374,-0.5916524529457092,0.5738793611526489,2.1825008392333984
1789634985891688200,30.492688232421877,-0.3983596861362457,0.5423006415367126,2.019497871398926
1789634985901727000,30.50272705078125,-0.02071573957800865,0.25542396306991577,1.8355656862258911
1789634985911767000,30.51276708984375,0.38219255208969116,0.03994946554303169,1.7271376848220825
1789634985921806000,30.52280615234375,0.6051656007766724,0.12241529673337936,1.732754111289978
1789634985931846000,30.532845947265624,0.44314107298851013,0.28857046365737915,1.7650099992752075
1789634985941886000,30.542885986328123,0.10402724891901016,0.2451556771993637,1.706952691078186
1789634985951925000,30.552925048828126,-0.2065790891647339,0.07822394371032715,1.5230705738067627
1789634985961965000,30.562965087890625,-0.37953755259513855,-0.06135259196162224,1.2496637105941772
1789634985972003800,30.57300390625,-0.4911580979824066,-0.0459643118083477,0.970909059047699
1789634985982044000,30.5830439453125,-0.5044507384300232,0.15653786063194275,0.7554278373718262
1789634985992083200,30.593083251953125,-0.31235983967781067,0.09391789883375168,0.6483133435249329
1789634986002123000,30.603123046875,-0.1382400542497635,-0.10095281898975372,0.5765740871429443
1789634986012162800,30.613162841796875,-0.10212332755327225,-0.19136419892311096,0.4395264685153961
1789634986022202000,30.6232021484375,-0.09780809283256531,-0.1854240447282791,0.2607029974460602
1789634986032242200,30.6332421875,-0.06951014697551727,-0.07743685692548752,0.09895751625299454
1789634986042281000,30.643281005859375,-0.05077667906880379,0.18295183777809143,-0.043930016458034515
1789634986052321000,30.653321044921874,-0.04988132417201996,0.5552952885627747,-0.19203320145606995
1789634986062360000,30.663360107421877,-0.002612659940496087,0.8043990135192871,-0.3594417870044708
1789634986072400100,30.673400146484376,0.13587892055511475,0.7777828574180603,-0.5603421330451965
1789634986082439000,30.68343896484375,0.27976134419441223,0.5571990609169006,-0.7605265974998474
1789634986092479000,30.69347900390625,0.3652533292770386,0.3616197407245636,-0.8464316129684448
1789634986102519000,30.70351904296875,0.4338129460811615,0.29590168595314026,-0.820135235786438
1789634986112558000,30.71355810546875,0.4009458124637604,0.20875081419944763,-0.8288794755935669
1789634986122598000,30.723597900390626,0.33297085762023926,0.32734939455986023,-0.9700380563735962
1789634986132637000,30.733636962890625,0.26381149888038635,0.5246142745018005,-1.1624369621276855
1789634986142677000,30.743677001953124,0.1736174374818802,0.8543371558189392,-1.3264801502227783
1789634986152716000,30.753716064453126,0.14061634242534637,1.189801812171936,-1.4536676406860352
1789634986162755800,30.763755859375,0.17973379790782928,1.1841893196105957,-1.4884765148162842
1789634986172796000,30.7737958984375,0.27280089259147644,0.7493631839752197,-1.4072340726852417
1789634986182835200,30.783835205078127,0.32156896591186523,0.36368420720100403,-1.297318458557129
1789634986192875000,30.793875,0.2323610633611679,0.2617703378200531,-1.236096978187561
1789634986202914000,30.8039140625,0.142441987991333,0.2747780978679657,-1.1860582828521729
1789634986212954000,30.8139541015625,0.06714270263910294,0.1425212323665619,-1.1348092555999756
1789634986222993200,30.8239931640625,-0.044695984572172165,-0.02221326157450676,-1.1381930112838745
1789634986233033000,30.834032958984373,-0.13082687556743622,-0.06444913148880005,-1.1559621095657349
1789634986243073000,30.844072998046876,-0.14724881947040558,-0.05709509551525116,-1.1565872430801392
1789634986253112000,30.854112060546875,-0.09181485325098038,-0.011803513392806053,-1.1838217973709106
1789634986263152000,30.864152099609374,-0.045059818774461746,0.07234986126422882,-1.2591201066970825
1789634986273191000,30.87419091796875,-0.04183579608798027,0.11128661036491394,-1.3983712196350098
1789634986283231000,30.88423095703125,-0.055398229509592056,-0.09710542857646942,-1.5113706588745117
1789634986293270000,30.89427001953125,-0.029338927939534187,-0.43376412987709045,-1.5547250509262085
1789634986303309800,30.904309814453125,0.044241562485694885,-0.6503055691719055,-1.52231764793396
1789634986313350000,30.914349853515624,0.18267135322093964,-0.7768675088882446,-1.5109062194824219
1789634986323389000,30.924388916015626,0.3785317838191986,-0.985665500164032,-1.564927101135254
1789634986333429000,30.934428955078126,0.5116831660270691,-1.1184301376342773,-1.7369009256362915
1789634986343468000,30.944468017578124,0.5278634428977966,-0.9292017221450806,-1.9819873571395874
1789634986353508000,30.954508056640623,0.4231342077255249,-0.45480209589004517,-2.1249170303344727
1789634986363547100,30.964547119140626,0.2602209746837616,-0.2226281315088272,-2.198469400405884
1789634986373587200,30.974587158203125,0.13982556760311127,-0.1692732870578766,-2.2591476440429688
1789634986383626000,30.9846259765625,0.0939846932888031,-0.14948418736457825,-2.2584147453308105
1789634986393666000,30.994666015625,0.1317238062620163,-0.25539782643318176,-2.2996249198913574
1789634986403706000,31.0047060546875,0.24744132161140442,-0.42788299918174744,-2.4043307304382324
1789634986413745000,31.014744873046876,0.3189868927001953,-0.4425567388534546,-2.514091968536377
1789634986423785000,31.024784912109375,0.2825397253036499,-0.023944824934005737,-2.5357248783111572
1789634986433824000,31.034823974609374,0.2116868644952774,0.1405133605003357,-2.5552620887756348
1789634986443864000,31.044864013671877,0.13016536831855774,-0.19147652387619019,-2.694315195083618
1789634986453902800,31.05490283203125,0.07437241822481155,-0.3939976692199707,-2.69848370552063
1789634986463943000,31.06494287109375,0.1481214463710785,-0.5953443050384521,-2.585883378982544
1789634986473982200,31.074982177734373,0.1740150898694992,-0.7028645873069763,-2.3976802825927734
1789634986484022000,31.08502197265625,0.10676628351211548,-0.49518731236457825,-2.244425058364868
1789634986494061800,31.095061767578127,0.04784756898880005,-0.16392922401428223,-2.1833274364471436
1789634986504101000,31.10510107421875,0.011172544211149216,-0.14687670767307281,-2.1651787757873535
1789634986514141200,31.11514111328125,-0.023017916828393936,-0.2526127099990845,-2.1671814918518066
1789634986524180000,31.125179931640623,0.07098914682865143,-0.370730459690094,-2.234975814819336
1789634986534220000,31.135219970703126,0.1943720579147339,-0.3938184678554535,-2.126040458679199
1789634986544259000,31.145259033203125,0.23503045737743378,-0.044162169098854065,-1.8706893920898438
1789634986554299100,31.155299072265624,0.2703801989555359,0.26032689213752747,-1.7381199598312378
1789634986564339000,31.1653388671875,0.2326393872499466,0.24141676723957062,-1.6778494119644165
1789634986574378000,31.1753779296875,0.04028033837676048,-0.04115128144621849,-1.479455590248108
1789634986584418000,31.18541796875,-0.11391501873731613,-0.2254563719034195,-1.2415509223937988
1789634986594456800,31.195456787109375,-0.2003958374261856,-0.33032339811325073,-0.9999876022338867
1789634986604497000,31.205496826171874,-0.2519187033176422,-0.3484594225883484,-0.7038037180900574
1789634986614536000,31.215535888671877,-0.2840452194213867,-0.2422640174627304,-0.3735291063785553
1789634986624576000,31.225575927734376,-0.2082875669002533,-0.010354526340961456,-0.14890050888061523
1789634986634615800,31.23561572265625,-0.171402245759964,0.008708911947906017,-0.10025067627429962
1789634986644655000,31.245655029296874,-0.15847347676753998,-0.06121134012937546,-0.015842018648982048
1789634986654695000,31.25569482421875,-0.054667189717292786,0.1659427136182785,0.15012991428375244
1789634986664734200,31.265734130859375,0.10657360404729843,0.33871135115623474,0.2794586718082428
1789634986674774000,31.27577392578125,0.16299213469028473,0.31417137384414673,0.3423880934715271
1789634986684813000,31.28581298828125,0.15330025553703308,0.3990245461463928,0.48030558228492737
1789634986694853000,31.29585302734375,0.13973784446716309,0.36731162667274475,0.6764394044876099
1789634986704892000,31.305891845703126,0.025866003707051277,0.2340160459280014,0.8692635297775269
1789634986714932000,31.315931884765625,-0.19930346310138702,0.198296919465065,1.0735535621643066
1789634986724972000,31.325971923828124,-0.39148011803627014,0.3414996862411499,1.3234220743179321
1789634986735011000,31.336010986328127,-0.45938220620155334,0.556755006313324,1.530038595199585
1789634986745051100,31.346051025390626,-0.3714355230331421,0.5480039715766907,1.5521955490112305
1789634986755090000,31.35608984375,-0.21111004054546356,0.5063281655311584,1.5268638134002686
1789634986765130000,31.3661298828125,-0.1591295599937439,0.595278263092041,1.6034188270568848
1789634986775169000,31.3761689453125,-0.2015925943851471,0.6003528833389282,1.8109196424484253
1789634986785208800,31.386208740234373,-0.30412909388542175,0.5849965810775757,2.1076903343200684
1789634986795249000,31.396248779296876,-0.48857590556144714,0.8420501947402954,2.510866403579712
1789634986805288200,31.4062880859375,-0.6272972822189331,1.0003039836883545,2.859219551086426
1789634986815328000,31.416327880859374,-0.5921698808670044,0.8539389967918396,3.0265555381774902
1789634986825367000,31.426366943359376,-0.41236889362335205,0.62354576587677,3.0216751098632812
1789634986835407000,31.436406982421875,-0.15425583720207214,0.43779319524765015,2.904801607131958
1789634986845446100,31.446446044921874,0.10026786476373672,0.199502095580101,2.767000913619995
1789634986855486200,31.456486328125,0.15958231687545776,0.10741983354091644,2.689484119415283
1789634986865525000,31.46652490234375,0.0932948961853981,0.3110629916191101,2.706331491470337
1789634986875565000,31.47656494140625,-0.0542527474462986,0.40692371129989624,2.7408862113952637
1789634986885605000,31.486605224609374,-0.1474476158618927,0.08900794386863708,2.695466995239258
1789634986895644000,31.496643798828124,-0.14610140025615692,-0.2503544092178345,2.613626003265381
1789634986905684000,31.50668408203125,-0.11719714850187302,-0.2764301896095276,2.5455169677734375
1789634986915723000,31.516722900390626,-0.07095641642808914,-0.19124071300029755,2.4577136039733887
1789634986925763000,31.52676318359375,0.026515470817685127,-0.24192920327186584,2.29992413520813
1789634986935801900,31.5368017578125,0.13927105069160461,-0.4092455208301544,2.140033483505249
1789634986945842000,31.546842041015626,0.2798985242843628,-0.5712423324584961,2.092142343521118
1789634986955882000,31.556882080078125,0.33091723918914795,-0.45788487792015076,2.1931304931640625
1789634986965921300,31.56692138671875,0.2759432792663574,-0.08498531579971313,2.3681321144104004
1789634986975961000,31.576961181640623,0.17443770170211792,0.16097411513328552,2.435014247894287
1789634986986000100,31.587000244140626,0.0610080361366272,0.06419605016708374,2.345649003982544
1789634986996040200,31.597040283203125,-0.010453097522258759,-0.2328747659921646,2.2251014709472656
1789634987006079000,31.607078857421875,0.0006325275171548128,-0.40640196204185486,2.1960151195526123
1789634987016119000,31.617119140625,0.05487286299467087,-0.27682507038116455,2.202709674835205
1789634987026158000,31.627157958984377,0.08956898003816605,0.00834034662693739,2.202993869781494
1789634987036198100,31.6371982421875,0.1726665198802948,0.15200936794281006,2.1107382774353027
1789634987046238000,31.647238037109375,0.3198205232620239,-0.15975432097911835,1.8690404891967773
1789634987056277000,31.657277099609374,0.22407829761505127,-0.5316154956817627,1.5746771097183228
1789634987066317000,31.667317138671876,-0.05268893763422966,-0.6099507808685303,1.411542296409607
1789634987076356000,31.677356201171875,-0.28090372681617737,-0.38203078508377075,1.3719310760498047
1789634987086396000,31.68739599609375,-0.4385848343372345,-0.017049554735422134,1.2989716529846191
1789634987096435000,31.69743505859375,-0.5280020833015442,0.3191835880279541,1.1505273580551147
1789634987106475000,31.70747509765625,-0.5007578730583191,0.41290876269340515,0.9800499081611633
1789634987116514000,31.71751416015625,-0.40183335542678833,0.3984336853027344,0.8330767154693604
1789634987126554000,31.72755419921875,-0.20344585180282593,0.1890326291322708,0.7014427185058594
1789634987136594200,31.73759423828125,-0.03430129960179329,-0.07862064987421036,0.5414687395095825
1789634987146633200,31.74763330078125,0.0696047991514206,-0.17909833788871765,0.32217907905578613
1789634987156673000,31.757673095703126,0.012483454309403896,0.012529151514172554,0.06005158647894859
1789634987166712000,31.767712158203125,-0.046368882060050964,0.20334285497665405,-0.17045067250728607
1789634987176752000,31.777752197265624,-0.023795662447810173,0.1411476582288742,-0.3455556631088257
1789634987186791000,31.787791015625,-0.03526328131556511,0.12667538225650787,-0.5270499587059021
1789634987196831000,31.7978310546875,-0.027013074606657028,0.31669965386390686,-0.7186111807823181
1789634987206871000,31.80787109375,0.029279617592692375,0.6407426595687866,-0.8901267647743225
1789634987216910000,31.81791015625,0.10515227168798447,0.8431940674781799,-1.0386120080947876
1789634987226950100,31.8279501953125,0.13923117518424988,0.8705565929412842,-1.1412715911865234
1789634987236989000,31.837989013671876,0.13010664284229279,0.7717583775520325,-1.2003746032714844
1789634987247029000,31.848029052734375,0.15102016925811768,0.5788446068763733,-1.2493877410888672
1789634987257068000,31.858068115234374,0.11721799522638321,0.4806796610355377,-1.3070886135101318
1789634987267107800,31.86810791015625,0.06609140336513519,0.6575565338134766,-1.3116718530654907
1789634987277147100,31.878147216796876,0.03754204884171486,0.8451858162879944,-1.209205985069275
1789634987287187200,31.888187255859375,0.05710025131702423,0.8480930924415588,-1.0413416624069214
1789634987297227300,31.898227294921874,0.134767085313797,0.6766496896743774,-0.9161216616630554
1789634987307266000,31.90826611328125,0.299267441034317,0.223323255777359,-0.884536862373352
1789634987317306000,31.91830615234375,0.41080141067504883,-0.3954470455646515,-0.9011203646659851
1789634987327345200,31.92834521484375,0.36552146077156067,-0.7010551691055298,-0.9415140151977539
1789634987337385200,31.93838525390625,0.30512285232543945,-0.7060725688934326,-0.988508403301239
1789634987347424000,31.948424072265624,0.2713461220264435,-0.5331755876541138,-1.081699013710022
1789634987357464000,31.958464111328126,0.1541886031627655,-0.11613117158412933,-1.2958917617797852
1789634987367504100,31.968504150390626,-0.04011596739292145,0.3827323317527771,-1.531750202178955
1789634987377543000,31.97854296875,-0.16748617589473724,0.7035242319107056,-1.5801126956939697
1789634987387583000,31.9885830078125,-0.15154395997524261,0.7627555727958679,-1.4736227989196777
1789634987397622000,31.9986220703125,-0.086790531873703,0.6072757244110107,-1.4051406383514404
1789634987407662000,32.008662109375,-0.029512371867895126,0.2228642702102661,-1.4504095315933228
1789634987417701000,32.018701171875,0.046620212495326996,-0.1966584324836731,-1.5523020029067993
1789634987427741000,32.028740966796875,0.12464307993650436,-0.3918382227420807,-1.6268442869186401
1789634987437780200,32.0387802734375,0.2031376212835312,-0.46665096282958984,-1.6590235233306885
1789634987447820000,32.048820068359376,0.2990991771221161,-0.6091338992118835,-1.713560700416565
1789634987457860000,32.05886010742187,0.3816654086112976,-0.842801570892334,-1.797166109085083
1789634987467899100,32.06889916992188,0.4145511984825134,-1.0124727487564087,-1.8750120401382446
1789634987477939200,32.07893920898437,0.41758158802986145,-0.9872159361839294,-1.9265445470809937
1789634987487978000,32.08897802734375,0.42050063610076904,-1.0013110637664795,-1.969298243522644
1789634987498018000,32.09901806640625,0.41821908950805664,-0.9123087525367737,-2.004474401473999
1789634987508057000,32.10905712890625,0.40109050273895264,-0.7744901180267334,-2.0158562660217285
1789634987518097200,32.11909716796875,0.34344717860221863,-0.6363775134086609,-2.0273478031158447
1789634987528137000,32.12913696289063,0.2564234733581543,-0.5617784857749939,-2.1334104537963867
1789634987538176000,32.139176025390626,0.21072469651699066,-0.6572471857070923,-2.2991557121276855
1789634987548216000,32.14921606445313,0.19170835614204407,-0.5047433376312256,-2.3970136642456055
1789634987558254800,32.1592548828125,0.20343904197216034,0.020173702389001846,-2.4106552600860596
1789634987568295000,32.169294921875,0.2459699660539627,0.2544994652271271,-2.469933271408081
1789634987578334200,32.17933422851563,0.3057992160320282,0.016242418438196182,-2.602095127105713
1789634987588374000,32.1893740234375,0.31427478790283203,-0.2864881455898285,-2.696124792098999
1789634987598413000,32.1994130859375,0.2963908612728119,-0.470514178276062,-2.6122186183929443
1789634987608453000,32.209453125,0.26759445667266846,-0.3952188193798065,-2.4143178462982178
1789634987618493200,32.2194931640625,0.2065017968416214,-0.059531353414058685,-2.1543235778808594
1789634987628532200,32.2295322265625,0.1386214792728424,0.10536836087703705,-1.9608315229415894
1789634987638572000,32.23957202148438,0.16435959935188293,-0.12671947479248047,-1.9139280319213867
1789634987648611000,32.24961108398438,0.21501384675502777,-0.5086453557014465,-1.8969887495040894
1789634987658651100,32.25965112304687,0.21508681774139404,-0.8202431797981262,-1.9103641510009766
1789634987668690000,32.26968994140625,0.13860905170440674,-0.8061539530754089,-1.8663711547851562
1789634987678730000,32.27972998046875,0.056642014533281326,-0.4789539575576782,-1.7375805377960205
1789634987688769000,32.28976904296875,0.03240305185317993,-0.4817555546760559,-1.6820611953735352
1789634987698809000,32.29980908203125,-0.01671922206878662,-0.6291146278381348,-1.6589281558990479
1789634987708849000,32.309848876953126,-0.11696851998567581,-0.5242944359779358,-1.5023504495620728
1789634987718888000,32.319887939453125,-0.20427732169628143,-0.20859158039093018,-1.3088151216506958
1789634987728928500,32.32992846679687,-0.2129368633031845,0.007723424583673477,-1.1348410844802856
1789634987738967300,32.33996728515625,-0.20026634633541107,-0.026590872555971146,-1.0008749961853027
1789634987749007400,32.35000732421875,-0.24597348272800446,-0.07089651376008987,-0.8037053942680359
1789634987759046700,32.36004663085937,-0.32527923583984375,-0.14253075420856476,-0.5984854102134705
1789634987769086700,32.370086669921875,-0.3705725073814392,-0.05360982194542885,-0.42241331934928894
1789634987779125500,32.38012548828125,-0.2954005300998688,0.3342004716396332,-0.25435373187065125
1789634987789165600,32.39016552734375,-0.14477723836898804,0.6929142475128174,-0.15302905440330505
1789634987799205600,32.40020556640625,0.034591175615787506,0.775206446647644,-0.09235958755016327
1789634987809244700,32.41024462890625,0.16905339062213898,0.6835750341415405,0.06586471945047379
1789634987819284500,32.42028442382812,0.1658107191324234,0.5803088545799255,0.34225794672966003
1789634987829323500,32.43032348632813,-0.015314088203012943,0.3608226776123047,0.6857945322990417
1789634987839363600,32.44036352539062,-0.2570657432079315,0.4037637710571289,1.0666230916976929
1789634987849402400,32.45040234375,-0.4469773471355438,0.5628921389579773,1.331394076347351
1789634987859442400,32.4604423828125,-0.5687200427055359,0.48607248067855835,1.406046748161316
1789634987869482500,32.470482421875,-0.6505237817764282,0.24537281692028046,1.420361042022705
1789634987879521500,32.480521484375,-0.6734610795974731,0.07141938805580139,1.478332757949829
1789634987889561300,32.49056127929688,-0.610325038433075,0.05050090700387955,1.5872470140457153
1789634987899600400,32.500600341796876,-0.5649048089981079,0.30945414304733276,1.7706102132797241
1789634987909640400,32.51064038085938,-0.4787716567516327,0.5131298899650574,1.959079623222351
1789634987919679500,32.52067944335938,-0.3760226368904114,0.7421500086784363,2.130657196044922
1789634987929719600,32.53071948242187,-0.32134950160980225,0.8389343023300171,2.209780216217041
1789634987939758600,32.54075854492187,-0.29944661259651184,0.8925221562385559,2.307687282562256
1789634987949798700,32.550798583984374,-0.33952221274375916,1.1526274681091309,2.5820999145507812
1789634987959838700,32.56083862304688,-0.4037552773952484,1.2693394422531128,2.879044771194458
1789634987969877500,32.57087744140625,-0.41647106409072876,1.034676194190979,3.0003392696380615
1789634987979917600,32.58091748046875,-0.3190121352672577,0.5647229552268982,2.9524242877960205
1789634987989956600,32.59095654296875,-0.0718647688627243,0.28796565532684326,2.8317675590515137
1789634987999996400,32.60099633789063,0.20241978764533997,0.3925676941871643,2.6723060607910156
1789634988010035500,32.61103540039063,0.2538565397262573,0.4367809295654297,2.45310640335083
1789634988020075500,32.62107543945312,0.2109636664390564,0.15110231935977936,2.1751976013183594
1789634988030115600,32.631115478515625,0.09742461889982224,-0.10415433347225189,2.1374197006225586
1789634988040154400,32.641154296875,-0.0032969280146062374,-0.2563822269439697,2.4285740852355957
1789634988050194400,32.6511943359375,-0.04647694155573845,-0.3080630898475647,2.784837484359741
1789634988060233500,32.6612333984375,-0.0453147366642952,-0.1773756444454193,3.002896308898926
1789634988070273300,32.671273193359376,-0.013436419889330864,-0.05442767217755318,2.9839236736297607
1789634988080312600,32.6813125,0.10289950668811798,-0.2454458326101303,2.7044994831085205
1789634988090352600,32.6913525390625,0.23789867758750916,-0.6892107129096985,2.3366127014160156
1789634988100391700,32.7013916015625,0.2468772679567337,-0.7725772857666016,2.16656756401062
1789634988110431500,32.71143139648437,0.17063815891742706,-0.4674418568611145,2.2612850666046143
1789634988120470500,32.72147045898438,0.10946907103061676,-0.14478816092014313,2.4150946140289307
1789634988130510600,32.73151049804687,0.08519181609153748,0.040261782705783844,2.4676380157470703
1789634988140550700,32.741550537109376,0.07974378019571304,-0.006853799801319838,2.3458573818206787
1789634988150589400,32.75158935546875,0.11332622915506363,-0.21114273369312286,2.0658740997314453
1789634988160629500,32.76162939453125,0.17479892075061798,-0.4664650559425354,1.760261058807373
1789634988170668500,32.77166845703125,0.19757390022277832,-0.5566396713256836,1.5865134000778198
1789634988180708400,32.78170825195313,0.24991832673549652,-0.550784170627594,1.5798912048339844
1789634988190747400,32.791747314453126,0.35031628608703613,-0.4804081320762634,1.6856210231781006
1789634988200787500,32.80178735351563,0.29092246294021606,-0.19032037258148193,1.8177976608276367
1789634988210827500,32.81182763671875,0.14967651665210724,0.07807177305221558,1.8506699800491333
1789634988220866600,32.82186645507812,-0.015587275847792625,0.17030076682567596,1.6961686611175537
1789634988230906400,32.83190625,-0.35855165123939514,0.3310542106628418,1.331135869026184
1789634988240945700,32.841945556640624,-0.5808297395706177,0.4688000977039337,0.964860200881958
1789634988250985700,32.85198583984375,-0.5885629653930664,0.5100100636482239,0.7685329914093018
1789634988261024500,32.8620244140625,-0.4638727307319641,0.44206538796424866,0.7084810733795166
1789634988271064600,32.87206469726563,-0.2738827168941498,0.2202080637216568,0.6785560846328735
1789634988281103600,32.882103515625,-0.13234129548072815,-0.09065525978803635,0.6066411733627319
1789634988291143400,32.89214331054688,-0.10470760613679886,-0.24929451942443848,0.49768516421318054
1789634988301183500,32.90218359375,-0.16461540758609772,-0.18640317022800446,0.36383363604545593
1789634988311222500,32.91222241210937,-0.21496173739433289,0.02320243790745735,0.20313696563243866
1789634988321262600,32.9222626953125,-0.2209080457687378,0.2530406713485718,-0.013393479399383068
1789634988331301400,32.93230126953125,-0.12187666445970535,0.43042677640914917,-0.23357443511486053
1789634988341341400,32.942341552734376,-0.004983860533684492,0.33161523938179016,-0.40701091289520264
1789634988351380500,32.95238037109375,0.034527022391557693,0.1937083601951599,-0.5682685375213623
1789634988361420500,32.96242065429688,0.08716306835412979,0.08699203282594681,-0.6831314563751221
1789634988371459600,32.97245947265625,0.09871476143598557,-0.017750509083271027,-0.7674090266227722
1789634988381499600,32.98249975585937,0.07867900282144547,0.1134336069226265,-0.9103305339813232
1789634988391539500,32.99253955078125,0.05835655704140663,0.3552010655403137,-1.0552518367767334
1789634988401578500,33.00257861328125,0.04822855442762375,0.5041404962539673,-1.105703592300415
1789634988411618600,33.01261865234375,0.1353548914194107,0.3880225718021393,-1.0491834878921509
1789634988421657600,33.02265771484375,0.18168270587921143,0.23049819469451904,-0.9966203570365906
1789634988431697700,33.03269775390625,0.1847625970840454,0.22483696043491364,-0.9946790337562561
1789634988441736400,33.042736328125,0.17314429581165314,0.26917511224746704,-1.0419938564300537
1789634988451776500,33.05277661132813,0.05048433691263199,0.40464961528778076,-1.1195228099822998
1789634988461815600,33.062815673828126,-0.052815958857536316,0.6050993800163269,-1.1785008907318115
1789634988471855400,33.07285546875,-0.06294578313827515,0.5721420645713806,-1.1430550813674927
1789634988481895400,33.0828955078125,0.03808842599391937,0.36339929699897766,-1.124508023262024
1789634988491934500,33.0929345703125,0.15022973716259003,0.13302747905254364,-1.1616154909133911
1789634988501974500,33.102974609375,0.21716108918190002,-0.04839637875556946,-1.285078525543213
1789634988512013300,33.11301342773437,0.23683783411979675,-0.15394587814807892,-1.4082010984420776
1789634988522053400,33.123053466796875,0.15401512384414673,-0.06367778033018112,-1.4636121988296509
1789634988532092700,33.1330927734375,-0.003523468039929867,0.09856123477220535,-1.5009303092956543
1789634988542132700,33.1431328125,-0.08515574783086777,0.1539027988910675,-1.501673698425293
1789634988552171500,33.153171630859376,-0.08275865763425827,0.08606251329183578,-1.482181191444397
1789634988562211600,33.16321166992188,-0.10964379459619522,0.05643937364220619,-1.469499945640564
1789634988572251600,33.173251708984374,-0.13140754401683807,0.12972141802310944,-1.50247323513031
1789634988582290400,33.18329052734375,-0.08348475396633148,0.15182167291641235,-1.5424379110336304
1789634988592330500,33.19333056640625,0.030639074742794037,0.04901615530252457,-1.6136356592178345
1789634988602369500,33.20336962890625,0.1478160321712494,-0.24195869266986847,-1.7537384033203125
1789634988612409600,33.21340966796875,0.2684743404388428,-0.5931035876274109,-1.9647657871246338
1789634988622448400,33.223448486328124,0.3736713230609894,-0.861781895160675,-2.191567897796631
1789634988632488400,33.23348852539063,0.4384758174419403,-0.9539549946784973,-2.4437336921691895
1789634988642527500,33.243527587890625,0.47671613097190857,-0.8345425724983215,-2.559626340866089
1789634988652567600,33.25356762695313,0.48257020115852356,-0.8097259402275085,-2.4789953231811523
1789634988662607400,33.263607421875,0.5049916505813599,-0.7208077907562256,-2.3749961853027344
1789634988672646400,33.273646484375,0.5822350382804871,-0.1816558986902237,-2.203535318374634
1789634988682686500,33.2836865234375,0.5878487229347229,0.4408300518989563,-2.039842367172241
1789634988692725500,33.2937255859375,0.49059221148490906,0.6079827547073364,-1.997259259223938
1789634988702765600,33.303765625,0.36085206270217896,0.3221842646598816,-2.1108529567718506
1789634988712804600,33.3138046875,0.21203146874904633,-0.05062670260667801,-2.2913033962249756
1789634988722844700,33.3238447265625,0.094096839427948,-0.20556221902370453,-2.3644800186157227
1789634988732884200,33.33388427734375,0.07551645487546921,-0.021003708243370056,-2.30904221534729
1789634988742924300,33.34392431640625,0.15144877135753632,-0.059152159839868546,-2.2749969959259033
1789634988752964400,33.35396435546875,0.20843884348869324,-0.154457688331604,-2.205632209777832
1789634988763003400,33.36400341796875,0.2510334253311157,-0.3205513060092926,-2.1199638843536377
1789634988773043200,33.374043212890626,0.2737323045730591,-0.49315834045410156,-2.045083522796631
1789634988783082200,33.384082275390625,0.2795238792896271,-0.5682415962219238,-2.027592658996582
1789634988793122300,33.39412231445313,0.2756766974925995,-0.7614487409591675,-2.0410654544830322
1789634988803161300,33.40416137695313,0.2299390435218811,-0.8596916794776917,-2.0143799781799316
1789634988813201200,33.414201171875,0.15913426876068115,-0.8097496032714844,-1.9218333959579468
1789634988823240200,33.424240234375,0.0826682597398758,-0.910495400428772,-1.8766038417816162
1789634988833280300,33.4342802734375,-0.03609023243188858,-0.9664343595504761,-1.7915492057800293
1789634988843320300,33.4443203125,-0.13463757932186127,-0.8676803708076477,-1.6580688953399658
1789634988853359000,33.45435913085937,-0.12928393483161926,-0.43757209181785583,-1.4470552206039429
1789634988863399200,33.464399169921876,-0.07295115292072296,-0.2861093282699585,-1.3157224655151367
1789634988873438500,33.4744384765625,0.02517060376703739,-0.11641587316989899,-1.163621187210083
1789634988883478300,33.48447827148438,0.12703758478164673,0.1997002810239792,-0.9653909206390381
1789634988893517300,33.494517333984376,0.20062336325645447,0.3205047845840454,-0.8588060736656189
1789634988903557400,33.50455737304687,0.223279669880867,0.2740691304206848,-0.8162572979927063
1789634988913596200,33.51459619140625,0.14406022429466248,0.20426714420318604,-0.6778911352157593
1789634988923636200,33.52463623046875,0.015194700099527836,0.23352156579494476,-0.4727790057659149
1789634988933676300,33.53467626953125,-0.036303699016571045,0.17337767779827118,-0.30387601256370544
1789634988943715300,33.54471533203125,-0.05702469125390053,0.11868380010128021,-0.1232452541589737
1789634988953755400,33.55475537109375,-0.019586622714996338,0.2185412347316742,0.044275350868701935
1789634988963794200,33.564794189453124,0.04099363461136818,0.28666117787361145,0.15960140526294708
1789634988973834200,33.57483422851563,0.05294874310493469,0.2353079617023468,0.24574574828147888
1789634988983873300,33.584873291015626,-0.02896076999604702,0.12901534140110016,0.3901066482067108
1789634988993913000,33.5949130859375,-0.11482395231723785,0.07072202116250992,0.6074314117431641
1789634989003952400,33.60495239257813,-0.14379382133483887,0.11231500655412674,0.7929472327232361
1789634989013992200,33.6149921875,-0.17869552969932556,0.17560216784477234,0.9361639618873596
1789634989024032300,33.6250322265625,-0.26101094484329224,0.19988860189914703,1.1301283836364746
1789634989034071300,33.6350712890625,-0.3072208762168884,0.20858234167099,1.3531129360198975
1789634989044111400,33.645111328125,-0.21669791638851166,0.21681763231754303,1.4609780311584473
1789634989054150400,33.655150390625,-0.12537910044193268,0.2761766016483307,1.4504649639129639
1789634989064190200,33.66519018554688,-0.10649675875902176,0.28037747740745544,1.4705252647399902
1789634989074229200,33.675229248046875,-0.15416300296783447,0.3180684447288513,1.6353017091751099
1789634989084269300,33.68526928710938,-0.20568744838237762,0.5206045508384705,1.8789260387420654
1789634989094308400,33.69530834960938,-0.23679471015930176,0.5339547395706177,2.029327630996704
1789634989104348200,33.70534814453125,-0.2892270088195801,0.31941983103752136,2.1097042560577393
1789634989114388200,33.71538818359375,-0.2974335849285126,0.2935505211353302,2.284360408782959
1789634989124427300,33.72542724609375,-0.29560986161231995,0.46826454997062683,2.477881669998169
1789634989134467300,33.73546728515625,-0.27288538217544556,0.5525845885276794,2.5060744285583496
1789634989144506000,33.74550610351562,-0.21413207054138184,0.39075517654418945,2.402817726135254
1789634989154546200,33.755546142578126,-0.18096940219402313,0.2534065544605255,2.3830387592315674
1789634989164585500,33.76558544921875,-0.2402937114238739,0.3169647753238678,2.5915088653564453
1789634989174625300,33.77562524414063,-0.34976306557655334,0.4528356194496155,2.8736445903778076
1789634989184664300,33.785664306640626,-0.36322319507598877,0.4058803617954254,3.055644989013672
1789634989194704400,33.79570434570312,-0.31893742084503174,0.2945440113544464,3.0840048789978027
1789634989204744400,33.805744384765624,-0.21059125661849976,0.1410713642835617,2.9085190296173096
1789634989214783200,33.815783203125,-0.1445244401693344,0.10629025101661682,2.7275235652923584
1789634989224823300,33.8258232421875,-0.20144018530845642,0.27242380380630493,2.622875452041626
1789634989234862300,33.8358623046875,-0.1782919317483902,0.11099772900342941,2.4391374588012695
1789634989244902400,33.84590234375,-0.0939142033457756,-0.39909827709198,2.2517826557159424
1789634989254941200,33.855941162109374,-0.1455172598361969,-0.5599983334541321,2.2311854362487793
1789634989264981200,33.86598120117188,-0.30876240134239197,-0.391143262386322,2.3325765132904053
1789634989275021300,33.87602124023437,-0.3868827819824219,-0.37537747621536255,2.365844488143921
1789634989285060000,33.88606005859375,-0.33975014090538025,-0.5524848699569702,2.2953097820281982
1789634989295100200,33.89610009765625,-0.39424124360084534,-0.6445167064666748,2.162196636199951
1789634989305139200,33.90613916015625,-0.535528838634491,-0.4933396875858307,2.048245429992676
1789634989315179300,33.91617919921875,-0.5356460809707642,-0.24722592532634735,2.00974702835083
1789634989325218300,33.92621826171875,-0.4153537452220917,0.017499469220638275,2.0847620964050293
1789634989335258400,33.93625830078125,-0.2598554491996765,0.23678180575370789,2.122527599334717
1789634989345297400,33.94629736328125,-0.07783395797014236,0.13079172372817993,1.9647184610366821
1789634989355337500,33.95633740234375,0.06690473854541779,-0.2336122691631317,1.6404376029968262
1789634989365376300,33.966376220703125,0.07275862991809845,-0.44791629910469055,1.407645344734192
1789634989375416300,33.97641625976563,0.0003433395177125931,-0.3578142523765564,1.3977477550506592
1789634989385456400,33.986456298828124,-0.0824468806385994,-0.10581184178590775,1.4931946992874146
1789634989395495200,33.9964951171875,-0.13105730712413788,0.1226985901594162,1.564591884613037
1789634989405535200,34.00653515625,-0.17205694317817688,0.3772198259830475,1.538996696472168
1789634989415574300,34.01657421875,-0.1126868948340416,0.5303462147712708,1.4059827327728271
1789634989425614300,34.0266142578125,0.0072858501225709915,0.4513685703277588,1.1855576038360596
1789634989435653000,34.03665307617187,0.031177159398794174,0.28372734785079956,0.9052839279174805
1789634989445693200,34.046693115234376,-0.013937321491539478,0.11088287830352783,0.6256563067436218
1789634989455732200,34.056732177734375,-0.10006742179393768,0.12741315364837646,0.38475215435028076
1789634989465772000,34.06677197265625,-0.15858319401741028,0.37111902236938477,0.19846908748149872
1789634989475812000,34.07681201171875,-0.13483202457427979,0.49783581495285034,0.08730047941207886
1789634989485851400,34.08685131835937,-0.01437830924987793,0.6378371715545654,0.03633502870798111
1789634989495891500,34.096891357421875,0.12695680558681488,0.8036953210830688,-0.02742624096572399
1789634989505930200,34.10693017578125,0.21602888405323029,0.7967545986175537,-0.16941587626934052
1789634989515970300,34.11697021484375,0.24171240627765656,0.5032759308815002,-0.3521271347999573
1789634989526009300,34.12700927734375,0.22521677613258362,0.12723304331302643,-0.5088315606117249
1789634989536049400,34.13704931640625,0.22756798565387726,0.0012484826147556305,-0.5728391408920288
1789634989546088200,34.147088134765625,0.2608764171600342,-0.1052987277507782,-0.5918292999267578
1789634989556128300,34.15712817382813,0.246500626206398,0.000703238882124424,-0.5296212434768677
1789634989566168300,34.16716821289062,0.2196495682001114,0.2555445730686188,-0.4787444770336151
1789634989576207000,34.17720703125,0.22844357788562775,0.366432785987854,-0.5165318846702576
1789634989586247200,34.1872470703125,0.23151366412639618,0.3670908510684967,-0.6355027556419373
1789634989596286200,34.1972861328125,0.23646427690982819,0.3874225318431854,-0.7683191299438477
1789634989606326300,34.207326171875,0.2375287413597107,0.30898764729499817,-0.8742293119430542
1789634989616365300,34.217365234375,0.20431840419769287,0.3011537790298462,-0.9561524987220764
1789634989626405000,34.227405029296875,0.22276557981967926,0.28727471828460693,-1.0311460494995117
1789634989636444400,34.2374443359375,0.3184674382209778,0.14140456914901733,-1.049542784690857
1789634989646484500,34.247484375,0.31544050574302673,0.08044666796922684,-1.0867719650268555
1789634989656524300,34.25752416992187,0.21559257805347443,0.13946779072284698,-1.1756778955459595
1789634989666563300,34.26756323242188,0.15168443322181702,0.13286635279655457,-1.282423496246338
1789634989676603400,34.277603271484374,0.11456865072250366,0.02137746475636959,-1.3611812591552734
1789634989686642200,34.28764208984375,0.030063888058066368,0.05364539101719856,-1.435105562210083
1789634989696682200,34.29768212890625,-0.05207977816462517,0.22742348909378052,-1.496391773223877
1789634989706721300,34.30772119140625,0.0007123290561139584,0.3456262946128845,-1.4686775207519531
1789634989716761300,34.31776123046875,0.011224670335650444,0.4534551203250885,-1.392189383506775
1789634989726800100,34.327800048828124,0.010713876225054264,0.5645084381103516,-1.3738734722137451
1789634989736839200,34.33783911132812,0.09650691598653793,0.41805288195610046,-1.441343069076538
1789634989746879000,34.34787890625,0.192880317568779,0.10144858807325363,-1.5896276235580444
1789634989756918000,34.35791796875,0.17650674283504486,-0.2658449411392212,-1.7764226198196411
1789634989766958000,34.3679580078125,0.11382073909044266,-0.5416094660758972,-1.9772298336029053
1789634989776997000,34.3779970703125,0.16078807413578033,-0.6068507432937622,-2.117159605026245
1789634989787037200,34.388037109375,0.2048058658838272,-0.5003933310508728,-2.083634376525879
1789634989797076000,34.398075927734375,0.19664932787418365,-0.3305486738681793,-1.9584124088287354
1789634989807116000,34.40811596679688,0.23278149962425232,-0.3634221851825714,-1.8695824146270752
1789634989817155000,34.41815502929688,0.24918816983699799,-0.5097895264625549,-1.8256733417510986
1789634989827195000,34.42819482421875,0.19327989220619202,-0.5517817139625549,-1.8496571779251099
1789634989837234000,34.43823388671875,0.14575159549713135,-0.795369029045105,-2.0034189224243164
1789634989847274000,34.44827392578125,0.15012851357460022,-1.2714823484420776,-2.2380950450897217
1789634989857314000,34.45831396484375,0.13047155737876892,-1.1483556032180786,-2.351163148880005
1789634989867353000,34.46835302734375,0.151107057929039,-0.5807415246963501,-2.3756704330444336
1789634989877393000,34.478392822265626,0.24718855321407318,-0.23792220652103424,-2.456346273422241
1789634989887432200,34.48843212890625,0.3024219572544098,-0.07611066848039627,-2.5152482986450195
1789634989897472000,34.49847192382813,0.27017608284950256,-0.020658908411860466,-2.452348232269287
1789634989907511000,34.508510986328126,0.18736402690410614,-0.1959199458360672,-2.3285796642303467
1789634989917551000,34.51855102539062,0.2126764953136444,-0.3330664038658142,-2.1584832668304443
1789634989927590100,34.52859008789063,0.2540132999420166,-0.26721975207328796,-1.8995715379714966
1789634989937630000,34.5386298828125,0.23348259925842285,-0.09340532124042511,-1.7122446298599243
1789634989947670000,34.548669921875,0.2002306431531906,-0.025204431265592575,-1.7707138061523438
1789634989957709000,34.558708984375,0.147208109498024,-0.14354287087917328,-1.9819414615631104
1789634989967749000,34.5687490234375,0.0810498595237732,-0.3504595458507538,-2.1122381687164307
1789634989977788000,34.578787841796874,0.10405263304710388,-0.7425819635391235,-2.16093111038208
1789634989987828000,34.58882788085938,0.12168355286121368,-0.8974218964576721,-2.0779905319213867
1789634989997867000,34.598866943359376,0.10077540576457977,-0.4349713623523712,-1.7694908380508423
1789634990007906800,34.60890673828125,0.10393471270799637,-0.2114914059638977,-1.5811387300491333
1789634990017946000,34.61894604492188,0.018823403865098953,-0.25721240043640137,-1.5061554908752441
1789634990027986200,34.62898608398437,-0.14322514832019806,-0.32714489102363586,-1.3719476461410522
1789634990038026000,34.63902587890625,-0.2365819215774536,-0.3706018030643463,-1.286289095878601
1789634990048065000,34.64906494140625,-0.25837773084640503,-0.4550623595714569,-1.296453833580017
1789634990058105000,34.65910498046875,-0.2955823540687561,-0.485115647315979,-1.2092490196228027
1789634990068144000,34.66914404296875,-0.3205220699310303,-0.30176258087158203,-1.0290273427963257
1789634990078184200,34.67918408203125,-0.30856266617774963,-0.10428368300199509,-0.9722990393638611
1789634990088223000,34.689222900390625,-0.2677835524082184,-0.15189595520496368,-1.0164525508880615
1789634990098263000,34.69926293945313,-0.30401191115379333,-0.37296316027641296,-0.9720528721809387
1789634990108302000,34.70930200195313,-0.32364606857299805,-0.004531329032033682,-0.695501446723938
1789634990118342000,34.719341796875,-0.11748459935188293,0.5221608281135559,-0.3852728307247162
1789634990128382000,34.7293818359375,0.16382165253162384,0.7351971864700317,-0.22962117195129395
1789634990138421000,34.7394208984375,0.27963393926620483,1.0132521390914917,-0.07726879417896271
1789634990148461000,34.7494609375,0.23106135427951813,0.7833302617073059,0.06497516483068466
1789634990158499800,34.75949975585937,0.10131628811359406,0.17468400299549103,0.2926778793334961
1789634990168540000,34.769539794921876,-0.09222973883152008,-0.19204126298427582,0.5519317984580994
1789634990178579200,34.7795791015625,-0.26771289110183716,-0.11523517221212387,0.6586116552352905
1789634990188619000,34.78961889648438,-0.33315154910087585,0.018525822088122368,0.6873524785041809
1789634990198658000,34.799657958984376,-0.2635745704174042,0.14750295877456665,0.7522162199020386
1789634990208698000,34.80969799804687,-0.17612755298614502,0.2735775411128998,0.8536882400512695
1789634990218737200,34.81973706054688,-0.03893028199672699,0.41413599252700806,0.9758437275886536
1789634990228777000,34.82977685546875,0.09124530106782913,0.3617252707481384,1.0939078330993652
1789634990238817000,34.839817138671876,0.0912187248468399,0.30239754915237427,1.3884962797164917
1789634990248856000,34.84985595703125,-0.02825200743973255,0.4721255898475647,1.8329277038574219
1789634990258896100,34.85989624023438,-0.204220712184906,0.8325942158699036,2.133244037628174
1789634990268935000,34.869934814453124,-0.3075076639652252,0.8728324174880981,2.2225003242492676
1789634990278975000,34.87997509765625,-0.29230996966362,0.6143113374710083,2.2581281661987305
1789634990289014000,34.890013916015626,-0.24336504936218262,0.540449321269989,2.346811056137085
1789634990299053800,34.9000537109375,-0.18077370524406433,0.5918503403663635,2.3742027282714844
1789634990309093000,34.91009301757813,-0.09149870276451111,0.46122413873672485,2.3001768589019775
1789634990319133000,34.9201328125,-0.07749151438474655,0.3298921287059784,2.382693290710449
1789634990329173000,34.930173095703125,-0.17316478490829468,0.3999955952167511,2.6541197299957275
1789634990339212000,34.9402119140625,-0.2058119773864746,0.47263747453689575,2.822706460952759
1789634990349252000,34.95025219726563,-0.13095584511756897,0.4534078538417816,2.8253753185272217
1789634990359291100,34.960291015625,-0.036478135734796524,0.3740180730819702,2.7291676998138428
1789634990369331200,34.97033129882813,0.0555974617600441,0.2325584441423416,2.5612165927886963
1789634990379370000,34.980369873046875,0.147453173995018,-0.09892916679382324,2.422337532043457
1789634990389410000,34.99041015625,0.13407637178897858,-0.29915228486061096,2.4082376956939697
1789634990399449000,35.00044897460938,-0.0047397734597325325,-0.17388802766799927,2.488185167312622
1789634990409489000,35.01048901367187,-0.09594318270683289,-0.14884738624095917,2.4551243782043457
1789634990419529000,35.020529052734375,-0.14290115237236023,-0.27773118019104004,2.315406322479248
1789634990429568000,35.030568115234374,-0.24620038270950317,-0.2640388309955597,2.2120866775512695
1789634990439608000,35.040608154296876,-0.28449487686157227,-0.19378876686096191,2.1760237216949463
1789634990449646800,35.05064672851562,-0.2536773085594177,-0.17451760172843933,2.190671443939209
1789634990459687000,35.06068701171875,-0.17279759049415588,-0.12785810232162476,2.240138530731201
1789634990469726200,35.07072631835938,-0.08519664406776428,-0.11232069134712219,2.302523374557495
1789634990479766000,35.08076611328125,0.013727384619414806,-0.11850626021623611,2.31947922706604
1789634990489805000,35.09080517578125,0.16841576993465424,-0.301447331905365,2.241814136505127
1789634990499845000,35.10084521484375,0.3305293917655945,-0.6173322796821594,2.07358455657959
1789634990509884200,35.11088427734375,0.2942741811275482,-0.769188642501831,1.925061583518982
1789634990519924000,35.12092407226562,0.1515595018863678,-0.830946147441864,1.8759708404541016
1789634990529964000,35.130964111328126,0.02728281170129776,-0.8131074905395508,1.9056384563446045
1789634990540003000,35.141003173828125,-0.09467654675245285,-0.5982490181922913,1.9296672344207764
1789634990550043100,35.15104321289063,-0.29472655057907104,-0.09663329273462296,1.9095538854599
1789634990560082000,35.16108203125,-0.37403973937034607,0.3447190821170807,1.8513399362564087
1789634990570122000,35.1711220703125,-0.24643012881278992,0.45078960061073303,1.7918105125427246
1789634990580161000,35.1811611328125,-0.04484810680150986,0.2652610242366791,1.6776057481765747
1789634990590200800,35.19120092773438,0.16416876018047333,-0.09437090158462524,1.5175188779830933
1789634990600239900,35.20123999023438,0.3315240144729614,-0.4597458839416504,1.3387023210525513
1789634990610280000,35.21128002929687,0.2911454439163208,-0.5451931953430176,1.1068134307861328
1789634990620320000,35.221320068359375,0.05652046948671341,-0.2452247440814972,0.8301995992660522
1789634990630359000,35.231359130859374,-0.12203143537044525,0.1386084109544754,0.6006108522415161
1789634990640399000,35.24139916992188,-0.13212433457374573,0.2572233974933624,0.48814380168914795
1789634990650438100,35.251438232421876,-0.10776439309120178,0.16057009994983673,0.4019540548324585
1789634990660478200,35.26147827148438,-0.12257596850395203,0.09585002064704895,0.2744387090206146
1789634990670517000,35.27151708984375,-0.14404210448265076,0.09089148044586182,0.11995778977870941
1789634990680557000,35.28155712890625,-0.14680296182632446,0.08750993013381958,-0.012957622297108173
1789634990690596000,35.29159619140625,-0.21656286716461182,0.27213624119758606,-0.13540737330913544
1789634990700636000,35.30163598632812,-0.19113793969154358,0.3934701383113861,-0.22473250329494476
1789634990710675000,35.31167504882813,-0.14556539058685303,0.33139532804489136,-0.2861460745334625
1789634990720715000,35.321715087890624,-0.10215982794761658,0.3526914417743683,-0.34726855158805847
1789634990730755000,35.33175512695313,-0.01732349768280983,0.2938787043094635,-0.39940792322158813
1789634990740794600,35.34179467773438,0.0733143612742424,0.13635191321372986,-0.43032199144363403
1789634990750834400,35.35183447265625,0.08795589208602905,0.03373099863529205,-0.4847511351108551
1789634990760873500,35.36187353515625,0.07887135446071625,0.020318683236837387,-0.5425282120704651
1789634990770913500,35.37191357421875,0.11414332687854767,-0.07639773935079575,-0.5891467928886414
1789634990780952600,35.38195263671875,0.101943239569664,-0.30158278346061707,-0.6536436676979065
1789634990790992400,35.391992431640624,0.030959878116846085,-0.3736058473587036,-0.794011116027832
1789634990801031700,35.40203173828125,-0.0626489445567131,-0.09497863799333572,-0.9785993695259094
1789634990811071700,35.41207177734375,-0.08500617742538452,0.29146015644073486,-1.1176762580871582
1789634990821111600,35.42211157226563,-0.053824763745069504,0.5395047664642334,-1.1960512399673462
1789634990831150600,35.43215063476563,-0.035968802869319916,0.7637122869491577,-1.231278657913208
1789634990841190700,35.44219067382812,0.04783221706748009,0.8274255394935608,-1.2432475090026855
1789634990851229700,35.45222973632813,0.20164228975772858,0.4846050441265106,-1.2452811002731323
1789634990861269500,35.46226953125,0.26854753494262695,0.044779300689697266,-1.2414082288742065
1789634990871308500,35.47230859375,0.25060179829597473,-0.14511527121067047,-1.2579855918884277
1789634990881348600,35.4823486328125,0.21212591230869293,-0.1347377896308899,-1.2766807079315186
1789634990891387400,35.49238745117187,0.1586376577615738,-0.09808842837810516,-1.3164108991622925
1789634990901427500,35.502427490234375,0.09397969394922256,-0.10991032421588898,-1.3843730688095093
1789634990911467500,35.51246752929688,0.027044333517551422,-0.10009977221488953,-1.4865292310714722
1789634990921506600,35.522506591796876,-0.053601425141096115,0.0389326736330986,-1.5998753309249878
1789634990931546400,35.53254638671875,-0.0907147079706192,0.17479808628559113,-1.7016783952713013
1789634990941585700,35.54258569335938,-0.10615552961826324,0.206874817609787,-1.7601267099380493
1789634990951625500,35.55262548828125,-0.16554322838783264,0.28342339396476746,-1.7824690341949463
1789634990961664800,35.56266479492187,-0.20721782743930817,0.33257535099983215,-1.7956938743591309
1789634990971704600,35.57270458984375,-0.15470801293849945,0.16020943224430084,-1.8216739892959595
1789634990981743600,35.58274365234375,-0.08542324602603912,-0.1454707533121109,-1.8248182535171509
1789634990991783700,35.59278369140625,-0.07196496427059174,-0.3436235189437866,-1.8290419578552246
1789634991001822500,35.60282250976562,-0.058699026703834534,-0.48508375883102417,-1.8753366470336914
1789634991011862500,35.612862548828126,-0.03434441611170769,-0.5587806105613708,-1.8942134380340576
1789634991021902600,35.62290258789063,0.01288983691483736,-0.44495177268981934,-1.9208225011825562
1789634991031941600,35.63294165039063,0.13747864961624146,-0.29358595609664917,-1.9929864406585693
1789634991041981400,35.6429814453125,0.2495729923248291,-0.4194033741950989,-2.1284072399139404
1789634991052020500,35.6530205078125,0.31475919485092163,-0.543279230594635,-2.257899284362793
1789634991062060500,35.663060546875,0.3180125057697296,-0.6282048225402832,-2.3435375690460205
1789634991072099300,35.67309936523438,0.2360912412405014,-0.6110010147094727,-2.311631917953491
1789634991082139400,35.683139404296874,0.15595091879367828,-0.5775821805000305,-2.1988565921783447
1789634991092178700,35.6931787109375,0.12379724532365799,-0.474547415971756,-2.0640618801116943
1789634991102218800,35.70321875,0.13187368214130402,-0.2554948329925537,-1.9551000595092773
1789634991112257500,35.713257568359374,0.21560239791870117,-0.06942109018564224,-1.9463064670562744
1789634991122297600,35.72329760742188,0.3208674192428589,-0.10066329687833786,-2.001664400100708
1789634991132337700,35.73333764648437,0.35837724804878235,-0.30423107743263245,-2.0850601196289062
1789634991142376700,35.74337670898438,0.33420640230178833,-0.5657939314842224,-2.18831205368042
1789634991152416500,35.75341650390625,0.27908003330230713,-0.6562319397926331,-2.204334259033203
1789634991162455600,35.76345556640625,0.20799994468688965,-0.6353161334991455,-2.160210371017456
1789634991172495600,35.77349560546875,0.14481991529464722,-0.5673764944076538,-2.0817198753356934
1789634991182534400,35.78353442382812,0.08387325704097748,-0.5819142460823059,-1.9288889169692993
1789634991192574500,35.793574462890625,-0.01671699993312359,-0.5799709558486938,-1.7684398889541626
1789634991202613500,35.803613525390624,-0.09548316150903702,-0.5791156888008118,-1.7190256118774414
1789634991212653600,35.813653564453126,-0.10171735286712646,-0.5787625312805176,-1.6928571462631226
1789634991222693400,35.823693359375,-0.0845729410648346,-0.5435546040534973,-1.629584550857544
1789634991232732400,35.833732421875,-0.021625937893986702,-0.45095545053482056,-1.568996787071228
1789634991242772500,35.8437724609375,0.07231782376766205,-0.259895384311676,-1.5710595846176147
1789634991252811800,35.85381176757812,0.15528275072574615,-0.1688634753227234,-1.536963939666748
1789634991262851600,35.8638515625,0.17475205659866333,-0.16773873567581177,-1.4546866416931152
1789634991272890600,35.873890625,0.11113419383764267,-0.04917960613965988,-1.3104565143585205
1789634991282930700,35.8839306640625,0.033424876630306244,0.05530618876218796,-1.1520812511444092
1789634991292969500,35.89396948242187,-0.039611782878637314,0.026954710483551025,-0.9646558165550232
1789634991303009500,35.904009521484376,-0.08046241849660873,0.006427737884223461,-0.7201274037361145
1789634991313048600,35.914048583984375,-0.07782215625047684,0.10181551426649094,-0.5163002610206604
1789634991323088600,35.92408862304688,-0.01853286102414131,0.37008172273635864,-0.33579960465431213
1789634991333128400,35.93412841796875,-0.010038710199296474,0.3669533133506775,-0.1876005381345749
1789634991343167500,35.94416748046875,-0.06216857209801674,0.20360860228538513,-0.060371074825525284
1789634991353207600,35.95420751953125,-0.11887738853693008,0.18410921096801758,0.08729667961597443
1789634991363246300,35.96424633789063,-0.10633745044469833,0.20668689906597137,0.19109368324279785
1789634991373286400,35.974286376953124,-0.09534578770399094,0.25684353709220886,0.2502627372741699
1789634991383325700,35.98432568359375,-0.0868784636259079,0.3934488594532013,0.3652355670928955
1789634991393365500,35.994365478515626,-0.03142479434609413,0.5110753774642944,0.5016000866889954
1789634991403404500,36.004404541015624,0.003447928000241518,0.5532791018486023,0.7217998504638672
1789634991413444600,36.01444458007813,-0.017295166850090027,0.5751641988754272,1.0565019845962524
1789634991423484700,36.02448461914062,-0.12428845465183258,0.4819655120372772,1.4114341735839844
1789634991433523700,36.03452368164063,-0.30300042033195496,0.44568899273872375,1.7127280235290527
1789634991443563500,36.0445634765625,-0.41461342573165894,0.6289526224136353,1.842124581336975
1789634991453602600,36.0546025390625,-0.38797518610954285,0.8027886152267456,1.8464678525924683
1789634991463642600,36.064642578125,-0.2949885129928589,0.6689701080322266,1.8049097061157227
1789634991473681400,36.07468139648437,-0.31345751881599426,0.4187906086444855,1.857141137123108
1789634991483721500,36.084721435546875,-0.5385367274284363,0.4210202097892761,2.172506093978882
1789634991493760500,36.094760498046874,-0.7937713861465454,0.5749912261962891,2.578373432159424
1789634991503800600,36.10480053710938,-0.8590286374092102,0.6629756689071655,2.7835237979888916
1789634991513839400,36.11483935546875,-0.7058382630348206,0.7528213858604431,2.789877414703369
1789634991523879400,36.12487939453125,-0.47022637724876404,0.8858597874641418,2.7717947959899902
1789634991533919500,36.13491943359375,-0.23870232701301575,0.8427890539169312,2.721560001373291
1789634991543958800,36.14495874023437,-0.09166691452264786,0.49803680181503296,2.569917678833008
1789634991553998600,36.15499853515625,-0.09888727217912674,0.3009362518787384,2.5008699893951416
1789634991564037600,36.16503759765625,-0.20892810821533203,0.2338991016149521,2.5473403930664062
1789634991574077700,36.17507763671875,-0.28295838832855225,0.24640105664730072,2.607774257659912
1789634991584116500,36.18511645507812,-0.34370726346969604,0.26906323432922363,2.5949254035949707
1789634991594156500,36.195156494140626,-0.37426942586898804,0.09359048306941986,2.4825189113616943
1789634991604195600,36.205195556640625,-0.3691803216934204,-0.09512042254209518,2.438565492630005
1789634991614235600,36.21523559570313,-0.33907487988471985,-0.08525926619768143,2.5263280868530273
1789634991624275500,36.225275390625,-0.26395347714424133,0.05321967229247093,2.605476140975952
1789634991634314500,36.235314453125,-0.16456855833530426,0.175251305103302,2.54740571975708
1789634991644354600,36.2453544921875,-0.06397264450788498,0.20242492854595184,2.3716821670532227
1789634991654393600,36.2553935546875,0.028144236654043198,0.05127669498324394,2.2088122367858887
1789634991664433400,36.265433349609374,0.10168422758579254,-0.22164244949817657,2.140850782394409
1789634991674472400,36.27547241210937,0.11182395368814468,-0.46034130454063416,2.149946928024292
1789634991684512500,36.285512451171876,-0.029607854783535004,-0.5148999094963074,2.2363321781158447
1789634991694551600,36.295551513671874,-0.2596453130245209,-0.377672016620636,2.3401403427124023
1789634991704591600,36.30559155273438,-0.41250908374786377,-0.21430480480194092,2.3337321281433105
1789634991714630700,36.315630615234376,-0.5419456362724304,-0.018276982009410858,2.192486047744751
1789634991724670700,36.32567065429687,-0.5084121227264404,-0.09932496398687363,1.9928267002105713
1789634991734710300,36.33571020507812,-0.2890577018260956,-0.3302718997001648,1.8349837064743042
1789634991744749000,36.3457490234375,-0.023708879947662354,-0.33190441131591797,1.7562254667282104
1789634991754789000,36.3557890625,0.1689860075712204,-0.10891047865152359,1.748573660850525
1789634991764828200,36.365828125,0.21210525929927826,0.12246201932430267,1.706310749053955
1789634991774868200,36.3758681640625,0.065276138484478,0.3304615616798401,1.6070326566696167
1789634991784907000,36.38590698242187,-0.1016579419374466,0.5055721998214722,1.487609624862671
1789634991794947000,36.395947021484375,-0.07908445596694946,0.38187742233276367,1.3869661092758179
1789634991804986000,36.405986083984374,0.003579196287319064,0.22683434188365936,1.2878996133804321
1789634991815026200,36.416026123046876,0.09773019701242447,0.1869172900915146,1.1706739664077759
1789634991825065200,36.426065185546875,0.1971839815378189,0.09994450211524963,1.030199646949768
1789634991835105300,36.43610522460938,0.23554468154907227,0.29191529750823975,0.8911085724830627
1789634991845145300,36.44614526367187,0.32935214042663574,0.3130924701690674,0.7973096370697021
1789634991855184100,36.45618408203125,0.44928041100502014,0.053060613572597504,0.7125713229179382
1789634991865224200,36.46622412109375,0.3954164981842041,-0.05036274716258049,0.5472773909568787
1789634991875263200,36.47626318359375,0.33112141489982605,-0.06497391313314438,0.28921976685523987
1789634991885303300,36.48630322265625,0.1656918227672577,0.13642564415931702,-0.08049395680427551
1789634991895342000,36.49634204101562,0.046126287430524826,0.6118283867835999,-0.42658424377441406
1789634991905382100,36.506382080078126,0.04730789735913277,0.8746623992919922,-0.606784999370575
1789634991915421200,36.516421142578125,0.1581806242465973,0.9362163543701172,-0.6336246132850647
1789634991925461200,36.52646118164063,0.3424642086029053,0.7543987035751343,-0.5680278539657593
1789634991935500000,36.5365,0.40613293647766113,0.5006391406059265,-0.534727156162262
1789634991945540000,36.5465400390625,0.39919528365135193,0.32001087069511414,-0.5716346502304077
1789634991955580200,36.556580078125,0.37148404121398926,0.2754859924316406,-0.6541566848754883
1789634991965619200,36.566619140625,0.356977254152298,0.38055410981178284,-0.7427353262901306
1789634991975659000,36.576658935546874,0.3569125533103943,0.34538838267326355,-0.7818576693534851
1789634991985698300,36.5866982421875,0.3134942352771759,0.21904537081718445,-0.8102321028709412
1789634991995738400,36.59673828125,0.26182010769844055,0.1297844648361206,-0.8589716553688049
1789634992005777200,36.606777099609374,0.21653145551681519,0.09428727626800537,-0.948809027671814
1789634992015817200,36.61681713867188,0.19002528488636017,0.1366746872663498,-1.053932785987854
1789634992025856300,36.626856201171876,0.18622954189777374,0.18280284106731415,-1.1080299615859985
1789634992035896300,36.63689624023438,0.18266889452934265,0.3088952302932739,-1.0727708339691162
1789634992045935000,36.64693505859375,0.18802975118160248,0.5639868974685669,-1.0171998739242554
1789634992055975200,36.65697509765625,0.1997990608215332,0.697045624256134,-1.0138427019119263
1789634992066015200,36.66701513671875,0.2570580244064331,0.6233775615692139,-1.04400634765625
1789634992076054000,36.67705395507812,0.3186284303665161,0.2241414487361908,-1.0840128660202026
1789634992086094000,36.687093994140625,0.3505537807941437,-0.20224560797214508,-1.1204923391342163
1789634992096133000,36.697133056640624,0.34029901027679443,-0.4245620369911194,-1.2053099870681763
1789634992106173200,36.707173095703126,0.2576952874660492,-0.36354485154151917,-1.309424877166748
1789634992116212200,36.717212158203125,0.019525840878486633,0.14341261982917786,-1.3956001996994019
1789634992126252300,36.72725219726563,-0.15924058854579926,0.7572338581085205,-1.3821253776550293
1789634992136291300,36.73729125976563,-0.06289806962013245,0.824442446231842,-1.3421605825424194
1789634992146331100,36.7473310546875,0.05195978283882141,0.595932126045227,-1.3662906885147095
1789634992156370200,36.7573701171875,-0.04490870609879494,0.465412437915802,-1.5058786869049072
1789634992166410200,36.76741015625,-0.11785988509654999,0.08195215463638306,-1.739930272102356
1789634992176450300,36.7774501953125,-0.03006158396601677,-0.19442671537399292,-1.836228609085083
1789634992186489000,36.78748901367187,0.02039376087486744,-0.1696554571390152,-1.7330949306488037
1789634992196529200,36.797529052734376,0.09762942790985107,-0.09782226383686066,-1.6096395254135132
1789634992206568200,36.807568115234375,0.23501741886138916,-0.1625836342573166,-1.5143085718154907
1789634992216608300,36.81760815429688,0.3325011134147644,-0.6928961873054504,-1.5226609706878662
1789634992226647000,36.82764697265625,0.29885733127593994,-0.9472846388816833,-1.6746251583099365
1789634992236687000,36.83768701171875,0.2712203860282898,-0.8632891178131104,-1.8819026947021484
1789634992246726400,36.84772631835938,0.2812734544277191,-0.9262904524803162,-2.134323835372925
1789634992256766200,36.85776611328125,0.2832047641277313,-0.7225716710090637,-2.2623469829559326
1789634992266805200,36.86780517578125,0.23551687598228455,-0.267129510641098,-2.2583847045898438
1789634992276845300,36.87784521484375,0.24198035895824432,-0.3559989333152771,-2.3095099925994873
1789634992286885400,36.88788549804688,0.281370609998703,-0.711747407913208,-2.3845670223236084
1789634992296924200,36.897924072265624,0.2332363873720169,-0.7859382629394531,-2.375870704650879
1789634992306964200,36.90796411132813,0.06478577107191086,-0.40646180510520935,-2.265561103820801
1789634992317003300,36.918003173828126,-0.03985648602247238,0.08182132244110107,-2.148930788040161
1789634992327043300,36.92804321289063,-0.032423291355371475,0.21240179240703583,-2.1945748329162598
1789634992337082000,36.93808203125,0.057408593595027924,0.09600992500782013,-2.3328261375427246
1789634992347122200,36.9481220703125,0.22251957654953003,-0.30340123176574707,-2.4938409328460693
1789634992357161200,36.9581611328125,0.39102602005004883,-0.6379728317260742,-2.561272621154785
1789634992367201000,36.96820092773437,0.44752559065818787,-0.7654712200164795,-2.4865055084228516
1789634992377240000,36.97823999023438,0.4176792502403259,-0.6723160147666931,-2.3430957794189453
1789634992387280100,36.988280029296874,0.36986836791038513,-0.34007447957992554,-2.2486491203308105
1789634992397320200,36.9983203125,0.3316277861595154,0.06159280240535736,-2.1931381225585938
1789634992407359200,37.008359130859375,0.33534327149391174,0.1699518859386444,-2.153841257095337
1789634992417399300,37.0183994140625,0.3501262068748474,-0.011218175292015076,-2.1158792972564697
1789634992427438300,37.02843823242188,0.2656300365924835,-0.1604016125202179,-1.9954447746276855
1789634992437478100,37.03847802734375,0.20467878878116608,-0.19211266934871674,-1.8273628950119019
1789634992447517200,37.04851708984375,0.11618758738040924,-0.10281132161617279,-1.6410284042358398
1789634992457557200,37.05855712890625,-0.08211751282215118,-0.06793403625488281,-1.4123011827468872
1789634992467596300,37.06859619140625,-0.26070916652679443,-0.04614589735865593,-1.1834430694580078
1789634992477636000,37.07863598632812,-0.31901535391807556,0.012438851408660412,-0.9544272422790527
1789634992487675100,37.08867504882812,-0.24108128249645233,0.24336913228034973,-0.7540788650512695
1789634992497715200,37.098715087890625,-0.05576416105031967,0.5620147585868835,-0.6140333414077759
1789634992507755300,37.10875537109375,0.0960187241435051,0.6542445421218872,-0.539848268032074
1789634992517794000,37.1187939453125,0.15617741644382477,0.37376442551612854,-0.47202369570732117
1789634992527834000,37.12883422851562,0.028020445257425308,-0.042500585317611694,-0.2715667486190796
1789634992537873200,37.138873046875,-0.17729303240776062,-0.23274509608745575,0.022274702787399292
1789634992547913000,37.14891284179687,-0.30153751373291016,-0.2179327756166458,0.25529229640960693
1789634992557952300,37.1589521484375,-0.32982346415519714,-0.008811240084469318,0.4439074695110321
1789634992567992300,37.168992431640625,-0.2950240671634674,0.13426217436790466,0.6360558271408081
1789634992578031400,37.17903125,-0.15823744237422943,0.10514422506093979,0.8161113262176514
1789634992588071200,37.1890712890625,-0.020533960312604904,-0.15010075271129608,0.7739140391349792
1789634992598111200,37.199111328125,0.024785317480564117,-0.18009860813617706,0.7118669152259827
1789634992608150300,37.209150390625,-0.04488172382116318,-0.07781276106834412,0.7491858601570129
1789634992618190300,37.2191904296875,-0.13812193274497986,0.09057703614234924,0.8272865414619446
1789634992628229000,37.22922900390625,-0.2288580983877182,0.0633203387260437,0.9693141579627991
1789634992638269200,37.23926928710937,-0.3797919452190399,-0.10437224805355072,1.2285113334655762
1789634992648308200,37.24930810546875,-0.46911200881004333,0.26410841941833496,1.5655230283737183
1789634992658348000,37.25934814453125,-0.4446210265159607,0.9047586917877197,1.794721007347107
1789634992668387000,37.26938696289063,-0.2844373285770416,1.147055745124817,1.8100641965866089
1789634992678427100,37.27942724609375,-0.0454588383436203,1.0197758674621582,1.749076247215271
1789634992688466200,37.28946606445312,0.08762165904045105,0.8613232970237732,1.8152891397476196
1789634992698506200,37.29950634765625,0.06803863495588303,0.7147719264030457,2.0465588569641113
1789634992708546000,37.30954614257813,-0.05197835713624954,0.6173331141471863,2.308187961578369
1789634992718585300,37.31958544921875,-0.09568189829587936,0.8258641958236694,2.4415650367736816
1789634992728625400,37.32962548828125,-0.019181057810783386,0.7820490598678589,2.3411943912506104
1789634992738664200,37.33966430664063,0.11017400026321411,0.4695177674293518,2.196171760559082
1789634992748704300,37.349704345703124,0.05414324998855591,0.29476332664489746,2.394571542739868
1789634992758743000,37.35974291992188,-0.2084691971540451,0.2721312642097473,2.773531436920166
1789634992768783000,37.369783203125,-0.41439253091812134,0.11037173867225647,2.973510503768921
1789634992778822100,37.379822265625,-0.36345478892326355,-0.1187482625246048,2.913262367248535
1789634992788862200,37.3898623046875,-0.18237951397895813,-0.08820350468158722,2.744154930114746
1789634992798901000,37.39990087890625,-0.003113612299785018,0.07289110869169235,2.589600086212158
1789634992808941000,37.40994116210938,0.10360640287399292,-0.10939604043960571,2.4342570304870605
1789634992818980000,37.41997998046875,0.10452466458082199,-0.33641988039016724,2.3727807998657227
1789634992829020000,37.43002001953125,-0.11449335515499115,-0.2557128071784973,2.5300612449645996
1789634992839060000,37.44006005859375,-0.5271411538124084,0.01801435276865959,2.819801092147827
1789634992849099300,37.45009936523437,-0.7989603877067566,0.09299815446138382,2.9535841941833496
1789634992859139300,37.460139404296875,-0.8036555647850037,-0.18625585734844208,2.7834255695343018
1789634992869178000,37.47017822265625,-0.6669455766677856,-0.557176411151886,2.377671241760254
1789634992879218200,37.48021826171875,-0.47019127011299133,-0.8537393808364868,2.017909526824951
1789634992889257200,37.49025732421875,-0.27474185824394226,-0.8618889451026917,1.9469119310379028
1789634992899297300,37.50029736328125,-0.1626606285572052,-0.5943272709846497,2.0858206748962402
1789634992909336000,37.510336181640625,-0.22113750874996185,-0.32027387619018555,2.235424518585205
1789634992919376100,37.52037622070313,-0.3493167757987976,-0.048053253442049026,2.295602560043335
1789634992929415200,37.530415283203126,-0.3946514129638672,0.07356210798025131,2.2547500133514404
1789634992939455000,37.540455078125,-0.3458543121814728,0.0038456153124570847,2.0923073291778564
1789634992949495000,37.5504951171875,-0.20105983316898346,-0.15241776406764984,1.7866840362548828
1789634992959534000,37.5605341796875,-0.029542414471507072,-0.38661855459213257,1.4479349851608276
1789634992969574100,37.57057421875,0.10549896955490112,-0.495552659034729,1.2113410234451294
1789634992979613200,37.58061328125,0.14182049036026,-0.29714635014533997,1.1599563360214233
1789634992989653000,37.590653076171876,0.2128446400165558,-0.01813666708767414,1.24619460105896
1789634992999692300,37.6006923828125,0.3688659369945526,0.1316525638103485,1.2782392501831055
1789634993009732400,37.610732421875,0.46979668736457825,0.349608451128006,1.2041844129562378
1789634993019771100,37.620771240234376,0.5279127359390259,0.5296935439109802,1.0642004013061523
1789634993029811200,37.63081127929688,0.44064760208129883,0.5872853398323059,0.8549168705940247
1789634993039850200,37.64085034179688,0.14067897200584412,0.38977545499801636,0.5860581994056702
1789634993049890000,37.65089013671875,-0.04236104339361191,-0.041412416845560074,0.272183358669281
1789634993059930000,37.66093017578125,0.0017084135906770825,-0.32446596026420593,-0.017015445977449417
1789634993069969200,37.67096923828125,0.01034289225935936,0.08927644789218903,-0.19585517048835754
1789634993080009200,37.68100927734375,0.055801454931497574,0.7019845843315125,-0.29002082347869873
1789634993090048000,37.691048095703124,0.10485611855983734,0.9573302268981934,-0.3490567207336426
1789634993100088000,37.70108813476563,0.09646636247634888,0.8724185228347778,-0.37625983357429504
1789634993110127000,37.711127197265625,0.053863897919654846,0.5346190333366394,-0.4073643982410431
1789634993120167200,37.72116723632813,0.1331091970205307,0.1182498037815094,-0.4672144055366516
1789634993130206200,37.73120629882813,0.2052585780620575,-0.15169519186019897,-0.5124403834342957
1789634993140246300,37.74124633789062,0.18121929466724396,-0.1172272190451622,-0.5745162963867188
1789634993150285300,37.75128540039063,0.14229054749011993,0.15645919740200043,-0.5866820216178894
1789634993160325000,37.7613251953125,0.15685272216796875,0.3806782066822052,-0.4880795180797577
1789634993170365200,37.771365234375,0.22465793788433075,0.3622441291809082,-0.3125583827495575
1789634993180404200,37.781404296875,0.24635976552963257,0.23906733095645905,-0.20862001180648804
1789634993190444300,37.7914443359375,0.2074221968650818,0.17458778619766235,-0.21696549654006958
1789634993200483000,37.801483154296875,0.15355923771858215,0.10534532368183136,-0.2962057292461395
1789634993210523100,37.81152319335938,0.12740494310855865,-0.06377863883972168,-0.4159580171108246
1789634993220562200,37.82156225585938,0.12042079865932465,-0.24447251856327057,-0.4978480637073517
1789634993230602000,37.83160205078125,0.113725446164608,-0.3025117516517639,-0.527775228023529
1789634993240641000,37.84164111328125,0.06838007271289825,-0.4075574576854706,-0.5898337960243225
1789634993250681000,37.85168115234375,0.020036734640598297,-0.5266445875167847,-0.7278721332550049
1789634993260720000,37.86172021484375,0.05555212125182152,-0.6167758107185364,-0.9135831594467163
1789634993270760000,37.87176000976562,0.08596865087747574,-0.6229917407035828,-1.1311684846878052
1789634993280799200,37.88179931640625,0.06780029833316803,-0.5158242583274841,-1.3587087392807007
1789634993290839300,37.89183935546875,0.05656084045767784,-0.24167968332767487,-1.5689080953598022
1789634993300879400,37.90187939453125,0.04271719977259636,0.2854752242565155,-1.7428572177886963
1789634993310918100,37.911918212890626,0.05852431058883667,0.8710709810256958,-1.8390754461288452
1789634993320958200,37.92195825195312,0.15390142798423767,1.223106861114502,-1.8642431497573853
1789634993330997200,37.93199731445313,0.21910564601421356,1.0637726783752441,-1.914775013923645
1789634993341037000,37.942037109375,0.1346070021390915,0.6417852640151978,-1.9615347385406494
1789634993351076000,37.952076171875,-0.02198641188442707,0.34830373525619507,-1.9421393871307373
1789634993361116200,37.9621162109375,0.014714609831571579,0.08309628814458847,-1.8754884004592896
1789634993371155000,37.97215502929687,0.07522996515035629,-0.10724333673715591,-1.7960273027420044
1789634993381195000,37.982195068359374,0.01053672656416893,-0.005764385685324669,-1.6986722946166992
1789634993391234000,37.99223413085937,-0.014673883095383644,0.05612421780824661,-1.5586843490600586
1789634993401274000,38.002274169921876,0.06333783268928528,-0.08108743280172348,-1.3969398736953735
1789634993411314200,38.01231420898438,0.1591838300228119,-0.41619163751602173,-1.3767924308776855
1789634993421353200,38.02235327148438,0.12130621820688248,-0.6253640055656433,-1.4996812343597412
1789634993431393000,38.03239306640625,0.057217683643102646,-0.6480666995048523,-1.632910132408142
1789634993441432300,38.04243237304688,0.046859584748744965,-0.6686638593673706,-1.6946672201156616
1789634993451472100,38.05247216796875,0.09160859882831573,-0.564935028553009,-1.6924787759780884
1789634993461511200,38.06251123046875,0.21501629054546356,-0.5169893503189087,-1.6674931049346924
1789634993471551200,38.07255126953125,0.34838247299194336,-0.7014866471290588,-1.6370668411254883
1789634993481590000,38.08259008789062,0.3907642960548401,-0.9920763969421387,-1.6167644262313843
1789634993491630000,38.092630126953125,0.3302289843559265,-1.0159761905670166,-1.6504573822021484
1789634993501669000,38.102669189453124,0.27342402935028076,-0.8732883334159851,-1.7228600978851318
1789634993511709200,38.11270922851563,0.251944363117218,-0.6613410711288452,-1.7804710865020752
1789634993521749200,38.12274926757812,0.2699958086013794,-0.3573508560657501,-1.7880663871765137
1789634993531788000,38.1327880859375,0.30972322821617126,-0.19792871177196503,-1.8336272239685059
1789634993541828000,38.142828125,0.33452871441841125,-0.2665588855743408,-2.0114307403564453
1789634993551867100,38.1528671875,0.3311746120452881,-0.4078992009162903,-2.2557902336120605
1789634993561907000,38.16290698242187,0.28844153881073,-0.5387171506881714,-2.365581512451172
1789634993571946200,38.1729462890625,0.20021876692771912,-0.5679277181625366,-2.3012194633483887
1789634993581986300,38.182986328125,0.09316662698984146,-0.2954687774181366,-2.0433108806610107
1789634993592025000,38.19302514648437,0.0649360939860344,-0.013923177495598793,-1.8647139072418213
1789634993602065200,38.203065185546876,0.11586026102304459,-0.011577998287975788,-1.929003357887268
1789634993612104200,38.213104248046875,0.05305523797869682,-0.05960144102573395,-1.9931399822235107
1789634993622144300,38.22314428710938,0.033453840762376785,-0.07816900312900543,-2.0681416988372803
1789634993632183000,38.23318310546875,0.10524992644786835,-0.10901310294866562,-2.103926420211792
1789634993642223000,38.24322314453125,0.12603776156902313,-0.12411589175462723,-1.9618643522262573
1789634993652263200,38.25326318359375,0.07419033348560333,-0.24375411868095398,-1.7677220106124878
1789634993662302200,38.26330224609375,0.09146598726511002,-0.2489299774169922,-1.6640427112579346
1789634993672342000,38.273342041015624,0.0345870777964592,-0.07345445454120636,-1.5269126892089844
1789634993682381000,38.28338110351562,-0.06782131642103195,0.14147037267684937,-1.3618379831314087
1789634993692421000,38.293421142578126,-0.07771465927362442,0.22298282384872437,-1.235564947128296
1789634993702460200,38.303460205078125,-0.048370350152254105,0.021947713568806648,-1.1945056915283203
1789634993712500000,38.3135,0.08729030191898346,0.15379245579242706,-0.9795644283294678
1789634993722539300,38.323539306640626,0.18289218842983246,0.17373500764369965,-0.7674431204795837
1789634993732579300,38.33357934570312,0.19141000509262085,0.3267632722854614,-0.6292769908905029
1789634993742618000,38.3436181640625,0.10723599791526794,0.34611913561820984,-0.5253748297691345
1789634993752658200,38.353658203125,-0.04080422595143318,0.5155224800109863,-0.314651757478714
1789634993762698200,38.3636982421875,-0.0523490309715271,0.6543123126029968,-0.15011020004749298
1789634993772737000,38.37373706054687,-0.015652963891625404,0.5571340918540955,-0.07941535860300064
1789634993782777000,38.383777099609375,0.012871621176600456,0.5287520289421082,0.13607431948184967
1789634993792816000,38.393816162109374,0.03674400970339775,0.5358099937438965,0.41105738282203674
1789634993802856200,38.40385620117188,0.054939527064561844,0.5471670627593994,0.6607508063316345
1789634993812895000,38.41389501953125,-0.05032695084810257,0.42275041341781616,0.8657289743423462
1789634993822935000,38.42393505859375,-0.25023847818374634,0.35761162638664246,1.0885199308395386
1789634993832974000,38.43397412109375,-0.37116819620132446,0.5039382576942444,1.3337173461914062
1789634993843014100,38.44401416015625,-0.3522118031978607,0.5551739931106567,1.4299052953720093
1789634993853053200,38.45405322265625,-0.29422637820243835,0.43959587812423706,1.497401475906372
1789634993863093200,38.46409326171875,-0.268136203289032,0.23214149475097656,1.718255877494812
1789634993873133000,38.474133056640625,-0.27899062633514404,0.32706204056739807,2.08656644821167
1789634993883172000,38.484172119140624,-0.2621575891971588,0.575689435005188,2.3799307346343994
1789634993893212200,38.494212158203126,-0.24462267756462097,0.49473389983177185,2.5065510272979736
1789634993903251200,38.504251220703125,-0.20358683168888092,0.19621378183364868,2.538208246231079
1789634993913291300,38.51429125976563,-0.14757513999938965,-0.011529862880706787,2.5105702877044678
1789634993923330000,38.524330078125,-0.16767935454845428,0.03209591284394264,2.4520606994628906
1789634993933370000,38.5343701171875,-0.304192453622818,0.34502682089805603,2.3962244987487793
1789634993943409200,38.5444091796875,-0.3890495300292969,0.2643905580043793,2.2742371559143066
1789634993953449200,38.55444921875,-0.4320724606513977,0.18901845812797546,2.2993388175964355
1789634993963488000,38.56448803710938,-0.3968771994113922,0.18209929764270782,2.4940528869628906
1789634993973528000,38.57452807617187,-0.27550414204597473,0.1394365280866623,2.607161283493042
1789634993983567400,38.5845673828125,-0.11257756501436234,0.27925461530685425,2.5779011249542236
1789634993993607200,38.594607177734375,-0.03203703835606575,0.6514661312103271,2.512948513031006
1789634994003647000,38.60464697265625,0.0019086772808805108,0.8831214904785156,2.380589008331299
1789634994013686300,38.614686279296876,-0.005054771900177002,0.7311995029449463,2.2165935039520264
1789634994023726300,38.62472631835937,0.004838871769607067,0.28486382961273193,2.1835319995880127
1789634994033765000,38.63476513671875,0.011560649611055851,-0.09694522619247437,2.3413922786712646
1789634994043805200,38.64480517578125,-0.0024310657754540443,-0.23084363341331482,2.5865039825439453
1789634994053844200,38.65484423828125,-0.03464226424694061,-0.0941675528883934,2.7917051315307617
1789634994063884300,38.66488427734375,-0.07287964224815369,-0.017346642911434174,2.760145425796509
1789634994073923000,38.67492309570312,-0.045719295740127563,-0.3461434245109558,2.431741952896118
1789634994083963100,38.684963134765624,-0.03993890434503555,-0.7378284335136414,2.1278276443481445
1789634994094002200,38.69500219726562,-0.13547322154045105,-0.6080607175827026,2.167311191558838
1789634994104042000,38.7050419921875,-0.23354226350784302,-0.1462201625108719,2.39099383354187
1789634994114082000,38.71508203125,-0.29763394594192505,0.16200394928455353,2.5244603157043457
1789634994124121000,38.72512109375,-0.3678034245967865,0.09234204143285751,2.445493221282959
1789634994134161200,38.7351611328125,-0.40717843174934387,-0.26012176275253296,2.2201123237609863
1789634994144200200,38.7452001953125,-0.3583959639072418,-0.6949265003204346,2.0116677284240723
1789634994154240300,38.755240234375,-0.23578643798828125,-0.9870496988296509,1.9066219329833984
1789634994164279300,38.765279296875,-0.16934190690517426,-0.8973046541213989,1.8812979459762573
1789634994174319000,38.775319091796874,-0.25456905364990234,-0.34214115142822266,1.8888959884643555
1789634994184358100,38.78535815429687,-0.3427119553089142,0.35295215249061584,1.8862628936767578
1789634994194398200,38.795398193359375,-0.284706711769104,0.7732427716255188,1.7826721668243408
1789634994204437200,38.805437255859374,-0.03722209110856056,0.5371506214141846,1.5946953296661377
1789634994214477000,38.81547705078125,0.29423582553863525,-0.11369867622852325,1.4088176488876343
1789634994224516000,38.82551611328125,0.41398724913597107,-0.48240000009536743,1.237284541130066
1789634994234556200,38.83555615234375,0.3396935760974884,-0.4769299328327179,1.0672905445098877
1789634994244596200,38.84559619140625,0.15869393944740295,-0.3596203625202179,0.7714985609054565
1789634994254635000,38.85563500976563,-0.051953427493572235,-0.057839855551719666,0.3985089063644409
1789634994264675000,38.86567504882812,-0.0935320258140564,0.28296273946762085,0.0848575159907341
1789634994274714000,38.87571411132812,0.026800302788615227,0.43507829308509827,-0.09050080180168152
1789634994284754000,38.88575390625,0.13965840637683868,0.31664910912513733,-0.22796304523944855
1789634994294793200,38.895793212890624,0.13543042540550232,0.24978983402252197,-0.3838072419166565
1789634994304833300,38.905833251953126,0.1161121055483818,0.3784641921520233,-0.5570024847984314
1789634994314872000,38.9158720703125,0.14477908611297607,0.55727618932724,-0.6955935955047607
1789634994324912000,38.925912109375,0.20194463431835175,0.6494340896606445,-0.7624647617340088
1789634994334951200,38.935951171875,0.31483399868011475,0.7702541947364807,-0.7093055844306946
1789634994344991200,38.9459912109375,0.4379814863204956,0.8634036183357239,-0.6110227108001709
1789634994355031300,38.95603125,0.4839394688606262,0.7886118292808533,-0.5539971590042114
1789634994365070000,38.96607006835937,0.46914905309677124,0.591890811920166,-0.5138494968414307
1789634994375110100,38.976110107421874,0.4569762647151947,0.25169289112091064,-0.447445809841156
1789634994385149200,38.98614916992187,0.37859413027763367,-0.07852044701576233,-0.4069492518901825
1789634994395189000,38.99618896484375,0.3385397493839264,-0.12050855904817581,-0.445883572101593
1789634994405228000,39.00622802734375,0.3120655119419098,-0.1617382913827896,-0.544517457485199
1789634994415268000,39.01626806640625,0.25139400362968445,-0.10948285460472107,-0.6914857625961304
1789634994425307100,39.02630712890625,0.23245574533939362,0.038449615240097046,-0.8604068756103516
1789634994435347200,39.03634716796875,0.24220936000347137,0.033267565071582794,-0.9865014553070068
1789634994445386200,39.04638623046875,0.17158153653144836,-0.03194073215126991,-1.1391758918762207
1789634994455426300,39.05642626953125,0.058176521211862564,0.0753948837518692,-1.2541511058807373
1789634994465465000,39.06646508789063,-0.03976016119122505,0.1895185261964798,-1.2814749479293823
1789634994475505200,39.07650512695312,-0.1159558892250061,0.2236614227294922,-1.2505617141723633
1789634994485545200,39.086545166015625,-0.222134530544281,0.2959987223148346,-1.2719165086746216
1789634994495584300,39.096584228515624,-0.3121044933795929,0.476860910654068,-1.3658400774002075
1789634994505624000,39.1066240234375,-0.342503160238266,0.6060511469841003,-1.4469953775405884
1789634994515663000,39.1166630859375,-0.31376805901527405,0.5842375755310059,-1.4515645503997803
1789634994525703200,39.126703125,-0.23058287799358368,0.4068087339401245,-1.4233366250991821
1789634994535742000,39.136741943359375,-0.07247482240200043,0.07027552276849747,-1.4073352813720703
1789634994545782000,39.14678198242188,0.12056999653577805,-0.2574339210987091,-1.433737874031067
1789634994555821000,39.15682104492188,0.25653836131095886,-0.40921828150749207,-1.516909122467041
1789634994565861000,39.16686108398437,0.27326592803001404,-0.3294749855995178,-1.6884326934814453
1789634994575900200,39.17690014648438,0.17408587038516998,-0.1544094681739807,-1.8699016571044922
1789634994585940200,39.186940185546874,0.001476017409004271,0.011057797819375992,-1.9866431951522827
1789634994595979300,39.19697924804687,-0.1320818066596985,-0.003758628387004137,-2.040783405303955
1789634994606019300,39.207019287109375,-0.1507987678050995,-0.1657150387763977,-2.0600578784942627
1789634994616059100,39.21705908203125,-0.10433190315961838,-0.31431832909584045,-1.9986218214035034
1789634994626098200,39.22709814453125,-0.0016731717623770237,-0.5423861145973206,-1.9340585470199585
1789634994636138200,39.23713818359375,0.12173949182033539,-0.7693952322006226,-1.993765115737915
1789634994646177000,39.247177001953126,0.28216564655303955,-0.6838467717170715,-2.194563865661621
1789634994656217000,39.25721704101562,0.43244361877441406,-0.6963698863983154,-2.434828996658325
1789634994666256100,39.26725610351563,0.4482255280017853,-0.8640768527984619,-2.638376235961914
1789634994676296200,39.27729614257812,0.3764911890029907,-0.8068467974662781,-2.7041304111480713
1789634994686335000,39.2873349609375,0.26879456639289856,-0.5850360989570618,-2.610393762588501
1789634994696375000,39.297375,0.2296358048915863,-0.4650840163230896,-2.446561098098755
1789634994706414300,39.307414306640624,0.20437252521514893,-0.30005326867103577,-2.2155964374542236
1789634994716454100,39.3174541015625,0.1913374364376068,-0.1280716061592102,-1.9579147100448608
1789634994726493200,39.3274931640625,0.2206207662820816,-0.1041010320186615,-1.808184266090393
1789634994736533500,39.33753344726563,0.2565965950489044,-0.14314444363117218,-1.8481239080429077
1789634994746573600,39.34757348632812,0.2697555422782898,-0.3437401354312897,-2.0462608337402344
1789634994756612600,39.35761254882812,0.22532030940055847,-0.5665938258171082,-2.247675657272339
1789634994766652400,39.36765234375,0.15266183018684387,-0.66030353307724,-2.3453638553619385
1789634994776691500,39.37769140625,0.09145718067884445,-0.6243211627006531,-2.3634979724884033
1789634994786731500,39.3877314453125,0.04927563667297363,-0.6082697510719299,-2.2740461826324463
1789634994796770300,39.39777026367187,0.011113136075437069,-0.6726268529891968,-2.1153557300567627
1789634994806810400,39.407810302734376,-0.012868629768490791,-0.7081443667411804,-2.0063719749450684
1789634994816849400,39.417849365234375,-0.053517360240221024,-0.5679687261581421,-1.8869529962539673
1789634994826889500,39.42788940429688,-0.08363504707813263,-0.31169089674949646,-1.7659567594528198
1789634994836928300,39.43792822265625,-0.08491039276123047,-0.14479732513427734,-1.681530237197876
1789634994846968300,39.44796826171875,-0.06611646711826324,-0.10991577804088593,-1.6593176126480103
1789634994857007600,39.45800756835938,-0.06337521225214005,-0.1503967046737671,-1.6146008968353271
1789634994867047400,39.46804736328125,-0.07264380902051926,-0.12328305840492249,-1.477410078048706
1789634994877087200,39.478087158203124,-0.07637684792280197,0.015703901648521423,-1.3481483459472656
1789634994887126500,39.48812646484375,-0.05724576115608215,0.2983803451061249,-1.1339532136917114
1789634994897166600,39.49816650390625,-0.013635004870593548,0.3503064215183258,-0.9039646983146667
1789634994907205400,39.508205322265624,0.007908103056252003,0.3808329105377197,-0.7271547913551331
1789634994917245400,39.51824536132813,-0.02714313194155693,0.3690510392189026,-0.4833481013774872
1789634994927284500,39.528284423828126,-0.12362679839134216,0.2741652727127075,-0.2543247640132904
1789634994937324500,39.53832446289063,-0.20544394850730896,0.08224266022443771,-0.07569023221731186
1789634994947363300,39.54836328125,-0.3478389084339142,-0.2642785310745239,0.10229654610157013
1789634994957403400,39.5584033203125,-0.45652899146080017,-0.4215630888938904,0.14959827065467834
1789634994967442400,39.5684423828125,-0.44769957661628723,-0.2623385488986969,0.10487447679042816
1789634994977482200,39.57848217773437,-0.4399428963661194,-0.18246720731258392,0.08077027648687363
1789634994987522300,39.588522216796875,-0.40418437123298645,-0.10089991241693497,0.13860508799552917
1789634994997561300,39.598561279296874,-0.31187400221824646,0.029886629432439804,0.27297258377075195
1789634995007601400,39.608601318359376,-0.17757637798786163,0.1800076812505722,0.4658847749233246
1789634995017640400,39.618640380859375,-0.08146508038043976,0.22662492096424103,0.7264296412467957
1789634995027680500,39.62868041992188,0.017515558749437332,0.35643085837364197,1.0100301504135132
1789634995037719600,39.63871948242188,0.05115446075797081,0.4413662552833557,1.2358076572418213
1789634995047759600,39.64875952148437,0.04668940231204033,0.531389057636261,1.4400947093963623
1789634995057798400,39.65879833984375,0.033329449594020844,0.632941484451294,1.491904616355896
1789634995067838500,39.66883837890625,-0.055713873356580734,0.6741660833358765,1.5351994037628174
1789634995077877500,39.67887744140625,-0.19272960722446442,0.6471722722053528,1.6771944761276245
1789634995087917300,39.68891723632812,-0.3005215525627136,0.5990082025527954,1.8746627569198608
1789634995097956400,39.69895629882812,-0.32795366644859314,0.5687568783760071,2.078462600708008
1789634995107996400,39.708996337890625,-0.25568851828575134,0.5951765179634094,2.178734064102173
1789634995118036500,39.71903637695313,-0.1648300588130951,0.737194836139679,2.2089271545410156
1789634995128075300,39.7290751953125,-0.1218213364481926,0.793150007724762,2.2938454151153564
1789634995138115300,39.739115234375,-0.13965213298797607,0.6650115847587585,2.4005303382873535
1789634995148154600,39.74915454101563,-0.1424785554409027,0.37238606810569763,2.388413429260254
1789634995158194400,39.7591943359375,-0.109213687479496,0.2041986584663391,2.3549232482910156
1789634995168233500,39.7692333984375,-0.07665494829416275,0.23990684747695923,2.455190658569336
1789634995178273500,39.7792734375,-0.04977903887629509,0.30683577060699463,2.5451560020446777
1789634995188312600,39.7893125,-0.04492143541574478,0.2866990566253662,2.5374701023101807
1789634995198352400,39.799352294921874,-0.017433246597647667,0.16779421269893646,2.4742963314056396
1789634995208391400,39.80939135742187,0.04084257781505585,0.027658425271511078,2.475837469100952
1789634995218431500,39.819431396484376,0.07054100185632706,-0.021327976137399673,2.6188814640045166
1789634995228470300,39.82947021484375,0.07666627317667007,-0.002089299727231264,2.791532278060913
1789634995238510300,39.83951025390625,0.06475016474723816,0.04760495945811272,2.8349952697753906
1789634995248550400,39.84955029296875,0.0253396388143301,0.014099996536970139,2.7416224479675293
1789634995258589400,39.85958935546875,0.008665096014738083,-0.23114393651485443,2.5932979583740234
1789634995268629500,39.86962939453125,-0.02077188901603222,-0.4916178584098816,2.5064961910247803
1789634995278668300,39.87966821289063,-0.11942831426858902,-0.4843598008155823,2.508657932281494
1789634995288708400,39.889708251953124,-0.24060001969337463,-0.369799941778183,2.5344295501708984
1789634995298747600,39.89974755859375,-0.3132610619068146,-0.42270639538764954,2.5093724727630615
1789634995308787500,39.909787353515625,-0.3761601448059082,-0.4736481308937073,2.4486231803894043
1789634995318826500,39.919826416015624,-0.4218233823776245,-0.4425899386405945,2.396454095840454
1789634995328866600,39.92986645507813,-0.3407919108867645,-0.5303741097450256,2.307765007019043
1789634995338905300,39.9399052734375,-0.16691036522388458,-0.8264126777648926,2.167349100112915
1789634995348945400,39.9499453125,-0.17015516757965088,-0.9056046605110168,2.0588629245758057
1789634995358984400,39.959984375,-0.3853503167629242,-0.5512412786483765,2.070821762084961
1789634995369024500,39.9700244140625,-0.5762049555778503,-0.11020106077194214,2.1616523265838623
1789634995379064300,39.98006420898437,-0.6197105050086975,0.18420124053955078,2.219548225402832
1789634995389103400,39.99010327148437,-0.6164870262145996,0.3420438766479492,2.154822587966919
1789634995399143400,40.000143310546875,-0.5504910945892334,0.4521229863166809,1.990357756614685
1789634995409182500,40.010182373046874,-0.35148075222969055,0.4977533519268036,1.7636268138885498
1789634995419222300,40.02022216796875,-0.03135158121585846,0.25791776180267334,1.4948220252990723
1789634995429261600,40.030261474609375,0.09972494095563889,-0.00432451581582427,1.2217979431152344
1789634995439301400,40.04030126953125,0.08241679519414902,-0.22263649106025696,0.95967698097229
1789634995449340400,40.05034033203125,0.013212690129876137,-0.48903435468673706,0.69757080078125
1789634995459380500,40.06038037109375,-0.07216353714466095,-0.6157836318016052,0.4925905466079712
1789634995469419500,40.07041943359375,-0.12161551415920258,-0.5422292351722717,0.3758833706378937
1789634995479459600,40.08045947265625,-0.14763721823692322,-0.3585561513900757,0.28317177295684814
1789634995489498400,40.09049829101563,-0.2693394124507904,0.09749206900596619,0.14822089672088623
1789634995499538400,40.10053833007812,-0.32273393869400024,0.6604461073875427,-0.039943862706422806
1789634995509578500,40.11057861328125,-0.2817226052284241,0.7829715013504028,-0.180279940366745
1789634995519617300,40.1206171875,-0.20016849040985107,0.7497493624687195,-0.28118348121643066
1789634995529657300,40.1306572265625,-0.06719660758972168,0.6750383973121643,-0.37486204504966736
1789634995539696400,40.1406962890625,0.06733953952789307,0.44966980814933777,-0.46718716621398926
1789634995549736400,40.150736328125,0.0705406591296196,0.42695119976997375,-0.5471563339233398
1789634995559775200,40.160775146484376,0.1330949068069458,0.49284079670906067,-0.5879613161087036
1789634995569815300,40.17081518554688,0.17567379772663116,0.3810141086578369,-0.5713405013084412
1789634995579854600,40.1808544921875,0.1911996752023697,0.27158036828041077,-0.5664143562316895
1789634995589894700,40.190894775390625,0.2110367715358734,0.21639859676361084,-0.5917726755142212
1789634995599933400,40.20093334960937,0.2533706724643707,0.17611420154571533,-0.6172765493392944
1789634995609973500,40.210973388671874,0.28577014803886414,0.0870804637670517,-0.6520038843154907
1789634995620012500,40.22101245117187,0.26562878489494324,0.02991008758544922,-0.6997142434120178
1789634995630052400,40.23105224609375,0.18915796279907227,0.032610002905130386,-0.7937206029891968
1789634995640092400,40.24109252929688,0.045016754418611526,0.12413403391838074,-0.9675347805023193
1789634995650131500,40.25113134765625,-0.07623617351055145,0.45724114775657654,-1.1578922271728516
1789634995660171500,40.26117163085937,-0.09078799188137054,0.6920920014381409,-1.2477657794952393
1789634995670210300,40.27121020507813,-0.06130626052618027,0.6596903800964355,-1.225782871246338
1789634995680250400,40.28125048828125,-0.0214820709079504,0.6587374806404114,-1.1268377304077148
1789634995690289400,40.29128930664063,0.01624879613518715,0.6834878325462341,-1.0068737268447876
1789634995700329500,40.30132958984375,0.11621501296758652,0.548949122428894,-0.911397397518158
1789634995710368500,40.31136840820312,0.2249196618795395,0.29509177803993225,-0.8647105693817139
1789634995720408300,40.321408203125,0.3154459595680237,-0.003104614093899727,-0.9211537837982178
1789634995730447600,40.331447509765624,0.3469815254211426,-0.26517805457115173,-1.1143261194229126
1789634995740487400,40.3414873046875,0.22244833409786224,-0.3387001156806946,-1.386412501335144
1789634995750526500,40.3515263671875,-0.0003775439690798521,-0.09688614308834076,-1.5778192281723022
1789634995760566500,40.36156640625,-0.1999485343694687,0.25853589177131653,-1.5758415460586548
1789634995770605300,40.371605224609375,-0.2525228261947632,0.6372270584106445,-1.449265956878662
1789634995780645400,40.38164526367188,-0.16178329288959503,0.8562159538269043,-1.3072247505187988
1789634995790685400,40.391685546875,-0.03503413870930672,0.6467109322547913,-1.3008904457092285
1789634995800724500,40.40172436523437,-0.04574574530124664,0.1579519510269165,-1.4372472763061523
1789634995810764500,40.4117646484375,-0.001914904685690999,-0.25877657532691956,-1.5728954076766968
1789634995820803300,40.42180322265625,0.13962778449058533,-0.6582515835762024,-1.7112641334533691
1789634995830843400,40.431843505859376,0.2532201409339905,-0.8301061391830444,-1.8776041269302368
1789634995840882400,40.44188232421875,0.2967536449432373,-0.7803967595100403,-2.019468069076538
1789634995850922200,40.451922119140626,0.31832605600357056,-0.7004560828208923,-2.1334524154663086
1789634995860961500,40.46196142578125,0.32295507192611694,-0.5677623748779297,-2.2257883548736572
1789634995871001600,40.47200170898437,0.29888594150543213,-0.2745257019996643,-2.282047748565674
1789634995881040400,40.482040283203126,0.28132352232933044,0.006179282441735268,-2.298750638961792
1789634995891080400,40.49208056640625,0.304442435503006,-0.05308537185192108,-2.3053112030029297
1789634995901119500,40.50211938476563,0.3648897111415863,-0.14023752510547638,-2.3066842555999756
1789634995911159600,40.51215966796875,0.43002450466156006,-0.19342564046382904,-2.3122239112854004
1789634995921199400,40.522199462890626,0.46604835987091064,-0.263059139251709,-2.390263795852661
1789634995931238400,40.53223828125,0.47357311844825745,-0.4209238588809967,-2.5362138748168945
1789634995941278500,40.54227856445313,0.4267767071723938,-0.40855854749679565,-2.593444347381592
1789634995951317500,40.5523173828125,0.36412185430526733,-0.18449854850769043,-2.5402944087982178
1789634995961357300,40.562357421875,0.3122071325778961,-0.23846589028835297,-2.5156123638153076
1789634995971396400,40.572396240234376,0.31687381863594055,-0.47939246892929077,-2.515031337738037
1789634995981436400,40.5824365234375,0.3860127925872803,-0.7143763303756714,-2.452341079711914
1789634995991475500,40.59247534179688,0.46138718724250793,-0.7365689873695374,-2.361497402191162
1789634996001515300,40.60251538085937,0.511383056640625,-0.44176527857780457,-2.3043079376220703
1789634996011554600,40.61255444335937,0.5286096930503845,-0.14684361219406128,-2.2610716819763184
1789634996021594600,40.6225947265625,0.4864991307258606,-0.09416738152503967,-2.162306785583496
1789634996031633400,40.63263330078125,0.45128414034843445,-0.3488295078277588,-2.1367647647857666
1789634996041673500,40.642673583984376,0.38138797879219055,-0.6050341129302979,-2.0564792156219482
1789634996051713500,40.65271362304688,0.23851549625396729,-0.5523828864097595,-1.8573057651519775
1789634996061752300,40.66275244140625,0.14169280230998993,-0.28366413712501526,-1.663483738899231
1789634996071792400,40.67279248046875,0.10817079246044159,-0.12270534038543701,-1.578070044517517
1789634996081831400,40.68283154296875,0.0437379851937294,-0.030559588223695755,-1.4121273756027222
1789634996091871500,40.69287158203125,0.036664362996816635,0.006096693687140942,-1.248863697052002
1789634996101910300,40.70291015625,0.10655157268047333,-0.004512274172157049,-1.1558500528335571
1789634996111950300,40.712950439453124,0.09482753276824951,0.06284280121326447,-0.9681805968284607
1789634996121989400,40.7229892578125,0.038389988243579865,0.05841026455163956,-0.722068727016449
1789634996132029400,40.733029541015625,-0.0123610720038414,0.10854800045490265,-0.5400419235229492
1789634996142068500,40.743068359375,-0.10755199193954468,0.05568962171673775,-0.36890709400177
1789634996152108500,40.75310864257813,-0.20975399017333984,-0.029431665316224098,-0.195827454328537
1789634996162147600,40.763147705078126,-0.2457941770553589,-0.02924378216266632,-0.04352036118507385
1789634996172187400,40.7731875,-0.21427007019519806,0.01020429190248251,0.07217667251825333
1789634996182227500,40.7832275390625,-0.1925922930240631,-0.014976808801293373,0.1754225641489029
1789634996192266500,40.7932666015625,-0.16735804080963135,0.00020400900393724442,0.331819623708725
1789634996202306600,40.803306640625,-0.117241270840168,0.049244076013565063,0.4909612834453583
1789634996212345300,40.81334545898437,-0.06674880534410477,0.1526077538728714,0.6325210928916931
1789634996222385400,40.823385498046875,-0.06564994156360626,0.1428745985031128,0.7658802270889282
1789634996232424400,40.833424560546874,-0.13737738132476807,0.03745444118976593,0.9917727112770081
1789634996242464500,40.843464599609376,-0.19982749223709106,0.14957334101200104,1.2156636714935303
1789634996252503300,40.85350341796875,-0.25212717056274414,0.42302805185317993,1.3438173532485962
1789634996262543400,40.86354345703125,-0.2619366943836212,0.5926347374916077,1.350843071937561
1789634996272582700,40.87358276367188,-0.24406690895557404,0.43277958035469055,1.3452816009521484
1789634996282622500,40.88362255859375,-0.22153036296367645,0.1434468924999237,1.5316215753555298
1789634996292661500,40.89366162109375,-0.24616433680057526,-0.04419544339179993,1.9116538763046265
1789634996302701600,40.90370166015625,-0.34788867831230164,0.12555260956287384,2.238070249557495
1789634996312741600,40.91374169921875,-0.5012409687042236,0.4459886848926544,2.4591023921966553
1789634996322780400,40.92378051757812,-0.6486974954605103,0.4032149910926819,2.539435863494873
1789634996332820500,40.933820556640626,-0.6587377786636353,0.1547471284866333,2.5029821395874023
1789634996342859500,40.943859619140625,-0.6353114247322083,0.11070068925619125,2.554534912109375
1789634996352899600,40.95389965820313,-0.6010721921920776,0.18845035135746002,2.6842706203460693
1789634996362938400,40.9639384765625,-0.44699275493621826,0.3946095108985901,2.688326358795166
1789634996372978400,40.973978515625,-0.26673775911331177,0.6874805688858032,2.624197244644165
1789634996383017500,40.984017578125,-0.15707887709140778,0.7783176302909851,2.546003818511963
1789634996393057300,40.99405737304688,-0.08264566212892532,0.6243640184402466,2.4035089015960693
1789634996403096300,41.00409643554688,-0.028232386335730553,0.44057074189186096,2.2640984058380127
1789634996413136400,41.01413647460937,-0.024984659627079964,0.28187456727027893,2.241086959838867
1789634996423175400,41.02417553710937,-0.04578530043363571,0.19796328246593475,2.3150649070739746
1789634996433215500,41.034215576171874,-0.12907487154006958,0.19801440834999084,2.422222852706909
1789634996443254500,41.04425463867187,-0.24064384400844574,0.2802818715572357,2.4967212677001953
1789634996453294600,41.054294677734376,-0.28654396533966064,0.2970331609249115,2.507397413253784
1789634996463334400,41.06433447265625,-0.24390853941440582,0.19074246287345886,2.468968629837036
1789634996473373400,41.07437353515625,-0.13354288041591644,0.09528598934412003,2.4131267070770264
1789634996483413500,41.08441357421875,-0.011749733239412308,0.09198488295078278,2.325437307357788
1789634996493452500,41.09445263671875,0.08462473750114441,0.05776192992925644,2.1857454776763916
1789634996503492400,41.10449243164062,0.14201383292675018,-0.009242430329322815,2.0604300498962402
1789634996513531400,41.11453149414063,0.19638440012931824,-0.08961397409439087,2.027676820755005
1789634996523571500,41.124571533203124,0.2508418560028076,-0.12331340461969376,2.0709338188171387
1789634996533610200,41.1346103515625,0.30705371499061584,-0.14929120242595673,2.0893640518188477
1789634996543650300,41.144650390625,0.36821335554122925,-0.2817161977291107,2.0211181640625
1789634996553689600,41.154689697265624,0.38705095648765564,-0.38700854778289795,1.883237600326538
1789634996563729400,41.1647294921875,0.2994473874568939,-0.38533324003219604,1.7527257204055786
1789634996573768400,41.1747685546875,0.18720954656600952,-0.3422158658504486,1.692338228225708
1789634996583808500,41.18480859375,0.1594316065311432,-0.3500785529613495,1.7338162660598755
1789634996593848600,41.1948486328125,0.19430889189243317,-0.2806139886379242,1.7939453125
1789634996603887400,41.20488745117188,0.16177156567573547,-0.032219383865594864,1.7969746589660645
1789634996613927400,41.21492749023437,0.050811752676963806,0.2498549222946167,1.6969971656799316
1789634996623966500,41.22496655273437,-0.013088668696582317,0.29815664887428284,1.5545936822891235
1789634996634006500,41.235006591796875,-0.07537908107042313,0.14966344833374023,1.3952640295028687
1789634996644045300,41.24504541015625,-0.12176913768053055,-0.0833345577120781,1.2404916286468506
1789634996654085400,41.25508544921875,-0.08464014530181885,-0.33074063062667847,1.1027753353118896
1789634996664124400,41.26512451171875,-0.1643878072500229,-0.24577777087688446,0.977474570274353
1789634996674164500,41.27516455078125,-0.27621713280677795,0.08554184436798096,0.8463048338890076
1789634996684203300,41.285203369140625,-0.26660093665122986,0.2452859878540039,0.7220629453659058
1789634996694243300,41.29524340820313,-0.26565125584602356,0.24374720454216003,0.5650826096534729
1789634996704282600,41.30528271484375,-0.29247036576271057,0.3421720564365387,0.39917701482772827
1789634996714322400,41.31532250976562,-0.2046467661857605,0.22421079874038696,0.28324589133262634
1789634996724361500,41.32536157226563,-0.10189662873744965,-0.045969489961862564,0.21178708970546722
1789634996734401500,41.33540161132812,-0.11747265607118607,-0.06654906272888184,0.10945191234350204
1789634996744441900,41.34544189453125,-0.08382472395896912,0.26969096064567566,-0.025493266060948372
1789634996754480600,41.355480712890625,0.04289593547582626,0.430866003036499,-0.15654022991657257
1789634996764520700,41.36552075195313,0.06420616060495377,0.4777825176715851,-0.24569258093833923
1789634996774559700,41.375559814453126,0.05142484977841377,0.2980915904045105,-0.29943040013313293
1789634996784599600,41.385599609375,0.02478572353720665,-0.0442422553896904,-0.38760635256767273
1789634996794638600,41.395638671875,0.0015866602770984173,-0.3490956425666809,-0.5071191787719727
1789634996804678700,41.4056787109375,-0.021040335297584534,-0.4712103307247162,-0.6092928647994995
1789634996814717400,41.41571752929688,-0.07788310945034027,-0.34844979643821716,-0.7027978301048279
1789634996824757500,41.42575756835937,-0.12681525945663452,-0.060102712363004684,-0.747244656085968
1789634996834796500,41.43579663085937,-0.14694662392139435,0.2586648762226105,-0.7486212849617004
1789634996844836600,41.445836669921874,-0.12983134388923645,0.5545960664749146,-0.7508704662322998
1789634996854875600,41.45587573242187,-0.08859869092702866,0.718704879283905,-0.7889736294746399
1789634996864915700,41.465915771484376,-0.05159086734056473,0.717743456363678,-0.8468404412269592
1789634996874954800,41.475954833984375,-0.02698725461959839,0.6500584483146667,-0.9441930651664734
1789634996884994800,41.48599487304688,0.020872823894023895,0.5193222761154175,-1.0228749513626099
1789634996895034600,41.49603466796875,0.1222124919295311,0.22450397908687592,-1.0517462491989136
1789634996905073700,41.50607373046875,0.21729950606822968,-0.1867554634809494,-1.081089735031128
1789634996915113700,41.51611376953125,0.2516353726387024,-0.32117265462875366,-1.1462652683258057
1789634996925152500,41.52615258789063,0.21569795906543732,-0.16681669652462006,-1.2620882987976074
1789634996935192600,41.536192626953124,0.11369434744119644,0.05141497403383255,-1.3629530668258667
1789634996945231600,41.54623168945312,-0.09295127540826797,0.3197989761829376,-1.428890347480774
1789634996955271700,41.556271728515625,-0.2461346983909607,0.5750635266304016,-1.4690700769424438
1789634996965310500,41.566310546875,-0.22959153354167938,0.6930440664291382,-1.51835298538208
1789634996975350500,41.5763505859375,-0.14969617128372192,0.7528456449508667,-1.5200406312942505
1789634996985389800,41.586389892578126,-0.09799475222826004,0.6817175149917603,-1.535509467124939
1789634996995429600,41.5964296875,-0.0011925739236176014,0.4606442451477051,-1.6084630489349365
1789634997005468700,41.60646875,0.1385808140039444,0.15804381668567657,-1.7059088945388794
1789634997015508700,41.6165087890625,0.22788672149181366,-0.04515563324093819,-1.8224735260009766
1789634997025548800,41.626548828125,0.2154858559370041,-0.16335923969745636,-1.926387906074524
1789634997035587600,41.63658764648437,0.218315988779068,-0.284525066614151,-1.976666808128357
1789634997045627600,41.646627685546875,0.30714744329452515,-0.3713470995426178,-1.942980170249939
1789634997055666700,41.656666748046874,0.35996192693710327,-0.28969162702560425,-1.843088150024414
1789634997065706800,41.666706787109376,0.361972838640213,-0.27455970644950867,-1.7597846984863281
1789634997075745500,41.67674560546875,0.34838804602622986,-0.5096219778060913,-1.7552032470703125
1789634997085785600,41.68678564453125,0.2924904227256775,-0.7203785181045532,-1.8275858163833618
1789634997095824600,41.69682470703125,0.204501211643219,-0.8066505193710327,-1.9119741916656494
1789634997105864400,41.70686450195313,0.07799181342124939,-0.6900153756141663,-1.9138789176940918
1789634997115903500,41.716903564453126,-0.04845720902085304,-0.6196072697639465,-1.898402452468872
1789634997125943600,41.72694360351562,-0.11682120710611343,-0.6432564854621887,-1.8944957256317139
1789634997135982800,41.73698291015625,-0.14845716953277588,-0.6759915351867676,-1.8905643224716187
1789634997146022700,41.74702270507812,-0.18561460077762604,-0.6923888921737671,-1.8695354461669922
1789634997156061700,41.75706176757812,-0.22708454728126526,-0.7927075624465942,-1.8100385665893555
1789634997166101800,41.767101806640625,-0.22940710186958313,-0.7389407157897949,-1.6908018589019775
1789634997176141800,41.77714184570313,-0.2102685570716858,-0.3485865294933319,-1.5102726221084595
1789634997186180600,41.7871806640625,-0.19592207670211792,-0.23977811634540558,-1.382555365562439
1789634997196220700,41.797220703125,-0.1921217441558838,-0.2135196179151535,-1.2812241315841675
1789634997206259700,41.807259765625,-0.17949546873569489,-0.15181072056293488,-1.1463667154312134
1789634997216299500,41.81729956054688,-0.13975152373313904,-0.0828191414475441,-0.9845921397209167
1789634997226338600,41.82733862304688,-0.12238547950983047,-0.00889397319406271,-0.842775285243988
1789634997236378600,41.83737866210937,-0.18612930178642273,0.221747487783432,-0.7267232537269592
1789634997246417700,41.84741772460937,-0.18308238685131073,0.21096116304397583,-0.6447932124137878
1789634997256457500,41.85745751953125,-0.1660781055688858,0.08583839237689972,-0.5201365351676941
1789634997266496800,41.86749682617187,-0.20175236463546753,-0.08188006281852722,-0.3654367923736572
1789634997276536600,41.87753662109375,-0.23874953389167786,-0.07589247822761536,-0.17342740297317505
1789634997286575600,41.88757568359375,-0.25987106561660767,0.022254038602113724,-0.015037545002996922
1789634997296615700,41.89761572265625,-0.20334389805793762,0.18508529663085938,0.06461413949728012
1789634997306654700,41.90765478515625,-0.12582913041114807,0.17489977180957794,0.07725510001182556
1789634997316694800,41.91769482421875,-0.10183856636285782,0.19113387167453766,0.15229418873786926
1789634997326734600,41.92773461914062,-0.1471484899520874,0.16490259766578674,0.29843950271606445
1789634997336773600,41.93777368164063,-0.2564981281757355,0.18577513098716736,0.4499046504497528
1789634997346813700,41.947813720703124,-0.38072195649147034,0.362895667552948,0.5872167944908142
1789634997356852500,41.9578525390625,-0.4018046259880066,0.46236979961395264,0.6462452411651611
1789634997366892500,41.967892578125,-0.31616759300231934,0.3398534953594208,0.6101703643798828
1789634997376931600,41.977931640625,-0.26654624938964844,0.27849024534225464,0.5805602669715881
1789634997386971600,41.9879716796875,-0.26145046949386597,0.3235170841217041,0.6608108282089233
1789634997397010700,41.9980107421875,-0.2095651626586914,0.25182560086250305,0.758713960647583
1789634997407050500,42.008050537109376,-0.22503362596035004,-0.009444506838917732,0.7646920084953308
1789634997417089800,42.01808984375,-0.31781840324401855,-0.0016792621463537216,0.7916812896728516
1789634997427129900,42.0281298828125,-0.44142478704452515,0.6599586009979248,0.9206485152244568
1789634997437168600,42.03816870117188,-0.3760250210762024,0.7625062465667725,0.9206615686416626
1789634997447208700,42.04820874023437,-0.20215930044651031,0.5032984018325806,0.8989391326904297
1789634997457248800,42.058248779296875,-0.16324758529663086,0.3104563057422638,0.9755558371543884
1789634997467287600,42.06828759765625,-0.109690822660923,-0.021395619958639145,0.9737006425857544
1789634997477327600,42.07832763671875,-0.08144000917673111,0.14954149723052979,0.9774352312088013
1789634997487366700,42.08836669921875,-0.11080582439899445,0.4917556345462799,1.0138615369796753
1789634997497406700,42.09840673828125,-0.11552068591117859,0.27944469451904297,0.8582706451416016
1789634997507445500,42.108445556640625,-0.14105159044265747,0.29077208042144775,0.754694402217865
1789634997517485600,42.11848559570313,-0.1419123262166977,0.30008116364479065,0.7224888205528259
1789634997527524600,42.128524658203126,-0.12606224417686462,0.234092578291893,0.6946553587913513
1789634997537564700,42.13856469726562,-0.15177586674690247,0.31392136216163635,0.7091642618179321
1789634997547603700,42.14860375976563,-0.1789933443069458,0.4785993993282318,0.7357243895530701
1789634997557643800,42.15864379882812,-0.14606761932373047,0.642700731754303,0.7713865041732788
1789634997567682800,42.16868286132812,-0.033274855464696884,0.7778146266937256,0.7536816596984863
1789634997577722600,42.17872265625,0.15069657564163208,0.7729732990264893,0.6418195962905884
1789634997587762700,42.1887626953125,0.3844142556190491,0.6444746851921082,0.4954226613044739
1789634997597801700,42.1988017578125,0.5814564228057861,0.485824316740036,0.4139035642147064
1789634997607841800,42.208841796875,0.60008704662323,0.31091445684432983,0.3909987211227417
1789634997617880600,42.218880615234376,0.41715237498283386,0.24298518896102905,0.4315139055252075
1789634997627920600,42.22892065429688,0.19156086444854736,0.3370947241783142,0.538858950138092
1789634997637959700,42.23895971679688,0.041242994368076324,0.5318207740783691,0.6271424293518066
1789634997647999500,42.24899951171875,0.05393408238887787,0.5355820059776306,0.6190212965011597
1789634997658038500,42.25903857421875,0.11593087017536163,0.43817850947380066,0.6032841801643372
1789634997668078600,42.26907861328125,0.017280934378504753,0.5916361808776855,0.6107301712036133
1789634997678117600,42.27911767578125,0.004825863055884838,0.6089288592338562,0.5667853355407715
1789634997688157400,42.289157470703124,0.14962220191955566,0.3091425895690918,0.4822474718093872
1789634997698196700,42.29919677734375,0.20032159984111786,0.1375974714756012,0.4515790343284607
1789634997708236800,42.30923681640625,0.15882830321788788,0.2033560425043106,0.5246822834014893
1789634997718276900,42.31927685546875,0.10291815549135208,0.3182213604450226,0.6757327318191528
1789634997728315600,42.32931567382813,0.10102315247058868,0.3354264199733734,0.8029609322547913
1789634997738355700,42.33935571289062,0.172354593873024,0.24302299320697784,0.8433770537376404
1789634997748394000,42.34939404296875,0.24094046652317047,0.0765170082449913,0.8221531510353088
1789634997758433800,42.35943383789063,0.32714807987213135,0.06375327706336975,0.7839362621307373
1789634997768472800,42.369472900390626,0.34829702973365784,0.05058344453573227,0.6955529451370239
1789634997778513000,42.37951293945312,0.3148975074291229,-0.00807187706232071,0.5425301194190979
1789634997788552000,42.38955200195313,0.258373886346817,-0.08975229412317276,0.41405072808265686
1789634997798591700,42.399591796875,0.24255499243736267,-0.300016313791275,0.3124127984046936
1789634997808631000,42.40963110351562,0.24554938077926636,-0.2695431709289551,0.3851930499076843
1789634997818671000,42.419671142578125,0.17783983051776886,0.07224826514720917,0.5522832870483398
1789634997828711000,42.4297109375,0.08986258506774902,0.17630541324615479,0.5286530256271362
1789634997838750000,42.43975,0.044141169637441635,0.016622819006443024,0.2966621220111847
1789634997848790000,42.4497900390625,-0.008842645213007927,-0.11619029939174652,0.07211730629205704
1789634997858829000,42.4598291015625,-0.04482647776603699,-0.13131704926490784,-0.06486877799034119
1789634997868868900,42.46986889648438,-0.03431377559900284,-0.06600156426429749,-0.09503983706235886
1789634997878908000,42.47990795898438,-0.06897960603237152,0.016926076263189316,-0.03031304106116295
1789634997888948000,42.48994799804687,-0.1345590204000473,0.13320833444595337,0.033356327563524246
1789634997898986800,42.49998681640625,-0.15797114372253418,0.27324721217155457,0.060915518552064896
1789634997909026800,42.51002685546875,-0.050475943833589554,0.01427080761641264,0.04573000222444534
1789634997919065900,42.52006591796875,0.007966859266161919,-0.14841769635677338,0.017446964979171753
1789634997929106000,42.53010595703125,-0.02775561809539795,-0.09399779886007309,0.0071328142657876015
1789634997939146000,42.54014599609375,-0.07963825762271881,-0.07107970118522644,0.015593145042657852
1789634997949184800,42.550184814453125,-0.1362183690071106,-0.0401226244866848,-0.03681293874979019
1789634997959224800,42.56022485351563,-0.1357555091381073,-0.01624658703804016,-0.11241848766803741
1789634997969264000,42.57026416015625,-0.10156702995300293,-0.07889049500226974,-0.11442805081605911
1789634997979304000,42.58030395507812,-0.0747511237859726,-0.05254650488495827,-0.06763498485088348
1789634997989343000,42.59034301757813,-0.06662820279598236,-0.06203614920377731,-0.024669630452990532
1789634997999383000,42.600383056640624,-0.01686543971300125,-0.06479118764400482,0.0371260941028595
1789634998009421800,42.610421875,0.014348387718200684,0.016675975173711777,0.01455842424184084
1789634998019462000,42.6204619140625,0.009130190126597881,-0.0003908928483724594,-0.0879485085606575
1789634998029501000,42.6305009765625,-0.05443544685840607,-0.018293285742402077,-0.18552438914775848
1789634998039541000,42.640541015625,-0.08806824684143066,0.005684219300746918,-0.2354796975851059
1789634998049579800,42.650579833984374,-0.0391235388815403,0.050130851566791534,-0.2563576400279999
1789634998059619800,42.660619873046876,0.037367772310972214,0.10736537724733353,-0.19425617158412933
1789634998069660000,42.67065991210937,0.14112471044063568,0.02445926144719124,-0.09442968666553497
1789634998079699000,42.68069897460938,0.1480206996202469,0.034734271466732025,-0.026086043566465378
1789634998089738800,42.69073876953125,0.0821923092007637,0.14409399032592773,-0.030378494411706924
1789634998099778000,42.70077807617187,0.02147623337805271,0.20897763967514038,-0.07417817413806915
1789634998109817900,42.71081787109375,0.010481026023626328,0.231008842587471,-0.10211842507123947
1789634998119857000,42.72085693359375,0.03186460956931114,0.2114149034023285,-0.1390945464372635
1789634998129897000,42.73089697265625,0.050226613879203796,0.24541883170604706,-0.106723852455616
1789634998139936000,42.74093603515625,0.12554746866226196,0.21982745826244354,-0.045132122933864594
1789634998149976000,42.75097607421875,0.1948511302471161,0.15473875403404236,0.0008259628666564822
1789634998160016000,42.76101586914063,0.18172094225883484,0.1604597568511963,0.05283243954181671
1789634998170055000,42.77105493164063,0.11349518597126007,0.2407539188861847,0.1227898821234703
1789634998180095000,42.78109497070312,0.11619164049625397,0.23914723098278046,0.19950063526630402
1789634998190134000,42.79113403320312,0.14966146647930145,0.22195589542388916,0.24225495755672455
1789634998200173800,42.801173828125,0.11396712809801102,0.29984617233276367,0.2809775769710541
1789634998210212900,42.811212890625,0.14093327522277832,0.34774672985076904,0.29467663168907166
1789634998220253000,42.8212529296875,0.2538456916809082,0.20427027344703674,0.2925655245780945
1789634998230292000,42.8312919921875,0.3479463756084442,-0.04673425853252411,0.25685760378837585
1789634998240331800,42.841331787109375,0.31562384963035583,-0.07976624369621277,0.2772933840751648
1789634998250371000,42.85137109375,0.22499534487724304,0.028780946508049965,0.3241572976112366
1789634998260411100,42.8614111328125,0.2171480655670166,0.06647665798664093,0.31021007895469666
1789634998270451000,42.87145092773437,0.23694643378257751,-0.112226203083992,0.261598140001297
1789634998280490000,42.88148999023438,0.21403180062770844,-0.2292444407939911,0.21298480033874512
1789634998290530000,42.891530029296874,0.20112043619155884,-0.2365041971206665,0.17252540588378906
1789634998300568800,42.90156884765625,0.2344895899295807,-0.2855638861656189,0.09312032908201218
1789634998310609000,42.91160888671875,0.18481706082820892,-0.10111617296934128,0.09797608852386475
1789634998320648000,42.92164794921875,0.1801472008228302,0.04501546919345856,0.1412910670042038
1789634998330688000,42.93168798828125,0.2011769860982895,-0.24504044651985168,0.1671467423439026
1789634998340726800,42.941726806640624,0.11661896109580994,-0.2441970258951187,0.19830599427223206
1789634998350766800,42.951766845703126,-0.0016255974769592285,-0.17232942581176758,0.22001440823078156
1789634998360806000,42.961805908203125,-0.11899137496948242,-0.002162216231226921,0.24000941216945648
1789634998370846000,42.97184594726563,-0.22087892889976501,0.14661343395709991,0.21816928684711456
1789634998380885800,42.9818857421875,-0.2112121731042862,-0.026511209085583687,0.11199597269296646
1789634998390925000,42.99192504882812,-0.22090737521648407,-0.05247296765446663,0.09625657647848129
1789634998400964900,43.00196484375,-0.23261649906635284,0.006187949329614639,0.1924656629562378
1789634998411004000,43.01200390625,-0.27616629004478455,0.19267475605010986,0.306474894285202
1789634998421044000,43.0220439453125,-0.42776060104370117,0.4608377516269684,0.4075421094894409
1789634998431083000,43.0320830078125,-0.49556005001068115,0.49190375208854675,0.373589426279068
1789634998441123000,43.042123046875,-0.4754561185836792,0.39530688524246216,0.18986833095550537
1789634998451161900,43.052161865234375,-0.42071637511253357,0.26226261258125305,-0.01928573101758957
1789634998461202000,43.06220190429688,-0.35611605644226074,0.17273378372192383,-0.11691481620073318
1789634998471241000,43.072240966796876,-0.36680442094802856,0.2328115999698639,-0.020726485177874565
1789634998481281000,43.08228100585937,-0.3623766601085663,0.2332552820444107,0.15817348659038544
1789634998491320800,43.09232080078125,-0.34778162837028503,0.15062236785888672,0.27307191491127014
1789634998501359900,43.10235986328125,-0.29963433742523193,0.07882194966077805,0.2867722809314728
1789634998511400000,43.11239990234375,-0.2685825526714325,0.05760420858860016,0.2061234563589096
1789634998521438700,43.12243872070312,-0.25633466243743896,-0.14488203823566437,0.09290716052055359
1789634998531478800,43.132478759765625,-0.19888746738433838,-0.44855934381484985,0.09303987771272659
1789634998541518000,43.14251806640625,0.03299262747168541,-0.4617963135242462,0.2499796748161316
1789634998551558100,43.15255810546875,-0.10756349563598633,-0.021853603422641754,0.365145206451416
1789634998561597000,43.162596923828126,-0.2515270411968231,0.4288879930973053,0.294948548078537
1789634998571637000,43.17263696289063,-0.14341019093990326,0.1746470183134079,0.15087664127349854
1789634998581677000,43.182677001953124,-0.05895230919122696,-0.1281173825263977,0.042605556547641754
1789634998591716000,43.19271606445312,0.036248281598091125,-0.08079284429550171,0.05145202577114105
1789634998601756000,43.202755859375,0.0626939982175827,0.18461139500141144,0.169902503490448
1789634998611795000,43.212794921875,0.09526344388723373,0.1781298965215683,0.174603670835495
1789634998621835000,43.2228349609375,0.1748914271593094,-0.10778094828128815,-0.045411255210638046
1789634998631873800,43.232873779296874,0.20207762718200684,-0.05149617791175842,-0.1740821897983551
1789634998641913900,43.242913818359376,0.22371740639209747,-0.05464589595794678,-0.12826411426067352
1789634998651953000,43.252952880859375,0.18619389832019806,-0.012521841563284397,0.013059287331998348
1789634998661993000,43.26299291992188,0.170974999666214,-0.007228276692330837,0.18876239657402039
1789634998672032800,43.27303271484375,0.24457865953445435,-0.1109088808298111,0.2420392483472824
1789634998682071800,43.28307177734375,0.29910263419151306,-0.19403812289237976,0.1470876932144165
1789634998692112000,43.29311181640625,0.31063953042030334,-0.19781558215618134,-0.03541482239961624
1789634998702151000,43.30315087890625,0.24991893768310547,0.028658300638198853,-0.1552586704492569
1789634998712191000,43.31319091796875,0.24227190017700195,0.07178637385368347,-0.17286144196987152
1789634998722230000,43.32322998046875,0.31187573075294495,-0.2613007724285126,-0.16488288342952728
1789634998732270000,43.33327001953125,0.18599945306777954,-0.15593962371349335,-0.039843589067459106
1789634998742309000,43.34330908203125,0.007551944814622402,0.21480995416641235,0.08141572028398514
1789634998752349200,43.35334912109375,0.03952300548553467,-0.05796213448047638,-0.09453802555799484
1789634998762389200,43.36338916015625,0.0151047483086586,-0.1763146072626114,-0.28220728039741516
1789634998772428000,43.37342797851562,-0.012759741395711899,-0.15902747213840485,-0.26212719082832336
1789634998782468000,43.383468017578124,-0.11357556283473969,-0.01436695083975792,-0.08423656225204468
1789634998792507100,43.39350708007812,-0.12708115577697754,0.004618901759386063,0.07705625891685486
1789634998802547200,43.403547119140626,-0.11980219930410385,-0.12311429530382156,0.07177281379699707
1789634998812586000,43.4135859375,-0.138956218957901,-0.12950439751148224,-0.05460946261882782
1789634998822626000,43.4236259765625,-0.17432299256324768,0.06590849906206131,-0.07691290229558945
1789634998832665000,43.4336650390625,-0.16849568486213684,-0.09667712450027466,-0.06922474503517151
1789634998842705200,43.443705078125,-0.2583180069923401,-0.12715594470500946,0.028882648795843124
1789634998852744200,43.453744140625,-0.25683900713920593,-0.26659536361694336,0.11433064937591553
1789634998862784300,43.4637841796875,-0.25332337617874146,-0.4064595401287079,0.13195306062698364
1789634998872824300,43.47382421875,-0.28082069754600525,-0.4465653896331787,0.15000112354755402
1789634998882863000,43.48386303710937,-0.3445275127887726,-0.4249029755592346,0.18834397196769714
1789634998892903200,43.493903076171875,-0.3841268718242645,-0.40416431427001953,0.250275582075119
1789634998902942200,43.503942138671874,-0.4217680096626282,-0.42715752124786377,0.2408895492553711
1789634998912982300,43.51398217773438,-0.3797549605369568,-0.617779016494751,0.16513007879257202
1789634998923021000,43.52402099609375,-0.4157414734363556,-0.5461596846580505,0.14147348701953888
1789634998933061000,43.53406103515625,-0.3935192823410034,-0.3712165951728821,0.1660463958978653
1789634998943100200,43.54410009765625,-0.40289708971977234,-0.13957244157791138,0.14882346987724304
1789634998953140200,43.55414013671875,-0.42039409279823303,-0.18281349539756775,0.07143239676952362
1789634998963180000,43.56417993164062,-0.4279598593711853,-0.41893360018730164,-0.07571417838335037
1789634998973219000,43.57421899414062,-0.5278135538101196,-0.38719502091407776,-0.20914465188980103
1789634998983259100,43.584259033203125,-0.6792975664138794,-0.038561660796403885,-0.18830116093158722
1789634998993298200,43.594298095703124,-0.687817394733429,0.0015537282451987267,-0.19649270176887512
1789634999003338000,43.604337890625,-0.5181812047958374,-0.22063219547271729,-0.22172774374485016
1789634999013377300,43.614377197265625,-0.24275760352611542,-0.1468418836593628,-0.16351713240146637
1789634999023417300,43.62441723632813,-0.06365283578634262,-0.06066012755036354,-0.002249945653602481
1789634999033456000,43.6344560546875,0.08116505295038223,-0.3810141384601593,0.200955331325531
1789634999043496200,43.64449609375,-0.2665204703807831,-0.26437196135520935,0.17704840004444122
1789634999053536300,43.654536376953125,-0.5703211426734924,-0.1603032350540161,0.1958812177181244
1789634999063575000,43.66457495117187,-0.6842064261436462,-0.0020651337690651417,0.2041894793510437
1789634999073615000,43.674614990234375,-0.5593937039375305,0.10494451969861984,0.14658106863498688
1789634999083654100,43.68465405273437,-0.4826619029045105,0.02206214889883995,-0.02629190683364868
1789634999093694200,43.694694091796876,-0.4235166013240814,-0.12148800492286682,-0.08692030608654022
1789634999103733000,43.70473291015625,-0.4281875193119049,-0.06396958231925964,0.03685915842652321
1789634999113773000,43.71477294921875,-0.68923419713974,0.2368156611919403,0.08131518959999084
1789634999123812000,43.72481201171875,-0.7933765649795532,0.3651224970817566,-0.0006848747725598514
1789634999133852200,43.73485205078125,-0.34621015191078186,1.2558187246322632,-0.48131346702575684
1789634999143892000,43.74489208984375,0.3928234279155731,0.6852917671203613,-0.12357772141695023
1789634999153931300,43.75493115234375,0.9956775307655334,-0.6876695156097412,0.5670573711395264
1789634999163971000,43.76497119140625,0.9318634271621704,-0.7688575983047485,0.6785284876823425
1789634999174010000,43.77501000976562,0.4234870374202728,-0.35142451524734497,0.5088379383087158
1789634999184050200,43.78505029296875,0.015748824924230576,-0.5688473582267761,0.45081594586372375
1789634999194089200,43.795089111328124,-0.24802234768867493,-1.052003026008606,0.49570325016975403
1789634999204129300,43.80512939453125,-0.3135422170162201,-1.6011478900909424,0.6913707256317139
1789634999214168000,43.81516796875,-0.3661094903945923,-1.8465712070465088,0.7221629619598389
1789634999224208100,43.8252080078125,-0.5316818952560425,-1.6300544738769531,0.621523916721344
1789634999234247200,43.8352470703125,-0.7781313061714172,-0.7562852501869202,0.4524141550064087
1789634999244287200,43.84528735351562,-0.8986561298370361,-0.588778018951416,0.3451574742794037
1789634999254327000,43.8553271484375,-0.9065654873847961,-0.6487363576889038,0.1066475659608841
1789634999264366000,43.86536596679687,-0.899397075176239,0.04398537427186966,-0.34601259231567383
1789634999274406100,43.87540625,-0.8616124987602234,0.3887419104576111,-0.8129962086677551
1789634999284445000,43.88544482421875,-0.7230724692344666,0.281973659992218,-0.9420745372772217
1789634999294485000,43.89548510742188,-0.5256674885749817,0.04403954744338989,-0.6189988851547241
1789634999304524300,43.905524169921875,-0.19265012443065643,-0.176046222448349,-0.10768229514360428
1789634999314564400,43.915564453125,-0.009865950793027878,0.23865331709384918,0.22012865543365479
1789634999324604200,43.925604248046874,0.0023888512514531612,0.6990494132041931,0.2974088191986084
1789634999334643200,43.93564331054687,0.034795284271240234,0.5495911240577698,0.23711903393268585
1789634999344683300,43.945683349609375,0.09695186465978622,0.2956230640411377,0.11395741999149323
1789634999354722000,43.95572216796875,0.126286581158638,0.3367137610912323,-0.013834892772138119
1789634999364762000,43.96576220703125,0.10427209734916687,0.45608755946159363,-0.16149970889091492
1789634999374801200,43.97580126953125,0.1031351163983345,0.6247111558914185,-0.23710417747497559
1789634999384841200,43.98584130859375,0.15338923037052155,0.26076140999794006,-0.2425500750541687
1789634999394880000,43.9958798828125,0.20504048466682434,0.16132020950317383,-0.08564408868551254
1789634999404920000,44.00592016601563,0.22854261100292206,0.24180947244167328,-0.10248085856437683
1789634999414959000,44.015958984375,0.27131813764572144,0.4510052502155304,-0.20602411031723022
1789634999424999200,44.02599926757812,0.2711825668811798,0.5001328587532043,-0.21390600502490997
1789634999435039000,44.0360390625,0.2639906108379364,0.6358383297920227,-0.05605173483490944
1789634999445078000,44.046078125,0.3620316684246063,0.5373716950416565,0.030220570042729378
1789634999455118000,44.0561181640625,0.45456066727638245,0.2752930819988251,0.010339341126382351
1789634999465157000,44.0661572265625,0.42343708872795105,0.15340019762516022,-0.005713661201298237
1789634999475197200,44.076197265625,0.23122945427894592,0.163773313164711,0.04617317020893097
1789634999485236200,44.086236328125,0.012892869301140308,0.0825362503528595,0.12478409707546234
1789634999495276300,44.0962763671875,-0.05974035710096359,0.22048217058181763,0.19358809292316437
1789634999505315000,44.106315185546876,0.06344442814588547,0.5511634349822998,0.019817376509308815
1789634999515355100,44.11635522460937,0.6280738115310669,0.9360000491142273,-0.6249405741691589
1789634999525395200,44.126395263671874,0.865601658821106,-0.3340638279914856,-0.5018287897109985
1789634999535434200,44.13643432617187,0.7496589422225952,-0.4144330322742462,-0.21201768517494202
1789634999545474000,44.14647412109375,0.6607477068901062,-0.36378875374794006,-0.19211934506893158
1789634999555513000,44.15651318359375,0.520253598690033,-0.5344621539115906,-0.16706492006778717
1789634999565553200,44.16655322265625,0.3031971752643585,-0.6444892883300781,-0.04333312809467316
1789634999575592000,44.176592041015624,0.1446104347705841,-0.5549015402793884,0.15009045600891113
1789634999585632000,44.18663208007813,-0.10834245383739471,-0.6065964102745056,0.24458499252796173
1789634999595671300,44.19667138671875,-0.28701093792915344,-0.7956685423851013,0.13835115730762482
1789634999605711000,44.20671118164063,-0.3696664273738861,-0.4750239849090576,0.1282239556312561
1789634999615751000,44.2167509765625,-0.39455685019493103,0.0945865735411644,0.21240347623825073
1789634999625790200,44.22679028320312,-0.3719063997268677,0.3736472427845001,0.336526483297348
1789634999635830300,44.236830322265625,-0.44543036818504333,0.4579733610153198,0.41433069109916687
1789634999645869300,44.246869384765624,-0.5626711845397949,0.6845359206199646,0.542727530002594
1789634999655909000,44.2569091796875,-0.4920172393321991,0.9762187004089355,0.6320685148239136
1789634999665948200,44.2669482421875,-0.30501434206962585,0.9971700310707092,0.4800387918949127
1789634999675988200,44.27698828125,-0.24600371718406677,0.5397340059280396,0.1764579564332962
1789634999686027000,44.287027099609375,-0.3456392288208008,-0.04043617472052574,0.02828233689069748
1789634999696067000,44.29706713867188,-0.3126259744167328,-0.019806765019893646,0.08674213290214539
1789634999706107100,44.30710717773437,-0.08453316986560822,0.15708252787590027,0.04860885813832283
1789634999716146200,44.31714624023437,0.015001080930233002,0.028215806931257248,-0.19331739842891693
1789634999726186000,44.32718603515625,-0.10072099417448044,-0.8258700966835022,-0.48226505517959595
1789634999736225000,44.33722509765625,-0.13838012516498566,-1.6656934022903442,-0.42675650119781494
1789634999746265300,44.347265380859376,-0.2310461401939392,-1.3458945751190186,-0.2389748990535736
1789634999756304400,44.357304443359375,-0.36993104219436646,-1.1382842063903809,-0.3155275285243988
1789634999766344200,44.36734423828125,-0.42738422751426697,-0.989715576171875,-0.43948808312416077
1789634999776383500,44.37738354492188,-0.2800687253475189,-0.8193381428718567,-0.2761147916316986
1789634999786423600,44.38742358398437,-0.03105171024799347,-0.6565982699394226,-0.051810041069984436
1789634999796463600,44.397463623046875,0.1900981366634369,-0.36848944425582886,0.048933278769254684
1789634999806502400,44.40750244140625,0.2250760942697525,-0.16856326162815094,0.1116989254951477
1789634999816542500,44.41754248046875,0.18888899683952332,0.007842314429581165,0.26869821548461914
1789634999826581500,44.42758154296875,0.15377388894557953,0.2924841642379761,0.4550366699695587
1789634999836621300,44.437621337890626,0.12411797046661377,0.6269051432609558,0.5571233630180359
1789634999846660400,44.447660400390625,0.14849628508090973,0.8761924505233765,0.49907156825065613
1789634999856700400,44.45770043945313,0.32270607352256775,1.3471437692642212,0.595874011516571
1789634999866739200,44.4677392578125,0.6387562155723572,2.0755581855773926,0.8966913223266602
1789634999876779300,44.477779296875,0.8513410091400146,2.5436854362487793,1.007096767425537
1789634999886819300,44.4878193359375,0.7351770997047424,2.225797653198242,0.7151336073875427
1789634999896858400,44.4978583984375,0.442179799079895,1.701466679573059,0.4698481857776642
1789634999906898400,44.5078984375,0.26618000864982605,1.0799474716186523,0.2620217502117157
1789634999916937500,44.5179375,0.21166777610778809,0.5048796534538269,0.1383836269378662
1789634999926977300,44.527977294921875,0.214082732796669,0.28109925985336304,0.13920466601848602
1789634999937016600,44.5380166015625,0.3299233913421631,0.29606467485427856,0.16881713271141052
1789634999947056400,44.54805639648438,0.4556019604206085,0.3302641808986664,0.13424265384674072
1789634999957096400,44.55809643554687,0.4785638451576233,0.032781071960926056,-0.0027712290175259113
1789634999967135500,44.56813549804688,0.2866487503051758,-0.35886871814727783,-0.17107102274894714
1789634999977175600,44.578175537109374,-0.07704078406095505,-0.900908887386322,-0.3548784852027893
1789634999987214300,44.58821435546875,-0.6334148049354553,-1.1048628091812134,-0.45567992329597473
1789634999997254400,44.59825439453125,-1.5829918384552002,-0.7558597922325134,-0.3629762530326843
1789635000007293400,44.60829345703125,-2.466610908508301,-0.46438610553741455,-0.22774198651313782
1789635000017333500,44.61833349609375,-2.727524518966675,0.023604538291692734,-0.12575021386146545
1789635000027372300,44.628372314453124,-2.5950815677642822,0.6322916150093079,-0.0360589362680912
1789635000037412400,44.638412353515626,-2.099416494369507,0.9947954416275024,-0.031820476055145264
1789635000047452400,44.64845239257812,-1.6017698049545288,0.8652507662773132,-0.2189466804265976
1789635000057491200,44.6584912109375,-1.3503292798995972,0.5414106249809265,-0.24709011614322662
1789635000067531300,44.66853125,-1.3064597845077515,0.35480260848999023,-0.07214866578578949
1789635000077570600,44.67857055664062,-1.1813697814941406,0.2638413608074188,-0.004046943970024586
1789635000087610400,44.6886103515625,-1.015100359916687,0.08854199200868607,-0.018764369189739227
1789635000097649400,44.6986494140625,-0.9275308847427368,-0.052406758069992065,-0.08032970875501633
1789635000107689500,44.708689453125,-0.8711230158805847,0.028668655082583427,-0.16888940334320068
1789635000117728500,44.718728515625,-0.7366477847099304,0.19353483617305756,-0.1794019639492035
1789635000127768300,44.728768310546876,-0.5776264071464539,-0.026537610217928886,-0.13543637096881866
1789635000137808400,44.73880834960938,-0.40365469455718994,-0.19500046968460083,-0.18889659643173218
1789635000147847400,44.74884741210938,-0.275961697101593,0.22544288635253906,-0.1860179752111435
1789635000157887500,44.75888745117187,-0.28349652886390686,1.100354790687561,-0.0024822158738970757
1789635000167926300,44.76892626953125,-0.2151116281747818,1.8069950342178345,0.25668543577194214
1789635000177966300,44.77896630859375,0.002919031074270606,1.904302716255188,0.32146137952804565
1789635000188005400,44.78900537109375,0.05864061415195465,0.7816901206970215,0.1379815638065338
1789635000198045400,44.79904541015625,-0.05304936692118645,-0.8827921152114868,-0.12396729737520218
1789635000208084200,44.80908422851562,-0.24048744142055511,-0.5096326470375061,-0.0183255597949028
1789635000218124300,44.819124267578125,-0.3561798632144928,-0.15617576241493225,0.06337539106607437
1789635000228164400,44.82916430664063,-0.0016260454431176186,-0.062089212238788605,0.17297646403312683
1789635000238203400,44.83920336914063,0.3334013521671295,-0.0939180925488472,0.16881030797958374
1789635000248243500,44.84924340820312,0.24925024807453156,-0.1933903694152832,0.05066344141960144
1789635000258282500,44.85928247070313,-0.062236540019512177,-0.12973229587078094,-0.09692788124084473
1789635000268322600,44.869322509765624,-0.4749132990837097,0.34573888778686523,-0.013380258344113827
1789635000278361300,44.879361328125,-0.7481364607810974,1.2073746919631958,0.22371287643909454
1789635000288401400,44.8894013671875,-0.793896496295929,1.7909414768218994,0.39019185304641724
1789635000298440400,44.8994404296875,-0.8641262054443359,2.226123332977295,0.4504179358482361
1789635000308480500,44.90948046875,-0.9191596508026123,2.3030245304107666,0.5132097005844116
1789635000318520300,44.91952026367188,-0.7207375764846802,2.0506391525268555,0.6680099368095398
1789635000328559400,44.929559326171876,-0.28066277503967285,1.8186988830566406,0.8042250275611877
1789635000338599400,44.93959936523437,0.16667193174362183,1.9209336042404175,0.844738245010376
1789635000348638200,44.94963818359375,0.31790274381637573,2.276782512664795,0.8319090008735657
1789635000358678300,44.95967822265625,0.20547154545783997,2.809349298477173,0.8130472302436829
1789635000368717300,44.96971728515625,0.015310673043131828,3.308063268661499,0.9277080297470093
1789635000378757400,44.97975732421875,-0.22827070951461792,3.477389335632324,1.0324950218200684
1789635000388796400,44.98979638671875,-0.4759633243083954,3.2647006511688232,0.9823886752128601
1789635000398836500,44.99983642578125,-0.19141390919685364,2.9720115661621094,0.8020605444908142
1789635000408876500,45.00987646484375,0.051039475947618484,2.599775552749634,0.7049752473831177
1789635000418915600,45.01991552734375,-0.04930218309164047,2.0893728733062744,0.47469210624694824
1789635000428955400,45.02995532226562,-0.26646193861961365,1.3195650577545166,0.3097630739212036
1789635000438994400,45.03999438476563,-0.14711587131023407,1.3569016456604004,0.71758633852005
1789635000449034500,45.05003442382812,0.026876430958509445,1.7471362352371216,0.9281068444252014
1789635000459073300,45.0600732421875,0.1348995715379715,2.127110719680786,0.7715999484062195
1789635000469113300,45.07011328125,0.26333504915237427,2.418919563293457,0.47139057517051697
1789635000479152400,45.08015234375,0.3756602704524994,2.1940371990203857,0.6614168286323547
1789635000489192400,45.0901923828125,0.6289742588996887,1.5877814292907715,1.2946922779083252
1789635000499232300,45.10023217773438,0.6830359697341919,0.743033230304718,1.5764151811599731
1789635000509271300,45.110271240234376,0.09298385679721832,0.5759787559509277,1.233704924583435
1789635000519311400,45.12031127929688,-0.5345625877380371,0.15925829112529755,0.5542231202125549
1789635000529350400,45.13035034179688,-0.726155161857605,0.43690136075019836,0.9393015503883362
1789635000539390200,45.14039013671875,-0.052094362676143646,-1.2885414361953735,1.7231783866882324
1789635000549429500,45.15042944335938,0.37728121876716614,-1.249937891960144,2.557722806930542
1789635000559469600,45.160469482421874,0.1646324247121811,-1.4563634395599365,1.3028947114944458
1789635000569508400,45.17050830078125,0.2327720671892166,-0.24407365918159485,1.573501706123352
1789635000579548400,45.18054833984375,0.21186389029026031,-0.54160475730896,1.3934326171875
1789635000589587500,45.19058740234375,-0.03819894418120384,-0.8515056371688843,1.062145709991455
1789635000599627500,45.20062744140625,-0.3729822039604187,-0.16535057127475739,1.3155094385147095
1789635000609667300,45.21066723632813,-0.48672208189964294,0.3869647979736328,1.2690227031707764
1789635000619706400,45.22070629882813,-0.7006191611289978,1.0946544408798218,0.8099491596221924
1789635000629746400,45.23074633789062,-1.0089370012283325,2.380388021469116,0.6914616823196411
1789635000639785200,45.24078515625,-1.042622685432434,3.720665216445923,0.32493385672569275
1789635000649825300,45.2508251953125,-1.147523283958435,4.740054607391357,-0.36829257011413574
1789635000659864300,45.2608642578125,-1.4903310537338257,5.4978251457214355,-0.8316361308097839
1789635000669904400,45.270904296875,-1.722311019897461,5.866490840911865,-1.0033855438232422
1789635000679943400,45.280943359375,-1.8577882051467896,6.010865688323975,-0.9246941208839417
1789635000689983500,45.2909833984375,-2.0272915363311768,6.223420143127441,-0.6127668619155884
1789635000700023300,45.30102319335938,-2.2426917552948,5.982551574707031,-0.5742020606994629
1789635000710062600,45.3110625,-2.6984071731567383,5.343814373016357,-0.8691559433937073
1789635000720102400,45.32110229492187,-3.314347982406616,4.4819135665893555,-1.3279497623443604
1789635000730141400,45.33114135742188,-3.9582693576812744,3.5715136528015137,-1.7337223291397095
1789635000740181500,45.34118139648437,-4.654664039611816,2.9823126792907715,-2.0477654933929443
1789635000750221600,45.3512216796875,-5.268373966217041,2.786900281906128,-2.22098445892334
1789635000760261600,45.36126171875,-5.726787090301514,2.6597740650177,-2.301386594772339
1789635000770300700,45.37130078125,-6.055792808532715,2.5883069038391113,-2.2271645069122314
1789635000780340500,45.38134057617187,-6.153458118438721,2.623173952102661,-1.9716615676879883
1789635000790379500,45.39137963867187,-6.101646900177002,2.676363706588745,-1.6173291206359863
1789635000800419600,45.401419677734374,-5.966914653778076,2.54248309135437,-1.2163829803466797
1789635000810459600,45.41145971679688,-5.878788948059082,2.2575795650482178,-0.7855649590492249
1789635000820498400,45.42149853515625,-5.939919948577881,2.0171079635620117,-0.3602884113788605
1789635000830538500,45.43153857421875,-6.074995517730713,1.8203227519989014,-0.10719652473926544
1789635000840577500,45.44157763671875,-6.150824069976807,1.8213889598846436,-0.15533262491226196
1789635000850617300,45.45161743164063,-6.165341854095459,2.104323387145996,-0.4497871696949005
1789635000860656400,45.46165649414063,-6.143509387969971,2.7916781902313232,-0.806716799736023
1789635000870696400,45.47169653320312,-6.040810585021973,3.618044376373291,-1.0766351222991943
1789635000880735700,45.48173583984375,-5.613723278045654,4.27031135559082,-1.2909010648727417
1789635000890775600,45.491775634765624,-4.9301629066467285,4.677778720855713,-1.4153850078582764
1789635000900815400,45.5018154296875,-4.205948352813721,4.867697238922119,-1.3798673152923584
1789635000910854700,45.511854736328125,-3.5949041843414307,4.973280906677246,-1.1361678838729858
1789635000920894700,45.52189477539063,-3.1856958866119385,5.024888515472412,-0.7524805068969727
1789635000930933500,45.53193359375,-2.8940043449401855,5.020616054534912,-0.35907411575317383
1789635000940973600,45.5419736328125,-2.66015625,4.916639804840088,-0.05950315296649933
1789635000951012600,45.5520126953125,-2.4821131229400635,4.718868255615234,0.16595341265201569
1789635000961052400,45.56205249023437,-2.3551647663116455,4.309053897857666,0.365925133228302
1789635000971091500,45.57209155273438,-2.307901620864868,3.692110776901245,0.5508753061294556
1789635000981131500,45.58213159179687,-2.3082094192504883,2.9730124473571777,0.7947544455528259
1789635000991170300,45.59217041015625,-2.248750925064087,2.2615134716033936,1.0833721160888672
1789635001001210400,45.60221044921875,-2.0534539222717285,1.7068493366241455,1.3435685634613037
1789635001011249700,45.612249755859374,-1.7527364492416382,1.4979599714279175,1.5037297010421753
1789635001021289500,45.62228955078125,-1.4208272695541382,1.6075184345245361,1.5094355344772339
1789635001031329500,45.63232958984375,-1.1425583362579346,2.0325775146484375,1.3476455211639404
1789635001041368600,45.64236865234375,-0.8956261873245239,2.663026809692383,1.0242260694503784
1789635001051408600,45.65240869140625,-0.6025708913803101,3.23254132270813,0.5838868021965027
1789635001061447700,45.66244775390625,-0.27641168236732483,3.5598628520965576,0.07092896848917007
1789635001071487500,45.67248754882812,-0.07362156361341476,3.4272642135620117,-0.5347854495048523
1789635001081526500,45.68252661132812,0.05725150555372238,3.2395682334899902,-0.9071428179740906
1789635001091566600,45.692566650390624,0.09319619089365005,3.1488101482391357,-1.0527594089508057
1789635001101605400,45.70260546875,0.11984795331954956,2.8850724697113037,-0.9922415614128113
1789635001111645400,45.7126455078125,0.10932233929634094,2.5937066078186035,-0.7664092183113098
1789635001121684500,45.7226845703125,0.053705912083387375,2.4033937454223633,-0.4083867073059082
1789635001131724500,45.732724609375,-0.026675477623939514,2.2403359413146973,0.006489045452326536
1789635001141764400,45.74276440429688,-0.11246198415756226,1.9610472917556763,0.3587976396083832
1789635001151803400,45.75280346679688,-0.18290632963180542,1.5660732984542847,0.5565463900566101
1789635001161843500,45.76284350585937,-0.2477545589208603,1.0220401287078857,0.4817955493927002
1789635001171882800,45.7728828125,-0.3462803363800049,0.46949517726898193,0.18957485258579254
1789635001181922600,45.782922607421874,-0.45239460468292236,0.23457404971122742,-0.1386345773935318
1789635001191961600,45.79296166992187,-0.5027936100959778,0.32810720801353455,-0.34558242559432983
1789635001202001700,45.803001708984375,-0.45758843421936035,0.46044379472732544,-0.4470284581184387
1789635001212040400,45.81304052734375,-0.30255675315856934,0.5758383274078369,-0.5087403059005737
1789635001222080500,45.82308056640625,-0.15327833592891693,0.6979864239692688,-0.609917163848877
1789635001232119600,45.83311962890625,-0.01232972927391529,0.8049594759941101,-0.8224339485168457
1789635001242159600,45.84315966796875,0.03449999541044235,0.7811778783798218,-1.1839185953140259
1789635001252199400,45.85319946289062,-0.020415982231497765,0.7414627075195312,-1.5110011100769043
1789635001262238500,45.86323852539063,-0.008114087395370007,0.7277377843856812,-1.6217701435089111
1789635001272278500,45.87327856445312,0.059676945209503174,0.8596788048744202,-1.4549052715301514
1789635001282317300,45.8833173828125,0.12246141582727432,1.0683151483535767,-1.1210012435913086
1789635001292357400,45.893357421875,0.16676416993141174,1.2013314962387085,-0.7946502566337585
1789635001302396400,45.903396484375,0.16642864048480988,1.1685945987701416,-0.5618078112602234
1789635001312436500,45.9134365234375,0.1311047375202179,1.0002522468566895,-0.42143845558166504
1789635001322475500,45.9234755859375,0.08881741762161255,0.6853381395339966,-0.36069434881210327
1789635001332515600,45.933515625,0.0957871749997139,0.12087105214595795,-0.4108422100543976
1789635001342554600,45.9435546875,0.14327861368656158,-0.5908252000808716,-0.5030718445777893
1789635001352594700,45.9535947265625,0.2155698537826538,-1.0586283206939697,-0.6056035757064819
1789635001362634500,45.96363452148437,0.22950862348079681,-1.1082649230957031,-0.7999362945556641
1789635001372673500,45.97367358398437,0.10551795363426208,-0.82574063539505,-1.0839637517929077
1789635001382713600,45.983713623046874,-0.11858219653367996,-0.3295075297355652,-1.3315263986587524
1789635001392752400,45.99375244140625,-0.3172534704208374,0.11748994886875153,-1.4201388359069824
1789635001402792400,46.00379248046875,-0.3661087155342102,0.3412550389766693,-1.2347972393035889
1789635001412831500,46.01383154296875,-0.2577183246612549,0.35045120120048523,-0.9090912938117981
1789635001422871600,46.02387158203125,-0.08797866106033325,0.22795143723487854,-0.4719921052455902
1789635001432910300,46.033910400390624,0.13647201657295227,-0.06813641637563705,-0.039595410227775574
1789635001442950400,46.04395043945313,0.31958460807800293,-0.6381959915161133,0.2977231740951538
1789635001452989700,46.05398974609375,0.39153122901916504,-1.0778149366378784,0.62338787317276
1789635001463029500,46.06402954101563,0.32449910044670105,-1.3289425373077393,0.8522273302078247
1789635001473068500,46.07406860351563,0.13396643102169037,-1.5442346334457397,0.9008126854896545
1789635001483108600,46.08410864257812,-0.12028089910745621,-1.5499600172042847,0.899726152420044
1789635001493148700,46.094148681640625,-0.3643966317176819,-1.4521598815917969,0.9052961468696594
1789635001503187500,46.1041875,-0.5211787223815918,-1.38212251663208,0.9471793174743652
1789635001513227500,46.1142275390625,-0.5773192048072815,-1.219089388847351,1.0612801313400269
1789635001523266600,46.1242666015625,-0.5162045359611511,-0.8357403874397278,1.19906747341156
1789635001533306600,46.134306640625,-0.42523816227912903,-0.42959874868392944,1.2510989904403687
1789635001543345400,46.144345458984375,-0.3012212812900543,0.01774533838033676,1.171120285987854
1789635001553385500,46.15438549804688,-0.11746770143508911,0.733304500579834,1.0102299451828003
1789635001563424500,46.16442456054688,0.1262705773115158,1.452115535736084,0.7295211553573608
1789635001573464600,46.17446459960937,0.21699248254299164,1.751733660697937,0.2683170735836029
1789635001583503400,46.18450341796875,-0.011336574330925941,1.4270944595336914,-0.13934119045734406
1789635001593543400,46.19454345703125,-0.022423846647143364,1.1758497953414917,-0.3268245458602905
1789635001603583500,46.20458349609375,-0.009273791685700417,1.1860648393630981,-0.2518111765384674
1789635001613622500,46.21462255859375,0.11826711893081665,0.8628255128860474,-0.16640175879001617
1789635001623662600,46.22466259765625,0.2670042812824249,0.3745584189891815,-0.08470097184181213
1789635001633701600,46.23470166015625,0.31875431537628174,-0.055762339383363724,0.003931423183530569
1789635001643741700,46.24474169921875,0.26300787925720215,-0.266825795173645,0.14528553187847137
1789635001653780500,46.254780517578126,0.16119389235973358,-0.2383057326078415,0.2752517759799957
1789635001663820500,46.26482055664062,0.01379196997731924,-0.06530434638261795,0.4293922483921051
1789635001673859600,46.27485961914063,-0.012835114262998104,-0.24933943152427673,0.5223684906959534
1789635001683899400,46.2848994140625,0.061531975865364075,-0.5189735293388367,0.5081955194473267
1789635001693938400,46.2949384765625,0.16878199577331543,-0.5069189667701721,0.4510137736797333
1789635001703978500,46.304978515625,0.253400981426239,-0.3028465509414673,0.3666280210018158
1789635001714017500,46.315017578125,0.28288644552230835,-0.04145277664065361,0.24179261922836304
1789635001724057300,46.325057373046874,0.21580766141414642,0.17830459773540497,0.12313194572925568
1789635001734097400,46.33509741210938,0.07282654196023941,0.24975240230560303,0.050507016479969025
1789635001744135200,46.34513525390625,-0.13986004889011383,0.2232801765203476,0.054099954664707184
1789635001754175000,46.35517504882812,-0.3311873972415924,0.05271510034799576,0.08549463003873825
1789635001764214000,46.36521411132812,-0.45865002274513245,-0.24423003196716309,0.08472311496734619
1789635001774254000,46.375254150390624,-0.5153610706329346,-0.372651070356369,0.09973286837339401
1789635001784293000,46.38529321289062,-0.4949881434440613,-0.2637152671813965,0.15398354828357697
1789635001794333000,46.3953330078125,-0.413715124130249,-0.08453646302223206,0.17479722201824188
1789635001804372000,46.4053720703125,-0.27811866998672485,0.009445693343877792,0.1257452517747879
1789635001814412000,46.415412109375,-0.1555272489786148,0.04522526264190674,0.06889661401510239
1789635001824451000,46.425451171875,-0.07514650374650955,0.10211558640003204,0.056108538061380386
1789635001834491100,46.4354912109375,-0.02797526679933071,0.15410500764846802,0.07228617370128632
1789635001844531000,46.44553100585937,0.00270461430773139,0.20649418234825134,0.1015058383345604
1789635001854570200,46.4555703125,0.012999329715967178,0.23396095633506775,0.13278546929359436
1789635001864610000,46.465610107421874,-0.015526383183896542,0.2524791955947876,0.17296811938285828
1789635001874649000,46.47564916992187,-0.08980754017829895,0.26670873165130615,0.24359248578548431
1789635001884689200,46.485689208984375,-0.16183041036128998,0.28039249777793884,0.32925283908843994
1789635001894728000,46.49572802734375,-0.21241742372512817,0.28340238332748413,0.41214266419410706
1789635001904768000,46.50576806640625,-0.224575012922287,0.2484969049692154,0.47199746966362
1789635001914807000,46.51580712890625,-0.21352450549602509,0.161915123462677,0.5078417658805847
1789635001924847000,46.52584716796875,-0.17878685891628265,0.09948161244392395,0.5171815752983093
1789635001934886000,46.535885986328125,-0.12545466423034668,0.10092397779226303,0.49478623270988464
1789635001944926000,46.54592602539063,-0.039114490151405334,0.15997542440891266,0.4500667154788971
1789635001954965000,46.55596508789063,0.052537932991981506,0.2201753705739975,0.3998142182826996
1789635001965005000,46.56600512695312,0.11337938159704208,0.22712841629981995,0.3661842346191406
1789635001975044900,46.576044921875,0.11561457067728043,0.17197327315807343,0.36437568068504333
1789635001985084200,46.586084228515624,0.0707465410232544,0.07999969273805618,0.37635907530784607
1789635001995124200,46.596124267578126,0.0008074038196355104,0.018442057073116302,0.36684679985046387
1789635002005163000,46.6061630859375,-0.07696609944105148,0.010769180953502655,0.3143406808376312
1789635002015203000,46.616203125,-0.11071661114692688,0.0836431235074997,0.22578071057796478
1789635002025242000,46.6262421875,-0.0854262262582779,0.20819270610809326,0.13322901725769043
1789635002035282200,46.6362822265625,-0.03944994881749153,0.3325064182281494,0.04933038726449013
1789635002045321000,46.646321044921876,0.014944545924663544,0.3962599039077759,-0.02210063487291336
1789635002055361000,46.65636108398437,0.038297805935144424,0.4028016924858093,-0.0678047388792038
1789635002065400000,46.66640014648438,0.030026989057660103,0.39583688974380493,-0.07695410400629044
1789635002075440000,46.67644018554687,0.008300120942294598,0.38269126415252686,-0.06144038587808609
1789635002085479000,46.68647900390625,-0.0032464819960296154,0.3584820032119751,-0.0323263555765152
1789635002095519000,46.69651904296875,-0.00023844162933528423,0.30374976992607117,-0.02565513737499714
1789635002105559000,46.70655908203125,0.015876220539212227,0.25891971588134766,-0.009680444374680519
1789635002115598000,46.71659814453125,0.0335734561085701,0.21914833784103394,0.013143911957740784
1789635002125638000,46.72663793945313,0.04204870015382767,0.16222593188285828,0.017378604039549828
1789635002135677200,46.73667724609375,0.0038379328325390816,0.09800940006971359,-0.0013583317631855607
1789635002145717200,46.74671728515625,-0.0717737153172493,0.05932340770959854,-0.019362157210707664
1789635002155756000,46.75675610351563,-0.13543099164962769,0.0548117458820343,-0.04520680382847786
1789635002165796000,46.76679614257812,-0.16325904428958893,0.06723858416080475,-0.07610484957695007
1789635002175835100,46.77683520507812,-0.15913885831832886,0.1316916048526764,-0.10233911871910095
1789635002185875200,46.786875244140624,-0.14412416517734528,0.19605934619903564,-0.12320037186145782
1789635002195914000,46.7969140625,-0.11703341454267502,0.24113546311855316,-0.12497563660144806
1789635002205954000,46.8069541015625,-0.07532864809036255,0.2479773312807083,-0.10575126111507416
1789635002215994000,46.816994140625,-0.050685618072748184,0.2141653150320053,-0.058369364589452744
1789635002226033000,46.827032958984375,-0.03811904415488243,0.11282941699028015,-0.0032966569997370243
1789635002236073000,46.83707299804688,-0.02956683374941349,-0.0029885279946029186,0.04438724368810654
1789635002246112000,46.84711206054688,-0.02279207855463028,-0.06728086620569229,0.07727106660604477
1789635002256152000,46.85715209960937,-0.009715160354971886,-0.057549141347408295,0.07486862689256668
1789635002266191000,46.86719116210938,0.0032624443992972374,0.032334934920072556,0.04853886365890503
1789635002276231200,46.877231201171874,0.01834951899945736,0.16268308460712433,0.014500200748443604
1789635002286270200,46.88727026367187,0.04581865295767784,0.28193631768226624,-0.01622680015861988
1789635002296310000,46.89731005859375,0.0930333063006401,0.35732749104499817,-0.04425257444381714
1789635002306349000,46.90734912109375,0.14875347912311554,0.4474796950817108,-0.05321301519870758
1789635002316389000,46.91738916015625,0.11004123091697693,0.5796944499015808,0.14610835909843445
1789635002326428200,46.92742822265625,0.06447309255599976,0.34937921166419983,0.17872220277786255
1789635002336468000,46.93746801757813,-0.01775520294904709,0.16082902252674103,0.20395778119564056
1789635002346508000,46.94750805664062,-0.08234985172748566,0.03491055965423584,0.2890523672103882
1789635002356547000,46.95754711914063,-0.10896121710538864,-0.1882769912481308,0.276889443397522
1789635002366587100,46.96758715820312,-0.14468055963516235,-0.3134452700614929,0.2155364751815796
1789635002376626000,46.9776259765625,-0.11125841736793518,-0.3277099132537842,0.16822941601276398
1789635002386666000,46.987666015625,-0.05351318046450615,-0.2914951741695404,0.13444124162197113
1789635002396705000,46.997705078125,-0.028025928884744644,-0.27675801515579224,0.1619572788476944
1789635002406744800,47.007744873046875,-0.017403844743967056,-0.3685990571975708,0.17632485926151276
