time,seconds_elapsed,z,y,x
1788860594901412600,0.04841259765625,-0.39453667402267456,1.0404301881790161,-0.9115502238273621
1788860594911453700,0.05845361328125,-0.4195394814014435,1.2774089574813843,-0.9214545488357544
1788860594921495800,0.068495849609375,-0.45395711064338684,1.4122812747955322,-0.8710387349128723
1788860594931537000,0.078536865234375,-0.475836843252182,1.3551514148712158,-0.7620118856430054
1788860594941578800,0.088578857421875,-0.5016838908195496,1.1707061529159546,-0.647204577922821
1788860594951619800,0.098619873046875,-0.48962002992630005,0.963180661201477,-0.5755759477615356
1788860594961661700,0.10866162109375,-0.4234420657157898,0.8252846002578735,-0.662140965461731
1788860594971702800,0.118702880859375,-0.25216352939605713,0.8958005905151367,-1.1714662313461304
1788860594981744600,0.12874462890625,0.0923863872885704,1.3292204141616821,-1.8378077745437622
1788860594991785700,0.13878564453125,0.44973811507225037,2.076291561126709,-2.1973111629486084
1788860595001826800,0.148826904296875,0.7080325484275818,2.803332567214966,-2.3206186294555664
1788860595011868700,0.15886865234375,0.682623028755188,3.5958471298217773,-2.351461410522461
1788860595021909800,0.16890966796875,0.44446295499801636,4.104623794555664,-2.300323009490967
1788860595031952000,0.178951904296875,0.3239237368106842,3.9927401542663574,-2.1320159435272217
1788860595041993000,0.188992919921875,0.37387293577194214,3.423943281173706,-1.805837631225586
1788860595052034800,0.199034912109375,0.5131434798240662,2.6704049110412598,-1.3050123453140259
1788860595062076000,0.209075927734375,0.632338285446167,2.0750434398651123,-0.6889616250991821
1788860595072117800,0.21911767578125,0.7193259596824646,1.7290802001953125,0.010965831577777863
1788860595082158800,0.229158935546875,0.7181528210639954,1.22007155418396,0.7155895233154297
1788860595092200700,0.23920068359375,0.5867292881011963,0.858270525932312,1.372704267501831
1788860595102241800,0.24924169921875,0.24616903066635132,0.555442214012146,1.8752936124801636
1788860595112283600,0.25928369140625,-0.25495079159736633,-0.0156567245721817,2.1020350456237793
1788860595122324700,0.26932470703125,-0.7940310835838318,-0.780796468257904,2.1776247024536133
1788860595132366800,0.279366943359375,-1.2983498573303223,-1.391473650932312,2.2321860790252686
1788860595142408000,0.289407958984375,-1.7452716827392578,-1.9863890409469604,2.1979613304138184
1788860595152448800,0.29944873046875,-2.102992534637451,-2.511592388153076,1.9840672016143799
1788860595162491000,0.309490966796875,-2.3039767742156982,-2.83708119392395,1.576231598854065
1788860595172532000,0.319531982421875,-2.3502471446990967,-2.784562110900879,1.0197079181671143
1788860595182573800,0.32957373046875,-2.259094715118408,-2.2012908458709717,0.31904298067092896
1788860595192615000,0.339614990234375,-2.172084093093872,-1.657519817352295,-0.2710844874382019
1788860595202656800,0.34965673828125,-2.058983564376831,-1.6596566438674927,-0.8895626664161682
1788860595212697900,0.35969775390625,-1.8229914903640747,-1.944230318069458,-1.2838457822799683
1788860595222739700,0.36973974609375,-1.4611947536468506,-2.18373703956604,-1.3296977281570435
1788860595232780800,0.37978076171875,-1.0828324556350708,-2.3698527812957764,-1.0658687353134155
1788860595242823000,0.389822998046875,-0.6725038290023804,-2.6006922721862793,-0.6290522217750549
1788860595252864000,0.399864013671875,-0.19205306470394135,-2.7702560424804688,-0.12333844602108002
1788860595262905900,0.40990576171875,0.48604846000671387,-2.769345283508301,0.4460267424583435
1788860595272947000,0.419947021484375,1.196821689605713,-2.7225253582000732,0.9895973801612854
1788860595282988800,0.42998876953125,1.8062242269515991,-2.8714230060577393,1.4152981042861938
1788860595293030000,0.44002978515625,2.261474609375,-3.173964738845825,1.7214252948760986
1788860595303070700,0.45007080078125,2.4971086978912354,-3.4589383602142334,1.904449701309204
1788860595313112800,0.46011279296875,2.520677089691162,-3.6685409545898438,1.952962875366211
1788860595323153700,0.470153564453125,2.338758945465088,-3.7511954307556152,1.8614712953567505
1788860595333196000,0.480196044921875,2.0812559127807617,-3.731611490249634,1.671425223350525
1788860595343236900,0.49023681640625,1.6959888935089111,-3.5238375663757324,1.4589624404907227
1788860595353279000,0.500279052734375,1.2486143112182617,-3.3350207805633545,1.3039957284927368
1788860595363319800,0.51031982421875,1.0468111038208008,-3.3772456645965576,1.2861653566360474
1788860595373362000,0.52036181640625,1.2419792413711548,-3.681114673614502,1.4663242101669312
1788860595383402800,0.53040283203125,1.6994667053222656,-4.126526355743408,1.8222898244857788
1788860595393445000,0.540445068359375,2.167414426803589,-4.619668483734131,2.251861333847046
1788860595403486000,0.55048583984375,2.4449567794799805,-5.102259159088135,2.607004165649414
1788860595413528000,0.560528076171875,2.575599431991577,-5.17803955078125,2.6250007152557373
1788860595423569000,0.57056884765625,2.6851978302001953,-4.9585981369018555,2.378133535385132
1788860595433610000,0.58060986328125,2.780775547027588,-4.6768717765808105,2.083685874938965
1788860595443651800,0.59065185546875,2.9646687507629395,-4.515537738800049,1.8995866775512695
1788860595453693000,0.60069287109375,3.172006845474243,-4.566516399383545,1.7872620820999146
1788860595463734800,0.61073486328125,3.2853200435638428,-4.786069869995117,1.775598406791687
1788860595473775900,0.62077587890625,3.331477403640747,-4.89141321182251,1.7328646183013916
1788860595483818000,0.63081787109375,3.4221737384796143,-4.554249286651611,1.6411807537078857
1788860595493859000,0.640859130859375,3.5376555919647217,-3.801496744155884,1.3933783769607544
1788860595503901000,0.65090087890625,3.588992118835449,-2.8362972736358643,1.0108214616775513
1788860595513942000,0.66094189453125,3.513803482055664,-1.8587546348571777,0.5666354298591614
1788860595523984000,0.67098388671875,3.295644760131836,-1.0149072408676147,0.010104565881192684
1788860595534025000,0.68102490234375,2.996717691421509,-0.4293087422847748,-0.5814162492752075
1788860595544066800,0.69106689453125,2.6882567405700684,-0.2003200501203537,-1.1888399124145508
1788860595554108000,0.70110791015625,2.4033446311950684,-0.05714238062500954,-1.5371017456054688
1788860595564149000,0.71114892578125,2.1580164432525635,0.20586447417736053,-1.5920478105545044
1788860595574190800,0.72119091796875,1.8403931856155396,0.5256219506263733,-1.6218304634094238
1788860595584232000,0.73123193359375,1.5492007732391357,0.8688738942146301,-1.6898438930511475
1788860595594274000,0.741274169921875,1.407314658164978,1.4406119585037231,-1.9479622840881348
1788860595604315100,0.751315185546875,1.252339243888855,2.388409376144409,-2.5735836029052734
1788860595614357000,0.76135693359375,0.9984041452407837,3.4488565921783447,-3.376596689224243
1788860595624398000,0.771398193359375,0.6659386157989502,4.538755416870117,-4.036634922027588
1788860595634440000,0.78143994140625,0.3059500753879547,5.467896938323975,-4.33213472366333
1788860595644481000,0.79148095703125,-0.021268537268042564,5.968396186828613,-4.240505218505859
1788860595654521900,0.80152197265625,-0.23483887314796448,5.972687244415283,-3.823967933654785
1788860595664564000,0.81156396484375,-0.3431277871131897,5.525754451751709,-3.175593137741089
1788860595674604800,0.821604736328125,-0.3571820855140686,4.774715423583984,-2.5322394371032715
1788860595684647000,0.83164697265625,-0.3066962957382202,3.843005418777466,-2.043955087661743
1788860595694687700,0.841687744140625,-0.2879401743412018,2.700921058654785,-1.6873480081558228
1788860595704730000,0.851730224609375,-0.23684130609035492,1.6169408559799194,-1.4113675355911255
1788860595714771000,0.86177099609375,-0.12357759475708008,0.869478702545166,-1.1883625984191895
1788860595724813000,0.87181298828125,0.026699254289269447,0.4682452380657196,-0.9816105365753174
1788860595734854000,0.88185400390625,0.17920170724391937,0.3159462511539459,-0.7534905672073364
1788860595744896000,0.89189599609375,0.30870670080184937,0.18238312005996704,-0.4966007173061371
1788860595754936800,0.901936767578125,0.42458510398864746,-0.06312171369791031,-0.1893736571073532
1788860595764978000,0.91197802734375,0.5387598872184753,-0.4241081476211548,0.1369679719209671
1788860595775019800,0.922019775390625,0.6756476759910583,-1.0291807651519775,0.46851661801338196
1788860595785060900,0.932060791015625,0.8868733644485474,-1.8128621578216553,0.7636798024177551
1788860595795102700,0.942102783203125,1.1590697765350342,-2.692124843597412,1.0304816961288452
1788860595805143800,0.952143798828125,1.4781904220581055,-3.6238691806793213,1.2870844602584839
1788860595815186000,0.96218603515625,1.822579264640808,-4.398605823516846,1.534558653831482
1788860595825227000,0.97222705078125,2.1185500621795654,-4.841692924499512,1.7594985961914062
1788860595835268900,0.982268798828125,2.624859571456909,-5.150154113769531,1.971482515335083
1788860595845310000,0.99231005859375,3.024693012237549,-5.187740325927734,2.1769938468933105
1788860595855351800,1.002351806640625,3.148650884628296,-4.989818572998047,2.390477180480957
1788860595865393000,1.012392822265625,3.1951231956481934,-4.955959320068359,2.5927634239196777
1788860595875434000,1.02243408203125,3.1675665378570557,-4.9403276443481445,2.7990524768829346
1788860595885475800,1.032475830078125,3.0496928691864014,-4.56552791595459,3.022749900817871
1788860595895517000,1.042516845703125,2.872213363647461,-3.857548952102661,3.2207705974578857
1788860595905558800,1.052558837890625,2.661931276321411,-3.2152605056762695,3.2692878246307373
1788860595915600000,1.062599853515625,2.4855575561523438,-2.8153648376464844,3.2000977993011475
1788860595925642000,1.07264208984375,2.303570032119751,-2.496659994125366,3.0497965812683105
1788860595935683000,1.08268310546875,2.1256940364837646,-2.135521650314331,2.8458807468414307
1788860595945725000,1.092724853515625,1.9246728420257568,-1.7641178369522095,2.606475353240967
1788860595955766000,1.10276611328125,1.7504429817199707,-1.5535286664962769,2.2963037490844727
1788860595965806800,1.112806884765625,1.6679474115371704,-1.4971606731414795,1.986289381980896
1788860595975849000,1.122848876953125,1.6694062948226929,-1.7274447679519653,1.7707027196884155
1788860595985889800,1.132889892578125,1.7258961200714111,-2.148472547531128,1.6685411930084229
1788860595995932000,1.142931884765625,1.823543906211853,-2.841106653213501,1.6856666803359985
1788860596005972700,1.15297265625,1.8506042957305908,-3.503736972808838,1.8328635692596436
1788860596016015000,1.16301513671875,1.6418979167938232,-3.7073543071746826,1.9959713220596313
1788860596026056000,1.173055908203125,1.266823649406433,-3.4786217212677,1.9730111360549927
1788860596036098000,1.18309814453125,1.0830767154693604,-2.7991979122161865,1.5590413808822632
1788860596046139000,1.193138916015625,1.2075999975204468,-2.1324503421783447,0.9463348388671875
1788860596056180000,1.203179931640625,1.4774165153503418,-1.36044442653656,0.3893320560455322
1788860596066222000,1.21322216796875,1.6097791194915771,-0.697411298751831,-0.18493230640888214
1788860596076263000,1.223262939453125,1.7951018810272217,-0.2729649543762207,-0.635770320892334
1788860596086305000,1.233304931640625,2.0415945053100586,-0.035299401730298996,-0.9366294741630554
1788860596096345900,1.243345947265625,2.5562963485717773,0.20683839917182922,-1.163709282875061
1788860596106388000,1.253387939453125,3.343852996826172,-0.042627621442079544,-1.3447884321212769
1788860596116428800,1.2634287109375,4.175257205963135,-0.4778965413570404,-1.347661018371582
1788860596126471200,1.27347119140625,5.036778450012207,-1.0169637203216553,-1.1315350532531738
1788860596136512000,1.283511962890625,5.405617713928223,-2.2710976600646973,-0.0308734942227602
1788860596146553000,1.293552978515625,6.1434760093688965,-3.2998862266540527,0.3225221335887909
1788860596156595000,1.303594970703125,6.394896030426025,-3.834273099899292,0.814195454120636
1788860596166636000,1.313635986328125,6.187358379364014,-3.874190330505371,1.3815670013427734
1788860596176678000,1.323677978515625,5.084248065948486,-3.8166146278381348,1.4422985315322876
1788860596186719000,1.333718994140625,3.2921626567840576,-3.4600942134857178,0.5163286328315735
1788860596196760800,1.3437607421875,2.4474289417266846,-2.391359806060791,-0.7314459681510925
1788860596206802000,1.353802001953125,2.6614370346069336,-1.2373161315917969,-1.8748499155044556
1788860596216843800,1.36384375,2.6012747287750244,-0.4092378318309784,-2.335902214050293
1788860596226884900,1.373884765625,2.207505226135254,0.26703277230262756,-2.213998556137085
1788860596236927000,1.383927001953125,2.087822914123535,0.058885954320430756,-1.9502274990081787
1788860596246968000,1.393968017578125,1.9421485662460327,-0.42834627628326416,-1.3874459266662598
1788860596257009200,1.404009033203125,1.6521811485290527,-0.9490547180175781,-0.6172791719436646
1788860596267051000,1.414051025390625,1.383020043373108,-1.6281996965408325,0.13489043712615967
1788860596277092000,1.424092041015625,1.1076714992523193,-2.225027561187744,0.9120762348175049
1788860596287134000,1.434134033203125,0.8839060664176941,-2.5179622173309326,1.4458352327346802
1788860596297175000,1.444175048828125,0.8004969358444214,-2.420778751373291,1.515177845954895
1788860596307217000,1.454216796875,0.8536043763160706,-1.9336512088775635,1.2577643394470215
1788860596317258000,1.464258056640625,1.1561006307601929,-1.4355988502502441,0.9279686212539673
1788860596327298800,1.474298828125,1.7630631923675537,-1.0654969215393066,0.8050501346588135
1788860596337341000,1.4843408203125,2.609348773956299,-1.1597474813461304,1.0418435335159302
1788860596347381800,1.4943818359375,2.689856767654419,-1.1476969718933105,1.5870027542114258
1788860596357424000,1.504424072265625,1.996297836303711,-1.7326445579528809,2.2056641578674316
1788860596367464200,1.514464111328125,1.038419246673584,-2.7989466190338135,2.749474287033081
1788860596377506300,1.52450634765625,0.5357419848442078,-3.1664235591888428,3.0133280754089355
1788860596387547100,1.534547119140625,0.448153555393219,-2.7311055660247803,2.519050121307373
1788860596397589200,1.54458935546875,0.5508085489273071,-1.6799739599227905,1.3404086828231812
1788860596407630000,1.554630126953125,0.5493576526641846,-0.07608118653297424,-0.29053595662117004
1788860596417671200,1.564671142578125,0.18137139081954956,1.0641824007034302,-1.7835829257965088
1788860596427713300,1.57471337890625,-0.19103068113327026,1.6858091354370117,-2.519381284713745
1788860596437754000,1.584754150390625,-0.46503719687461853,1.9255802631378174,-2.6812543869018555
1788860596447796200,1.594796142578125,-0.7613663077354431,1.6737474203109741,-2.580190896987915
1788860596457837300,1.60483740234375,-0.8499689102172852,1.0198495388031006,-2.212855100631714
1788860596467879200,1.614879150390625,-0.8021848797798157,0.3052733540534973,-1.7894327640533447
1788860596477920300,1.624920166015625,-0.6699469089508057,0.09471186250448227,-1.4770910739898682
1788860596487962400,1.63496240234375,-0.2772827446460724,0.09632600098848343,-1.199730634689331
1788860596498003200,1.645003173828125,0.3051689565181732,0.44754713773727417,-0.8212608098983765
1788860596508044300,1.655044189453125,0.902515172958374,0.7512367367744446,-0.3910527229309082
1788860596518086100,1.665086181640625,1.33102285861969,0.48815181851387024,-0.15315254032611847
1788860596528127200,1.675127197265625,1.3023099899291992,0.23737767338752747,-0.12985919415950775
1788860596538169000,1.685169189453125,1.087152123451233,0.3118492364883423,-0.2010774463415146
1788860596548210200,1.695210205078125,0.7382735013961792,0.9462437629699707,-0.12396455556154251
1788860596558252300,1.705252197265625,0.4944446086883545,0.9808946847915649,0.26327797770500183
1788860596568293400,1.71529345703125,0.4668593406677246,-0.8781792521476746,-0.6765768527984619
1788860596578334200,1.725334228515625,1.0115004777908325,-1.6782218217849731,-1.2721853256225586
1788860596588376300,1.735376220703125,2.2828705310821533,-1.599473237991333,-0.8065418004989624
1788860596598417400,1.74541748046875,3.325269937515259,-1.6585168838500977,-0.26847538352012634
1788860596608459300,1.755459228515625,3.522557497024536,-1.5377075672149658,0.4371277987957001
1788860596618500400,1.765500244140625,3.2367093563079834,-1.2634522914886475,0.6505923867225647
1788860596628542200,1.775542236328125,2.7236459255218506,-1.8458819389343262,1.0440946817398071
1788860596638583300,1.785583251953125,2.771709442138672,-2.794802665710449,0.28493374586105347
1788860596648625200,1.795625244140625,2.3888001441955566,-3.0633513927459717,0.012135226279497147
1788860596658666200,1.805666259765625,1.6494733095169067,-2.758434295654297,0.45840325951576233
1788860596668707000,1.81570703125,1.1890851259231567,-1.9452378749847412,0.9156203269958496
1788860596678749400,1.82574951171875,1.0375771522521973,-1.8410102128982544,0.7935104370117188
1788860596688790300,1.835790283203125,2.1327805519104004,-2.4685311317443848,0.4886098802089691
1788860596698832400,1.845832275390625,3.5309104919433594,-2.4631550312042236,0.07860932499170303
1788860596708873200,1.855873291015625,2.712301254272461,-1.7249374389648438,0.05600893869996071
1788860596718915300,1.865915283203125,1.3113418817520142,-0.8773861527442932,0.19421128928661346
1788860596728956200,1.8759560546875,0.3382909595966339,-0.48297491669654846,0.22830533981323242
1788860596738998300,1.885998291015625,-0.12121963500976562,-0.5214560031890869,0.22622540593147278
1788860596749039000,1.8960390625,-0.33752238750457764,-0.43183982372283936,0.20193499326705933
1788860596759080200,1.906080078125,-0.43658292293548584,0.0007145261042751372,0.16112203896045685
1788860596769122000,1.9161220703125,-0.6315537095069885,0.10757652670145035,0.21536557376384735
1788860596779163100,1.9261630859375,-0.8818469047546387,0.0848163515329361,0.17418883740901947
1788860596789205200,1.936205322265625,-0.9588705897331238,0.2766624987125397,0.041915759444236755
1788860596799246300,1.946246337890625,-1.0153474807739258,0.44458359479904175,-0.1522904634475708
1788860596809288200,1.9562880859375,-1.070911169052124,0.5196729898452759,-0.2461400032043457
1788860596819329300,1.966329345703125,-1.1353548765182495,0.5993641018867493,-0.19147782027721405
1788860596829370400,1.976370361328125,-1.1914985179901123,0.6793785095214844,-0.042402319610118866
1788860596839412200,1.986412109375,-1.2138104438781738,0.7703712582588196,0.10335195809602737
1788860596849453300,1.996453369140625,-1.1560968160629272,0.8870696425437927,0.13953526318073273
1788860596859495200,2.0064951171875,-1.019364833831787,0.9642219543457031,0.05559801310300827
1788860596869536300,2.016536376953125,-0.9503397345542908,0.9781844019889832,-0.10972356796264648
1788860596879578000,2.026578125,-0.8824011087417603,0.9487700462341309,-0.2259199470281601
1788860596889619200,2.036619140625,-0.697550356388092,0.7720514535903931,-0.21421615779399872
1788860596899661300,2.046661376953125,-0.3212573826313019,0.6352299451828003,-0.07134608179330826
1788860596909702400,2.056702392578125,-0.11612873524427414,0.5070179104804993,0.09418641775846481
1788860596919743200,2.0667431640625,-0.1798350065946579,0.42982807755470276,0.14529594779014587
1788860596929785300,2.076785400390625,-0.2612028419971466,0.5357425212860107,0.056654758751392365
1788860596939826200,2.086826171875,-0.2687174677848816,0.649885356426239,-0.07004806399345398
1788860596949868300,2.096868408203125,-0.025049161165952682,0.5485174655914307,-0.11493483930826187
1788860596959909000,2.1069091796875,0.18749693036079407,0.3052195608615875,-0.11035872995853424
1788860596969951200,2.116951171875,0.3637681007385254,0.17189054191112518,-0.08510370552539825
1788860596979992000,2.126991943359375,0.5781991481781006,0.14516597986221313,0.006220345385372639
1788860596990033200,2.137033203125,0.9663586020469666,0.1256524622440338,0.14633138477802277
1788860597000075300,2.1470751953125,1.6730999946594238,0.0213572196662426,0.21549127995967865
1788860597010116400,2.157116455078125,2.470014810562134,-0.26450249552726746,0.17687571048736572
1788860597020158200,2.167158203125,3.126532554626465,-0.7600387334823608,0.08434604108333588
1788860597030199300,2.17719921875,3.545269250869751,-1.1525713205337524,-0.07619010657072067
1788860597040241200,2.1872412109375,3.7708404064178467,-1.3220059871673584,-0.301967054605484
1788860597050282200,2.1972822265625,3.839827537536621,-1.4964301586151123,-0.5281985998153687
1788860597060323300,2.2073232421875,3.347341537475586,-2.0037572383880615,-0.5605908632278442
1788860597070365200,2.217365234375,2.738090753555298,-2.290708303451538,-0.41031402349472046
1788860597080406300,2.22740625,1.558012843132019,-1.7932398319244385,-0.2520444989204407
1788860597090448100,2.2374482421875,0.9192613959312439,-0.6961598992347717,-0.21819518506526947
1788860597100489200,2.2474892578125,0.9241043925285339,-0.0211806520819664,-0.2132619470357895
1788860597110531300,2.25753125,1.0304718017578125,-0.35164856910705566,-0.2037198394536972
1788860597120572400,2.267572509765625,1.0274778604507446,-0.728786289691925,-0.20770232379436493
1788860597130614300,2.2776142578125,0.7816489338874817,-0.7068354487419128,-0.25479286909103394
1788860597140655400,2.2876552734375,0.46932274103164673,-0.4164981544017792,-0.36872929334640503
1788860597150696200,2.2976962890625,0.2335088849067688,0.0031252196058630943,-0.4868474006652832
1788860597160738300,2.30773828125,0.05620388314127922,0.29095593094825745,-0.504557728767395
1788860597170779100,2.317779052734375,-0.07974009960889816,0.41569334268569946,-0.42082497477531433
1788860597180821200,2.3278212890625,-0.1687575876712799,0.5065732002258301,-0.28066787123680115
1788860597190862000,2.337862060546875,-0.20347721874713898,0.5408272743225098,-0.16340303421020508
1788860597200904200,2.347904296875,-0.20006118714809418,0.5286547541618347,-0.11224158853292465
1788860597210945000,2.357945068359375,-0.20240743458271027,0.5430020093917847,-0.10511843115091324
1788860597220986000,2.367986083984375,-0.22950643301010132,0.40750786662101746,-0.1071309819817543
1788860597231028200,2.3780283203125,-0.27658551931381226,0.367310106754303,-0.023689882829785347
1788860597241069300,2.3880693359375,-0.31336456537246704,0.3404798209667206,0.10199987143278122
1788860597251111200,2.398111083984375,-0.23018500208854675,0.23742693662643433,0.23735582828521729
1788860597261152300,2.40815234375,0.03743286058306694,0.1991565078496933,0.31738436222076416
1788860597271194000,2.418194091796875,0.20400799810886383,0.2224692851305008,0.257289320230484
1788860597281235200,2.428235107421875,0.08520916849374771,0.19699135422706604,0.18135274946689606
1788860597291276300,2.4382763671875,-0.006056294776499271,0.31644079089164734,0.23836836218833923
1788860597301318100,2.448318115234375,-0.055754873901605606,0.3735077977180481,0.2928827404975891
1788860597311359200,2.458359130859375,-0.16592292487621307,0.10090743750333786,0.26428571343421936
1788860597321401000,2.468401123046875,-0.31059008836746216,-0.1577712595462799,0.1825042963027954
1788860597331442200,2.478442138671875,-0.5787789225578308,-0.5368205904960632,0.12902402877807617
1788860597341484300,2.488484375,-0.9236289858818054,-0.5533079504966736,0.16054867208003998
1788860597351525400,2.498525390625,-1.2388290166854858,-0.5029142498970032,0.20450013875961304
1788860597361567200,2.508567138671875,-1.6783702373504639,-0.3326179087162018,0.24799862504005432
1788860597371609300,2.518609375,-1.9569530487060547,0.057746388018131256,0.3323736786842346
1788860597381650400,2.528650390625,-1.9570987224578857,0.08724942058324814,0.23946025967597961
1788860597391692300,2.5386923828125,-1.8638819456100464,-0.10509952157735825,0.06998254358768463
1788860597401733400,2.5487333984375,-1.7584564685821533,-0.49082937836647034,0.06939239054918289
1788860597411775200,2.558775146484375,-1.5820140838623047,-0.6337862610816956,0.3083333373069763
1788860597421816300,2.56881640625,-1.3395508527755737,-0.29836273193359375,0.5797685384750366
1788860597431857400,2.578857421875,-1.7603031396865845,-0.786167562007904,0.4445106089115143
1788860597441899500,2.5888994140625,-1.7431608438491821,-0.8334956169128418,0.42144736647605896
1788860597451940600,2.598940673828125,-1.222735047340393,-0.4771644175052643,0.43418392539024353
1788860597461982500,2.608982421875,-0.5276819467544556,-0.5978692770004272,0.2832045555114746
1788860597472023600,2.6190234375,0.007158843334764242,-0.8075894713401794,0.10778505355119705
1788860597482065400,2.6290654296875,0.3900090157985687,-0.7749699950218201,-0.17321732640266418
1788860597492106500,2.6391064453125,0.29133516550064087,-0.6956738829612732,-0.20430387556552887
1788860597502147300,2.649147216796875,0.08132921159267426,-0.4318978786468506,-0.0966210812330246
1788860597512189400,2.659189453125,-0.0726236030459404,0.10557196289300919,-0.0037119139451533556
1788860597522230300,2.669230224609375,-0.07213171571493149,0.3443768322467804,0.003481017891317606
1788860597532272400,2.6792724609375,-0.024867532774806023,0.3066065311431885,-0.03881583735346794
1788860597542313200,2.689313232421875,0.024710139259696007,0.276040643453598,-0.05877409875392914
1788860597552355600,2.69935546875,0.05168609693646431,0.2923240065574646,-0.06566103547811508
1788860597562396400,2.709396484375,0.06497420370578766,0.2699020504951477,-0.08576416969299316
1788860597572437500,2.7194375,0.11686909198760986,0.24701404571533203,-0.13408616185188293
1788860597582479400,2.729479248046875,0.18765245378017426,0.2534583508968353,-0.2142622321844101
1788860597592520400,2.7395205078125,0.27430427074432373,0.188737154006958,-0.2872283160686493
1788860597602562300,2.749562255859375,0.3775179982185364,-0.011663047596812248,-0.358908087015152
1788860597612603400,2.759603271484375,0.4930776059627533,-0.17098186910152435,-0.43998536467552185
1788860597622645500,2.7696455078125,0.618435263633728,-0.29247793555259705,-0.5244568586349487
1788860597632686300,2.779686279296875,0.7125293016433716,-0.43467050790786743,-0.6038334369659424
1788860597642727400,2.7897275390625,0.7087576985359192,-0.5679640769958496,-0.657361626625061
1788860597652769300,2.799769287109375,0.5752127170562744,-0.6201229095458984,-0.6275653839111328
1788860597662810400,2.809810302734375,0.3721378743648529,-0.5721697807312012,-0.5832011103630066
1788860597672852500,2.8198525390625,0.1688350886106491,-0.3640322685241699,-0.5962106585502625
1788860597682893600,2.8298935546875,0.08859618008136749,-0.18666201829910278,-0.5361457467079163
1788860597692935400,2.839935302734375,0.48796674609184265,-0.07341589033603668,-0.13699114322662354
1788860597702976500,2.8499765625,0.5899655222892761,-0.0702962651848793,-0.2005477398633957
1788860597713017300,2.860017333984375,0.5973097681999207,-0.4201858341693878,-0.34337708353996277
1788860597723059500,2.8700595703125,0.6440077424049377,-0.8335318565368652,-0.34501543641090393
1788860597733100300,2.880100341796875,0.718108057975769,-1.0225344896316528,-0.22244133055210114
1788860597743142400,2.890142333984375,0.6796706914901733,-0.6149837970733643,-0.03728611767292023
1788860597753183500,2.90018359375,0.3537040054798126,0.08339928835630417,0.0728134885430336
1788860597763225300,2.910225341796875,-0.026086727157235146,0.4970302879810333,0.15270832180976868
1788860597773266400,2.920266357421875,-0.07852969318628311,0.650341272354126,0.20931300520896912
1788860597783307500,2.9303076171875,-0.05392208695411682,0.4659075140953064,0.24062299728393555
1788860597793349600,2.940349609375,-0.06054963171482086,0.08296279609203339,0.1878359466791153
1788860597803390500,2.950390380859375,-0.09133683890104294,-0.2337310016155243,0.11759613454341888
1788860597813432600,2.9604326171875,-0.10406728088855743,-0.3232094943523407,0.07474933564662933
1788860597823473400,2.970473388671875,-0.15130430459976196,-0.28519392013549805,0.07220175862312317
1788860597833515500,2.980515625,-0.2016495019197464,-0.19655033946037292,0.09684398770332336
1788860597843556400,2.990556396484375,-0.2569290101528168,-0.13090448081493378,0.13629817962646484
1788860597853597400,3.000597412109375,-0.301704466342926,-0.04935156926512718,0.16353194415569305
1788860597863639300,3.010639404296875,-0.3177260458469391,0.028114458546042442,0.185577854514122
1788860597873680400,3.020680419921875,-0.32681646943092346,0.07371176779270172,0.21525532007217407
1788860597883722500,3.030722412109375,-0.3136410117149353,0.10526996105909348,0.27056145668029785
1788860597893763600,3.040763671875,-0.28616198897361755,0.11763741821050644,0.34649401903152466
1788860597903805400,3.050805419921875,-0.24847932159900665,0.07347341626882553,0.41008898615837097
1788860597913846500,3.060846435546875,-0.2166185975074768,-0.007762049324810505,0.45015543699264526
1788860597923887600,3.0708876953125,-0.1881328821182251,-0.0679556131362915,0.46009624004364014
1788860597933929500,3.080929443359375,-0.16717460751533508,-0.1044667512178421,0.46730566024780273
1788860597943970600,3.090970458984375,-0.12808765470981598,-0.15006352961063385,0.4657599627971649
1788860597954012400,3.101012451171875,-0.08807579427957535,-0.21188215911388397,0.4138680100440979
1788860597964053500,3.111053466796875,-0.05596952512860298,-0.2442760467529297,0.3310980200767517
1788860597974095400,3.121095458984375,-0.04147127643227577,-0.2597934901714325,0.24794429540634155
1788860597984136400,3.131136474609375,-0.01822667382657528,-0.25837403535842896,0.19979806244373322
1788860597994177300,3.14117724609375,-0.010974620468914509,-0.2529262602329254,0.2041880190372467
1788860598004219600,3.1512197265625,-0.030856981873512268,-0.16782362759113312,0.2292262613773346
1788860598014260500,3.161260498046875,-0.09172512590885162,-0.10983329266309738,0.2591937482357025
1788860598024302600,3.171302490234375,-0.1771441549062729,-0.023253656923770905,0.26937606930732727
1788860598034343400,3.181343505859375,-0.2548013925552368,0.054715707898139954,0.2695177495479584
1788860598044385500,3.191385498046875,-0.32442042231559753,0.004352936986833811,0.278735488653183
1788860598054426400,3.20142626953125,-0.37074077129364014,-0.13842898607254028,0.28458380699157715
1788860598064467500,3.211467529296875,-0.39190253615379333,-0.3303254544734955,0.29739120602607727
1788860598074509300,3.22150927734375,-0.3833780288696289,-0.5254432559013367,0.3265421688556671
1788860598084550400,3.23155029296875,-0.34668898582458496,-0.6301771402359009,0.3473092317581177
1788860598094592300,3.24159228515625,-0.29529741406440735,-0.6622447967529297,0.3290492594242096
1788860598104633300,3.25163330078125,-0.2596909701824188,-0.6008120775222778,0.2485560178756714
1788860598114675500,3.261675537109375,-0.24703001976013184,-0.40711236000061035,0.12652304768562317
1788860598124716500,3.271716552734375,-0.25484880805015564,-0.14847096800804138,0.003753991797566414
1788860598134757600,3.281757568359375,-0.26990869641304016,0.051290616393089294,-0.07828335464000702
1788860598144799500,3.291799560546875,-0.29104942083358765,0.19855064153671265,-0.10135698318481445
1788860598154840600,3.301840576171875,-0.3162229359149933,0.1560729593038559,-0.09274671226739883
1788860598164882400,3.31188232421875,-0.25204741954803467,-0.04614192992448807,-0.09236215800046921
1788860598174923500,3.321923583984375,-0.13397110998630524,-0.11539743095636368,-0.10095510631799698
1788860598184965400,3.33196533203125,-0.0015225291717797518,-0.028502481058239937,-0.0774705559015274
1788860598195006500,3.34200634765625,0.07499967515468597,0.07527212053537369,-0.0694565698504448
1788860598205047300,3.35204736328125,0.08083625882863998,0.15215198695659637,-0.0692906603217125
1788860598215089400,3.36208935546875,0.06325273960828781,0.19617430865764618,-0.058932825922966
1788860598225130200,3.372130126953125,0.005920207127928734,0.20235683023929596,-0.015351259149610996
1788860598235172600,3.382172607421875,-0.033062078058719635,0.2046828418970108,0.0015395734226331115
1788860598245213400,3.39221337890625,-0.02099263295531273,0.2435159832239151,-0.03425357863306999
1788860598255255600,3.402255615234375,0.03961025923490524,0.2730672061443329,-0.05663371831178665
1788860598265296400,3.41229638671875,0.10450590401887894,0.22921214997768402,-0.024084297940135002
1788860598275338500,3.42233837890625,0.1210542544722557,0.13836826384067535,0.03314943239092827
1788860598285379300,3.43237939453125,0.1232825219631195,0.05826863273978233,0.07559755444526672
1788860598295420400,3.44242041015625,0.11161042004823685,-0.0033515882678329945,0.09994657337665558
1788860598305462300,3.452462158203125,0.07962585240602493,0.04983333498239517,0.09670709818601608
1788860598315503400,3.46250341796875,0.04013117402791977,0.1189679354429245,0.06424956023693085
1788860598325545500,3.47254541015625,-0.021151890978217125,0.17573906481266022,0.00875034835189581
1788860598335586600,3.482586669921875,-0.06746052950620651,0.20875774323940277,-0.0012934972764924169
1788860598345628400,3.49262841796875,-0.09527085721492767,0.13071273267269135,0.06655905395746231
1788860598355669500,3.50266943359375,-0.11236275732517242,0.04649586230516434,0.13453491032123566
1788860598365709800,3.512709716796875,-0.09996228665113449,0.005589708685874939,0.14654682576656342
1788860598375751700,3.522751708984375,-0.06348656117916107,-0.0912817120552063,0.13337589800357819
1788860598385792800,3.532792724609375,-0.09370012581348419,-0.22256436944007874,0.12832307815551758
1788860598395835000,3.5428349609375,-0.15039882063865662,-0.15535683929920197,0.12227531522512436
1788860598405876000,3.5528759765625,-0.12837953865528107,-0.13720712065696716,0.14358831942081451
1788860598415917800,3.562917724609375,-0.09548763930797577,-0.20270463824272156,0.164862722158432
1788860598425959000,3.572958984375,-0.07386703044176102,-0.09031444787979126,0.09882697463035583
1788860598435999700,3.582999755859375,-0.04777790978550911,0.07046191394329071,-0.01200020406395197
1788860598446041900,3.593041748046875,-0.010482202284038067,0.12854652106761932,-0.0558219850063324
1788860598456083000,3.6030830078125,0.03857269138097763,-0.04532913118600845,0.06000368297100067
1788860598466124800,3.613124755859375,0.033897511661052704,-0.28747066855430603,0.265363484621048
1788860598476166000,3.623165771484375,0.02984524704515934,-0.4040880799293518,0.4822169840335846
1788860598486207700,3.633207763671875,0.0013899037148803473,-0.47010013461112976,0.686124861240387
1788860598496248800,3.643248779296875,-0.02834588661789894,-0.3424995541572571,0.7813459038734436
1788860598506289700,3.65328955078125,-0.04607588052749634,-0.12419172376394272,0.7569721341133118
1788860598516332000,3.66333203125,-0.040891773998737335,-0.045225001871585846,0.6620903611183167
1788860598526372900,3.673372802734375,-0.0012695288751274347,-0.10129279643297195,0.5458308458328247
1788860598536415000,3.6834150390625,0.05585474520921707,-0.17527994513511658,0.45700615644454956
1788860598546455800,3.693455810546875,0.11693248152732849,-0.18182705342769623,0.3809710443019867
1788860598556498000,3.703497802734375,0.1387794464826584,-0.1883600503206253,0.32586172223091125
1788860598566538800,3.713538818359375,0.10768704861402512,-0.25554123520851135,0.257433146238327
1788860598576579800,3.723579833984375,0.04643860459327698,-0.37252935767173767,0.1556612253189087
1788860598586621700,3.73362158203125,-0.003727360162883997,-0.45966586470603943,0.025285648182034492
1788860598596662800,3.743662841796875,-0.008393751457333565,-0.4829099178314209,-0.09219011664390564
1788860598606704600,3.75370458984375,0.010486729443073273,-0.38563263416290283,-0.18035326898097992
1788860598616745700,3.763745849609375,0.030855383723974228,-0.14360909163951874,-0.2691577076911926
1788860598626787800,3.773787841796875,0.04002358391880989,0.08077873289585114,-0.3605693578720093
1788860598636829000,3.783828857421875,0.044059868901968,0.1873595118522644,-0.4497503936290741
1788860598646870000,3.7938701171875,0.03182930126786232,0.11462804675102234,-0.49587711691856384
1788860598656912000,3.803911865234375,-0.02816931903362274,-0.08241471648216248,-0.4816470742225647
1788860598666953000,3.813952880859375,-0.10121583193540573,-0.20779740810394287,-0.44274386763572693
1788860598676994800,3.823994873046875,-0.1659061461687088,-0.16534662246704102,-0.4703510105609894
1788860598687036000,3.834035888671875,-0.21413971483707428,-0.022893065586686134,-0.6053327918052673
1788860598697077800,3.844077880859375,-0.2542994022369385,0.19492767751216888,-0.8184783458709717
1788860598707118800,3.854118896484375,-0.31144896149635315,0.39229774475097656,-1.0137245655059814
1788860598717159700,3.86415966796875,-0.3902550935745239,0.50209641456604,-1.1352949142456055
1788860598727201800,3.874201904296875,-0.4935969412326813,0.6136714220046997,-1.1908103227615356
1788860598737242600,3.88424267578125,-0.6300485134124756,0.753754198551178,-1.1774247884750366
1788860598747285000,3.894284912109375,-0.7556295990943909,0.9952011704444885,-1.1485990285873413
1788860598757325800,3.904325927734375,-0.8320002555847168,1.2958379983901978,-1.1328333616256714
1788860598767368000,3.914367919921875,-0.8721231818199158,1.4935894012451172,-1.1690396070480347
1788860598777408800,3.92440869140625,-0.8714158535003662,1.4629135131835938,-1.2895430326461792
1788860598787451000,3.934450927734375,-0.8427719473838806,1.1725780963897705,-1.4722050428390503
1788860598797491700,3.94449169921875,-0.8057255148887634,0.7369549870491028,-1.6441829204559326
1788860598807532800,3.95453271484375,-0.763910710811615,0.3127605617046356,-1.7403004169464111
1788860598817574700,3.96457470703125,-0.7202450037002563,-0.06047612801194191,-1.7226535081863403
1788860598827615700,3.97461572265625,-0.7103625535964966,-0.342619389295578,-1.6134263277053833
1788860598837657900,3.984657958984375,-0.726249098777771,-0.49142059683799744,-1.558008074760437
1788860598847699000,3.994698974609375,-0.7271543145179749,-0.5880421996116638,-1.6333057880401611
1788860598857740800,4.00474072265625,-0.7360484600067139,-0.8246989846229553,-1.815250277519226
1788860598867782000,4.014781982421875,-0.7395142912864685,-1.010094404220581,-1.9729323387145996
1788860598877823000,4.024822998046875,-0.7234466671943665,-1.0632356405258179,-2.054615020751953
1788860598887864800,4.03486474609375,-0.7080567479133606,-1.00032377243042,-2.08929705619812
1788860598897906000,4.044906005859375,-0.6900687217712402,-0.8370205760002136,-2.1626508235931396
1788860598907947800,4.05494775390625,-0.6233898401260376,-0.7379070520401001,-2.2875921726226807
1788860598917988900,4.06498876953125,-0.5026604533195496,-0.8156777620315552,-2.4081153869628906
1788860598928030700,4.07503076171875,-0.36224690079689026,-0.8528102040290833,-2.4854393005371094
1788860598938071800,4.08507177734375,-0.26671212911605835,-0.6832020282745361,-2.549339532852173
1788860598948112600,4.095112548828125,-0.24476207792758942,-0.4669051468372345,-2.624326705932617
1788860598958155000,4.105155029296875,-0.1448535919189453,-0.17139679193496704,-2.666494131088257
1788860598968195800,4.11519580078125,0.002936934120953083,0.09884694963693619,-2.662849187850952
1788860598978238000,4.125238037109375,0.07353440672159195,0.027630295604467392,-2.6327435970306396
1788860598988278800,4.13527880859375,0.048761945217847824,-0.5285972356796265,-2.6204283237457275
1788860598998321000,4.14532080078125,-0.0033430662006139755,-1.203043818473816,-2.607658863067627
1788860599008361700,4.15536181640625,-0.033492181450128555,-1.4445281028747559,-2.57112979888916
1788860599018402800,4.16540283203125,-0.09269185364246368,-1.2528181076049805,-2.5506248474121094
1788860599028444700,4.175444580078125,-0.08790642023086548,-1.0147600173950195,-2.548966646194458
1788860599038485800,4.18548583984375,-0.019040802493691444,-0.8911232352256775,-2.4849979877471924
1788860599048527600,4.195527587890625,0.04615657776594162,-0.8096196055412292,-2.3365488052368164
1788860599058568700,4.205568603515625,0.10022220760583878,-0.7110797166824341,-2.1518239974975586
1788860599068610800,4.21561083984375,0.15353496372699738,-0.6274468898773193,-1.9751845598220825
1788860599078652000,4.22565185546875,0.2106800079345703,-0.5595333576202393,-1.8561007976531982
1788860599088693000,4.23569287109375,0.24845987558364868,-0.5616084933280945,-1.7239632606506348
1788860599098734800,4.24573486328125,0.2930249571800232,-0.5463342070579529,-1.583559274673462
1788860599108776000,4.25577587890625,0.3429400324821472,-0.4923657476902008,-1.4446567296981812
1788860599118817800,4.26581787109375,0.42700591683387756,-0.40198391675949097,-1.2589210271835327
1788860599128859000,4.27585888671875,0.4879654049873352,-0.3231905698776245,-1.0836753845214844
1788860599138900700,4.285900634765625,0.5194770097732544,-0.27438387274742126,-0.9120311737060547
1788860599148941800,4.29594189453125,0.5138974189758301,-0.23820377886295319,-0.7456624507904053
1788860599158983700,4.305983642578125,0.44744062423706055,-0.25593671202659607,-0.5880009531974792
1788860599169024800,4.316024658203125,0.3582201898097992,-0.3173787593841553,-0.4398282468318939
1788860599179065600,4.326065673828125,0.2838660776615143,-0.4141694903373718,-0.2953943610191345
1788860599189108000,4.33610791015625,0.25170066952705383,-0.4894232153892517,-0.13080035150051117
1788860599199148800,4.346148681640625,0.20914922654628754,-0.5044456124305725,-0.0559128001332283
1788860599209191000,4.35619091796875,0.17781341075897217,-0.5723031759262085,-0.05918928608298302
1788860599219231700,4.366231689453125,0.1688140481710434,-0.4999488294124603,-0.15656323730945587
1788860599229273900,4.37627392578125,0.18849481642246246,-0.3368144929409027,-0.21562230587005615
1788860599239314700,4.386314697265625,0.2201576679944992,-0.16905640065670013,-0.2110176980495453
1788860599249355800,4.396355712890625,0.25346609950065613,-0.10634694248437881,-0.18866205215454102
1788860599259397600,4.406397705078125,0.32558849453926086,-0.07275143265724182,-0.17078664898872375
1788860599269438700,4.416438720703125,0.3520869314670563,-0.18808068335056305,-0.19522835314273834
1788860599279480600,4.42648046875,0.341645747423172,0.11047884076833725,-0.15745699405670166
1788860599289521700,4.436521728515625,0.353940486907959,0.07699811458587646,-0.19916076958179474
1788860599299563800,4.446563720703125,0.41846197843551636,-0.14388073980808258,-0.34187743067741394
1788860599309604900,4.45660498046875,0.4628337025642395,-0.2272331565618515,-0.5394983887672424
1788860599319646000,4.46664599609375,0.4415627717971802,-0.29103875160217285,-0.6901273131370544
1788860599329687800,4.476687744140625,0.35391145944595337,-0.4172672629356384,-0.6847559809684753
1788860599339729000,4.48672900390625,0.23154960572719574,-0.5762816667556763,-0.6190595030784607
1788860599349770800,4.496770751953125,0.11541368067264557,-0.7520945072174072,-0.6522933840751648
1788860599359811800,4.506811767578125,0.057497113943099976,-0.8591210842132568,-0.719302773475647
1788860599369854500,4.5168544921875,0.061832476407289505,-0.835044264793396,-0.7275859713554382
1788860599379895600,4.5268955078125,0.0919666737318039,-0.7462747097015381,-0.6103006601333618
1788860599389937400,4.5369375,0.10640154033899307,-0.5371947288513184,-0.43783167004585266
1788860599399978500,4.546978515625,0.11403815448284149,-0.30672958493232727,-0.35480523109436035
1788860599410019300,4.557019287109375,0.18376822769641876,-0.17743763327598572,-0.3830680251121521
1788860599420061400,4.5670615234375,0.26394909620285034,-0.11935248970985413,-0.42700430750846863
1788860599430102300,4.577102294921875,0.3062856197357178,-0.10415755957365036,-0.37620025873184204
1788860599440144400,4.587144287109375,0.2746371626853943,-0.05992165580391884,-0.299843430519104
1788860599450185200,4.597185302734375,0.2244323045015335,-0.04993586614727974,-0.2737303376197815
1788860599460227300,4.607227294921875,0.20956654846668243,-0.1024978756904602,-0.29347503185272217
1788860599470268200,4.61726806640625,0.25383734703063965,-0.13077132403850555,-0.3251599967479706
1788860599480309200,4.627309326171875,0.3201870620250702,0.002794188680127263,-0.3540385067462921
1788860599490351400,4.637351318359375,0.39529913663864136,0.11600703001022339,-0.36176565289497375
1788860599500392400,4.647392333984375,0.4719313085079193,0.16876664757728577,-0.3992624282836914
1788860599510434300,4.657434326171875,0.5638556480407715,0.13400547206401825,-0.4793761968612671
1788860599520475400,4.667475341796875,0.6585387587547302,0.058575160801410675,-0.6010288596153259
1788860599530517200,4.677517333984375,0.7470936179161072,-0.03425570949912071,-0.707495391368866
1788860599540558300,4.687558349609375,0.7996878623962402,-0.15799255669116974,-0.7641493082046509
1788860599550599400,4.697599365234375,0.7869441509246826,-0.2284185290336609,-0.816962718963623
1788860599560641300,4.707641357421875,0.74956876039505,-0.19178488850593567,-0.8523468375205994
1788860599570682400,4.717682373046875,0.727738618850708,-0.08958607167005539,-0.8167108297348022
1788860599580724200,4.72772412109375,0.6875658631324768,-0.03978389874100685,-0.7642960548400879
1788860599590765300,4.737765380859375,0.6587680578231812,-0.07320071011781693,-0.7759734988212585
1788860599600807400,4.747807373046875,0.6751565933227539,-0.04854223504662514,-0.8525007367134094
1788860599610848500,4.7578486328125,0.7124230265617371,-0.07909668236970901,-0.8638423681259155
1788860599620889300,4.767889404296875,0.7107481360435486,-0.14720863103866577,-0.8423091173171997
1788860599630931500,4.777931396484375,0.6412470936775208,-0.16978290677070618,-0.8185697197914124
1788860599640972300,4.78797216796875,0.5536442995071411,-0.17960678040981293,-0.7907940149307251
1788860599651014400,4.798014404296875,0.47900068759918213,-0.24686118960380554,-0.7511605620384216
1788860599661055200,4.80805517578125,0.4320768415927887,-0.21064992249011993,-0.6450319886207581
1788860599671097300,4.818097412109375,0.36644431948661804,-0.0592673197388649,-0.5452675819396973
1788860599681138200,4.82813818359375,0.26986315846443176,0.058757323771715164,-0.46509283781051636
1788860599691179300,4.83817919921875,0.185933917760849,0.13822604715824127,-0.37249499559402466
1788860599701221400,4.848221435546875,0.09687408059835434,0.12912602722644806,-0.36659449338912964
1788860599711262500,4.858262451171875,0.043358393013477325,0.15401646494865417,-0.4878237247467041
1788860599721304300,4.86830419921875,0.08200538903474808,0.25799185037612915,-0.7342662811279297
1788860599731345400,4.878345458984375,0.21625933051109314,0.3896186053752899,-1.0130853652954102
1788860599741387300,4.88838720703125,0.3612476885318756,0.2702069878578186,-1.235913872718811
1788860599751428400,4.898428466796875,0.4210497736930847,0.1464000940322876,-1.289323329925537
1788860599761469400,4.908469482421875,0.4014321267604828,0.12878035008907318,-1.156552791595459
1788860599771511300,4.91851123046875,0.303946316242218,0.3752255439758301,-0.8924955725669861
1788860599781552400,4.928552490234375,0.2067161649465561,0.6527402400970459,-0.6909792423248291
1788860599791594200,4.93859423828125,0.15545058250427246,0.553653359413147,-0.681717574596405
1788860599801635300,4.94863525390625,0.19659455120563507,0.32207390666007996,-0.6852356195449829
1788860599811677400,4.958677490234375,0.20622827112674713,0.25944754481315613,-0.6140967011451721
1788860599821718500,4.968718505859375,0.0843481719493866,0.3214491307735443,-0.5223638415336609
1788860599831760400,4.978760498046875,-0.10146377235651016,0.3396795392036438,-0.45911404490470886
1788860599841801500,4.988801513671875,-0.32894566655158997,0.27217158675193787,-0.43297645449638367
1788860599851842300,4.99884228515625,-0.5616782307624817,0.13115322589874268,-0.3573397696018219
1788860599861884400,5.008884521484375,-0.7470850944519043,0.07541752606630325,-0.24499350786209106
1788860599871925200,5.01892529296875,-0.8517151474952698,0.0686778649687767,-0.18399913609027863
1788860599881967400,5.02896728515625,-0.8820706605911255,0.11705045402050018,-0.1512606292963028
1788860599892008200,5.03900830078125,-0.8927595019340515,0.19024130702018738,-0.16882283985614777
1788860599902050300,5.04905029296875,-0.9066766500473022,0.2877281904220581,-0.1795969307422638
1788860599912091100,5.059091064453125,-0.9489993453025818,0.3840741515159607,-0.1791204810142517
1788860599922132200,5.06913232421875,-0.9939913153648376,0.413073867559433,-0.08622702956199646
1788860599932174300,5.07917431640625,-1.032375693321228,0.47508156299591064,0.0274507999420166
1788860599942215400,5.08921533203125,-1.066138505935669,0.47539690136909485,0.13550563156604767
1788860599952257300,5.09925732421875,-1.061734676361084,0.40588200092315674,0.23018766939640045
1788860599962298400,5.10929833984375,-1.0022958517074585,0.3958764970302582,0.2935810089111328
1788860599972340200,5.11934033203125,-0.95025235414505,0.4378977119922638,0.37762293219566345
1788860599982381300,5.12938134765625,-0.9171399474143982,0.4349519908428192,0.4423079192638397
1788860599992422400,5.13942236328125,-0.8891647458076477,0.35509365797042847,0.4749244451522827
1788860600002464300,5.14946435546875,-0.8324871063232422,0.278398334980011,0.504345178604126
1788860600012505300,5.15950537109375,-0.7273974418640137,0.21702472865581512,0.5124241709709167
1788860600022547200,5.169547119140625,-0.587211012840271,0.17879584431648254,0.5496828556060791
1788860600032588300,5.17958837890625,-0.45491212606430054,0.24525156617164612,0.5896710157394409
1788860600042630400,5.18963037109375,-0.35264700651168823,0.35877254605293274,0.6197711229324341
1788860600052671500,5.19967138671875,-0.2651429772377014,0.4035639762878418,0.6134389042854309
1788860600062712300,5.20971240234375,-0.21252478659152985,0.42349907755851746,0.6323678493499756
1788860600072754400,5.21975439453125,-0.1817551553249359,0.48433977365493774,0.6510195732116699
1788860600082795300,5.229795166015625,-0.1717856079339981,0.5753219127655029,0.6716537475585938
1788860600092837400,5.23983740234375,-0.1586809903383255,0.6642317771911621,0.7443782687187195
1788860600102878200,5.249878173828125,-0.1353418529033661,0.7145423889160156,0.8841409683227539
1788860600112920300,5.25992041015625,-0.08126982301473618,0.7127149105072021,1.0283123254776
1788860600122961400,5.26996142578125,-0.025248099118471146,0.7178723812103271,1.1207969188690186
1788860600133002200,5.280002197265625,0.003899400355294347,0.7472963333129883,1.1532890796661377
1788860600143044400,5.29004443359375,0.00980549305677414,0.7591233849525452,1.1409248113632202
1788860600153085400,5.30008544921875,-0.017131581902503967,0.7022175192832947,1.1004074811935425
1788860600163127300,5.310127197265625,-0.045033786445856094,0.6301372051239014,1.0877606868743896
1788860600173168400,5.32016845703125,-0.08919645845890045,0.5914470553398132,1.1666339635849
1788860600183210500,5.33021044921875,-0.15383750200271606,0.5760265588760376,1.2877075672149658
1788860600193251300,5.340251220703125,-0.23058660328388214,0.5917200446128845,1.3328365087509155
1788860600203292400,5.35029248046875,-0.2940950095653534,0.5955855846405029,1.3101521730422974
1788860600213334300,5.360334228515625,-0.2972458004951477,0.5302702784538269,1.2518130540847778
1788860600223375400,5.370375244140625,-0.2116541862487793,0.42353954911231995,1.2073336839675903
1788860600233417200,5.380417236328125,-0.08857513964176178,0.40264013409614563,1.203157901763916
1788860600243458300,5.390458251953125,0.03129267692565918,0.48289209604263306,1.2401998043060303
1788860600253500400,5.40050048828125,0.13058890402317047,0.5728477835655212,1.3335131406784058
1788860600263541500,5.41054150390625,0.17169027030467987,0.6337729692459106,1.4402567148208618
1788860600273582300,5.420582275390625,0.14002953469753265,0.5998983383178711,1.490601658821106
1788860600283624400,5.43062451171875,0.04871826991438866,0.426679402589798,1.460204839706421
1788860600293665500,5.44066552734375,-0.026698721572756767,0.2462257593870163,1.389514684677124
1788860600303707400,5.450707275390625,-0.03514307364821434,0.11184584349393845,1.2705192565917969
1788860600313748500,5.46074853515625,0.047811731696128845,0.0479467511177063,1.1403895616531372
1788860600323790300,5.470790283203125,0.1570945382118225,0.05705130100250244,1.08773934841156
1788860600333831400,5.48083154296875,0.24465368688106537,0.08634074777364731,1.1172122955322266
1788860600343872300,5.490872314453125,0.2964673638343811,0.030129939317703247,1.1580764055252075
1788860600353914400,5.500914306640625,0.3259269595146179,-0.13441559672355652,1.1617637872695923
1788860600363955200,5.510955078125,0.3263126015663147,-0.2552511990070343,1.181191325187683
1788860600373997000,5.5209970703125,0.29607000946998596,-0.26635685563087463,1.251438856124878
1788860600384038000,5.531037841796875,0.22156274318695068,-0.22459609806537628,1.3438347578048706
1788860600394080000,5.541080078125,0.13263075053691864,-0.16167864203453064,1.4051101207733154
1788860600404120800,5.551120849609375,0.07534828037023544,-0.08854744583368301,1.435691475868225
1788860600414162000,5.561161865234375,0.07725750654935837,0.021106084808707237,1.446826457977295
1788860600424203800,5.571203857421875,0.12635686993598938,0.11821319162845612,1.4308698177337646
1788860600434244900,5.581244873046875,0.17572708427906036,0.14120346307754517,1.3632100820541382
1788860600444287000,5.591286865234375,0.1770874261856079,0.04904157668352127,1.2523717880249023
1788860600454328000,5.601328125,0.1405688375234604,-0.15793104469776154,1.1583163738250732
1788860600464370000,5.611369873046875,0.0903882160782814,-0.3337004780769348,1.1474658250808716
1788860600474411000,5.621410888671875,0.026972228661179543,-0.38114628195762634,1.2262229919433594
1788860600484452000,5.6314521484375,-0.01943441852927208,-0.31339359283447266,1.3412024974822998
1788860600494494000,5.641493896484375,-0.02352956123650074,-0.1828947216272354,1.4227391481399536
1788860600504535000,5.65153515625,0.001118527608923614,-0.05650322139263153,1.441366195678711
1788860600514577000,5.661576904296875,0.03501124680042267,0.005256813485175371,1.420217752456665
1788860600524618000,5.671617919921875,0.03163702040910721,-0.026163693517446518,1.4010964632034302
1788860600534659800,5.681659912109375,-0.02532746084034443,-0.05938902497291565,1.389747142791748
1788860600544701000,5.691700927734375,-0.10905271768569946,-0.023783359676599503,1.368917465209961
1788860600554741800,5.70174169921875,-0.1766301691532135,0.005613677203655243,1.342246174812317
1788860600564784000,5.7117841796875,-0.2063150852918625,0.013095828704535961,1.3011530637741089
1788860600574825000,5.721824951171875,-0.19096356630325317,0.03669702634215355,1.2376441955566406
1788860600584867000,5.7318671875,-0.16749711334705353,0.04625724256038666,1.1824965476989746
1788860600594908000,5.741907958984375,-0.14017921686172485,0.033373404294252396,1.1540566682815552
1788860600604949000,5.751948974609375,-0.11777430027723312,0.023303192108869553,1.1578713655471802
1788860600614990800,5.761990966796875,-0.1229482963681221,0.009464608505368233,1.1888837814331055
1788860600625032000,5.772031982421875,-0.11627121269702911,-0.043106723576784134,1.210938572883606
1788860600635073800,5.78207373046875,-0.10906816273927689,-0.1719464659690857,1.186510443687439
1788860600645115000,5.792114990234375,-0.09485487639904022,-0.27289465069770813,1.1369109153747559
1788860600655157000,5.802156982421875,-0.07052982598543167,-0.2463168352842331,1.0923032760620117
1788860600665198000,5.812197998046875,-0.06799796223640442,-0.0788804367184639,1.0741205215454102
1788860600675239200,5.8222392578125,-0.07583777606487274,0.07651181519031525,1.0438275337219238
1788860600685281000,5.832281005859375,-0.06469510495662689,0.1516110897064209,0.9828539490699768
1788860600695322000,5.842322021484375,-0.012012987397611141,0.17343969643115997,0.8778181076049805
1788860600705364000,5.852364013671875,0.04356532171368599,0.17460615932941437,0.7420032620429993
1788860600715405000,5.862405029296875,0.08499079197645187,0.15888366103172302,0.6137286424636841
1788860600725447000,5.872447021484375,0.10393678396940231,0.16823561489582062,0.5147418975830078
1788860600735488000,5.882488037109375,0.09593211859464645,0.19013266265392303,0.44926196336746216
1788860600745528800,5.89252880859375,0.08878499269485474,0.18930548429489136,0.41158542037010193
1788860600755571000,5.902571044921875,0.1046702191233635,0.1466008871793747,0.38069647550582886
1788860600765611800,5.91261181640625,0.13370400667190552,0.054307445883750916,0.3118974268436432
1788860600775654100,5.922654052734375,0.16656394302845,-0.025836657732725143,0.2223837971687317
1788860600785695000,5.932695068359375,0.21665054559707642,-0.026668628677725792,0.16900579631328583
1788860600795737000,5.942737060546875,0.23473581671714783,0.04930496588349342,0.174822136759758
1788860600805778000,5.95277783203125,0.20561787486076355,0.19439265131950378,0.22731411457061768
1788860600815819000,5.962819091796875,0.13070234656333923,0.3321390748023987,0.3156879246234894
1788860600825860900,5.97286083984375,0.05234416574239731,0.39276859164237976,0.3993822932243347
1788860600835902000,5.98290185546875,0.0016391756944358349,0.27947506308555603,0.4316467344760895
1788860600845943800,5.99294384765625,-0.05120699480175972,-0.005233377683907747,0.3578803837299347
1788860600855985000,6.00298486328125,-0.09205988794565201,-0.2839880585670471,0.21229122579097748
1788860600866026000,6.01302587890625,-0.09495341032743454,-0.30076223611831665,0.06029689684510231
1788860600876067800,6.02306787109375,-0.08631837368011475,-0.1182643249630928,-0.08786993473768234
1788860600886109000,6.03310888671875,-0.09312861412763596,0.12966904044151306,-0.21114233136177063
1788860600896151000,6.043151123046875,-0.119575135409832,0.38489946722984314,-0.30559560656547546
1788860600906192100,6.053192138671875,-0.1404881328344345,0.6337910294532776,-0.36901983618736267
1788860600916234000,6.06323388671875,-0.1520044505596161,0.7281580567359924,-0.4196009933948517
1788860600926275000,6.073275146484375,-0.16986067593097687,0.6132919192314148,-0.46076229214668274
1788860600936316000,6.08331591796875,-0.1605643779039383,0.39476490020751953,-0.4730759561061859
1788860600946358000,6.09335791015625,-0.10670594125986099,0.18465372920036316,-0.4550769627094269
1788860600956398800,6.10339892578125,0.005131645128130913,-0.0008820389630272985,-0.4541749656200409
1788860600966441000,6.11344091796875,0.09532332420349121,-0.09906026721000671,-0.5073873400688171
1788860600976481800,6.123481689453125,0.1164693534374237,-0.022214224562048912,-0.547817051410675
1788860600986524000,6.13352392578125,0.09794041514396667,0.24927960336208344,-0.487831711769104
1788860600996565000,6.14356494140625,0.06517340987920761,0.5451070070266724,-0.36993172764778137
1788860601006605800,6.153605712890625,0.0575740784406662,0.673566460609436,-0.2488822489976883
1788860601016648000,6.16364794921875,0.057364221662282944,0.6234902143478394,-0.15957315266132355
1788860601026689000,6.17368896484375,0.05644996091723442,0.5293461680412292,-0.08986890316009521
1788860601036731000,6.18373095703125,0.04909377545118332,0.44118884205818176,-0.08628428727388382
1788860601046772000,6.19377197265625,0.059907808899879456,0.24270851910114288,-0.17009609937667847
1788860601056814000,6.20381396484375,0.10152502357959747,0.000021305288100847974,-0.33661025762557983
1788860601066855000,6.21385498046875,0.12939101457595825,-0.22846806049346924,-0.5136124491691589
1788860601076896000,6.22389599609375,0.14187563955783844,-0.33292096853256226,-0.6940682530403137
1788860601086937900,6.233937744140625,0.14132064580917358,-0.26394909620285034,-0.8702195882797241
1788860601096979000,6.24397900390625,0.12192297726869583,-0.07783141732215881,-0.9991551637649536
1788860601107021000,6.25402099609375,0.06613827496767044,0.1803029328584671,-1.0497124195098877
1788860601117062100,6.264062255859375,-0.01426548883318901,0.45530226826667786,-1.0097492933273315
1788860601127103000,6.27410302734375,-0.09614118188619614,0.6758064031600952,-0.8964018821716309
1788860601137145000,6.28414501953125,-0.1695365607738495,0.8033734560012817,-0.7480593323707581
1788860601147186000,6.29418603515625,-0.2244940847158432,0.8345089554786682,-0.6095349788665771
1788860601157228000,6.30422802734375,-0.2612006962299347,0.7342931628227234,-0.5229657292366028
1788860601167268900,6.314268798828125,-0.2657270133495331,0.5272547602653503,-0.5164297819137573
1788860601177311000,6.32431103515625,-0.22837857902050018,0.24535676836967468,-0.5838599801063538
1788860601187352000,6.33435205078125,-0.15712223947048187,-0.07967805117368698,-0.6691067218780518
1788860601197393000,6.344392822265625,-0.07510886341333389,-0.3404712975025177,-0.6963157057762146
1788860601207435000,6.35443505859375,-0.030224481597542763,-0.42954176664352417,-0.6781630516052246
1788860601217475800,6.364475830078125,-0.030616233125329018,-0.28803232312202454,-0.6602120399475098
1788860601227518200,6.374518310546875,-0.05079473555088043,-0.026197249069809914,-0.6505370140075684
1788860601237559000,6.38455908203125,-0.07203345000743866,0.2022862583398819,-0.6724047660827637
1788860601247600000,6.39460009765625,-0.10668117552995682,0.3447131812572479,-0.7194428443908691
1788860601257642000,6.40464208984375,-0.13228027522563934,0.4367016851902008,-0.7919008135795593
1788860601267683000,6.41468310546875,-0.1530100554227829,0.5011893510818481,-0.8995476365089417
1788860601277725000,6.424724853515625,-0.15785513818264008,0.5199646353721619,-1.0036673545837402
1788860601287766000,6.43476611328125,-0.13218839466571808,0.486445814371109,-1.0725252628326416
1788860601297808000,6.444807861328125,-0.09574117511510849,0.39756548404693604,-1.0624076128005981
1788860601307849000,6.454848876953125,-0.07413068413734436,0.28749969601631165,-0.9926924705505371
1788860601317890000,6.46489013671875,-0.06519658118486404,0.2004835605621338,-0.8974485397338867
1788860601327932000,6.474931884765625,-0.0665699690580368,0.1396162211894989,-0.8133879899978638
1788860601337973000,6.484972900390625,-0.06935057789087296,0.0860440731048584,-0.7751727104187012
1788860601348015000,6.49501513671875,-0.06921768933534622,0.019271697849035263,-0.7671419382095337
1788860601358056200,6.50505615234375,-0.07029306888580322,-0.04716112092137337,-0.7754070162773132
1788860601368098000,6.51509814453125,-0.059000469744205475,-0.12852069735527039,-0.8127541542053223
1788860601378139100,6.52513916015625,-0.03406502678990364,-0.2011544108390808,-0.8902787566184998
1788860601388180000,6.535179931640625,-0.007779359817504883,-0.23664742708206177,-1.0144697427749634
1788860601398222000,6.54522216796875,-0.008129299618303776,-0.25545546412467957,-1.1639331579208374
1788860601408263000,6.555262939453125,-0.004781173076480627,-0.2726312577724457,-1.264886498451233
1788860601418305300,6.56530517578125,0.014096910133957863,-0.28468871116638184,-1.2558919191360474
1788860601428346000,6.57534619140625,0.025420671328902245,-0.2698591649532318,-1.1525391340255737
1788860601438387200,6.58538720703125,0.03050278127193451,-0.27923378348350525,-1.0357755422592163
1788860601448429000,6.595428955078125,0.028292890638113022,-0.3220731019973755,-0.9784491062164307
1788860601458470100,6.60547021484375,0.03467622026801109,-0.4119718372821808,-0.9933745265007019
1788860601468512000,6.615511962890625,0.060132045298814774,-0.5412595272064209,-1.0582901239395142
1788860601478553000,6.625552978515625,0.10976298153400421,-0.6328352689743042,-1.1066358089447021
1788860601488595000,6.635594970703125,0.15207555890083313,-0.6228592991828918,-1.0976591110229492
1788860601498636000,6.645635986328125,0.15958832204341888,-0.5426489114761353,-1.0799877643585205
1788860601508677000,6.655677001953125,0.14484240114688873,-0.5073638558387756,-1.1124948263168335
1788860601518719000,6.665718994140625,0.15573899447917938,-0.5413660407066345,-1.1778546571731567
1788860601528760000,6.675760009765625,0.16579429805278778,-0.6094740033149719,-1.2448312044143677
1788860601538802200,6.68580224609375,0.1596229523420334,-0.6262425780296326,-1.248468041419983
1788860601548843300,6.69584326171875,0.1413792371749878,-0.5843572020530701,-1.1904444694519043
1788860601558884000,6.705884033203125,0.10344702750444412,-0.5591399669647217,-1.159749150276184
1788860601568926200,6.71592626953125,0.06302051246166229,-0.6082603931427002,-1.1798362731933594
1788860601578967000,6.725967041015625,0.049380332231521606,-0.728874683380127,-1.2195311784744263
1788860601589009200,6.736009033203125,0.04493844509124756,-0.8015286326408386,-1.2571715116500854
1788860601599050000,6.746050048828125,0.06662856042385101,-0.7922003865242004,-1.3327736854553223
1788860601609092000,6.756092041015625,0.11184371262788773,-0.7735036611557007,-1.4128221273422241
1788860601619133000,6.7661328125,0.15530090034008026,-0.751960039138794,-1.4362462759017944
1788860601629174000,6.776174072265625,0.17044444382190704,-0.7717984318733215,-1.3558456897735596
1788860601639215900,6.7862158203125,0.16310156881809235,-0.7805938124656677,-1.2188715934753418
1788860601649257000,6.796257080078125,0.12285428494215012,-0.7076636552810669,-1.1487926244735718
1788860601659299000,6.806299072265625,0.07197672128677368,-0.603796660900116,-1.1686522960662842
1788860601669340200,6.816340087890625,0.03692792356014252,-0.5569740533828735,-1.222019910812378
1788860601679381200,6.82638134765625,0.033428795635700226,-0.6183713674545288,-1.2825483083724976
1788860601689423000,6.836423095703125,0.02672002837061882,-0.6735253930091858,-1.3148274421691895
1788860601699464200,6.846464111328125,0.023551665246486664,-0.6132141351699829,-1.3223398923873901
1788860601709506000,6.856506103515625,0.011457185260951519,-0.4534364640712738,-1.314866304397583
1788860601719547100,6.866547119140625,0.012918462045490742,-0.39467859268188477,-1.2569224834442139
1788860601729589000,6.876589111328125,0.020680245012044907,-0.4369671940803528,-1.220346212387085
1788860601739630000,6.886630126953125,0.020488763228058815,-0.4749862253665924,-1.2325059175491333
1788860601749671000,6.8966708984375,0.004689293913543224,-0.40697309374809265,-1.229188084602356
1788860601759713300,6.90671337890625,-0.0116188395768404,-0.34235280752182007,-1.1989620923995972
1788860601769754000,6.916754150390625,-0.021160146221518517,-0.29910653829574585,-1.19937264919281
1788860601779796200,6.926796142578125,-0.015896940603852272,-0.320646733045578,-1.1502658128738403
1788860601789837000,6.936837158203125,0.007495466619729996,-0.2562118172645569,-1.035068154335022
1788860601799878100,6.946878173828125,0.027174362912774086,-0.03092196397483349,-0.9761430621147156
1788860601809920000,6.956919921875,0.04651850089430809,0.09849594533443451,-0.9637617468833923
1788860601819961000,6.966961181640625,0.05703132972121239,0.12012294679880142,-0.9810811281204224
1788860601830003000,6.9770029296875,0.05350024253129959,0.04086114838719368,-0.9919385313987732
1788860601840044000,6.9870439453125,0.07083262503147125,0.012141351588070393,-0.9798094630241394
1788860601850085000,6.997085205078125,0.09574276953935623,0.04050162062048912,-0.9301196336746216
1788860601860127000,7.007126953125,0.12391688674688339,0.25222453474998474,-0.9156237840652466
1788860601870168000,7.01716796875,0.1686643809080124,0.3663870394229889,-0.8949427604675293
1788860601880210200,7.027210205078125,0.19709469377994537,0.304998517036438,-0.7785170674324036
1788860601890251300,7.037251220703125,0.19987370073795319,0.1909281462430954,-0.6182253956794739
1788860601900293000,7.047293212890625,0.20670470595359802,0.15308435261249542,-0.46208640933036804
1788860601910334200,7.057334228515625,0.21969613432884216,0.20328813791275024,-0.33720359206199646
1788860601920375000,7.067375,0.20440560579299927,0.2300449162721634,-0.2782670557498932
1788860601930417200,7.077417236328125,0.1679261475801468,0.1257733702659607,-0.18005099892616272
1788860601940458000,7.0874580078125,0.13210824131965637,0.07358980178833008,-0.044124849140644073
1788860601950500000,7.0975,0.12179061770439148,0.24331891536712646,0.09337468445301056
1788860601960541000,7.107541015625,0.123601034283638,0.3251644968986511,0.17206044495105743
1788860601970582000,7.11758203125,0.09960488975048065,0.24980716407299042,0.2601924240589142
1788860601980624000,7.127623779296875,0.06819450110197067,0.252284973859787,0.36738520860671997
1788860601990665000,7.1376650390625,0.07312694191932678,0.3259908854961395,0.5091151595115662
1788860602000707000,7.14770703125,0.08911816030740738,0.35019955039024353,0.6333414912223816
1788860602010748200,7.157748046875,0.10501562803983688,0.3360288739204407,0.7375224828720093
1788860602020789200,7.167789306640625,0.12216638773679733,0.32534322142601013,0.8427543640136719
1788860602030831000,7.1778310546875,0.12228463590145111,0.3323467969894409,0.9173433780670166
1788860602040872200,7.1878720703125,0.12375682592391968,0.3455158472061157,0.9776189923286438
1788860602050914000,7.1979140625,0.11894290149211884,0.38432398438453674,1.0483349561691284
1788860602060955100,7.207955078125,0.10116656124591827,0.4188915193080902,1.1324501037597656
1788860602070997000,7.2179970703125,0.06781340390443802,0.3961457312107086,1.1984879970550537
1788860602081038000,7.2280380859375,0.02792777121067047,0.3488461375236511,1.2507469654083252
1788860602091079000,7.238078857421875,-0.010902182199060917,0.3048027753829956,1.309935450553894
1788860602101121000,7.24812109375,-0.051602207124233246,0.30768460035324097,1.3853193521499634
1788860602111161900,7.258161865234375,-0.09160448610782623,0.34374698996543884,1.4530571699142456
1788860602121204200,7.268204345703125,-0.10008372366428375,0.3150508999824524,1.512718677520752
1788860602131245000,7.2782451171875,-0.09894229471683502,0.26477015018463135,1.5640867948532104
1788860602141286100,7.2882861328125,-0.10598049312829971,0.27900898456573486,1.6141924858093262
1788860602151328000,7.298327880859375,-0.1277100294828415,0.3645433485507965,1.6722326278686523
1788860602161369000,7.308369140625,-0.14690423011779785,0.4609479010105133,1.7490925788879395
1788860602171411000,7.318410888671875,-0.16653332114219666,0.470716655254364,1.788733959197998
1788860602181452000,7.3284521484375,-0.19694103300571442,0.4314214289188385,1.7956470251083374
1788860602191493000,7.3384931640625,-0.24175776541233063,0.4162885546684265,1.816613793373108
1788860602201535000,7.348534912109375,-0.3195574879646301,0.40661171078681946,1.8522192239761353
1788860602211576000,7.358576171875,-0.38295164704322815,0.3912271559238434,1.8488819599151611
1788860602221618200,7.3686181640625,-0.4118970036506653,0.36781877279281616,1.820474624633789
1788860602231659300,7.3786591796875,-0.43277034163475037,0.3390614092350006,1.81460440158844
1788860602241700000,7.3887001953125,-0.46686679124832153,0.3311803340911865,1.8248794078826904
1788860602251742200,7.3987421875,-0.4915761351585388,0.34226173162460327,1.8472460508346558
1788860602261783000,7.408782958984375,-0.4890061616897583,0.3438684344291687,1.870118260383606
1788860602271825200,7.4188251953125,-0.47027722001075745,0.3436031639575958,1.8743354082107544
1788860602281866000,7.428865966796875,-0.42701178789138794,0.3417533338069916,1.878847360610962
1788860602291908000,7.438908203125,-0.36183276772499084,0.32864314317703247,1.8797054290771484
1788860602301949000,7.448948974609375,-0.2744605839252472,0.27924227714538574,1.8804532289505005
1788860602311990000,7.458989990234375,-0.1673557013273239,0.20685437321662903,1.8650455474853516
1788860602322031900,7.469031982421875,-0.06579845398664474,0.15285612642765045,1.8389697074890137
1788860602332073000,7.479072998046875,0.013292635791003704,0.15931002795696259,1.8135852813720703
1788860602342115000,7.489114990234375,0.06406527012586594,0.16315004229545593,1.7884646654129028
1788860602352156200,7.49915625,0.11033689230680466,0.14316195249557495,1.756894826889038
1788860602362197200,7.509197265625,0.15780720114707947,0.0982072576880455,1.7147796154022217
1788860602372238600,7.519238525390625,0.2314492017030716,0.061762433499097824,1.6605626344680786
1788860602382279700,7.52927978515625,0.318030446767807,0.0451914481818676,1.588107705116272
1788860602392321500,7.539321533203125,0.3904697597026825,0.003710582386702299,1.4988012313842773
1788860602402362600,7.549362548828125,0.4503900706768036,-0.04307663068175316,1.4213359355926514
1788860602412403500,7.559403564453125,0.49625131487846375,-0.03279922530055046,1.4159822463989258
1788860602422445600,7.569445556640625,0.5147043466567993,0.0582454614341259,1.4770498275756836
1788860602432486700,7.579486572265625,0.5128026008605957,0.14014406502246857,1.570264458656311
1788860602442528500,7.589528564453125,0.5049284100532532,0.09041831642389297,1.630715012550354
1788860602452569600,7.599569580078125,0.5021384954452515,-0.03320296108722687,1.6136292219161987
1788860602462610400,7.6096103515625,0.4513935446739197,-0.10608275979757309,1.539772868156433
1788860602472652800,7.61965283203125,0.3683876097202301,-0.07297834008932114,1.466940999031067
1788860602482693600,7.629693603515625,0.28783178329467773,-0.004278368316590786,1.4324954748153687
1788860602492735700,7.63973583984375,0.2233225703239441,0.04673741012811661,1.4453734159469604
1788860602502776600,7.649776611328125,0.16355857253074646,0.06984060257673264,1.4830273389816284
1788860602512817700,7.659817626953125,0.09888982772827148,0.04126488044857979,1.5130128860473633
1788860602522859500,7.669859619140625,0.04514537379145622,-0.024596422910690308,1.4705325365066528
1788860602532900600,7.679900634765625,0.018061824142932892,-0.12502582371234894,1.3429615497589111
1788860602542942500,7.6899423828125,0.022475481033325195,-0.20643439888954163,1.1713911294937134
1788860602552983600,7.699983642578125,0.015097726136446,-0.2224929928779602,1.0094672441482544
1788860602563024600,7.710024658203125,-0.021881863474845886,-0.18451552093029022,0.8974011540412903
1788860602573066800,7.720066650390625,-0.06808584183454514,-0.1120477095246315,0.8223966360092163
1788860602583107600,7.730107666015625,-0.10233303159475327,-0.052385441958904266,0.7396525144577026
1788860602593149700,7.740149658203125,-0.10159213840961456,-0.0659278854727745,0.6199231743812561
1788860602603190800,7.750190673828125,-0.09702721238136292,-0.10116523504257202,0.4787639081478119
1788860602613232600,7.760232666015625,-0.10837893933057785,0.010061955079436302,0.3703831136226654
1788860602623273700,7.770273681640625,-0.13350746035575867,0.24472053349018097,0.22942733764648438
1788860602633314600,7.780314453125,-0.13486486673355103,0.40932944416999817,0.006351905409246683
1788860602643356700,7.790356689453125,-0.08412420004606247,0.43994301557540894,-0.2297503799200058
1788860602653397500,7.8003974609375,-0.05191326513886452,0.4344151020050049,-0.38542360067367554
1788860602663439600,7.810439697265625,-0.07675443589687347,0.41603848338127136,-0.427678644657135
1788860602673480400,7.82048046875,-0.10647610574960709,0.36951279640197754,-0.37658002972602844
1788860602683521500,7.830521484375,-0.13055241107940674,0.30178382992744446,-0.2970319390296936
1788860602693563600,7.840563720703125,-0.15464043617248535,0.18996195495128632,-0.2541465163230896
1788860602703604700,7.850604736328125,-0.15623967349529266,0.004828843753784895,-0.2784947454929352
1788860602713646600,7.860646484375,-0.13469070196151733,-0.14125965535640717,-0.347140371799469
1788860602723687700,7.870687744140625,-0.08857221156358719,-0.1391291320323944,-0.4187762141227722
1788860602733728800,7.880728759765625,-0.03166498616337776,-0.05931072682142258,-0.4742211103439331
1788860602743770600,7.8907705078125,0.038186002522706985,0.031266044825315475,-0.5223689079284668
1788860602753811700,7.900811767578125,0.09408841282129288,0.1177777647972107,-0.549393892288208
1788860602763853600,7.910853515625,0.13855814933776855,0.21853792667388916,-0.5653768181800842
1788860602773894700,7.920894775390625,0.1843610554933548,0.30525365471839905,-0.5859697461128235
1788860602783935500,7.930935546875,0.23083561658859253,0.38112393021583557,-0.6467419862747192
1788860602793977600,7.9409775390625,0.2759772539138794,0.44416946172714233,-0.7118698954582214
1788860602804018400,7.951018310546875,0.3136756420135498,0.5166963934898376,-0.7625187039375305
1788860602814060800,7.961060791015625,0.35364940762519836,0.5685728788375854,-0.7894347310066223
1788860602824101600,7.9711015625,0.3658999502658844,0.6001505255699158,-0.7719598412513733
1788860602834142700,7.981142822265625,0.3299728333950043,0.6301771402359009,-0.7420578598976135
1788860602844184600,7.9911845703125,0.2788737118244171,0.6377509236335754,-0.7553454637527466
1788860602854225700,8.0012255859375,0.2593120038509369,0.5777174234390259,-0.8185180425643921
1788860602864267500,8.011267578125,0.2644670605659485,0.5024354457855225,-0.9392870664596558
1788860602874308600,8.02130859375,0.2694530487060547,0.4077509939670563,-1.0712573528289795
1788860602884349700,8.031349609375,0.2479379028081894,0.29591500759124756,-1.1365289688110352
1788860602894391600,8.0413916015625,0.1954541802406311,0.2013656049966812,-1.1156014204025269
1788860602904432600,8.0514326171875,0.10903806984424591,0.15144838392734528,-1.0758875608444214
1788860602914474500,8.061474609375,0.006080529186874628,0.16455619037151337,-1.0591620206832886
1788860602924515600,8.071515625,-0.07857417315244675,0.23039619624614716,-1.0623801946640015
1788860602934556400,8.081556396484375,-0.12392088025808334,0.26086726784706116,-1.0990194082260132
1788860602944598800,8.091598876953125,-0.12577922642230988,0.1976877748966217,-1.1214715242385864
1788860602954639600,8.1016396484375,-0.12489932775497437,0.11256062984466553,-1.0949541330337524
1788860602964681700,8.111681640625,-0.12669216096401215,0.07978671044111252,-1.0506069660186768
1788860602974722600,8.12172265625,-0.12518134713172913,0.055752478539943695,-1.0650663375854492
1788860602984764700,8.1317646484375,-0.09552119672298431,-0.02526434324681759,-1.154547929763794
1788860602994805500,8.141805419921875,-0.04048670455813408,-0.18099455535411835,-1.2492477893829346
1788860603004846600,8.1518466796875,0.028382638469338417,-0.3416236340999603,-1.289763331413269
1788860603014888400,8.161888427734375,0.07480739802122116,-0.43360763788223267,-1.2780821323394775
1788860603024929500,8.171929443359375,0.12370462715625763,-0.46179264783859253,-1.2501198053359985
1788860603034971600,8.1819716796875,0.16404220461845398,-0.44280806183815,-1.2319340705871582
1788860603045012700,8.1920126953125,0.17654840648174286,-0.36295342445373535,-1.2422791719436646
1788860603055053800,8.2020537109375,0.15064969658851624,-0.28690099716186523,-1.2799091339111328
1788860603065095700,8.212095703125,0.10787426680326462,-0.28630632162094116,-1.3509281873703003
1788860603075136800,8.22213671875,0.07367874681949615,-0.3505966365337372,-1.4694737195968628
1788860603085178600,8.2321787109375,0.0656658262014389,-0.4603268504142761,-1.6082395315170288
1788860603095219700,8.2422197265625,0.06663735210895538,-0.7044042348861694,-1.6301432847976685
1788860603105260500,8.252260498046875,0.05463874340057373,-0.9194701910018921,-1.5931884050369263
1788860603115302700,8.262302734375,0.030657777562737465,-0.9107022881507874,-1.5823363065719604
1788860603125343500,8.272343505859375,-0.004062385763972998,-0.7630457282066345,-1.6093535423278809
1788860603135385600,8.282385498046875,-0.035107653588056564,-0.6614961624145508,-1.657073736190796
1788860603145426400,8.292426513671876,-0.04093598201870918,-0.6804413795471191,-1.6941704750061035
1788860603155467500,8.302467529296875,-0.03293478116393089,-0.785269021987915,-1.7005643844604492
1788860603165509600,8.312509521484374,-0.029226595535874367,-0.8744662404060364,-1.6685585975646973
1788860603175550700,8.32255078125,-0.007987885735929012,-0.8748843669891357,-1.6746635437011719
1788860603185592600,8.332592529296875,0.011627094820141792,-0.8542051911354065,-1.7144917249679565
1788860603195633700,8.342633544921876,0.023680029436945915,-0.8752630949020386,-1.7319165468215942
1788860603205674800,8.3526748046875,0.03809039294719696,-0.841468095779419,-1.703948736190796
1788860603215716600,8.362716552734375,0.0391753651201725,-0.712206244468689,-1.6362866163253784
1788860603225757700,8.3727578125,0.009102418087422848,-0.5948852300643921,-1.5372836589813232
1788860603235799600,8.382799560546875,-0.008124771527945995,-0.49975255131721497,-1.4706201553344727
1788860603245840600,8.392840576171874,0.004434429574757814,-0.4489205479621887,-1.4656118154525757
1788860603255881500,8.402881591796875,0.02870354987680912,-0.48319780826568604,-1.526987075805664
1788860603265923600,8.412923583984375,0.03441443294286728,-0.5205603837966919,-1.6262627840042114
1788860603275964400,8.42296435546875,0.041605766862630844,-0.47104766964912415,-1.695633053779602
1788860603286006800,8.4330068359375,0.050686080008745193,-0.41802895069122314,-1.7489508390426636
1788860603296047600,8.443047607421875,0.06834922730922699,-0.3976368308067322,-1.7651269435882568
1788860603306088700,8.453088623046876,0.08398757874965668,-0.38913097977638245,-1.7312512397766113
1788860603316130600,8.463130615234375,0.09317442029714584,-0.3815697431564331,-1.6675361394882202
1788860603326171600,8.473171630859374,0.07441458106040955,-0.3484583795070648,-1.583916425704956
1788860603336213500,8.483213623046876,0.07272720336914062,-0.34402263164520264,-1.493740200996399
1788860603346254600,8.493254638671875,0.07342281937599182,-0.3799063265323639,-1.4090683460235596
1788860603356295700,8.503295654296876,0.053631268441677094,-0.39180320501327515,-1.3200434446334839
1788860603366337500,8.513337646484375,0.011002583429217339,-0.3364022374153137,-1.2523390054702759
1788860603376378600,8.523378662109375,-0.02184644341468811,-0.22761771082878113,-1.2085320949554443
1788860603386420500,8.53342041015625,-0.028447620570659637,-0.15854357182979584,-1.17417573928833
1788860603396461600,8.543461669921875,-0.005788647104054689,-0.21187949180603027,-1.1155273914337158
1788860603406502400,8.55350244140625,0.025078188627958298,-0.20130302011966705,-1.040735125541687
1788860603416544800,8.563544677734376,0.04117726534605026,-0.110011987388134,-0.9766533374786377
1788860603426585600,8.573585693359375,0.06580378115177155,-0.03247858211398125,-0.9360440969467163
1788860603436627700,8.583627685546874,0.07591979950666428,0.030178675428032875,-0.8550435304641724
1788860603446668500,8.59366845703125,0.07506412267684937,0.06635132431983948,-0.7828226089477539
1788860603456710700,8.603710693359375,0.09001244604587555,0.0966503769159317,-0.7053542137145996
1788860603466751500,8.61375146484375,0.11273160576820374,0.09231368452310562,-0.6067333221435547
1788860603476792600,8.62379248046875,0.1232721358537674,0.02563638798892498,-0.5203859210014343
1788860603486834400,8.63383447265625,0.11862944811582565,-0.02214604802429676,-0.4201056659221649
1788860603496875500,8.64387548828125,0.1191793903708458,-0.010397247038781643,-0.3163750171661377
1788860603506917400,8.65391748046875,0.11859934777021408,-0.006193447392433882,-0.19244268536567688
1788860603516958500,8.66395849609375,0.10261932015419006,-0.06187668442726135,-0.05589602142572403
1788860603526999600,8.67399951171875,0.0808413177728653,-0.0115546565502882,0.1141609251499176
1788860603537041700,8.684041748046875,0.05531678348779678,0.09141726791858673,0.258257657289505
1788860603547082800,8.694082763671876,0.05258997529745102,0.14191879332065582,0.3382888436317444
1788860603557124600,8.70412451171875,0.039440348744392395,0.04182787239551544,0.3563440144062042
1788860603567165700,8.714165771484375,-0.006872287020087242,-0.037820350378751755,0.4178188145160675
1788860603577206500,8.72420654296875,-0.07227100431919098,0.004126035608351231,0.5791099667549133
1788860603587248600,8.73424853515625,-0.13885881006717682,0.12944933772087097,0.7483831644058228
1788860603597289500,8.74428955078125,-0.20827437937259674,0.21732673048973083,0.8738731741905212
1788860603607331600,8.75433154296875,-0.24522574245929718,0.20455659925937653,0.9872034192085266
1788860603617372400,8.764372314453125,-0.23289157450199127,0.12857528030872345,1.0723040103912354
1788860603627413500,8.77441357421875,-0.2084818333387375,0.11862092465162277,1.1158889532089233
1788860603637455400,8.784455322265625,-0.20350545644760132,0.2142944484949112,1.1947747468948364
1788860603647496400,8.794496337890624,-0.21653710305690765,0.32868707180023193,1.3282043933868408
1788860603657538600,8.80453857421875,-0.22152626514434814,0.3942756652832031,1.4496158361434937
1788860603667579600,8.81457958984375,-0.21446143090724945,0.3885645270347595,1.5495083332061768
1788860603677621500,8.82462158203125,-0.1928834319114685,0.3582170009613037,1.6752017736434937
1788860603687662600,8.83466259765625,-0.15290085971355438,0.3780713975429535,1.851853847503662
1788860603697703700,8.84470361328125,-0.1305188536643982,0.37735715508461,2.012148380279541
1788860603707745500,8.85474560546875,-0.1512896567583084,0.4679104685783386,2.105029582977295
1788860603717786600,8.86478662109375,-0.1434738039970398,0.7153818011283875,2.186048746109009
1788860603727828500,8.874828369140625,-0.12060710787773132,0.7517648339271545,2.2288460731506348
1788860603737869600,8.88486962890625,-0.09716197103261948,0.6097866296768188,2.2698495388031006
1788860603747910400,8.894910400390625,-0.09521333128213882,0.5042527914047241,2.349788188934326
1788860603757952500,8.904952392578124,-0.16483049094676971,0.4246620833873749,2.4409523010253906
1788860603767993300,8.914993408203125,-0.28043538331985474,0.3577014207839966,2.4827070236206055
1788860603778035700,8.92503564453125,-0.3592468500137329,0.2981818914413452,2.4392049312591553
1788860603788076500,8.93507666015625,-0.4133593440055847,0.24302223324775696,2.389921188354492
1788860603798117600,8.94511767578125,-0.44484883546829224,0.15010002255439758,2.3824782371520996
1788860603808159500,8.955159423828125,-0.4427822232246399,0.02527845837175846,2.3951709270477295
1788860603818200600,8.96520068359375,-0.44152122735977173,-0.06778863817453384,2.4171974658966064
1788860603828242400,8.975242431640625,-0.47513243556022644,-0.08458705246448517,2.4168097972869873
1788860603838283500,8.985283447265624,-0.5201374888420105,-0.07570914179086685,2.4002535343170166
1788860603848325400,8.995325439453126,-0.5916225910186768,-0.044547758996486664,2.347757339477539
1788860603858366500,9.005366455078125,-0.6746618151664734,-0.008521050214767456,2.314478874206543
1788860603868407600,9.015407470703124,-0.7356841564178467,0.03383146598935127,2.318422794342041
1788860603878449700,9.02544970703125,-0.7774145603179932,0.043719518929719925,2.3336992263793945
1788860603888490800,9.03549072265625,-0.7821562886238098,-0.0014969628537073731,2.292372941970825
1788860603898532600,9.04553271484375,-0.7379806041717529,-0.04638320952653885,2.186077356338501
1788860603908573700,9.05557373046875,-0.6576558947563171,-0.07082676887512207,2.0471277236938477
1788860603918614500,9.065614501953124,-0.5761450529098511,-0.06878305971622467,1.9306548833847046
1788860603928656600,9.07565673828125,-0.5192753672599792,-0.06430255621671677,1.870258092880249
1788860603938697500,9.085697509765625,-0.49430426955223083,-0.03333824872970581,1.8652859926223755
1788860603948739600,9.095739501953124,-0.4786515235900879,0.03377607464790344,1.896552324295044
1788860603958780400,9.105780517578125,-0.43641966581344604,0.11795060336589813,1.9273784160614014
1788860603968821500,9.115821533203125,-0.3609083890914917,0.15321938693523407,1.9278777837753296
1788860603978863400,9.12586328125,-0.27827662229537964,0.12729457020759583,1.8630331754684448
1788860603988904400,9.135904541015625,-0.19699536263942719,0.05073587968945503,1.7566570043563843
1788860603998946600,9.145946533203125,-0.11934024095535278,-0.0589570589363575,1.627632975578308
1788860604008987600,9.155987548828126,-0.03575479984283447,-0.1565627157688141,1.4706050157546997
1788860604019028700,9.16602880859375,0.0430087186396122,-0.23373925685882568,1.3053712844848633
1788860604029070600,9.176070556640624,0.07986580580472946,-0.28226444125175476,1.1717402935028076
1788860604039111700,9.186111572265625,0.07772835344076157,-0.19010895490646362,1.1121877431869507
1788860604049153500,9.196153564453125,0.07271095365285873,0.05945427343249321,1.0972846746444702
1788860604059194600,9.206194580078124,0.09325297921895981,0.3086315989494324,1.069301724433899
1788860604069236500,9.216236572265625,0.14087988436222076,0.42165109515190125,0.9985141754150391
1788860604079277600,9.226277587890625,0.16866464912891388,0.3469206690788269,0.8730131983757019
1788860604089318400,9.236318359375,0.15274107456207275,0.190882608294487,0.7028745412826538
1788860604099360500,9.246360595703125,0.10335541516542435,0.06394889205694199,0.49699512124061584
1788860604109401300,9.2564013671875,0.06507300585508347,0.022584138438105583,0.28138452768325806
1788860604119443700,9.266443603515626,0.05395937338471413,0.0241391584277153,0.07194183766841888
1788860604129484500,9.276484619140625,0.03795696794986725,0.08175638318061829,-0.10857627540826797
1788860604139525600,9.286525634765624,0.0007403587806038558,0.19636258482933044,-0.23296907544136047
1788860604149567500,9.2965673828125,0.00002902845517382957,0.3034863770008087,-0.30281898379325867
1788860604159608600,9.306608642578125,0.045699045062065125,0.36589542031288147,-0.3380456864833832
1788860604169650400,9.316650390625,0.08688563108444214,0.409413605928421,-0.3618066906929016
1788860604179691500,9.32669140625,0.12489239871501923,0.4477596580982208,-0.3935912251472473
1788860604189732600,9.336732666015624,0.14694949984550476,0.40429848432540894,-0.4379056990146637
1788860604199774500,9.3467744140625,0.17407245934009552,0.2936590611934662,-0.5028095841407776
1788860604209815600,9.356815673828125,0.18774326145648956,0.19231192767620087,-0.5788468718528748
1788860604219857400,9.366857421875,0.19862334430217743,0.15915609896183014,-0.6523647308349609
1788860604229898500,9.3768984375,0.2325994223356247,0.18406011164188385,-0.708624541759491
1788860604239940600,9.386940673828125,0.2826404869556427,0.22861826419830322,-0.7430144548416138
1788860604249981700,9.396981689453124,0.3176352083683014,0.2731633484363556,-0.7687563300132751
1788860604260022500,9.4070224609375,0.345086008310318,0.33339154720306396,-0.8185558319091797
1788860604270064600,9.417064697265625,0.3750564455986023,0.4366646707057953,-0.8865029215812683
1788860604280105500,9.42710546875,0.3861487805843353,0.545668363571167,-0.915072500705719
1788860604290147600,9.437147705078125,0.38580840826034546,0.5880877375602722,-0.8766915798187256
1788860604300188400,9.4471884765625,0.36555907130241394,0.5657986998558044,-0.7971472144126892
1788860604310229500,9.4572294921875,0.36070865392684937,0.5330181121826172,-0.7423662543296814
1788860604320271600,9.467271728515625,0.3651614487171173,0.5065340399742126,-0.7841347455978394
1788860604330312400,9.4773125,0.3838725686073303,0.4046092629432678,-0.9007143378257751
1788860604340354600,9.4873544921875,0.4140760004520416,0.20910421013832092,-1.0271923542022705
1788860604350395600,9.497395751953125,0.41369596123695374,-0.03789332136511803,-1.1071016788482666
1788860604360436700,9.507436767578126,0.37545058131217957,-0.18867963552474976,-1.1512278318405151
1788860604370478800,9.517478759765625,0.3053319454193115,-0.1871296763420105,-1.1662949323654175
1788860604380520000,9.52752001953125,0.21551844477653503,-0.1120719462633133,-1.1660701036453247
1788860604390561800,9.537561767578126,0.12632225453853607,-0.024220917373895645,-1.1860179901123047
1788860604400603000,9.547602783203125,0.05724118649959564,0.049678605049848557,-1.2515772581100464
1788860604410645000,9.55764501953125,0.02863723784685135,0.1090758889913559,-1.3700916767120361
1788860604420686000,9.56768603515625,0.03551405295729637,0.12433313578367233,-1.4988003969192505
1788860604430727000,9.577726806640625,0.055088020861148834,0.019354522228240967,-1.5614526271820068
1788860604440769000,9.58776904296875,0.06003936752676964,-0.17391081154346466,-1.5802563428878784
1788860604450809900,9.597809814453125,0.04421592876315117,-0.3881261646747589,-1.6043263673782349
1788860604460852000,9.60785205078125,0.03651886433362961,-0.5838567614555359,-1.6101043224334717
1788860604470892800,9.617892822265626,0.03331481292843819,-0.6571760177612305,-1.619863748550415
1788860604480934000,9.627933837890625,0.020777450874447823,-0.5896768569946289,-1.6584044694900513
1788860604490975700,9.637975830078124,-0.001933721243403852,-0.4214644134044647,-1.7116676568984985
1788860604501016800,9.648016845703125,-0.03079812601208687,-0.3137853443622589,-1.7487295866012573
1788860604511059000,9.658058837890625,-0.06981024146080017,-0.31867945194244385,-1.7764464616775513
1788860604521100000,9.66810009765625,-0.10926417261362076,-0.42193660140037537,-1.8206602334976196
1788860604531142000,9.678141845703125,-0.1452227085828781,-0.5693654417991638,-1.8610526323318481
1788860604541183000,9.688182861328125,-0.18502338230609894,-0.696962296962738,-1.8758587837219238
1788860604551224000,9.69822412109375,-0.2260211557149887,-0.7169961929321289,-1.8681398630142212
1788860604561266000,9.708265869140625,-0.2640468180179596,-0.6192033290863037,-1.829758882522583
1788860604571307000,9.71830712890625,-0.28952157497406006,-0.48679041862487793,-1.73948335647583
1788860604581348900,9.728348876953126,-0.31041353940963745,-0.379489004611969,-1.635499358177185
1788860604591390000,9.738389892578125,-0.33304426074028015,-0.2698959410190582,-1.5525131225585938
1788860604601430800,9.7484306640625,-0.3273293972015381,-0.1692579984664917,-1.5228685140609741
1788860604611473000,9.758472900390625,-0.30225732922554016,-0.041970085352659225,-1.5485026836395264
1788860604621513700,9.768513671875,-0.25343599915504456,0.08518067747354507,-1.5768650770187378
1788860604631556000,9.77855615234375,-0.19637776911258698,0.22007670998573303,-1.5664314031600952
1788860604641597000,9.788596923828125,-0.14728638529777527,0.33808642625808716,-1.5550665855407715
1788860604651639000,9.79863916015625,-0.10838053375482559,0.36902332305908203,-1.5489935874938965
1788860604661679900,9.808679931640626,-0.07122623920440674,0.2935783565044403,-1.5132133960723877
1788860604671721000,9.818720947265625,-0.04432964697480202,0.22016805410385132,-1.4722050428390503
1788860604681762800,9.8287626953125,-0.034585140645504,0.1719278246164322,-1.447701334953308
1788860604691804000,9.838803955078125,-0.0357593297958374,0.11231109499931335,-1.459370732307434
1788860604701845800,9.848845703125,-0.013097425922751427,0.0009446232579648495,-1.4811862707138062
1788860604711886800,9.858886962890624,0.006974286399781704,-0.16223257780075073,-1.4980491399765015
1788860604721928000,9.868927978515625,0.01589294709265232,-0.290652871131897,-1.535519003868103
1788860604731969800,9.8789697265625,0.028364529833197594,-0.33041465282440186,-1.59363853931427
1788860604742011000,9.889010986328126,0.061112090945243835,-0.368804395198822,-1.5898171663284302
1788860604752053000,9.899052978515625,0.12077169120311737,-0.4075014591217041,-1.5395773649215698
1788860604762094000,9.909093994140624,0.18938323855400085,-0.3974866569042206,-1.4997823238372803
1788860604772135000,9.919135009765625,0.25254783034324646,-0.41232311725616455,-1.4641069173812866
1788860604782177000,9.929177001953125,0.30112627148628235,-0.4556519389152527,-1.4178842306137085
1788860604792217900,9.9392177734375,0.3269389867782593,-0.4962443709373474,-1.3638697862625122
1788860604802260000,9.949260009765625,0.3438127636909485,-0.4576527774333954,-1.315613031387329
1788860604812300800,9.95930078125,0.36283013224601746,-0.36895832419395447,-1.26304030418396
1788860604822343000,9.969343017578124,0.39257070422172546,-0.349753201007843,-1.2155159711837769
1788860604832383700,9.9793837890625,0.41635194420814514,-0.3913978636264801,-1.160050630569458
1788860604842424800,9.9894248046875,0.3931446373462677,-0.41725820302963257,-1.0875351428985596
1788860604852467000,9.999467041015626,0.35665425658226013,-0.36931225657463074,-0.9821213483810425
1788860604862507800,10.0095078125,0.3376789689064026,-0.279890775680542,-0.8802301287651062
1788860604872550000,10.0195498046875,0.31573426723480225,-0.24299347400665283,-0.7894469499588013
1788860604882591000,10.029591064453125,0.276531457901001,-0.225179061293602,-0.7067467570304871
1788860604892632000,10.039632080078125,0.24075402319431305,-0.19914984703063965,-0.6352965235710144
1788860604902674000,10.049673828125,0.20113790035247803,-0.19825848937034607,-0.5667334794998169
1788860604912715000,10.059715087890625,0.16879966855049133,-0.06218241527676582,-0.4722285270690918
1788860604922756900,10.0697568359375,0.16255135834217072,0.08352658152580261,-0.35769182443618774
1788860604932798000,10.0797978515625,0.1455731838941574,0.13399428129196167,-0.25411590933799744
1788860604942838800,10.0898388671875,0.11096540093421936,0.15624792873859406,-0.11112812161445618
1788860604952881000,10.099880859375,0.0727735385298729,0.1425933688879013,0.04842798784375191
1788860604962922000,10.109921875,0.02857092395424843,0.10113753378391266,0.1873382031917572
1788860604972964000,10.119964111328125,-0.02413835935294628,0.13231489062309265,0.29519543051719666
1788860604983005000,10.1300048828125,-0.0853513851761818,0.14760251343250275,0.38131460547447205
1788860604993047000,10.140047119140625,-0.13931581377983093,0.10365475714206696,0.473189115524292
1788860605003088000,10.150087890625,-0.1880418062210083,0.07019826024770737,0.6138882040977478
1788860605013129000,10.16012890625,-0.2440025508403778,0.12366708368062973,0.7565915584564209
1788860605023171000,10.170171142578125,-0.29816511273384094,0.20807890594005585,0.8640479445457458
1788860605033212000,10.1802119140625,-0.31660616397857666,0.2195909470319748,0.9586753845214844
1788860605043254000,10.19025390625,-0.33825793862342834,0.24082592129707336,1.053655982017517
1788860605053294800,10.200294921875,-0.3626847267150879,0.3271304666996002,1.147304654121399
1788860605063336000,10.2103359375,-0.36629757285118103,0.3850691318511963,1.2375147342681885
1788860605073377800,10.220377685546875,-0.35845401883125305,0.3601619005203247,1.3448805809020996
1788860605083419000,10.2304189453125,-0.3657374978065491,0.33367836475372314,1.4642860889434814
1788860605093461000,10.2404609375,-0.3931480944156647,0.3573509454727173,1.5798872709274292
1788860605103502000,10.250502197265625,-0.4331245422363281,0.3816291093826294,1.6894593238830566
1788860605113544000,10.2605439453125,-0.4664779603481293,0.4163189232349396,1.7902610301971436
1788860605123585000,10.2705849609375,-0.47394227981567383,0.4679592251777649,1.8669168949127197
1788860605133626000,10.280626220703125,-0.4561004340648651,0.47503337264060974,1.9312492609024048
1788860605143668000,10.29066796875,-0.4229286313056946,0.4479122757911682,1.9630144834518433
1788860605153709000,10.300708984375,-0.3869514465332031,0.41865265369415283,1.970131516456604
1788860605163751000,10.3107509765625,-0.35409921407699585,0.4252687394618988,1.9843604564666748
1788860605173792000,10.3207919921875,-0.3283022344112396,0.4495975077152252,2.010714530944824
1788860605183832800,10.330832763671875,-0.315906286239624,0.4389802813529968,2.044191598892212
1788860605193875000,10.340875,-0.3067346215248108,0.4080471396446228,2.049985885620117
1788860605203915800,10.350915771484376,-0.3081493079662323,0.3910817503929138,2.0355000495910645
1788860605213958100,10.360958251953125,-0.30464377999305725,0.3975614905357361,2.065944194793701
1788860605223999000,10.3709990234375,-0.28469324111938477,0.4043051302433014,2.1240644454956055
1788860605234040000,10.3810400390625,-0.257583349943161,0.3889855742454529,2.1664509773254395
1788860605244082000,10.39108203125,-0.22484776377677917,0.3684043884277344,2.2189581394195557
1788860605254123000,10.401123046875,-0.17443092167377472,0.36700543761253357,2.2783114910125732
1788860605264164900,10.411164794921875,-0.11098004877567291,0.3789915144443512,2.3398525714874268
1788860605274206000,10.4212060546875,-0.04625670984387398,0.36368605494499207,2.396174907684326
1788860605284247800,10.431247802734376,0.003847202518954873,0.30278143286705017,2.4376676082611084
1788860605294289000,10.441288818359375,0.056297894567251205,0.2592259645462036,2.438415288925171
1788860605304330000,10.451330078125,0.10397939383983612,0.2366093397140503,2.382481575012207
1788860605314371800,10.461371826171876,0.12952177226543427,0.22568665444850922,2.303593635559082
1788860605324413000,10.471412841796875,0.11776391416788101,0.2095220685005188,2.2354531288146973
1788860605334455000,10.481455078125,0.10136257112026215,0.13150262832641602,2.162548780441284
1788860605344496000,10.49149609375,0.08751280605792999,0.0204544086009264,2.0911073684692383
1788860605354537000,10.501536865234375,0.06702643632888794,-0.05940606817603111,2.022592067718506
1788860605364579000,10.5115791015625,0.05474154278635979,-0.09004200994968414,1.9751513004302979
1788860605374620200,10.5216201171875,0.043181825429201126,-0.10579194128513336,1.933546781539917
1788860605384662300,10.531662353515625,0.04553073272109032,-0.11921427398920059,1.879300832748413
1788860605394703000,10.541703125,0.06661338359117508,-0.1282557100057602,1.8210279941558838
1788860605404744200,10.551744140625,0.07585375010967255,-0.08820495754480362,1.7568495273590088
1788860605414786000,10.5617861328125,0.0851316750049591,-0.02893471159040928,1.6981476545333862
1788860605424827100,10.5718271484375,0.11374307423830032,0.014093714766204357,1.6365231275558472
1788860605434869200,10.581869140625,0.12268224358558655,0.05145653337240219,1.5647616386413574
1788860605444910300,10.591910400390624,0.11933358758687973,0.13216230273246765,1.4879552125930786
1788860605454952200,10.6019521484375,0.11061093211174011,0.18953265249729156,1.398635745048523
1788860605464993300,10.6119931640625,0.10432427376508713,0.17304182052612305,1.299842357635498
1788860605475034000,10.6220341796875,0.09956786781549454,0.13225683569908142,1.1780532598495483
1788860605485076200,10.632076171875,0.08730348199605942,0.11591009050607681,1.0306055545806885
1788860605495117300,10.642117431640624,0.0764114186167717,0.11002983152866364,0.8719255924224854
1788860605505159200,10.6521591796875,0.07700024545192719,0.08475403487682343,0.7046433687210083
1788860605515200300,10.6622001953125,0.07796616852283478,0.04338928684592247,0.5440425276756287
1788860605525241000,10.672240966796876,0.08478093147277832,0.025778867304325104,0.3812863826751709
1788860605535283200,10.682283203125,0.09094109386205673,0.06510470062494278,0.22499743103981018
1788860605545324000,10.692323974609375,0.0910220518708229,0.15921682119369507,0.07795099169015884
1788860605555366400,10.702366455078124,0.11008203029632568,0.27757808566093445,-0.04754994064569473
1788860605565407200,10.7124072265625,0.1639423370361328,0.3634181618690491,-0.14422374963760376
1788860605575448300,10.7224482421875,0.23080258071422577,0.3907618820667267,-0.22451752424240112
1788860605585490200,10.732490234375,0.26422393321990967,0.3568819463253021,-0.2805855870246887
1788860605595531300,10.74253125,0.25992584228515625,0.2766462564468384,-0.3284774720668793
1788860605605573000,10.752572998046874,0.2646404504776001,0.16471438109874725,-0.37708228826522827
1788860605615614200,10.7626142578125,0.24719008803367615,0.058329883962869644,-0.4307175576686859
1788860605625656000,10.772656005859375,0.21815790235996246,0.024112259969115257,-0.49248000979423523
1788860605635697200,10.782697265625,0.19985106587409973,0.060443904250860214,-0.5450209975242615
1788860605645738200,10.79273828125,0.1777963638305664,0.10159053653478622,-0.5760217905044556
1788860605655780000,10.802780029296875,0.16370904445648193,0.1753920614719391,-0.6297308206558228
1788860605665821200,10.8128212890625,0.19375935196876526,0.2703326940536499,-0.7217078804969788
1788860605675863300,10.82286328125,0.21565160155296326,0.33760493993759155,-0.7985107898712158
1788860605685904400,10.832904296875,0.2008923590183258,0.40112051367759705,-0.8523889183998108
1788860605695945200,10.8429453125,0.1917947381734848,0.4380556344985962,-0.9231352210044861
1788860605705987300,10.8529873046875,0.2015237957239151,0.3670632243156433,-1.0012431144714355
1788860605716028200,10.863028076171876,0.21382972598075867,0.17847414314746857,-1.0453077554702759
1788860605726070300,10.8730703125,0.19748058915138245,-0.04193706437945366,-1.0079960823059082
1788860605736111000,10.883111083984375,0.12488894164562225,-0.1287665069103241,-0.9550955891609192
1788860605746152200,10.893152099609376,0.024643294513225555,-0.065796859562397,-0.9727672338485718
1788860605756194000,10.903194091796875,-0.04862958565354347,-0.0010969560826197267,-1.0276530981063843
1788860605766235100,10.913235107421874,-0.10245633125305176,-0.010776481591165066,-1.0589503049850464
1788860605776277200,10.92327734375,-0.15934251248836517,-0.07331016659736633,-1.0300694704055786
1788860605786318300,10.933318359375,-0.21315914392471313,-0.08290846645832062,-0.9633681774139404
1788860605796359400,10.943359375,-0.26289767026901245,-0.0036171053070575,-0.9426916241645813
1788860605806401300,10.9534013671875,-0.311158150434494,0.10446089506149292,-1.0008412599563599
1788860605816442400,10.9634423828125,-0.3332352340221405,0.16358652710914612,-1.0828649997711182
1788860605826484200,10.973484130859376,-0.3328858017921448,0.10764577239751816,-1.1393567323684692
1788860605836525300,10.983525390625,-0.3336557447910309,-0.03638250753283501,-1.161769986152649
1788860605846567200,10.993567138671875,-0.35924285650253296,-0.19092229008674622,-1.1726081371307373
1788860605856608300,11.003608154296876,-0.38623613119125366,-0.31232860684394836,-1.1936538219451904
1788860605866649000,11.013649169921875,-0.4085366427898407,-0.41772693395614624,-1.2303959131240845
1788860605876691200,11.023691162109374,-0.40882718563079834,-0.5199989676475525,-1.2525194883346558
1788860605886732000,11.03373193359375,-0.40353813767433167,-0.5106816291809082,-1.2559473514556885
1788860605896774400,11.0437744140625,-0.42099595069885254,-0.38637885451316833,-1.2701480388641357
1788860605906815200,11.053815185546876,-0.43946579098701477,-0.2604515552520752,-1.3293893337249756
1788860605916856300,11.063856201171875,-0.44027164578437805,-0.21688304841518402,-1.4317162036895752
1788860605926898200,11.073898193359375,-0.43049731850624084,-0.20438270270824432,-1.534855842590332
1788860605936939300,11.083939208984376,-0.4210793077945709,-0.26253122091293335,-1.529330849647522
1788860605946981000,11.093981201171875,-0.43406942486763,-0.3642551898956299,-1.4839881658554077
1788860605957022200,11.104022216796874,-0.424843966960907,-0.419348806142807,-1.4715698957443237
1788860605967063300,11.114063232421875,-0.39559686183929443,-0.3819473683834076,-1.4732239246368408
1788860605977105200,11.124105224609375,-0.3718681037425995,-0.2621626555919647,-1.4310927391052246
1788860605987146200,11.134146240234376,-0.36746883392333984,-0.17296378314495087,-1.3766553401947021
1788860605997188000,11.14418798828125,-0.39308205246925354,-0.22013768553733826,-1.4155359268188477
1788860606007229200,11.154229248046875,-0.3981207311153412,-0.31768500804901123,-1.5111255645751953
1788860606017270000,11.16427001953125,-0.37871161103248596,-0.26809030771255493,-1.5587165355682373
1788860606027312400,11.1743125,-0.36073794960975647,-0.20826852321624756,-1.5663762092590332
1788860606037353200,11.184353271484374,-0.32269442081451416,-0.1944989114999771,-1.5663342475891113
1788860606047395300,11.194395263671876,-0.2638857066631317,-0.13787265121936798,-1.553972840309143
1788860606057436200,11.204436279296875,-0.22120295464992523,-0.11540622264146805,-1.5810776948928833
1788860606067477200,11.214477294921876,-0.2201443463563919,-0.14799638092517853,-1.6034173965454102
1788860606077519000,11.22451904296875,-0.22639532387256622,-0.18654191493988037,-1.65117347240448
1788860606087560200,11.234560302734375,-0.20629511773586273,-0.27852484583854675,-1.7158091068267822
1788860606097602000,11.24460205078125,-0.18374426662921906,-0.4513658583164215,-1.7863880395889282
1788860606107643100,11.25464306640625,-0.1551792025566101,-0.5399519205093384,-1.83310067653656
1788860606117685000,11.26468505859375,-0.12910018861293793,-0.5542266964912415,-1.8312510251998901
1788860606127726000,11.27472607421875,-0.08246531337499619,-0.4353589117527008,-1.846714973449707
1788860606137767200,11.28476708984375,-0.01576138660311699,-0.4039469361305237,-1.8599886894226074
1788860606147809300,11.294809326171874,0.06786613166332245,-0.42566582560539246,-1.8252352476119995
1788860606157850400,11.304850341796875,0.11958897858858109,-0.37912654876708984,-1.7897406816482544
1788860606167892200,11.314892333984375,0.1670670211315155,-0.26507455110549927,-1.7713102102279663
1788860606177933300,11.324933349609376,0.2219579666852951,-0.20779234170913696,-1.718507170677185
1788860606187974100,11.33497412109375,0.25433507561683655,-0.1510624885559082,-1.6530206203460693
1788860606198016300,11.345016357421875,0.2602057456970215,-0.08473832160234451,-1.6089357137680054
1788860606208057000,11.35505712890625,0.23174667358398438,-0.041301898658275604,-1.5858972072601318
1788860606218099200,11.36509912109375,0.2395004779100418,-0.10245633125305176,-1.5665326118469238
1788860606228140000,11.37514013671875,0.28539684414863586,-0.18037350475788116,-1.5235220193862915
1788860606238181000,11.38518115234375,0.31711217761039734,-0.18808068335056305,-1.4359935522079468
1788860606248223200,11.39522314453125,0.3290223777294159,-0.14436836540699005,-1.310308814048767
1788860606258264300,11.405264404296876,0.34428146481513977,-0.03566904738545418,-1.1816341876983643
1788860606268306200,11.41530615234375,0.3745056986808777,0.06274354457855225,-1.1045894622802734
1788860606278347300,11.42534716796875,0.4027245342731476,-0.00986461527645588,-1.0043113231658936
1788860606288388400,11.435388427734376,0.3703159987926483,-0.12899047136306763,-0.8552387356758118
1788860606298430200,11.44543017578125,0.3211527168750763,-0.13054601848125458,-0.6686760783195496
1788860606308471300,11.45547119140625,0.28824084997177124,-0.05700629577040672,-0.4678148627281189
1788860606318513200,11.46551318359375,0.26929616928100586,0.04643594101071358,-0.3472197353839874
1788860606328554200,11.47555419921875,0.24427391588687897,0.09770871698856354,-0.2785235047340393
1788860606338595000,11.485594970703126,0.20341756939888,0.06045668572187424,-0.14690183103084564
1788860606348637200,11.49563720703125,0.15469983220100403,0.09888583421707153,-0.03695109486579895
1788860606358678000,11.505677978515624,0.09147638827562332,0.10785669088363647,0.07003474235534668
1788860606368720400,11.515720458984376,0.022352177649736404,0.11665817350149155,0.24604465067386627
1788860606378760700,11.5257607421875,-0.044986117631196976,0.1653815060853958,0.4403238594532013
1788860606388801500,11.535801513671874,-0.1212364137172699,0.20114749670028687,0.6054904460906982
1788860606398843600,11.54584375,-0.1595851331949234,0.2759205400943756,0.7657749056816101
1788860606408884700,11.555884765625,-0.1831815391778946,0.3542957603931427,0.9022387862205505
1788860606418926600,11.565926513671876,-0.2106722891330719,0.40201854705810547,1.0489528179168701
1788860606428967700,11.5759677734375,-0.23342765867710114,0.4337250888347626,1.2266496419906616
1788860606439008800,11.5860087890625,-0.23465964198112488,0.49799033999443054,1.3686871528625488
1788860606449050600,11.596050537109376,-0.24896854162216187,0.5783302187919617,1.4738966226577759
1788860606459091700,11.606091796875,-0.30457720160484314,0.636360228061676,1.5864343643188477
1788860606469133600,11.616133544921874,-0.3851298391819,0.6551951766014099,1.7051926851272583
1788860606479174700,11.626174560546875,-0.46992382407188416,0.645264744758606,1.7827037572860718
1788860606489215500,11.636215576171875,-0.5207526683807373,0.6419661641120911,1.8166452646255493
1788860606499257900,11.6462578125,-0.5105562210083008,0.5912801027297974,1.890272617340088
1788860606509298700,11.656298583984375,-0.47123250365257263,0.5396445989608765,2.0073015689849854
1788860606519340800,11.6663408203125,-0.43707454204559326,0.5233404636383057,2.103374719619751
1788860606529381600,11.676381591796876,-0.40444496273994446,0.5317096710205078,2.1701624393463135
1788860606539422700,11.686422607421875,-0.3536294400691986,0.5677571892738342,2.219266653060913
1788860606549464600,11.696464599609374,-0.29394426941871643,0.630531907081604,2.2659425735473633
1788860606559505700,11.706505615234375,-0.2529102861881256,0.6857943534851074,2.2886393070220947
1788860606569547800,11.7165478515625,-0.22303414344787598,0.708318293094635,2.2924835681915283
1788860606579588600,11.726588623046876,-0.17767731845378876,0.6413813233375549,2.2696099281311035
1788860606589629700,11.736629638671875,-0.10548967123031616,0.5148340463638306,2.2336771488189697
1788860606599671600,11.746671630859375,-0.013906761072576046,0.4091123938560486,2.1777427196502686
1788860606609712600,11.756712646484376,0.08448772132396698,0.33353641629219055,2.1324007511138916
1788860606619754800,11.766754638671875,0.16445951163768768,0.3128085136413574,2.1162872314453125
1788860606629795800,11.7767958984375,0.21493041515350342,0.3186038136482239,2.132852554321289
1788860606639836700,11.786836669921875,0.2507653832435608,0.30612558126449585,2.182990312576294
1788860606649878800,11.796878662109375,0.2832255959510803,0.28751006722450256,2.2285094261169434
1788860606659919600,11.806919677734374,0.3270343244075775,0.2722301781177521,2.2604751586914062
1788860606669961700,11.816961669921875,0.3798959255218506,0.235041543841362,2.2680411338806152
1788860606680002800,11.8270029296875,0.4386817514896393,0.18017429113388062,2.230036973953247
1788860606690043600,11.837043701171876,0.48933854699134827,0.13294047117233276,2.175096273422241
1788860606700085800,11.847085693359375,0.5378965139389038,0.1123419851064682,2.1315817832946777
1788860606710126600,11.857126708984374,0.588921070098877,0.09965095669031143,2.0807793140411377
1788860606720167700,11.867167724609375,0.6254649758338928,0.04643700644373894,2.036552667617798
1788860606730209500,11.87720947265625,0.6295414566993713,-0.0129924975335598,1.9904446601867676
1788860606740250600,11.887250732421874,0.611190915107727,-0.01745435781776905,1.9422388076782227
1788860606750292700,11.897292724609375,0.5756641030311584,0.02568778581917286,1.9098860025405884
1788860606760333800,11.907333740234375,0.5282412171363831,0.0470559261739254,1.863528847694397
1788860606770374700,11.917374755859376,0.470609575510025,0.024165790528059006,1.801425814628601
1788860606780416800,11.927416748046875,0.4108160436153412,-0.007660849019885063,1.7397013902664185
1788860606790457600,11.93745751953125,0.35112738609313965,0.005621400196105242,1.7038246393203735
1788860606800499700,11.947499755859376,0.31219756603240967,0.0698363408446312,1.691670298576355
1788860606810540800,11.957540771484375,0.2903708517551422,0.1100735068321228,1.6529109477996826
1788860606820581600,11.96758154296875,0.28407272696495056,0.04733875393867493,1.560383677482605
1788860606830623700,11.977623779296875,0.27299317717552185,-0.1043383926153183,1.4363255500793457
1788860606840664600,11.98766455078125,0.2444973587989807,-0.20195762813091278,1.3107540607452393
1788860606850706700,11.997706787109376,0.19571863114833832,-0.1512041687965393,1.223711371421814
1788860606860747500,12.00774755859375,0.14780011773109436,-0.04409395903348923,1.1598104238510132
1788860606870788600,12.01778857421875,0.12256559729576111,0.02377856709063053,1.1090129613876343
1788860606880830700,12.027830810546876,0.10183688253164291,0.05048687756061554,1.0313711166381836
1788860606890871800,12.037871826171875,0.06981450319290161,0.032290030270814896,0.9008728265762329
1788860606900912600,12.04791259765625,0.04321964085102081,-0.013936854898929596,0.704054594039917
1788860606910954800,12.057954833984375,0.02268613688647747,-0.020920461043715477,0.45875346660614014
1788860606920995800,12.067995849609375,-0.0014421016676351428,0.05507203936576843,0.21742446720600128
1788860606931037700,12.07803759765625,-0.011211375705897808,0.18360525369644165,0.012888368219137192
1788860606941078800,12.088078857421875,0.005574262235313654,0.305523157119751,-0.14702247083187103
1788860606951119600,12.09811962890625,0.042882487177848816,0.4322475492954254,-0.2467983365058899
1788860606961161700,12.10816162109375,0.09575928002595901,0.5130742192268372,-0.2807762622833252
1788860606971202600,12.11820263671875,0.1543419063091278,0.450991690158844,-0.2852945923805237
1788860606981245000,12.128244873046874,0.17685680091381073,0.2783360183238983,-0.30549174547195435
1788860606991285800,12.13828564453125,0.16860046982765198,0.10478207468986511,-0.3398001790046692
1788860607001326800,12.148326904296875,0.13419748842716217,-0.05813654139637947,-0.39914605021476746
1788860607011368700,12.15836865234375,0.08426268398761749,-0.14478807151317596,-0.4832010269165039
1788860607021409800,12.168409912109375,0.0497201532125473,-0.177885040640831,-0.5851060748100281
1788860607031450600,12.17845068359375,0.02588486112654209,-0.1804741770029068,-0.6987450122833252
1788860607041492700,12.18849267578125,0.024644093587994576,-0.12584660947322845,-0.793128252029419
1788860607051533800,12.198533935546875,0.044261205941438675,-0.027289943769574165,-0.8707998991012573
1788860607061575700,12.20857568359375,0.05974828451871872,0.11758548766374588,-0.9245195388793945
1788860607071616800,12.21861669921875,0.053578272461891174,0.3227764666080475,-0.9394471049308777
1788860607081657600,12.22865771484375,0.05184801667928696,0.5657448768615723,-0.9366087317466736
1788860607091699700,12.23869970703125,0.0655803382396698,0.7822021245956421,-0.9271553158760071
1788860607101740500,12.248740478515625,0.08512554317712784,0.9106351733207703,-0.8871604800224304
1788860607111783000,12.258782958984375,0.08122748136520386,0.9915193915367126,-0.8689132928848267
1788860607121823700,12.26882373046875,0.08774077147245407,0.9352843165397644,-0.9219262003898621
1788860607131864800,12.27886474609375,0.10791368037462234,0.6372576951980591,-1.034306526184082
1788860607141906700,12.28890673828125,0.1485772281885147,0.24251969158649445,-1.1061937808990479
1788860607151947800,12.29894775390625,0.17241890728473663,-0.10719969123601913,-1.1181156635284424
1788860607161989600,12.30898974609375,0.15881787240505219,-0.3055833578109741,-1.1236217021942139
1788860607172030700,12.31903076171875,0.13350826501846313,-0.27330076694488525,-1.1268864870071411
1788860607182071800,12.32907177734375,0.0867314338684082,-0.09222127497196198,-1.1075804233551025
1788860607192113700,12.33911376953125,0.0193148422986269,0.1270008236169815,-1.085658073425293
1788860607202154800,12.34915478515625,-0.02754933573305607,0.21658290922641754,-1.1054598093032837
1788860607212195600,12.359195556640625,-0.05108901485800743,0.19321952760219574,-1.150860071182251
1788860607222237700,12.36923779296875,-0.08481315523386002,0.12946638464927673,-1.2236239910125732
1788860607232278500,12.379278564453125,-0.1274048238992691,0.02118890918791294,-1.3335368633270264
1788860607242321000,12.38932080078125,-0.13484036922454834,-0.098814457654953,-1.4534281492233276
1788860607252361700,12.39936181640625,-0.11626801639795303,-0.2347395420074463,-1.5458585023880005
1788860607262402800,12.40940283203125,-0.07949908822774887,-0.3090856671333313,-1.5986865758895874
1788860607272444700,12.419444580078125,-0.03876790031790733,-0.34829485416412354,-1.5841169357299805
1788860607282485800,12.42948583984375,0.011258247308433056,-0.3720819652080536,-1.5327743291854858
1788860607292526800,12.43952685546875,0.07661594450473785,-0.3861847221851349,-1.515797734260559
1788860607302568700,12.449568603515624,0.12009551376104355,-0.3532148003578186,-1.554799199104309
1788860607312609800,12.45960986328125,0.14342240989208221,-0.31522640585899353,-1.5811954736709595
1788860607322651600,12.469651611328125,0.1467345803976059,-0.33931389451026917,-1.610677719116211
1788860607332692700,12.479692626953126,0.16689497232437134,-0.42603734135627747,-1.6261141300201416
1788860607342733600,12.489733642578125,0.1921963393688202,-0.5653060078620911,-1.6382567882537842
1788860607352775700,12.499775634765625,0.19734743237495422,-0.6010251045227051,-1.687796950340271
1788860607362816500,12.50981640625,0.19744835793972015,-0.5698480010032654,-1.6976426839828491
1788860607372858600,12.519858642578125,0.1918325573205948,-0.5240629315376282,-1.700950264930725
1788860607382900500,12.529900390625,0.1592778116464615,-0.5173209309577942,-1.716921329498291
1788860607392941600,12.539941650390626,0.1075562834739685,-0.601773202419281,-1.7446151971817017
1788860607402983400,12.5499833984375,0.05663984268903732,-0.7118099331855774,-1.791346549987793
1788860607413024500,12.5600244140625,0.014478275552392006,-0.6969263553619385,-1.8083590269088745
1788860607423065300,12.5700654296875,0.03025883622467518,-0.6588138341903687,-1.8304656744003296
1788860607433107500,12.580107421875,0.0972951278090477,-0.6609912514686584,-1.9210052490234375
1788860607443148300,12.590148193359376,0.1945340633392334,-0.6533074975013733,-1.9919973611831665
1788860607453190400,12.6001904296875,0.28139039874076843,-0.6501671075820923,-1.9978102445602417
1788860607463231200,12.610231201171874,0.3298543393611908,-0.6189907789230347,-1.9494903087615967
1788860607473272300,12.620272216796875,0.34769484400749207,-0.5783863663673401,-1.878386378288269
1788860607483314400,12.630314453125,0.3404710292816162,-0.48970338702201843,-1.8349931240081787
1788860607493355500,12.64035546875,0.30506429076194763,-0.40558159351348877,-1.8315192461013794
1788860607503396600,12.650396728515625,0.2695334851741791,-0.3253173828125,-1.8483221530914307
1788860607513438500,12.6604384765625,0.23999954760074615,-0.29589104652404785,-1.8505831956863403
1788860607523479600,12.6704794921875,0.2359084039926529,-0.23714517056941986,-1.8443084955215454
1788860607533521400,12.680521484375,0.24007758498191833,-0.16026024520397186,-1.8433791399002075
1788860607543562500,12.6905625,0.24004003405570984,-0.16977918148040771,-1.8173447847366333
1788860607553603300,12.700603271484376,0.20401251316070557,-0.23325802385807037,-1.6946042776107788
1788860607563645400,12.7106455078125,0.1473471075296402,-0.25581154227256775,-1.5328917503356934
1788860607573686300,12.720686279296874,0.07351842522621155,-0.2141176164150238,-1.4545466899871826
1788860607583727400,12.730727294921875,0.02984657883644104,-0.21551071107387543,-1.399735927581787
1788860607593769500,12.74076953125,0.025707760825753212,-0.15250565111637115,-1.3774601221084595
1788860607603810600,12.750810546875,0.030423685908317566,-0.024398284032940865,-1.2913364171981812
1788860607613852400,12.760852294921875,0.02262355387210846,0.09207986295223236,-1.1582505702972412
1788860607623893500,12.7708935546875,0.03305782005190849,0.13106080889701843,-1.070533275604248
1788860607633934600,12.7809345703125,0.028380509465932846,0.1246497854590416,-0.9750495553016663
1788860607643976400,12.7909765625,0.012259063310921192,0.12337519973516464,-0.8449651002883911
1788860607654017500,12.801017578125,-0.02014734596014023,0.13683508336544037,-0.7135394215583801
1788860607664058400,12.811058349609375,-0.0673939511179924,0.15501461923122406,-0.5843412280082703
1788860607674100500,12.8211005859375,-0.10785562545061111,0.13656450808048248,-0.40108004212379456
1788860607684141300,12.831141357421876,-0.12406415492296219,0.16732454299926758,-0.212849423289299
1788860607694183400,12.841183349609375,-0.13120968639850616,0.26483193039894104,-0.06876228749752045
1788860607704224300,12.851224365234375,-0.13893471658229828,0.3668440580368042,0.07841464877128601
1788860607714265300,12.861265380859376,-0.15621010959148407,0.3717019259929657,0.23498667776584625
1788860607724307500,12.871307373046875,-0.1676260083913803,0.3826166093349457,0.38175642490386963
1788860607734348500,12.8813486328125,-0.18246807157993317,0.3274971842765808,0.5023765563964844
1788860607744389600,12.8913896484375,-0.18413442373275757,0.3214446008205414,0.6527485251426697
1788860607754431500,12.901431396484375,-0.1952507197856903,0.373399943113327,0.8265924453735352
1788860607764472600,12.91147265625,-0.25218644738197327,0.4566783308982849,0.9571717977523804
1788860607774514400,12.921514404296875,-0.34755638241767883,0.5258097052574158,1.1063045263290405
1788860607784555500,12.931555419921875,-0.40605828166007996,0.5351454615592957,1.3290878534317017
1788860607794596400,12.941596435546876,-0.41482648253440857,0.536395251750946,1.534035086631775
1788860607804638500,12.951638427734375,-0.40451258420944214,0.5719636678695679,1.711692214012146
1788860607814679300,12.96167919921875,-0.38637593388557434,0.62015700340271,1.8638367652893066
1788860607824720400,12.971720458984375,-0.36609914898872375,0.6382222771644592,1.9634064435958862
1788860607834762200,12.98176220703125,-0.3429371118545532,0.6287491321563721,1.9968781471252441
1788860607844803300,12.99180322265625,-0.327340304851532,0.6277576684951782,2.0607731342315674
1788860607854845400,13.001845458984375,-0.30101338028907776,0.6159883737564087,2.15242862701416
1788860607864886500,13.011886474609375,-0.28617849946022034,0.6208957433700562,2.2237870693206787
1788860607874927600,13.021927734375,-0.288217157125473,0.6007305979728699,2.237058401107788
1788860607884969500,13.031969482421875,-0.28812313079833984,0.5474185943603516,2.218986988067627
1788860607895010600,13.042010498046874,-0.28759822249412537,0.5237196683883667,2.2022743225097656
1788860607905051400,13.052051513671875,-0.3060653805732727,0.5203406810760498,2.200596570968628
1788860607915093500,13.062093505859375,-0.31513237953186035,0.44852691888809204,2.1938889026641846
1788860607925134300,13.07213427734375,-0.29538023471832275,0.34176746010780334,2.171067476272583
1788860607935175400,13.082175537109375,-0.25738146901130676,0.28782352805137634,2.1787161827087402
1788860607945217300,13.09221728515625,-0.21966472268104553,0.29657548666000366,2.212972402572632
1788860607955258400,13.10225830078125,-0.1639564484357834,0.3046645522117615,2.247637987136841
1788860607965300200,13.11230029296875,-0.09509189426898956,0.28589940071105957,2.2869019508361816
1788860607975341300,13.12234130859375,-0.049854639917612076,0.26409396529197693,2.330332040786743
1788860607985382400,13.13238232421875,-0.027099261060357094,0.24635837972164154,2.3773293495178223
1788860607995424500,13.142424560546875,-0.014594655483961105,0.24630936980247498,2.441486358642578
1788860608005465600,13.152465576171876,-0.0010210559703409672,0.2480659931898117,2.481412410736084
1788860608015506400,13.16250634765625,-0.002945456188172102,0.21456316113471985,2.4654147624969482
1788860608025548500,13.172548583984375,-0.01450064592063427,0.13400574028491974,2.422426462173462
1788860608035589400,13.18258935546875,-0.012014850974082947,0.06731779128313065,2.366452217102051
1788860608045631500,13.192631591796875,0.020746024325489998,0.02900182455778122,2.308091640472412
1788860608055672300,13.20267236328125,0.0549980029463768,-0.016474846750497818,2.2614262104034424
1788860608065713400,13.21271337890625,0.0718638002872467,-0.062185343354940414,2.2065887451171875
1788860608075755300,13.22275537109375,0.09153337776660919,-0.11131080985069275,2.148293972015381
1788860608085796400,13.23279638671875,0.11646828800439835,-0.18746604025363922,2.09224796295166
1788860608095837400,13.24283740234375,0.15472246706485748,-0.21986205875873566,2.008211612701416
1788860608105879600,13.252879638671875,0.20256775617599487,-0.15306757390499115,1.8992745876312256
1788860608115920600,13.262920654296876,0.23972444236278534,-0.0396086610853672,1.8188793659210205
1788860608125962500,13.27296240234375,0.2622300088405609,0.06802193075418472,1.760416865348816
1788860608136003600,13.283003662109374,0.281008780002594,0.1214502677321434,1.7197378873825073
1788860608146044400,13.29304443359375,0.29606735706329346,0.13638393580913544,1.6774753332138062
1788860608156086500,13.30308642578125,0.2958902418613434,0.14443014562129974,1.63362455368042
1788860608166127400,13.31312744140625,0.2872339189052582,0.1313449740409851,1.565464973449707
1788860608176168400,13.32316845703125,0.26897287368774414,0.10889292508363724,1.4779971837997437
1788860608186210300,13.333210205078124,0.21972250938415527,0.11343041807413101,1.371816635131836
1788860608196251400,13.34325146484375,0.16408294439315796,0.13735279440879822,1.2629647254943848
1788860608206292500,13.35329248046875,0.11253400146961212,0.1084873303771019,1.1647404432296753
1788860608216334300,13.363334228515624,0.0799422338604927,-0.0043505397625267506,1.0583934783935547
1788860608226375400,13.37337548828125,0.0424843430519104,-0.10002247244119644,0.9232282042503357
1788860608236417500,13.38341748046875,0.013058011420071125,-0.18173038959503174,0.749647855758667
1788860608246458600,13.393458740234376,0.001933987601660192,-0.26830121874809265,0.5477592349052429
1788860608256499500,13.40349951171875,-0.007707454264163971,-0.2850743532180786,0.3089815378189087
1788860608266541600,13.41354150390625,-0.00857191625982523,-0.1754426658153534,0.055269114673137665
1788860608276582400,13.42358251953125,0.012137622572481632,0.06652949005365372,-0.16307520866394043
1788860608286623500,13.43362353515625,0.05556046590209007,0.35926443338394165,-0.2941434681415558
1788860608296665300,13.443665283203124,0.14536678791046143,0.6179018616676331,-0.36789441108703613
1788860608306706400,13.45370654296875,0.24117879569530487,0.7583364248275757,-0.4313761591911316
1788860608316747500,13.46374755859375,0.2777906060218811,0.789091169834137,-0.5015779137611389
1788860608326789400,13.473789306640626,0.25721341371536255,0.7176159024238586,-0.5749894976615906
1788860608336830500,13.48383056640625,0.22036060690879822,0.541326642036438,-0.668423056602478
1788860608346871300,13.493871337890624,0.17718063294887543,0.2904808223247528,-0.7604568600654602
1788860608356913400,13.503913330078126,0.12957663834095,0.07038868218660355,-0.83430415391922
1788860608366954200,13.513954345703125,0.10522575676441193,-0.03365383297204971,-0.8830922245979309
1788860608376995600,13.52399560546875,0.10581590980291367,-0.0411628820002079,-0.9162499308586121
1788860608387036700,13.53403662109375,0.11178618669509888,0.03538302332162857,-0.9233219623565674
1788860608397077500,13.544077392578124,0.1144285723567009,0.1958605796098709,-0.9138429760932922
1788860608407119600,13.55411962890625,0.13066214323043823,0.39413905143737793,-0.9240865111351013
1788860608417160400,13.564160400390625,0.13414634764194489,0.5873756408691406,-0.9378425478935242
1788860608427201500,13.574201416015624,0.12463460862636566,0.7169453501701355,-0.9286690354347229
1788860608437243400,13.584243408203125,0.11926407366991043,0.7031688094139099,-0.9166525602340698
1788860608447284500,13.594284423828125,0.11577426642179489,0.5675297379493713,-0.9383267164230347
1788860608457326300,13.604326416015626,0.1119459718465805,0.38547950983047485,-0.9762282967567444
1788860608467367400,13.614367431640625,0.1027815043926239,0.2259654849767685,-1.0031017065048218
1788860608477408500,13.624408447265624,0.08152016252279282,0.12887436151504517,-1.0143975019454956
1788860608487450400,13.634450439453126,0.032390695065259933,0.09444181621074677,-1.0361965894699097
1788860608497491500,13.644491455078125,-0.025537317618727684,0.0916830450296402,-1.0434068441390991
1788860608507532300,13.6545322265625,-0.07479860633611679,0.10135485231876373,-1.0671619176864624
1788860608517574700,13.66457470703125,-0.1192971020936966,0.1112775206565857,-1.13497793674469
1788860608527615500,13.674615478515625,-0.15727803111076355,0.09814786911010742,-1.2054513692855835
1788860608537656600,13.684656494140626,-0.15722744166851044,0.11119922250509262,-1.2574141025543213
1788860608547698400,13.694698486328125,-0.1697983592748642,0.10125551372766495,-1.3259564638137817
1788860608557739500,13.704739501953124,-0.19738949835300446,0.04080016165971756,-1.4224257469177246
1788860608567780600,13.714780517578125,-0.1945423185825348,-0.0945960134267807,-1.49391508102417
1788860608577822500,13.724822509765625,-0.16810086369514465,-0.20607726275920868,-1.5323125123977661
1788860608587863600,13.734863525390624,-0.1483396738767624,-0.2136497050523758,-1.5328388214111328
1788860608597905400,13.744905517578125,-0.13887958228588104,-0.16325603425502777,-1.5246343612670898
1788860608607946500,13.754946533203125,-0.11903344839811325,-0.12416855245828629,-1.5337551832199097
1788860608617987300,13.7649873046875,-0.0825878232717514,-0.12706473469734192,-1.5322645902633667
1788860608628029700,13.77502978515625,-0.042204443365335464,-0.1181681826710701,-1.4963988065719604
1788860608638070500,13.785070556640624,-0.02069888636469841,-0.06222955137491226,-1.4542465209960938
1788860608648111600,13.795111572265625,-0.025600967928767204,0.007744472473859787,-1.4590966701507568
1788860608658153500,13.805153564453125,-0.034988876432180405,-0.04345080628991127,-1.5362786054611206
1788860608668194600,13.815194580078124,-0.03314223885536194,-0.2518908381462097,-1.6287139654159546
1788860608678235600,13.825235595703125,-0.02052045427262783,-0.4441468119621277,-1.7107936143875122
1788860608688277500,13.835277587890625,-0.028313130140304565,-0.52951979637146,-1.7335846424102783
1788860608698318600,13.845318603515626,-0.0455552339553833,-0.5070165991783142,-1.7141742706298828
1788860608708360400,13.8553603515625,-0.0238837618380785,-0.45486578345298767,-1.675380825996399
1788860608718401500,13.865401611328124,0.005276787560433149,-0.4417113661766052,-1.6827760934829712
1788860608728442400,13.8754423828125,0.044565603137016296,-0.48770254850387573,-1.7387797832489014
1788860608738484500,13.885484375,0.09756703674793243,-0.5478870868682861,-1.8041685819625854
1788860608748525300,13.895525390625,0.16063176095485687,-0.6173284649848938,-1.8703542947769165
1788860608758566400,13.90556640625,0.22917087376117706,-0.6267256736755371,-1.905383586883545
1788860608768608500,13.9156083984375,0.28255152702331543,-0.5793009400367737,-1.904396653175354
1788860608778649600,13.925649658203126,0.3227088153362274,-0.5291301608085632,-1.9089221954345703
1788860608788690700,13.935690673828125,0.36239975690841675,-0.5273407697677612,-1.9080345630645752
1788860608798732500,13.945732666015624,0.3703751266002655,-0.5607637166976929,-1.9376062154769897
1788860608808773600,13.955773681640625,0.3411988615989685,-0.6613339781761169,-1.977097988128662
1788860608818815500,13.9658154296875,0.2984370291233063,-0.7372500896453857,-2.0382704734802246
1788860608828856600,13.975856689453124,0.2761618196964264,-0.7540354132652283,-2.1319003105163574
1788860608838897400,13.9858974609375,0.251350462436676,-0.7763397097587585,-2.175971746444702
1788860608848939500,13.995939453125,0.23950660228729248,-0.8155696392059326,-2.1518008708953857
1788860608858980400,14.00598046875,0.21273569762706757,-0.8383247256278992,-2.0556349754333496
1788860608869021400,14.016021484375,0.1971338391304016,-0.7477868795394897,-1.9763855934143066
1788860608879063300,14.026063232421874,0.16732561588287354,-0.6042443513870239,-1.8862719535827637
1788860608889104400,14.0361044921875,0.14801689982414246,-0.4620504677295685,-1.774465799331665
1788860608899145500,14.0461455078125,0.1383480280637741,-0.40139296650886536,-1.6827683448791504
1788860608909187600,14.0561875,0.14907389879226685,-0.3411485254764557,-1.5720860958099365
1788860608919228700,14.066228759765625,0.16856558620929718,-0.20449934899806976,-1.4665628671646118
1788860608929269500,14.07626953125,0.15601862967014313,-0.04380473867058754,-1.3624207973480225
1788860608939311600,14.0863115234375,0.11821292340755463,0.15847858786582947,-1.2845333814620972
1788860608949352400,14.0963525390625,0.04956568777561188,0.286652535200119,-1.1718652248382568
1788860608959393500,14.1063935546875,-0.015369635075330734,0.24675385653972626,-1.0442826747894287
1788860608969435400,14.116435302734375,-0.04410727322101593,0.14453187584877014,-0.8961606025695801
1788860608979476500,14.1264765625,-0.05865239351987839,0.05638338252902031,-0.697268545627594
1788860608989518300,14.136518310546874,-0.0722544863820076,0.06883818656206131,-0.46075350046157837
1788860608999559400,14.146559326171875,-0.09672867506742477,0.19506323337554932,-0.26830175518989563
1788860609009600500,14.1566005859375,-0.13083018362522125,0.35632696747779846,-0.08712531626224518
1788860609019642600,14.166642578125,-0.1282016485929489,0.3615374267101288,0.059062253683805466
1788860609029683700,14.17668359375,-0.11900148540735245,0.314936101436615,0.18649238348007202
1788860609039724500,14.186724609375,-0.10672830790281296,0.3603070378303528,0.35103845596313477
1788860609049766700,14.1967666015625,-0.13016732037067413,0.4555981457233429,0.5256105065345764
1788860609059807500,14.206807373046875,-0.19875623285770416,0.4106493294239044,0.6436335444450378
1788860609069848600,14.2168486328125,-0.25519606471061707,0.32469791173934937,0.7786443829536438
1788860609079890400,14.226890380859375,-0.3228912353515625,0.39340880513191223,0.9999855756759644
1788860609089931500,14.236931640625,-0.3954991400241852,0.48212721943855286,1.2652950286865234
1788860609099972600,14.24697265625,-0.4302360713481903,0.5224879384040833,1.4723869562149048
1788860609110014500,14.257014404296875,-0.4190550446510315,0.5118409395217896,1.6107048988342285
1788860609120055600,14.2670556640625,-0.38409894704818726,0.4960305392742157,1.72694730758667
1788860609130097400,14.277097412109375,-0.3585911691188812,0.5825997591018677,1.8531746864318848
1788860609140138500,14.287138427734375,-0.33731359243392944,0.6365418434143066,1.952138066291809
1788860609150179300,14.297179443359376,-0.31766849756240845,0.5792639255523682,1.9987878799438477
1788860609160221700,14.3072216796875,-0.31343674659729004,0.5405135750770569,2.0687384605407715
1788860609170262500,14.317262451171874,-0.303802490234375,0.568213939666748,2.150142192840576
1788860609180303600,14.3273037109375,-0.28011420369148254,0.602744996547699,2.2271835803985596
1788860609190345500,14.337345458984375,-0.26312217116355896,0.6422130465507507,2.2752506732940674
1788860609200386600,14.347386474609374,-0.24057292938232422,0.6396118998527527,2.3094937801361084
1788860609210427600,14.357427734375,-0.20228013396263123,0.5905173420906067,2.338892936706543
1788860609220469500,14.367469482421875,-0.14560194313526154,0.5048772692680359,2.348771333694458
1788860609230510600,14.377510498046876,-0.0920412465929985,0.47102317214012146,2.3540306091308594
1788860609240551400,14.387551513671875,-0.03650927543640137,0.45668044686317444,2.3612451553344727
1788860609250593500,14.397593505859374,0.023997478187084198,0.4278096556663513,2.373126745223999
1788860609260634400,14.40763427734375,0.08824118226766586,0.3783701956272125,2.3866004943847656
1788860609270675500,14.417675537109375,0.13447046279907227,0.30440542101860046,2.38089656829834
1788860609280717300,14.42771728515625,0.1548958420753479,0.21370109915733337,2.3544039726257324
1788860609290758400,14.43775830078125,0.15156182646751404,0.11134117096662521,2.3393757343292236
1788860609300800500,14.447800537109375,0.1355983018875122,-0.0024764735717326403,2.3207783699035645
1788860609310841600,14.457841552734376,0.11992347240447998,-0.08732931315898895,2.3075380325317383
1788860609320882400,14.46788232421875,0.07914595305919647,-0.11830001324415207,2.292557954788208
1788860609330924500,14.477924560546874,0.03075524978339672,-0.14144288003444672,2.2978336811065674
1788860609340965600,14.487965576171876,0.020254405215382576,-0.13015374541282654,2.316049098968506
1788860609351006500,14.49800634765625,0.04603540152311325,-0.0586278922855854,2.3593530654907227
1788860609361048600,14.508048583984374,0.09010006487369537,0.04800321161746979,2.398660659790039
1788860609371089400,14.51808935546875,0.12368278950452805,0.09911779314279556,2.4140281677246094
1788860609381130800,14.528130859375,0.14936578273773193,0.06689967215061188,2.3539161682128906
1788860609391172900,14.5381728515625,0.16642999649047852,0.00598572101444006,2.230558156967163
1788860609401214000,14.5482138671875,0.17268815636634827,-0.059432435780763626,2.120633363723755
1788860609411254800,14.5582548828125,0.17582295835018158,-0.11268579959869385,2.046435832977295
1788860609421297000,14.568296875,0.17334222793579102,-0.17254912853240967,1.9816858768463135
1788860609431337700,14.578337646484375,0.14789465069770813,-0.19828538596630096,1.9135658740997314
1788860609441378800,14.58837890625,0.10356394201517105,-0.20845067501068115,1.8600877523422241
1788860609451420700,14.598420654296875,0.053945258259773254,-0.2286028116941452,1.8208189010620117
1788860609461461800,14.608461669921875,-0.0010511496802791953,-0.2111620455980301,1.7639939785003662
1788860609471502800,14.6185029296875,-0.045816488564014435,-0.11398275941610336,1.680780053138733
1788860609481544700,14.628544677734375,-0.08812373131513596,0.019164107739925385,1.5872317552566528
1788860609491585800,14.638585693359374,-0.09091392904520035,0.10622870177030563,1.5114469528198242
1788860609501628000,14.6486279296875,-0.04984398931264877,0.17583493888378143,1.430330514907837
1788860609511669000,14.6586689453125,0.010424145497381687,0.25567278265953064,1.3219654560089111
1788860609521709800,14.668709716796876,0.069627545773983,0.3059846758842468,1.1919158697128296
1788860609531752000,14.678751953125,0.11370685696601868,0.2613586187362671,1.0391486883163452
1788860609541792800,14.688792724609375,0.13481001555919647,0.19906330108642578,0.8533428311347961
1788860609551833900,14.698833740234376,0.14730370044708252,0.156682550907135,0.6567110419273376
1788860609561875700,14.708875732421875,0.16112764179706573,0.15339301526546478,0.4596256613731384
1788860609571916800,14.718916748046874,0.16763080656528473,0.2107822746038437,0.24647556245326996
1788860609581958000,14.7289580078125,0.17656810581684113,0.31525248289108276,0.002662362065166235
1788860609591999700,14.738999755859375,0.19832107424736023,0.4316619336605072,-0.21852914988994598
1788860609602040800,14.749040771484376,0.19654954969882965,0.5034154653549194,-0.3524126410484314
1788860609612081700,14.75908154296875,0.18624337017536163,0.5256760120391846,-0.3998291492462158
1788860609622123800,14.769123779296875,0.18981334567070007,0.49940794706344604,-0.4138485789299011
1788860609632164600,14.77916455078125,0.19152389466762543,0.3913904130458832,-0.44424617290496826
1788860609642205700,14.789205810546875,0.1645953357219696,0.2264413982629776,-0.5105628371238708
1788860609652247800,14.799247802734374,0.13197055459022522,0.08262830227613449,-0.5963776111602783
1788860609662289000,14.809288818359375,0.08998075872659683,-0.035294074565172195,-0.6929885745048523
1788860609672330000,14.819330078125,0.04954038932919502,-0.1243714839220047,-0.7822673320770264
1788860609682371800,14.829371826171876,0.019768377766013145,-0.1567821502685547,-0.8549023866653442
1788860609692413000,14.839412841796875,-0.016599483788013458,-0.09440772980451584,-0.9316043853759766
1788860609702453800,14.849453857421874,-0.0493001714348793,0.07694830745458603,-0.9921875596046448
1788860609712495900,14.859495849609376,-0.06612655520439148,0.3109685182571411,-1.0260802507400513
1788860609722536700,14.86953662109375,-0.07390031963586807,0.4968755543231964,-1.0378426313400269
1788860609732577800,14.879577880859374,-0.0731479823589325,0.5962396860122681,-1.0272719860076904
1788860609742619600,14.88961962890625,-0.052619002759456635,0.6275800466537476,-1.0073606967926025
1788860609752660700,14.89966064453125,-0.022467225790023804,0.6296035051345825,-0.9873600602149963
1788860609762701800,14.909701904296876,0.012023906223475933,0.6130860447883606,-0.95856112241745
1788860609772743700,14.91974365234375,0.052916210144758224,0.5789434909820557,-0.9555237889289856
1788860609782784800,14.92978466796875,0.10511630028486252,0.5076778531074524,-0.9721518158912659
1788860609792827000,14.939826904296876,0.1572737693786621,0.34909486770629883,-1.0179091691970825
1788860609802868000,14.949867919921875,0.18741996586322784,0.11409647762775421,-1.098472237586975
1788860609812908800,14.95990869140625,0.1694641262292862,-0.11937752366065979,-1.1932415962219238
1788860609822951000,14.969950927734375,0.10194899886846542,-0.28166496753692627,-1.291424036026001
1788860609832991700,14.97999169921875,-0.00014540860138367862,-0.3255370855331421,-1.3835417032241821
1788860609843032800,14.99003271484375,-0.12503062188625336,-0.23276107013225555,-1.4547163248062134
1788860609853074700,15.00007470703125,-0.2616425156593323,-0.030007699504494667,-1.483965277671814
1788860609863115800,15.01011572265625,-0.38264352083206177,0.1822795271873474,-1.5009207725524902
1788860609873156900,15.020156982421875,-0.4335157573223114,0.3020980656147003,-1.551281452178955
1788860609883198700,15.03019873046875,-0.4341921806335449,0.25751596689224243,-1.622929334640503
1788860609893239800,15.04023974609375,-0.3906577527523041,0.0689026340842247,-1.6982754468917847
1788860609903280600,15.05028076171875,-0.2857092320919037,-0.14345011115074158,-1.724636435508728
1788860609913323000,15.060322998046875,-0.1716655045747757,-0.2768041789531708,-1.6993993520736694
1788860609923363800,15.07036376953125,-0.09067637473344803,-0.31108251214027405,-1.7048372030258179
1788860609933405000,15.080405029296875,-0.018160361796617508,-0.32145553827285767,-1.744521975517273
1788860609943446800,15.09044677734375,0.024945829063653946,-0.3093184232711792,-1.78984797000885
1788860609953488000,15.10048779296875,0.0385788157582283,-0.25922223925590515,-1.8066644668579102
1788860609963529000,15.110529052734375,0.033968087285757065,-0.23001189529895782,-1.7397371530532837
1788860609973570800,15.12057080078125,0.03278644382953644,-0.22163759171962738,-1.6559224128723145
1788860609983612000,15.13061181640625,0.024750620126724243,-0.27149197459220886,-1.6585607528686523
1788860609993652700,15.14065283203125,0.014223943464457989,-0.3888010084629059,-1.7399482727050781
1788860610003694800,15.15069482421875,0.010295514017343521,-0.4811610281467438,-1.7913811206817627
1788860610013735700,15.160735595703125,-0.013532852753996849,-0.5437607765197754,-1.8161906003952026
1788860610023776800,15.17077685546875,-0.024872327223420143,-0.6014254093170166,-1.8386483192443848
1788860610033818600,15.180818603515625,-0.02521054819226265,-0.6421270370483398,-1.8704115152359009
1788860610043859700,15.190859619140625,-0.013554956763982773,-0.6455675363540649,-1.912378191947937
1788860610053900800,15.20090087890625,0.003884486621245742,-0.6324235200881958,-1.9559311866760254
1788860610063943000,15.21094287109375,0.029992254450917244,-0.6281435489654541,-1.9542726278305054
1788860610073984000,15.22098388671875,0.03989788144826889,-0.6788943409919739,-1.9562979936599731
1788860610084024800,15.23102490234375,0.02340705506503582,-0.7329924702644348,-2.0016777515411377
1788860610094067000,15.24106689453125,0.00723500968888402,-0.7227252125740051,-2.030543565750122
1788860610104107800,15.251107666015624,-0.0003201119543518871,-0.6882316470146179,-2.0322320461273193
1788860610114148900,15.26114892578125,-0.015666577965021133,-0.6871488094329834,-2.046661615371704
1788860610124190700,15.271190673828125,-0.021449364721775055,-0.6627553105354309,-2.0617072582244873
1788860610134231800,15.281231689453126,0.002968359272927046,-0.5971017479896545,-2.0381481647491455
1788860610144273000,15.29127294921875,0.04409236088395119,-0.5414091944694519,-1.9985811710357666
1788860610154314800,15.301314697265624,0.06300026923418045,-0.4194350838661194,-1.928910493850708
1788860610164355800,15.31135595703125,0.08188607543706894,-0.2765581011772156,-1.8520439863204956
1788860610174396700,15.321396728515625,0.11279978603124619,-0.23296880722045898,-1.7565147876739502
1788860610184438800,15.331438720703124,0.11211562156677246,-0.218697190284729,-1.648564100265503
1788860610194479600,15.341479736328125,0.060149092227220535,-0.2184833437204361,-1.562497615814209
1788860610204522000,15.35152197265625,-0.007286408916115761,-0.19501662254333496,-1.506150484085083
1788860610214562800,15.361562744140626,-0.0428989976644516,-0.18929269909858704,-1.4478328227996826
1788860610224604000,15.37160400390625,-0.06347458064556122,-0.17162714898586273,-1.3709814548492432
1788860610234645800,15.381645751953124,-0.05943935737013817,-0.11650876700878143,-1.2542591094970703
1788860610244686800,15.391686767578125,-0.055872585624456406,-0.04640531539916992,-1.125685691833496
1788860610254728000,15.40172802734375,-0.0636783093214035,-0.05269649997353554,-0.9525573253631592
1788860610264769800,15.411769775390624,-0.1091560497879982,0.0021515677217394114,-0.7672292590141296
1788860610274811000,15.421810791015625,-0.1447097808122635,0.06885682791471481,-0.5927227139472961
1788860610284851700,15.431851806640625,-0.1415747106075287,0.07509049028158188,-0.41582784056663513
1788860610294893800,15.441893798828126,-0.1475902497768402,0.03789278864860535,-0.2306870073080063
1788860610304934700,15.4519345703125,-0.16094280779361725,0.02997520938515663,-0.07999816536903381
1788860610314975700,15.461975830078124,-0.1510734111070633,0.0424201600253582,0.02238999493420124
1788860610325017900,15.472017822265625,-0.12916064262390137,0.09845972806215286,0.14804619550704956
1788860610335059000,15.482058837890625,-0.10183661431074142,0.22323201596736908,0.3278561532497406
1788860610345100000,15.49210009765625,-0.048952896147966385,0.26718616485595703,0.5190335512161255
1788860610355142000,15.502141845703125,-0.008269115351140499,0.26265957951545715,0.6521484851837158
1788860610365183000,15.512182861328125,0.0194285586476326,0.26542049646377563,0.7611886858940125
1788860610375224600,15.522224609375,-0.002883138135075569,0.24645105004310608,0.8850134015083313
1788860610385266400,15.532266357421875,-0.059295546263456345,0.24472399055957794,1.067988634109497
1788860610395307500,15.5423076171875,-0.10726866871118546,0.2699313461780548,1.2848676443099976
1788860610405348600,15.5523486328125,-0.1441963165998459,0.29045021533966064,1.435550570487976
1788860610415390500,15.562390380859375,-0.16304618120193481,0.39572763442993164,1.5307040214538574
1788860610425431600,15.572431640625,-0.1661868393421173,0.5055544972419739,1.6543090343475342
1788860610435472400,15.582472412109375,-0.15912653505802155,0.5593591928482056,1.7889344692230225
1788860610445514500,15.592514404296875,-0.12532569468021393,0.562170147895813,1.9122819900512695
1788860610455555300,15.602555419921876,-0.08846808224916458,0.6430341005325317,2.052131175994873
1788860610465596400,15.612596435546875,-0.05961885675787926,0.7439862489700317,2.174562692642212
1788860610475638300,15.62263818359375,-0.027484089136123657,0.7309855222702026,2.22216796875
1788860610485679400,15.632679443359375,0.007995341904461384,0.6634299159049988,2.2491183280944824
1788860610495720400,15.642720458984375,0.03566611930727959,0.6136569976806641,2.2981386184692383
1788860610505762600,15.652762451171874,0.038244590163230896,0.5656735301017761,2.3478434085845947
1788860610515803600,15.6628037109375,0.03026762418448925,0.4999147355556488,2.399153470993042
1788860610525844500,15.672844482421874,0.032155539840459824,0.45969223976135254,2.4400970935821533
1788860610535886600,15.682886474609376,0.03548102825880051,0.38382142782211304,2.4637608528137207
1788860610545927400,15.692927490234375,-0.004560663364827633,0.32055750489234924,2.4630706310272217
1788860610555968500,15.702968505859374,-0.06381919234991074,0.28800755739212036,2.450049638748169
1788860610566010400,15.71301025390625,-0.10868547111749649,0.23004651069641113,2.450965642929077
1788860610576051500,15.723051513671875,-0.12943096458911896,0.14382560551166534,2.448359489440918
1788860610586092500,15.733092529296876,-0.1261637955904007,0.06377711147069931,2.4429876804351807
1788860610596134400,15.743134521484375,-0.11721797287464142,0.049489788711071014,2.4256134033203125
1788860610606175500,15.753175537109374,-0.10623136162757874,0.042506180703639984,2.4289193153381348
1788860610616216300,15.76321630859375,-0.10685960203409195,0.013915815390646458,2.4736945629119873
1788860610626258400,15.773258544921875,-0.12544819712638855,-0.026089390739798546,2.508561372756958
1788860610636299300,15.78329931640625,-0.12116770446300507,-0.07197645306587219,2.49680757522583
1788860610646340400,15.79334033203125,-0.11449301987886429,-0.06778836995363235,2.466090679168701
1788860610656382500,15.803382568359375,-0.11873703449964523,-0.07708705961704254,2.437861442565918
1788860610666423600,15.813423583984376,-0.10719037055969238,-0.10485690832138062,2.399447202682495
1788860610676464600,15.823464599609375,-0.08873732388019562,-0.10095777362585068,2.3312954902648926
1788860610686506500,15.833506591796874,-0.07457410544157028,-0.07112184911966324,2.259220600128174
1788860610696547600,15.843547607421876,-0.051843754947185516,-0.05818607285618782,2.200438976287842
1788860610706588400,15.85358837890625,-0.015562181361019611,-0.10039398074150085,2.1184356212615967
1788860610716630500,15.863630615234374,0.03403972461819649,-0.19448213279247284,2.029458999633789
1788860610726671400,15.87367138671875,0.08553540706634521,-0.2666444778442383,1.9407583475112915
1788860610736712400,15.88371240234375,0.12909060716629028,-0.2285282462835312,1.8382424116134644
1788860610746754300,15.89375439453125,0.18527930974960327,-0.08459131419658661,1.732770323753357
1788860610756795400,15.90379541015625,0.2499416619539261,0.07559995353221893,1.6256731748580933
1788860610766836500,15.91383642578125,0.30362486839294434,0.2075209617614746,1.5074306726455688
1788860610776878600,15.923878662109376,0.3486509323120117,0.2856954038143158,1.382203459739685
1788860610786919700,15.933919677734375,0.40217992663383484,0.30678683519363403,1.2620149850845337
1788860610796960500,15.94396044921875,0.4456866681575775,0.30924758315086365,1.1418569087982178
1788860610807001600,15.954001708984375,0.45355817675590515,0.3000871241092682,1.0236581563949585
1788860610817043500,15.96404345703125,0.4463213086128235,0.1699613481760025,0.9121430516242981
1788860610827084500,15.97408447265625,0.45513662695884705,-0.09796357899904251,0.7677475214004517
1788860610837125600,15.984125732421875,0.4471628665924072,-0.3317180275917053,0.588031530380249
1788860610847167500,15.99416748046875,0.4099006950855255,-0.3512882590293884,0.3851117193698883
1788860610857208600,16.00420849609375,0.32517728209495544,-0.1756615787744522,0.17918333411216736
1788860610867249400,16.01424951171875,0.20987467467784882,0.08095557242631912,-0.005152684170752764
1788860610877291500,16.02429150390625,0.08891362696886063,0.33053478598594666,-0.14141517877578735
1788860610887332400,16.034332275390625,0.021434186026453972,0.5160327553749084,-0.21560420095920563
1788860610897373400,16.04437353515625,-0.011203119531273842,0.5910947322845459,-0.25174835324287415
1788860610907415300,16.054415283203124,-0.0366661362349987,0.557398796081543,-0.28345754742622375
1788860610917456400,16.064456298828127,-0.061537664383649826,0.40843942761421204,-0.3461161255836487
1788860610927497500,16.07449755859375,-0.08340860903263092,0.20570282638072968,-0.42915934324264526
1788860610937539600,16.08453955078125,-0.10985726118087769,0.007791876792907715,-0.5087077021598816
1788860610947580700,16.09458056640625,-0.12206678837537766,-0.13785001635551453,-0.5939488410949707
1788860610957621500,16.10462158203125,-0.12282925099134445,-0.19800549745559692,-0.6745318174362183
1788860610967663600,16.11466357421875,-0.11252175271511078,-0.18380285799503326,-0.7402437329292297
1788860610977704400,16.124704345703126,-0.09549722820520401,-0.10788945108652115,-0.7737579941749573
1788860610987745500,16.13474560546875,-0.07388567179441452,0.0029518476221710443,-0.7948499917984009
1788860610997787400,16.144787353515625,-0.05765290930867195,0.12067928165197372,-0.8040953874588013
1788860611007828500,16.154828369140624,-0.049726810306310654,0.23901177942752838,-0.8149176836013794
1788860611017869600,16.16486962890625,-0.046781618148088455,0.37792545557022095,-0.856999933719635
1788860611027911400,16.174911376953126,-0.03890958055853844,0.5309885144233704,-0.9187900424003601
1788860611037952500,16.184952392578126,-0.021890917792916298,0.625165581703186,-0.9709107875823975
1788860611047993300,16.194993408203125,-0.005879460833966732,0.6101024746894836,-1.0208804607391357
1788860611058035500,16.205035400390624,0.0034788872580975294,0.526093065738678,-1.0876290798187256
1788860611068076300,16.215076171875,0.030172815546393394,0.4158307611942291,-1.1965185403823853
1788860611078117400,16.225117431640626,0.08034597337245941,0.26730120182037354,-1.3067654371261597
1788860611088159500,16.235159423828126,0.13734853267669678,0.06553107500076294,-1.3614039421081543
1788860611098200600,16.24520068359375,0.1673453152179718,-0.12668630480766296,-1.3528368473052979
1788860611108241700,16.25524169921875,0.1444687694311142,-0.15053491294384003,-1.352514624595642
1788860611118283500,16.265283447265624,0.08416547626256943,0.06892766803503036,-1.3774186372756958
1788860611128324600,16.27532470703125,-0.00954024214297533,0.2802028954029083,-1.4106910228729248
1788860611138365400,16.285365478515626,-0.10489419102668762,0.3361210227012634,-1.4399967193603516
1788860611148407600,16.295407470703125,-0.15808923542499542,0.20685943961143494,-1.4903405904769897
1788860611158448400,16.305448486328125,-0.1765260398387909,-0.021691979840397835,-1.5571800470352173
1788860611168489500,16.315489501953124,-0.1692635864019394,-0.18019559979438782,-1.6161794662475586
1788860611178531300,16.32553125,-0.14072223007678986,-0.23013626039028168,-1.6835087537765503
1788860611188572400,16.335572509765626,-0.09415392577648163,-0.26823198795318604,-1.7254338264465332
1788860611198613500,16.345613525390625,-0.05874800309538841,-0.2992948293685913,-1.7531030178070068
1788860611208655600,16.355655517578125,-0.037340980023145676,-0.3180197775363922,-1.7564325332641602
1788860611218696700,16.36569677734375,-0.029402630403637886,-0.29966020584106445,-1.7511147260665894
1788860611228737500,16.375737548828123,-0.04182787239551544,-0.29448702931404114,-1.76152503490448
1788860611238778600,16.385778564453126,-0.04144464433193207,-0.34628817439079285,-1.8021568059921265
1788860611248820500,16.395820556640626,-0.00885021686553955,-0.4153346121311188,-1.8589458465576172
1788860611258861600,16.405861572265625,0.03121943771839142,-0.4206460118293762,-1.93018639087677
1788860611268902700,16.415902587890624,0.04697816073894501,-0.4244021475315094,-1.9564316272735596
1788860611278944500,16.425944580078124,0.038483209908008575,-0.4798387885093689,-2.0007164478302
1788860611288985600,16.435985595703126,0.05694637447595596,-0.550002932548523,-2.017882823944092
1788860611299026400,16.4460263671875,0.0820474624633789,-0.5416539311408997,-1.9749935865402222
1788860611309068500,16.456068603515625,0.10356660187244415,-0.46577727794647217,-1.9539886713027954
1788860611319109400,16.466109375,0.14438141882419586,-0.41506829857826233,-1.9721096754074097
1788860611329150500,16.476150390625,0.17348816990852356,-0.4359267055988312,-2.0075626373291016
1788860611339192300,16.4861923828125,0.18683193624019623,-0.501719057559967,-2.075719118118286
1788860611349233400,16.4962333984375,0.19832107424736023,-0.5597498416900635,-2.1271650791168213
1788860611359274500,16.5062744140625,0.23128356039524078,-0.5917453169822693,-2.116948127746582
1788860611369316600,16.516316650390625,0.25866350531578064,-0.5899410247802734,-2.098191976547241
1788860611379358500,16.5263583984375,0.23539814352989197,-0.5671095252037048,-2.0682528018951416
1788860611389399600,16.536399658203123,0.20657607913017273,-0.5742140412330627,-2.043872594833374
1788860611399441400,16.54644140625,0.20159943401813507,-0.6583067774772644,-2.037557363510132
1788860611409482500,16.556482421875,0.18947112560272217,-0.7532021403312683,-2.0173418521881104
1788860611419523600,16.566523681640625,0.16432608664035797,-0.771233320236206,-1.9769108295440674
1788860611429565400,16.5765654296875,0.13958479464054108,-0.7349094152450562,-1.9501683712005615
1788860611439606500,16.5866064453125,0.13333141803741455,-0.7455093264579773,-1.9212672710418701
1788860611449647400,16.5966474609375,0.12711533904075623,-0.762565016746521,-1.8970040082931519
1788860611459689500,16.606689453125,0.11696097254753113,-0.7007421255111694,-1.8083784580230713
1788860611469730300,16.616730224609373,0.11403788626194,-0.5837854146957397,-1.6719210147857666
1788860611479771400,16.626771484375,0.08786780387163162,-0.4422397315502167,-1.5461047887802124
1788860611489813200,16.636813232421876,0.08064743876457214,-0.3438500463962555,-1.4371349811553955
1788860611499854300,16.646854248046875,0.08521982282400131,-0.2221510410308838,-1.317958950996399
1788860611509895400,16.6568955078125,0.09344978630542755,-0.0737522542476654,-1.172318696975708
1788860611519936300,16.666936279296873,0.10858320444822311,0.07652992755174637,-1.011733055114746
1788860611529978600,16.676978515625,0.11710478365421295,0.1525501310825348,-0.878825306892395
1788860611540019500,16.68701953125,0.09519468992948532,0.12186891585588455,-0.7363104820251465
1788860611550060500,16.697060546875,0.027842815965414047,0.07580501586198807,-0.565162181854248
1788860611560102400,16.707102294921874,-0.0640287846326828,0.1454717069864273,-0.3787640929222107
1788860611570143500,16.7171435546875,-0.13193832337856293,0.19029217958450317,-0.2024439126253128
1788860611580184600,16.7271845703125,-0.1396079659461975,0.20549696683883667,-0.051473844796419144
1788860611590226400,16.737226318359376,-0.15091760456562042,0.173420250415802,0.0920468345284462
1788860611600267500,16.747267578125,-0.16264644265174866,0.15342390537261963,0.23231925070285797
1788860611610308400,16.757308349609374,-0.1637846678495407,0.1316099613904953,0.35416314005851746
1788860611620350500,16.7673505859375,-0.16355350613594055,0.15357570350170135,0.48750948905944824
1788860611630391300,16.777391357421877,-0.17643362283706665,0.1987549066543579,0.6311500072479248
1788860611640432400,16.787432373046876,-0.20047344267368317,0.293037474155426,0.7442102432250977
1788860611650474500,16.797474609375,-0.2060072273015976,0.3461715281009674,0.8577637076377869
1788860611660515600,16.807515625,-0.21596026420593262,0.32541245222091675,0.9721419215202332
1788860611670556700,16.817556640625,-0.23129740357398987,0.2583239674568176,1.07997727394104
1788860611680598500,16.8275986328125,-0.2552240490913391,0.25623390078544617,1.2076274156570435
1788860611690639600,16.8376396484375,-0.29894542694091797,0.33126500248908997,1.325720191001892
1788860611700680400,16.847680419921875,-0.3387676775455475,0.4100967049598694,1.4300261735916138
1788860611710722600,16.85772265625,-0.3459664583206177,0.4599769115447998,1.5190322399139404
1788860611720763400,16.867763427734374,-0.3397336006164551,0.4704391360282898,1.6035747528076172
1788860611730804500,16.877804443359373,-0.3352038264274597,0.4360201954841614,1.7007555961608887
1788860611740845600,16.887845458984376,-0.3339521288871765,0.4366372525691986,1.8204476833343506
1788860611750887400,16.897887451171876,-0.3315068185329437,0.47989416122436523,1.9613925218582153
1788860611760928500,16.907928466796875,-0.32668837904930115,0.5379729270935059,2.1063714027404785
1788860611770969300,16.91796923828125,-0.31788715720176697,0.553132176399231,2.2534563541412354
1788860611781011500,16.928011474609374,-0.2992463707923889,0.5462591052055359,2.3741745948791504
1788860611791052300,16.93805224609375,-0.2795781195163727,0.5435077548027039,2.450502634048462
1788860611801093400,16.94809326171875,-0.27044373750686646,0.5772753357887268,2.5015087127685547
1788860611811135500,16.958135498046875,-0.25862810015678406,0.6328544020652771,2.542555809020996
1788860611821176600,16.968176513671875,-0.25232359766960144,0.6023849248886108,2.5548646450042725
1788860611831217400,16.978217529296874,-0.24542386829853058,0.5105261206626892,2.5571365356445312
1788860611841259500,16.988259521484373,-0.23056556284427643,0.4518055319786072,2.57942271232605
1788860611851300400,16.99830029296875,-0.20303887128829956,0.39100342988967896,2.5856735706329346
1788860611861341400,17.008341552734375,-0.175715371966362,0.3181540071964264,2.5736801624298096
1788860611871383600,17.018383544921875,-0.14374437928199768,0.26711505651474,2.547219753265381
1788860611881424400,17.02842431640625,-0.0991998240351677,0.23735688626766205,2.518369436264038
1788860611891465500,17.038465576171873,-0.03068094700574875,0.18649104237556458,2.5051612854003906
1788860611901507300,17.04850732421875,0.050397392362356186,0.10970359295606613,2.4839425086975098
1788860611911548400,17.05854833984375,0.12306760251522064,0.02135402522981167,2.4613637924194336
1788860611921589200,17.06858935546875,0.18445426225662231,-0.07629317045211792,2.4121642112731934
1788860611931630300,17.07863037109375,0.24142727255821228,-0.14276434481143951,2.370690107345581
1788860611941672400,17.08867236328125,0.26865676045417786,-0.18310004472732544,2.354356050491333
1788860611951713300,17.09871337890625,0.29439327120780945,-0.16678285598754883,2.3370256423950195
1788860611961754400,17.10875439453125,0.32895952463150024,-0.06376273185014725,2.274059295654297
1788860611971796500,17.11879638671875,0.35798317193984985,-0.012706208042800426,2.185544490814209
1788860611981837600,17.128837646484374,0.3561200201511383,-0.04484443739056587,2.078948497772217
1788860611991878400,17.13887841796875,0.30990779399871826,-0.08053478598594666,1.9701764583587646
1788860612001920500,17.14892041015625,0.2580659091472626,-0.08738310635089874,1.8770734071731567
1788860612011961300,17.15896142578125,0.21069811284542084,-0.10758344829082489,1.774603247642517
1788860612022002400,17.16900244140625,0.17427219450473785,-0.12995746731758118,1.6686367988586426
1788860612032044300,17.179044189453126,0.12770043313503265,-0.11761877685785294,1.5688884258270264
1788860612042085400,17.18908544921875,0.07294344902038574,-0.05524327978491783,1.484641194343567
1788860612052126500,17.19912646484375,0.037159353494644165,0.012672385200858116,1.414401650428772
1788860612062168300,17.209168212890624,0.05131218954920769,0.03924833610653877,1.3399910926818848
1788860612072209400,17.21920947265625,0.1093030571937561,0.008780442178249359,1.2316899299621582
1788860612082250200,17.229250244140626,0.16026556491851807,-0.06600644439458847,1.1136993169784546
1788860612092291300,17.239291259765626,0.17444077134132385,-0.1763838231563568,0.9906277656555176
1788860612102333400,17.24933349609375,0.16747447848320007,-0.27323660254478455,0.8659095168113708
1788860612112374500,17.25937451171875,0.13906627893447876,-0.30928727984428406,0.7322108149528503
1788860612122415600,17.26941552734375,0.10258816182613373,-0.2793072760105133,0.5678344368934631
1788860612132457500,17.27945751953125,0.05361555889248848,-0.18196740746498108,0.38476526737213135
1788860612142498600,17.28949853515625,-0.022602513432502747,-0.010186591185629368,0.20595583319664001
1788860612152539400,17.299539306640625,-0.09316882491111755,0.1942024976015091,0.04850921407341957
1788860612162581500,17.30958154296875,-0.13122938573360443,0.37893161177635193,-0.08165384829044342
1788860612172622300,17.319622314453124,-0.1261291652917862,0.5314721465110779,-0.19385069608688354
1788860612182663400,17.329663330078127,-0.06990931183099747,0.6139004230499268,-0.2847190797328949
1788860612192705300,17.339705322265626,0.018065553158521652,0.5849345922470093,-0.35745373368263245
1788860612202746400,17.349746337890625,0.08819883316755295,0.45943203568458557,-0.42079463601112366
1788860612212787500,17.359787353515625,0.0855625718832016,0.3284021019935608,-0.48091068863868713
1788860612222828300,17.369828369140624,0.06377898156642914,0.18247047066688538,-0.5355169773101807
1788860612232870400,17.379870361328123,0.0522855743765831,-0.0013235911028459668,-0.6062380075454712
1788860612242911200,17.3899111328125,0.05657725781202316,-0.18759439885616302,-0.6894497871398926
1788860612252952300,17.399952392578125,0.06900276988744736,-0.31937000155448914,-0.7749995589256287
1788860612262994400,17.409994384765625,0.095264732837677,-0.3583965003490448,-0.8386113047599792
1788860612273035500,17.420035400390624,0.1156725361943245,-0.29627639055252075,-0.8869173526763916
1788860612283076600,17.43007666015625,0.11859828233718872,-0.1308448314666748,-0.9216625094413757
1788860612293118500,17.440118408203126,0.1069224551320076,0.1013156995177269,-0.9468797445297241
1788860612303159600,17.45015966796875,0.08631624281406403,0.28853219747543335,-0.9549320340156555
1788860612313200400,17.460200439453125,0.059721920639276505,0.3975289762020111,-0.9703365564346313
1788860612323242500,17.470242431640624,0.05326295644044876,0.43266648054122925,-1.0136454105377197
1788860612333283300,17.480283447265624,0.06161249801516533,0.4210478961467743,-1.0850192308425903
1788860612343324400,17.490324462890626,0.059062253683805466,0.37889963388442993,-1.1274635791778564
1788860612353365500,17.500365478515626,0.05335323512554169,0.30744171142578125,-1.139218807220459
1788860612363407400,17.510407470703125,0.053219810128211975,0.24910089373588562,-1.20083749294281
1788860612373448400,17.520448486328124,0.07759945094585419,0.25695961713790894,-1.3003730773925781
1788860612383487500,17.530487548828123,0.10864738374948502,0.2942332327365875,-1.3548698425292969
1788860612393529300,17.540529296875,0.09996414929628372,0.20847783982753754,-1.3615573644638062
1788860612403570400,17.5505703125,0.03050038404762745,0.06637156754732132,-1.3756861686706543
1788860612413611500,17.560611572265625,-0.04993666708469391,0.04147686809301376,-1.438010334968567
1788860612423653400,17.5706533203125,-0.10790090262889862,0.09020312875509262,-1.4877805709838867
1788860612433694500,17.580694580078124,-0.1478927880525589,0.0582883395254612,-1.4872151613235474
1788860612443735300,17.5907353515625,-0.2052604705095291,0.02694772742688656,-1.4968535900115967
1788860612453777400,17.60077734375,-0.26578426361083984,0.021681061014533043,-1.5226421356201172
1788860612463818200,17.610818359375,-0.27347227931022644,-0.0075639099813997746,-1.5523173809051514
1788860612473859300,17.620859375,-0.22863930463790894,-0.10201851278543472,-1.571977138519287
1788860612483900400,17.630900390625,-0.18230801820755005,-0.14489459991455078,-1.602690577507019
1788860612493942300,17.6409423828125,-0.1511482447385788,-0.11991176009178162,-1.6123099327087402
1788860612503983400,17.6509833984375,-0.13363581895828247,-0.07274211198091507,-1.6144740581512451
1788860612514024200,17.661024169921873,-0.12842482328414917,-0.029157618060708046,-1.6351542472839355
1788860612524066600,17.671066650390625,-0.11381658166646957,-0.028562668710947037,-1.6552430391311646
1788860612534107400,17.681107421875,-0.05104773864150047,-0.0872102677822113,-1.6678413152694702
1788860612544148500,17.6911484375,0.00905741099268198,-0.1342528760433197,-1.71229088306427
1788860612554190300,17.7011904296875,0.05951925367116928,-0.12659336626529694,-1.7646137475967407
1788860612564231400,17.7112314453125,0.09496885538101196,-0.13422279059886932,-1.8056426048278809
1788860612574272500,17.7212724609375,0.11391910910606384,-0.17047399282455444,-1.8382898569107056
1788860612584314400,17.731314453125,0.1091989278793335,-0.21627850830554962,-1.8796641826629639
1788860612594355500,17.74135546875,0.08492820709943771,-0.31246575713157654,-1.9371896982192993
1788860612604396300,17.751396240234374,0.08932428807020187,-0.4171479642391205,-1.9574252367019653
1788860612614437400,17.761437255859374,0.12697924673557281,-0.4990942180156708,-1.948274850845337
1788860612624479200,17.771479248046877,0.13477832078933716,-0.5093963742256165,-1.9599472284317017
1788860612634520300,17.781520263671876,0.13758236169815063,-0.4965690076351166,-1.9955981969833374
1788860612644561400,17.7915615234375,0.18999949097633362,-0.5057367086410522,-2.063225507736206
1788860612654603300,17.801603271484375,0.2662316858768463,-0.5258328914642334,-2.0975632667541504
1788860612664644400,17.811644287109374,0.3251219093799591,-0.4790635406970978,-2.0617101192474365
1788860612674685200,17.821685302734377,0.35501429438591003,-0.4097989797592163,-2.0062568187713623
1788860612684727600,17.8317275390625,0.3848358392715454,-0.40656349062919617,-1.9945590496063232
1788860612694768400,17.841768310546875,0.39319175481796265,-0.4592975378036499,-1.9713551998138428
1788860612704809500,17.8518095703125,0.37105342745780945,-0.47841718792915344,-1.9285379648208618
1788860612714850300,17.861850341796874,0.3408324122428894,-0.49236467480659485,-1.8841688632965088
1788860612724892400,17.871892333984373,0.3107549548149109,-0.5198242664337158,-1.8385050296783447
1788860612734933500,17.88193359375,0.2866048812866211,-0.5820663571357727,-1.7593222856521606
1788860612744974300,17.891974365234375,0.2531246840953827,-0.6029218435287476,-1.6733757257461548
1788860612755016400,17.902016357421875,0.23133201897144318,-0.5820543766021729,-1.6175041198730469
1788860612765057300,17.912057373046874,0.22464722394943237,-0.49530455470085144,-1.523766279220581
1788860612775098400,17.922098388671873,0.21798372268676758,-0.36094728112220764,-1.378075361251831
1788860612785140200,17.93214013671875,0.19967955350875854,-0.284933477640152,-1.2282837629318237
1788860612795181300,17.942181396484376,0.1957508623600006,-0.23995374143123627,-1.1171332597732544
1788860612805222400,17.952222412109375,0.18470753729343414,-0.13193273544311523,-1.0111875534057617
1788860612815264500,17.962264404296874,0.1736934930086136,-0.025729598477482796,-0.8958032131195068
1788860612825305300,17.972305419921874,0.15723036229610443,0.017948640510439873,-0.7711800932884216
1788860612835346400,17.982346435546877,0.12163801491260529,0.07641967386007309,-0.6480727791786194
1788860612845387500,17.992387451171876,0.07120520621538162,0.13311384618282318,-0.5047502517700195
1788860612855429400,18.002429443359375,0.022783609107136726,0.13372904062271118,-0.34421542286872864
1788860612865470500,18.012470458984374,-0.02653254196047783,0.10568435490131378,-0.19511783123016357
1788860612875511300,18.02251123046875,-0.054539941251277924,0.12203110009431839,-0.06359469145536423
1788860612885553400,18.032553466796877,-0.0766628161072731,0.14308126270771027,0.07067283987998962
1788860612895594200,18.04259423828125,-0.08541610091924667,0.15044596791267395,0.19862015545368195
1788860612905635300,18.05263525390625,-0.08339502662420273,0.18909935653209686,0.3249828815460205
1788860612915677200,18.06267724609375,-0.09052404016256332,0.22394761443138123,0.4500473141670227
1788860612925718300,18.07271826171875,-0.11225011199712753,0.29715099930763245,0.5909314751625061
1788860612935759400,18.08275927734375,-0.12013626098632812,0.3589978516101837,0.7404812574386597
1788860612945800200,18.09280029296875,-0.1395597606897354,0.371268630027771,0.8612926602363586
1788860612955842300,18.10284228515625,-0.17846961319446564,0.332863450050354,0.971173882484436
1788860612965883100,18.112883056640626,-0.2024441808462143,0.27797943353652954,1.1060230731964111
1788860612975924200,18.12292431640625,-0.21572722494602203,0.2549441456794739,1.2516924142837524
1788860612985966300,18.13296630859375,-0.22854529321193695,0.30365443229675293,1.3628298044204712
1788860612996007400,18.14300732421875,-0.23302046954631805,0.37460291385650635,1.4656925201416016
1788860613006048500,18.153048583984376,-0.20498616993427277,0.42349961400032043,1.5624721050262451
1788860613016090400,18.16309033203125,-0.16932165622711182,0.42327162623405457,1.6521766185760498
1788860613026131500,18.17313134765625,-0.138131245970726,0.3326171040534973,1.747190237045288
1788860613036172300,18.18317236328125,-0.10905618220567703,0.2358359694480896,1.8302510976791382
1788860613046213400,18.19321337890625,-0.06952155381441116,0.22297902405261993,1.9069088697433472
1788860613056255200,18.203255126953124,-0.04322150722146034,0.2697598338127136,1.9949555397033691
1788860613066296300,18.21329638671875,-0.02299266681075096,0.32765403389930725,2.0932302474975586
1788860613076337400,18.22333740234375,-0.012463593855500221,0.37041881680488586,2.171879768371582
1788860613086379300,18.233379150390626,-0.01221884973347187,0.3616577982902527,2.219420909881592
1788860613096420400,18.24342041015625,-0.0035459990613162518,0.32375118136405945,2.245468854904175
1788860613106461200,18.253461181640624,-0.0043990095146000385,0.3158109486103058,2.2795097827911377
1788860613116503300,18.26350341796875,-0.019962789490818977,0.3359234035015106,2.328618049621582
1788860613126544100,18.273544189453126,-0.03452681750059128,0.3342914283275604,2.368396520614624
1788860613136585200,18.283585205078126,-0.039796680212020874,0.28628554940223694,2.3936045169830322
1788860613146626300,18.293626220703125,-0.04356611892580986,0.23366042971611023,2.399686813354492
1788860613156668400,18.30366845703125,-0.04018576815724373,0.20123910903930664,2.40537428855896
1788860613166709500,18.31370947265625,-0.03296434134244919,0.1826036274433136,2.4231157302856445
1788860613176750300,18.323750244140626,-0.00842464342713356,0.14887097477912903,2.453552484512329
1788860613186792400,18.33379248046875,0.0355132520198822,0.050928160548210144,2.4566519260406494
1788860613196833300,18.343833251953125,0.08846434950828552,-0.08114545047283173,2.440042018890381
1788860613206874400,18.353874267578124,0.11657960712909698,-0.1553267389535904,2.4357144832611084
1788860613216915500,18.36391552734375,0.1190108060836792,-0.15847912430763245,2.435598850250244
1788860613226957300,18.373957275390627,0.12202151119709015,-0.14693991839885712,2.4415879249572754
1788860613236998400,18.383998291015626,0.13567952811717987,-0.20448602735996246,2.439419746398926
1788860613247039200,18.394039306640625,0.14869201183319092,-0.3295488655567169,2.411245107650757
1788860613257081300,18.404081298828125,0.14446982741355896,-0.45657631754875183,2.3629329204559326
1788860613267122200,18.4141220703125,0.11598412692546844,-0.4954206645488739,2.2860796451568604
1788860613277163300,18.424163330078127,0.08041441440582275,-0.4735795557498932,2.1930928230285645
1788860613287205400,18.434205322265626,0.03828480467200279,-0.47397688031196594,2.0960285663604736
1788860613297246500,18.44424658203125,0.002569417702034116,-0.5018841624259949,1.9962531328201294
1788860613307287600,18.45428759765625,-0.03882329538464546,-0.50971519947052,1.9066952466964722
1788860613317328400,18.464328369140624,-0.07590302079916,-0.4496569037437439,1.8305248022079468
1788860613327370500,18.47437060546875,-0.11169777065515518,-0.34172457456588745,1.7568844556808472
1788860613337411300,18.484411376953126,-0.1466381698846817,-0.20081566274166107,1.662462830543518
1788860613347452400,18.494452392578125,-0.1615675836801529,-0.08293376863002777,1.5481897592544556
1788860613357494300,18.504494384765625,-0.13281850516796112,-0.03446130454540253,1.4145760536193848
1788860613367535400,18.514535400390624,-0.07689238339662552,-0.05422702059149742,1.2719483375549316
1788860613377576700,18.52457666015625,0.0015595471486449242,-0.06678196042776108,1.1362693309783936
1788860613387618800,18.534618896484375,0.05865798518061638,-0.020709272474050522,1.0075370073318481
1788860613397660000,18.544659912109374,0.08059870451688766,0.0672147199511528,0.8880840539932251
1788860613407700700,18.55470068359375,0.06767438352108002,0.12365935742855072,0.7616411447525024
1788860613417741800,18.564741943359376,0.014709437265992165,0.1447683721780777,0.6125030517578125
1788860613427783700,18.57478369140625,-0.05295456200838089,0.13321824371814728,0.4395941495895386
1788860613437824800,18.58482470703125,-0.1004142239689827,0.0735061764717102,0.2614196240901947
1788860613447865600,18.594865478515626,-0.1463199257850647,0.002573412610217929,0.09117624908685684
1788860613457907700,18.60490771484375,-0.19590692222118378,0.0005699164466932416,-0.04674673080444336
1788860613467948800,18.61494873046875,-0.2420768141746521,0.07819946110248566,-0.15548519790172577
1788860613477989600,18.62498974609375,-0.2636590600013733,0.1727621853351593,-0.23892842233181
1788860613488031700,18.63503173828125,-0.26875796914100647,0.2800644040107727,-0.29249924421310425
1788860613498072600,18.645072509765626,-0.2525193393230438,0.3533247709274292,-0.338283509016037
1788860613508113700,18.65511376953125,-0.23777341842651367,0.3908332586288452,-0.380946546792984
1788860613518154500,18.665154541015625,-0.2250823825597763,0.4130248427391052,-0.4359474778175354
1788860613528196600,18.675196533203124,-0.20472678542137146,0.4268551766872406,-0.4994758665561676
1788860613538237700,18.68523779296875,-0.1816885769367218,0.40625670552253723,-0.5575101375579834
1788860613548278500,18.695278564453126,-0.15900856256484985,0.36250096559524536,-0.6062310934066772
1788860613558320600,18.705320556640626,-0.14090652763843536,0.3450431525707245,-0.6539344191551208
1788860613568361700,18.71536181640625,-0.13268694281578064,0.39988136291503906,-0.6924905776977539
1788860613578402800,18.72540283203125,-0.13493038713932037,0.48543086647987366,-0.7335424423217773
1788860613588443600,18.735443603515623,-0.1289593130350113,0.5514636635780334,-0.7780590057373047
1788860613598485800,18.74548583984375,-0.09813935309648514,0.5924524068832397,-0.8094363808631897
1788860613608526600,18.755526611328126,-0.056228917092084885,0.5652223825454712,-0.8413748741149902
1788860613618567700,18.765567626953125,-0.03369191661477089,0.4942470192909241,-0.8713098764419556
1788860613628609500,18.775609619140624,-0.034866105765104294,0.4232197105884552,-0.882797122001648
1788860613638650600,18.785650634765624,-0.02358655259013176,0.3289174437522888,-0.886372983455658
1788860613648691700,18.795691650390626,-0.0034610440488904715,0.2525201439857483,-0.9070393443107605
1788860613658733600,18.805733642578126,0.010864632204174995,0.22120028734207153,-0.9524886012077332
1788860613668774700,18.815774658203125,0.030586671084165573,0.1926802396774292,-0.9881717562675476
1788860613678815500,18.8258154296875,0.038790006190538406,0.12063560634851456,-1.0226836204528809
1788860613688856600,18.835856689453124,0.04277116432785988,0.002769687445834279,-1.049927830696106
1788860613698898700,18.845898681640627,0.03538382425904274,-0.08743264526128769,-1.1033681631088257
1788860613708939800,18.855939697265626,0.017257817089557648,-0.10023046284914017,-1.198387861251831
1788860613718980900,18.86598095703125,0.005678658373653889,-0.10816455632448196,-1.3135757446289062
1788860613729022700,18.876022705078125,0.028377313166856766,-0.1378880888223648,-1.3978428840637207
1788860613739063800,18.886063720703124,0.04736378788948059,-0.17507487535476685,-1.4329005479812622
1788860613749104600,18.896104736328127,0.03985127434134483,-0.18945887684822083,-1.437776803970337
1788860613759146800,18.906146728515626,0.029269205406308174,-0.16199663281440735,-1.4318856000900269
1788860613769187600,18.9161875,0.02635703794658184,-0.13402891159057617,-1.4640083312988281
1788860613779228700,18.926228759765625,0.02888544462621212,-0.12345722317695618,-1.5386370420455933
1788860613789269800,18.936269775390624,0.03707386553287506,-0.18492405116558075,-1.5888123512268066
1788860613799311600,18.9463115234375,0.0552387535572052,-0.26814544200897217,-1.6146618127822876
1788860613809352700,18.956352783203126,0.06583201140165329,-0.212609201669693,-1.6500818729400635
1788860613819393500,18.9663935546875,0.07673206180334091,-0.09453023225069046,-1.676222562789917
1788860613829435600,18.976435546875,0.09963551163673401,-0.06745387613773346,-1.7074023485183716
1788860613839476500,18.9864765625,0.13786625862121582,-0.1622600108385086,-1.7184672355651855
1788860613849517600,18.996517578125,0.1789146214723587,-0.24028663337230682,-1.6978399753570557
1788860613859558700,19.00655859375,0.1976640820503235,-0.165909081697464,-1.6564656496047974
1788860613869600800,19.016600830078126,0.171456441283226,-0.05445897951722145,-1.6032335758209229
1788860613879641900,19.026641845703125,0.1179649829864502,-0.11229059100151062,-1.6135296821594238
1788860613889682700,19.0366826171875,0.0691005066037178,-0.2518785893917084,-1.6687202453613281
1788860613899724800,19.046724853515624,0.04169684648513794,-0.38707101345062256,-1.72072434425354
1788860613909765600,19.056765625,0.03750822693109512,-0.5372445583343506,-1.7813777923583984
1788860613919806700,19.066806640625,0.06277203559875488,-0.6820275783538818,-1.833419919013977
1788860613929848600,19.0768486328125,0.09382876008749008,-0.721551775932312,-1.8144627809524536
1788860613939889700,19.0868896484375,0.11553165316581726,-0.6682515740394592,-1.790911078453064
1788860613949930800,19.0969306640625,0.13823910057544708,-0.6312456130981445,-1.8211199045181274
1788860613959971600,19.1069716796875,0.15294215083122253,-0.5894627571105957,-1.901543378829956
1788860613970013700,19.117013671875,0.15915316343307495,-0.5991460084915161,-1.947131872177124
1788860613980054500,19.127054443359373,0.16983351111412048,-0.6587762832641602,-1.9243714809417725
1788860613990095600,19.137095703125,0.18953530490398407,-0.6506935954093933,-1.9404667615890503
1788860614000137500,19.147137451171876,0.18521326780319214,-0.5986865758895874,-1.9976840019226074
1788860614010178800,19.1571787109375,0.172018900513649,-0.5204551815986633,-2.044049024581909
1788860614020220000,19.167219970703126,0.1776868999004364,-0.40776005387306213,-2.0442237854003906
1788860614030261800,19.17726171875,0.18778134882450104,-0.31091418862342834,-2.0196616649627686
1788860614040302800,19.187302734375,0.17396487295627594,-0.25901931524276733,-1.974685788154602
1788860614050343700,19.19734375,0.14892369508743286,-0.2447596788406372,-1.905512809753418
1788860614060384800,19.207384765625,0.12193123251199722,-0.2853800654411316,-1.815425992012024
1788860614070426600,19.217426513671874,0.06414463371038437,-0.22919537127017975,-1.6958093643188477
1788860614080467700,19.2274677734375,0.004601942375302315,-0.08538520336151123,-1.5794601440429688
1788860614090508800,19.2375087890625,-0.0008021441171877086,0.014444719068706036,-1.4747768640518188
1788860614100550700,19.247550537109376,0.03171931207180023,0.03503601625561714,-1.4044169187545776
1788860614110591700,19.257591796875,0.06581389904022217,0.04580077901482582,-1.332875370979309
1788860614120632600,19.267632568359375,0.0845809280872345,0.11060667037963867,-1.2311031818389893
1788860614130673700,19.277673583984374,0.07474188506603241,0.1814238578081131,-1.1320887804031372
1788860614140715500,19.287715576171873,0.05473887920379639,0.263786643743515,-1.044837236404419
1788860614150756600,19.297756591796876,0.011571435257792473,0.3405466675758362,-0.9219053983688354
1788860614160797700,19.307797607421875,-0.04186595603823662,0.36911892890930176,-0.7748547196388245
1788860614170839800,19.31783984375,-0.07898616045713425,0.36687812209129333,-0.6111749410629272
1788860614180881000,19.327880859375,-0.08510983735322952,0.3796495795249939,-0.44656869769096375
1788860614190921700,19.337921630859373,-0.07524841278791428,0.31141701340675354,-0.2930835485458374
1788860614200962800,19.347962890625,-0.08167622238397598,0.1768306940793991,-0.14344504475593567
1788860614211004700,19.358004638671876,-0.09748633950948715,0.13519936800003052,0.036922063678503036
1788860614221045800,19.368045654296875,-0.0818575844168663,0.16046424210071564,0.2290946990251541
1788860614231086800,19.3780869140625,-0.05062349513173103,0.24054895341396332,0.38460227847099304
1788860614241128700,19.388128662109374,-0.03056057170033455,0.2865731716156006,0.5119471549987793
1788860614251169800,19.398169677734376,-0.00347435986623168,0.2783719599246979,0.6515186429023743
1788860614261210600,19.408210693359376,0.023324763402342796,0.29189789295196533,0.80777508020401
1788860614271252700,19.418252685546875,0.029564550146460533,0.31675824522972107,0.9414050579071045
1788860614281293600,19.42829345703125,-0.018867431208491325,0.23418186604976654,1.0828237533569336
1788860614291334700,19.438334716796874,-0.06321199238300323,0.2362958937883377,1.2598648071289062
1788860614301375700,19.448375732421876,-0.0844578891992569,0.3033154010772705,1.4310426712036133
1788860614311417600,19.45841748046875,-0.08886382728815079,0.329619437456131,1.5652196407318115
1788860614321458700,19.468458740234375,-0.09173204749822617,0.2878488302230835,1.6485071182250977
1788860614331499500,19.47849951171875,-0.08383684605360031,0.2697174847126007,1.6870782375335693
1788860614341542000,19.4885419921875,-0.06984779238700867,0.31578752398490906,1.7284834384918213
1788860614351582700,19.498582763671877,-0.05098568648099899,0.32957497239112854,1.8140009641647339
1788860614361623800,19.508623779296876,-0.011022291146218777,0.30607444047927856,1.9056648015975952
1788860614371664600,19.51866455078125,0.008978314697742462,0.29478901624679565,1.9682410955429077
1788860614381706200,19.528706298828126,-0.011894742958247662,0.33606934547424316,2.0243422985076904
1788860614391747300,19.538747314453126,-0.04427238926291466,0.41069379448890686,2.106477737426758
1788860614401788200,19.5487880859375,-0.0705050602555275,0.48422765731811523,2.202383279800415
1788860614411830500,19.55883056640625,-0.09580349177122116,0.5309243202209473,2.288439989089966
1788860614421871400,19.568871337890624,-0.09142019599676132,0.504871666431427,2.3360795974731445
1788860614431912400,19.578912353515626,-0.0591629222035408,0.4045773148536682,2.3397576808929443
1788860614441953500,19.58895361328125,-0.046909186989068985,0.3294979929924011,2.3347768783569336
1788860614451995400,19.598995361328125,-0.07465293258428574,0.29626014828681946,2.3341267108917236
1788860614462036500,19.609036376953124,-0.12118661403656006,0.26211869716644287,2.3560404777526855
1788860614472077300,19.619077392578124,-0.17210198938846588,0.19019363820552826,2.370800733566284
1788860614482119400,19.629119384765627,-0.22370633482933044,0.11284026503562927,2.3387293815612793
1788860614492160300,19.63916015625,-0.25771915912628174,0.04908658564090729,2.3126683235168457
1788860614502201300,19.649201416015625,-0.26993295550346375,-0.014326474629342556,2.3241050243377686
1788860614512242400,19.659242431640624,-0.27791231870651245,-0.07807163149118423,2.361124038696289
1788860614522284300,19.6692841796875,-0.2766702175140381,-0.09426099061965942,2.4110612869262695
1788860614532325400,19.679325439453127,-0.26382124423980713,-0.09599390625953674,2.4520673751831055
1788860614542366200,19.6893662109375,-0.23562531173229218,-0.10193169116973877,2.4417929649353027
1788860614552408300,19.699408203125,-0.2026662975549698,-0.12340875715017319,2.4292359352111816
1788860614562449200,19.70944921875,-0.1652643233537674,-0.1644240915775299,2.419603109359741
1788860614572490200,19.719490234375,-0.11088630557060242,-0.222378209233284,2.3803584575653076
1788860614582532400,19.729532470703123,-0.05529974028468132,-0.28651484847068787,2.296867609024048
1788860614592573400,19.739573486328126,-0.012166384607553482,-0.3445938527584076,2.20947527885437
1788860614602614500,19.749614501953126,0.0043444144539535046,-0.3987732231616974,2.1232526302337646
1788860614612655400,19.7596552734375,0.004471447318792343,-0.4111499786376953,2.042712450027466
1788860614622697500,19.769697509765624,-0.0044410875998437405,-0.35794562101364136,1.9712334871292114
1788860614632738300,19.77973828125,-0.01673290692269802,-0.3057423532009125,1.8927464485168457
1788860614642779400,19.789779296875,-0.009310677647590637,-0.3187958300113678,1.7967578172683716
1788860614652820200,19.7998203125,0.0033635725267231464,-0.3163430690765381,1.7153441905975342
1788860614662862300,19.8098623046875,0.01242178212851286,-0.23788659274578094,1.652137279510498
1788860614672903400,19.8199033203125,0.02117745764553547,-0.14037495851516724,1.5829592943191528
1788860614682944300,19.8299443359375,0.03056856244802475,-0.05194069445133209,1.5113908052444458
1788860614692986400,19.839986328125,0.033488985151052475,0.04843198135495186,1.4335527420043945
1788860614703027200,19.850027099609374,0.03957004472613335,0.13449282944202423,1.3443211317062378
1788860614713068300,19.860068359375,0.058227621018886566,0.13609711825847626,1.2271838188171387
1788860614723109000,19.870109130859376,0.07621407508850098,0.09253845363855362,1.0764020681381226
1788860614733151200,19.880151123046875,0.08824357390403748,0.02081872895359993,0.91043621301651
1788860614743192300,19.8901923828125,0.10484572499990463,-0.06460349261760712,0.7419018149375916
1788860614753233200,19.900233154296874,0.10943141579627991,-0.1278759390115738,0.5833103060722351
1788860614763275300,19.910275146484373,0.09483277052640915,-0.1457097977399826,0.40556401014328003
1788860614773316400,19.92031640625,0.0622151717543602,-0.06450575590133667,0.21631605923175812
1788860614783357400,19.930357421875,0.0322578065097332,0.06485862284898758,0.029811425134539604
1788860614793398300,19.940398193359375,0.02135642059147358,0.22811758518218994,-0.13643400371074677
1788860614803440400,19.9504404296875,0.02003496140241623,0.48215198516845703,-0.26968953013420105
1788860614813481200,19.960481201171874,0.046238068491220474,0.701226532459259,-0.3691119849681854
1788860614823522300,19.970522216796876,0.0926460474729538,0.7812870144844055,-0.43869638442993164
1788860614833563400,19.9805634765625,0.12554433941841125,0.685826301574707,-0.5052735805511475
1788860614843605200,19.990605224609375,0.13322916626930237,0.5050024390220642,-0.5707287192344666
1788860614853646300,20.000646240234374,0.136473149061203,0.3095349371433258,-0.6540055274963379
1788860614863687200,20.010687255859374,0.11408635973930359,0.1414516717195511,-0.7410671710968018
1788860614873729300,20.020729248046877,0.07684045284986496,0.04484843090176582,-0.8269852995872498
1788860614883770000,20.03077001953125,0.012042813934385777,0.0702560544013977,-0.8760963678359985
1788860614893811200,20.040811279296875,-0.0317629911005497,0.19538813829421997,-0.8971539735794067
1788860614903852300,20.050852294921874,-0.02124163880944252,0.3201953172683716,-0.8922252655029297
1788860614913894400,20.060894287109374,0.01552036963403225,0.38309839367866516,-0.8906252384185791
1788860614923935500,20.070935546875,0.039268575608730316,0.43614375591278076,-0.8847936987876892
1788860614933976300,20.080976318359376,0.05324111878871918,0.5524804592132568,-0.8726683259010315
1788860614944018400,20.091018310546875,0.06982089579105377,0.6830912232398987,-0.8625973463058472
1788860614954059300,20.101059326171875,0.09862777590751648,0.7868716716766357,-0.8635214567184448
1788860614964100400,20.111100341796874,0.11546587198972702,0.8027044534683228,-0.8771286010742188
1788860614974141400,20.121141357421877,0.10646439343690872,0.7007514238357544,-0.9307934641838074
1788860614984183300,20.131183349609376,0.0821787565946579,0.519737958908081,-1.043799638748169
1788860614994224400,20.141224365234375,0.06313582509756088,0.2709433436393738,-1.1580151319503784
1788860615004265200,20.15126513671875,0.04473205283284187,0.01293310895562172,-1.2335476875305176
1788860615014307300,20.161307373046874,0.01774810440838337,-0.12912948429584503,-1.245557188987732
1788860615024348200,20.17134814453125,-0.026708310469985008,-0.14823074638843536,-1.2121928930282593
1788860615034389200,20.18138916015625,-0.07204063981771469,-0.06805787980556488,-1.201080083847046
1788860615044430300,20.191430419921875,-0.1031639352440834,0.0987638607621193,-1.2415387630462646
1788860615054472200,20.20147216796875,-0.11419075727462769,0.21708224713802338,-1.3030511140823364
1788860615064513300,20.21151318359375,-0.11039681732654572,0.23447509109973907,-1.3275575637817383
1788860615074554000,20.22155419921875,-0.10865377634763718,0.16818368434906006,-1.3243186473846436
1788860615084595200,20.23159521484375,-0.13471387326717377,0.08041947335004807,-1.3632804155349731
1788860615094637300,20.24163720703125,-0.16796769201755524,-0.0026410568971186876,-1.4928785562515259
1788860615104678400,20.251678466796875,-0.17087188363075256,-0.10011275112628937,-1.670963168144226
1788860615114719500,20.261719482421874,-0.12644235789775848,-0.2580275535583496,-1.7510271072387695
1788860615124761300,20.27176123046875,-0.07500872761011124,-0.3861098885536194,-1.7171598672866821
1788860615134802400,20.281802490234377,-0.03133928030729294,-0.3419690430164337,-1.6667513847351074
1788860615144843300,20.29184326171875,-0.01661546155810356,-0.23563408851623535,-1.6312974691390991
1788860615154884400,20.30188427734375,-0.010624947026371956,-0.16720576584339142,-1.6400744915008545
1788860615164926200,20.31192626953125,0.012163988314568996,-0.15210723876953125,-1.644464373588562
1788860615174967300,20.32196728515625,0.029955236241221428,-0.2240903526544571,-1.6516791582107544
1788860615185008400,20.33200830078125,0.061894260346889496,-0.4029479920864105,-1.6650924682617188
1788860615195049200,20.34204931640625,0.1057586520910263,-0.5914204120635986,-1.72760808467865
1788860615205091300,20.35209130859375,0.14260855317115784,-0.6645945310592651,-1.8155426979064941
1788860615215132200,20.362132080078126,0.15485109388828278,-0.658185601234436,-1.8168306350708008
1788860615225173200,20.37217333984375,0.13232314586639404,-0.6298136115074158,-1.7361892461776733
1788860615235215400,20.38221533203125,0.08975065499544144,-0.6274380683898926,-1.7336504459381104
1788860615245256400,20.39225634765625,0.03819984942674637,-0.6876676082611084,-1.815036416053772
1788860615255297500,20.402297607421875,0.016397083178162575,-0.7124161124229431,-1.890141248703003
1788860615265338400,20.41233837890625,0.021333517506718636,-0.6588660478591919,-1.9164929389953613
1788860615275380500,20.42238037109375,0.03894979506731033,-0.5461671948432922,-1.9518427848815918
1788860615285421300,20.43242138671875,0.0625121146440506,-0.4919774532318115,-2.0162830352783203
1788860615295462400,20.44246240234375,0.12115731835365295,-0.508309543132782,-2.057818651199341
1788860615305504300,20.452504150390624,0.15208300948143005,-0.49104616045951843,-2.056753158569336
1788860615315545300,20.46254541015625,0.17075496912002563,-0.4508662521839142,-2.080524444580078
1788860615325586400,20.47258642578125,0.1986776739358902,-0.3735818564891815,-2.0968403816223145
1788860615335627300,20.482627197265625,0.23073334991931915,-0.26615792512893677,-2.0628554821014404
1788860615345669400,20.49266943359375,0.21557196974754333,-0.11761824041604996,-2.032794952392578
1788860615355710200,20.502710205078124,0.1625249981880188,-0.10020782798528671,-2.0392861366271973
1788860615365751300,20.512751220703127,0.13439536094665527,-0.1861134171485901,-2.0414347648620605
1788860615375792400,20.52279248046875,0.10841196030378342,-0.11943504959344864,-2.0215420722961426
1788860615385834800,20.532834716796874,0.04928738996386528,-0.07736243307590485,-1.9645867347717285
1788860615395875600,20.54287548828125,-0.007702660746872425,-0.15853211283683777,-1.9192613363265991
1788860615405916700,20.552916748046876,-0.03846989572048187,-0.20455314218997955,-1.80562162399292
1788860615415958500,20.56295849609375,-0.07061957567930222,-0.05914774164557457,-1.6543653011322021
1788860615425999600,20.57299951171875,-0.10055670142173767,0.14272572100162506,-1.5140371322631836
1788860615436040700,20.583040771484374,-0.10786601155996323,0.12920938432216644,-1.358444094657898
1788860615446081500,20.59308154296875,-0.07707773894071579,0.015126488171517849,-1.2113100290298462
1788860615456124000,20.6031240234375,-0.045822083950042725,-0.09893989562988281,-0.999189555644989
1788860615466164700,20.613164794921875,-0.024764468893408775,-0.03922223672270775,-0.794909656047821
1788860615476205800,20.623205810546875,-0.01883946731686592,0.1281917840242386,-0.5966034531593323
1788860615486247000,20.633246826171874,-0.058275289833545685,0.19289915263652802,-0.3896673321723938
1788860615496288800,20.643288818359373,-0.10711873322725296,0.13155455887317657,-0.20535847544670105
1788860615506329900,20.653329833984376,-0.16127437353134155,0.11673327535390854,-0.07306355983018875
1788860615516370700,20.66337060546875,-0.20397576689720154,0.16977599263191223,0.06722723692655563
1788860615526412800,20.673412841796875,-0.19920524954795837,0.18406784534454346,0.2254597544670105
1788860615536453600,20.68345361328125,-0.19660839438438416,0.14692792296409607,0.382408082485199
1788860615546494700,20.69349462890625,-0.20761524140834808,0.15599146485328674,0.5340980291366577
1788860615556535800,20.703535888671876,-0.23192697763442993,0.2455676794052124,0.6561405658721924
1788860615566577700,20.71357763671875,-0.24317163228988647,0.29486146569252014,0.798500120639801
1788860615576618800,20.72361865234375,-0.2426973283290863,0.3072417080402374,0.960275411605835
1788860615586659600,20.73365966796875,-0.21480897068977356,0.3634389340877533,1.1284196376800537
1788860615596700700,20.74370068359375,-0.19663795828819275,0.4295673370361328,1.2794866561889648
1788860615606742500,20.753742431640624,-0.19310393929481506,0.4403558075428009,1.405820369720459
1788860615616783600,20.76378369140625,-0.2034977227449417,0.4601372480392456,1.5170681476593018
1788860615626824700,20.77382470703125,-0.2112102508544922,0.4835594892501831,1.6415239572525024
1788860615636865500,20.783865478515626,-0.21977710723876953,0.42942193150520325,1.7435318231582642
1788860615646908000,20.793907958984374,-0.25505387783050537,0.3291246294975281,1.8062632083892822
1788860615656948700,20.80394873046875,-0.30151882767677307,0.2412528246641159,1.8548967838287354
1788860615666989800,20.81398974609375,-0.30572476983070374,0.19477161765098572,1.9170554876327515
1788860615677031700,20.82403173828125,-0.2803320586681366,0.177604079246521,1.966251254081726
1788860615687072800,20.83407275390625,-0.26638853549957275,0.14290016889572144,2.0318727493286133
1788860615697113900,20.84411376953125,-0.26010188460350037,0.14223118126392365,2.145347833633423
1788860615707154700,20.85415478515625,-0.23901018500328064,0.22135768830776215,2.2753586769104004
1788860615717196800,20.86419677734375,-0.2145567685365677,0.3208254277706146,2.374300479888916
1788860615727237600,20.874237548828123,-0.17076322436332703,0.3512038290500641,2.437573194503784
1788860615737278700,20.88427880859375,-0.09989836812019348,0.34954363107681274,2.4726476669311523
1788860615747319800,20.89431982421875,-0.04285106062889099,0.3726468086242676,2.502418279647827
1788860615757361700,20.904361572265625,-0.013962420634925365,0.33789175748825073,2.5087876319885254
1788860615767402800,20.91440283203125,0.013931527733802795,0.24506354331970215,2.4757890701293945
1788860615777443600,20.924443603515623,0.0354597233235836,0.14434759318828583,2.430476427078247
1788860615787484700,20.934484619140626,0.052017129957675934,0.03567676991224289,2.373279333114624
1788860615797526800,20.94452685546875,0.07197006046772003,-0.058888617902994156,2.325550079345703
1788860615807568000,20.95456787109375,0.08997942507266998,-0.1660129427909851,2.274385929107666
1788860615817609000,20.96460888671875,0.10547449439764023,-0.2951272428035736,2.2051444053649902
1788860615827650800,20.97465087890625,0.10324409604072571,-0.39648663997650146,2.1772310733795166
1788860615837692000,20.98469189453125,0.08352045714855194,-0.44496387243270874,2.2185380458831787
1788860615847732700,20.994732666015626,0.05119793862104416,-0.44395187497138977,2.2657175064086914
1788860615857773800,21.00477392578125,0.01242151577025652,-0.422149121761322,2.293346881866455
1788860615867815700,21.014815673828124,-0.031254060566425323,-0.4064905345439911,2.3031277656555176
1788860615877856800,21.024856689453124,-0.058752529323101044,-0.3695487380027771,2.308351755142212
1788860615887897900,21.03489794921875,-0.07140707224607468,-0.296996533870697,2.3056256771087646
1788860615897938700,21.044938720703126,-0.08355934172868729,-0.18741250038146973,2.2651360034942627
1788860615907980800,21.054980712890625,-0.07966766506433487,-0.14442482590675354,2.1683430671691895
1788860615918021600,21.065021728515624,-0.06619632989168167,-0.19151483476161957,2.022303342819214
1788860615928062700,21.075062744140624,-0.06025481969118118,-0.270179808139801,1.8451876640319824
1788860615938103600,21.085103515625,-0.058513376861810684,-0.3463717997074127,1.6669787168502808
1788860615948145700,21.095145751953126,-0.043239083141088486,-0.36196061968803406,1.5355019569396973
1788860615958186800,21.105186767578125,-0.04077912122011185,-0.325242817401886,1.462454080581665
1788860615968227600,21.1152275390625,-0.0583844818174839,-0.21831156313419342,1.4108103513717651
1788860615978268700,21.1252685546875,-0.08666139096021652,-0.06114671006798744,1.3867831230163574
1788860615988310800,21.135310791015623,-0.10792060941457748,0.09110806882381439,1.365227460861206
1788860615998352000,21.145351806640626,-0.10461083054542542,0.1916448026895523,1.3166998624801636
1788860616008392700,21.155392822265625,-0.10365928709506989,0.25750264525413513,1.235748052597046
1788860616018434800,21.165434814453125,-0.100719153881073,0.2910451591014862,1.1326842308044434
1788860616028475600,21.1754755859375,-0.0729069635272026,0.27718740701675415,1.0001192092895508
1788860616038516700,21.185516845703123,-0.026990339159965515,0.21450164914131165,0.8404645919799805
1788860616048557800,21.195557861328126,0.01708764024078846,0.1339695155620575,0.6557592153549194
1788860616058599700,21.205599609375,0.0660429298877716,0.05209276080131531,0.4722263813018799
1788860616068640800,21.215640869140625,0.13194844126701355,-0.025289377197623253,0.2850240170955658
1788860616078681600,21.225681640625,0.18636241555213928,-0.04102333262562752,0.09488177299499512
1788860616088722700,21.23572265625,0.19859617948532104,0.06462293863296509,-0.08577695488929749
1788860616098764500,21.2457646484375,0.2026311308145523,0.26285025477409363,-0.25502297282218933
1788860616108805600,21.2558056640625,0.22280564904212952,0.4940432906150818,-0.41823214292526245
1788860616118846700,21.2658466796875,0.2557886242866516,0.6457294821739197,-0.5815379619598389
1788860616128887600,21.275887451171876,0.2678029537200928,0.6621206998825073,-0.734096109867096
1788860616138930000,21.285929931640624,0.2328590750694275,0.5950146317481995,-0.8596057891845703
1788860616148970800,21.295970703125,0.19494418799877167,0.4842692017555237,-0.9486382007598877
1788860616159011800,21.30601171875,0.19519852101802826,0.34319570660591125,-0.9926037788391113
1788860616169053000,21.316052978515625,0.19213642179965973,0.170619934797287,-0.9824140071868896
1788860616179094800,21.3260947265625,0.1937558799982071,-0.018928417935967445,-0.9430609941482544
1788860616189136000,21.336135986328124,0.17739689350128174,-0.15345001220703125,-0.9064838290214539
1788860616199176700,21.3461767578125,0.15137194097042084,-0.10761700570583344,-0.8625331521034241
1788860616209218800,21.35621875,0.13534264266490936,0.06415954232215881,-0.832868218421936
1788860616219259600,21.366259765625,0.12428093701601028,0.25676068663597107,-0.8307709693908691
1788860616229300700,21.37630078125,0.1186869665980339,0.42809781432151794,-0.8548642992973328
1788860616239341800,21.386341796875,0.12513048946857452,0.4866788387298584,-0.8724685907363892
1788860616249383700,21.3963837890625,0.13613493740558624,0.40492990612983704,-0.8858855962753296
1788860616259424800,21.4064248046875,0.11791465431451797,0.2283111959695816,-0.9313005208969116
1788860616269465600,21.416465576171873,0.06365594267845154,0.07630994915962219,-1.0113290548324585
1788860616279506700,21.426506591796876,0.018252506852149963,0.010223343037068844,-1.0971001386642456
1788860616289548500,21.436548583984376,-0.03519020974636078,-0.08134572207927704,-1.199045181274414
1788860616299589600,21.446589599609375,-0.07080546021461487,-0.15727484226226807,-1.2780948877334595
1788860616309630700,21.456630615234374,-0.09754227101802826,-0.1438000500202179,-1.2768642902374268
1788860616319671600,21.466671630859373,-0.16445179283618927,-0.03363705426454544,-1.201735496520996
1788860616329714000,21.4767138671875,-0.2705606520175934,0.11816179007291794,-1.1090412139892578
1788860616339754800,21.486754638671876,-0.36105459928512573,0.18078815937042236,-1.0780491828918457
1788860616349795800,21.4967958984375,-0.4086247682571411,0.09905946999788284,-1.1376280784606934
1788860616359837000,21.5068369140625,-0.41973814368247986,-0.07569955289363861,-1.2380199432373047
1788860616369878800,21.516878662109374,-0.417072594165802,-0.23503488302230835,-1.361881971359253
1788860616379920100,21.526920166015625,-0.3934823274612427,-0.30690133571624756,-1.4355188608169556
1788860616389961000,21.5369609375,-0.3647047281265259,-0.30891311168670654,-1.48210608959198
1788860616400002000,21.547001953125,-0.33009374141693115,-0.22343149781227112,-1.5477360486984253
1788860616410044000,21.5570439453125,-0.2816958725452423,-0.1544252634048462,-1.5738823413848877
1788860616420085000,21.5670849609375,-0.2532660961151123,-0.15181535482406616,-1.576170563697815
1788860616430125800,21.577125732421877,-0.24040275812149048,-0.15753130614757538,-1.583930492401123
1788860616440167000,21.5871669921875,-0.2347523272037506,-0.14300109446048737,-1.610982894897461
1788860616450209000,21.597208984375,-0.207585409283638,-0.11901427060365677,-1.661399483680725
1788860616460249900,21.607249755859375,-0.17057760059833527,-0.1567366123199463,-1.705788493156433
1788860616470291000,21.617291015625,-0.14258190989494324,-0.25176993012428284,-1.714088797569275
1788860616480331800,21.627331787109377,-0.1224295124411583,-0.2948310971260071,-1.723434567451477
1788860616490374000,21.637373779296876,-0.10364783555269241,-0.2926337420940399,-1.730686902999878
1788860616500415000,21.6474150390625,-0.08785848319530487,-0.24649366736412048,-1.706563949584961
1788860616510455800,21.657455810546875,-0.07383693754673004,-0.2263535112142563,-1.6786657571792603
1788860616520498000,21.667497802734374,-0.04565456882119179,-0.27965641021728516,-1.67830228805542
1788860616530539000,21.6775390625,-0.0005078648100607097,-0.3306807279586792,-1.6920201778411865
1788860616540580000,21.687580078125,0.038000646978616714,-0.3112494945526123,-1.7588021755218506
1788860616550621000,21.697620849609375,0.0769464448094368,-0.3018200397491455,-1.8256698846817017
1788860616560663000,21.7076630859375,0.13474422693252563,-0.25797003507614136,-1.839768886566162
1788860616570704000,21.717703857421874,0.19973468780517578,-0.21156631410121918,-1.8606294393539429
1788860616580745000,21.727744873046873,0.2597340941429138,-0.26890096068382263,-1.821998953819275
1788860616590786000,21.7377861328125,0.3089871406555176,-0.33098405599594116,-1.8019273281097412
1788860616600828000,21.747827880859376,0.31784507632255554,-0.43049412965774536,-1.840577244758606
1788860616610869000,21.757868896484375,0.3254832923412323,-0.5738563537597656,-1.8901737928390503
1788860616620909800,21.767909912109374,0.3346855640411377,-0.6202718019485474,-1.916479468345642
1788860616630951000,21.777950927734373,0.326847106218338,-0.544754683971405,-1.9170602560043335
1788860616640992800,21.78799267578125,0.32240575551986694,-0.4122983515262604,-1.8992431163787842
1788860616651033900,21.798033935546876,0.34407347440719604,-0.3508336544036865,-1.861283302307129
1788860616661075000,21.808074951171875,0.40937340259552,-0.42011499404907227,-1.8086786270141602
1788860616671115800,21.81811572265625,0.47199922800064087,-0.5000811815261841,-1.7140562534332275
1788860616681158000,21.828157958984374,0.4732935130596161,-0.4086942970752716,-1.6349835395812988
1788860616691198700,21.83819873046875,0.4398828446865082,-0.32638850808143616,-1.5699334144592285
1788860616701239800,21.84823974609375,0.40812569856643677,-0.33217528462409973,-1.500492811203003
1788860616711281000,21.858281005859375,0.376988023519516,-0.325060099363327,-1.4450359344482422
1788860616721323000,21.868322998046875,0.3295280933380127,-0.17572176456451416,-1.3714674711227417
1788860616731364000,21.878364013671874,0.3109762668609619,0.0725967064499855,-1.264359951019287
1788860616741405000,21.888405029296877,0.30736953020095825,0.20545648038387299,-1.1280031204223633
1788860616751446000,21.898446044921876,0.28717663884162903,0.1314120888710022,-0.988732099533081
1788860616761488000,21.90848779296875,0.24150076508522034,-0.04559571295976639,-0.8299448490142822
1788860616771529000,21.918529052734375,0.1827423870563507,-0.14323146641254425,-0.6215085387229919
1788860616781570000,21.928570068359374,0.12688550353050232,-0.10847001522779465,-0.3609563410282135
1788860616791611000,21.93861083984375,0.10853180289268494,0.05295535922050476,-0.11213213205337524
1788860616801653000,21.948653076171876,0.07911399006843567,0.14584854245185852,0.07792888581752777
1788860616811693800,21.95869384765625,0.01672598347067833,0.13291117548942566,0.20181646943092346
1788860616821735000,21.96873486328125,-0.060502760112285614,0.06695080548524857,0.30394551157951355
1788860616831776800,21.97877685546875,-0.12254269421100616,0.08340754359960556,0.4403747320175171
1788860616841817900,21.98881787109375,-0.20552653074264526,0.09313660115003586,0.5145685076713562
1788860616851859000,21.99885888671875,-0.26631611585617065,0.08164346218109131,0.6130908131599426
1788860616861899800,22.008899658203124,-0.30644354224205017,0.11923611164093018,0.7675075531005859
1788860616871942100,22.018942138671875,-0.32388433814048767,0.20108942687511444,0.9447023272514343
1788860616881983000,22.02898291015625,-0.33052384853363037,0.24575383961200714,1.1192618608474731
1788860616892024000,22.039024169921873,-0.3481830060482025,0.2289186716079712,1.2423046827316284
1788860616902065200,22.049065185546876,-0.3638559877872467,0.22218087315559387,1.3795589208602905
1788860616912107000,22.05910693359375,-0.3750745356082916,0.30844199657440186,1.5722378492355347
1788860616922148000,22.069148193359375,-0.37988340854644775,0.35395699739456177,1.753084421157837
1788860616932189000,22.07918896484375,-0.40728655457496643,0.4319530129432678,1.9156607389450073
1788860616942230000,22.08922998046875,-0.4495288133621216,0.5114265084266663,2.035504102706909
1788860616952272000,22.09927197265625,-0.4751116633415222,0.3746684193611145,2.0869760513305664
1788860616962313000,22.10931298828125,-0.4908144474029541,0.22202934324741364,2.1450603008270264
1788860616972354000,22.11935400390625,-0.5350756645202637,0.23388360440731049,2.304103374481201
1788860616982395000,22.129394775390626,-0.5798889398574829,0.2817153036594391,2.4656808376312256
1788860616992437000,22.13943701171875,-0.5900909900665283,0.22669439017772675,2.5630125999450684
1788860617002477800,22.149477783203125,-0.5653272867202759,0.08575218915939331,2.5773656368255615
1788860617012519000,22.159518798828124,-0.515627920627594,-0.02797331102192402,2.5588934421539307
1788860617022560000,22.16956005859375,-0.434109091758728,-0.052388906478881836,2.5666706562042236
1788860617032601900,22.179601806640626,-0.34476909041404724,0.0008487494196742773,2.575770854949951
1788860617042643000,22.189642822265625,-0.26019537448883057,0.047809865325689316,2.5480759143829346
1788860617052683800,22.199683837890625,-0.17914311587810516,0.052314069122076035,2.4687204360961914
1788860617062724900,22.209724853515624,-0.10660313814878464,0.03151345252990723,2.3884100914001465
1788860617072767000,22.21976708984375,-0.07166966050863266,0.05657326430082321,2.3439319133758545
1788860617082808000,22.22980810546875,-0.047621313482522964,0.11325731873512268,2.3353593349456787
1788860617092849000,22.239848876953126,-0.03159654140472412,0.13992062211036682,2.311802864074707
1788860617102891000,22.24989111328125,-0.05133961886167526,0.09436192363500595,2.273526191711426
1788860617112931800,22.259931884765624,-0.10620686411857605,-0.04333575442433357,2.2630600929260254
1788860617122973000,22.269972900390623,-0.15161029994487762,-0.20122233033180237,2.2879927158355713
1788860617133014000,22.280013916015626,-0.18309232592582703,-0.3193710744380951,2.3318796157836914
1788860617143056000,22.290055908203126,-0.1964065283536911,-0.367313027381897,2.3491551876068115
1788860617153097000,22.300096923828125,-0.1874210238456726,-0.38186562061309814,2.3024675846099854
1788860617163137800,22.3101376953125,-0.16105173528194427,-0.3904162049293518,2.187486171722412
1788860617173179000,22.320178955078124,-0.14047642052173615,-0.4024726152420044,2.064929723739624
1788860617183220700,22.330220703125,-0.1419249176979065,-0.42167001962661743,1.9936082363128662
1788860617193261800,22.34026171875,-0.17392252385616302,-0.3634676933288574,1.9815348386764526
1788860617203303000,22.350302978515625,-0.22730159759521484,-0.22442005574703217,1.9885834455490112
1788860617213343700,22.36034375,-0.28005456924438477,-0.1281297355890274,1.9597235918045044
1788860617223386000,22.37038623046875,-0.32298603653907776,-0.12057381868362427,1.8724384307861328
1788860617233427000,22.380427001953127,-0.3715117573738098,-0.10070823132991791,1.7513309717178345
1788860617243468000,22.390468017578126,-0.4157135784626007,-0.028373584151268005,1.6403958797454834
1788860617253509000,22.400509033203125,-0.4168480932712555,0.006234460044652224,1.5349690914154053
1788860617263551000,22.410551025390625,-0.3647449314594269,0.034035198390483856,1.4134889841079712
1788860617273592000,22.420592041015624,-0.2701806128025055,0.0044227116741240025,1.2853922843933105
1788860617283633000,22.4306328125,-0.17462320625782013,-0.05284244194626808,1.162961721420288
1788860617293674000,22.440674072265626,-0.08719348907470703,-0.06705067306756973,1.0573586225509644
1788860617303715800,22.4507158203125,-0.02592587284743786,-0.05906997621059418,0.9578162431716919
1788860617313757000,22.4607568359375,0.007035805378109217,-0.010151171125471592,0.8572827577590942
1788860617323798000,22.470798095703124,0.01974627375602722,0.09045000374317169,0.7545667290687561
1788860617333838800,22.4808388671875,0.015718242153525352,0.27433061599731445,0.6274210214614868
1788860617343881000,22.490880859375,-0.02137106843292713,0.5254728198051453,0.4460829496383667
1788860617353921800,22.500921875,-0.03984275460243225,0.7173677086830139,0.17434489727020264
1788860617363963000,22.510962890625,-0.008105597458779812,0.7792065739631653,-0.1393219381570816
1788860617374004700,22.521004638671876,0.06673189252614975,0.7055104970932007,-0.41210633516311646
1788860617384045600,22.531045654296875,0.14551804959774017,0.5541319251060486,-0.6127874851226807
1788860617394086700,22.541086669921874,0.18952731788158417,0.38292741775512695,-0.7577852010726929
1788860617404127500,22.55112744140625,0.19392792880535126,0.2671395540237427,-0.8452276587486267
1788860617414169900,22.561169921875,0.13794775307178497,0.2196279615163803,-0.8771467208862305
1788860617424210700,22.571210693359376,0.0951550081372261,0.20236216485500336,-0.857977032661438
1788860617434251800,22.581251708984375,0.04896754398941994,0.2010854333639145,-0.8237399458885193
1788860617444292900,22.59129296875,-0.028365328907966614,0.2657454013824463,-0.7670947909355164
1788860617454334700,22.601334716796874,-0.09199916571378708,0.37788283824920654,-0.7157298922538757
1788860617464375800,22.611375732421877,-0.13868704438209534,0.4624912142753601,-0.6752071976661682
1788860617474416600,22.621416748046876,-0.1770235151052475,0.5071646571159363,-0.6467894315719604
1788860617484457700,22.631457763671875,-0.18796591460704803,0.4969876706600189,-0.6499263644218445
1788860617494499600,22.64149951171875,-0.16155533492565155,0.4404439628124237,-0.6915651559829712
1788860617504540700,22.651540771484374,-0.12611132860183716,0.3572441637516022,-0.7617042660713196
1788860617514581800,22.661581787109377,-0.11143411695957184,0.30038246512413025,-0.842653214931488
1788860617524622600,22.67162255859375,-0.09978225082159042,0.25152891874313354,-0.9224401712417603
1788860617534664700,22.681664794921875,-0.08428771793842316,0.20895108580589294,-0.9906471967697144
1788860617544705500,22.69170556640625,-0.07933476567268372,0.20378108322620392,-1.021457314491272
1788860617554746600,22.70174658203125,-0.09243912249803543,0.21015776693820953,-1.0160843133926392
1788860617564787700,22.71178759765625,-0.10256446152925491,0.25086283683776855,-0.9773319363594055
1788860617574829600,22.72182958984375,-0.12144973129034042,0.326809287071228,-0.9765574336051941
1788860617584870700,22.73187060546875,-0.1440277397632599,0.34857502579689026,-1.057545781135559
1788860617594911500,22.741911376953126,-0.13933153450489044,0.25844913721084595,-1.2104368209838867
1788860617604953900,22.751953857421874,-0.12324284017086029,0.1594967097043991,-1.38741934299469
1788860617614994700,22.76199462890625,-0.1192542240023613,0.10682179033756256,-1.5262722969055176
1788860617625035800,22.772035888671876,-0.11657987534999847,0.08923693746328354,-1.6296555995941162
1788860617635076900,22.782076904296876,-0.10347339510917664,0.08769203722476959,-1.6884195804595947
1788860617645118700,22.79211865234375,-0.09253792464733124,0.07012289762496948,-1.8159255981445312
1788860617655159800,22.802159912109374,-0.09167319536209106,0.10157589614391327,-1.9464226961135864
1788860617665200600,22.81220068359375,-0.10981757938861847,0.15214931964874268,-1.9696736335754395
1788860617675241700,22.82224169921875,-0.1578226536512375,0.1510947048664093,-1.8746129274368286
1788860617685283600,22.83228369140625,-0.22395214438438416,0.15032771229743958,-1.7635836601257324
1788860617695324700,22.84232470703125,-0.2493685483932495,0.1694689244031906,-1.7050174474716187
1788860617705365800,22.85236572265625,-0.22613300383090973,0.15541835129261017,-1.7008278369903564
1788860617715406600,22.862406494140625,-0.1774195283651352,0.08675646781921387,-1.6836621761322021
1788860617725448700,22.87244873046875,-0.1063259094953537,-0.06705040484666824,-1.666934609413147
1788860617735489500,22.882489501953124,-0.012769058346748352,-0.23547030985355377,-1.6694555282592773
1788860617745530600,22.892530517578123,0.05977252125740051,-0.3101615905761719,-1.7029519081115723
1788860617755571700,22.90257177734375,0.08896103501319885,-0.3282950520515442,-1.7148445844650269
1788860617765613800,22.91261376953125,0.09364926069974899,-0.31137678027153015,-1.6817007064819336
1788860617775655000,22.922655029296877,0.0790194496512413,-0.30562275648117065,-1.7065445184707642
1788860617785695700,22.93269580078125,0.05185387656092644,-0.3695269227027893,-1.7821189165115356
1788860617795736800,22.94273681640625,0.011383681558072567,-0.5434475541114807,-1.8821685314178467
1788860617805778700,22.95277880859375,-0.019930299371480942,-0.702485978603363,-1.9810253381729126
1788860617815819800,22.96281982421875,-0.013834589160978794,-0.7960060834884644,-2.034195899963379
1788860617825860900,22.97286083984375,0.02418682910501957,-0.86409592628479,-2.0605309009552
1788860617835901700,22.982901611328124,0.0702749639749527,-0.8847756385803223,-2.095149278640747
1788860617845943800,22.99294384765625,0.11230150610208511,-0.8612010478973389,-2.125393867492676
1788860617855984600,23.002984619140626,0.14283491671085358,-0.795964777469635,-2.0931384563446045
1788860617866025700,23.013025634765626,0.16596101224422455,-0.6447819471359253,-2.032778024673462
1788860617876067600,23.023067626953125,0.16707128286361694,-0.4732424020767212,-2.0246639251708984
1788860617886108700,23.033108642578124,0.1873810738325119,-0.33274519443511963,-2.036863327026367
1788860617896149800,23.043149658203124,0.23664742708206177,-0.3191295266151428,-1.9975154399871826
1788860617906190600,23.053190673828126,0.2737167775630951,-0.361895889043808,-1.9489896297454834
1788860617916232700,23.063232666015626,0.28200000524520874,-0.3338882327079773,-1.950359582901001
1788860617926273500,23.0732734375,0.2761538326740265,-0.32005125284194946,-1.9051343202590942
1788860617936314600,23.083314697265624,0.23925279080867767,-0.34489426016807556,-1.8600704669952393
1788860617946355500,23.09335546875,0.16395431756973267,-0.317923903465271,-1.8140227794647217
1788860617956397800,23.103397705078127,0.07837949693202972,-0.2902986705303192,-1.7061948776245117
1788860617966438700,23.113438720703126,0.019234681501984596,-0.34010112285614014,-1.5285288095474243
1788860617976479700,23.123479736328125,0.015796007588505745,-0.27835971117019653,-1.4041152000427246
1788860617986520800,23.133520751953125,0.06963340938091278,-0.05680735781788826,-1.2792843580245972
1788860617996562700,23.143562744140624,0.11942040175199509,0.07314292341470718,-1.1303489208221436
1788860618006603800,23.153603759765623,0.15059669315814972,0.05985960364341736,-0.9793633818626404
1788860618016644600,23.16364453125,0.14169348776340485,0.008852880448102951,-0.8107152581214905
1788860618026685700,23.173685791015625,0.07447077333927155,-0.005879727192223072,-0.6103658676147461
1788860618036727600,23.1837275390625,0.006061621010303497,0.03892742469906807,-0.4375397861003876
1788860618046768600,23.1937685546875,-0.03202291578054428,0.11955942213535309,-0.2675294578075409
1788860618056809700,23.203809814453123,-0.03500991687178612,0.11991894990205765,-0.09328760206699371
1788860618066850600,23.2138505859375,-0.03437155485153198,0.12055198103189468,0.08162295818328857
1788860618076892700,23.223892578125,-0.05283951386809349,0.1351277232170105,0.2435908168554306
1788860618086933500,23.23393359375,-0.08230020105838776,0.14178723096847534,0.40464815497398376
1788860618096974600,23.243974609375,-0.10648968815803528,0.1395150125026703,0.5371854305267334
1788860618107016700,23.2540166015625,-0.11367756128311157,0.11816765367984772,0.6350011825561523
1788860618117057800,23.264057861328126,-0.10710647702217102,0.15197701752185822,0.7395739555358887
1788860618127099000,23.274098876953126,-0.10331253707408905,0.18577146530151367,0.8583581447601318
1788860618137139700,23.2841396484375,-0.12388172745704651,0.27779778838157654,1.0309386253356934
1788860618147181800,23.294181884765624,-0.14967525005340576,0.3800855576992035,1.2305506467819214
1788860618157222700,23.30422265625,-0.172877237200737,0.39170756936073303,1.4041937589645386
1788860618167263700,23.314263671875,-0.2078314870595932,0.3702033460140228,1.5152254104614258
1788860618177304800,23.324304931640626,-0.25545546412467957,0.4009242653846741,1.6333951950073242
1788860618187346700,23.3343466796875,-0.280337929725647,0.4629351496696472,1.7979700565338135
1788860618197387800,23.3443876953125,-0.2872357666492462,0.5072371363639832,1.9237804412841797
1788860618207428600,23.3544287109375,-0.3013518452644348,0.47441232204437256,1.9846718311309814
1788860618217469700,23.3644697265625,-0.29667508602142334,0.39726799726486206,2.0243592262268066
1788860618227511600,23.374511474609374,-0.28390389680862427,0.38726329803466797,2.066136598587036
1788860618237552600,23.384552734375,-0.2756448984146118,0.4316222369670868,2.1403183937072754
1788860618247593700,23.39459375,-0.2638223171234131,0.47844406962394714,2.2373275756835938
1788860618257634600,23.404634521484375,-0.238122820854187,0.5152574777603149,2.3082127571105957
1788860618267676700,23.4146767578125,-0.21043047308921814,0.5657398104667664,2.367147207260132
1788860618277717500,23.424717529296874,-0.15685619413852692,0.5853981971740723,2.4377682209014893
1788860618287758600,23.434758544921873,-0.07714112102985382,0.5752971172332764,2.5244598388671875
1788860618297799700,23.444799560546876,-0.001802693703211844,0.5091673731803894,2.587740659713745
1788860618307841800,23.454841796875,0.07489021867513657,0.41215747594833374,2.5795795917510986
1788860618317883000,23.4648828125,0.12842507660388947,0.33030280470848083,2.5254197120666504
1788860618327923700,23.474923828125,0.15310326218605042,0.20144149661064148,2.4669857025146484
1788860618337964800,23.48496484375,0.1386961042881012,0.07413174957036972,2.432554244995117
1788860618348006700,23.495006591796876,0.1297532021999359,0.015687350183725357,2.4403247833251953
1788860618358047700,23.5050478515625,0.11678999662399292,-0.05151538923382759,2.4364869594573975
1788860618368088800,23.5150888671875,0.07873103022575378,-0.1624288558959961,2.424386739730835
1788860618378129700,23.525129638671874,0.016744092106819153,-0.2688453197479248,2.414153814315796
1788860618388172000,23.535172119140626,-0.037274401634931564,-0.3399597108364105,2.3961222171783447
1788860618398213000,23.545213134765625,-0.0733165591955185,-0.37979233264923096,2.3479509353637695
1788860618408254200,23.555254150390624,-0.10845617204904556,-0.4405677914619446,2.2957465648651123
1788860618418295000,23.565294921875,-0.11896952986717224,-0.47251269221305847,2.237853527069092
1788860618428337200,23.575337158203126,-0.10767532885074615,-0.36879613995552063,2.21476149559021
1788860618438378000,23.5853779296875,-0.07428275048732758,-0.21435783803462982,2.2240383625030518
1788860618448419000,23.595419189453125,-0.007987353019416332,-0.13527260720729828,2.2173306941986084
1788860618458460200,23.605460205078124,0.08881428837776184,-0.20574064552783966,2.1485116481781006
1788860618468502000,23.615501953125,0.16625848412513733,-0.2486569583415985,2.0569896697998047
1788860618478543000,23.625543212890626,0.19535937905311584,-0.16696076095104218,1.9972155094146729
1788860618488584000,23.635583984375,0.19330129027366638,-0.096078060567379,1.9427696466445923
1788860618498626000,23.6456259765625,0.17695534229278564,-0.11946700513362885,1.865092158317566
1788860618508667000,23.6556669921875,0.1439015120267868,-0.19361446797847748,1.7409805059432983
1788860618518708000,23.6657080078125,0.10824152082204819,-0.22731171548366547,1.5943021774291992
1788860618528749000,23.6757490234375,0.08234387636184692,-0.24588273465633392,1.467607021331787
1788860618538791200,23.685791259765626,0.05288345366716385,-0.22012756764888763,1.3653411865234375
1788860618548832300,23.695832275390625,-0.003561178920790553,-0.11712928861379623,1.2837259769439697
1788860618558873000,23.705873046875,-0.03839213028550148,-0.02859196439385414,1.1977449655532837
1788860618568914200,23.7159140625,-0.044389836490154266,-0.014936072751879692,1.0765972137451172
1788860618578956000,23.7259560546875,-0.027574369683861732,-0.07087603956460953,0.9092599153518677
1788860618588997000,23.7359970703125,-0.011990349739789963,-0.14268578588962555,0.6992869973182678
1788860618599038200,23.7460380859375,-0.021527396515011787,-0.1314522922039032,0.4832633435726166
1788860618609079000,23.7560791015625,-0.03211745619773865,-0.02689899131655693,0.2943647801876068
1788860618619121200,23.76612109375,-0.05115879327058792,0.11364907026290894,0.10791687667369843
1788860618629162000,23.776161865234375,-0.07718826085329056,0.25308606028556824,-0.05151965096592903
1788860618639203000,23.786203125,-0.09792416542768478,0.3185409605503082,-0.18421217799186707
1788860618649244200,23.796244140625,-0.10388512164354324,0.2882261872291565,-0.29405930638313293
1788860618659286000,23.8062861328125,-0.08863692730665207,0.17858412861824036,-0.4006291627883911
1788860618669327000,23.8163271484375,-0.0761570855975151,0.07543537020683289,-0.4951823055744171
1788860618679368000,23.826367919921875,-0.07592619210481644,0.03536757826805115,-0.5699838399887085
1788860618689409000,23.836408935546874,-0.07253571599721909,0.04764794558286667,-0.6308599710464478
1788860618699451000,23.846450927734374,-0.07216314226388931,0.11373242735862732,-0.6934005618095398
1788860618709492000,23.856491943359377,-0.059065185487270355,0.18147018551826477,-0.7472898960113525
1788860618719533000,23.866532958984376,-0.04621463268995285,0.22073930501937866,-0.7844223976135254
1788860618729574000,23.876573974609375,-0.034449584782123566,0.23607777059078217,-0.8058794736862183
1788860618739616300,23.8866162109375,-0.020079968497157097,0.2326505482196808,-0.8193968534469604
1788860618749657000,23.896656982421874,-0.015181615948677063,0.24613121151924133,-0.8377718925476074
1788860618759698200,23.9066982421875,-0.006342850625514984,0.2875577509403229,-0.8538267612457275
1788860618769739300,23.9167392578125,0.017712950706481934,0.30100271105766296,-0.8734049797058105
1788860618779781000,23.926781005859375,0.04996223375201225,0.25701847672462463,-0.9064761400222778
1788860618789822200,23.936822265625,0.09067583829164505,0.18265636265277863,-0.9528356194496155
1788860618799863000,23.946863037109374,0.12103427946567535,0.12149633467197418,-1.0326316356658936
1788860618809904000,23.956904052734377,0.14074993133544922,0.10227151215076447,-1.1172256469726562
1788860618819946000,23.966946044921876,0.13778875768184662,0.17360533773899078,-1.2101073265075684
1788860618829987000,23.976987060546875,0.11996369063854218,0.29407209157943726,-1.2889100313186646
1788860618840028200,23.987028076171875,0.11337929219007492,0.4242327809333801,-1.366668701171875
1788860618850069000,23.997069091796874,0.10578608512878418,0.5232805013656616,-1.4406993389129639
1788860618860111000,24.007111083984373,0.11101333796977997,0.5410387516021729,-1.491801142692566
1788860618870152000,24.01715185546875,0.1335868239402771,0.509796679019928,-1.5543537139892578
1788860618880193000,24.027193115234375,0.15578879415988922,0.42250198125839233,-1.6108862161636353
1788860618890234000,24.037234130859375,0.15119270980358124,0.3431970477104187,-1.649327039718628
1788860618900276000,24.04727587890625,0.14032089710235596,0.24486860632896423,-1.6754385232925415
1788860618910317000,24.057317138671873,0.146183043718338,0.09328413754701614,-1.708175778388977
1788860618920358000,24.06735791015625,0.14610634744167328,-0.06477180868387222,-1.6958783864974976
1788860618930399200,24.077399169921875,0.12181325256824493,-0.11770027130842209,-1.6736630201339722
1788860618940441000,24.087441162109375,0.06912127882242203,-0.0649891197681427,-1.690627932548523
1788860618950482200,24.097482177734374,0.020713267847895622,-0.02369760535657406,-1.7366867065429688
1788860618960523000,24.10752294921875,0.017771540209650993,-0.05932430922985077,-1.7900102138519287
1788860618970565000,24.117565185546876,0.05325949192047119,-0.17533452808856964,-1.8123003244400024
1788860618980606000,24.12760595703125,0.08604566752910614,-0.29363879561424255,-1.8055670261383057
1788860618990647000,24.13764697265625,0.087887242436409,-0.334807813167572,-1.7931801080703735
1788860619000688000,24.147688232421874,0.05565846711397171,-0.3286561667919159,-1.816536545753479
1788860619010729000,24.15772900390625,0.024388696998357773,-0.3490661084651947,-1.8723350763320923
1788860619020771000,24.16777099609375,-0.0029856697656214237,-0.33604326844215393,-1.9448106288909912
1788860619030812000,24.17781201171875,-0.0006756439688615501,-0.28946056962013245,-1.9724369049072266
1788860619040853000,24.18785302734375,0.03062102571129799,-0.231510192155838,-1.9737099409103394
1788860619050894000,24.19789404296875,0.06819050759077072,-0.22037310898303986,-2.0069854259490967
1788860619060936000,24.20793603515625,0.09399733692407608,-0.32652220129966736,-2.030848503112793
1788860619070977000,24.21797705078125,0.11430367082357407,-0.43655309081077576,-2.017197608947754
1788860619081017900,24.228017822265624,0.10162010043859482,-0.47240883111953735,-2.0040366649627686
1788860619091059000,24.238058837890627,0.07051358371973038,-0.45116132497787476,-2.0200023651123047
1788860619101101000,24.24810107421875,0.07075033336877823,-0.43496984243392944,-2.010389566421509
1788860619111142100,24.25814208984375,0.10359163582324982,-0.4407310485839844,-2.0075628757476807
1788860619121183200,24.268183349609377,0.14835885167121887,-0.48942241072654724,-2.0361828804016113
1788860619131224000,24.27822412109375,0.20550042390823364,-0.49976587295532227,-2.0230133533477783
1788860619141266200,24.28826611328125,0.26295945048332214,-0.46561962366104126,-1.9551823139190674
1788860619151307000,24.29830712890625,0.3138236999511719,-0.36140507459640503,-1.8624564409255981
1788860619161348000,24.30834814453125,0.3330727517604828,-0.3399415910243988,-1.790749192237854
1788860619171390000,24.318389892578125,0.3281347453594208,-0.33173373341560364,-1.7399195432662964
1788860619181431000,24.32843115234375,0.314633846282959,-0.32875630259513855,-1.7102125883102417
1788860619191472000,24.33847216796875,0.27865612506866455,-0.32635948061943054,-1.6867308616638184
1788860619201513000,24.348512939453126,0.23681147396564484,-0.30998554825782776,-1.610377550125122
1788860619211555000,24.35855517578125,0.18377995491027832,-0.2591513991355896,-1.5107332468032837
1788860619221596000,24.368595947265625,0.12232538312673569,-0.21540632843971252,-1.405272364616394
1788860619231637000,24.378636962890624,0.06948719918727875,-0.26287102699279785,-1.3296191692352295
1788860619241678000,24.388677978515624,0.04819442704319954,-0.37788817286491394,-1.263543963432312
1788860619251720000,24.398719970703127,0.028180770576000214,-0.4110650420188904,-1.1621811389923096
1788860619261761000,24.408760986328126,0.01546710729598999,-0.30444031953811646,-1.0539894104003906
1788860619271801900,24.4188017578125,0.012474512681365013,-0.12355895340442657,-0.9546196460723877
1788860619281843000,24.428843017578124,0.020137758925557137,0.023482156917452812,-0.8431016802787781
1788860619291885000,24.438885009765624,0.02949104644358158,0.13931821286678314,-0.7319929599761963
1788860619301926100,24.448926025390627,0.014889201149344444,0.17189106345176697,-0.6155904531478882
1788860619311967200,24.45896728515625,-0.018758507445454597,0.1706572324037552,-0.4612800180912018
1788860619322008000,24.469008056640625,-0.06540670245885849,0.1838369369506836,-0.3202797472476959
1788860619332050200,24.47905029296875,-0.11162532866001129,0.1671743392944336,-0.20237787067890167
1788860619342091000,24.489091064453124,-0.1279398500919342,0.21683137118816376,-0.09928930550813675
1788860619352132000,24.499132080078127,-0.12617604434490204,0.236630380153656,0.026859311386942863
1788860619362173200,24.509173095703126,-0.119837187230587,0.24084456264972687,0.19040510058403015
1788860619372215000,24.519215087890625,-0.13928359746932983,0.28467220067977905,0.3667026460170746
1788860619382256000,24.529256103515625,-0.17449723184108734,0.3206384778022766,0.4972531795501709
1788860619392297000,24.539296875,-0.1875632405281067,0.341610848903656,0.6183825135231018
1788860619402338000,24.549338134765627,-0.2032971978187561,0.3629710078239441,0.7579183578491211
1788860619412380200,24.559380126953126,-0.24419482052326202,0.3676653504371643,0.9215778112411499
1788860619422421200,24.569421142578125,-0.29813581705093384,0.40032076835632324,1.1176751852035522
1788860619432462300,24.57946240234375,-0.3419429659843445,0.46843698620796204,1.3232771158218384
1788860619442503200,24.589503173828124,-0.35607102513313293,0.47036218643188477,1.4784224033355713
1788860619452545300,24.599545166015623,-0.3563133776187897,0.4244873821735382,1.5939549207687378
1788860619462586000,24.609586181640626,-0.3485715687274933,0.4073864221572876,1.6954962015151978
1788860619472627200,24.619627197265626,-0.3443496525287628,0.49219319224357605,1.817430019378662
1788860619482668300,24.629668212890625,-0.35115429759025574,0.5182428956031799,1.9543095827102661
1788860619492710100,24.639710205078124,-0.36846059560775757,0.3875722289085388,2.0417208671569824
1788860619502751200,24.649751220703124,-0.39042899012565613,0.30235958099365234,2.089385509490967
1788860619512792000,24.6597919921875,-0.40928950905799866,0.4522188603878021,2.138097047805786
1788860619522833200,24.669833251953126,-0.38481372594833374,0.5895732641220093,2.1852972507476807
1788860619532875000,24.679875,-0.32031089067459106,0.46900662779808044,2.1843788623809814
1788860619542916000,24.689916015625,-0.25549569725990295,0.3038991689682007,2.1631100177764893
1788860619552957200,24.699957275390624,-0.22371910512447357,0.35982927680015564,2.2126967906951904
1788860619562998000,24.709998046875,-0.20911246538162231,0.5484127998352051,2.3247811794281006
1788860619573040000,24.7200400390625,-0.18101292848587036,0.627622127532959,2.423187255859375
1788860619583081000,24.7300810546875,-0.12402261048555374,0.5601581335067749,2.46647572517395
1788860619593122000,24.7401220703125,-0.052858952432870865,0.48493632674217224,2.470170736312866
1788860619603163000,24.750162841796875,0.011565842665731907,0.40484628081321716,2.4517602920532227
1788860619613204000,24.760203857421875,0.03659423068165779,0.32491469383239746,2.454467296600342
1788860619623246000,24.77024609375,0.04067978635430336,0.23064599931240082,2.50191593170166
1788860619633287200,24.780287109375,0.04627135768532753,0.11735458672046661,2.5341298580169678
1788860619643328300,24.790328369140624,0.04176156222820282,-0.010193781927227974,2.535831928253174
1788860619653369000,24.800369140625,0.049669552594423294,-0.1582849770784378,2.502368927001953
1788860619663411200,24.8104111328125,0.06786347180604935,-0.32271814346313477,2.414717197418213
1788860619673452000,24.8204521484375,0.0996304526925087,-0.4467412829399109,2.3000612258911133
1788860619683493000,24.8304931640625,0.11433882266283035,-0.49887344241142273,2.212995767593384
1788860619693534200,24.8405341796875,0.13215483725070953,-0.49481692910194397,2.168931484222412
1788860619703576000,24.850576171875,0.17731113731861115,-0.46845242381095886,2.151219129562378
1788860619713617200,24.8606171875,0.19230499863624573,-0.4073549807071686,2.1648454666137695
1788860619723658000,24.870657958984374,0.18450166285037994,-0.33323922753334045,2.1949188709259033
1788860619733699000,24.880698974609373,0.17298643290996552,-0.24485422670841217,2.2251827716827393
1788860619743741000,24.890740966796876,0.14576758444309235,-0.15739893913269043,2.2321791648864746
1788860619753782000,24.900781982421876,0.10642178356647491,-0.1001090258359909,2.188805103302002
1788860619763823000,24.910822998046875,0.07909615337848663,-0.12000816315412521,2.093226909637451
1788860619773864000,24.920864013671874,0.07162624597549438,-0.22319260239601135,1.9434330463409424
1788860619783906300,24.93090625,0.0472324937582016,-0.2872062027454376,1.7552865743637085
1788860619793947100,24.940947021484376,0.0041188448667526245,-0.2844381332397461,1.5957586765289307
1788860619803988200,24.95098828125,-0.02474103309214115,-0.2880624234676361,1.4804829359054565
1788860619814029300,24.961029296875,-0.05560999736189842,-0.31324338912963867,1.3883020877838135
1788860619824070100,24.971070068359374,-0.11401711404323578,-0.31920117139816284,1.2954201698303223
1788860619834112300,24.9811123046875,-0.16933070123195648,-0.28927549719810486,1.1899334192276
1788860619844153000,24.991153076171877,-0.20632867515087128,-0.2360817790031433,1.0608720779418945
1788860619854194200,25.001194091796876,-0.21715788543224335,-0.1422993540763855,0.9192606210708618
1788860619864235300,25.0112353515625,-0.21738079190254211,-0.021350562572479248,0.7644286751747131
1788860619874277000,25.021277099609375,-0.18841704726219177,0.11118457466363907,0.5936132669448853
1788860619884318200,25.031318115234374,-0.1443968564271927,0.20447857677936554,0.41058674454689026
1788860619894359000,25.041359130859377,-0.10187815874814987,0.2588336765766144,0.23554727435112
1788860619904400100,25.051400146484376,-0.07329817861318588,0.2790822386741638,0.06613321602344513
1788860619914442000,25.06144189453125,-0.06000714376568794,0.26692065596580505,-0.06927095353603363
1788860619924483000,25.071483154296875,-0.0736776813864708,0.2840389013290405,-0.16231460869312286
1788860619934524200,25.081524169921874,-0.10835150629281998,0.3234214782714844,-0.20118850469589233
1788860619944565000,25.09156494140625,-0.11809094995260239,0.29902905225753784,-0.2233518660068512
1788860619954607000,25.101607177734376,-0.12160339951515198,0.25291961431503296,-0.2603711187839508
1788860619964648000,25.11164794921875,-0.11999431252479553,0.20519709587097168,-0.33804330229759216
1788860619974689000,25.12168896484375,-0.12531690299510956,0.18195168673992157,-0.4290704131126404
1788860619984730000,25.131730224609374,-0.10907988250255585,0.1384068727493286,-0.5334218144416809
1788860619994771000,25.14177099609375,-0.09028702229261398,0.10375755280256271,-0.6437180042266846
1788860620004813300,25.151813232421876,-0.09240076690912247,0.1342153251171112,-0.7395300269126892
1788860620014854100,25.161854248046875,-0.08972988277673721,0.20845253765583038,-0.8159419298171997
1788860620024895200,25.171895263671875,-0.09132112562656403,0.30115583539009094,-0.8596654534339905
1788860620034936000,25.18193603515625,-0.0905354917049408,0.3869679570198059,-0.8882582187652588
1788860620044978200,25.191978271484373,-0.09179889410734177,0.4634169340133667,-0.912967324256897
1788860620055019300,25.202019287109376,-0.0876784548163414,0.5385652184486389,-0.9308067560195923
1788860620065060000,25.21206005859375,-0.05753306671977043,0.5418014526367188,-0.9373688101768494
1788860620075101200,25.22210107421875,-0.014454573392868042,0.4631407558917999,-0.9436162710189819
1788860620085143000,25.23214306640625,-0.008293616585433483,0.3828778862953186,-0.9647293090820312
1788860620095184100,25.24218408203125,-0.01164440531283617,0.35791605710983276,-1.003233790397644
1788860620105225000,25.252224853515624,0.0004719121498055756,0.3828911781311035,-1.0771338939666748
1788860620115266000,25.26226611328125,0.037391580641269684,0.38968250155448914,-1.1686999797821045
1788860620125308200,25.27230810546875,0.0657835379242897,0.34296801686286926,-1.2458940744400024
1788860620135349000,25.282348876953126,0.0579056441783905,0.31671589612960815,-1.2951381206512451
1788860620145390000,25.29239013671875,0.024171648547053337,0.3659955561161041,-1.3328533172607422
1788860620155431000,25.302430908203124,-0.021287711337208748,0.3969244360923767,-1.3622846603393555
1788860620165472000,25.312471923828124,-0.05201233550906181,0.3257405459880829,-1.3962754011154175
1788860620175514000,25.32251416015625,-0.07270589470863342,0.2649365961551666,-1.4471769332885742
1788860620185555200,25.33255517578125,-0.08576203882694244,0.23234722018241882,-1.5102144479751587
1788860620195596300,25.34259619140625,-0.09886159747838974,0.1927098035812378,-1.5923181772232056
1788860620205637000,25.35263720703125,-0.09588578343391418,0.1518332064151764,-1.6889901161193848
1788860620215679200,25.36267919921875,-0.09802670031785965,0.07362441718578339,-1.7727227210998535
1788860620225720000,25.372719970703123,-0.1031159982085228,0.009214537218213081,-1.8716366291046143
1788860620235761200,25.38276123046875,-0.08342538774013519,-0.06288868188858032,-1.8968676328659058
1788860620245802200,25.39280224609375,-0.05859726667404175,-0.09943018108606339,-1.840590000152588
1788860620255843000,25.402843017578125,-0.05202991142868996,-0.02364807203412056,-1.808232069015503
1788860620265885200,25.41288525390625,-0.04325932264328003,0.028305141255259514,-1.8086615800857544
1788860620275926000,25.422926025390623,-0.009891779161989689,-0.09772495925426483,-1.8033342361450195
1788860620285967000,25.432967041015626,0.024899223819375038,-0.25036484003067017,-1.8101524114608765
1788860620296008200,25.44300830078125,0.07080626487731934,-0.32200413942337036,-1.8460923433303833
1788860620306050000,25.453050048828125,0.1250159740447998,-0.3910162150859833,-1.9003359079360962
1788860620316091100,25.463091064453124,0.15775607526302338,-0.4759223163127899,-1.9478636980056763
1788860620326132000,25.473132080078123,0.16388507187366486,-0.48041296005249023,-1.9681389331817627
1788860620336173000,25.483173095703126,0.1457473486661911,-0.42900222539901733,-1.9628360271453857
1788860620346215000,25.49321484375,0.11213479191064835,-0.43174129724502563,-1.9690957069396973
1788860620356256000,25.503256103515625,0.06988054513931274,-0.49497270584106445,-1.985021948814392
1788860620366297000,25.513297119140624,0.048779524862766266,-0.5516013503074646,-1.989643931388855
1788860620376338000,25.523337890625,0.06419150531291962,-0.5992037653923035,-2.0086240768432617
1788860620386379300,25.533379150390626,0.09561733901500702,-0.6601960062980652,-1.9909083843231201
1788860620396421000,25.543421142578126,0.1267254501581192,-0.6270471215248108,-1.982184648513794
1788860620406462200,25.553462158203125,0.13730059564113617,-0.5679217576980591,-2.0123515129089355
1788860620416503300,25.56350341796875,0.14735163748264313,-0.5981979370117188,-2.0258641242980957
1788860620426544000,25.573544189453123,0.1591976433992386,-0.6575666666030884,-1.990326166152954
1788860620436586200,25.583586181640626,0.1737813800573349,-0.6514544486999512,-1.9884777069091797
1788860620446627000,25.593626953125,0.19905610382556915,-0.5624518990516663,-1.973736047744751
1788860620456668200,25.603668212890625,0.23068220913410187,-0.4423864781856537,-1.9512064456939697
1788860620466709200,25.613709228515624,0.25620993971824646,-0.3899208605289459,-1.9125651121139526
1788860620476750000,25.62375,0.2520005404949188,-0.42291104793548584,-1.8300098180770874
1788860620486792400,25.63379248046875,0.22097499668598175,-0.46904605627059937,-1.7333482503890991
1788860620496833300,25.643833251953126,0.13075828552246094,-0.440644234418869,-1.6888632774353027
1788860620506874400,25.653874267578125,0.021215805783867836,-0.37182149291038513,-1.6499757766723633
1788860620516915200,25.663915283203124,-0.05977039039134979,-0.32118070125579834,-1.611886978149414
1788860620526957300,25.673957275390624,-0.09120713919401169,-0.34645888209342957,-1.5524396896362305
1788860620536998100,25.683998046875,-0.11243946105241776,-0.3040618896484375,-1.4345988035202026
1788860620547039200,25.694039306640626,-0.11268527060747147,-0.16730670630931854,-1.3005189895629883
1788860620557080300,25.704080322265625,-0.09031444787979126,-0.05926039442420006,-1.1626559495925903
1788860620567121200,25.71412109375,-0.08396760374307632,-0.00583764910697937,-1.0118459463119507
1788860620577163300,25.724163330078124,-0.1077115461230278,0.06172861158847809,-0.8390741944313049
1788860620587204000,25.7342041015625,-0.13441985845565796,0.1077624186873436,-0.6879600286483765
1788860620597245200,25.7442451171875,-0.15530677139759064,0.11782996356487274,-0.5351121425628662
1788860620607286300,25.754286376953125,-0.1777670681476593,0.12189288437366486,-0.3640455901622772
1788860620617328000,25.764328125,-0.1986558437347412,0.13496287167072296,-0.19228023290634155
1788860620627369200,25.774369140625,-0.19348344206809998,0.14365516602993011,-0.028873194009065628
1788860620637410000,25.78441015625,-0.20251582562923431,0.09034933894872665,0.11620117723941803
1788860620647451100,25.794451171875,-0.23227611184120178,0.0968858003616333,0.25852903723716736
1788860620657492200,25.8044921875,-0.2654375433921814,0.17036721110343933,0.42745840549468994
1788860620667534000,25.8145341796875,-0.2763751447200775,0.190960094332695,0.5577412843704224
1788860620677575200,25.8245751953125,-0.2918451726436615,0.16698765754699707,0.6332991719245911
1788860620687616000,25.834615966796875,-0.3311137557029724,0.15070003271102905,0.7193168997764587
1788860620697657000,25.844656982421874,-0.3751424551010132,0.20605222880840302,0.907738447189331
1788860620707699200,25.85469921875,-0.4072212874889374,0.2163352370262146,1.1204015016555786
1788860620717740300,25.864740234375,-0.41967636346817017,0.2821595072746277,1.2952898740768433
1788860620727781400,25.874781494140624,-0.3970554769039154,0.4122224450111389,1.4493423700332642
1788860620737822200,25.884822265625,-0.346500962972641,0.5171025395393372,1.610987663269043
1788860620747863300,25.89486328125,-0.29241374135017395,0.5819856524467468,1.7752759456634521
1788860620757905200,25.9049052734375,-0.23857475817203522,0.6039865612983704,1.9006378650665283
1788860620767946200,25.9149462890625,-0.20334859192371368,0.6517141461372375,2.0199153423309326
1788860620777987300,25.9249873046875,-0.20340505242347717,0.7037760019302368,2.1551997661590576
1788860620788028200,25.935028076171875,-0.1856396347284317,0.6559836864471436,2.241699695587158
1788860620798070300,25.9450703125,-0.15713635087013245,0.5866968035697937,2.2643015384674072
1788860620808111000,25.955111083984374,-0.13794775307178497,0.5864525437355042,2.2998225688934326
1788860620818152200,25.965152099609377,-0.10413865000009537,0.5290811657905579,2.328869104385376
1788860620828193300,25.975193359375,-0.0652431845664978,0.43713071942329407,2.3207740783691406
1788860620838234000,25.985234130859375,-0.04146062582731247,0.4062918424606323,2.330887794494629
1788860620848276200,25.995276123046875,-0.0028988507110625505,0.3768292963504791,2.3414037227630615
1788860620858317000,26.005317138671874,0.046544864773750305,0.3508267402648926,2.3324294090270996
1788860620868358100,26.015358154296877,0.10130079090595245,0.34639203548431396,2.30104923248291
1788860620878399200,26.025399169921876,0.13938985764980316,0.327109694480896,2.266012191772461
1788860620888440000,26.035440185546875,0.15891773998737335,0.28023403882980347,2.2756898403167725
1788860620898482400,26.045482421875,0.16782814264297485,0.22118325531482697,2.2888875007629395
1788860620908523300,26.055523193359374,0.14834871888160706,0.14829465746879578,2.2967185974121094
1788860620918564400,26.065564453125,0.12278690189123154,0.051658399403095245,2.323303699493408
1788860620928605400,26.07560546875,0.11821266263723373,-0.049740925431251526,2.3554017543792725
1788860620938647300,26.085647216796875,0.10940079391002655,-0.1327710896730423,2.3899588584899902
1788860620948688400,26.0956884765625,0.07779359817504883,-0.19208288192749023,2.4010064601898193
1788860620958729200,26.105729248046874,0.06897320598363876,-0.2299189567565918,2.3702101707458496
1788860620968770300,26.115770263671877,0.09092697501182556,-0.3034578859806061,2.322227954864502
1788860620978811400,26.125811279296876,0.12631292641162872,-0.37440794706344604,2.283060073852539
1788860620988853200,26.135853271484375,0.17120690643787384,-0.39864033460617065,2.2589313983917236
1788860620998894300,26.145894287109375,0.20831139385700226,-0.3638341426849365,2.2302138805389404
1788860621008935200,26.15593505859375,0.21182356774806976,-0.3134221136569977,2.1901330947875977
1788860621018976300,26.165976318359377,0.17999400198459625,-0.3159704804420471,2.1167147159576416
1788860621029018000,26.17601806640625,0.13004881143569946,-0.38051164150238037,2.0346615314483643
1788860621039059200,26.18605908203125,0.07481911033391953,-0.40236449241638184,1.9714627265930176
1788860621049100300,26.196100341796875,0.02419082447886467,-0.3717743456363678,1.9191495180130005
1788860621059141000,26.20614111328125,-0.0008860336965881288,-0.3576020896434784,1.847253441810608
1788860621069182200,26.21618212890625,-0.012149606831371784,-0.33106768131256104,1.7571980953216553
1788860621079224000,26.22622412109375,-0.028806880116462708,-0.23396801948547363,1.6635783910751343
1788860621089265200,26.23626513671875,-0.033915091305971146,-0.1289587765932083,1.5641083717346191
1788860621099306200,26.24630615234375,-0.039373770356178284,-0.041372206062078476,1.467375636100769
1788860621109347300,26.256347412109374,-0.043961331248283386,0.06734335422515869,1.3781960010528564
1788860621119388400,26.266388427734373,-0.04301271587610245,0.14967045187950134,1.2938944101333618
1788860621129430300,26.27643017578125,-0.018250375986099243,0.14124687016010284,1.1899362802505493
1788860621139471400,26.286471435546876,0.015573366545140743,0.07395464926958084,1.0610952377319336
1788860621149512200,26.29651220703125,0.03666213899850845,-0.009918676689267159,0.9120663404464722
1788860621159553300,26.30655322265625,0.043775178492069244,-0.09721975773572922,0.7416775822639465
1788860621169595100,26.31659521484375,0.04755447059869766,-0.17701366543769836,0.55783611536026
1788860621179636200,26.32663623046875,0.0489150770008564,-0.21747373044490814,0.3721136450767517
1788860621189677300,26.33667724609375,0.022119417786598206,-0.18080946803092957,0.17647303640842438
1788860621199718100,26.34671826171875,-0.04463218152523041,-0.02720658667385578,-0.008843292482197285
1788860621209759200,26.35675927734375,-0.08528320491313934,0.18142572045326233,-0.1697901040315628
1788860621219801000,26.366801025390625,-0.08227836340665817,0.3471238613128662,-0.3079322576522827
1788860621229842200,26.37684228515625,-0.061403706669807434,0.48624634742736816,-0.4357839524745941
1788860621239883300,26.38688330078125,-0.036552686244249344,0.5689718723297119,-0.5459932684898376
1788860621249924000,26.396924072265627,-0.0067814732901751995,0.5735189318656921,-0.6299055218696594
1788860621259965200,26.406965087890626,0.006567355245351791,0.5077420473098755,-0.6976935863494873
1788860621270007000,26.417007080078125,0.008731706067919731,0.39715108275413513,-0.7639381289482117
1788860621280048000,26.427048095703125,0.010212424211204052,0.2801666855812073,-0.828238844871521
1788860621290089200,26.437089111328124,0.012613529339432716,0.2037065178155899,-0.8709841370582581
1788860621300130000,26.447130126953127,0.004072505980730057,0.2194138467311859,-0.8864145278930664
1788860621310171100,26.457171142578126,0.0013635384384542704,0.30492928624153137,-0.8813867568969727
1788860621320213200,26.467213134765625,0.033189911395311356,0.37697017192840576,-0.8745051026344299
1788860621330254300,26.47725439453125,0.07946766167879105,0.377471387386322,-0.8512381315231323
1788860621340295400,26.48729541015625,0.10602416843175888,0.33461713790893555,-0.8331827521324158
1788860621350336300,26.497336181640627,0.12185586243867874,0.26794490218162537,-0.8513572216033936
1788860621360378400,26.50737841796875,0.17229746282100677,0.11476866155862808,-0.920146107673645
1788860621370419200,26.517419189453125,0.2080986052751541,-0.05367068573832512,-1.0280851125717163
1788860621380460300,26.527460205078125,0.18865753710269928,-0.0860680416226387,-1.1188265085220337
1788860621390501000,26.537501220703124,0.12906476855278015,0.010207629762589931,-1.1898093223571777
1788860621400542000,26.5475419921875,0.04761572182178497,0.13384488224983215,-1.2533667087554932
1788860621410584000,26.557583984375,-0.01637577824294567,0.23307612538337708,-1.3130406141281128
1788860621420625000,26.567625,-0.05302992835640907,0.2939509451389313,-1.3572193384170532
1788860621430666000,26.577666015625,-0.09252940118312836,0.26042041182518005,-1.3390299081802368
1788860621440707000,26.58770703125,-0.13832750916481018,0.16053028404712677,-1.2764099836349487
1788860621450748000,26.597747802734375,-0.17640246450901031,0.1077866479754448,-1.2130392789840698
1788860621460790000,26.6077900390625,-0.20252461731433868,0.06308761984109879,-1.1928181648254395
1788860621470830800,26.617830810546874,-0.220882847905159,0.016888702288269997,-1.209688425064087
1788860621480872000,26.627871826171877,-0.24751126766204834,0.03498221933841705,-1.2431790828704834
1788860621490913000,26.6379130859375,-0.29432564973831177,0.10368112474679947,-1.3371436595916748
1788860621500953900,26.647953857421875,-0.3336789011955261,0.1706705391407013,-1.4806568622589111
1788860621510996000,26.657995849609375,-0.3446660339832306,0.14887523651123047,-1.5678333044052124
1788860621521036800,26.668036865234374,-0.33393484354019165,0.09616674482822418,-1.5551921129226685
1788860621531078000,26.678077880859377,-0.3220800459384918,0.12275175005197525,-1.5222002267837524
1788860621541119000,26.688118896484376,-0.30312231183052063,0.1165258139371872,-1.4404228925704956
1788860621551161000,26.6981611328125,-0.2830652594566345,0.05047702044248581,-1.3767048120498657
1788860621561202200,26.7082021484375,-0.2469504028558731,-0.014940333552658558,-1.4376251697540283
1788860621571243000,26.718242919921874,-0.22268633544445038,-0.0663451999425888,-1.5670615434646606
1788860621581284000,26.7282841796875,-0.2042045295238495,-0.11270257830619812,-1.7021021842956543
1788860621591325000,26.738324951171876,-0.16730563342571259,-0.22930988669395447,-1.749889612197876
1788860621601367000,26.748366943359375,-0.11612607538700104,-0.40590089559555054,-1.7416157722473145
1788860621611408000,26.758407958984375,-0.0713500827550888,-0.5039590001106262,-1.7884236574172974
1788860621621449000,26.768448974609374,-0.034204576164484024,-0.5171566009521484,-1.856053113937378
1788860621631490000,26.778489990234377,0.0013257216196507215,-0.5242752432823181,-1.8750723600387573
1788860621641531000,26.78853076171875,0.05232765153050423,-0.5615410804748535,-1.8587177991867065
1788860621651573000,26.798572998046875,0.10342332720756531,-0.6182405948638916,-1.8717734813690186
1788860621661613800,26.80861376953125,0.14663603901863098,-0.6473311185836792,-1.9322227239608765
1788860621671655000,26.818655029296874,0.19373032450675964,-0.6919025778770447,-1.9985073804855347
1788860621681696000,26.828696044921877,0.24604572355747223,-0.7275753617286682,-2.0639517307281494
1788860621691736800,26.83873681640625,0.2929117679595947,-0.7649096846580505,-2.149432420730591
1788860621701779000,26.848779052734375,0.297224760055542,-0.7296238541603088,-2.223210096359253
1788860621711819800,26.85881982421875,0.26786234974861145,-0.6698957681655884,-2.2096405029296875
1788860621721860900,26.86886083984375,0.24607688188552856,-0.5617696046829224,-2.2032992839813232
1788860621731902000,26.87890185546875,0.21456663310527802,-0.42576196789741516,-2.182941198348999
1788860621741942800,26.88894287109375,0.1840079128742218,-0.3752247393131256,-2.088545799255371
1788860621751985200,26.898985107421876,0.17072540521621704,-0.3504296541213989,-2.0547738075256348
1788860621762026000,26.90902587890625,0.1573036015033722,-0.3150847256183624,-2.047550678253174
1788860621772067000,26.919067138671874,0.13397857546806335,-0.317586213350296,-2.0047245025634766
1788860621782108200,26.929108154296873,0.10760076344013214,-0.33160457015037537,-1.9172474145889282
1788860621792149000,26.93914892578125,0.07257913053035736,-0.2825925350189209,-1.8305890560150146
1788860621802191000,26.949191162109376,0.007879494689404964,-0.21578103303909302,-1.734997272491455
1788860621812232000,26.95923193359375,-0.08874638378620148,-0.09475154429674149,-1.5974981784820557
1788860621822273000,26.96927294921875,-0.1647292971611023,-0.006472812965512276,-1.4624354839324951
1788860621832314000,26.979314208984373,-0.21849745512008667,-0.014666561037302017,-1.334386944770813
1788860621842355000,26.98935498046875,-0.25524187088012695,-0.01290594507008791,-1.214613914489746
1788860621852397000,26.99939697265625,-0.2338590919971466,0.06888905167579651,-1.0549981594085693
1788860621862438000,27.00943798828125,-0.1843986064195633,0.18839387595653534,-0.8784860372543335
1788860621872479000,27.01947900390625,-0.14864912629127502,0.3022352159023285,-0.6956813335418701
1788860621882520000,27.02952001953125,-0.13913898169994354,0.327411413192749,-0.47686028480529785
1788860621892562000,27.03956201171875,-0.13393330574035645,0.3388877809047699,-0.25169187784194946
1788860621902603000,27.04960302734375,-0.14549274742603302,0.41285839676856995,-0.02239239029586315
1788860621912643800,27.059643798828127,-0.15733769536018372,0.4930267333984375,0.17466820776462555
1788860621922685000,27.069684814453126,-0.16786304116249084,0.40029895305633545,0.2868237793445587
1788860621932726000,27.07972607421875,-0.18168510496616364,0.25811198353767395,0.36806803941726685
1788860621942767900,27.089767822265625,-0.2139090895652771,0.19157209992408752,0.4757779836654663
1788860621952809200,27.099809326171876,-0.2730232775211334,0.18767695128917694,0.6680307984352112
1788860621962850000,27.10985009765625,-0.30674636363983154,0.22242987155914307,0.8807238936424255
1788860621972891100,27.11989111328125,-0.28717663884162903,0.20222234725952148,1.0419236421585083
1788860621982932000,27.129931884765625,-0.2477930188179016,0.16703052818775177,1.1888667345046997
1788860621992974000,27.13997412109375,-0.21662817895412445,0.22971761226654053,1.331324577331543
1788860622003015200,27.15001513671875,-0.18780772387981415,0.2650820016860962,1.4883456230163574
1788860622013056000,27.160055908203127,-0.16153882443904877,0.286393940448761,1.667765736579895
1788860622023097000,27.17009716796875,-0.1327625811100006,0.3438979983329773,1.8312385082244873
1788860622033138000,27.180137939453125,-0.10901463776826859,0.3860590159893036,1.9391133785247803
1788860622043180000,27.190179931640625,-0.09705251455307007,0.4085794985294342,2.0355234146118164
1788860622053220900,27.200220947265624,-0.060799967497587204,0.45210328698158264,2.13700270652771
1788860622063262000,27.210261962890623,0.0041252365335822105,0.5053768754005432,2.231398582458496
1788860622073303000,27.220302978515626,0.03875352069735527,0.5200445055961609,2.292914867401123
1788860622083344000,27.23034375,0.035531360656023026,0.529962956905365,2.348123550415039
1788860622093386000,27.240385986328125,0.033545974642038345,0.5077428221702576,2.3907694816589355
1788860622103426800,27.2504267578125,0.019090604037046432,0.49172207713127136,2.43084979057312
1788860622113468000,27.260468017578123,-0.010525877587497234,0.501880943775177,2.456562042236328
1788860622123509000,27.270509033203126,-0.04219166189432144,0.4839158058166504,2.46193790435791
1788860622133549800,27.2805498046875,-0.049488987773656845,0.4306935966014862,2.4492785930633545
1788860622143592000,27.290592041015625,-0.04319434240460396,0.34143537282943726,2.410809278488159
1788860622153632800,27.3006328125,-0.035705000162124634,0.2747623324394226,2.4033377170562744
1788860622163673900,27.310673828125,-0.025552764534950256,0.24767957627773285,2.412870168685913
1788860622173715000,27.32071484375,-0.033494576811790466,0.22268393635749817,2.4337806701660156
1788860622183755800,27.330755859375,-0.038419827818870544,0.1289968639612198,2.4507505893707275
1788860622193798100,27.340798095703125,-0.02226908691227436,0.056288041174411774,2.4602153301239014
1788860622203839000,27.3508388671875,-0.009696569293737411,0.048169925808906555,2.473621129989624
1788860622213880000,27.360880126953123,-0.024633174762129784,0.01824318617582321,2.4919331073760986
1788860622223921200,27.370921142578126,-0.03795909881591797,-0.08360594511032104,2.478668689727783
1788860622233962000,27.3809619140625,-0.038480546325445175,-0.19374123215675354,2.434610366821289
1788860622244004000,27.391004150390625,-0.045161619782447815,-0.2950199246406555,2.3719232082366943
1788860622254045000,27.401044921875,-0.05646620690822601,-0.39430177211761475,2.331878662109375
1788860622264086000,27.4110859375,-0.07230216264724731,-0.44367891550064087,2.3091635704040527
1788860622274127000,27.421127197265626,-0.10141050815582275,-0.38336601853370667,2.2851383686065674
1788860622284168000,27.43116796875,-0.1245374009013176,-0.2781994044780731,2.254389762878418
1788860622294210000,27.4412099609375,-0.14322160184383392,-0.17748823761940002,2.1967878341674805
1788860622304251000,27.4512509765625,-0.13750194013118744,-0.1143697202205658,2.0907704830169678
1788860622314292000,27.4612919921875,-0.09824933856725693,-0.1359431892633438,1.94143807888031
1788860622324333000,27.4713330078125,-0.001062334980815649,-0.23024173080921173,1.804053544998169
1788860622334374000,27.481373779296874,0.06993114948272705,-0.22048842906951904,1.7012381553649902
1788860622344416000,27.491416015625,0.08322937786579132,-0.06833431869745255,1.6286101341247559
1788860622354456800,27.501456787109376,0.07614883035421371,0.07585987448692322,1.5565177202224731
1788860622364498000,27.511497802734375,0.06633774191141129,0.1321718841791153,1.4650051593780518
1788860622374539000,27.5215390625,0.04410247877240181,0.1818331778049469,1.342210292816162
1788860622384579800,27.531579833984374,0.03105671890079975,0.23721760511398315,1.2241421937942505
1788860622394622200,27.541622314453125,0.06844217330217361,0.17811593413352966,1.1020264625549316
1788860622404663000,27.5516630859375,0.14275555312633514,0.014994129538536072,0.9357743263244629
1788860622414704000,27.5617041015625,0.1845107227563858,-0.10580606013536453,0.7272871732711792
1788860622424745000,27.571744873046875,0.16665716469287872,-0.06203673779964447,0.5195550322532654
1788860622434786000,27.5817861328125,0.13077080249786377,0.0888688862323761,0.3479486405849457
1788860622444828200,27.591828125,0.10631445795297623,0.25282907485961914,0.18445612490177155
1788860622454869000,27.601868896484376,0.08845103532075882,0.3877141773700714,0.023060845211148262
1788860622464910000,27.61191015625,0.07701355963945389,0.4733017683029175,-0.11022557318210602
1788860622474951000,27.621950927734375,0.08495723456144333,0.48749110102653503,-0.2177238017320633
1788860622484992000,27.631991943359374,0.11628905683755875,0.4143734872341156,-0.30999886989593506
1788860622495034000,27.6420341796875,0.14173395931720734,0.28164365887641907,-0.42671990394592285
1788860622505075200,27.6520751953125,0.15559758245944977,0.16565100848674774,-0.5383188724517822
1788860622515116300,27.6621162109375,0.16966280341148376,0.06090942397713661,-0.6369239687919617
1788860622525157000,27.6721572265625,0.17469564080238342,-0.01565645821392536,-0.7375677824020386
1788860622535198200,27.6821982421875,0.14927257597446442,0.014991465955972672,-0.8217228651046753
1788860622545240000,27.692239990234373,0.12368811666965485,0.1522340029478073,-0.8772116899490356
1788860622555281200,27.70228125,0.11819588392972946,0.32011088728904724,-0.9003071784973145
1788860622565322200,27.712322265625,0.11115714907646179,0.43789878487586975,-0.8930788040161133
1788860622575363000,27.722363037109375,0.11663180589675903,0.49131646752357483,-0.8577889800071716
1788860622585404200,27.732404052734374,0.1509767323732376,0.4913633465766907,-0.8393676280975342
1788860622595446000,27.742446044921873,0.17956124246120453,0.4867408871650696,-0.8260888457298279
1788860622605487000,27.752487060546876,0.16987159848213196,0.5341326594352722,-0.814500093460083
1788860622615528200,27.762528076171876,0.15343137085437775,0.5832322835922241,-0.8316210508346558
1788860622625569000,27.772569091796875,0.14171931147575378,0.48249900341033936,-0.9001764059066772
1788860622635610000,27.782610107421874,0.13460654020309448,0.26100844144821167,-1.012425184249878
1788860622645652000,27.79265185546875,0.138265460729599,-0.044262003153562546,-1.120469570159912
1788860622655693000,27.802693115234376,0.11520355194807053,-0.32045072317123413,-1.2125433683395386
1788860622665734100,27.812734130859376,0.07771876454353333,-0.44903984665870667,-1.2645695209503174
1788860622675775000,27.82277490234375,0.0011014834744855762,-0.33166155219078064,-1.3035409450531006
1788860622685816000,27.832816162109374,-0.09556727111339569,-0.027231886982917786,-1.3749021291732788
1788860622695858000,27.84285791015625,-0.17899930477142334,0.2599274516105652,-1.4281619787216187
1788860622705899000,27.85289892578125,-0.21037960052490234,0.32636532187461853,-1.4344205856323242
1788860622715940000,27.862940185546876,-0.20162366330623627,0.20363940298557281,-1.4415533542633057
1788860622725981000,27.87298095703125,-0.18216314911842346,0.027403661981225014,-1.4748461246490479
1788860622736022000,27.88302197265625,-0.17421254515647888,-0.13651417195796967,-1.5212620496749878
1788860622746064100,27.893064208984374,-0.17083965241909027,-0.25621500611305237,-1.5940412282943726
1788860622756105200,27.903105224609376,-0.14438781142234802,-0.33017417788505554,-1.6687060594558716
1788860622766146300,27.913146240234376,-0.0999380499124527,-0.3829159438610077,-1.7291172742843628
1788860622776187100,27.923187255859375,-0.035838689655065536,-0.33248022198677063,-1.7832443714141846
1788860622786228200,27.933228271484374,0.023067502304911613,-0.1857893019914627,-1.8001266717910767
1788860622796270000,27.94327001953125,0.052270129323005676,-0.11334732919931412,-1.775496244430542
1788860622806311200,27.953311279296877,0.03668450936675072,-0.09490334242582321,-1.7518014907836914
1788860622816352300,27.963352294921876,0.005568936001509428,-0.13733309507369995,-1.6974868774414062
1788860622826393000,27.97339306640625,-0.013882259838283062,-0.1663849800825119,-1.628300666809082
1788860622836434200,27.98343408203125,-0.008607602678239346,-0.17051394283771515,-1.6248263120651245
1788860622846475000,27.99347509765625,0.04314161092042923,-0.21038812398910522,-1.718963384628296
1788860622856517000,28.00351708984375,0.11181947588920593,-0.2682764530181885,-1.8258185386657715
1788860622866558000,28.013557861328124,0.16336148977279663,-0.28165218234062195,-1.9069393873214722
1788860622876599000,28.02359912109375,0.201494500041008,-0.30229488015174866,-1.9596130847930908
1788860622886640000,28.03364013671875,0.23330622911453247,-0.3884662389755249,-2.019317865371704
1788860622896681000,28.043680908203125,0.23319970071315765,-0.5322204828262329,-2.0615551471710205
1788860622906723000,28.05372314453125,0.21526756882667542,-0.6032429933547974,-2.065371513366699
1788860622916764000,28.063763916015624,0.21600553393363953,-0.5720978379249573,-1.9975545406341553
1788860622926805000,28.073804931640623,0.20426632463932037,-0.5542032718658447,-1.8905607461929321
1788860622936846000,28.08384619140625,0.17808851599693298,-0.552087128162384,-1.862766146659851
1788860622946887000,28.093886962890625,0.16014279425144196,-0.5695899724960327,-1.9033743143081665
1788860622956929300,28.10392919921875,0.19258064031600952,-0.6481451988220215,-1.9503226280212402
1788860622966970000,28.11397021484375,0.2357795089483261,-0.716550886631012,-1.9893258810043335
1788860622977011200,28.12401123046875,0.26633474230766296,-0.7188127636909485,-2.030055522918701
1788860622987052300,28.13405224609375,0.3034141957759857,-0.6165297627449036,-2.0204107761383057
1788860622997093000,28.144093017578125,0.33736392855644226,-0.4595116674900055,-2.0040392875671387
1788860623007135200,28.15413525390625,0.34966105222702026,-0.3886915445327759,-1.9846150875091553
1788860623017176000,28.164176025390624,0.35847505927085876,-0.346616268157959,-1.957220196723938
1788860623027217200,28.174217041015623,0.3356429934501648,-0.37820109724998474,-1.874893069267273
1788860623037258200,28.18425830078125,0.2935967445373535,-0.42594465613365173,-1.7646832466125488
1788860623047299000,28.194299072265625,0.22525230050086975,-0.43227872252464294,-1.6568573713302612
1788860623057341200,28.204341064453125,0.14050091803073883,-0.40768733620643616,-1.5684093236923218
1788860623067382000,28.214382080078124,0.06812658905982971,-0.25203171372413635,-1.4842050075531006
1788860623077423000,28.224423095703123,0.005067729391157627,-0.09301888942718506,-1.3924803733825684
1788860623087464200,28.234464111328126,0.0139568280428648,-0.035304196178913116,-1.3039318323135376
1788860623097505000,28.244505126953126,0.047214116901159286,0.04018576815724373,-1.171574354171753
1788860623107547100,28.254547119140625,0.0841447040438652,0.17620699107646942,-1.007944941520691
1788860623117588000,28.264587890625,0.08002479374408722,0.27103015780448914,-0.8373700380325317
1788860623127629000,28.274629150390624,0.04071973264217377,0.3419501483440399,-0.653172492980957
1788860623137670100,28.284670166015626,-0.03802487999200821,0.3246806263923645,-0.4415989816188812
1788860623147711000,28.2947109375,-0.11964917182922363,0.28203195333480835,-0.2447868436574936
1788860623157752000,28.304751953125,-0.16749152541160583,0.26193439960479736,-0.07053542137145996
1788860623167794000,28.3147939453125,-0.17573480308055878,0.2236376255750656,0.08012626320123672
1788860623177835000,28.3248349609375,-0.1884354203939438,0.2419883906841278,0.25317394733428955
1788860623187876000,28.3348759765625,-0.2074250876903534,0.3204815983772278,0.447819322347641
1788860623197917000,28.3449169921875,-0.21723085641860962,0.320311963558197,0.6025699973106384
1788860623207958300,28.354958251953125,-0.2338140904903412,0.24857306480407715,0.69674152135849
1788860623218000100,28.365000244140624,-0.28900331258773804,0.2056703418493271,0.8001142740249634
1788860623228041200,28.375041259765624,-0.3900021016597748,0.15578453242778778,1.0130709409713745
1788860623238082000,28.38508203125,-0.4936288893222809,0.2097625434398651,1.2632502317428589
1788860623248123100,28.395123046875,-0.5446404218673706,0.30663424730300903,1.4555610418319702
1788860623258164200,28.405164306640625,-0.514276921749115,0.40343695878982544,1.6015055179595947
1788860623268206000,28.4152060546875,-0.4463804066181183,0.5350729823112488,1.750545859336853
1788860623278247200,28.4252470703125,-0.3605613708496094,0.6216747164726257,1.9142825603485107
1788860623288288000,28.4352880859375,-0.2878813147544861,0.6641539931297302,2.0662646293640137
1788860623298329000,28.4453291015625,-0.24325498938560486,0.6691288352012634,2.185974359512329
1788860623308370200,28.4553701171875,-0.23552970588207245,0.6423707008361816,2.272458076477051
1788860623318412000,28.465412109375,-0.22308342158794403,0.6092614531517029,2.2717368602752686
1788860623328453000,28.475453125,-0.20252273976802826,0.5859777331352234,2.2513487339019775
1788860623338494000,28.485493896484375,-0.2067457139492035,0.5488793849945068,2.2391397953033447
1788860623348535000,28.49553515625,-0.21039985120296478,0.5185041427612305,2.2231595516204834
1788860623358576000,28.505576171875,-0.21829238533973694,0.5141195058822632,2.254265546798706
1788860623368618000,28.515617919921876,-0.21519167721271515,0.4845658838748932,2.338815689086914
1788860623378659000,28.5256591796875,-0.166002556681633,0.4024457037448883,2.3933701515197754
1788860623388700000,28.535699951171875,-0.09082631021738052,0.2492913156747818,2.4151947498321533
1788860623398741000,28.545740966796874,-0.021646173670887947,0.11212440580129623,2.4167590141296387
1788860623408782000,28.555781982421873,0.03670661523938179,0.07536399364471436,2.405472755432129
1788860623418823000,28.565822998046876,0.07653019577264786,0.0828847661614418,2.397149085998535
1788860623428865000,28.575864990234376,0.0992530807852745,0.09763734042644501,2.4022722244262695
1788860623438905900,28.58590576171875,0.13911235332489014,0.10560179501771927,2.437580108642578
1788860623448947000,28.595947021484374,0.16640575230121613,0.06387592107057571,2.4940977096557617
1788860623458988000,28.605988037109373,0.17191369831562042,-0.01261060032993555,2.5230965614318848
1788860623469028900,28.61602880859375,0.16713972389698029,-0.11149590462446213,2.488935708999634
1788860623479071200,28.6260712890625,0.14765097200870514,-0.23191899061203003,2.3927109241485596
1788860623489112000,28.636112060546875,0.11066898703575134,-0.365407794713974,2.30932879447937
1788860623499153200,28.646153076171874,0.07396849989891052,-0.4509333670139313,2.265249729156494
1788860623509194200,28.6561943359375,0.022900521755218506,-0.47313931584358215,2.2701079845428467
1788860623519235000,28.666235107421876,-0.00552366254851222,-0.4292970299720764,2.280968427658081
1788860623529277200,28.676277099609376,-0.043654534965753555,-0.3517463207244873,2.2819571495056152
1788860623539318000,28.686318115234375,-0.07784419506788254,-0.26966023445129395,2.2558469772338867
1788860623549359000,28.696359130859374,-0.09517844766378403,-0.1962938755750656,2.206759452819824
1788860623559400200,28.706400146484373,-0.10519086569547653,-0.14796017110347748,2.136659622192383
1788860623569441000,28.71644091796875,-0.10535012185573578,-0.18623697757720947,2.0293848514556885
1788860623579482000,28.726482177734376,-0.07887057960033417,-0.32195591926574707,1.8946359157562256
1788860623589524000,28.73652392578125,-0.05507390573620796,-0.47322162985801697,1.759742021560669
1788860623599565000,28.74656494140625,-0.03820490837097168,-0.4661562442779541,1.6712009906768799
1788860623609606100,28.756606201171873,-0.0348285548388958,-0.28915777802467346,1.638043761253357
1788860623619647000,28.76664697265625,-0.04800401255488396,-0.12546710669994354,1.5919303894042969
1788860623629688000,28.77668798828125,-0.07416903227567673,-0.03894713148474693,1.5045973062515259
1788860623639730000,28.78672998046875,-0.08733916282653809,-0.012197543866932392,1.3771687746047974
1788860623649771000,28.79677099609375,-0.08230552822351456,-0.07087284326553345,1.2261220216751099
1788860623659812000,28.80681201171875,-0.08149699121713638,-0.11098483949899673,1.0605463981628418
1788860623669853000,28.81685302734375,-0.10394850373268127,-0.06151715666055679,0.8951305150985718
1788860623679894000,28.82689404296875,-0.0993119403719902,0.04890256002545357,0.7106938362121582
1788860623689936100,28.83693603515625,-0.07470246404409409,0.15538665652275085,0.5198621153831482
1788860623699977200,28.846977294921874,-0.05553330108523369,0.22444403171539307,0.3309693932533264
1788860623710018000,28.85701806640625,-0.03660621494054794,0.2621530592441559,0.12547670304775238
1788860623720059100,28.86705908203125,-0.035955335944890976,0.3100215196609497,-0.07809560000896454
1788860623730100200,28.877100341796876,-0.04963333159685135,0.3384944200515747,-0.25478753447532654
1788860623740141000,28.88714111328125,-0.024775387719273567,0.3325861990451813,-0.40384146571159363
1788860623750183200,28.89718310546875,-0.009438242763280869,0.3774349093437195,-0.5395628213882446
1788860623760224000,28.90722412109375,-0.016227172687649727,0.4663413465023041,-0.6383509039878845
1788860623770265000,28.91726513671875,0.02767397277057171,0.4650512933731079,-0.7017126083374023
1788860623780306200,28.92730615234375,0.05896957591176033,0.4146946668624878,-0.7412447929382324
1788860623790347000,28.937346923828127,0.06860888749361038,0.3903328478336334,-0.7590661644935608
1788860623800389000,28.94738916015625,0.09380266070365906,0.36382535099983215,-0.7944185733795166
1788860623810430000,28.957429931640625,0.08453565835952759,0.37696805596351624,-0.8244888186454773
1788860623820471000,28.967470947265625,0.06292916089296341,0.41531145572662354,-0.84124356508255
1788860623830512000,28.97751220703125,0.04580796882510185,0.40442603826522827,-0.8686286211013794
1788860623840553000,28.987552978515627,0.042147453874349594,0.4059371054172516,-0.8877836465835571
1788860623850595000,28.997594970703126,0.06003883481025696,0.45611295104026794,-0.9072393774986267
1788860623860636000,29.007635986328125,0.08485124260187149,0.5342583656311035,-0.9284008741378784
1788860623870677000,29.017677001953125,0.07643165439367294,0.6582220792770386,-0.9249626994132996
1788860623880718000,29.027718017578124,0.05436044558882713,0.7495381832122803,-0.9084447026252747
1788860623890759000,29.037759033203123,0.024599352851510048,0.7303833961486816,-0.9037282466888428
1788860623900800000,29.047800048828126,-0.014407169073820114,0.6282375454902649,-0.9317401647567749
1788860623910841900,29.057841796875,-0.04832226037979126,0.44590771198272705,-0.99007648229599
1788860623920883200,29.06788330078125,-0.05199103057384491,0.25842490792274475,-1.1119136810302734
1788860623930924300,29.07792431640625,-0.06857319921255112,0.10171304643154144,-1.307015299797058
1788860623940965000,29.087965087890623,-0.10033219307661057,-0.010122409090399742,-1.5146528482437134
1788860623951006200,29.098006103515626,-0.12536032497882843,-0.025227058678865433,-1.6420385837554932
1788860623961048000,29.108048095703126,-0.1550428420305252,0.12341940402984619,-1.6822307109832764
1788860623971089200,29.118089111328125,-0.18932917714118958,0.29141879081726074,-1.649621605873108
1788860623981130200,29.128130126953124,-0.19230419397354126,0.30051669478416443,-1.590375304222107
1788860623991171000,29.138171142578123,-0.1466839760541916,0.19290128350257874,-1.5982586145401
1788860624001212200,29.148212158203126,-0.04971908777952194,0.04482686147093773,-1.6875351667404175
1788860624011253000,29.1582529296875,0.05356628820300102,-0.0940423458814621,-1.7662837505340576
1788860624021295000,29.168295166015625,0.12555472552776337,-0.1544388383626938,-1.7813564538955688
1788860624031336200,29.178336181640624,0.15904290974140167,-0.18241694569587708,-1.7869669198989868
1788860624041377000,29.188376953125,0.17222769558429718,-0.22604352235794067,-1.8239670991897583
1788860624051418000,29.198418212890626,0.18430432677268982,-0.2203720510005951,-1.8574776649475098
1788860624061459000,29.208458984375,0.2052985578775406,-0.1843368113040924,-1.8621625900268555
1788860624071501000,29.2185009765625,0.21304889023303986,-0.2054695338010788,-1.8489514589309692
1788860624081542000,29.2285419921875,0.18738161027431488,-0.2699931263923645,-1.8963775634765625
1788860624091583000,29.2385830078125,0.1694185882806778,-0.3211972117424011,-1.9831055402755737
1788860624101624000,29.2486240234375,0.17113153636455536,-0.36951571702957153,-2.0323290824890137
1788860624111665000,29.258664794921874,0.1663287878036499,-0.45673826336860657,-2.0426177978515625
1788860624121706000,29.2687060546875,0.16051724553108215,-0.4884317219257355,-2.0974795818328857
1788860624131747800,29.278747802734376,0.18406064808368683,-0.4568442404270172,-2.1706817150115967
1788860624141789000,29.288788818359375,0.22150203585624695,-0.46848490834236145,-2.228926181793213
1788860624151830000,29.298830078125,0.2698061764240265,-0.5382975339889526,-2.278886318206787
1788860624161870800,29.308870849609374,0.3021518588066101,-0.6645444631576538,-2.3009629249572754
1788860624171912000,29.318911865234377,0.30708563327789307,-0.8076803088188171,-2.279858350753784
1788860624181954000,29.3289541015625,0.26222628355026245,-0.8099762201309204,-2.2512285709381104
1788860624191995100,29.3389951171875,0.20438162982463837,-0.710932731628418,-2.2243943214416504
1788860624202036200,29.3490361328125,0.17692230641841888,-0.6445230841636658,-2.1672003269195557
1788860624212077000,29.3590771484375,0.20952047407627106,-0.5590896606445312,-2.083496332168579
1788860624222118100,29.3691181640625,0.2607913911342621,-0.45287561416625977,-1.9865893125534058
1788860624232159200,29.3791591796875,0.2953437566757202,-0.3234294652938843,-1.884906530380249
1788860624242201000,29.389201171875,0.3459209203720093,-0.23350410163402557,-1.7916791439056396
1788860624252242200,29.3992421875,0.40367716550827026,-0.16023413836956024,-1.7180880308151245
1788860624262283000,29.409282958984374,0.427275151014328,-0.1885848343372345,-1.7053853273391724
1788860624272324000,29.419323974609377,0.4016616940498352,-0.3114127516746521,-1.7200754880905151
1788860624282365200,29.429365234375,0.3502562940120697,-0.4415305256843567,-1.7044034004211426
1788860624292407000,29.439406982421875,0.26729002594947815,-0.4870000183582306,-1.681575059890747
1788860624302448000,29.4494482421875,0.18340231478214264,-0.4956326484680176,-1.6006500720977783
1788860624312489000,29.459489013671874,0.13342677056789398,-0.4840756058692932,-1.5134671926498413
1788860624322530000,29.469530029296877,0.08995039761066437,-0.2796042263507843,-1.4265859127044678
1788860624332571100,29.479571044921876,0.07608038932085037,-0.08541050553321838,-1.2420293092727661
1788860624342613000,29.489613037109375,0.09104681760072708,-0.0112824821844697,-1.052547812461853
1788860624352654000,29.499654052734375,0.09742216020822525,-0.005591040477156639,-0.8822104334831238
1788860624362695000,29.50969482421875,0.07538557052612305,0.021216338500380516,-0.7056300640106201
1788860624372736000,29.519736083984377,0.0605272613465786,0.07094288617372513,-0.48440396785736084
1788860624382777000,29.529777099609376,0.04952893778681755,0.16853362321853638,-0.27977678179740906
1788860624392817200,29.539817138671875,0.03175739571452141,0.22775939106941223,-0.1255320906639099
1788860624402859300,29.549859375,0.017181117087602615,0.23119594156742096,0.036185700446367264
1788860624412900000,29.559900146484374,-0.006162022240459919,0.1651703119277954,0.21197697520256042
1788860624422941200,29.569941162109377,-0.011860121041536331,0.20643332600593567,0.3931073546409607
1788860624432982300,29.579982177734376,-0.002397910226136446,0.2703627943992615,0.5531880855560303
1788860624443023000,29.590023193359375,-0.012568788602948189,0.2670154571533203,0.6334866285324097
1788860624453064200,29.600064208984374,-0.045943256467580795,0.2209118753671646,0.7149820327758789
1788860624463106300,29.610106201171874,-0.06353956460952759,0.26733875274658203,0.8426262736320496
1788860624473147400,29.6201474609375,-0.09313979744911194,0.3208416700363159,0.9943047761917114
1788860624483188500,29.6301884765625,-0.1461137980222702,0.3148338496685028,1.1840819120407104
1788860624493229300,29.640229248046875,-0.20361357927322388,0.3318503797054291,1.4258023500442505
1788860624503270400,29.6502705078125,-0.24525129795074463,0.3997383415699005,1.6597243547439575
1788860624513312300,29.660312255859374,-0.26388677954673767,0.43259164690971375,1.8066866397857666
1788860624523353300,29.670353271484377,-0.24929077923297882,0.43785643577575684,1.8480513095855713
1788860624533394400,29.68039453125,-0.25463682413101196,0.45671346783638,1.8669294118881226
1788860624543435300,29.690435302734375,-0.2919463813304901,0.4597097933292389,1.9754588603973389
1788860624553476400,29.700476318359375,-0.3298591375350952,0.4747454822063446,2.116107225418091
1788860624563518200,29.710518310546874,-0.3792772889137268,0.5223372578620911,2.1934523582458496
1788860624573559300,29.720559326171873,-0.42024949193000793,0.5186761617660522,2.2532992362976074
1788860624583600400,29.730600341796876,-0.42093443870544434,0.44604751467704773,2.3091955184936523
1788860624593641200,29.74064111328125,-0.3907323479652405,0.39903634786605835,2.367825746536255
1788860624603682300,29.750682373046875,-0.39305993914604187,0.398393452167511,2.4262235164642334
1788860624613723400,29.760723388671874,-0.39479339122772217,0.40217727422714233,2.488370180130005
1788860624623765200,29.77076513671875,-0.3399610221385956,0.37387558817863464,2.5186266899108887
1788860624633806300,29.780806396484376,-0.27685609459877014,0.32788652181625366,2.5009114742279053
1788860624643847200,29.79084716796875,-0.2063843309879303,0.2788694500923157,2.504373550415039
1788860624653888300,29.80088818359375,-0.15052185952663422,0.2791956961154938,2.570340633392334
1788860624663929300,29.810929443359374,-0.13107305765151978,0.2974066436290741,2.636481523513794
1788860624673970200,29.82097021484375,-0.1379338949918747,0.26137566566467285,2.6450929641723633
1788860624684012300,29.83101220703125,-0.14600834250450134,0.16928623616695404,2.6023504734039307
1788860624694053400,29.841053466796875,-0.15038977563381195,0.021936990320682526,2.5438897609710693
1788860624704094500,29.851094482421875,-0.15838085114955902,-0.12054931372404099,2.5085268020629883
1788860624714135300,29.86113525390625,-0.15633128583431244,-0.20566074550151825,2.513234853744507
1788860624724176400,29.87117626953125,-0.12996838986873627,-0.28759050369262695,2.508960485458374
1788860624734218200,29.88121826171875,-0.09537658840417862,-0.40937551856040955,2.4629359245300293
1788860624744259300,29.89125927734375,-0.07725644111633301,-0.5620707869529724,2.3877925872802734
1788860624754300400,29.901300537109375,-0.026219885796308517,-0.6177377700805664,2.3147380352020264
1788860624764341200,29.91134130859375,0.013084109872579575,-0.5337608456611633,2.254856586456299
1788860624774382300,29.92138232421875,0.015545669943094254,-0.35507500171661377,2.197600841522217
1788860624784423400,29.93142333984375,0.001398159540258348,-0.1722087860107422,2.121899366378784
1788860624794465300,29.94146533203125,-0.02455008402466774,-0.09283273667097092,2.0319983959198
1788860624804506400,29.95150634765625,-0.019449330866336823,-0.06029769405722618,1.9424742460250854
1788860624814547200,29.961547119140626,0.04108884558081627,-0.022108497098088264,1.8746728897094727
1788860624824588300,29.97158837890625,0.11751464754343033,0.020809408277273178,1.7965914011001587
1788860624834629400,29.98162939453125,0.1741076111793518,0.05940740182995796,1.703025460243225
1788860624844670200,29.991670166015624,0.18468302488327026,0.09279970824718475,1.6061582565307617
1788860624854712300,30.00171240234375,0.16550907492637634,0.09736783057451248,1.5162566900253296
1788860624864753200,30.011753173828126,0.13148479163646698,0.03765976056456566,1.408052921295166
1788860624874794200,30.021794189453125,0.0947968140244484,-0.03732287138700485,1.2858269214630127
1788860624884835300,30.03183544921875,0.06462852656841278,-0.11601395159959793,1.1589586734771729
1788860624894876200,30.041876220703124,0.027100326493382454,-0.19394630193710327,1.0311062335968018
1788860624904917200,30.051917236328126,-0.033618148416280746,-0.20073896646499634,0.8916353583335876
1788860624914959000,30.061958984375,-0.09133763611316681,-0.14325515925884247,0.7271798849105835
1788860624925000400,30.07200048828125,-0.10157456248998642,-0.05534953996539116,0.5447373390197754
1788860624935041500,30.08204150390625,-0.08794743567705154,0.09682268649339676,0.33300405740737915
1788860624945082400,30.092082275390624,-0.08355268090963364,0.3367156982421875,0.1274825930595398
1788860624955123500,30.10212353515625,-0.10785269737243652,0.5869306325912476,-0.06532014906406403
1788860624965165300,30.112165283203126,-0.12770816683769226,0.6940967440605164,-0.24294234812259674
1788860624975206400,30.122206298828125,-0.12315601855516434,0.6458804607391357,-0.39498913288116455
1788860624985247500,30.13224755859375,-0.07792142778635025,0.5612963438034058,-0.5079822540283203
1788860624995288300,30.142288330078124,-0.010094712488353252,0.49860286712646484,-0.6015790700912476
1788860625005329400,30.152329345703127,0.05905266851186752,0.49799486994743347,-0.679926872253418
1788860625015370500,30.16237060546875,0.116062693297863,0.565311074256897,-0.7352843880653381
1788860625025412400,30.172412353515625,0.17773084342479706,0.6431496739387512,-0.7623314261436462
1788860625035453400,30.182453369140624,0.2266768217086792,0.7191914319992065,-0.7611335515975952
1788860625045494300,30.192494384765624,0.278207927942276,0.7731915712356567,-0.7484891414642334
1788860625055535400,30.202535400390627,0.33988115191459656,0.7943647503852844,-0.7616755366325378
1788860625065576200,30.212576171875,0.39990347623825073,0.8190213441848755,-0.788713812828064
1788860625075617300,30.2226171875,0.4380495250225067,0.8678286075592041,-0.8145602941513062
1788860625085659400,30.232659423828125,0.468668669462204,0.8733812570571899,-0.853115439414978
1788860625095700200,30.2427001953125,0.4902253746986389,0.7246322631835938,-0.9450591802597046
1788860625105741300,30.2527412109375,0.5314886569976807,0.445842981338501,-1.0730043649673462
1788860625115782100,30.2627822265625,0.5512669086456299,0.12810523808002472,-1.1508357524871826
1788860625125823200,30.2728232421875,0.5017927885055542,0.01344337034970522,-1.1934295892715454
1788860625135865000,30.282864990234376,0.4048018157482147,0.07419433444738388,-1.1869062185287476
1788860625145906200,30.29290625,0.27515512704849243,0.05013613775372505,-1.1682430505752563
1788860625155947300,30.302947265625,0.13847266137599945,-0.036848828196525574,-1.1680930852890015
1788860625165988000,30.312988037109374,-0.0075780246406793594,-0.04771532490849495,-1.1721101999282837
1788860625176029200,30.323029296875,-0.14286953210830688,-0.011386877857148647,-1.194274663925171
1788860625186070300,30.3330703125,-0.2591434121131897,-0.04050934314727783,-1.2544194459915161
1788860625196112400,30.3431123046875,-0.34461331367492676,-0.13427498936653137,-1.3322879076004028
1788860625206153500,30.353153564453127,-0.39302611351013184,-0.2773416042327881,-1.383927583694458
1788860625216194300,30.3631943359375,-0.4182766079902649,-0.370678186416626,-1.435537576675415
1788860625226235400,30.3732353515625,-0.411734014749527,-0.3973686695098877,-1.455176830291748
1788860625236276500,30.3832763671875,-0.3675175607204437,-0.5117753744125366,-1.474623441696167
1788860625246317300,30.3933173828125,-0.2737481892108917,-0.5871367454528809,-1.5871115922927856
1788860625256359400,30.403359375,-0.14751675724983215,-0.5165810585021973,-1.7223474979400635
1788860625266400300,30.413400146484374,-0.04815820977091789,-0.2999667525291443,-1.81355619430542
1788860625276441300,30.42344140625,0.01320874597877264,-0.021024059504270554,-1.7671362161636353
1788860625286482400,30.433482421875,0.00019893812714144588,0.24776585400104523,-1.6980890035629272
1788860625296523300,30.443523193359376,-0.06662989407777786,0.4056132733821869,-1.7094274759292603
1788860625306564400,30.453564453125,-0.09766983240842819,0.36779212951660156,-1.753859043121338
1788860625316606200,30.463606201171874,-0.06706292182207108,0.23150406777858734,-1.7847671508789062
1788860625326647300,30.473647216796873,-0.0004063983797095716,0.11649039387702942,-1.831176996231079
1788860625336688400,30.4836884765625,0.07942584902048111,0.025476597249507904,-1.861595630645752
1788860625346729200,30.493729248046876,0.1499447524547577,-0.10812327265739441,-1.8869467973709106
1788860625356770300,30.503770263671875,0.18264438211917877,-0.20839715003967285,-1.9291927814483643
1788860625366811400,30.513811279296874,0.18809373676776886,-0.2722080945968628,-1.9646437168121338
1788860625376853200,30.523853271484374,0.1644914746284485,-0.32740849256515503,-1.9726101160049438
1788860625386894300,30.533894287109376,0.1392124891281128,-0.37293097376823425,-1.9615696668624878
1788860625396935400,30.543935302734376,0.1314866542816162,-0.3716329336166382,-1.9418052434921265
1788860625406976500,30.5539765625,0.15015141665935516,-0.36313533782958984,-1.898937463760376
1788860625417017300,30.564017333984374,0.16193003952503204,-0.35729342699050903,-1.852920413017273
1788860625427059700,30.574059814453125,0.2086607962846756,-0.34467455744743347,-1.8713449239730835
1788860625437100500,30.5841005859375,0.27839353680610657,-0.36384478211402893,-1.9079005718231201
1788860625447141600,30.5941416015625,0.32872915267944336,-0.4186268150806427,-1.8864706754684448
1788860625457182700,30.6041826171875,0.3439302146434784,-0.4394322335720062,-1.8710054159164429
1788860625467223600,30.6142236328125,0.3391234576702118,-0.4387616515159607,-1.8597581386566162
1788860625477264600,30.6242646484375,0.3247482478618622,-0.4417015016078949,-1.8004204034805298
1788860625487306500,30.634306396484376,0.315788596868515,-0.4489993751049042,-1.745159387588501
1788860625497347600,30.64434765625,0.3134782910346985,-0.44354361295700073,-1.7001092433929443
1788860625507388700,30.654388671875,0.33301258087158203,-0.45654383301734924,-1.6420962810516357
1788860625517429500,30.664429443359374,0.36249831318855286,-0.511288046836853,-1.5551382303237915
1788860625527470600,30.674470703125,0.3789704740047455,-0.4604259133338928,-1.460789442062378
1788860625537511700,30.68451171875,0.3898705244064331,-0.33098962903022766,-1.3540797233581543
1788860625547553500,30.694553466796876,0.3963473439216614,-0.2157389521598816,-1.2555276155471802
1788860625557594600,30.7045947265625,0.3916090428829193,-0.046846069395542145,-1.2298674583435059
1788860625567635500,30.714635498046874,0.4086548686027527,0.055510129779577255,-1.2042872905731201
1788860625577676500,30.724676513671874,0.4428038001060486,0.047213319689035416,-1.1304682493209839
1788860625587717600,30.734717529296876,0.46190425753593445,-0.0007741809240542352,-1.092745304107666
1788860625597758500,30.744758544921876,0.4223959743976593,0.06380268186330795,-0.9534912705421448
1788860625607800600,30.754800537109375,0.3516696095466614,0.18095754086971283,-0.8089578151702881
1788860625617841400,30.76484130859375,0.282094806432724,0.21415837109088898,-0.6393094062805176
1788860625627882500,30.774882568359374,0.23020364344120026,0.17257337272167206,-0.45677128434181213
1788860625637923600,30.784923583984376,0.20705623924732208,0.14547304809093475,-0.2652055621147156
1788860625647964400,30.79496435546875,0.20340345799922943,0.13885855674743652,-0.05373992770910263
1788860625658005500,30.805005615234375,0.18318898975849152,0.21339190006256104,0.15855368971824646
1788860625668047600,30.815047607421874,0.13538499176502228,0.27609390020370483,0.3390268087387085
1788860625678088700,30.825088623046874,0.058393534272909164,0.2041667103767395,0.4621809422969818
1788860625688129500,30.835129638671877,-0.011114968918263912,0.06643281877040863,0.5913652777671814
1788860625698170600,30.845170654296876,-0.07841011881828308,0.052860286086797714,0.7251673340797424
1788860625708211700,30.855211669921875,-0.15418504178524017,0.11937486380338669,0.8775153160095215
1788860625718252500,30.86525244140625,-0.24684441089630127,0.1632174253463745,1.0221710205078125
1788860625728294700,30.875294677734374,-0.31026411056518555,0.0834842398762703,1.197287678718567
1788860625738335500,30.88533544921875,-0.3542606234550476,-0.03421895578503609,1.3361457586288452
1788860625748376600,30.89537646484375,-0.375832200050354,-0.03989175707101822,1.5021467208862305
1788860625758417700,30.905417724609375,-0.38600388169288635,0.09947279095649719,1.6894556283950806
1788860625768458500,30.91545849609375,-0.3756210207939148,0.27064961194992065,1.8061050176620483
1788860625778499600,30.92549951171875,-0.354574590921402,0.2777099013328552,1.848296046257019
1788860625788541400,30.93554150390625,-0.34229394793510437,0.21218496561050415,1.8724647760391235
1788860625798582500,30.94558251953125,-0.3258207142353058,0.24795681238174438,1.9111957550048828
1788860625808623600,30.95562353515625,-0.3092465400695801,0.35514745116233826,1.964453101158142
1788860625818664400,30.96566455078125,-0.30454790592193604,0.4262133538722992,2.028663158416748
1788860625828705500,30.97570556640625,-0.301972359418869,0.4179391860961914,2.07829213142395
1788860625838747400,30.985747314453125,-0.3034972846508026,0.39073073863983154,2.1379201412200928
1788860625848788500,30.99578857421875,-0.2926478385925293,0.3597823977470398,2.2251412868499756
1788860625858829600,31.00582958984375,-0.24586942791938782,0.27393168210983276,2.281568765640259
1788860625868870400,31.015870361328126,-0.19813784956932068,0.1237187460064888,2.2883541584014893
1788860625878911500,31.025911376953125,-0.19024930894374847,0.038842737674713135,2.3019509315490723
1788860625888952600,31.03595263671875,-0.18481139838695526,0.05877010524272919,2.3593204021453857
1788860625898993400,31.045993408203124,-0.1600770205259323,0.07630489021539688,2.426665782928467
1788860625909035500,31.056035400390623,-0.13142593204975128,0.05444246903061867,2.4914937019348145
1788860625919076400,31.066076416015626,-0.08100643754005432,-0.012257465161383152,2.548846960067749
1788860625929117700,31.07611767578125,-0.01233256608247757,-0.12519226968288422,2.5741899013519287
1788860625939158800,31.08615869140625,0.04392458125948906,-0.24565184116363525,2.5842771530151367
1788860625949199600,31.09619970703125,0.06729275733232498,-0.3498874306678772,2.579652786254883
1788860625959240700,31.10624072265625,0.07995874434709549,-0.4519232511520386,2.521796226501465
1788860625969282600,31.116282470703126,0.06019063666462898,-0.5377113819122314,2.4318349361419678
1788860625979323600,31.12632373046875,0.01588202826678753,-0.5720589756965637,2.3649768829345703
1788860625989364700,31.13636474609375,-0.023750603199005127,-0.5454039573669434,2.3411247730255127
1788860625999405600,31.146405517578124,-0.038964178413152695,-0.5189262628555298,2.3236827850341797
1788860626009446700,31.15644677734375,-0.04205557331442833,-0.4381650984287262,2.30418062210083
1788860626019487700,31.16648779296875,-0.04337943345308304,-0.34614676237106323,2.278588056564331
1788860626029529600,31.176529541015626,-0.05800284817814827,-0.30047595500946045,2.2227628231048584
1788860626039570700,31.18657080078125,-0.0811915248632431,-0.3095751702785492,2.119166135787964
1788860626049611500,31.196611572265624,-0.10136789828538895,-0.33525654673576355,1.9973939657211304
1788860626059652600,31.206652587890623,-0.11540116369724274,-0.339547723531723,1.878159999847412
1788860626069693400,31.216693359375,-0.12443087249994278,-0.31568071246147156,1.7819021940231323
1788860626079734500,31.226734619140625,-0.1325806826353073,-0.26065635681152344,1.6990411281585693
1788860626089776600,31.236776611328125,-0.13992488384246826,-0.17058105766773224,1.5978145599365234
1788860626099817500,31.2468173828125,-0.15477412939071655,-0.08021547645330429,1.4913874864578247
1788860626109858600,31.256858642578123,-0.163201704621315,-0.014519554562866688,1.3831348419189453
1788860626119899400,31.2668994140625,-0.14093580842018127,0.00481313094496727,1.2628624439239502
1788860626129940500,31.2769404296875,-0.1329098492860794,0.010793259367346764,1.1245871782302856
1788860626139981600,31.286981689453125,-0.14346182346343994,0.007531952112913132,0.9825546145439148
1788860626150023400,31.2970234375,-0.15496721863746643,-0.0003813646617345512,0.8262789845466614
1788860626160064500,31.307064453125,-0.158699631690979,0.004320978652685881,0.6665388941764832
1788860626170105300,31.317105224609374,-0.15558293461799622,0.0184120312333107,0.4908163249492645
1788860626180146400,31.327146484375,-0.1602434664964676,0.08433592319488525,0.3070235848426819
1788860626190187500,31.3371875,-0.17403544485569,0.21167176961898804,0.1213993951678276
1788860626200228400,31.347228271484376,-0.17783445119857788,0.3507918417453766,-0.05254443362355232
1788860626210270700,31.357270751953124,-0.14362294971942902,0.40920108556747437,-0.20587486028671265
1788860626220311600,31.3673115234375,-0.09542958438396454,0.458728164434433,-0.3453587293624878
1788860626230352600,31.3773525390625,-0.026322416961193085,0.521609365940094,-0.460629940032959
1788860626240393700,31.387393798828125,0.04779069125652313,0.5161924958229065,-0.560614824295044
1788860626250434600,31.3974345703125,0.09267720580101013,0.4662228226661682,-0.6434588432312012
1788860626260475600,31.4074755859375,0.1138213723897934,0.4933742880821228,-0.7054681777954102
1788860626270517500,31.417517578125,0.14526797831058502,0.5496423840522766,-0.7540522217750549
1788860626280558600,31.42755859375,0.17218774557113647,0.5615559816360474,-0.7904546856880188
1788860626290599700,31.437599609375,0.18269364535808563,0.5522543787956238,-0.8237519264221191
1788860626300640500,31.447640625,0.1845826357603073,0.5449874401092529,-0.8512921929359436
1788860626310681600,31.457681640625,0.18496185541152954,0.5294148325920105,-0.8780732154846191
1788860626320722700,31.46772265625,0.16897889971733093,0.5174420475959778,-0.8829681277275085
1788860626330764500,31.4777646484375,0.1574801653623581,0.5075803995132446,-0.8834767937660217
1788860626340805600,31.4878056640625,0.17447780072689056,0.4169120192527771,-0.8953534364700317
1788860626350846500,31.497846435546876,0.20793642103672028,0.26968100666999817,-0.9071967601776123
1788860626360887600,31.507887451171875,0.22014568746089935,0.15249526500701904,-0.9484725594520569
1788860626370928600,31.5179287109375,0.21211491525173187,0.12853427231311798,-1.040731430053711
1788860626380969500,31.527969482421874,0.18992918729782104,0.1659410297870636,-1.1542049646377563
1788860626391012000,31.53801220703125,0.14025937020778656,0.24368029832839966,-1.2519611120224
1788860626401053200,31.54805322265625,0.047091078013181686,0.36234089732170105,-1.325050711631775
1788860626411094300,31.55809423828125,-0.05145493522286415,0.4452877342700958,-1.3834301233291626
1788860626421135000,31.568135009765626,-0.10570885241031647,0.4152984023094177,-1.4363380670547485
1788860626431176200,31.57817626953125,-0.111729197204113,0.3208853304386139,-1.5071738958358765
1788860626441217300,31.58821728515625,-0.0815177634358406,0.2696535885334015,-1.5558820962905884
1788860626451259100,31.598259033203124,-0.05269889906048775,0.18533657491207123,-1.5635095834732056
1788860626461300200,31.60830029296875,-0.03445970639586449,0.05673012509942055,-1.57854425907135
1788860626471341000,31.618341064453126,-0.03187883645296097,-0.057382866740226746,-1.6135485172271729
1788860626481382100,31.628382080078126,-0.03538355603814125,-0.12280821055173874,-1.6575669050216675
1788860626491423200,31.63842333984375,-0.030124345794320107,-0.14964088797569275,-1.7134053707122803
1788860626501464000,31.648464111328124,-0.028684109449386597,-0.1334422081708908,-1.7602711915969849
1788860626511505200,31.658505126953123,-0.04432698339223862,-0.07787641882896423,-1.7862354516983032
1788860626521547000,31.668547119140626,-0.048945970833301544,-0.02322888933122158,-1.789867639541626
1788860626531588000,31.678588134765626,-0.053346578031778336,-0.009400691837072372,-1.7899500131607056
1788860626541629200,31.688629150390625,-0.052332181483507156,-0.019844012334942818,-1.7965117692947388
1788860626551670000,31.698669921875,-0.022974025458097458,-0.050384342670440674,-1.8025994300842285
1788860626561711000,31.708711181640624,0.025527464225888252,-0.12454032897949219,-1.8149477243423462
1788860626571752200,31.718752197265626,0.05997598543763161,-0.19543154537677765,-1.8464654684066772
1788860626581794300,31.728794189453126,0.07640662044286728,-0.21470217406749725,-1.924139142036438
1788860626591835100,31.738835205078125,0.10732033103704453,-0.2467498630285263,-1.9980717897415161
1788860626601876200,31.748876220703124,0.13543425500392914,-0.30630558729171753,-2.0526270866394043
1788860626611917300,31.758917236328124,0.13990730047225952,-0.3324035108089447,-2.091484785079956
1788860626621958100,31.768958251953126,0.11137073487043381,-0.3295621871948242,-2.095357656478882
1788860626631999200,31.778999267578126,0.05946865305304527,-0.37942615151405334,-2.097782850265503
1788860626642041000,31.789041015625,0.016083627939224243,-0.3895221948623657,-2.112760543823242
1788860626652082200,31.799082275390624,0.028373051434755325,-0.34606048464775085,-2.0813825130462646
1788860626662123300,31.809123291015624,0.0774814784526825,-0.30950939655303955,-2.0375430583953857
1788860626672164000,31.8191640625,0.11785579472780228,-0.3395266830921173,-2.0191612243652344
1788860626682205200,31.829205078125,0.13804414868354797,-0.39369988441467285,-2.0034217834472656
1788860626692246300,31.839246337890625,0.15261217951774597,-0.403435617685318,-1.9901304244995117
1788860626702288100,31.8492880859375,0.15515656769275665,-0.381130576133728,-1.9647899866104126
1788860626712329200,31.8593291015625,0.13668674230575562,-0.301742285490036,-1.924115777015686
1788860626722370000,31.8693701171875,0.12690255045890808,-0.20440666377544403,-1.8431780338287354
1788860626732411100,31.8794111328125,0.1466384381055832,-0.11222640424966812,-1.7661969661712646
1788860626742452200,31.8894521484375,0.1756594479084015,-0.06065322831273079,-1.6948492527008057
1788860626752493000,31.8994931640625,0.2050519436597824,-0.11161627620458603,-1.6260970830917358
1788860626762535200,31.90953515625,0.19083546102046967,-0.19472607970237732,-1.5796483755111694
1788860626772576000,31.919575927734375,0.13393622636795044,-0.25898414850234985,-1.5329275131225586
1788860626782617000,31.9296171875,0.06505356729030609,-0.29032236337661743,-1.4815380573272705
1788860626792658200,31.939658203125,0.03128814697265625,-0.27914562821388245,-1.3723583221435547
1788860626802699000,31.949698974609376,0.014427674934267998,-0.2665392756462097,-1.2761204242706299
1788860626812740000,31.959739990234375,0.009502691216766834,-0.30445870757102966,-1.1977801322937012
1788860626822782200,31.9697822265625,0.02250557579100132,-0.3346850574016571,-1.0638726949691772
1788860626832823300,31.9798232421875,0.05180247873067856,-0.2391478717327118,-0.8907434940338135
1788860626842864400,31.989864501953125,0.06465036422014236,-0.21061955392360687,-0.7488532066345215
1788860626852905200,31.9999052734375,0.049372874200344086,-0.14155952632427216,-0.6246843934059143
1788860626862946300,32.0099462890625,0.02834189310669899,0.013081447221338749,-0.45926398038864136
1788860626872987400,32.0199873046875,0.03488874062895775,0.10917256027460098,-0.285010427236557
1788860626883028200,32.0300283203125,0.06501708179712296,0.1853693276643753,-0.11427251249551773
1788860626893070300,32.0400703125,0.11905848234891891,0.19709895551204681,0.06436620652675629
1788860626903111200,32.050111083984376,0.13559883832931519,0.16230502724647522,0.2434139847755432
1788860626913152300,32.06015234375,0.13184617459774017,0.16737301647663116,0.4183906018733978
1788860626923193300,32.070193359375,0.10200652480125427,0.19904492795467377,0.5909618139266968
1788860626933234200,32.080234130859374,0.050876230001449585,0.2275756299495697,0.7412126064300537
1788860626943275300,32.09027514648437,0.003571032779291272,0.21181504428386688,0.8577882051467896
1788860626953317000,32.100317138671876,-0.05131751671433449,0.17989253997802734,0.9691261649131775
1788860626963358200,32.110358154296875,-0.12294349819421768,0.15012212097644806,1.0866097211837769
1788860626973399000,32.12039892578125,-0.19019630551338196,0.10879811644554138,1.216610312461853
1788860626983440100,32.130440185546874,-0.25376224517822266,0.08714209496974945,1.334535837173462
1788860626993481200,32.14048120117187,-0.3272572159767151,0.17364129424095154,1.4614375829696655
1788860627003522000,32.15052197265625,-0.349682092666626,0.3349098265171051,1.610907793045044
1788860627013564200,32.160564208984376,-0.3118540346622467,0.42273181676864624,1.7276735305786133
1788860627023605000,32.17060498046875,-0.23714224994182587,0.3921544551849365,1.7789455652236938
1788860627033646000,32.18064599609375,-0.1744740754365921,0.34097570180892944,1.7991474866867065
1788860627043687200,32.19068725585937,-0.1591600924730301,0.32379138469696045,1.8312002420425415
1788860627053728000,32.20072802734375,-0.19223202764987946,0.40712088346481323,1.9022599458694458
1788860627063769000,32.21076904296875,-0.2348141074180603,0.4518183171749115,1.975899577140808
1788860627073810200,32.22081005859375,-0.25729891657829285,0.394436776638031,2.041491746902466
1788860627083852300,32.230852294921874,-0.25090786814689636,0.3258412182331085,2.103813886642456
1788860627093893400,32.24089331054687,-0.2580813467502594,0.3257991373538971,2.1742544174194336
1788860627103934200,32.25093432617187,-0.26648440957069397,0.3185361623764038,2.240130662918091
1788860627113975300,32.26097534179687,-0.2538125514984131,0.2608742117881775,2.2817816734313965
1788860627124016400,32.27101635742188,-0.2280624657869339,0.21222330629825592,2.3362860679626465
1788860627134057200,32.28105712890625,-0.23921018838882446,0.20403622090816498,2.4044461250305176
1788860627144099300,32.29109936523437,-0.26164573431015015,0.18984156847000122,2.4440114498138428
1788860627154140200,32.30114013671875,-0.29254716634750366,0.1763092577457428,2.4548606872558594
1788860627164181200,32.31118115234375,-0.3094763457775116,0.17760328948497772,2.4592227935791016
1788860627174222300,32.32122241210938,-0.276675283908844,0.12869006395339966,2.436704158782959
1788860627184263200,32.33126318359375,-0.19878500699996948,0.025494441390037537,2.3943850994110107
1788860627194304300,32.34130419921875,-0.13459376990795135,-0.05440917983651161,2.36338472366333
1788860627204346000,32.35134619140625,-0.08365122228860855,-0.07470912486314774,2.3317346572875977
1788860627214387200,32.36138720703125,-0.05044453218579292,-0.057024404406547546,2.2749183177948
1788860627224428300,32.37142822265625,-0.03344051539897919,-0.02220490388572216,2.220879554748535
1788860627234469000,32.38146923828125,0.006562827620655298,0.009634518064558506,2.17454195022583
1788860627244510200,32.39151025390625,0.07155753672122955,-0.02106800116598606,2.143791437149048
1788860627254551300,32.40155126953125,0.14141198992729187,-0.07547105848789215,2.1356441974639893
1788860627264592100,32.41159204101562,0.20426125824451447,-0.09027876704931259,2.1270577907562256
1788860627274634200,32.42163427734375,0.26680800318717957,-0.06259386986494064,2.096369743347168
1788860627284675000,32.431675048828126,0.3189215362071991,-0.0000697748182574287,2.0524516105651855
1788860627294716200,32.441716064453125,0.3428764045238495,0.06019596382975578,1.9891937971115112
1788860627304757000,32.451757080078124,0.33258435130119324,0.0725005641579628,1.9160208702087402
1788860627314798000,32.461798095703124,0.3292580544948578,-0.009194297716021538,1.8304744958877563
1788860627324839200,32.47183911132812,0.34773266315460205,-0.1400122344493866,1.7422211170196533
1788860627334881000,32.481881103515626,0.3610234260559082,-0.21818533539772034,1.6581109762191772
1788860627344922400,32.49192236328125,0.36213237047195435,-0.19332098960876465,1.5745742321014404
1788860627354963200,32.501963134765624,0.3572414815425873,-0.11409594863653183,1.4959585666656494
1788860627365004300,32.51200439453125,0.3554348051548004,-0.0756303146481514,1.4041385650634766
1788860627375045400,32.52204541015625,0.3430473804473877,-0.0954090803861618,1.267361044883728
1788860627385086200,32.53208618164062,0.30533114075660706,-0.09009500592947006,1.0807056427001953
1788860627395126500,32.54212646484375,0.28266552090644836,-0.054613176733255386,0.8700469732284546
1788860627405169000,32.5521689453125,0.2848530411720276,-0.03518914431333542,0.6554428339004517
1788860627415209700,32.56220971679687,0.2817144989967346,-0.018789399415254593,0.429922878742218
1788860627425250800,32.57225073242188,0.2556738555431366,0.026263827458024025,0.21464093029499054
1788860627435291600,32.58229174804688,0.19344349205493927,0.12241379916667938,0.027603399008512497
1788860627445332700,32.59233276367188,0.14726614952087402,0.21931211650371552,-0.12049871683120728
1788860627455373800,32.602373779296876,0.14946486055850983,0.25691354274749756,-0.25377288460731506
1788860627465415700,32.61241577148437,0.17547355592250824,0.25096964836120605,-0.3560691475868225
1788860627475456800,32.62245678710938,0.2122315615415573,0.24238920211791992,-0.42532840371131897
1788860627485497600,32.63249755859375,0.2379467785358429,0.21805323660373688,-0.47570154070854187
1788860627495538700,32.64253857421875,0.2447490245103836,0.218622624874115,-0.5069327354431152
1788860627505579800,32.652579833984376,0.27326270937919617,0.1771841049194336,-0.5246036052703857
1788860627515620600,32.66262060546875,0.26107341051101685,0.0897623747587204,-0.5424352884292603
1788860627525661700,32.67266162109375,0.21114979684352875,0.028308337554335594,-0.5440406799316406
1788860627535703600,32.68270361328125,0.18046964704990387,-0.04085582122206688,-0.5611738562583923
1788860627545744600,32.69274462890625,0.15018950402736664,-0.09963364899158478,-0.6037772297859192
1788860627555785700,32.70278564453125,0.13639166951179504,-0.08229140937328339,-0.671040415763855
1788860627565826600,32.71282666015625,0.12552782893180847,-0.03033553436398506,-0.7542034983634949
1788860627575867600,32.72286767578125,0.09499042481184006,0.08338064700365067,-0.8310245275497437
1788860627585908700,32.73290869140625,0.04723915085196495,0.22299952805042267,-0.877934455871582
1788860627595950600,32.74295068359375,0.019640279933810234,0.3206901252269745,-0.9090098142623901
1788860627605991700,32.75299169921875,0.0035635759122669697,0.2763175964355469,-0.9352108240127563
1788860627616032500,32.76303247070312,-0.020967599004507065,0.12652438879013062,-0.9491477012634277
1788860627626073600,32.77307348632812,-0.0702430009841919,-0.028806347399950027,-0.9513589143753052
1788860627636114700,32.78311474609375,-0.1333673745393753,-0.1471971720457077,-0.9720247387886047
1788860627646155500,32.79315551757813,-0.20435793697834015,-0.19168634712696075,-1.0204825401306152
1788860627656196600,32.80319653320313,-0.26975664496421814,-0.17286765575408936,-1.0633962154388428
1788860627666238700,32.81323876953125,-0.34766635298728943,-0.07242173701524734,-1.1108449697494507
1788860627676279800,32.82327978515625,-0.41207969188690186,0.07740131765604019,-1.1527173519134521
1788860627686321000,32.83332080078125,-0.4380066394805908,0.16011297702789307,-1.1952639818191528
1788860627696361700,32.84336181640625,-0.42891088128089905,0.11744780093431473,-1.2630441188812256
1788860627706402800,32.85340283203125,-0.39354783296585083,0.05037049576640129,-1.3710637092590332
1788860627716444000,32.86344384765625,-0.33479902148246765,-0.021623004227876663,-1.4868279695510864
1788860627726485800,32.87348583984375,-0.27955707907676697,-0.18502764403820038,-1.5669094324111938
1788860627736526800,32.88352685546875,-0.2594028115272522,-0.27030232548713684,-1.6274819374084473
1788860627746567700,32.89356762695313,-0.2600078880786896,-0.24975550174713135,-1.6356991529464722
1788860627756608800,32.90360888671875,-0.27549654245376587,-0.17366233468055725,-1.6074012517929077
1788860627766649600,32.91364965820313,-0.274583637714386,-0.05055025964975357,-1.609790325164795
1788860627776690700,32.923690673828126,-0.26035940647125244,0.07197459042072296,-1.6617145538330078
1788860627786731800,32.933731689453126,-0.25245434045791626,0.10734429955482483,-1.714774250984192
1788860627796773600,32.94377368164062,-0.2430747002363205,0.08721400052309036,-1.7620993852615356
1788860627806814700,32.95381469726563,-0.22741371393203735,0.07515040785074234,-1.7802544832229614
1788860627816855600,32.96385546875,-0.19072946906089783,0.0691353976726532,-1.791114330291748
1788860627826896600,32.973896728515626,-0.13793842494487762,0.040110133588314056,-1.8205443620681763
1788860627836937700,32.983937744140626,-0.1111515536904335,0.009893910028040409,-1.8863036632537842
1788860627846978600,32.993978515625,-0.0972226932644844,-0.019533220678567886,-1.9378761053085327
1788860627857020700,33.00402075195313,-0.08580225706100464,-0.02468297630548477,-1.9372355937957764
1788860627867061500,33.0140615234375,-0.09156213700771332,0.004441353492438793,-1.904259204864502
1788860627877102600,33.0241025390625,-0.10214634239673615,0.0054392400197684765,-1.869732141494751
1788860627887143700,33.034143798828126,-0.06885655969381332,-0.04694513976573944,-1.8534178733825684
1788860627897184500,33.0441845703125,-0.005272526293992996,-0.2065579742193222,-1.8525755405426025
1788860627907225600,33.0542255859375,0.051842689514160156,-0.32446569204330444,-1.86748468875885
1788860627917266700,33.0642666015625,0.09113816916942596,-0.34987252950668335,-1.8505504131317139
1788860627927308800,33.07430883789063,0.12526310980319977,-0.31950050592422485,-1.8384674787521362
1788860627937350000,33.084349853515626,0.14138109982013702,-0.36861079931259155,-1.8826173543930054
1788860627947390700,33.094390625,0.13662469387054443,-0.4742831587791443,-1.9787944555282593
1788860627957431800,33.104431884765624,0.11001119017601013,-0.5986700654029846,-2.0356173515319824
1788860627967473000,33.11447290039062,0.08388877660036087,-0.5632244944572449,-2.0367887020111084
1788860627977513700,33.124513671875,0.09062018245458603,-0.4935774803161621,-2.0080575942993164
1788860627987554800,33.13455493164062,0.0927022397518158,-0.5373361706733704,-1.9968386888504028
1788860627997596700,33.1445966796875,0.12009977549314499,-0.5807531476020813,-2.0002505779266357
1788860628007637800,33.1546376953125,0.14758865535259247,-0.6066707372665405,-1.9601155519485474
1788860628017678800,33.164678955078124,0.1577795147895813,-0.5229313969612122,-1.8639522790908813
1788860628027719700,33.1747197265625,0.16649682819843292,-0.427906334400177,-1.7693732976913452
1788860628037760800,33.1847607421875,0.16477084159851074,-0.39424851536750793,-1.7033919095993042
1788860628047801900,33.1948017578125,0.1725214421749115,-0.42417845129966736,-1.6318061351776123
1788860628057843700,33.20484375,0.17753536999225616,-0.4207861125469208,-1.515477180480957
1788860628067884800,33.214884765625,0.16415724158287048,-0.3074480891227722,-1.3658969402313232
1788860628077925600,33.22492553710938,0.1579696536064148,-0.1972278505563736,-1.2247278690338135
1788860628087966700,33.234966796875,0.11062850803136826,-0.12360662966966629,-1.0945466756820679
1788860628098007600,33.24500756835938,0.0480671264231205,-0.06374728679656982,-0.9640901684761047
1788860628108048600,33.255048583984376,-0.017310013994574547,-0.09464608132839203,-0.7869566679000854
1788860628118089700,33.26508984375,-0.07543004304170609,-0.01787007786333561,-0.6159399151802063
1788860628128131600,33.27513159179688,-0.10343078523874283,0.05482436716556549,-0.39918574690818787
1788860628138172700,33.28517260742188,-0.09842190891504288,-0.05127890035510063,-0.22738362848758698
1788860628148213500,33.29521362304688,-0.09980861842632294,-0.15221935510635376,-0.09050966054201126
1788860628158254600,33.305254638671876,-0.11762730032205582,-0.19513726234436035,0.08161656558513641
1788860628168295700,33.315295654296875,-0.12801602482795715,-0.11074648797512054,0.2491091638803482
1788860628178336500,33.32533642578125,-0.13627448678016663,-0.0375998392701149,0.3990461826324463
1788860628188377600,33.335377685546874,-0.15405747294425964,-0.02977653779089451,0.5305283069610596
1788860628198419500,33.34541943359375,-0.17266178131103516,-0.04614698886871338,0.668654203414917
1788860628208460500,33.35546044921875,-0.20357629656791687,-0.03133608400821686,0.8224408626556396
1788860628218501600,33.365501708984375,-0.21829159557819366,0.005440305452793837,0.9470967650413513
1788860628228542700,33.375542724609375,-0.21479380130767822,0.08255027234554291,1.0396066904067993
1788860628238583800,33.385583740234374,-0.2062080353498459,0.16107863187789917,1.1169731616973877
1788860628248625000,33.395625,-0.20733614265918732,0.2235981971025467,1.1970254182815552
1788860628258666800,33.405666748046876,-0.21274422109127045,0.3172578513622284,1.268255591392517
1788860628268707800,33.415707763671875,-0.22300805151462555,0.4293479025363922,1.3189164400100708
1788860628278748700,33.425748779296875,-0.2367078810930252,0.5018018484115601,1.3435090780258179
1788860628288789800,33.435789794921874,-0.2609564960002899,0.5059963464736938,1.359847903251648
1788860628298830800,33.44583081054687,-0.293156236410141,0.4869861602783203,1.3939871788024902
1788860628308871700,33.45587158203125,-0.31906241178512573,0.45948290824890137,1.4523741006851196
1788860628318912800,33.46591284179687,-0.3026176691055298,0.5102797746658325,1.5707122087478638
1788860628328954600,33.47595458984375,-0.2671225070953369,0.5820796489715576,1.715126872062683
1788860628338995700,33.48599560546875,-0.251648485660553,0.6179659962654114,1.8472859859466553
1788860628349036800,33.49603686523437,-0.24145203828811646,0.6276993155479431,1.9821425676345825
1788860628359077600,33.50607763671875,-0.2176271378993988,0.6465483903884888,2.0975759029388428
1788860628369118700,33.51611865234375,-0.18107284605503082,0.6261328458786011,2.177037239074707
1788860628379159800,33.52615991210938,-0.13955922424793243,0.5735226273536682,2.229355812072754
1788860628389200600,33.53620068359375,-0.09753987193107605,0.5301469564437866,2.3002827167510986
1788860628399242800,33.54624267578125,-0.0552360899746418,0.5005906820297241,2.3856520652770996
1788860628409283800,33.55628393554687,-0.017247164621949196,0.4475919008255005,2.468106985092163
1788860628419325000,33.56632495117187,0.021276526153087616,0.3435603082180023,2.5207176208496094
1788860628429365800,33.57636572265625,0.05992032587528229,0.229792982339859,2.5282070636749268
1788860628439406800,33.58640673828125,0.08827953040599823,0.14361920952796936,2.511578321456909
1788860628449448000,33.59644799804688,0.11389940232038498,0.06908665597438812,2.484788656234741
1788860628459488800,33.60648876953125,0.12657125294208527,-0.044683050364255905,2.471128225326538
1788860628469531100,33.61653125,0.14256221055984497,-0.14704909920692444,2.4697422981262207
1788860628479572000,33.62657202148438,0.15492460131645203,-0.22128339111804962,2.4770584106445312
1788860628489613000,33.63661303710938,0.14694923162460327,-0.275559663772583,2.469435453414917
1788860628499654100,33.64665405273438,0.1211935356259346,-0.2959642708301544,2.4431493282318115
1788860628509695000,33.656695068359376,0.08008018881082535,-0.29876112937927246,2.406994581222534
1788860628519736000,33.666736083984375,0.0493643544614315,-0.3280141055583954,2.3366856575012207
1788860628529778000,33.67677783203125,0.03099573217332363,-0.3452135920524597,2.2510557174682617
1788860628539819000,33.68681909179688,0.020140688866376877,-0.33988139033317566,2.1666624546051025
1788860628549860000,33.69686010742188,0.007407848723232746,-0.30270206928253174,2.08050537109375
1788860628559901000,33.70690087890625,0.0012389025650918484,-0.26726073026657104,2.0041661262512207
1788860628569942000,33.71694189453125,-0.020471986383199692,-0.26983386278152466,1.9375252723693848
1788860628579983000,33.726983154296875,-0.04368329793214798,-0.3055306077003479,1.864420771598816
1788860628590024000,33.73702392578125,-0.06443385034799576,-0.3428846597671509,1.7855570316314697
1788860628600066000,33.74706616210938,-0.10875604301691055,-0.32193222641944885,1.7204347848892212
1788860628610107000,33.75710693359375,-0.1644432693719864,-0.2210191935300827,1.6789883375167847
1788860628620148000,33.76714794921875,-0.2062293291091919,-0.08666112273931503,1.6471976041793823
1788860628630189000,33.77718896484375,-0.1943492442369461,-0.00723580876365304,1.5946627855300903
1788860628640230000,33.78722998046875,-0.15834090113639832,0.0011627360945567489,1.5068706274032593
1788860628650271000,33.79727099609375,-0.1339021474123001,-0.01786874607205391,1.4037936925888062
1788860628660312000,33.80731201171875,-0.13602547347545624,-0.020201142877340317,1.3025587797164917
1788860628670354000,33.81735400390625,-0.13228799402713776,-0.03422295302152634,1.19142746925354
1788860628680395000,33.82739501953125,-0.12093574553728104,-0.035343609750270844,1.0619157552719116
1788860628690435800,33.83743579101562,-0.12088461220264435,-0.02323288470506668,0.9273808598518372
1788860628700477000,33.84747680664063,-0.1330976039171219,-0.01811562106013298,0.7884125709533691
1788860628710517800,33.85751782226563,-0.13199985027313232,-0.03880998119711876,0.6394907236099243
1788860628720558800,33.86755883789063,-0.12731561064720154,-0.02695172280073166,0.4755822420120239
1788860628730600000,33.877599853515626,-0.1303100734949112,0.0288191307336092,0.2959749400615692
1788860628740642000,33.88764208984375,-0.13614186644554138,0.13783057034015656,0.10617250949144363
1788860628750683100,33.89768310546875,-0.13812591135501862,0.22195503115653992,-0.07094314694404602
1788860628760724000,33.90772387695313,-0.10477621108293533,0.2563801109790802,-0.20990529656410217
1788860628770765000,33.91776513671875,-0.04669719934463501,0.27316388487815857,-0.3258358836174011
1788860628780806100,33.92780615234375,0.002329200739040971,0.3086529076099396,-0.4111641049385071
1788860628790847000,33.937846923828126,0.035647209733724594,0.29385000467300415,-0.4971189498901367
1788860628800888000,33.94788818359375,0.05162910744547844,0.2639288604259491,-0.5704759955406189
1788860628810930000,33.95792993164063,0.05746142938733101,0.252877801656723,-0.6332094073295593
1788860628820971000,33.96797094726563,0.054603591561317444,0.23391076922416687,-0.6855445504188538
1788860628831012000,33.97801220703125,0.040639571845531464,0.20709645748138428,-0.7271844148635864
1788860628841053000,33.988052978515626,0.0238222423940897,0.19785262644290924,-0.7567212581634521
1788860628851094000,33.998093994140625,0.027753867208957672,0.20547379553318024,-0.7776368856430054
1788860628861135000,34.008135009765624,0.015307583846151829,0.21243023872375488,-0.7956670522689819
1788860628871176000,34.01817602539062,0.009793775156140327,0.2279207855463028,-0.7990492582321167
1788860628881218000,34.028218017578126,0.010669688694179058,0.23138394951820374,-0.8066214323043823
1788860628891259000,34.0382587890625,-0.010154632851481438,0.23754997551441193,-0.8392022848129272
1788860628901300000,34.048300048828125,-0.01823120191693306,0.27131858468055725,-0.9027509093284607
1788860628911341000,34.058341064453124,0.006909837480634451,0.29644736647605896,-0.9680140614509583
1788860628921382000,34.0683818359375,0.025962624698877335,0.2977414131164551,-0.9959772229194641
1788860628931423000,34.07842309570312,0.009399360977113247,0.2980934679508209,-0.9895249009132385
1788860628941464000,34.08846411132812,-0.004659466445446014,0.29352375864982605,-1.0116246938705444
1788860628951506000,34.098505859375,-0.015841014683246613,0.23592092096805573,-1.0670194625854492
1788860628961547000,34.108547119140624,-0.034812841564416885,0.1981639564037323,-1.1314610242843628
1788860628971587800,34.118587890625,-0.0747125893831253,0.2565212547779083,-1.1909456253051758
1788860628981629000,34.12862890625,-0.11975675821304321,0.36549967527389526,-1.253363013267517
1788860628991670000,34.138669921875,-0.13520336151123047,0.40496745705604553,-1.2934362888336182
1788860629001710800,34.1487109375,-0.12300315499305725,0.32767292857170105,-1.340072512626648
1788860629011752000,34.158751953125,-0.10921543836593628,0.1760735660791397,-1.4040051698684692
1788860629021794000,34.1687939453125,-0.09285777062177658,0.03423679992556572,-1.4710196256637573
1788860629031835100,34.17883520507812,-0.07705750316381454,-0.03864859417080879,-1.5560756921768188
1788860629041876000,34.1888759765625,-0.07171173393726349,-0.035831499844789505,-1.6003574132919312
1788860629051917000,34.1989169921875,-0.07665323466062546,0.020855480805039406,-1.592374324798584
1788860629061958100,34.20895825195313,-0.06735986471176147,0.076566681265831,-1.5683579444885254
1788860629071999000,34.2189990234375,-0.05874666944146156,0.07400232553482056,-1.5452786684036255
1788860629082040000,34.2290400390625,-0.055632367730140686,0.07867350429296494,-1.5507874488830566
1788860629092082000,34.23908203125,-0.053520217537879944,0.10212237387895584,-1.579297423362732
1788860629102123000,34.249123046875,-0.03979215398430824,0.07170294970273972,-1.6262444257736206
1788860629112164000,34.2591640625,-0.016413860023021698,-0.01429558265954256,-1.6884859800338745
1788860629122205000,34.269204833984375,-0.0023726101499050856,-0.0995769202709198,-1.7297931909561157
1788860629132246000,34.27924609375,0.017592309042811394,-0.16241180896759033,-1.7204138040542603
1788860629142287000,34.289287109375,0.05320649594068527,-0.18335837125778198,-1.7204334735870361
1788860629152328000,34.29932788085937,0.046537142246961594,-0.18792356550693512,-1.7857615947723389
1788860629162370000,34.3093701171875,0.03127243369817734,-0.28370335698127747,-1.877655029296875
1788860629172411000,34.319410888671875,0.03558702394366264,-0.37453046441078186,-1.9565222263336182
1788860629182452000,34.329451904296874,0.04772890731692314,-0.39521628618240356,-1.9529016017913818
1788860629192493000,34.3394931640625,0.07620236277580261,-0.35780981183052063,-1.8731995820999146
1788860629202534000,34.34953393554687,0.1035333126783371,-0.2814393937587738,-1.8162503242492676
1788860629212575000,34.35957495117187,0.13283075392246246,-0.2938081920146942,-1.8207526206970215
1788860629222616000,34.36961596679687,0.18799494206905365,-0.40073809027671814,-1.8673920631408691
1788860629232658000,34.379657958984374,0.2608398497104645,-0.5549143552780151,-1.9454058408737183
1788860629242699000,34.389698974609374,0.3167420029640198,-0.5804564356803894,-1.9793888330459595
1788860629252739800,34.39973974609375,0.3318202793598175,-0.5339890718460083,-2.02099347114563
1788860629262781000,34.40978100585937,0.3151797950267792,-0.5170247554779053,-2.038102865219116
1788860629272822000,34.41982202148437,0.2999345064163208,-0.5554096698760986,-2.0577714443206787
1788860629282862800,34.42986279296875,0.2584187686443329,-0.5696554780006409,-2.079835891723633
1788860629292904000,34.43990405273438,0.21285633742809296,-0.5096653699874878,-2.0220212936401367
1788860629302946000,34.44994604492187,0.18978431820869446,-0.4179098904132843,-1.9219814538955688
1788860629312987100,34.45998706054687,0.18677520751953125,-0.36849573254585266,-1.849539041519165
1788860629323028000,34.47002807617187,0.1907411813735962,-0.36891305446624756,-1.7453135251998901
1788860629333069000,34.48006909179688,0.23669642210006714,-0.35025203227996826,-1.649167776107788
1788860629343110100,34.49011010742188,0.27070340514183044,-0.2755221128463745,-1.5793871879577637
1788860629353151000,34.50015087890625,0.29187631607055664,-0.2199515402317047,-1.5273306369781494
1788860629363192000,34.510192138671876,0.3045380711555481,-0.24504783749580383,-1.505933165550232
1788860629373234000,34.52023388671875,0.2907135784626007,-0.24488511681556702,-1.4611366987228394
1788860629383275000,34.53027490234375,0.25387755036354065,-0.24530775845050812,-1.3552736043930054
1788860629393315300,34.5403154296875,0.21018385887145996,-0.1699131429195404,-1.251657485961914
1788860629403356400,34.5503564453125,0.14803659915924072,-0.059654541313648224,-1.1014727354049683
1788860629413397200,34.56039721679687,0.08138513565063477,-0.015381619334220886,-0.99770188331604
1788860629423438300,34.57043823242188,0.05105146765708923,-0.01290487963706255,-0.8924726843833923
1788860629433479400,34.5804794921875,0.028803419321775436,-0.01495364960283041,-0.7380141019821167
1788860629443521300,34.590521240234374,0.006365487817674875,0.024635039269924164,-0.5613501667976379
1788860629453562400,34.60056225585937,-0.005648031830787659,0.08820469677448273,-0.4162195920944214
1788860629463603200,34.61060327148437,-0.017731592059135437,0.13933126628398895,-0.27901750802993774
1788860629473644300,34.62064428710938,-0.05131272226572037,0.11237794160842896,-0.1461028754711151
1788860629483685400,34.63068530273438,-0.0846850574016571,0.11453723162412643,0.023243537172675133
1788860629493726200,34.64072631835938,-0.08380887657403946,0.1785351186990738,0.1880631148815155
1788860629503767300,34.650767333984376,-0.07791956514120102,0.19516097009181976,0.34671854972839355
1788860629513809200,34.66080908203125,-0.09931513667106628,0.2210649996995926,0.49252209067344666
1788860629523850200,34.67085034179688,-0.12686526775360107,0.23539946973323822,0.6150287985801697
1788860629533891300,34.68089135742188,-0.14600726962089539,0.25869786739349365,0.7433324456214905
1788860629543932200,34.69093212890625,-0.1658899039030075,0.3255762457847595,0.8784087896347046
1788860629553973200,34.70097314453125,-0.18711183965206146,0.3814658522605896,1.0196352005004883
1788860629564014000,34.71101416015625,-0.20228572189807892,0.46620818972587585,1.1757546663284302
1788860629574055200,34.72105517578125,-0.20753774046897888,0.5309892892837524,1.3085229396820068
1788860629584096300,34.73109619140625,-0.21952542662620544,0.5433317422866821,1.3918126821517944
1788860629594138400,34.74113842773438,-0.21397113800048828,0.508821427822113,1.4579733610153198
1788860629604179500,34.751179443359376,-0.20858463644981384,0.44466081261634827,1.5472805500030518
1788860629614220300,34.76122021484375,-0.2206016182899475,0.4393853545188904,1.6588044166564941
1788860629624261400,34.771261474609375,-0.24448244273662567,0.4894096553325653,1.7831578254699707
1788860629634302500,34.781302490234374,-0.25138401985168457,0.5365835428237915,1.8839608430862427
1788860629644343300,34.79134326171875,-0.21203608810901642,0.5372732877731323,1.940544843673706
1788860629654384400,34.80138427734375,-0.1399288773536682,0.5354474186897278,1.9770705699920654
1788860629664426200,34.81142626953125,-0.06089770421385765,0.5625174045562744,2.047868013381958
1788860629674467300,34.82146728515625,-0.0075902752578258514,0.5763730406761169,2.1428067684173584
1788860629684508400,34.83150830078125,0.009333314374089241,0.5430014729499817,2.2140021324157715
1788860629694549200,34.84154931640625,0.010022540576756,0.47781237959861755,2.2717697620391846
1788860629704590300,34.85159033203125,-0.008975385688245296,0.40975263714790344,2.330288887023926
1788860629714631400,34.86163134765625,-0.018801916390657425,0.3376467525959015,2.3507094383239746
1788860629724672300,34.87167236328125,0.0027537085115909576,0.24196656048297882,2.3085765838623047
1788860629734714400,34.88171435546875,0.026550650596618652,0.1564154326915741,2.2697272300720215
1788860629744755200,34.89175512695312,0.04354987293481827,0.10508327931165695,2.27569580078125
1788860629754796300,34.90179638671875,0.0634215846657753,0.04952973499894142,2.288102865219116
1788860629764837400,34.91183740234375,0.09418029338121414,-0.04301724210381508,2.3037309646606445
1788860629774878200,34.92187817382813,0.11613006889820099,-0.1226353719830513,2.342848539352417
1788860629784919300,34.931919189453126,0.13073910772800446,-0.1158166155219078,2.381903648376465
1788860629794960400,34.94196044921875,0.14320403337478638,-0.070066437125206,2.4025986194610596
1788860629805002200,34.95200219726563,0.14584136009216309,-0.06333156675100327,2.4022583961486816
1788860629815043300,34.96204321289063,0.16296201944351196,-0.07844766974449158,2.3971991539001465
1788860629825084200,34.97208422851563,0.18283505737781525,-0.12024065852165222,2.4069135189056396
1788860629835125200,34.982125244140626,0.18814194202423096,-0.1925572007894516,2.415774345397949
1788860629845166000,34.992166015625,0.1636027842760086,-0.2936971187591553,2.397141695022583
1788860629855207200,35.002207275390624,0.13299107551574707,-0.36293160915374756,2.3475682735443115
1788860629865248300,35.012248291015624,0.08236304670572281,-0.38133883476257324,2.2930333614349365
1788860629875290400,35.02229028320313,0.012417521327733994,-0.3617797791957855,2.222165584564209
1788860629885331500,35.03233154296875,-0.030774690210819244,-0.34545353055000305,2.133237600326538
1788860629895372300,35.042372314453125,-0.05685609206557274,-0.38674426078796387,2.0490260124206543
1788860629905413400,35.052413330078124,-0.10461615771055222,-0.4461468458175659,1.9729083776474
1788860629915454500,35.062454345703124,-0.17518672347068787,-0.41644302010536194,1.9350945949554443
1788860629925495300,35.07249536132812,-0.22296570241451263,-0.27756422758102417,1.914191722869873
1788860629935536400,35.08253637695312,-0.21249495446681976,-0.17478805780410767,1.8829480409622192
1788860629945577500,35.09257739257812,-0.1911156326532364,-0.08520624041557312,1.8094805479049683
1788860629955619300,35.102619384765624,-0.20401518046855927,0.06247802451252937,1.7001631259918213
1788860629965660400,35.112660400390624,-0.21130211651325226,0.19496789574623108,1.568398118019104
1788860629975701200,35.122701171875,-0.17945285141468048,0.20501147210597992,1.4251999855041504
1788860629985742300,35.13274243164062,-0.13456180691719055,0.1013479232788086,1.2736788988113403
1788860629995783400,35.14278344726562,-0.10830916464328766,-0.005403287708759308,1.1232826709747314
1788860630005824300,35.15282421875,-0.10141530632972717,-0.03117283247411251,0.980959415435791
1788860630015865300,35.162865234375,-0.07942904531955719,-0.03122210130095482,0.8377149105072021
1788860630025907200,35.1729072265625,-0.03652365505695343,-0.06078878045082092,0.6683878898620605
1788860630035948300,35.1829482421875,0.007152718026190996,-0.09137491881847382,0.4875904321670532
1788860630045989400,35.1929892578125,0.0036823528353124857,-0.059243083000183105,0.304813951253891
1788860630056030200,35.2030302734375,-0.016644757241010666,0.04592008888721466,0.12855876982212067
1788860630066071300,35.2130712890625,-0.022821692749857903,0.15073172748088837,-0.03772181272506714
1788860630076112400,35.2231123046875,-0.021701300516724586,0.25822409987449646,-0.18196554481983185
1788860630086153200,35.2331533203125,0.004628574009984732,0.35225817561149597,-0.2936971187591553
1788860630096194300,35.2431943359375,0.05619562789797783,0.4445958435535431,-0.3702044188976288
1788860630106236200,35.253236083984376,0.09301649034023285,0.49567607045173645,-0.43254849314689636
1788860630116277200,35.26327734375,0.12984535098075867,0.4670489430427551,-0.4894666373729706
1788860630126318300,35.273318359375,0.16063708066940308,0.3670664131641388,-0.5539151430130005
1788860630136359200,35.283359130859374,0.16715064644813538,0.276300311088562,-0.6219607591629028
1788860630146400300,35.29340014648437,0.16893815994262695,0.2076176404953003,-0.6870185732841492
1788860630156441000,35.30344116210937,0.16825105249881744,0.14619183540344238,-0.7424269914627075
1788860630166482200,35.31348217773437,0.1503966897726059,0.1069626659154892,-0.7839264869689941
1788860630176524300,35.323524169921875,0.12185826152563095,0.097086600959301,-0.8120726346969604
1788860630186565400,35.3335654296875,0.08567415922880173,0.12753959000110626,-0.8302735090255737
1788860630196606500,35.3436064453125,0.060809023678302765,0.17808131873607635,-0.8455789685249329
1788860630206647300,35.35364721679687,0.051905274391174316,0.23625940084457397,-0.8580572009086609
1788860630216688400,35.3636884765625,0.03963582590222359,0.31059888005256653,-0.8718432784080505
1788860630226729500,35.3737294921875,0.03233583644032478,0.41422486305236816,-0.8921754956245422
1788860630236770300,35.38377026367188,0.03599927946925163,0.5144526958465576,-0.912599503993988
1788860630246812400,35.3938125,0.026766100898385048,0.5693542957305908,-0.9264500737190247
1788860630256853200,35.40385327148437,0.014619954861700535,0.5441874265670776,-0.949205219745636
1788860630266894300,35.41389428710937,0.015682555735111237,0.4435012638568878,-0.9983870983123779
1788860630276935400,35.42393530273438,-0.0021643510553985834,0.30934613943099976,-1.0767745971679688
1788860630286976300,35.43397631835938,-0.011721637099981308,0.12859340012073517,-1.1887503862380981
1788860630297017300,35.44401733398438,-0.029768548905849457,-0.03767094761133194,-1.2865922451019287
1788860630307058400,35.454058349609376,-0.0757291167974472,-0.06119890883564949,-1.3260231018066406
1788860630317099300,35.464099365234375,-0.13712430000305176,0.05687420070171356,-1.3387641906738281
1788860630327141400,35.47414135742188,-0.18287234008312225,0.2624902129173279,-1.360002875328064
1788860630337182200,35.48418212890625,-0.19248342514038086,0.3852691352367401,-1.3941123485565186
1788860630347223300,35.49422338867188,-0.17255765199661255,0.30599695444107056,-1.430702805519104
1788860630357264400,35.504264404296876,-0.13145042955875397,0.16664011776447296,-1.4989713430404663
1788860630367305200,35.51430517578125,-0.107219398021698,0.11153531819581985,-1.5942199230194092
1788860630377346300,35.52434619140625,-0.08944226801395416,0.04042864963412285,-1.6948436498641968
1788860630387387400,35.534387451171874,-0.0678967610001564,-0.03634016588330269,-1.7740339040756226
1788860630397430500,35.54443041992187,-0.039084021002054214,-0.08446189016103745,-1.7758756875991821
1788860630407471400,35.55447143554687,-0.013782924041152,-0.1320512443780899,-1.7008328437805176
1788860630417512400,35.56451245117187,0.004759068600833416,-0.14167937636375427,-1.650653600692749
1788860630427553500,35.57455346679688,0.02057664841413498,-0.10921889543533325,-1.664538025856018
1788860630437594400,35.58459448242188,0.04356585443019867,-0.09897611290216446,-1.7078667879104614
1788860630447635500,35.59463549804688,0.06710606813430786,-0.12245800346136093,-1.757798194885254
1788860630457676300,35.60467626953125,0.0829223170876503,-0.18377648293972015,-1.8118171691894531
1788860630467717400,35.61471728515625,0.07977046072483063,-0.3146410286426544,-1.8633935451507568
1788860630477759500,35.62475952148438,0.07471951097249985,-0.45772600173950195,-1.912756323814392
1788860630487800300,35.63480029296875,0.0895828828215599,-0.5306971669197083,-1.9271759986877441
1788860630497841400,35.64484130859375,0.10445823520421982,-0.5034522414207458,-1.8880670070648193
1788860630507882200,35.65488232421875,0.10432374477386475,-0.39684510231018066,-1.8458377122879028
1788860630517923300,35.66492333984375,0.11810613423585892,-0.35566914081573486,-1.850516676902771
1788860630527964400,35.67496435546875,0.1498504877090454,-0.4200612008571625,-1.8915964365005493
1788860630538005200,35.68500512695312,0.16937677562236786,-0.4955913722515106,-1.9506787061691284
1788860630548047600,35.69504760742188,0.2058786004781723,-0.5633363127708435,-2.0099313259124756
1788860630558088400,35.70508837890625,0.24537940323352814,-0.5551268458366394,-2.0514378547668457
1788860630568129500,35.715129638671876,0.2547089755535126,-0.4792238473892212,-2.0788097381591797
1788860630578170600,35.725170654296875,0.24000674486160278,-0.4357038140296936,-2.1235344409942627
1788860630588211500,35.73521142578125,0.2248149961233139,-0.5098955035209656,-2.132669448852539
1788860630598252500,35.74525244140625,0.18370404839515686,-0.5876017212867737,-2.087500810623169
1788860630608293600,35.75529370117187,0.11997247487306595,-0.5556227564811707,-2.0283567905426025
1788860630618334500,35.76533447265625,0.06530976295471191,-0.4662185609340668,-2.0078821182250977
1788860630628376600,35.77537646484375,0.049746252596378326,-0.41495805978775024,-1.969491720199585
1788860630638417400,35.78541748046875,0.05337640643119812,-0.47798067331314087,-1.9199780225753784
1788860630648458500,35.79545849609375,0.05211060494184494,-0.5566928386688232,-1.85417640209198
1788860630658499600,35.80549951171875,0.02947719767689705,-0.49620363116264343,-1.7840079069137573
1788860630668540400,35.81554052734375,-0.003876763628795743,-0.4149758815765381,-1.7164171934127808
1788860630678581500,35.82558154296875,-0.019401660189032555,-0.41575780510902405,-1.6839097738265991
1788860630688622600,35.83562255859375,-0.024210531264543533,-0.4327929615974426,-1.5915782451629639
1788860630698664400,35.84566455078125,-0.037463486194610596,-0.3522062599658966,-1.4701775312423706
1788860630708705500,35.85570556640625,-0.0543854758143425,-0.2155197709798813,-1.353789210319519
1788860630718746400,35.86574633789063,-0.06969146430492401,-0.0636114627122879,-1.2502821683883667
1788860630728787500,35.875787353515626,-0.06428737938404083,0.027095267549157143,-1.117094874382019
1788860630738828500,35.88582861328125,-0.06353236734867096,0.05897437036037445,-0.9844366908073425
1788860630748869400,35.895869384765625,-0.06890236586332321,0.12443993240594864,-0.8605285882949829
1788860630758910500,35.905910400390624,-0.06640538573265076,0.14141838252544403,-0.7474656701087952
1788860630768951300,35.91595141601562,-0.08681745082139969,0.09943604469299316,-0.6311875581741333
1788860630778993400,35.92599340820313,-0.12667565047740936,0.17151929438114166,-0.4870556890964508
1788860630789034200,35.9360341796875,-0.16546086966991425,0.2640569508075714,-0.3272508382797241
1788860630799075300,35.946075439453125,-0.18355996906757355,0.34710603952407837,-0.1724729686975479
1788860630809116400,35.956116455078124,-0.19691333174705505,0.33471086621284485,0.004914064891636372
1788860630819157200,35.9661572265625,-0.20035573840141296,0.28750449419021606,0.21018706262111664
1788860630829198300,35.9761982421875,-0.1886359602212906,0.30179286003112793,0.40885406732559204
1788860630839239400,35.98623950195312,-0.15152613818645477,0.34979236125946045,0.5758861899375916
1788860630849281500,35.996281494140625,-0.1296868920326233,0.3961627781391144,0.6968554854393005
1788860630859322600,36.006322509765624,-0.1134602501988411,0.39330095052719116,0.7934166789054871
1788860630869363500,36.016363525390624,-0.1225309744477272,0.38844868540763855,0.8840658664703369
1788860630879404500,36.02640454101562,-0.14496012032032013,0.3432271480560303,0.9846206903457642
1788860630889445600,36.03644555664062,-0.17429909110069275,0.31737396121025085,1.1314705610275269
1788860630899486500,36.04648657226563,-0.21475625038146973,0.3080081641674042,1.2874090671539307
1788860630909527600,36.05652758789063,-0.26677390933036804,0.2616094946861267,1.3835867643356323
1788860630919568600,36.06656860351563,-0.29363641142845154,0.2193738967180252,1.4156419038772583
1788860630929610500,36.07661059570312,-0.24712270498275757,0.22657188773155212,1.4272093772888184
1788860630939651600,36.08665161132812,-0.20475447177886963,0.2023853212594986,1.4589688777923584
1788860630949692400,36.0966923828125,-0.19156144559383392,0.18421697616577148,1.5405350923538208
1788860630959733500,36.1067333984375,-0.19089458882808685,0.2808090150356293,1.6842986345291138
1788860630969774600,36.11677465820313,-0.1822587549686432,0.4365624189376831,1.8372596502304077
1788860630979815400,36.1268154296875,-0.1389182060956955,0.549915075302124,1.925146460533142
1788860630989856500,36.1368564453125,-0.0596257783472538,0.6114468574523926,2.006324291229248
1788860630999897600,36.146897705078125,0.03121890500187874,0.6324805021286011,2.103748321533203
1788860631009939500,36.156939453125,0.10596558451652527,0.6404353976249695,2.17681884765625
1788860631019980500,36.16698046875,0.1445089727640152,0.6581978797912598,2.2264528274536133
1788860631030021400,36.177021484375,0.16476738452911377,0.6476005911827087,2.294069290161133
1788860631040062500,36.1870625,0.1921931505203247,0.5428116321563721,2.3381872177124023
1788860631050103600,36.197103515625,0.2086711823940277,0.4075757563114166,2.347827911376953
1788860631060144400,36.20714428710937,0.17562854290008545,0.3067205250263214,2.3514556884765625
1788860631070185500,36.217185546875,0.10396954417228699,0.17285752296447754,2.370309591293335
1788860631080226300,36.22722631835938,0.05026450380682945,-0.035959865897893906,2.383535623550415
1788860631090268400,36.237268310546874,0.002326004905626178,-0.19411754608154297,2.3861372470855713
1788860631100309200,36.24730932617187,-0.06668155640363693,-0.20497871935367584,2.402100086212158
1788860631110350300,36.25735034179687,-0.12414618581533432,-0.1278170794248581,2.429013967514038
1788860631120391400,36.26739135742187,-0.1639745533466339,-0.047929443418979645,2.4911327362060547
1788860631130432300,36.27743237304688,-0.16989609599113464,0.026936009526252747,2.552544355392456
1788860631140473300,36.28747338867188,-0.1518196165561676,0.06174885109066963,2.5625691413879395
1788860631150514400,36.29751440429688,-0.13862578570842743,-0.02195909433066845,2.497715950012207
1788860631160556500,36.307556640625,-0.1352827250957489,-0.14746242761611938,2.4043447971343994
1788860631170597600,36.31759765625,-0.13704200088977814,-0.1791985183954239,2.3365883827209473
1788860631180638500,36.32763842773438,-0.13038623332977295,-0.15795128047466278,2.3177926540374756
1788860631190679600,36.33767944335938,-0.12616592645645142,-0.17614440619945526,2.2921745777130127
1788860631200720600,36.347720703125,-0.14226925373077393,-0.22910642623901367,2.201904058456421
1788860631210761500,36.357761474609376,-0.1583789885044098,-0.29665589332580566,2.0788044929504395
1788860631220802600,36.367802490234375,-0.14883208274841309,-0.3478469252586365,1.994747281074524
1788860631230843600,36.37784375,-0.11685018986463547,-0.3159893751144409,1.9582018852233887
1788860631240885500,36.38788549804688,-0.0827055349946022,-0.18181799352169037,1.9369484186172485
1788860631250926600,36.39792651367188,-0.05588323995471001,-0.00301736150868237,1.9056999683380127
1788860631260967400,36.407967529296876,-0.018546253442764282,0.13541987538337708,1.8342244625091553
1788860631271008500,36.418008544921875,0.012626845389604568,0.16810724139213562,1.71880042552948
1788860631281049600,36.428049560546874,0.05425791069865227,0.10463053733110428,1.5800890922546387
1788860631291090400,36.43809033203125,0.08347944915294647,0.04801519587635994,1.4283115863800049
1788860631301131500,36.44813159179687,0.09973058849573135,0.013498231768608093,1.2687206268310547
1788860631311172600,36.45817260742187,0.09433049708604813,-0.007065898738801479,1.1114751100540161
1788860631321214500,36.46821435546875,0.0770532414317131,-0.009035838767886162,0.9723381996154785
1788860631331255600,36.478255615234374,0.0681215301156044,-0.04814143106341362,0.8445725440979004
1788860631341296400,36.48829638671875,0.07816324383020401,-0.12113707512617111,0.7109100818634033
1788860631351337500,36.49833740234375,0.08306772261857986,-0.13535010814666748,0.5803576707839966
1788860631361378300,36.50837841796875,0.07865273207426071,-0.07332960516214371,0.4636824429035187
1788860631371419400,36.51841943359375,0.07157564908266068,0.06030675023794174,0.3339521288871765
1788860631381460500,36.52846044921875,0.07224064320325851,0.22162507474422455,0.18524548411369324
1788860631391501300,36.538501220703125,0.08789549767971039,0.3347489535808563,0.039438750594854355
1788860631401543000,36.54854296875,0.1022089272737503,0.3661167323589325,-0.09033548831939697
1788860631411584000,36.558583984375,0.10523027926683426,0.3285147547721863,-0.21265368163585663
1788860631421624800,36.568624755859375,0.1037764623761177,0.22741957008838654,-0.31565436720848083
1788860631431666000,36.578666015625,0.09903629869222641,0.1516912579536438,-0.4024611711502075
1788860631441707000,36.58870703125,0.07578238099813461,0.06427112966775894,-0.4809298813343048
1788860631451747800,36.59874780273437,0.03994022682309151,-0.018367821350693703,-0.5515323877334595
1788860631461789000,36.60878881835937,-0.006469084415584803,-0.047441549599170685,-0.600881040096283
1788860631471830000,36.618830078125,-0.0406065471470356,-0.017723336815834045,-0.6328195333480835
1788860631481872000,36.628871826171874,-0.07662500441074371,0.054425958544015884,-0.6547157764434814
1788860631491913000,36.63891284179687,-0.11789068579673767,0.17219093441963196,-0.6699450612068176
1788860631501953800,36.64895385742187,-0.16602972149848938,0.28533053398132324,-0.6786666512489319
1788860631511995000,36.65899487304687,-0.19416707754135132,0.36438408493995667,-0.6805583238601685
1788860631522035700,36.66903564453125,-0.1900240033864975,0.3882193863391876,-0.6797835826873779
1788860631532076800,36.67907690429688,-0.15646123886108398,0.3628000319004059,-0.6959699988365173
1788860631542118000,36.68911791992188,-0.11232627183198929,0.32615840435028076,-0.7339680194854736
1788860631552158700,36.69915869140625,-0.07807110249996185,0.32906365394592285,-0.7996947765350342
1788860631562200800,36.70920092773437,-0.051407262682914734,0.37044757604599,-0.8788095712661743
1788860631572241700,36.71924169921875,-0.022587068378925323,0.4047594666481018,-0.9474379420280457
1788860631582282800,36.72928271484375,0.010696852579712868,0.3917531371116638,-1.0137690305709839
1788860631592323800,36.73932373046875,0.08106928318738937,0.3193492293357849,-1.0770201683044434
1788860631602364700,36.74936474609375,0.17780567705631256,0.18696776032447815,-1.136229395866394
1788860631612405800,36.75940576171875,0.2552357614040375,0.036015525460243225,-1.168869137763977
1788860631622446800,36.76944677734375,0.2601729929447174,-0.06731139868497849,-1.1520240306854248
1788860631632487700,36.77948779296875,0.2200721800327301,-0.07166673243045807,-1.130635142326355
1788860631642530000,36.78953002929688,0.15290698409080505,0.026188993826508522,-1.1922663450241089
1788860631652571000,36.79957080078125,0.10770169645547867,0.1691187173128128,-1.3466641902923584
1788860631662612000,36.809612060546876,0.07216740399599075,0.17025774717330933,-1.5021122694015503
1788860631672653000,36.819653076171875,0.0518869012594223,0.03334756940603256,-1.6139624118804932
1788860631682694000,36.82969384765625,0.03520858660340309,-0.10541617125272751,-1.6639299392700195
1788860631692735000,36.83973486328125,-0.001811482128687203,-0.20764879882335663,-1.6676520109176636
1788860631702776000,36.84977612304687,-0.026767166331410408,-0.24712882936000824,-1.6596169471740723
1788860631712818000,36.85981787109375,-0.011117898859083652,-0.2306302785873413,-1.6390703916549683
1788860631722859000,36.86985888671875,0.0158854890614748,-0.1687176525592804,-1.599098563194275
1788860631732899800,36.87989990234375,0.044381313025951385,-0.09589643776416779,-1.5621386766433716
1788860631742941000,36.88994091796875,0.0800572857260704,-0.07747109234333038,-1.5647038221359253
1788860631752982000,36.89998193359375,0.10132342576980591,-0.11435507237911224,-1.6249897480010986
1788860631763022800,36.91002294921875,0.11610610038042068,-0.13200943171977997,-1.7250745296478271
1788860631773064000,36.92006396484375,0.1490054577589035,-0.14881157875061035,-1.8101537227630615
1788860631783105000,36.93010498046875,0.18611155450344086,-0.23996520042419434,-1.8338963985443115
1788860631793145900,36.940145751953125,0.1868244707584381,-0.3249756991863251,-1.8189347982406616
1788860631803188000,36.95018798828125,0.15869909524917603,-0.3406803607940674,-1.7934024333953857
1788860631813228800,36.96022875976563,0.1348036229610443,-0.32734936475753784,-1.762728214263916
1788860631823270000,36.970269775390626,0.1013636365532875,-0.326516330242157,-1.7763268947601318
1788860631833310700,36.980310791015626,0.06363117694854736,-0.36808454990386963,-1.839550495147705
1788860631843351800,36.990351806640625,0.05410531163215637,-0.4419707655906677,-1.9322214126586914
1788860631853393000,37.000392822265624,0.07040918618440628,-0.6001694202423096,-1.98816978931427
1788860631863433700,37.01043383789062,0.08210445940494537,-0.6951649188995361,-1.9996094703674316
1788860631873474800,37.02047485351562,0.09324712306261063,-0.6088420152664185,-2.00551438331604
1788860631883516700,37.0305166015625,0.10103766620159149,-0.476021409034729,-2.01572585105896
1788860631893557800,37.040557861328125,0.09935028851032257,-0.4021138846874237,-2.0417582988739014
1788860631903598800,37.050598876953124,0.08798817545175552,-0.36283519864082336,-2.0465238094329834
1788860631913639700,37.0606396484375,0.07332374900579453,-0.37553632259368896,-2.008298635482788
1788860631923680800,37.0706806640625,0.06101062148809433,-0.35971078276634216,-1.949985384941101
1788860631933721900,37.08072192382812,0.05151538923382759,-0.31767651438713074,-1.8912813663482666
1788860631943762700,37.0907626953125,0.04773370176553726,-0.24593466520309448,-1.8505417108535767
1788860631953803800,37.1008037109375,0.09305564314126968,-0.22046072781085968,-1.7758407592773438
1788860631963846000,37.110845947265624,0.10327552258968353,-0.25916871428489685,-1.7100934982299805
1788860631973887000,37.12088696289062,0.06891275197267532,-0.269171804189682,-1.7121713161468506
1788860631983928000,37.13092797851562,0.014376542530953884,-0.21078281104564667,-1.7266147136688232
1788860631993969000,37.14096899414063,-0.003778226673603058,-0.1849469542503357,-1.7051365375518799
1788860632004010000,37.15101000976563,0.015925170853734016,-0.2327893078327179,-1.6708472967147827
1788860632014051000,37.16105102539063,0.02635011449456215,-0.28838545083999634,-1.611579179763794
1788860632024092000,37.171091796875,0.028014058247208595,-0.26102495193481445,-1.5196281671524048
1788860632034133000,37.181133056640626,0.019289275631308556,-0.1904226690530777,-1.408937931060791
1788860632044174800,37.1911748046875,0.00569889834150672,-0.06400641053915024,-1.317944049835205
1788860632054216000,37.2012158203125,0.0022218753583729267,-0.01630094274878502,-1.196590542793274
1788860632064257000,37.21125708007813,0.014154168777167797,0.0005811017472296953,-1.0408732891082764
1788860632074297900,37.2212978515625,0.023453926667571068,0.014389059506356716,-0.8767970204353333
1788860632084339000,37.2313388671875,0.019538547843694687,0.05151592195034027,-0.7184033989906311
1788860632094379800,37.2413798828125,-0.020019248127937317,0.05226986110210419,-0.5965337157249451
1788860632104420900,37.2514208984375,-0.04640957713127136,0.09737528860569,-0.4555739164352417
1788860632114462000,37.2614619140625,-0.031739287078380585,0.08255027234554291,-0.32468539476394653
1788860632124503800,37.27150390625,-0.001939846551977098,0.06593134254217148,-0.18318526446819305
1788860632134545000,37.281544921875,0.021574001759290695,0.0358770415186882,-0.0317789688706398
1788860632144585700,37.29158569335937,0.030316626653075218,0.013913950882852077,0.11754607409238815
1788860632154626800,37.30162670898437,0.030423419550061226,0.02955629490315914,0.2847457230091095
1788860632164668000,37.31166796875,0.043588489294052124,0.11266103386878967,0.45529934763908386
1788860632174708700,37.32170874023438,0.06399282813072205,0.1601065844297409,0.5807605981826782
1788860632184749800,37.33174975585938,0.07349046319723129,0.19418039917945862,0.7086471915245056
1788860632194791000,37.341791015625,0.07427023351192474,0.21651047468185425,0.8506671786308289
1788860632204831700,37.351831787109376,0.038549523800611496,0.14816389977931976,0.9766325354576111
1788860632214873900,37.36187377929687,-0.0003094593121204525,0.05422062799334526,1.0916513204574585
1788860632224914700,37.37191479492188,-0.036429379135370255,0.023243004456162453,1.1844466924667358
1788860632234955800,37.38195581054688,-0.10482468456029892,0.05391143634915352,1.280364751815796
1788860632244996900,37.39199682617188,-0.18898484110832214,0.09502851217985153,1.3686424493789673
1788860632255037700,37.40203759765625,-0.256767600774765,0.10150585323572159,1.4546241760253906
1788860632265078800,37.412078857421875,-0.2543124556541443,0.050867173820734024,1.5246431827545166
1788860632275119900,37.422119873046874,-0.2267596423625946,0.06708396226167679,1.5844836235046387
1788860632285160700,37.43216064453125,-0.20100128650665283,0.16479693353176117,1.6522935628890991
1788860632295203000,37.442203125,-0.17739608883857727,0.2748238444328308,1.7407968044281006
1788860632305244000,37.452243896484376,-0.1358688920736313,0.34880033135414124,1.845821738243103
1788860632315285000,37.462284912109375,-0.08023758232593536,0.3963095247745514,1.9316588640213013
1788860632325326000,37.472326171875,-0.04856247454881668,0.40444523096084595,1.9940365552902222
1788860632335367000,37.482366943359374,-0.040640901774168015,0.4017884433269501,2.0566823482513428
1788860632345408000,37.49240795898437,-0.06898465752601624,0.39554333686828613,2.096998929977417
1788860632355449000,37.50244897460937,-0.12650148570537567,0.37831002473831177,2.1077818870544434
1788860632365490000,37.51248999023438,-0.1694963574409485,0.3785289227962494,2.1078643798828125
1788860632375532000,37.522531982421874,-0.19561104476451874,0.38023149967193604,2.095804214477539
1788860632385572900,37.53257275390625,-0.21354690194129944,0.28647276759147644,2.056570529937744
1788860632395614000,37.54261401367187,-0.20774467289447784,0.105836421251297,2.034684419631958
1788860632405654800,37.55265478515625,-0.1979903131723404,-0.05156545713543892,2.061971426010132
1788860632415696000,37.56269580078125,-0.20510095357894897,-0.11994238197803497,2.123112201690674
1788860632425737000,37.57273706054688,-0.22301523387432098,-0.11742649227380753,2.212890625
1788860632435777800,37.58277783203125,-0.23613131046295166,-0.10933447629213333,2.3011837005615234
1788860632445819000,37.59281884765625,-0.21340975165367126,-0.14270815253257751,2.3584046363830566
1788860632455860000,37.60285986328125,-0.16337187588214874,-0.17081381380558014,2.3832099437713623
1788860632465901800,37.61290185546875,-0.11366424709558487,-0.12532463669776917,2.3970038890838623
1788860632475943000,37.62294287109375,-0.0591924823820591,-0.046787478029727936,2.3927927017211914
1788860632485983700,37.632983642578125,0.022523950785398483,-0.004209658596664667,2.3540806770324707
1788860632496024800,37.64302490234375,0.08280247449874878,-0.051425375044345856,2.2818005084991455
1788860632506066000,37.65306591796875,0.08188474923372269,-0.19709016382694244,2.211934804916382
1788860632516106800,37.66310668945312,0.046063631772994995,-0.35355648398399353,2.1586503982543945
1788860632526147800,37.67314794921875,0.01489479374140501,-0.432465136051178,2.1324257850646973
1788860632536189000,37.68318896484375,-0.024235565215349197,-0.4304232895374298,2.1254637241363525
1788860632546230800,37.693230712890625,-0.07175887376070023,-0.39712685346603394,2.1057865619659424
1788860632556271900,37.70327197265625,-0.10821222513914108,-0.30888381600379944,2.0571348667144775
1788860632566312700,37.71331274414062,-0.12979581952095032,-0.26891401410102844,1.9781537055969238
1788860632576353800,37.72335375976562,-0.13339240849018097,-0.23806902766227722,1.8966926336288452
1788860632586395000,37.73339477539062,-0.12993723154067993,-0.16742467880249023,1.8319517374038696
1788860632596435700,37.74343579101563,-0.10092874616384506,-0.11512339115142822,1.7805490493774414
1788860632606476800,37.75347680664063,-0.05678631737828255,-0.0875554159283638,1.7346230745315552
1788860632616518000,37.76351782226563,-0.002773682354018092,-0.043475836515426636,1.6835993528366089
1788860632626559700,37.77355981445312,0.03196671977639198,0.005276521202176809,1.5965269804000854
1788860632636600800,37.78360083007812,0.06409749388694763,0.04003210365772247,1.4892231225967407
1788860632646641700,37.7936416015625,0.07330483943223953,0.06976976245641708,1.368970513343811
1788860632656682800,37.80368286132813,0.051481831818819046,0.0967816710472107,1.2316946983337402
1788860632666723800,37.81372387695313,0.030891336500644684,0.11027031391859055,1.0701923370361328
1788860632676764700,37.8237646484375,0.028854284435510635,0.07970628142356873,0.8983182907104492
1788860632686805800,37.8338056640625,0.014194382354617119,0.027755998075008392,0.7247907519340515
1788860632696846800,37.843846923828124,-0.026498984545469284,0.01233496330678463,0.5517235994338989
1788860632706887700,37.8538876953125,-0.09355898201465607,0.027950141578912735,0.38687899708747864
1788860632716929800,37.8639296875,-0.14965181052684784,0.0860973373055458,0.23213815689086914
1788860632726971000,37.873970947265626,-0.1872369945049286,0.1575518101453781,0.07736270129680634
1788860632737012000,37.884011962890625,-0.18954622745513916,0.264760285615921,-0.06278295814990997
1788860632747052800,37.894052734375,-0.16225868463516235,0.39555370807647705,-0.17171716690063477
1788860632757094000,37.904093994140624,-0.10982929170131683,0.4979650378227234,-0.25445863604545593
1788860632767135000,37.91413500976562,-0.03899853304028511,0.561950147151947,-0.33732450008392334
1788860632777175800,37.92417578125,0.03211745619773865,0.5684972405433655,-0.41090816259384155
1788860632787217000,37.934216796875,0.06639580428600311,0.5074320435523987,-0.4614107608795166
1788860632797258800,37.9442587890625,0.10076629370450974,0.4061725437641144,-0.49173325300216675
1788860632807299800,37.9542998046875,0.12315868586301804,0.25047457218170166,-0.5077367424964905
1788860632817341000,37.9643408203125,0.12277145683765411,0.08190631866455078,-0.5178314447402954
1788860632827381800,37.9743818359375,0.1284988522529602,-0.06658994406461716,-0.5276821851730347
1788860632837422800,37.9844228515625,0.11518411338329315,-0.1320296674966812,-0.5606704950332642
1788860632847464000,37.9944638671875,0.0913911685347557,-0.11956341564655304,-0.6022658944129944
1788860632857504800,38.0045048828125,0.07984183728694916,-0.06958307325839996,-0.6545202732086182
1788860632867545900,38.0145458984375,0.07641301304101944,-0.005555087700486183,-0.7141732573509216
1788860632877587000,38.0245869140625,0.050947338342666626,0.07191413640975952,-0.7849448919296265
1788860632887628800,38.03462890625,0.0310434028506279,0.1630544364452362,-0.8545995950698853
1788860632897670000,38.044669921875,0.02400733157992363,0.24703961610794067,-0.9336251616477966
1788860632907710700,38.054710693359375,0.041975412517786026,0.33432045578956604,-1.0152007341384888
1788860632917751800,38.064751708984375,0.04995797201991081,0.4301367402076721,-1.0694581270217896
1788860632927793000,38.07479296875,0.039488285779953,0.49131619930267334,-1.0833888053894043
1788860632937833700,38.08483374023437,0.0424630381166935,0.47403573989868164,-1.0760161876678467
1788860632947874800,38.09487475585937,0.043711792677640915,0.35786306858062744,-1.1000381708145142
1788860632957916000,38.104916015625,0.05988996475934982,0.21829691529273987,-1.1249197721481323
1788860632967956700,38.11495678710938,0.06313928961753845,0.1401509791612625,-1.115161418914795
1788860632977998800,38.124998779296874,0.046069491654634476,0.20155681669712067,-1.1227657794952393
1788860632988039700,38.13503979492187,0.026673423126339912,0.32218071818351746,-1.1604948043823242
1788860632998080800,38.14508081054687,0.02088051475584507,0.3640173673629761,-1.1799851655960083
1788860633008121900,38.15512182617187,0.03160000219941139,0.2559276521205902,-1.2062807083129883
1788860633018162700,38.16516259765625,0.05047675594687462,0.10611258447170258,-1.2443742752075195
1788860633028203800,38.17520385742188,0.043350934982299805,0.08099418133497238,-1.2855297327041626
1788860633038244600,38.18524462890625,0.0229929331690073,0.15099218487739563,-1.3479549884796143
1788860633048285700,38.19528564453125,0.021259749308228493,0.18723273277282715,-1.4399269819259644
1788860633058327800,38.20532788085937,0.028872927650809288,0.15008936822414398,-1.5607247352600098
1788860633068369000,38.21536889648438,0.03786429017782211,0.11960949003696442,-1.6636931896209717
1788860633078410000,38.22540991210938,0.026916302740573883,0.08248315751552582,-1.6914492845535278
1788860633088450800,38.23545092773438,-0.014023407362401485,0.07036098092794418,-1.681284785270691
1788860633098492000,38.245491943359376,-0.057369817048311234,0.08954932540655136,-1.6529985666275024
1788860633108533000,38.255532958984375,-0.08816021680831909,0.11662621796131134,-1.6786894798278809
1788860633118573800,38.26557373046875,-0.06749968230724335,0.03726161643862724,-1.737544059753418
1788860633128615000,38.275614990234374,-0.023733824491500854,-0.13638393580913544,-1.7775108814239502
1788860633138656000,38.28565600585937,0.0018290589796379209,-0.26968127489089966,-1.7760722637176514
1788860633148697900,38.29569775390625,-0.0007430219557136297,-0.27958476543426514,-1.7555248737335205
1788860633158739000,38.305739013671875,0.004375573713332415,-0.2026873230934143,-1.7437635660171509
1788860633168779800,38.31577978515625,0.04754647985100746,-0.19001947343349457,-1.771467685699463
1788860633178820900,38.32582080078125,0.10560072958469391,-0.2645597457885742,-1.8198479413986206
1788860633188862000,38.33586206054687,0.1602349430322647,-0.34060606360435486,-1.842146635055542
1788860633198902800,38.34590283203125,0.19813598692417145,-0.3613906800746918,-1.8122965097427368
1788860633208943900,38.35594384765625,0.20367643237113953,-0.26419755816459656,-1.7455108165740967
1788860633218985000,38.36598486328125,0.18361777067184448,-0.10699542611837387,-1.7443745136260986
1788860633229025800,38.37602587890625,0.19252896308898926,-0.06328389793634415,-1.7976728677749634
1788860633239068000,38.38606787109375,0.2323368340730667,-0.17228707671165466,-1.8583812713623047
1788860633249108700,38.39610864257813,0.26792970299720764,-0.30777671933174133,-1.923365592956543
1788860633259149800,38.40614990234375,0.2958524227142334,-0.4217669367790222,-1.9762215614318848
1788860633269191000,38.41619091796875,0.30509865283966064,-0.4441281855106354,-1.9960218667984009
1788860633279231700,38.426231689453125,0.3187878429889679,-0.4868628680706024,-2.002877712249756
1788860633289272800,38.43627294921875,0.30309727787971497,-0.527957558631897,-1.980764389038086
1788860633299313700,38.446313720703124,0.24956588447093964,-0.520636260509491,-1.9937124252319336
1788860633309354800,38.45635473632812,0.19634847342967987,-0.4930376708507538,-2.0039587020874023
1788860633319395800,38.46639575195312,0.13330639898777008,-0.48342207074165344,-1.9303028583526611
1788860633329437700,38.476437744140625,0.0938873440027237,-0.4924032986164093,-1.785064935684204
1788860633339478800,38.486478759765625,0.08444537222385406,-0.5621112585067749,-1.73360276222229
1788860633349519600,38.49651953125,0.11616788804531097,-0.5294572114944458,-1.7421236038208008
1788860633359560700,38.50656079101562,0.17549672722816467,-0.4121715724468231,-1.6474876403808594
1788860633369601800,38.51660180664062,0.2192324846982956,-0.24935497343540192,-1.5224130153656006
1788860633379642600,38.526642578125,0.27259930968284607,-0.013623666949570179,-1.4391099214553833
1788860633389683700,38.53668359375,0.2921333312988281,0.1320672184228897,-1.3214423656463623
1788860633399725300,38.54672534179687,0.2824745774269104,0.14944514632225037,-1.226629376411438
1788860633409766400,38.55676635742188,0.2665592432022095,0.15392377972602844,-1.1205796003341675
1788860633419808500,38.56680859375,0.2717399001121521,0.17266498506069183,-0.9694377779960632
1788860633429849300,38.576849365234374,0.25458115339279175,0.17386473715305328,-0.8550379276275635
1788860633439890400,38.58689038085937,0.20543330907821655,0.19745901226997375,-0.7700860500335693
1788860633449931300,38.59693115234375,0.16875971853733063,0.2119673788547516,-0.6168360114097595
1788860633459972400,38.60697241210938,0.14199894666671753,0.20242874324321747,-0.46043044328689575
1788860633470013400,38.61701342773438,0.12874066829681396,0.23669083416461945,-0.3108404278755188
1788860633480054300,38.62705419921875,0.13965056836605072,0.31696197390556335,-0.10521750152111053
1788860633490095400,38.637095458984376,0.1386694610118866,0.3317137658596039,0.061279602348804474
1788860633500136400,38.647136474609376,0.11762143671512604,0.30438145995140076,0.16563530266284943
1788860633510178300,38.65717822265625,0.07485879212617874,0.3236244022846222,0.2813914716243744
1788860633520219400,38.66721948242188,-0.02155269682407379,0.2616358697414398,0.42738914489746094
1788860633530260200,38.67726025390625,-0.096441850066185,0.22346504032611847,0.6120734810829163
1788860633540301300,38.68730126953125,-0.149807870388031,0.29779866337776184,0.7998708486557007
1788860633550342400,38.69734228515625,-0.20587167143821716,0.32077643275260925,0.9443295001983643
1788860633560383200,38.70738330078125,-0.2629466652870178,0.35659512877464294,1.0534746646881104
1788860633570424300,38.71742431640625,-0.287996381521225,0.4070918560028076,1.1843844652175903
1788860633580465400,38.72746533203125,-0.251166969537735,0.4412221312522888,1.321083664894104
1788860633590507500,38.737507568359376,-0.20199570059776306,0.5033947229385376,1.4281089305877686
1788860633600548600,38.747548583984376,-0.1890045404434204,0.5718643069267273,1.5293843746185303
1788860633610589400,38.75758935546875,-0.19359023869037628,0.5837113857269287,1.627730131149292
1788860633620630500,38.767630615234374,-0.19998422265052795,0.5527843832969666,1.6923145055770874
1788860633630671600,38.77767163085937,-0.21853846311569214,0.5552126169204712,1.7340822219848633
1788860633640712400,38.78771240234375,-0.23644369840621948,0.5691124796867371,1.7866345643997192
1788860633650753500,38.79775341796875,-0.22352735698223114,0.5531486868858337,1.835524082183838
1788860633660794600,38.80779467773438,-0.1979072242975235,0.5633014440536499,1.8716813325881958
1788860633670835500,38.81783544921875,-0.1798994541168213,0.5961259603500366,1.905242681503296
1788860633680877600,38.82787768554687,-0.16694104671478271,0.6007968783378601,1.9654624462127686
1788860633690918400,38.83791845703125,-0.14182904362678528,0.592211902141571,2.033979654312134
1788860633700959500,38.84795947265625,-0.1286381334066391,0.5673108100891113,2.0998353958129883
1788860633711000300,38.85800024414063,-0.12376614660024643,0.5250171422958374,2.167004346847534
1788860633721041400,38.86804150390625,-0.12978994846343994,0.5017528533935547,2.222332000732422
1788860633731082500,38.87808251953125,-0.1405206322669983,0.4699065089225769,2.256490707397461
1788860633741123300,38.888123291015624,-0.15823863446712494,0.42644184827804565,2.2767815589904785
1788860633751164400,38.89816430664062,-0.17342132329940796,0.3176195025444031,2.304433584213257
1788860633761205500,38.90820556640625,-0.16971153020858765,0.15677176415920258,2.320681571960449
1788860633771246300,38.91824633789062,-0.1612461507320404,0.017661817371845245,2.335479259490967
1788860633781288400,38.928288330078125,-0.1587427705526352,-0.0328088141977787,2.3675408363342285
1788860633791329300,38.938329345703124,-0.14807814359664917,-0.07457676529884338,2.4152333736419678
1788860633801370400,38.948370361328124,-0.11833543330430984,-0.10881543159484863,2.4459891319274902
1788860633811411500,38.95841137695312,-0.1002938449382782,-0.09429401159286499,2.4653780460357666
1788860633821452300,38.96845239257812,-0.09136267006397247,-0.033771812915802,2.455263376235962
1788860633831493400,38.97849340820313,-0.065489262342453,-0.01998542621731758,2.4381842613220215
1788860633841534500,38.98853442382813,-0.027666248381137848,-0.10907375812530518,2.3937411308288574
1788860633851575300,38.9985751953125,0.02586888149380684,-0.23428361117839813,2.3343424797058105
1788860633861616400,39.008616455078126,0.08682996779680252,-0.30938634276390076,2.2789812088012695
1788860633871658200,39.018658203125,0.13565769791603088,-0.31401360034942627,2.183967351913452
1788860633881699300,39.02869921875,0.16963431239128113,-0.2916763126850128,2.070007562637329
1788860633891740400,39.03874047851563,0.21995659172534943,-0.27831336855888367,1.9508568048477173
1788860633901781200,39.04878125,0.2859925925731659,-0.3129435181617737,1.8518519401550293
1788860633911822300,39.058822265625,0.3309268057346344,-0.3288061022758484,1.799208164215088
1788860633921863400,39.068863525390626,0.34881922602653503,-0.22977007925510406,1.780876874923706
1788860633931904500,39.078904541015625,0.35392478108406067,-0.021798772737383842,1.7935564517974854
1788860633941945600,39.088945556640624,0.36884060502052307,0.14326554536819458,1.7799750566482544
1788860633951986400,39.098986328125,0.36835166811943054,0.21804578602313995,1.6929272413253784
1788860633962028500,39.109028564453126,0.34576353430747986,0.1767159104347229,1.549207091331482
1788860633972069400,39.1190693359375,0.3165092468261719,0.07748280465602875,1.422160267829895
1788860633982110500,39.1291103515625,0.3013409376144409,0.03984887897968292,1.3345673084259033
1788860633992151600,39.139151611328124,0.3036573529243469,0.03093181736767292,1.2774147987365723
1788860634002192400,39.1491923828125,0.32943248748779297,-0.06753243505954742,1.2043453454971313
1788860634012233500,39.1592333984375,0.3494269847869873,-0.2839270532131195,1.070708990097046
1788860634022274600,39.16927465820312,0.32645028829574585,-0.47197338938713074,0.8963049650192261
1788860634032315400,39.1793154296875,0.2601093351840973,-0.4945964217185974,0.731704592704773
1788860634042356500,39.1893564453125,0.16915546357631683,-0.36911094188690186,0.5723577737808228
1788860634052398300,39.1993984375,0.08076754957437515,-0.1891624629497528,0.40273600816726685
1788860634062439400,39.209439453125,0.010895790532231331,-0.006444317288696766,0.2327224612236023
1788860634072480500,39.21948046875,-0.032646626234054565,0.1653815060853958,0.09514275938272476
1788860634082521300,39.22952124023438,-0.03586665540933609,0.30720362067222595,-0.012996225617825985
1788860634092562400,39.2395625,-0.044743768870830536,0.37491369247436523,-0.1001172810792923
1788860634102603500,39.249603515625,-0.07095327228307724,0.34540772438049316,-0.183133065700531
1788860634112644400,39.259644287109374,-0.0944303646683693,0.25042715668678284,-0.26488760113716125
1788860634122685400,39.269685546875,-0.10641991347074509,0.12709669768810272,-0.34526896476745605
1788860634132726500,39.2797265625,-0.11717163026332855,0.021507423371076584,-0.4231214225292206
1788860634142767400,39.28976733398437,-0.13726943731307983,-0.028007399290800095,-0.4878423810005188
1788860634152809500,39.2998095703125,-0.14443548023700714,-0.03756708279252052,-0.5391122102737427
1788860634162850300,39.309850341796874,-0.1273832619190216,-0.04354534670710564,-0.5744688510894775
1788860634172891400,39.319891357421874,-0.0923917144536972,-0.021466143429279327,-0.5979536771774292
1788860634182932500,39.32993237304687,-0.068506620824337,0.03808772936463356,-0.6012732982635498
1788860634192973300,39.33997338867187,-0.0833795815706253,0.14302825927734375,-0.6191452741622925
1788860634203014400,39.35001440429688,-0.06825362145900726,0.2987701892852783,-0.6932823657989502
1788860634213055500,39.36005541992188,-0.02021339163184166,0.4278850257396698,-0.7625013589859009
1788860634223096300,39.37009643554688,0.023577231913805008,0.516971230506897,-0.7958329319953918
1788860634233137400,39.380137451171876,0.05864493548870087,0.6163271069526672,-0.8151427507400513
1788860634243179300,39.39017919921875,0.10606997460126877,0.69038325548172,-0.8539138436317444
1788860634253220400,39.40022045898438,0.1532428115606308,0.6425949335098267,-0.9068244695663452
1788860634263261400,39.41026147460938,0.17463599145412445,0.451440691947937,-0.9303053021430969
1788860634273302300,39.42030224609375,0.16442222893238068,0.1747606247663498,-0.9226484298706055
1788860634283343600,39.430343505859376,0.1156536266207695,-0.09947945177555084,-0.9122136235237122
1788860634293384400,39.440384521484376,0.0628972053527832,-0.25420165061950684,-0.952788770198822
1788860634303425500,39.450425537109375,0.0028660940006375313,-0.23442848026752472,-1.0543925762176514
1788860634313466600,39.460466552734374,-0.05089913308620453,-0.13289493322372437,-1.1586718559265137
1788860634323507500,39.47050756835937,-0.10344862937927246,-0.07562525570392609,-1.2242956161499023
1788860634333548500,39.48054858398437,-0.13934777677059174,-0.0642695352435112,-1.261897087097168
1788860634343590400,39.49059033203125,-0.15933266282081604,-0.04592487961053848,-1.291552186012268
1788860634353631500,39.500631591796875,-0.16491784155368805,0.023447003215551376,-1.326160192489624
1788860634363672600,39.510672607421874,-0.13373729586601257,0.021771607920527458,-1.3520053625106812
1788860634373713400,39.52071337890625,-0.1004062294960022,-0.027177026495337486,-1.368670105934143
1788860634383754500,39.53075439453125,-0.07049307227134705,-0.07949775457382202,-1.3713250160217285
1788860634393795600,39.54079565429687,-0.04478398337960243,-0.1302059441804886,-1.3860595226287842
1788860634403835600,39.550835693359375,-0.026462234556674957,-0.15260978043079376,-1.4175207614898682
1788860634413876500,39.56087646484375,-0.02215190790593624,-0.15272243320941925,-1.4180728197097778
1788860634423917600,39.57091748046875,-0.037511687725782394,-0.14388899505138397,-1.3937044143676758
1788860634433959400,39.58095947265625,-0.06388470530509949,-0.1309090107679367,-1.4314930438995361
1788860634444000500,39.59100048828125,-0.07763860374689102,-0.11032863706350327,-1.569875955581665
1788860634454041600,39.60104150390625,-0.06746585667133331,-0.13280172646045685,-1.7096439599990845
1788860634464082400,39.61108251953125,-0.04199059307575226,-0.23615767061710358,-1.7231149673461914
1788860634474123500,39.62112353515625,-0.00896872766315937,-0.3676733672618866,-1.6632790565490723
1788860634484164400,39.63116430664063,-0.00043329631444066763,-0.34942030906677246,-1.6544268131256104
1788860634494205400,39.64120532226563,0.003849599277600646,-0.3321044445037842,-1.656492829322815
1788860634504246500,39.65124658203125,0.021806761622428894,-0.4224250018596649,-1.6518839597702026
1788860634514287400,39.661287353515625,0.043654803186655045,-0.49567392468452454,-1.6504477262496948
1788860634524328400,39.671328369140625,0.03707945719361305,-0.5372123122215271,-1.6703953742980957
1788860634534370600,39.68137060546875,0.026971695944666862,-0.564411461353302,-1.742321252822876
1788860634544411600,39.69141162109375,0.04935716465115547,-0.6120458245277405,-1.850736379623413
1788860634554452700,39.70145263671875,0.07096871733665466,-0.7009050846099854,-1.8658792972564697
1788860634564493600,39.71149365234375,0.09381517767906189,-0.6485739946365356,-1.8121095895767212
1788860634574534700,39.72153466796875,0.11996288597583771,-0.5814706087112427,-1.7706905603408813
1788860634584575700,39.73157568359375,0.14965766668319702,-0.5217435956001282,-1.77878999710083
1788860634594616600,39.74161645507812,0.15972335636615753,-0.4544127881526947,-1.7941023111343384
1788860634604657700,39.75165771484375,0.19572049379348755,-0.4298160970211029,-1.8570117950439453
1788860634614698800,39.76169873046875,0.2577758729457855,-0.4767947793006897,-1.9276844263076782
1788860634624740600,39.77174072265625,0.31782111525535583,-0.511815071105957,-1.9458303451538086
1788860634634781700,39.78178173828125,0.342242032289505,-0.4125513434410095,-1.9681059122085571
1788860634644822500,39.79182250976562,0.33941322565078735,-0.2974684238433838,-1.981520414352417
1788860634654863600,39.80186352539062,0.3483063280582428,-0.30678310990333557,-1.9503974914550781
1788860634664904700,39.81190478515625,0.34692758321762085,-0.3805542588233948,-1.8908451795578003
1788860634674945500,39.82194555664063,0.3098071217536926,-0.37704527378082275,-1.846044659614563
1788860634684986600,39.83198657226563,0.2595921456813812,-0.3334770202636719,-1.858285903930664
1788860634695027700,39.84202783203125,0.21181531250476837,-0.4333668649196625,-1.9064768552780151
1788860634705068500,39.852068603515626,0.17626558244228363,-0.5438739657402039,-1.8683496713638306
1788860634715109600,39.862109619140625,0.16338999569416046,-0.45926371216773987,-1.7794981002807617
1788860634725151500,39.8721513671875,0.17054857313632965,-0.3355897068977356,-1.6883573532104492
1788860634735192600,39.88219262695313,0.18083928525447845,-0.29237353801727295,-1.5632944107055664
1788860634745233400,39.8922333984375,0.1916610449552536,-0.22475428879261017,-1.3578296899795532
1788860634755274500,39.9022744140625,0.19683264195919037,-0.09027503430843353,-1.184781551361084
1788860634765315600,39.912315673828125,0.18223026394844055,0.07706975191831589,-1.1077826023101807
1788860634775356400,39.9223564453125,0.1273992359638214,0.14916685223579407,-0.99232417345047
1788860634785397500,39.9323974609375,0.04971189424395561,0.12287931889295578,-0.852820873260498
1788860634795438600,39.9424384765625,-0.010039051994681358,0.06333476305007935,-0.6934221386909485
1788860634805479400,39.9524794921875,-0.05022615194320679,0.07230082899332047,-0.5436158776283264
1788860634815520500,39.9625205078125,-0.078714519739151,0.09342209249734879,-0.4171048104763031
1788860634825562400,39.97256225585937,-0.08964333683252335,0.14289642870426178,-0.29684019088745117
1788860634835603500,39.982603515625,-0.08100084215402603,0.18608784675598145,-0.16368719935417175
1788860634845644500,39.99264453125,-0.06340906769037247,0.3328208327293396,0.0001637844106880948
1788860634855685400,40.00268530273438,-0.029282255098223686,0.37888285517692566,0.18173517286777496
1788860634865726500,40.0127265625,-0.041259557008743286,0.2636002004146576,0.36599236726760864
1788860634875767600,40.022767578125,-0.09890314191579819,0.24129463732242584,0.5293682217597961
1788860634885808400,40.032808349609375,-0.18916380405426025,0.33765819668769836,0.6698422431945801
1788860634895849500,40.042849365234375,-0.2625671625137329,0.41752585768699646,0.7918432950973511
1788860634905890600,40.052890625,-0.307614266872406,0.41237878799438477,0.907667338848114
1788860634915932700,40.0629326171875,-0.3389575481414795,0.3780924379825592,1.0007128715515137
1788860634925973800,40.07297387695313,-0.35897040367126465,0.40902265906333923,1.1219085454940796
1788860634936014600,40.0830146484375,-0.3808418810367584,0.4703560471534729,1.2641907930374146
1788860634946055700,40.0930556640625,-0.3957902193069458,0.5483821630477905,1.4180318117141724
1788860634956096800,40.1030966796875,-0.3921033442020416,0.584659218788147,1.5424776077270508
1788860634966137600,40.1131376953125,-0.3630434572696686,0.568159818649292,1.6397689580917358
1788860634976178700,40.1231787109375,-0.31894177198410034,0.5730661749839783,1.7431765794754028
1788860634986219500,40.13321948242187,-0.28722459077835083,0.5894643664360046,1.8484282493591309
1788860634996260600,40.14326049804688,-0.270477294921875,0.5828229188919067,1.9518406391143799
1788860635006301700,40.1533017578125,-0.2615940570831299,0.5771030187606812,2.0549216270446777
1788860635016343600,40.16334350585937,-0.25202637910842896,0.5672980546951294,2.143979072570801
1788860635026384600,40.17338452148437,-0.24041952192783356,0.5400970578193665,2.20918607711792
1788860635036425500,40.18342553710937,-0.22365573048591614,0.5475653409957886,2.2611448764801025
1788860635046466600,40.19346655273438,-0.19261205196380615,0.5679545402526855,2.292572021484375
1788860635056507600,40.20350756835938,-0.14575587213039398,0.5440443754196167,2.3195111751556396
1788860635066548500,40.21354858398438,-0.09743707627058029,0.46670061349868774,2.344991683959961
1788860635076589600,40.223589599609376,-0.06514278054237366,0.37785568833351135,2.3364133834838867
1788860635086630700,40.233630615234375,-0.05192604660987854,0.2964351177215576,2.3157613277435303
1788860635096671500,40.24367138671875,-0.06090995669364929,0.2409372478723526,2.307927370071411
1788860635106712600,40.253712646484374,-0.07216474413871765,0.200561061501503,2.314535617828369
1788860635116753700,40.26375366210937,-0.07116339355707169,0.14574575424194336,2.3055033683776855
1788860635126795500,40.27379541015625,-0.06061114743351936,0.1088109016418457,2.289536952972412
1788860635136836600,40.283836669921875,-0.02486140839755535,0.0855838730931282,2.2820515632629395
1788860635146877400,40.29387744140625,0.04435734450817108,0.06345593929290771,2.298631429672241
1788860635156918500,40.30391845703125,0.12447721511125565,0.009268066845834255,2.313554286956787
1788860635166959600,40.31395971679687,0.1845030039548874,-0.04446546733379364,2.335618257522583
1788860635177000400,40.32400048828125,0.2082269787788391,-0.039804138243198395,2.3736133575439453
1788860635187041500,40.33404150390625,0.19541823863983154,-0.027652399614453316,2.3969309329986572
1788860635197082600,40.34408251953125,0.16922897100448608,-0.06677663326263428,2.3945226669311523
1788860635207123500,40.35412353515625,0.12798433005809784,-0.20537179708480835,2.3549652099609375
1788860635217164500,40.36416455078125,0.10113886743783951,-0.3685908019542694,2.302952766418457
1788860635227206400,40.37420629882813,0.05219316482543945,-0.5006252527236938,2.243335723876953
1788860635237247500,40.38424755859375,0.01335974782705307,-0.5254784226417542,2.182917594909668
1788860635247288600,40.39428857421875,0.009900035336613655,-0.4177389144897461,2.1248505115509033
1788860635257329400,40.404329345703125,-0.021579593420028687,-0.2703550457954407,2.081174612045288
1788860635267370500,40.41437060546875,-0.07682553678750992,-0.19997969269752502,2.050901174545288
1788860635277411600,40.42441162109375,-0.12766075134277344,-0.1885046660900116,2.0028164386749268
1788860635287452400,40.43445239257812,-0.16679483652114868,-0.1795487254858017,1.928533673286438
1788860635297493500,40.44449340820312,-0.1927127242088318,-0.1385488212108612,1.8338260650634766
1788860635307534300,40.45453442382812,-0.21241478621959686,-0.045571744441986084,1.7363532781600952
1788860635317576700,40.46457666015625,-0.22081200778484344,0.07979442924261093,1.6476354598999023
1788860635327617500,40.474617431640624,-0.19701053202152252,0.18153011798858643,1.5460898876190186
1788860635337658600,40.48465869140625,-0.1494494080543518,0.20714733004570007,1.4212473630905151
1788860635347699700,40.49469970703125,-0.1197650134563446,0.15791745483875275,1.2911111116409302
1788860635357740500,40.50474047851562,-0.12561677396297455,0.1069224551320076,1.1453765630722046
1788860635367781600,40.51478173828125,-0.15802772343158722,0.06709913909435272,0.9788355231285095
1788860635377822700,40.52482275390625,-0.21183182299137115,0.048586443066596985,0.802612841129303
1788860635387863600,40.53486352539063,-0.2701236307621002,0.04578027129173279,0.6315414905548096
1788860635397904600,40.544904541015626,-0.2991957664489746,0.022776419296860695,0.4676510691642761
1788860635407946000,40.55494604492188,-0.3156953752040863,0.0245458222925663,0.296627402305603
1788860635417987000,40.564987060546876,-0.31120502948760986,0.06336858868598938,0.1591947078704834
1788860635428029200,40.575029296875,-0.2695885896682739,0.05621640011668205,0.033731862902641296
1788860635438070000,40.58507006835937,-0.23212644457817078,0.05778287351131439,-0.08206797391176224
1788860635448111000,40.59511108398438,-0.23543356359004974,0.14732074737548828,-0.18869134783744812
1788860635458152000,40.60515185546875,-0.242553249001503,0.2618577182292938,-0.2776031196117401
1788860635468193000,40.615193115234376,-0.2314247041940689,0.29724711179733276,-0.3632618188858032
1788860635478234000,40.625234130859376,-0.21634136140346527,0.32656532526016235,-0.439079612493515
1788860635488275000,40.63527490234375,-0.20640377700328827,0.4340449273586273,-0.47534096240997314
1788860635498316000,40.64531591796875,-0.1947242170572281,0.5647240877151489,-0.478786826133728
1788860635508357000,40.65535717773437,-0.16006290912628174,0.6145992279052734,-0.4892514646053314
1788860635518398000,40.66539794921875,-0.1401941180229187,0.6279115676879883,-0.5054016709327698
1788860635528440000,40.675440185546876,-0.14996738731861115,0.6364307999610901,-0.5230019688606262
1788860635538481000,40.68548095703125,-0.14976125955581665,0.5837441086769104,-0.5559567213058472
1788860635548522000,40.69552197265625,-0.12048114091157913,0.43593841791152954,-0.6456434726715088
1788860635558563000,40.70556298828125,-0.061099573969841,0.2960449755191803,-0.7614478468894958
1788860635568604000,40.71560400390625,0.01050617080181837,0.20043429732322693,-0.8643842935562134
1788860635578645000,40.72564501953125,0.08137794584035873,0.12031415849924088,-0.945919930934906
1788860635588686000,40.73568603515625,0.10577516257762909,0.10588382184505463,-1.0004769563674927
1788860635598727000,40.745726806640626,0.06945151090621948,0.195234477519989,-1.0291544198989868
1788860635608768000,40.75576806640625,0.021643243730068207,0.30263790488243103,-1.0550072193145752
1788860635618809000,40.76580908203125,-0.026256104931235313,0.3303230404853821,-1.0771338939666748
1788860635628850000,40.77584985351562,-0.06220052391290665,0.33090415596961975,-1.0769394636154175
1788860635638892300,40.78589233398438,-0.09342662245035172,0.325807124376297,-1.0780316591262817
1788860635648933000,40.79593310546875,-0.10330615192651749,0.3071543574333191,-1.0892075300216675
1788860635658974200,40.80597412109375,-0.09829727560281754,0.2761029601097107,-1.162521243095398
1788860635669015300,40.816015380859376,-0.08277957141399384,0.2660119831562042,-1.2920587062835693
1788860635679056100,40.82605615234375,-0.0784391462802887,0.25089508295059204,-1.4082167148590088
1788860635689097200,40.83609716796875,-0.07919362187385559,0.2483043521642685,-1.4411273002624512
1788860635699138000,40.84613793945312,-0.06437073647975922,0.21591152250766754,-1.3926239013671875
1788860635709179100,40.85617919921875,-0.05639110505580902,0.1545586884021759,-1.3553322553634644
1788860635719220200,40.86622021484375,-0.061826348304748535,0.09730764478445053,-1.3914254903793335
1788860635729261000,40.87626098632813,-0.06179891899228096,0.020471986383199692,-1.4802626371383667
1788860635739303200,40.88630322265625,-0.05241367220878601,-0.08449011296033859,-1.5673387050628662
1788860635749344000,40.89634399414062,-0.047811463475227356,-0.21513813734054565,-1.6066325902938843
1788860635759385000,40.90638500976563,-0.06297523528337479,-0.2721628248691559,-1.6255834102630615
1788860635769426200,40.91642626953125,-0.10028958320617676,-0.18847137689590454,-1.6304329633712769
1788860635779467000,40.92646704101563,-0.13450801372528076,-0.06605412065982819,-1.6459441184997559
1788860635789508000,40.936508056640626,-0.16094893217086792,-0.018078869208693504,-1.6785694360733032
1788860635799549200,40.946549072265626,-0.1556045114994049,-0.07462230324745178,-1.7051541805267334
1788860635809590000,40.956590087890625,-0.11349939554929733,-0.2178143560886383,-1.748762607574463
1788860635819631000,40.966631103515624,-0.07757601886987686,-0.3415836989879608,-1.8153221607208252
1788860635829672200,40.97667211914062,-0.0240763071924448,-0.4488441050052643,-1.8636305332183838
1788860635839713000,40.98671313476562,0.03479712828993797,-0.5796772241592407,-1.8870211839675903
1788860635849755100,40.996755126953126,0.08610718697309494,-0.6076207160949707,-1.9137589931488037
1788860635859796000,41.0067958984375,0.11797776818275452,-0.5559026598930359,-1.914613127708435
1788860635869837000,41.016837158203124,0.104659304022789,-0.4892788827419281,-1.8826855421066284
1788860635879878100,41.02687817382812,0.07960321754217148,-0.48531290888786316,-1.8276928663253784
1788860635889919000,41.0369189453125,0.08240539580583572,-0.5590254664421082,-1.8047603368759155
1788860635899960000,41.0469599609375,0.09054188430309296,-0.5862722992897034,-1.8175677061080933
1788860635910001200,41.05700122070313,0.10227736830711365,-0.590936005115509,-1.852758526802063
1788860635920042000,41.0670419921875,0.13852272927761078,-0.6364390254020691,-1.918535590171814
1788860635930083000,41.0770830078125,0.18555840849876404,-0.6830523610115051,-1.9970266819000244
1788860635940124200,41.087124267578126,0.21474772691726685,-0.6445646286010742,-2.0394175052642822
1788860635950165000,41.0971650390625,0.24830541014671326,-0.6560801267623901,-1.9970736503601074
1788860635960207000,41.10720703125,0.2352825552225113,-0.7380844354629517,-1.977447748184204
1788860635970248000,41.117248046875,0.20699553191661835,-0.7278150320053101,-2.027951955795288
1788860635980289000,41.1272890625,0.20727276802062988,-0.6687703728675842,-2.0904431343078613
1788860635990329900,41.137329833984374,0.2156635820865631,-0.690093457698822,-2.1033337116241455
1788860636000371000,41.14737084960937,0.20915961265563965,-0.7162041664123535,-2.064481496810913
1788860636010412000,41.157412109375,0.1897888481616974,-0.6878122091293335,-2.031787872314453
1788860636020452900,41.16745288085937,0.17425675690174103,-0.6223847270011902,-1.9609712362289429
1788860636030494000,41.17749389648438,0.14524880051612854,-0.5585681796073914,-1.8701564073562622
1788860636040535000,41.18753515625,0.12073041498661041,-0.5011531114578247,-1.7497503757476807
1788860636050576000,41.19757592773438,0.11519290506839752,-0.4444970190525055,-1.6497400999069214
1788860636060618200,41.2076181640625,0.15472353994846344,-0.3637811541557312,-1.5788766145706177
1788860636070659000,41.2176591796875,0.17286285758018494,-0.23417308926582336,-1.4666813611984253
1788860636080700200,41.2277001953125,0.14543576538562775,-0.05877063795924187,-1.3465152978897095
1788860636090741200,41.2377412109375,0.11651862412691116,-0.009152752347290516,-1.2436866760253906
1788860636100782000,41.24778198242188,0.08401714265346527,-0.0689292699098587,-1.141087532043457
1788860636110823200,41.2578232421875,0.056961286813020706,-0.08266931027173996,-1.0146470069885254
1788860636120864300,41.2678642578125,0.030491329729557037,-0.08989926427602768,-0.855818510055542
1788860636130905000,41.277905029296875,0.008778311312198639,-0.15215490758419037,-0.7054886817932129
1788860636140946200,41.2879462890625,-0.0032959282398223877,-0.15160976350307465,-0.5457016825675964
1788860636150987300,41.2979873046875,0.022457905113697052,-0.03684590011835098,-0.35606837272644043
1788860636161028000,41.30802807617187,0.07148856669664383,0.10340947657823563,-0.1877184957265854
1788860636171070200,41.3180703125,0.0711093321442604,0.07310830056667328,-0.03399738296866417
1788860636181111000,41.328111083984375,0.03967390954494476,0.0908404216170311,0.11731517314910889
1788860636191152000,41.338152099609374,0.013016199693083763,0.13055694103240967,0.26758110523223877
1788860636201193200,41.34819311523437,-0.006048571318387985,0.17572228610515594,0.40769481658935547
1788860636211234000,41.35823413085937,-0.042703788727521896,0.21287286281585693,0.5501158833503723
1788860636221275100,41.36827514648437,-0.10030849277973175,0.26491421461105347,0.7077241539955139
1788860636231316000,41.37831591796875,-0.12332220375537872,0.3377942740917206,0.8622130155563354
1788860636241357000,41.38835717773438,-0.12713319063186646,0.42775827646255493,0.9857379198074341
1788860636251398100,41.39839819335938,-0.12878461182117462,0.4582176208496094,1.126968502998352
1788860636261439000,41.40843896484375,-0.14545492827892303,0.44598492980003357,1.2729473114013672
1788860636271480000,41.41847998046875,-0.18615975975990295,0.47231054306030273,1.3956812620162964
1788860636281522000,41.42852197265625,-0.23022255301475525,0.5071635842323303,1.5231484174728394
1788860636291563000,41.43856298828125,-0.2551169693470001,0.4815109670162201,1.6422358751296997
1788860636301604000,41.44860400390625,-0.2642849087715149,0.4201466739177704,1.7079206705093384
1788860636311645000,41.45864501953125,-0.29015034437179565,0.34485912322998047,1.7359980344772339
1788860636321686000,41.46868603515625,-0.337125301361084,0.36527782678604126,1.7874644994735718
1788860636331727000,41.47872705078125,-0.34789806604385376,0.3985995650291443,1.8443011045455933
1788860636341768000,41.48876782226562,-0.3246593177318573,0.3755832016468048,1.8824175596237183
1788860636351809000,41.49880908203125,-0.3214142322540283,0.4090317189693451,1.978531837463379
1788860636361850000,41.50885009765625,-0.3115035593509674,0.47374600172042847,2.114525079727173
1788860636371891000,41.51889086914063,-0.28612709045410156,0.5035675168037415,2.2564780712127686
1788860636381932000,41.52893212890625,-0.2839909791946411,0.5397926568984985,2.393139123916626
1788860636391974000,41.53897387695312,-0.26750388741493225,0.5698240399360657,2.48392915725708
1788860636402015500,41.54901538085937,-0.20762856304645538,0.5415668487548828,2.5037007331848145
1788860636412056300,41.55905639648437,-0.14742514491081238,0.5034074783325195,2.4711599349975586
1788860636422097400,41.56909741210937,-0.11363628506660461,0.46949344873428345,2.414537191390991
1788860636432138500,41.57913842773438,-0.06163699924945831,0.4153577983379364,2.3839547634124756
1788860636442179300,41.58917944335938,-0.013104883022606373,0.3536451458930969,2.3705615997314453
1788860636452220400,41.59922045898438,0.02201395481824875,0.30530479550361633,2.3690128326416016
1788860636462261500,41.609261474609376,0.0494152195751667,0.23682959377765656,2.3913586139678955
1788860636472302300,41.61930224609375,0.08812373131513596,0.12184787541627884,2.4162368774414062
1788860636482343400,41.629343505859374,0.12441649287939072,-0.012811935506761074,2.4304871559143066
1788860636492384500,41.639384521484374,0.13090582191944122,-0.1565248966217041,2.4185502529144287
1788860636502426400,41.64942626953125,0.1327814757823944,-0.2303013801574707,2.4154629707336426
1788860636512467500,41.659467529296876,0.13636796176433563,-0.23606951534748077,2.4276282787323
1788860636522508300,41.66950830078125,0.15818750858306885,-0.18220575153827667,2.393406391143799
1788860636532549400,41.67954931640625,0.17405009269714355,-0.16946466267108917,2.3352935314178467
1788860636542590500,41.689590576171874,0.20084096491336823,-0.23807302117347717,2.287104845046997
1788860636552631300,41.69963134765625,0.23929114639759064,-0.32469579577445984,2.2466347217559814
1788860636562672400,41.70967236328125,0.25838708877563477,-0.3077029585838318,2.2387290000915527
1788860636572713500,41.71971337890625,0.2513030767440796,-0.21106722950935364,2.2447621822357178
1788860636582754300,41.72975439453125,0.22820201516151428,-0.14021383225917816,2.223226547241211
1788860636592795400,41.73979541015625,0.1790885329246521,-0.1370324194431305,2.1344754695892334
1788860636602836500,41.74983642578125,0.09660723060369492,-0.16418680548667908,2.0221126079559326
1788860636612878300,41.75987841796875,0.010872887447476387,-0.18939203023910522,1.9029828310012817
1788860636622919400,41.76991943359375,-0.036185700446367264,-0.18314851820468903,1.7753909826278687
1788860636632960300,41.779960205078126,-0.055449411273002625,-0.15524044632911682,1.6352910995483398
1788860636643001300,41.79000146484375,-0.06692763417959213,-0.10367047041654587,1.5144217014312744
1788860636653042400,41.80004248046875,-0.0463712252676487,-0.029857497662305832,1.4211434125900269
1788860636663083300,41.810083251953124,0.011143198236823082,0.03376834839582443,1.3383487462997437
1788860636673124400,41.82012426757812,0.07683246582746506,0.030829284340143204,1.246970534324646
1788860636683165200,41.83016528320312,0.0998043566942215,0.004450674634426832,1.140771746635437
1788860636693206300,41.84020629882812,0.0902412161231041,0.0030093719251453876,1.0528203248977661
1788860636703247400,41.85024731445313,0.07323852926492691,0.012177038006484509,0.958781898021698
1788860636713288200,41.8602880859375,0.07516133040189743,0.03014644980430603,0.8124987483024597
1788860636723329300,41.87032934570313,0.07376902550458908,0.02931181527674198,0.6046675443649292
1788860636733371100,41.88037109375,0.05582677945494652,0.025612419471144676,0.3652285635471344
1788860636743412200,41.890412109375,0.028268922120332718,0.051543883979320526,0.12924933433532715
1788860636753453300,41.90045336914063,0.008729309774935246,0.10276845842599869,-0.07176580280065536
1788860636763494100,41.910494140625,-0.004771319217979908,0.1779809147119522,-0.22480009496212006
1788860636773535200,41.92053515625,-0.005396096967160702,0.2713462710380554,-0.333540141582489
1788860636783576300,41.930576416015626,-0.00806058943271637,0.3662477731704712,-0.3961808979511261
1788860636793617200,41.9406171875,-0.026624420657753944,0.43078067898750305,-0.43778321146965027
1788860636803658200,41.950658203125,-0.04198047146201134,0.38328027725219727,-0.4847203493118286
1788860636813699300,41.96069921875,-0.06373237073421478,0.272419273853302,-0.5512437224388123
1788860636823740200,41.970740234375,-0.08668562769889832,0.19225598871707916,-0.6292333006858826
1788860636833781200,41.98078125,-0.09215176105499268,0.15084384381771088,-0.7016835808753967
1788860636843823400,41.9908232421875,-0.07004380226135254,0.1001708060503006,-0.7723915576934814
1788860636853864400,42.000864501953124,-0.05150100588798523,0.07493948936462402,-0.8216360807418823
1788860636863905500,42.010905517578124,-0.0493297316133976,0.13355432450771332,-0.8471805453300476
1788860636873946400,42.0209462890625,-0.03725495934486389,0.20921313762664795,-0.8623248934745789
1788860636883987500,42.03098754882812,-0.01465644035488367,0.25150734186172485,-0.8716965317726135
1788860636894028500,42.04102856445313,0.001981125446036458,0.28769198060035706,-0.8773853182792664
1788860636904069400,42.0510693359375,0.00535428524017334,0.3610745668411255,-0.8831372261047363
1788860636914110500,42.0611103515625,0.00199284334667027,0.4546295702457428,-0.8786125183105469
1788860636924151300,42.0711513671875,-0.021927669644355774,0.5817558169364929,-0.86029052734375
1788860636934192400,42.0811923828125,-0.056252621114254,0.6894484758377075,-0.8940250277519226
1788860636944233500,42.0912333984375,-0.07830226421356201,0.7159171104431152,-0.963934063911438
1788860636954274300,42.1012744140625,-0.08053691685199738,0.6186475157737732,-1.0431218147277832
1788860636964316400,42.11131640625,-0.08933334052562714,0.43560072779655457,-1.119422435760498
1788860636974357200,42.121357177734374,-0.11149563640356064,0.24260304868221283,-1.2043802738189697
1788860636984398300,42.1313984375,-0.12199621647596359,0.13816799223423004,-1.2836015224456787
1788860636994439400,42.141439453125,-0.11562886089086533,0.1721014529466629,-1.3575098514556885
1788860637004480300,42.15148022460937,-0.10045123845338821,0.2654436528682709,-1.4036555290222168
1788860637014521300,42.16152124023437,-0.08597695827484131,0.32049331068992615,-1.4361711740493774
1788860637024562400,42.1715625,-0.09405486285686493,0.2875553369522095,-1.4597278833389282
1788860637034603300,42.18160327148438,-0.13008981943130493,0.1670430451631546,-1.5138651132583618
1788860637044644400,42.191644287109376,-0.15540769696235657,0.027788221836090088,-1.576516032218933
1788860637054685400,42.201685546875,-0.16909661889076233,-0.05609522759914398,-1.6110713481903076
1788860637064726300,42.211726318359375,-0.16430212557315826,-0.0730246752500534,-1.636622428894043
1788860637074767400,42.221767333984374,-0.14199335873126984,-0.07160680741071701,-1.6206328868865967
1788860637084809200,42.23180932617188,-0.13476474583148956,-0.014239922165870667,-1.6064603328704834
1788860637094850300,42.24185034179688,-0.1369040608406067,0.03501204773783684,-1.6042916774749756
1788860637104891400,42.251891357421876,-0.12486017495393753,0.008261125534772873,-1.631241798400879
1788860637114932200,42.26193212890625,-0.09414034336805344,-0.059239089488983154,-1.6788660287857056
1788860637124973300,42.271973388671874,-0.061834871768951416,-0.12174107879400253,-1.6896854639053345
1788860637135014400,42.28201440429687,-0.032937176525592804,-0.1590154767036438,-1.6749712228775024
1788860637145055200,42.29205517578125,-0.018136659637093544,-0.18446651101112366,-1.6956714391708374
1788860637155096300,42.30209643554687,-0.01525804866105318,-0.20365965366363525,-1.7552136182785034
1788860637165137400,42.31213745117188,-0.0070557789877057076,-0.2541350722312927,-1.8345941305160522
1788860637175178200,42.32217822265625,-0.000568318588193506,-0.28169238567352295,-1.909184455871582
1788860637185219300,42.33221923828125,-0.021091703325510025,-0.31533265113830566,-1.9526057243347168
1788860637195260200,42.34226025390625,-0.049562226980924606,-0.3869381248950958,-2.0050060749053955
1788860637205302300,42.35230224609375,-0.04415760561823845,-0.48711106181144714,-2.0602338314056396
1788860637215343400,42.36234326171875,-0.02616901881992817,-0.5860448479652405,-2.089232921600342
1788860637225384200,42.37238427734375,-0.0010450243717059493,-0.6390862464904785,-2.106595039367676
1788860637235425300,42.38242529296875,0.002615490462630987,-0.6455976366996765,-2.1465671062469482
1788860637245466400,42.39246630859375,0.044870004057884216,-0.635628342628479,-2.174288749694824
1788860637255507500,42.402507568359376,0.09340984374284744,-0.6561993956565857,-2.2072815895080566
1788860637265548500,42.412548583984375,0.13272395730018616,-0.6616969704627991,-2.226107358932495
1788860637275589400,42.42258935546875,0.1566908061504364,-0.6350094676017761,-2.228374719619751
1788860637285630500,42.43263037109375,0.17623920738697052,-0.5679576992988586,-2.230358839035034
1788860637295671600,42.44267163085937,0.20064841210842133,-0.4942355453968048,-2.218559741973877
1788860637305712400,42.45271240234375,0.19695141911506653,-0.4481082856655121,-2.166813850402832
1788860637315754500,42.46275439453125,0.17735187709331512,-0.4436946213245392,-2.1233015060424805
1788860637325795300,42.47279541015625,0.15792545676231384,-0.4797479510307312,-2.067667245864868
1788860637335836400,42.48283642578125,0.1371155083179474,-0.5135669112205505,-2.0177016258239746
1788860637345877500,42.49287744140625,0.1444714218378067,-0.4777796268463135,-1.955869436264038
1788860637355918300,42.50291845703125,0.16015717387199402,-0.36529114842414856,-1.874969482421875
1788860637365959400,42.51295947265625,0.15406545996665955,-0.30594128370285034,-1.747496485710144
1788860637376000500,42.52300048828125,0.12130192667245865,-0.27606168389320374,-1.6133406162261963
1788860637386041300,42.533041259765625,0.09106599539518356,-0.19532954692840576,-1.480963945388794
1788860637396082400,42.54308251953125,0.0796535462141037,-0.055876314640045166,-1.387439250946045
1788860637406122500,42.55312255859375,0.07864687591791153,-0.005827262531965971,-1.2336124181747437
1788860637416163300,42.563163330078126,0.10338790714740753,0.0429123118519783,-1.040813684463501
1788860637426204400,42.573204345703125,0.16246268153190613,0.09386817365884781,-0.7510731816291809
1788860637436246500,42.58324658203125,0.2253148853778839,0.16193191707134247,-0.3765549957752228
1788860637446287600,42.59328759765625,0.2552187144756317,0.2642415165901184,-0.06625571846961975
1788860637456328700,42.60332861328125,0.2758512794971466,0.3674456477165222,0.14393560588359833
1788860637466369500,42.61336962890625,0.2894826829433441,0.32591497898101807,0.18397116661071777
1788860637476410600,42.62341064453125,0.27756717801094055,0.20068542659282684,0.17615053057670593
1788860637486451700,42.63345166015625,0.20355871319770813,0.07351309806108475,0.18734805285930634
1788860637496492500,42.643492431640624,0.08682224899530411,-0.07878243178129196,0.20744213461875916
1788860637506533600,42.65353369140625,-0.04229659214615822,-0.10645000636577606,0.3646541237831116
1788860637516574700,42.66357470703125,-0.13882046937942505,-0.08496841788291931,0.5834389328956604
1788860637526615600,42.67361547851562,-0.16792109608650208,-0.05630561709403992,0.7128121256828308
1788860637536656600,42.68365673828125,-0.15522153675556183,-0.0015310513554140925,0.7725601196289062
1788860637546697700,42.69369775390625,-0.17147961258888245,0.04782531410455704,0.8458652496337891
1788860637556739600,42.70373950195312,-0.1689077913761139,0.2054985612630844,0.9406684637069702
1788860637566780700,42.71378076171875,-0.14507782459259033,0.2863478660583496,1.0200932025909424
1788860637576821500,42.72382153320312,-0.10759037733078003,0.23414325714111328,1.1462005376815796
1788860637586862600,42.73386254882813,-0.09702561795711517,0.14062076807022095,1.3076621294021606
1788860637596903700,42.74390356445313,-0.12190806120634079,0.2231167107820511,1.4567770957946777
1788860637606944500,42.75394458007813,-0.1320565640926361,0.3402917981147766,1.482181191444397
1788860637616985600,42.763985595703126,-0.10909692943096161,0.2974836230278015,1.4648972749710083
1788860637627026400,42.7740263671875,-0.06676438450813293,0.24516448378562927,1.5253262519836426
1788860637637067500,42.784067626953124,-0.0472298301756382,0.329575777053833,1.6941782236099243
1788860637647108600,42.794108642578124,-0.08292657136917114,0.41125091910362244,1.9098159074783325
1788860637657149400,42.8041494140625,-0.17754974961280823,0.2564685344696045,2.1171107292175293
1788860637667190500,42.8141904296875,-0.30694663524627686,-0.4325583577156067,2.185908317565918
1788860637677231600,42.82423168945313,-0.30210578441619873,-0.5642777681350708,2.1134603023529053
1788860637687273500,42.8342734375,-0.19450822472572327,0.14840438961982727,1.9800927639007568
1788860637697314600,42.844314453125,-0.08611144870519638,0.19918501377105713,1.665981650352478
1788860637707355400,42.85435546875,0.11303867399692535,-0.12117409706115723,1.5143778324127197
1788860637717396500,42.864396484375,0.1824134886264801,-0.2508032023906708,1.6086424589157104
1788860637727437600,42.8744375,-0.00569889834150672,-0.10302092134952545,1.8498700857162476
1788860637737478400,42.884478515625,-0.27963751554489136,0.09788475185632706,2.13759446144104
1788860637747519500,42.89451953125,-0.4067091643810272,0.04043876752257347,2.2775166034698486
1788860637757560600,42.904560546875,-0.4117702543735504,-0.03833780065178871,2.2488722801208496
1788860637767601400,42.914601318359374,-0.3315318524837494,0.044740572571754456,2.1478471755981445
1788860637777642500,42.924642578125,-0.18748067319393158,0.16652879118919373,2.034228801727295
1788860637787683600,42.93468359375,-0.017161143943667412,0.2731820046901703,1.9775177240371704
1788860637797724400,42.94472436523437,0.15081454813480377,0.4298192858695984,2.0030016899108887
1788860637807766800,42.954766845703126,0.3012019097805023,0.6295523643493652,2.079526662826538
1788860637817807600,42.9648076171875,0.43855392932891846,0.7626022696495056,2.1695122718811035
1788860637827848700,42.9748486328125,0.5709564089775085,0.7390900254249573,2.2545881271362305
1788860637837889800,42.984889892578124,0.6372899413108826,0.5949959754943848,2.3357274532318115
1788860637847930600,42.9949306640625,0.6180065274238586,0.3969249725341797,2.377575159072876
1788860637857971700,43.0049716796875,0.518978476524353,0.18855074048042297,2.2959272861480713
1788860637868012500,43.01501245117188,0.34997132420539856,-0.05649922788143158,2.1325747966766357
1788860637878053600,43.0250537109375,0.17386314272880554,-0.3686869442462921,1.9714454412460327
1788860637888094700,43.0350947265625,0.059665728360414505,-0.610444962978363,1.870235800743103
1788860637898135600,43.045135498046875,0.01889459602534771,-0.5903847217559814,1.8693665266036987
1788860637908176600,43.0551767578125,0.013684386387467384,-0.3499199151992798,1.9641201496124268
1788860637918217700,43.0652177734375,0.03158535808324814,-0.05699856951832771,2.032702922821045
1788860637928258600,43.07525854492187,0.10901063680648804,0.03062582015991211,2.019145965576172
1788860637938300700,43.08530078125,0.2440217137336731,-0.17388205230236053,1.907923698425293
1788860637948341500,43.095341552734375,0.2978553771972656,-0.49257907271385193,1.7346446514129639
1788860637958382600,43.105382568359374,0.23285189270973206,-0.6843666434288025,1.6171246767044067
1788860637968423700,43.115423583984374,0.042095523327589035,-0.5633781552314758,1.568174958229065
1788860637978464500,43.12546459960937,-0.238797128200531,-0.06781686097383499,1.5291104316711426
1788860637988505600,43.13550561523437,-0.5112209320068359,0.627256453037262,1.445500135421753
1788860637998546700,43.14554663085938,-0.6243515014648438,1.1845548152923584,1.3687419891357422
1788860638008587500,43.15558740234375,-0.4401850998401642,1.1717500686645508,1.2796624898910522
1788860638018628600,43.16562866210938,-0.031743280589580536,0.22992081940174103,1.0445783138275146
1788860638028669700,43.175669677734376,0.406124085187912,-1.2716295719146729,0.7485674619674683
1788860638038710500,43.18571044921875,0.7129162549972534,-2.237485647201538,0.6397640109062195
1788860638048751600,43.195751708984375,0.700097918510437,-2.1819252967834473,0.6787484288215637
1788860638058792700,43.205792724609374,0.29868948459625244,-1.1395565271377563,0.7084786295890808
1788860638068834600,43.21583447265625,-0.30716314911842346,0.2722206115722656,0.7396959066390991
1788860638078875600,43.225875732421876,-0.770719051361084,1.3185243606567383,0.7893529534339905
1788860638088916500,43.23591650390625,-0.9441412091255188,1.6969465017318726,0.7288935780525208
1788860638098957600,43.24595751953125,-0.847368597984314,1.479090929031372,0.5950822830200195
1788860638108998700,43.25599853515625,-0.5935238003730774,0.8996978402137756,0.42111900448799133
1788860638119039500,43.26603955078125,-0.35581615567207336,0.27922311425209045,0.25790929794311523
1788860638129080600,43.27608056640625,-0.22417478263378143,-0.17227482795715332,0.12774784862995148
1788860638139121400,43.28612133789063,-0.16975414752960205,-0.371234267950058,0.0285916980355978
1788860638149162500,43.29616259765625,-0.12659628689289093,-0.39744749665260315,-0.04067925363779068
1788860638159203600,43.30620361328125,-0.05452928692102432,-0.3538752496242523,-0.07892943918704987
1788860638169244400,43.316244384765625,0.0527028925716877,-0.22665870189666748,-0.10763031989336014
1788860638179285500,43.326285400390624,0.20151473581790924,-0.033975809812545776,-0.14096777141094208
1788860638189326600,43.33632666015625,0.32930466532707214,0.023309050127863884,-0.21857894957065582
1788860638199368400,43.346368408203126,0.4065738916397095,-0.02425260841846466,-0.31053656339645386
1788860638209409500,43.356409423828126,0.40838855504989624,-0.054417435079813004,-0.4175165295600891
1788860638219450400,43.366450439453125,0.3619936406612396,-0.10582683235406876,-0.49725452065467834
1788860638229491500,43.376491455078124,0.28374889492988586,-0.2042125165462494,-0.5631144642829895
1788860638239532500,43.38653247070312,0.22569437325000763,-0.3012695610523224,-0.6112503409385681
1788860638249573400,43.39657348632812,0.21650168299674988,-0.31755080819129944,-0.6526574492454529
1788860638259614500,43.40661450195312,0.207451730966568,-0.21892303228378296,-0.6930594444274902
1788860638269655600,43.41665551757813,0.20611907541751862,0.05230714753270149,-0.7476459741592407
1788860638279696400,43.4266962890625,0.22257448732852936,0.36029401421546936,-0.8281493782997131
1788860638289737500,43.43673754882813,0.21551871299743652,0.5402001142501831,-0.9671986103057861
1788860638299778600,43.446778564453126,0.16106584668159485,0.5945475101470947,-1.1045023202896118
1788860638309819400,43.4568193359375,0.10365582257509232,0.5628764033317566,-1.1690731048583984
1788860638319860500,43.466860595703125,0.08359156548976898,0.4699525833129883,-1.1494933366775513
1788860638329901600,43.476901611328124,0.07986287772655487,0.3456695079803467,-1.0602140426635742
1788860638339943700,43.48694360351563,0.045826878398656845,0.18284492194652557,-0.9463625550270081
1788860638349984800,43.49698486328125,-0.008498413488268852,0.006939132697880268,-0.8483049273490906
1788860638360025600,43.507025634765625,-0.02834641933441162,-0.13724200427532196,-0.7850767374038696
1788860638370066700,43.517066650390625,-0.038607846945524216,-0.1655583381652832,-0.7971789240837097
1788860638380107500,43.527107421875,-0.07236740738153458,-0.07275542616844177,-0.8386960029602051
1788860638390148600,43.53714868164062,-0.12706074118614197,0.06040342152118683,-0.8467859029769897
1788860638400189700,43.54718969726562,-0.1787511110305786,0.13471519947052002,-0.8233484625816345
1788860638410231000,43.55723095703125,-0.17356060445308685,0.09359626471996307,-0.8107788562774658
1788860638420272000,43.56727221679687,-0.13293887674808502,0.0754590705037117,-0.8301309943199158
1788860638430313200,43.57731323242187,-0.09120208024978638,0.2005770355463028,-0.8002362251281738
1788860638440354000,43.58735400390625,-0.04382497817277908,0.3744170069694519,-0.599750280380249
1788860638450395100,43.59739501953125,0.0084249097853899,0.5299938321113586,-0.2664678990840912
1788860638460436200,43.60743627929688,0.051112450659275055,0.5908340215682983,0.061168015003204346
1788860638470478000,43.61747802734375,0.04867539554834366,0.41684648394584656,0.23590147495269775
1788860638480519200,43.62751928710937,0.04141295328736305,0.12930844724178314,0.2642521560192108
1788860638490560000,43.63756005859375,0.02010633423924446,-0.02642068825662136,0.27494528889656067
1788860638500601000,43.64760107421875,0.022645125165581703,0.04391179606318474,0.3568582534790039
1788860638510642200,43.65764208984375,0.0631568655371666,0.07498609274625778,0.5005965232849121
1788860638520683000,43.66768310546875,0.0966264083981514,-0.03761182352900505,0.6430700421333313
1788860638530724000,43.67772412109375,0.1058444082736969,-0.1127752810716629,0.8113362789154053
1788860638540765000,43.68776489257812,0.0908428207039833,-0.04716698080301285,0.9771609306335449
1788860638550806000,43.69780590820312,0.07358101010322571,0.042942408472299576,1.0761098861694336
1788860638560847000,43.70784716796875,0.08409223705530167,0.048707351088523865,1.1302471160888672
1788860638570888000,43.71788793945313,0.09873669594526291,0.010872354730963707,1.1691324710845947
1788860638580929000,43.72792895507813,0.10576584190130234,-0.012461729347705841,1.1814799308776855
1788860638590970000,43.73797021484375,0.12232857197523117,-0.051114581525325775,1.1464908123016357
1788860638601012000,43.74801196289062,0.13940289616584778,-0.1384044736623764,1.0798684358596802
1788860638611053000,43.75805297851562,0.11527279764413834,-0.20488177239894867,1.024278163909912
1788860638621094000,43.76809399414063,0.0647699385881424,-0.23920007050037384,0.9975141286849976
1788860638631135000,43.77813500976563,0.05495592579245567,-0.2538980543613434,0.9517900347709656
1788860638641176000,43.78817602539063,0.06215471774339676,-0.21813473105430603,0.8743506669998169
1788860638651217000,43.798216796875,0.03133128955960274,-0.11033742874860764,0.7760171890258789
1788860638661258000,43.808258056640625,-0.016683638095855713,0.01937875710427761,0.6816014647483826
1788860638671299000,43.818299072265624,-0.029865220189094543,0.11538677662611008,0.623003363609314
1788860638681340000,43.82833984375,-0.028728317469358444,0.25528156757354736,0.6146466732025146
1788860638691381000,43.83838110351562,-0.03237072378396988,0.45782002806663513,0.681201696395874
1788860638701422000,43.84842211914062,-0.02225630357861519,0.5557724237442017,0.7584009170532227
1788860638711463000,43.858462890625,-0.002861832967028022,0.49574875831604004,0.7749684453010559
1788860638721504000,43.86850390625,0.012359730899333954,0.3000469207763672,0.7374767065048218
1788860638731545000,43.87854516601563,-0.002883138135075569,0.048171523958444595,0.6547110080718994
1788860638741586000,43.8885859375,-0.04219379276037216,-0.14786162972450256,0.559718668460846
1788860638751628300,43.89862817382812,-0.0929829403758049,-0.16472956538200378,0.47691062092781067
1788860638761669000,43.90866918945313,-0.1589808613061905,-0.07473602145910263,0.384347140789032
1788860638771710200,43.91871020507813,-0.21671579778194427,0.012650014832615852,0.30624353885650635
1788860638781751000,43.9287509765625,-0.26999631524086,0.12568548321723938,0.24969612061977386
1788860638791792000,43.938792236328126,-0.3070813715457916,0.25522536039352417,0.26143160462379456
1788860638801833200,43.948833251953126,-0.26335015892982483,0.323303759098053,0.3304458260536194
1788860638811874000,43.9588740234375,-0.14374545216560364,0.3345414996147156,0.37444522976875305
1788860638821915100,43.9689150390625,-0.04246143996715546,0.3594639003276825,0.3507561683654785
1788860638831956200,43.97895629882812,0.020001403987407684,0.2842325270175934,0.30309781432151794
1788860638841997000,43.9889970703125,0.10523907095193863,0.07820186018943787,0.232612743973732
1788860638852038100,43.9990380859375,0.17826268076896667,-0.06419709324836731,0.10779383778572083
1788860638862079200,44.00907934570313,0.18108083307743073,-0.06490789353847504,0.006315686274319887
1788860638872120000,44.0191201171875,0.13576875627040863,-0.0005193164106458426,-0.0013347762869670987
1788860638882162200,44.029162109375,0.10446595400571823,0.11388901621103287,0.08247490227222443
1788860638892203000,44.039203125,0.11795832961797714,0.23606552183628082,0.1706756055355072
1788860638902244000,44.049244140625,0.12152962386608124,0.3523652255535126,0.22206422686576843
1788860638912285200,44.05928515625,0.10915365070104599,0.3602633774280548,0.24249465763568878
1788860638922326000,44.069325927734376,0.09209317713975906,0.3027705252170563,0.24427498877048492
1788860638932367000,44.0793671875,0.06006333604454994,0.21788732707500458,0.24058304727077484
1788860638942408200,44.089408203125,0.0067689563147723675,0.09328413754701614,0.2082834243774414
1788860638952449000,44.09944897460937,-0.0741349458694458,0.0009978864109143615,0.1445542573928833
1788860638962490000,44.10948999023437,-0.14902809262275696,-0.060982394963502884,0.11055634170770645
1788860638972531200,44.11953125,-0.17894472181797028,-0.04330965504050255,0.12842056155204773
1788860638982572000,44.12957202148438,-0.1762828826904297,0.10631924867630005,0.17053578794002533
1788860638992613000,44.13961303710938,-0.163445383310318,0.26905515789985657,0.2084336280822754
1788860639002654000,44.14965405273438,-0.12370090186595917,0.30410608649253845,0.19488480687141418
1788860639012695000,44.159695068359376,-0.0918729305267334,0.26611265540122986,0.14630500972270966
1788860639022736100,44.169736083984375,-0.06993328034877777,0.2590794861316681,0.099710613489151
1788860639032778000,44.17977807617188,-0.041967425495386124,0.28625014424324036,0.024096015840768814
1788860639042819000,44.18981909179688,-0.0017233315156772733,0.2757892310619354,-0.04488571733236313
1788860639052860000,44.19985986328125,0.025429459288716316,0.26520049571990967,-0.07631368190050125
1788860639062901000,44.20990087890625,0.05771442875266075,0.27214470505714417,-0.06302184611558914
1788860639072942000,44.219942138671875,0.09100740402936935,0.26919203996658325,-0.041435059159994125
1788860639082983000,44.22998291015625,0.12053200602531433,0.1977839171886444,-0.03410843387246132
1788860639093024000,44.24002392578125,0.12635447084903717,0.14909814298152924,-0.029705697670578957
1788860639103065000,44.25006518554687,0.10238762199878693,0.1776922345161438,-0.005982791539281607
1788860639113106000,44.26010595703125,0.08125171065330505,0.2258286029100418,0.028621258214116096
1788860639123147000,44.27014697265625,0.09881419688463211,0.15781307220458984,0.06731485575437546
1788860639133188000,44.28018798828125,0.11022397875785828,0.1063525378704071,0.11695884168148041
1788860639143229000,44.29022900390625,0.09419015049934387,0.17353157699108124,0.19432073831558228
1788860639153270000,44.30027001953125,0.06942567974328995,0.23450331389904022,0.25757160782814026
1788860639163311000,44.31031103515625,0.07296821475028992,0.12220820039510727,0.27623558044433594
1788860639173353000,44.32035302734375,0.07783514261245728,-0.07605189085006714,0.24770806729793549
1788860639183394000,44.33039404296875,0.047503601759672165,-0.1832779496908188,0.19704408943653107
1788860639193435000,44.340434814453126,0.004793423693627119,-0.1184491515159607,0.1670379936695099
1788860639203476000,44.35047607421875,0.005368133541196585,-0.06285139918327332,0.14286021888256073
1788860639213517000,44.36051708984375,0.04066646844148636,-0.053709566593170166,0.11736471205949783
1788860639223558000,44.37055786132812,0.08354682475328445,-0.007750331424176693,0.1118791326880455
1788860639233599000,44.38059887695312,0.13956162333488464,0.031201329082250595,0.11130175739526749
1788860639243640000,44.39064013671875,0.19425949454307556,0.007807589136064053,0.06380295008420944
1788860639253681000,44.40068090820313,0.20352062582969666,-0.02725212648510933,0.008078965358436108
1788860639263722000,44.41072192382813,0.18198391795158386,-0.08129139244556427,0.0054520233534276485
1788860639273763000,44.42076318359375,0.1564311534166336,-0.06493532657623291,0.04129737243056297
1788860639283804200,44.43080419921875,0.13294845819473267,0.015361378900706768,0.05710616335272789
1788860639293845200,44.44084521484375,0.10938667505979538,0.0855196937918663,0.059293150901794434
1788860639303886000,44.450885986328124,0.09259358048439026,0.06555237621068954,0.04725699499249458
1788860639313927200,44.46092724609375,0.05368506535887718,0.09767915308475494,0.027331223711371422
1788860639323969000,44.47096899414063,0.03361628204584122,0.22229965031147003,0.006485862657427788
1788860639334010000,44.481010009765626,0.028678249567747116,0.28208839893341064,-0.030119553208351135
1788860639344051200,44.49105126953125,0.0012721919920295477,0.2913455665111542,-0.04739521071314812
1788860639354092000,44.501092041015625,-0.017189905047416687,0.3067421019077301,-0.03731568157672882
1788860639364133000,44.511133056640624,-0.02646995708346367,0.253446102142334,-0.035231225192546844
1788860639374174200,44.52117431640625,-0.03858920559287071,0.13825321197509766,-0.06424370408058167
1788860639384215000,44.53121508789062,-0.0548723042011261,0.03452468663454056,-0.07282067835330963
1788860639394256100,44.54125610351562,-0.08636870980262756,0.00794234499335289,-0.06328868865966797
1788860639404296700,44.551296630859376,-0.14796389639377594,0.09159436821937561,-0.058283545076847076
1788860639414337500,44.561337646484375,-0.21481004357337952,0.17335021495819092,-0.04842585697770119
1788860639424378600,44.571378662109375,-0.24883592128753662,0.10248003900051117,-0.02443290501832962
1788860639434419700,44.581419677734374,-0.25658783316612244,0.016654876992106438,-0.008614260703325272
1788860639444460500,44.59146044921875,-0.24785800278186798,0.01980619505047798,0.008945824578404427
1788860639454501600,44.60150170898437,-0.22400647401809692,0.028111794963479042,0.037750840187072754
1788860639464542700,44.61154272460937,-0.19813865423202515,0.005560946650803089,0.06847865879535675
1788860639474584600,44.62158447265625,-0.20025107264518738,0.008539958856999874,0.10999813675880432
1788860639484625700,44.631625732421874,-0.19228501617908478,0.011529889889061451,0.13125468790531158
1788860639494666500,44.64166650390625,-0.19984227418899536,-0.006713562645018101,0.134079247713089
1788860639504707600,44.65170751953125,-0.21555599570274353,-0.08614394068717957,0.11774314194917679
1788860639514748700,44.66174877929687,-0.27382248640060425,-0.1151827797293663,0.11038616299629211
1788860639524789500,44.67178955078125,-0.3312397003173828,-0.06255925446748734,0.131821408867836
1788860639534830600,44.68183056640625,-0.32030531764030457,0.07586919516324997,0.1444336175918579
1788860639544871700,44.69187158203125,-0.1983005702495575,0.15561090409755707,0.22392098605632782
1788860639554912500,44.70191259765625,-0.20053522288799286,0.09432251006364822,0.35426807403564453
1788860639564953900,44.711953857421875,-0.308655321598053,0.19191324710845947,0.2195853590965271
1788860639574994700,44.72199462890625,-0.2686687409877777,0.22850960493087769,0.023372434079647064
1788860639585035800,44.732035888671874,-0.16989582777023315,-0.07914808392524719,-0.021526064723730087
1788860639595076900,44.74207690429687,-0.02383609116077423,-0.05595940724015236,-0.030309703201055527
1788860639605117700,44.75211767578125,0.04780081287026405,0.1623644083738327,-0.03758838772773743
1788860639615158800,44.76215869140625,0.08663982152938843,0.20232407748699188,-0.022854715585708618
1788860639625199900,44.77219995117188,0.09131713211536407,0.13535036146640778,-0.03446982800960541
1788860639635241700,44.78224169921875,0.09840220212936401,0.16859912872314453,-0.05053055286407471
1788860639645282800,44.79228271484375,0.11973278969526291,0.21029704809188843,-0.014372813515365124
1788860639655323600,44.80232373046875,0.16013561189174652,0.14614789187908173,0.02955549582839012
1788860639665364700,44.81236474609375,0.22080454230308533,0.08130231499671936,0.023009445518255234
1788860639675405800,44.82240576171875,0.21881996095180511,0.13538898527622223,0.02827824279665947
1788860639685446700,44.83244677734375,0.17865709960460663,0.2187565714120865,0.04495549201965332
1788860639695487700,44.84248779296875,0.1457846313714981,0.2257859855890274,0.03873594477772713
1788860639705528800,44.85252880859375,0.1373669058084488,0.17068812251091003,0.025412948802113533
1788860639715569700,44.86256958007812,0.15531155467033386,0.2431090623140335,0.047619450837373734
1788860639725610800,44.87261083984375,0.1891518086194992,0.36805206537246704,0.06309428066015244
1788860639735651800,44.88265185546875,0.2064943164587021,0.44651997089385986,0.03778120130300522
1788860639745692700,44.89269262695313,0.2410499006509781,0.4056670665740967,0.007834221236407757
1788860639755733800,44.90273364257813,0.26722317934036255,0.35160356760025024,-0.017174193635582924
1788860639765774800,44.91277490234375,0.2935980558395386,0.3580004870891571,-0.02676956169307232
1788860639775815700,44.922815673828126,0.31284311413764954,0.36277180910110474,-0.02105415239930153
1788860639785856800,44.932856689453125,0.3617140054702759,0.2677542269229889,-0.003715375903993845
1788860639795898600,44.94289868164063,0.407878041267395,0.1530233770608902,0.007617439609020948
1788860639805939700,44.95293969726563,0.44266077876091003,0.06203434243798256,0.01733158528804779
1788860639815980800,44.96298071289063,0.45837315917015076,0.06710899621248245,0.05066317692399025
1788860639826021600,44.973021728515626,0.42085641622543335,0.10672537982463837,0.08483739197254181
1788860639836062700,44.983062744140625,0.3202797472476959,0.11902119219303131,0.0653076320886612
1788860639846103600,44.993103515625,0.203567236661911,0.006302903406322002,0.05242006480693817
1788860639856144600,45.00314453125,0.1917896717786789,-0.2135695368051529,0.06887147575616837
1788860639866185700,45.01318579101562,0.1803407520055771,-0.24592268466949463,0.02671070583164692
1788860639876226600,45.0232265625,0.11897645145654678,-0.1580761820077896,-0.01925279013812542
1788860639886267600,45.033267578125,-0.050812579691410065,-0.1813165247440338,-0.03732473403215408
1788860639896308700,45.04330883789063,-0.03789651393890381,-0.31770020723342896,-0.013660685159265995
1788860639906349600,45.053349609375,0.06312677264213562,-0.3657923638820648,-0.043003395199775696
1788860639916390700,45.063390625,0.05048101767897606,-0.31075334548950195,-0.07460393011569977
1788860639926431700,45.073431640625,0.10825084149837494,-0.2477879673242569,-0.0614473819732666
1788860639936472600,45.08347265625,0.12018340080976486,-0.16974429786205292,-0.05584116280078888
1788860639946513700,45.093513671875,0.04585803672671318,-0.10191012173891068,-0.10389124602079391
1788860639956555500,45.103555419921875,0.025719478726387024,-0.008837966248393059,-0.1262948215007782
1788860639966596600,45.1135966796875,0.05306961014866829,0.05762840807437897,-0.14922064542770386
1788860639976637700,45.1236376953125,0.050630152225494385,-0.01318264752626419,-0.19862280786037445
1788860639986678500,45.13367846679687,0.04489290714263916,-0.24675466120243073,-0.206389918923378
1788860639996719600,45.1437197265625,0.011668640188872814,-0.4500896632671356,-0.18850040435791016
1788860640006760700,45.1537607421875,-0.02887585572898388,-0.5053353309631348,-0.1259579360485077
1788860640016801500,45.16380151367188,-0.04868977516889572,-0.42311131954193115,-0.02961381897330284
1788860640026842600,45.17384252929688,-0.11554550379514694,-0.1281752735376358,0.0940210372209549
1788860640036883700,45.1838837890625,-0.36249589920043945,0.4797106683254242,0.32962530851364136
1788860640046924500,45.193924560546876,-0.1707344502210617,0.3397727608680725,0.987095296382904
1788860640056965600,45.203965576171875,0.27466219663619995,1.3140792846679688,1.1391698122024536
1788860640067006500,45.21400634765625,0.3227769732475281,1.8986597061157227,1.2204539775848389
1788860640077047600,45.22404760742187,-0.09145534783601761,1.5143743753433228,1.1907168626785278
1788860640087088600,45.23408862304687,-0.148443803191185,0.5220144391059875,0.983359158039093
1788860640097129500,45.24412939453125,0.12653370201587677,-0.16768807172775269,0.5322540402412415
1788860640107170600,45.25417065429688,0.0419333353638649,-0.12058660387992859,0.06664613634347916
1788860640117212700,45.264212646484374,-0.41917088627815247,1.1813968420028687,-0.6684736609458923
1788860640127253800,45.27425366210937,-0.783570408821106,2.824251890182495,-1.3695913553237915
1788860640137294800,45.284294921875,-1.0388400554656982,1.498223900794983,-0.910659909248352
1788860640147335700,45.29433569335937,-0.8504277467727661,-0.8975158929824829,-0.3695269227027893
1788860640157376800,45.30437670898438,0.10880078375339508,-1.3463096618652344,-0.34825918078422546
1788860640167417900,45.31441796875,0.8532328605651855,-0.7050763964653015,-0.3485252261161804
1788860640177458700,45.32445874023438,0.6381045579910278,0.05116971209645271,-0.28348231315612793
1788860640187499800,45.334499755859376,0.46538472175598145,0.07867803424596786,-0.22207167744636536
1788860640197540900,45.344540771484375,0.4403108060359955,-0.24307043850421906,-0.2311096489429474
1788860640207581700,45.354581787109375,0.30680733919143677,-0.20453104376792908,-0.22966621816158295
1788860640217622800,45.364622802734374,0.1901901811361313,-0.16281954944133759,-0.20357096195220947
1788860640227664000,45.37466381835937,0.08932854980230331,-0.030900923535227776,-0.13813550770282745
1788860640237704700,45.38470458984375,-0.01589054986834526,0.1163465827703476,-0.07337674498558044
1788860640247745800,45.39474584960937,-0.041366882622241974,0.052376653999090195,-0.069597989320755
1788860640257786600,45.40478662109375,-0.006767891347408295,-0.13544544577598572,-0.06681311875581741
1788860640267827700,45.41482763671875,-0.026324547827243805,-0.12884452939033508,-0.04215650632977486
1788860640277868800,45.42486889648438,-0.10428991913795471,0.05580254644155502,-0.032654616981744766
1788860640287909600,45.43490966796875,-0.1210920661687851,0.16767741739749908,-0.02299027144908905
1788860640297951700,45.44495166015625,-0.13625824451446533,0.2673930823802948,-0.0009635316673666239
1788860640307992600,45.45499267578125,-0.1351972371339798,0.29821836948394775,-0.005322860088199377
1788860640318033700,45.46503369140625,-0.10117428749799728,0.23369264602661133,-0.012862268835306168
1788860640328074800,45.47507470703125,-0.14711488783359528,0.08357931673526764,-0.004253334365785122
1788860640338115600,45.485115478515624,-0.21346381306648254,-0.04200524091720581,-0.04535762593150139
1788860640348156700,45.49515673828125,-0.16078995168209076,-0.26171842217445374,-0.09998651593923569
1788860640358197800,45.50519775390625,-0.14841397106647491,-0.4403204023838043,-0.16031697392463684
1788860640368238600,45.51523852539062,-0.18922877311706543,-0.49333781003952026,-0.17786294221878052
1788860640378279700,45.52527978515625,-0.28321999311447144,-0.4003570079803467,-0.12036076188087463
1788860640388320800,45.53532080078125,-0.39462828636169434,-0.16676448285579681,-0.033064477145671844
1788860640398361600,45.54536157226563,-0.5302156805992126,-0.054306648671627045,-0.045452434569597244
1788860640408403200,45.5554033203125,-0.6212225556373596,-0.06331425905227661,-0.08562355488538742
1788860640418444000,45.56544409179688,-0.6483769416809082,-0.056479521095752716,-0.03744324669241905
1788860640428485000,45.575485107421876,-0.7475333213806152,-0.19686086475849152,0.04593073949217796
1788860640438526200,45.585526123046876,-0.9637593626976013,-0.24698075652122498,0.04677096754312515
1788860640448567000,45.595567138671875,-1.0322662591934204,0.012054798193275928,0.11020933091640472
1788860640458608000,45.605608154296874,-0.7106490731239319,0.13312529027462006,0.0486207976937294
1788860640468650000,45.61564990234375,-0.23815077543258667,-0.02888011746108532,-0.10794004797935486
1788860640478691000,45.625691162109376,-0.08359822630882263,0.06412731856107712,-0.07418794184923172
1788860640488732200,45.635732177734376,-0.22566482424736023,0.17815561592578888,0.08434896916151047
1788860640498773000,45.64577294921875,-0.4339090883731842,0.13892538845539093,0.10969560593366623
1788860640508814000,45.65581396484375,-0.4537784159183502,0.1574237048625946,0.0257522352039814
1788860640518855200,45.66585522460937,-0.44464829564094543,0.20511053502559662,-0.039982836693525314
1788860640528896000,45.67589599609375,-0.3811739683151245,0.5622425675392151,-0.18611527979373932
1788860640538937000,45.68593701171875,-0.5255612730979919,0.8871657848358154,0.016990168020129204
1788860640548978200,45.69597827148438,-0.46885058283805847,0.6688259840011597,0.05922790244221687
1788860640559019000,45.70601904296875,-0.3747032880783081,0.5873034596443176,0.07390112429857254
1788860640569060000,45.71606005859375,-0.31814467906951904,0.3867514431476593,0.044975463300943375
1788860640579101200,45.72610107421875,-0.3838440775871277,-0.6102601885795593,-0.12427081912755966
1788860640589142000,45.73614208984375,-0.37451261281967163,-1.4406931400299072,-0.23579362034797668
1788860640599183000,45.74618310546875,-0.2529025673866272,-1.4032560586929321,-0.24765880405902863
1788860640609224200,45.75622412109375,-0.2582853436470032,-0.924854040145874,-0.2373446375131607
1788860640619265000,45.76626513671875,-0.3993295431137085,-0.3055468797683716,-0.21000783145427704
1788860640629306000,45.77630615234375,-0.7521225214004517,0.23697499930858612,-0.19688883423805237
1788860640639347200,45.78634716796875,-0.9555027484893799,0.4311649799346924,-0.14582058787345886
1788860640649388000,45.796387939453126,-0.9720998406410217,0.7894120812416077,0.04693128913640976
1788860640659430100,45.80643017578125,-1.3496383428573608,1.7449291944503784,0.2193983942270279
1788860640669471000,45.81647094726563,-1.3224453926086426,1.6445770263671875,0.16204190254211426
1788860640679512000,45.82651196289063,-0.9787707924842834,0.8135077953338623,0.07748387008905411
1788860640689553000,45.83655297851563,-0.755627453327179,-0.012859872542321682,0.07009892910718918
1788860640699594000,45.846593994140626,-0.5974146723747253,-0.31089502573013306,0.08288422971963882
1788860640709635000,45.856635009765625,-0.6776351928710938,-0.21805962920188904,0.11161094903945923
1788860640719676000,45.866676025390625,-0.7701382637023926,-0.08603768050670624,0.0945025384426117
1788860640729717000,45.876717041015624,-0.7618483304977417,0.06630818545818329,0.11817537248134613
1788860640739758000,45.88675805664062,-0.7541518211364746,0.24119025468826294,0.14063860476016998
1788860640749799000,45.896798828125,-0.7352404594421387,0.5385169982910156,0.17774629592895508
1788860640759840000,45.90684008789062,-0.7189706563949585,1.5508540868759155,0.3694393038749695
1788860640769881000,45.91688110351563,-0.6793438792228699,2.6347036361694336,0.5133746266365051
1788860640779922000,45.926921875,-0.5240278244018555,2.9646623134613037,0.45646339654922485
1788860640789963000,45.936962890625,-0.2750917673110962,1.323862910270691,-0.11600995808839798
1788860640800004000,45.947004150390626,-0.06518220156431198,0.8138433694839478,0.074185810983181
1788860640810045000,45.957044921875,-0.011873170733451843,0.6016538739204407,0.17352065443992615
1788860640820086000,45.9670859375,-0.15460608899593353,0.19269701838493347,0.03471377119421959
1788860640830127000,45.977127197265624,-0.25885260105133057,0.10405316203832626,-0.033487651497125626
1788860640840169200,45.98716918945313,-0.182514950633049,0.18055592477321625,0.026267822831869125
1788860640850210300,45.997210205078126,-0.1047690212726593,0.24999092519283295,0.04193094000220299
1788860640860251100,46.007251220703125,-0.07688040286302567,0.24795520305633545,0.056537311524152756
1788860640870292200,46.017292236328124,-0.11445946991443634,0.3041415214538574,0.10441375523805618
1788860640880333300,46.027333251953124,-0.2400730550289154,0.34168756008148193,0.09431611746549606
1788860640890374100,46.0373740234375,-0.3328709006309509,0.2583620548248291,0.07429713010787964
1788860640900415200,46.04741528320312,-0.3446758985519409,0.1766972690820694,0.06258801370859146
1788860640910456000,46.0574560546875,-0.3353614807128906,0.11790905892848969,0.06344874948263168
1788860640920497200,46.0674970703125,-0.25088709592819214,0.046534214168787,0.08704541623592377
1788860640930538200,46.07753833007813,0.037099163979291916,-0.10557862371206284,0.11562806367874146
1788860640940579000,46.0875791015625,0.18497171998023987,-0.10909586399793625,0.16113829612731934
1788860640950620200,46.0976201171875,-0.25519660115242004,0.11103757470846176,0.13688968122005463
1788860640960661200,46.1076611328125,-0.520995557308197,0.34406548738479614,0.06112327426671982
1788860640970702000,46.1177021484375,-0.532289445400238,0.5218903422355652,0.06568527221679688
1788860640980743200,46.1277431640625,-0.44350606203079224,0.5904465317726135,0.07926712185144424
1788860640990784300,46.1377841796875,-0.40442976355552673,0.6217207908630371,0.06804962456226349
1788860641000825000,46.1478251953125,-0.38878530263900757,0.6027894616127014,0.02196308970451355
1788860641010866200,46.1578662109375,-0.4966965913772583,0.5358825922012329,-0.009778328239917755
1788860641020907300,46.1679072265625,-0.5851172804832458,0.40312615036964417,-0.04241430386900902
1788860641030949000,46.17794921875,-0.5217207074165344,0.48362526297569275,0.0035289546940475702
1788860641040990200,46.187990234375,-0.6438042521476746,0.8015835285186768,0.11633885651826859
1788860641051031000,46.19803100585938,-1.045809268951416,1.2361667156219482,0.1634959876537323
1788860641061072100,46.20807202148438,-1.2889784574508667,1.383338212966919,0.10866788774728775
1788860641071113200,46.21811328125,-1.3894139528274536,1.502268671989441,-0.05288878083229065
1788860641081154000,46.228154052734375,-1.3416448831558228,1.7602261304855347,-0.1443433314561844
1788860641091195100,46.238195068359374,-1.1447696685791016,2.117875099182129,-0.009638778865337372
1788860641101236200,46.248236328125,-0.718700110912323,2.3161566257476807,0.007651527877897024
1788860641111277000,46.25827709960937,-0.29653552174568176,2.4661293029785156,-0.002862365450710058
1788860641121318100,46.26831811523437,0.009002815932035446,2.645205497741699,-0.16404512524604797
1788860641131359000,46.27835888671875,0.13144084811210632,2.7827742099761963,-0.2661949396133423
1788860641141400000,46.28840014648438,0.1698574721813202,2.7498626708984375,-0.25078561902046204
1788860641151441200,46.29844116210938,-0.02971981279551983,2.4421682357788086,-0.2764417231082916
1788860641161482000,46.30848193359375,-0.18544122576713562,1.867713212966919,-0.04037858173251152
1788860641171523000,46.318523193359376,-0.25532445311546326,1.3966327905654907,0.4739428162574768
1788860641181564200,46.328564208984375,-0.177101269364357,1.0126489400863647,0.7458619475364685
1788860641191605000,46.33860498046875,0.11228393018245697,0.5211635828018188,0.5420358180999756
1788860641201646000,46.34864599609375,0.18111732602119446,0.5531100630760193,0.35345447063446045
1788860641211688000,46.35868798828125,-0.07782422751188278,0.6671375632286072,0.46871447563171387
1788860641221729000,46.36872900390625,-0.3098340332508087,1.2000004053115845,0.8207651972770691
1788860641231770000,46.37877001953125,0.22450900077819824,0.4201647937297821,0.4110802114009857
1788860641241811000,46.38881103515625,1.4060534238815308,0.12821069359779358,0.2096288651227951
1788860641251852000,46.39885205078125,1.9810158014297485,0.21631738543510437,0.28780195116996765
1788860641261893000,46.40889306640625,1.8187991380691528,0.16196280717849731,0.1902756690979004
1788860641271934000,46.41893383789063,1.8267441987991333,0.13942180573940277,0.24278441071510315
1788860641281975000,46.42897509765625,1.9748356342315674,0.024929318577051163,0.32307127118110657
1788860641292016000,46.43901611328125,2.078571319580078,0.37793317437171936,0.18637733161449432
1788860641302057000,46.449056884765625,1.9497990608215332,1.0212695598602295,-0.16208131611347198
1788860641312098000,46.45909814453125,1.7213107347488403,1.6298582553863525,-0.43760424852371216
1788860641322139100,46.46913916015625,1.4823466539382935,2.063530206680298,-0.4156648516654968
1788860641332180000,46.47917993164062,1.1005054712295532,2.2339158058166504,-0.3811843693256378
1788860641342221000,46.48922094726562,0.5710773468017578,2.4480388164520264,-0.37283429503440857
1788860641352262100,46.49926220703125,-0.0677846372127533,2.351499557495117,-0.27633437514305115
1788860641362303000,46.50930297851563,-0.46339401602745056,2.069739818572998,-0.27183496952056885
1788860641372344000,46.51934399414063,-0.6029058694839478,1.7334723472595215,-0.2501389980316162
1788860641382385000,46.529385009765626,-0.766682505607605,1.1724950075149536,-0.09945734590291977
1788860641392427300,46.53942724609375,-0.7721646428108215,0.6084393858909607,0.07400045543909073
1788860641402468000,46.54946801757813,-0.6226212382316589,0.2814796268939972,0.11875594407320023
1788860641412508200,46.559508056640624,-0.5567905306816101,0.338018000125885,0.05907849967479706
1788860641422549200,46.56954931640625,-0.511583149433136,0.5762872695922852,-0.07712461054325104
1788860641432590300,46.57959033203125,-0.4129399061203003,0.7848426103591919,-0.1516321301460266
1788860641442631200,46.58963110351562,-0.3347662687301636,0.7347432374954224,-0.11784753948450089
1788860641452672300,46.59967236328125,-0.26292911171913147,0.48618215322494507,-0.017480723559856415
1788860641462713300,46.60971337890625,-0.27963751554489136,0.2077832818031311,0.07366996258497238
1788860641472754200,46.61975415039063,-0.29379352927207947,-0.06922408193349838,0.1734793782234192
1788860641482795300,46.629795166015626,-0.2610374689102173,-0.17174911499023438,0.37910977005958557
1788860641492836400,46.63983642578125,-0.21053166687488556,-0.2979715168476105,0.5107447504997253
1788860641502877200,46.649877197265624,-0.28022128343582153,-0.35010582208633423,0.6905134320259094
1788860641512918300,46.659918212890624,-0.31756651401519775,-0.43801355361938477,0.911921501159668
1788860641522959400,46.66995947265625,-0.3530089259147644,-0.6846036314964294,1.2654070854187012
1788860641533000200,46.68000024414062,-0.5504887104034424,-1.0119801759719849,1.9194262027740479
1788860641543041300,46.69004125976563,-0.8576302528381348,-2.009270668029785,1.986046552658081
1788860641553082000,46.70008203125,-0.9559733867645264,-2.556938409805298,1.7373485565185547
1788860641563123200,46.71012329101563,-0.6088212728500366,-1.8663229942321777,1.9353768825531006
1788860641573165300,46.72016528320312,-0.5302422642707825,-1.0421721935272217,1.9803580045700073
1788860641583206400,46.73020629882812,-0.7049856185913086,-0.6170533299446106,1.6006447076797485
1788860641593247500,46.74024755859375,-0.8205398917198181,-0.38940367102622986,1.4087599515914917
1788860641603288300,46.75028833007813,-0.8028059005737305,-0.318897545337677,1.482850432395935
1788860641613329400,46.76032934570313,-0.817042350769043,-0.5770263075828552,1.5551358461380005
1788860641623370500,46.77037060546875,-0.883761465549469,-0.9375014305114746,1.5429660081863403
1788860641633411300,46.780411376953126,-0.9077352285385132,-1.0495693683624268,1.503320336341858
1788860641643452400,46.790452392578125,-0.8924455046653748,-0.801419734954834,1.3747050762176514
1788860641653493500,46.800493408203124,-0.8983657360076904,-0.5104749798774719,1.120595097541809
1788860641663534300,46.81053442382812,-0.9829714298248291,-0.6903526186943054,1.106408953666687
1788860641673575400,46.82057543945312,-0.8345907330513,-0.8217239379882812,1.231864094734192
1788860641683616500,46.83061645507812,-0.868812620639801,-0.2564307153224945,0.9858822822570801
1788860641693657300,46.8406572265625,-0.9609516263008118,0.36767256259918213,0.6364614367485046
1788860641703698400,46.85069848632813,-1.1761568784713745,0.6959012746810913,0.38887664675712585
1788860641713739500,46.86073950195313,-1.3529760837554932,0.6560284495353699,0.43774592876434326
1788860641723780400,46.8707802734375,-1.54075288772583,0.6866992712020874,0.36309751868247986
1788860641733821400,46.880821533203125,-1.649683952331543,0.42706984281539917,-0.01768871583044529
1788860641743863300,46.89086328125,-1.9343936443328857,-0.004234159830957651,-0.2574898600578308
1788860641753904400,46.900904296875,-2.209944248199463,-0.18402603268623352,-0.4415672719478607
1788860641763945200,46.9109453125,-2.506758689880371,-0.0014436995843425393,-0.8985745310783386
1788860641773986300,46.920986328125,-2.667494773864746,0.6663618087768555,-1.6515803337097168
1788860641784027400,46.93102734375,-2.495553970336914,1.4042941331863403,-2.234204053878784
1788860641794068200,46.94106811523437,-2.213350296020508,2.366591691970825,-2.2139508724212646
1788860641804109300,46.951109375,-1.869507074356079,3.332550525665283,-1.8552958965301514
1788860641814150400,46.961150390625,-1.5082908868789673,4.254787921905518,-1.2605921030044556
1788860641824191200,46.97119116210938,-1.4173763990402222,4.498234748840332,-0.6372073292732239
1788860641834232300,46.981232421875,-1.7707747220993042,4.399757385253906,-0.016764599829912186
1788860641844273400,46.9912734375,-2.438408374786377,3.871696710586548,0.42707809805870056
1788860641854314200,47.001314208984375,-3.34309720993042,3.122821569442749,0.5880006551742554
1788860641864355300,47.011355224609375,-4.312796115875244,2.4263858795166016,0.4985365569591522
1788860641874396400,47.021396484375,-5.158669948577881,1.7437773942947388,0.11838922649621964
1788860641884437200,47.03143725585937,-5.756124496459961,1.299621820449829,-0.553125262260437
1788860641894478300,47.04147827148437,-6.112551212310791,1.064876914024353,-1.3634604215621948
1788860641904519400,47.05151953125,-6.26371431350708,0.9029144048690796,-2.2084808349609375
1788860641914561300,47.061561279296875,-6.360568046569824,0.6117494106292725,-3.1037187576293945
1788860641924602400,47.071602294921874,-6.449611663818359,0.38497084379196167,-3.8752479553222656
1788860641934643200,47.08164331054687,-6.435072898864746,0.08533061295747757,-4.5133256912231445
1788860641944684300,47.09168432617187,-6.204102516174316,-0.03886803612112999,-4.983942985534668
1788860641954725400,47.10172534179687,-5.841894149780273,0.3912409842014313,-5.358100891113281
1788860641964766200,47.11176611328125,-5.468829154968262,1.1258829832077026,-5.643973350524902
1788860641974807300,47.12180737304688,-5.355605602264404,2.244779586791992,-5.992884635925293
1788860641984848400,47.13184838867188,-5.131646156311035,3.353685140609741,-5.8135666847229
1788860641994889200,47.14188916015625,-4.5761237144470215,3.68328595161438,-5.3909783363342285
1788860642004930300,47.151930419921875,-3.8141534328460693,4.493082046508789,-4.597551345825195
1788860642014971100,47.16197119140625,-2.783337354660034,5.679851531982422,-3.705845832824707
1788860642025012200,47.17201220703125,-1.7346134185791016,6.7734198570251465,-3.169875383377075
1788860642035053300,47.18205322265625,-0.9341551661491394,7.948816776275635,-3.03477144241333
1788860642045094100,47.19209423828125,-0.22768375277519226,9.07414436340332,-3.046614408493042
1788860642055135200,47.20213525390625,0.3544986844062805,10.01562213897705,-3.0585134029388428
1788860642065176300,47.21217626953125,0.7719007134437561,10.669637680053711,-2.8956475257873535
1788860642075217200,47.222217041015625,1.0214109420776367,11.075258255004883,-2.4895119667053223
1788860642085258200,47.23225830078125,1.175614356994629,11.837636947631836,-1.9746021032333374
1788860642095300000,47.24230004882813,1.2768224477767944,12.880738258361816,-1.3772332668304443
1788860642105341200,47.25234106445313,1.199741005897522,12.578117370605469,-1.0699859857559204
1788860642115382300,47.26238232421875,0.41638362407684326,4.947482109069824,-3.3016130924224854
1788860642125423000,47.272423095703125,0.08078166842460632,4.295210838317871,-3.077702283859253
1788860642135464200,47.282464111328125,-0.032344356179237366,4.962242603302002,-2.215615749359131
1788860642145505500,47.292505615234376,-0.32898613810539246,5.644088268280029,-1.4561741352081299
1788860642155546400,47.30254638671875,-0.9591084122657776,5.3901686668396,-1.0241612195968628
1788860642165587500,47.31258740234375,-1.4211972951889038,5.171895980834961,-0.3904588222503662
1788860642175628500,47.32262866210937,-1.5019460916519165,4.93136739730835,0.5486974716186523
1788860642185669400,47.33266943359375,-1.136509895324707,3.604783773422241,1.8864203691482544
1788860642195710500,47.34271044921875,-0.36481523513793945,1.331078052520752,2.500112295150757
1788860642205751300,47.35275122070313,0.28866323828697205,0.10673975944519043,3.0940704345703125
1788860642215792400,47.36279248046875,0.5043933987617493,-0.2809368669986725,3.4816741943359375
1788860642225833500,47.37283349609375,0.2856922149658203,-0.31217440962791443,3.630894899368286
1788860642235874300,47.382874267578124,-0.21877868473529816,-0.40805885195732117,3.687379837036133
1788860642245915400,47.39291528320312,-0.7861438393592834,-0.5512027144432068,3.775606632232666
1788860642255957200,47.40295727539063,-1.147145390510559,-0.7245841026306152,3.9301135540008545
1788860642265997300,47.41299731445312,-1.1571799516677856,-1.0619295835494995,3.9791624546051025
1788860642276039400,47.423039306640625,-0.9396867752075195,-1.5979852676391602,3.7432875633239746
1788860642286080300,47.433080322265624,-0.7754014730453491,-1.9846872091293335,3.128326177597046
1788860642296121300,47.443121337890624,-0.7674042582511902,-2.117020845413208,2.437633514404297
1788860642306162400,47.45316235351562,-0.8999348282814026,-2.2214975357055664,2.071763277053833
1788860642316203300,47.46320336914062,-1.165045142173767,-2.650071144104004,1.9919315576553345
1788860642326244400,47.47324438476563,-1.2810686826705933,-2.508524179458618,2.3707661628723145
1788860642336285400,47.48328540039063,-1.3552714586257935,-2.167135715484619,2.836711883544922
1788860642346326300,47.493326171875,-1.47088623046875,-1.9773222208023071,3.0347158908843994
1788860642356367400,47.503367431640626,-1.5934596061706543,-1.6665079593658447,3.0876221656799316
1788860642366408400,47.513408447265626,-1.6806607246398926,-1.2615993022918701,3.1199092864990234
1788860642376449300,47.52344921875,-1.6911776065826416,-0.8514783978462219,3.1085357666015625
1788860642386490400,47.533490478515624,-1.6093610525131226,-0.5798167586326599,3.042409896850586
1788860642396531500,47.54353149414062,-1.4434024095535278,-0.358311265707016,2.9424402713775635
1788860642406572500,47.55357250976562,-1.2570596933364868,-0.1372462660074234,2.799607515335083
1788860642416613600,47.56361352539062,-1.1248928308486938,-0.014652179554104805,2.5907580852508545
1788860642426654500,47.57365454101563,-1.0285135507583618,-0.1512070894241333,2.2884304523468018
1788860642436696600,47.583696533203124,-0.9571808576583862,-0.35593894124031067,1.922547459602356
1788860642446737400,47.5937373046875,-0.9141198992729187,-0.5032998919487,1.4565895795822144
1788860642456778500,47.60377856445312,-0.8989250063896179,-0.6079940795898438,0.9090346097946167
1788860642466819600,47.61381958007812,-0.7205837368965149,-0.615595281124115,0.567109227180481
1788860642476860400,47.6238603515625,-0.48691052198410034,-0.5784686803817749,0.35419508814811707
1788860642486901500,47.63390161132813,-0.3303307890892029,-0.45297786593437195,0.2260938584804535
1788860642496942600,47.64394262695313,-0.250305712223053,-0.25965794920921326,0.125508651137352
1788860642506983400,47.6539833984375,-0.21656478941440582,-0.0900353491306305,0.0323675274848938
1788860642517024500,47.6640244140625,-0.25966939330101013,-0.09201114624738693,-0.09469907730817795
1788860642527065600,47.674065673828125,-0.379753440618515,-0.13404116034507751,-0.1893582046031952
1788860642537106400,47.6841064453125,-0.49913471937179565,-0.10024857521057129,-0.20467644929885864
1788860642547147500,47.6941474609375,-0.5787179470062256,-0.08797059953212738,-0.19430476427078247
1788860642557188600,47.70418872070312,-0.5949403047561646,-0.18350377678871155,-0.19299954175949097
1788860642567229400,47.7142294921875,-0.5467531085014343,-0.2648487091064453,-0.16806623339653015
1788860642577270500,47.7242705078125,-0.4630486071109772,-0.2815219461917877,-0.14709250628948212
1788860642587311600,47.7343115234375,-0.3940327763557434,-0.3022940754890442,-0.16899274289608002
1788860642597352400,47.7443525390625,-0.34246042370796204,-0.2519344985485077,-0.2328372448682785
1788860642607394600,47.75439453125,-0.2933943271636963,-0.11998046934604645,-0.32855018973350525
1788860642617435400,47.76443530273438,-0.2449359893798828,-0.010823353193700314,-0.42838969826698303
1788860642627476500,47.7744765625,-0.22413189709186554,0.07732168585062027,-0.4963647425174713
1788860642637517600,47.784517578125,-0.22623419761657715,0.1627447009086609,-0.5185137391090393
1788860642647558400,47.794558349609375,-0.2385643720626831,0.23588043451309204,-0.49826812744140625
1788860642657599500,47.804599609375,-0.24212661385536194,0.28636491298675537,-0.44312283396720886
1788860642667640300,47.81464038085937,-0.22382323443889618,0.2895987927913666,-0.368318647146225
1788860642677681400,47.82468139648437,-0.1750921905040741,0.2278595268726349,-0.2781703770160675
1788860642687722500,47.83472241210937,-0.1378055363893509,0.08304774761199951,-0.17795774340629578
1788860642697763300,47.84476342773438,-0.1236732080578804,-0.09632014483213425,-0.06634946167469025
1788860642707804400,47.85480444335938,-0.1060531958937645,-0.1714865267276764,0.09365511685609818
1788860642717845800,47.864845703125,-0.09117917716503143,-0.13583771884441376,0.278513640165329
1788860642727886600,47.874886474609376,-0.09924749284982681,-0.09590096026659012,0.4209165871143341
1788860642737927700,47.884927734375,-0.14077655971050262,-0.02582680433988571,0.4977472126483917
1788860642747968800,47.89496875,-0.19099073112010956,0.05473754554986954,0.5019392967224121
1788860642758009600,47.905009521484374,-0.2438984215259552,0.029210615903139114,0.468475341796875
1788860642768050700,47.91505078125,-0.2833768427371979,-0.07864953577518463,0.43446144461631775
1788860642778092500,47.925092529296876,-0.29221534729003906,-0.22391459345817566,0.40836912393569946
1788860642788133600,47.935133544921875,-0.27055293321609497,-0.3587741255760193,0.3925997316837311
1788860642798174700,47.9451748046875,-0.24883751571178436,-0.4478512704372406,0.4098447859287262
1788860642808215600,47.955215576171874,-0.2471354901790619,-0.48322632908821106,0.4617748260498047
1788860642818256600,47.96525659179687,-0.241170272231102,-0.503214955329895,0.4977903366088867
1788860642828297700,47.97529760742187,-0.2243414968252182,-0.5236507058143616,0.47407597303390503
1788860642838338600,47.98533862304687,-0.19743983447551727,-0.4962209463119507,0.40058550238609314
1788860642848379600,47.99537963867188,-0.14134860038757324,-0.32502231001853943,0.2961733341217041
1788860642858420700,48.00542065429688,-0.07416237890720367,-0.1430860459804535,0.14554467797279358
1788860642868461600,48.015461669921876,-0.05674983188509941,0.04021000489592552,0.005004345905035734
1788860642878502700,48.025502685546876,-0.10458739846944809,0.09207479655742645,-0.11830427497625351
1788860642888543500,48.03554345703125,-0.16877757012844086,-0.016629310324788094,-0.19760175049304962
1788860642898584600,48.04558447265625,-0.22077737748622894,-0.18579889833927155,-0.21289682388305664
1788860642908625700,48.05562573242187,-0.2858392000198364,-0.3689359724521637,-0.20162366330623627
1788860642918666500,48.06566650390625,-0.3532342314720154,-0.4340859353542328,-0.18825885653495789
1788860642928707600,48.07570751953125,-0.39107802510261536,-0.3742516338825226,-0.19629281759262085
1788860642938748700,48.08574877929688,-0.36101996898651123,-0.2540000379085541,-0.21500498056411743
1788860642948789500,48.09578955078125,-0.28817638754844666,-0.04639546200633049,-0.22546720504760742
1788860642958831600,48.10583154296875,-0.2222602367401123,0.15066088736057281,-0.22496068477630615
1788860642968872400,48.11587255859375,-0.18671582639217377,0.26941975951194763,-0.21580633521080017
1788860642978913500,48.12591357421875,-0.16042029857635498,0.3445427417755127,-0.18376050889492035
1788860642988954600,48.13595458984375,-0.12321913987398148,0.41450318694114685,-0.1405419409275055
1788860642998995500,48.145995361328126,-0.08027965575456619,0.5363638401031494,-0.10863246768712997
1788860643009036500,48.15603662109375,-0.012223909609019756,0.7454355359077454,-0.11139869689941406
1788860643019077600,48.16607763671875,0.08268928527832031,0.9749979376792908,-0.18704845011234283
1788860643029118500,48.17611840820312,0.09410572797060013,1.2441452741622925,0.04935716465115547
1788860643039159600,48.18615966796875,0.06961663067340851,0.8802751302719116,0.10379350930452347
1788860643049200600,48.19620068359375,0.07254264503717422,0.6504033207893372,0.12650787830352783
1788860643059241500,48.20624145507813,0.19684116542339325,0.6635766625404358,0.20313900709152222
1788860643069282600,48.21628247070313,0.3660874366760254,0.7666135430335999,0.34040525555610657
1788860643079323600,48.22632373046875,0.5275495648384094,0.8633800148963928,0.5206282734870911
1788860643089364500,48.236364501953126,0.6117216944694519,0.8800439834594727,0.7041642665863037
1788860643099405600,48.246405517578125,0.584580659866333,0.8114912509918213,0.8461296558380127
1788860643109446400,48.2564462890625,0.5095199942588806,0.5983070731163025,0.8838759660720825
1788860643119488500,48.26648852539063,0.395442932844162,0.25305914878845215,0.7604848146438599
1788860643129529600,48.27652954101563,0.27418068051338196,-0.054605986922979355,0.5181733965873718
1788860643139570400,48.2865703125,0.14063487946987152,-0.221928671002388,0.21771687269210815
1788860643149611500,48.296611572265626,0.05188077315688133,-0.31772151589393616,-0.009321596473455429
1788860643159652400,48.30665234375,-0.038511972874403,-0.15454083681106567,-0.1418074667453766
1788860643169693400,48.316693359375,-0.08342378586530685,-0.0036394759081304073,-0.1647828221321106
1788860643179734500,48.32673461914062,-0.16575008630752563,-0.005943376570940018,-0.14711327850818634
1788860643189775400,48.336775390625,-0.25979509949684143,-0.07942425459623337,-0.04193839430809021
1788860643199816400,48.34681640625,-0.3087778091430664,-0.22884675860404968,0.09018262475728989
1788860643209857500,48.356857421875,-0.3050246238708496,-0.4863438010215759,0.19102081656455994
1788860643219898400,48.3668984375,-0.25033608078956604,-0.787147581577301,0.2726176679134369
1788860643229939500,48.376939453125,-0.19126130640506744,-1.023867130279541,0.33983880281448364
1788860643239980500,48.38698046875,-0.17211051285266876,-1.1149792671203613,0.37603968381881714
1788860643250021400,48.397021484375,-0.23843467235565186,-1.0143882036209106,0.4018678069114685
1788860643260062500,48.4070625,-0.3567464053630829,-0.7938052415847778,0.39212703704833984
1788860643270103600,48.417103515625,-0.42146122455596924,-0.5424938797950745,0.32824844121932983
1788860643280144400,48.42714428710938,-0.41277584433555603,-0.24929212033748627,0.2296944409608841
1788860643290186800,48.437186767578126,-0.35552242398262024,-0.013542707078158855,0.12086064368486404
1788860643300227600,48.4472275390625,-0.25160133838653564,0.11944250762462616,0.03430444374680519
1788860643310268700,48.4572685546875,-0.12836623191833496,0.1403842717409134,-0.030433006584644318
1788860643320309800,48.467309814453124,-0.006458698306232691,0.09085347503423691,-0.05457456037402153
1788860643330350600,48.4773505859375,0.09970076382160187,0.02550322934985161,-0.004550809506326914
1788860643340391700,48.4873916015625,0.14605814218521118,-0.033720411360263824,0.10884232819080353
1788860643350432500,48.4974326171875,0.13857732713222504,-0.03612125292420387,0.2699739634990692
1788860643360473600,48.5074736328125,0.09188198298215866,-0.03573509305715561,0.4337165653705597
1788860643370514700,48.5175146484375,0.015483352355659008,-0.06523226946592331,0.5581815242767334
1788860643380555500,48.527555419921875,-0.07837922871112823,-0.08305440843105316,0.6411163210868835
1788860643390596600,48.5375966796875,-0.17637982964515686,-0.08565258979797363,0.6533517241477966
1788860643400637700,48.5476376953125,-0.25052836537361145,-0.09766557067632675,0.6168860793113708
1788860643410679300,48.55767919921875,-0.2846820652484894,-0.09022895991802216,0.5649411678314209
1788860643420720400,48.567720458984375,-0.27907344698905945,-0.05284936726093292,0.5248358249664307
1788860643430761200,48.57776123046875,-0.2584688365459442,-0.024277109652757645,0.490632027387619
1788860643440802300,48.58780224609375,-0.24451254308223724,-0.009727195836603642,0.46679699420928955
1788860643450844200,48.59784423828125,-0.25394171476364136,0.025724537670612335,0.543201208114624
1788860643460885200,48.60788525390625,-0.260537326335907,-0.06851860880851746,0.562847375869751
1788860643470926300,48.61792626953125,-0.25147777795791626,-0.1210973933339119,0.5668051242828369
1788860643480967200,48.62796728515625,-0.2088104635477066,-0.1488661766052246,0.5424717664718628
1788860643491008300,48.63800830078125,-0.16024133563041687,-0.3157864511013031,0.5089428424835205
1788860643501049300,48.64804931640625,-0.13198333978652954,-0.5662887096405029,0.4925124943256378
1788860643511090200,48.65809008789063,-0.11977380514144897,-0.7365499138832092,0.49161553382873535
1788860643521131300,48.66813134765625,-0.1419222503900528,-0.8056195378303528,0.49268293380737305
1788860643531172400,48.67817236328125,-0.1783665418624878,-0.7292869687080383,0.4949607253074646
1788860643541213200,48.688213134765626,-0.19619427621364594,-0.5127232074737549,0.4884631633758545
1788860643551254300,48.698254150390625,-0.2110973298549652,-0.25697028636932373,0.48216983675956726
1788860643561295400,48.70829541015625,-0.2849750220775604,-0.18390032649040222,0.4388958811759949
1788860643571336200,48.71833618164062,-0.3758053183555603,-0.3770633935928345,0.3410193622112274
1788860643581377300,48.72837719726562,-0.3937406539916992,-0.6038289070129395,0.2662479281425476
1788860643591418400,48.73841845703125,-0.3464279770851135,-0.7755380868911743,0.21108481287956238
1788860643601459200,48.74845922851563,-0.26494085788726807,-0.9109166860580444,0.1778126060962677
1788860643611501300,48.758501220703124,-0.17813245952129364,-0.858726441860199,0.20753668248653412
1788860643621542100,48.76854223632812,-0.13054709136486053,-0.6665476560592651,0.25556305050849915
1788860643631583200,48.77858325195312,-0.11531966924667358,-0.49228984117507935,0.28291425108909607
1788860643641624300,48.78862426757812,-0.10464891791343689,-0.32222357392311096,0.3107898235321045
1788860643651665200,48.7986650390625,-0.1859285831451416,-0.31418269872665405,0.29962798953056335
1788860643661706200,48.80870629882813,-0.2575947940349579,-0.25919854640960693,0.32996219396591187
1788860643671747300,48.81874731445313,-0.28230172395706177,-0.2355768382549286,0.3674328625202179
1788860643681788200,48.8287880859375,-0.3072185218334198,-0.3345564007759094,0.3643942177295685
1788860643691829200,48.838829345703125,-0.34245163202285767,-0.44751304388046265,0.3600838780403137
1788860643701870000,48.8488701171875,-0.3755464553833008,-0.5575324892997742,0.3705868422985077
1788860643711911200,48.8589111328125,-0.3679644465446472,-0.6689045429229736,0.3710193634033203
1788860643721952300,48.8689521484375,-0.2940033972263336,-0.7234498262405396,0.35588568449020386
1788860643731993000,48.8789931640625,-0.19648802280426025,-0.6576452851295471,0.3265429735183716
1788860643742034200,48.8890341796875,-0.10612616688013077,-0.5095607042312622,0.290130078792572
1788860643752075300,48.8990751953125,-0.051302600651979446,-0.07697973400354385,0.16770485043525696
1788860643762117000,48.9091171875,-0.03045111708343029,-0.1503245234489441,0.011565043590962887
1788860643772158200,48.919158203125,-0.011259845457971096,0.06841101497411728,0.003707120195031166
1788860643782199000,48.92919897460938,-0.07490886002779007,0.25454840064048767,0.04493711516261101
1788860643792240000,48.939240234375,-0.21942822635173798,0.27022403478622437,0.10382546484470367
1788860643802281200,48.94928125,-0.3762892186641693,0.3272758722305298,0.224620059132576
1788860643812322000,48.959322021484375,-0.498290479183197,0.39065083861351013,0.369254469871521
1788860643822363100,48.969363037109375,-0.6396865248680115,0.2386903315782547,0.44798338413238525
1788860643832404200,48.979404296875,-0.664838969707489,0.14012807607650757,0.5078469514846802
1788860643842445000,48.98944506835937,-0.5550331473350525,-0.006339122075587511,0.5128396153450012
1788860643852486100,48.99948608398437,-0.39582428336143494,-0.15429849922657013,0.48404204845428467
1788860643862527200,49.00952734375,-0.27572184801101685,-0.11212413758039474,0.4587140381336212
1788860643872568000,49.01956811523438,-0.20840594172477722,0.06765946745872498,0.41065144538879395
1788860643882609200,49.02960913085938,-0.1761409342288971,0.2453884482383728,0.2699473202228546
1788860643892650200,49.03965014648438,-0.15685085952281952,0.3804594576358795,0.05324404686689377
1788860643902691000,49.049691162109376,-0.1476065069437027,0.5156447291374207,-0.14962464570999146
1788860643912733400,49.0597333984375,-0.17031633853912354,0.6749757528305054,-0.26198819279670715
1788860643922774300,49.06977416992188,-0.21353092789649963,0.7631495594978333,-0.2737617790699005
1788860643932815400,49.0798154296875,-0.2650439143180847,0.7060753703117371,-0.20682215690612793
1788860643942856200,49.08985620117188,-0.3184775710105896,0.5286132097244263,-0.08612875640392303
1788860643952897300,49.099897216796876,-0.3576976954936981,0.3065554201602936,0.051903676241636276
1788860643962938400,49.1099384765625,-0.3543727397918701,0.28710153698921204,0.07554322481155396
1788860643972979200,49.119979248046874,-0.23067821562290192,-0.18612220883369446,-0.12498534470796585
1788860643983020300,49.130020263671874,-0.02002723701298237,-0.43063288927078247,-0.3231396973133087
1788860643993061400,49.14006127929687,0.16463156044483185,-0.5430741906166077,-0.4734698235988617
1788860644003102200,49.15010229492187,0.25561845302581787,-0.5357872843742371,-0.49771204590797424
1788860644013143300,49.16014331054687,0.21573814749717712,-0.2346535176038742,-0.416288822889328
1788860644023184400,49.17018432617188,0.07713526487350464,0.19584965705871582,-0.3582284450531006
1788860644033225200,49.18022509765625,-0.06046227738261223,0.34806451201438904,-0.38085147738456726
1788860644043266300,49.190266357421876,-0.12247291952371597,0.20930342376232147,-0.4338259994983673
1788860644053307400,49.200307373046876,-0.12693291902542114,0.026275012642145157,-0.44111669063568115
1788860644063349200,49.21034936523437,-0.11300831288099289,-0.17883633077144623,-0.3956935405731201
1788860644073390300,49.22039038085938,-0.10656984895467758,-0.30506616830825806,-0.3114399015903473
1788860644083431200,49.23043115234375,-0.12092189490795135,-0.3447989225387573,-0.2428581863641739
1788860644093472300,49.24047216796875,-0.13680312037467957,-0.3056379556655884,-0.24329015612602234
1788860644103513300,49.250513427734376,-0.16129036247730255,-0.3071482181549072,-0.3747546970844269
1788860644113554200,49.26055419921875,-0.19108180701732635,-0.30261898040771484,-0.6266327500343323
1788860644123595300,49.27059521484375,-0.20706424117088318,-0.10771448165178299,-0.8974764943122864
1788860644133636400,49.28063623046875,-0.16569308936595917,0.10680927336215973,-1.1259543895721436
1788860644143677200,49.29067724609375,-0.10099026560783386,0.2697230875492096,-1.2623822689056396
1788860644153718300,49.30071826171875,-0.061226606369018555,0.3314026892185211,-1.2971596717834473
1788860644163759000,49.31075903320313,-0.04981203004717827,0.2577100992202759,-1.2103984355926514
1788860644173800200,49.32080029296875,-0.13145363330841064,-0.01883946731686592,-0.9727731347084045
1788860644183841300,49.33084130859375,-0.22655431926250458,-0.4052311182022095,-0.7999752163887024
1788860644193882000,49.340882080078124,-0.295063853263855,-0.596770703792572,-0.6488839983940125
1788860644203924200,49.35092431640625,-0.3278849422931671,-0.6595169305801392,-0.4515126049518585
1788860644213965000,49.36096508789063,-0.3489888906478882,-0.6902154684066772,-0.22353987395763397
1788860644224006100,49.371006103515626,-0.3262433707714081,-0.721017599105835,0.012746954336762428
1788860644234047200,49.381047119140625,-0.2045680582523346,-0.6920530200004578,0.2460118979215622
1788860644244088000,49.391088134765624,-0.014886803925037384,-0.5712640285491943,0.44137847423553467
1788860644254129200,49.401129150390624,0.1772136688232422,-0.4532894492149353,0.5386235117912292
1788860644264170200,49.41117016601562,0.3302287757396698,-0.3803715705871582,0.5189523696899414
1788860644274211000,49.42121118164062,0.4279547929763794,-0.3180307149887085,0.4078972041606903
1788860644284252200,49.43125219726563,0.4588453471660614,-0.2890946567058563,0.240720734000206
1788860644294293200,49.44129321289063,0.42904749512672424,-0.3311896324157715,0.08395428955554962
1788860644304334000,49.451333984375,0.3365151584148407,-0.4076830744743347,-0.027103789150714874
1788860644314375200,49.461375244140626,0.2075960636138916,-0.48569372296333313,-0.08266451954841614
1788860644324416300,49.471416259765626,0.10492774844169617,-0.5343171954154968,-0.13794481754302979
1788860644334457000,49.48145703125,0.015325160697102547,-0.6162242889404297,-0.25020238757133484
1788860644344499200,49.49149926757813,-0.08299315720796585,-0.609690248966217,-0.36982837319374084
1788860644354540000,49.5015400390625,-0.185634583234787,-0.5149858593940735,-0.5008724331855774
1788860644364581000,49.5115810546875,-0.28071022033691406,-0.47471725940704346,-0.6187795996665955
1788860644374622500,49.52162255859375,-0.3925057351589203,-0.5143266916275024,-0.703906238079071
1788860644384663300,49.531663330078125,-0.495034784078598,-0.633977472782135,-0.7492271065711975
1788860644394704400,49.541704345703124,-0.5688581466674805,-0.7105569243431091,-0.807765007019043
1788860644404745200,49.5517451171875,-0.5586465001106262,-0.898099958896637,-0.8394944071769714
1788860644414785500,49.56178564453125,-0.5325528383255005,-0.9483404755592346,-0.8052794337272644
1788860644424826600,49.57182666015625,-0.52406907081604,-0.822342038154602,-0.701598048210144
1788860644434867700,49.58186767578125,-0.5598840713500977,-0.6847956776618958,-0.5847463011741638
1788860644444908500,49.591908447265624,-0.5390821099281311,-0.561941921710968,-0.4118509292602539
1788860644454949600,49.60194970703125,-0.4398500919342041,-0.408112108707428,-0.13998746871948242
1788860644464990700,49.61199072265625,-0.26069870591163635,-0.2091396301984787,0.2099364548921585
1788860644475032600,49.622032470703125,-0.14041224122047424,-0.15069177746772766,0.5138452053070068
1788860644485073700,49.63207373046875,-0.06634733080863953,-0.24842366576194763,0.7460829615592957
1788860644495114500,49.642114501953124,0.009434248320758343,-0.373731791973114,0.9207066893577576
1788860644505155600,49.65215551757812,0.08887208253145218,-0.46859997510910034,1.020562767982483
1788860644515196700,49.66219677734375,0.10056575387716293,-0.5640407204627991,1.003750205039978
1788860644525237500,49.67223754882812,0.06196323782205582,-0.6323838233947754,0.8833252787590027
1788860644535278600,49.68227856445313,-0.006150570698082447,-0.6402348279953003,0.7028489708900452
1788860644545319700,49.69231958007813,-0.05411090701818466,-0.5502578020095825,0.501126229763031
1788860644555360500,49.70236059570313,-0.057853180915117264,-0.34913721680641174,0.2926318645477295
1788860644565401600,49.712401611328126,-0.028376780450344086,-0.07373654097318649,0.07559489458799362
1788860644575442400,49.7224423828125,0.013677729293704033,0.27007490396499634,-0.13999812304973602
1788860644585483500,49.7324833984375,0.07517411559820175,0.5683449506759644,-0.32111385464668274
1788860644595525400,49.742525390625,0.1726229041814804,0.7128219604492188,-0.4585108458995819
1788860644605566500,49.75256640625,0.2502868175506592,0.657360315322876,-0.533042848110199
1788860644615607600,49.762607666015626,0.2562349736690521,0.5623804926872253,-0.5279147028923035
1788860644625648400,49.7726484375,0.23583462834358215,0.5118387937545776,-0.4508518576622009
1788860644635689500,49.782689453125,0.1767345517873764,0.46139851212501526,-0.3581469655036926
1788860644645730600,49.79273046875,0.089968241751194,0.4098053574562073,-0.28406715393066406
1788860644655771400,49.802771484375,0.02129916287958622,0.443747341632843,-0.24241609871387482
1788860644665812500,49.8128125,-0.0007422229973599315,0.5610688924789429,-0.21874698996543884
1788860644675853600,49.822853515625,0.009793242439627647,0.7583910226821899,-0.18749479949474335
1788860644685894400,49.832894287109376,0.02588219754397869,0.9501492977142334,-0.14167217910289764
1788860644695935500,49.842935546875,0.028206070885062218,1.0506993532180786,-0.07783860713243484
1788860644705977600,49.8529775390625,0.013651363551616669,1.0606987476348877,-0.014700116589665413
1788860644716018700,49.86301879882812,-0.006214486435055733,1.0253044366836548,0.04416825994849205
1788860644726059800,49.87305981445313,0.0003432814555708319,1.0255346298217773,0.10621591657400131
1788860644736100600,49.8831005859375,0.002415753435343504,0.9254713654518127,0.12969568371772766
1788860644746141700,49.8931416015625,-0.025838522240519524,0.6225312352180481,0.12982191145420074
1788860644756182800,49.903182861328126,-0.044737376272678375,0.4191429316997528,0.19646458327770233
1788860644766223600,49.9132236328125,-0.021024325862526894,0.33829042315483093,0.322329580783844
1788860644776264700,49.9232646484375,0.036493297666311264,0.3104926347732544,0.4397161304950714
1788860644786305800,49.933305908203124,0.09351184219121933,0.3891482949256897,0.4826550781726837
1788860644796346600,49.9433466796875,0.128290057182312,0.45555180311203003,0.44027912616729736
1788860644806387700,49.9533876953125,0.151581272482872,0.45722612738609314,0.3643326759338379
1788860644816429600,49.9634296875,0.11177366971969604,0.4143335223197937,0.27965161204338074
1788860644826470700,49.973470703125,-0.0059684100560843945,0.2566176652908325,0.20619603991508484
1788860644836511500,49.98351147460937,-0.14479899406433105,0.07836644351482391,0.1912221610546112
1788860644846552600,49.99355249023437,-0.26226702332496643,-0.07868175953626633,0.21028879284858704
1788860644856593700,50.00359375,-0.3431842625141144,-0.22070254385471344,0.18671688437461853
1788860644866634500,50.01363452148438,-0.37209606170654297,-0.2625772953033447,0.12435150891542435
1788860644876675600,50.023675537109376,-0.31848981976509094,-0.15796007215976715,0.02580682933330536
1788860644886716700,50.033716552734376,-0.21710382401943207,0.000657534459605813,-0.09684745222330093
1788860644896757500,50.043757568359375,-0.11256010085344315,0.1696108728647232,-0.2074117809534073
1788860644906798600,50.053798583984374,-0.0258632879704237,0.3224235773086548,-0.2854684889316559
1788860644916840400,50.06384033203125,0.01037674117833376,0.3718550503253937,-0.32077163457870483
1788860644926881500,50.07388159179688,0.00024341292737517506,0.3429560363292694,-0.3054448664188385
1788860644936922600,50.083922607421876,-0.044267330318689346,0.2503901422023773,-0.24489976465702057
1788860644946963500,50.09396337890625,-0.09450812637805939,0.12290009111166,-0.17522375285625458
1788860644957004500,50.104004638671874,-0.09493982791900635,0.0029787456151098013,-0.10669422149658203
1788860644967045600,50.11404565429687,-0.05982684716582298,-0.06489990651607513,-0.07200361788272858
1788860644977086500,50.12408642578125,-0.016347015276551247,-0.09280849993228912,-0.08099178969860077
1788860644987127600,50.13412744140625,0.023859526962041855,-0.06840648502111435,-0.10725987702608109
1788860644997168600,50.14416870117188,0.07738266885280609,0.0389266274869442,-0.12476669996976852
1788860645007210500,50.15421044921875,0.11940336227416992,0.19132095575332642,-0.14998896420001984
1788860645017251600,50.16425146484375,0.1377248466014862,0.34295654296875,-0.19816634058952332
1788860645027292400,50.17429248046875,0.1331106424331665,0.4376247525215149,-0.2844999134540558
1788860645037333500,50.18433349609375,0.1096721664071083,0.4390285015106201,-0.3588721454143524
1788860645047374600,50.19437451171875,0.07615415751934052,0.3824312686920166,-0.39525356888771057
1788860645057415400,50.20441552734375,0.03374651074409485,0.2663360834121704,-0.3823692202568054
1788860645067456500,50.21445654296875,-0.016947824507951736,0.13327603042125702,-0.33477187156677246
1788860645077497600,50.22449755859375,-0.054488275200128555,0.02780872769653797,-0.2560879588127136
1788860645087538700,50.23453857421875,-0.07614243775606155,-0.07757388800382614,-0.1828390508890152
1788860645097580500,50.24458056640625,-0.07404280453920364,-0.18824340403079987,-0.13779647648334503
1788860645107621600,50.25462158203125,-0.04212508350610733,-0.2701971232891083,-0.10368325561285019
1788860645117662700,50.26466284179688,0.001067661214619875,-0.32278311252593994,-0.08523580431938171
1788860645127703600,50.27470361328125,0.04626629874110222,-0.32164832949638367,-0.07352162152528763
1788860645137744600,50.28474462890625,0.07336422801017761,-0.25386103987693787,-0.0680895745754242
1788860645147785700,50.29478564453125,0.07952385395765305,-0.1134306862950325,-0.07108189910650253
1788860645157826600,50.30482666015625,0.08681958168745041,0.055513326078653336,-0.08502807468175888
1788860645167867600,50.31486767578125,0.10394903272390366,0.1826755404472351,-0.10505424439907074
1788860645177909500,50.324909423828124,0.10885058343410492,0.2572890520095825,-0.12847808003425598
1788860645187950600,50.33495068359375,0.07708413153886795,0.2829557955265045,-0.14734044671058655
1788860645197991700,50.34499169921875,0.03207244724035263,0.2885678708553314,-0.15886901319026947
1788860645208032500,50.35503247070312,-0.021318605169653893,0.2705712914466858,-0.1613422930240631
1788860645218073600,50.36507348632812,-0.08231085538864136,0.21031568944454193,-0.15041400492191315
1788860645228114700,50.37511474609375,-0.11727389693260193,0.15085795521736145,-0.10948015749454498
1788860645238155500,50.38515551757813,-0.12462422251701355,0.09628205746412277,-0.0667065903544426
1788860645248196600,50.395196533203126,-0.11126740276813507,0.01907462440431118,-0.04753848910331726
1788860645258237700,50.40523779296875,-0.08183600753545761,-0.02930941991508007,-0.04893478751182556
1788860645268279600,50.41527954101562,-0.03773193061351776,-0.02563265897333622,-0.09036451578140259
1788860645278320600,50.42532055664063,0.027286216616630554,0.051236823201179504,-0.1452472060918808
1788860645288361500,50.43536157226563,0.10524040460586548,0.1587853878736496,-0.2045227736234665
1788860645298402600,50.44540258789063,0.1572154462337494,0.2416517734527588,-0.24818077683448792
1788860645308443600,50.455443603515626,0.17994047701358795,0.30414605140686035,-0.25732606649398804
1788860645318484500,50.465484375,0.1797814816236496,0.33545762300491333,-0.22785420715808868
1788860645328525600,50.475525634765624,0.18044140934944153,0.3130236864089966,-0.1673959195613861
1788860645338567400,50.4855673828125,0.18622925877571106,0.2556072771549225,-0.07271521538496017
1788860645348608500,50.4956083984375,0.18366196751594543,0.19237050414085388,0.032937709242105484
1788860645358649600,50.505649658203126,0.16267865896224976,0.14310282468795776,0.14709144830703735
1788860645368690400,50.5156904296875,0.12188436090946198,0.11582566797733307,0.23192164301872253
1788860645378731500,50.5257314453125,0.08419424295425415,0.11574897170066833,0.282017320394516
1788860645388772600,50.535772705078124,0.06883952021598816,0.12139194458723068,0.2974652349948883
1788860645398813400,50.5458134765625,0.0618753507733345,0.11362909525632858,0.28290653228759766
1788860645408854500,50.5558544921875,0.04959471523761749,0.10947136580944061,0.2695766091346741
1788860645418896600,50.565896728515625,0.041551969945430756,0.10986098647117615,0.25198617577552795
1788860645428937700,50.575937744140624,0.03946005925536156,0.09405405819416046,0.236967533826828
1788860645438978600,50.585978515625,0.0382579080760479,0.07274691015481949,0.22044315934181213
1788860645449019600,50.59601953125,0.02935655787587166,0.036254677921533585,0.19033318758010864
1788860645459060700,50.60606079101562,0.023326361551880836,0.010883806273341179,0.14757826924324036
1788860645469101600,50.6161015625,0.024893632158637047,-0.013717143796384335,0.10010609775781631
1788860645479142700,50.626142578125,0.029401032254099846,-0.034985680133104324,0.05722467228770256
1788860645489184500,50.6361845703125,0.02876533567905426,-0.03975460305809975,0.04356079176068306
1788860645499225600,50.6462255859375,0.0347830131649971,-0.03827175498008728,0.04150350019335747
1788860645509266700,50.6562666015625,0.0386832132935524,-0.03383226692676544,0.04680399224162102
1788860645519307500,50.6663076171875,0.03654469549655914,-0.006911435630172491,0.047865260392427444
1788860645529348600,50.6763486328125,0.03459339588880539,0.02622973918914795,0.04675472155213356
1788860645539389700,50.6863896484375,0.02472265623509884,0.05786596238613129,0.038716770708560944
1788860645549430500,50.696430419921874,-0.0014269216917455196,0.04656030982732773,0.016953149810433388
1788860645559472600,50.70647265625,-0.029263347387313843,-0.00387383415363729,-0.003437075763940811
1788860645569513500,50.71651342773438,-0.04550356790423393,-0.07061664760112762,-0.018867697566747665
1788860645579554600,50.726554443359376,-0.03790876641869545,-0.10256791859865189,-0.02377590350806713
1788860645589595600,50.736595703125,-0.010746121406555176,-0.11501207202672958,-0.02461426705121994
1788860645599636500,50.746636474609375,0.023960726335644722,-0.10512695461511612,-0.013400760479271412
1788860645609677600,50.756677490234374,0.06311745196580887,-0.07496798038482666,0.019117768853902817
1788860645619718700,50.76671875,0.08682917058467865,-0.0567287914454937,0.07398607581853867
1788860645629759500,50.77675952148437,0.07882264256477356,-0.07078149169683456,0.12129979580640793
1788860645639801600,50.786801513671875,0.06373503804206848,-0.11812637001276016,0.16770830750465393
1788860645649842400,50.796842529296875,0.05421210452914238,-0.1742897778749466,0.19231325387954712
1788860645659883500,50.806883544921874,0.056704822927713394,-0.2165839672088623,0.21973875164985657
1788860645669924600,50.81692456054687,0.062482018023729324,-0.21186192333698273,0.23098528385162354
1788860645679965400,50.82696533203125,0.06662483513355255,-0.1625436395406723,0.23397734761238098
1788860645690006500,50.83700659179687,0.0555865615606308,-0.07321801781654358,0.22778309881687164
1788860645700047600,50.84704760742188,0.034500718116760254,0.023073360323905945,0.21119506657123566
1788860645710089500,50.85708935546875,-0.007002515718340874,0.08095131069421768,0.1866907924413681
1788860645720130600,50.86713061523437,-0.0432494692504406,0.09964457154273987,0.15498985350131989
1788860645730171400,50.87717138671875,-0.07836165279150009,0.10262304544448853,0.13792431354522705
1788860645740212700,50.88721264648437,-0.09484262019395828,0.08501049876213074,0.12623943388462067
1788860645750253600,50.89725366210938,-0.1125960499048233,0.0567929744720459,0.11589331179857254
1788860645760294700,50.90729467773438,-0.12149474024772644,0.037882667034864426,0.11163491755723953
1788860645770336500,50.91733642578125,-0.1212843507528305,0.03790077567100525,0.12597417831420898
1788860645780377600,50.92737768554687,-0.10962796211242676,0.04370060935616493,0.14443626999855042
1788860645790418700,50.93741870117187,-0.10537195950746536,0.04921388626098633,0.1548961102962494
1788860645800459500,50.94745947265625,-0.11507359147071838,0.0556613989174366,0.151693657040596
1788860645810500600,50.95750048828125,-0.12641066312789917,0.07403800636529922,0.13953126966953278
1788860645820541700,50.96754174804688,-0.13128025829792023,0.11596255749464035,0.12320342659950256
1788860645830582500,50.97758251953125,-0.12910152971744537,0.16035479307174683,0.10837174952030182
1788860645840624600,50.98762475585937,-0.11889868974685669,0.1800326108932495,0.10115644335746765
1788860645850665500,50.99766552734375,-0.10038439184427261,0.1389317810535431,0.09062417596578598
1788860645860706600,51.00770654296875,-0.06157334893941879,0.05422302335500717,0.08141230046749115
1788860645870747600,51.01774755859375,-0.03122290037572384,-0.03256939351558685,0.060256946831941605
1788860645880788500,51.02778857421875,-0.022398250177502632,-0.0859127789735794,0.033123064786195755
1788860645890829600,51.03782958984375,-0.02726810611784458,-0.09288786351680756,0.003447994589805603
1788860645900871400,51.047871337890626,-0.03333025798201561,-0.05024905502796173,-0.020079968497157097
1788860645910912500,51.05791259765625,-0.04198792949318886,0.00872345082461834,-0.030193854123353958
1788860645920953600,51.06795361328125,-0.041557297110557556,0.039328765124082565,-0.032338231801986694
1788860645930994400,51.077994384765624,-0.01991112343966961,0.034086331725120544,-0.025296835228800774
1788860645941035500,51.08803540039062,0.014978417195379734,0.03684243559837341,-0.005847768858075142
1788860645951076600,51.09807666015625,0.05289623886346817,0.03513055667281151,0.007921040058135986
1788860645961117400,51.10811743164062,0.07556000351905823,0.04629293084144592,0.019278356805443764
1788860645971159600,51.11815966796875,0.08162561804056168,0.08104851096868515,0.01932442933320999
1788860645981200400,51.128200439453124,0.07412029802799225,0.09918171167373657,0.012102468870580196
1788860645991241500,51.13824145507812,0.060010604560375214,0.07644577324390411,-0.001731587341055274
1788860646001282600,51.14828247070312,0.06127267703413963,0.05913149565458298,-0.009862484410405159
1788860646011323400,51.15832348632812,0.07236314564943314,0.06272649765014648,-0.0002407497668173164
1788860646021365800,51.16836572265625,0.06579285860061646,0.06601656973361969,-0.00019867181254085153
1788860646031406600,51.178406494140624,0.03629941865801811,0.07007868587970734,-0.01170352753251791
1788860646041447700,51.18844775390625,-0.005000350996851921,0.11588532477617264,-0.02208373136818409
1788860646051488500,51.19848852539062,-0.03610500693321228,0.17112833261489868,-0.025897378101944923
1788860646061529600,51.20852954101562,-0.04585856944322586,0.21350935101509094,-0.028548020869493484
1788860646071570700,51.21857080078125,-0.019172096624970436,0.19952136278152466,-0.025730663910508156
1788860646081611500,51.22861157226563,0.028552016243338585,0.15480609238147736,-0.016466591507196426
1788860646091653600,51.238653564453124,0.07878615707159042,0.08766886591911316,0.020538564771413803
1788860646101694500,51.24869458007812,0.10878267139196396,0.013789315707981586,0.06370467692613602
1788860646111735600,51.25873559570312,0.1260596662759781,-0.06580670922994614,0.10765855014324188
1788860646121776600,51.26877661132813,0.13488538563251495,-0.10644415020942688,0.14676468074321747
1788860646131817500,51.2788173828125,0.13941381871700287,-0.12284283339977264,0.17164605855941772
1788860646141859600,51.288859619140624,0.14390204846858978,-0.14023034274578094,0.18197326362133026
1788860646151900400,51.298900390625,0.1527693122625351,-0.12935586273670197,0.19082960486412048
1788860646161941500,51.30894140625,0.15945996344089508,-0.11837484687566757,0.19138513505458832
1788860646171982600,51.31898266601563,0.15721598267555237,-0.09662214666604996,0.20221541821956635
1788860646182023400,51.3290234375,0.14894287288188934,-0.0932479202747345,0.20017650723457336
1788860646192064500,51.339064453125,0.13375912606716156,-0.07612273097038269,0.18495573103427887
1788860646202106400,51.3491064453125,0.10763192176818848,-0.03888667747378349,0.15699493885040283
1788860646212147500,51.3591474609375,0.06504184752702713,-0.0046160570345819,0.1166328713297844
1788860646222188500,51.3691884765625,0.027335483580827713,0.03557050973176956,0.08174865692853928
1788860646232229400,51.3792294921875,0.018871426582336426,0.05971046909689903,0.04300632327795029
1788860646242270500,51.3892705078125,0.022965237498283386,0.07220255583524704,0.005104214418679476
1788860646252311600,51.3993115234375,0.020371051505208015,0.08185838162899017,-0.014146445319056511
1788860646262353700,51.40935375976562,0.027716848999261856,0.09293393790721893,-0.00339126936160028
1788860646272394800,51.41939477539062,0.035418443381786346,0.09370545297861099,0.029021797701716423
1788860646282435600,51.429435546875,0.03191718831658363,0.0632745772600174,0.06464983522891998
1788860646292476700,51.4394765625,0.020479176193475723,0.018028002232313156,0.10367366671562195
1788860646302517800,51.449517822265626,0.002764361212030053,-0.027271568775177002,0.1328914761543274
1788860646312558600,51.45955859375,-0.005705023650079966,-0.07500127702951431,0.15351499617099762
1788860646322600700,51.4696005859375,-0.010991131886839867,-0.11346983909606934,0.1636352688074112
1788860646332641500,51.4796416015625,-0.011966114863753319,-0.12909673154354095,0.1501881629228592
1788860646342682600,51.4896826171875,-0.009080846793949604,-0.11069721728563309,0.11546561121940613
1788860646352723700,51.4997236328125,0.0030341395176947117,-0.06324181705713272,0.06587861478328705
1788860646362764500,51.5097646484375,0.0016402408946305513,-0.011536015197634697,0.01793745532631874
1788860646372806700,51.519806640625,-0.009659551084041595,0.042690206319093704,-0.01702851802110672
1788860646382847500,51.529847412109376,-0.022537266835570335,0.08016087859869003,-0.04755660146474838
1788860646392888600,51.539888671875,-0.02473970130085945,0.0705130472779274,-0.06845948845148087
1788860646402929700,51.5499296875,-0.024096282199025154,0.02702149748802185,-0.0774732232093811
1788860646412970500,51.559970458984374,-0.013875069096684456,-0.01386761199682951,-0.06317497789859772
1788860646423011600,51.57001147460937,0.009660083800554276,-0.04391073063015938,-0.04007737711071968
1788860646433053400,51.580053466796876,0.027821511030197144,-0.06282556802034378,-0.01136717014014721
1788860646443094500,51.590094482421875,0.03903661668300629,-0.0761413723230362,0.004954811185598373
1788860646453135600,51.600135498046875,0.047455932945013046,-0.06423677504062653,0.0169741902500391
1788860646463176400,51.610176513671874,0.048344630748033524,-0.032819464802742004,0.03322293609380722
1788860646473217500,51.62021752929687,0.038603585213422775,-0.007897071540355682,0.045759499073028564
1788860646483259600,51.630259765625,0.023299729451537132,0.009362609125673771,0.04921228811144829
1788860646493300700,51.64030078125,0.022104237228631973,0.015205584466457367,0.05549042299389839
1788860646503341600,51.650341552734375,0.027414580807089806,0.011896340176463127,0.05973922833800316
1788860646513382700,51.660382568359374,0.029886526986956596,0.0070427292957901955,0.06270758807659149
1788860646523423700,51.670423828125,0.027843881398439407,-0.0035923379473388195,0.06064949929714203
1788860646533465600,51.680465576171876,0.01847488060593605,-0.02136787213385105,0.042086198925971985
1788860646543506700,51.690506591796876,0.00634844321757555,-0.021830996498465538,0.023560453206300735
1788860646553547500,51.700547607421875,-0.005117264110594988,0.014759771525859833,0.012969594448804855
1788860646563588600,51.710588623046874,-0.009002815932035446,0.07078735530376434,0.004148405976593494
1788860646573629700,51.72062963867187,-0.008251272141933441,0.1382116675376892,0.00007856325100874528
1788860646583671600,51.730671630859376,-0.006166815757751465,0.17634573578834534,0.002653307281434536
1788860646593712600,51.740712646484376,0.003326820908114314,0.17182102799415588,0.0005052016349509358
1788860646603753500,51.75075341796875,0.015967248007655144,0.1444099098443985,0.006347378250211477
1788860646613794600,51.760794677734374,0.038359638303518295,0.09622853249311447,0.02419002540409565
1788860646623835600,51.77083569335937,0.05320915952324867,0.03530286252498627,0.03928322345018387
1788860646633876500,51.78087646484375,0.049788862466812134,-0.01967170648276806,0.04674966260790825
1788860646643918600,51.790918701171876,0.030101176351308823,-0.06391799449920654,0.036795299500226974
1788860646653959400,51.80095947265625,0.016805877909064293,-0.06088865175843239,0.022639798000454903
1788860646664000500,51.81100048828125,0.018250908702611923,-0.039869919419288635,0.0020152139477431774
1788860646674041600,51.82104150390625,0.026741066947579384,-0.0026815368328243494,-0.013794109225273132
1788860646684082400,51.83108251953125,0.03585893288254738,0.05072469636797905,-0.02016092836856842
1788860646694124800,51.841124755859376,0.03672152757644653,0.09187532961368561,-0.012091017328202724
1788860646704165600,51.85116552734375,0.027281954884529114,0.10243449360132217,-0.011417770758271217
1788860646714206700,51.861206787109374,-0.0009062737226486206,0.11371005326509476,-0.0036392095498740673
1788860646724247800,51.87124780273437,0.007158576976507902,0.10359589755535126,0.006872020661830902
1788860646734288600,51.88128857421875,0.033194705843925476,0.07069973647594452,0.012562663294374943
1788860646744330800,51.891330810546876,0.03627651557326317,0.030415963381528854,0.006153766065835953
1788860646754371600,51.90137158203125,0.04212827980518341,-0.003224022686481476,-0.006997455842792988
1788860646764412700,51.91141259765625,0.05007222294807434,-0.03145645931363106,-0.013254818506538868
1788860646774453800,51.921453857421874,0.048172853887081146,-0.04587135091423988,-0.016868196427822113
1788860646784494600,51.93149462890625,0.03606346249580383,-0.04249712824821472,-0.027944283559918404
1788860646794536700,51.94153662109375,0.019289541989564896,-0.02184910513460636,-0.04132160544395447
1788860646804577500,51.95157763671875,0.013312609866261482,0.01606685109436512,-0.051969192922115326
1788860646814618600,51.96161865234375,0.02251542918384075,0.04843304678797722,-0.05919541418552399
1788860646824659700,51.97165966796875,0.028534438461065292,0.0722089484333992,-0.05744704604148865
1788860646834700500,51.98170043945313,0.02977760322391987,0.08514019101858139,-0.052076783031225204
1788860646844742700,51.99174267578125,0.038068290799856186,0.0679556131362915,-0.04296158254146576
1788860646854783500,52.00178344726562,0.045766957104206085,0.036735378205776215,-0.032124113291502
1788860646864824600,52.01182446289062,0.04746764898300171,0.006169212516397238,-0.02719380334019661
1788860646874865400,52.02186547851562,0.02900209091603756,-0.00749040674418211,-0.023975107818841934
1788860646884906500,52.03190649414063,0.014731275849044323,-0.006392385344952345,-0.026579946279525757
1788860646894948600,52.041948486328124,0.0062576294876635075,0.0012269183062016964,-0.035121235996484756
1788860646904989700,52.05198974609375,-0.0032501218374818563,0.01224361639469862,-0.042632415890693665
1788860646915030800,52.06203076171875,-0.009222527034580708,0.03238164260983467,-0.053830742835998535
1788860646925071600,52.07207153320312,-0.01938541606068611,0.07055619359016418,-0.06226577237248421
1788860646935112700,52.08211279296875,-0.0019949739798903465,0.1060020700097084,-0.06707943230867386
1788860646945154600,52.092154541015624,0.033365946263074875,0.12209182232618332,-0.06768610328435898
1788860646955195600,52.10219555664062,0.05735117197036743,0.11635590344667435,-0.06214113533496857
1788860646965236700,52.11223681640625,0.06497100740671158,0.12220872938632965,-0.05391756072640419
1788860646975277600,52.12227758789062,0.0724683403968811,0.12289503216743469,-0.04523219168186188
1788860646985319700,52.132319580078125,0.07381989806890488,0.111729197204113,-0.03839559108018875
1788860646995360500,52.142360595703124,0.05910193547606468,0.09244497865438461,-0.042266495525836945
1788860647005401600,52.15240161132812,0.036192625761032104,0.07690410315990448,-0.051773447543382645
1788860647015442700,52.16244262695312,0.017474597319960594,0.06581629812717438,-0.05926065891981125
1788860647025483500,52.1724833984375,0.014224742539227009,0.04427478462457657,-0.06463385373353958
1788860647035525600,52.182525634765625,0.02635224536061287,0.034097250550985336,-0.05814799293875694
1788860647045566500,52.19256640625,0.039632897824048996,0.015955796465277672,-0.05125226825475693
1788860647055607600,52.20260766601562,0.046172820031642914,0.008146343752741814,-0.04495549201965332
1788860647065648600,52.21264868164062,0.05210075154900551,0.015060176141560078,-0.037574008107185364
1788860647075689500,52.222689453125,0.05638950690627098,0.029345106333494186,-0.04146169126033783
1788860647085731600,52.232731689453125,0.06333210319280624,0.08073639124631882,-0.03759691119194031
1788860647095772400,52.2427724609375,0.060813549906015396,0.1597667634487152,-0.04074343666434288
1788860647105813500,52.2528134765625,0.07786284387111664,0.21427607536315918,-0.0457959845662117
1788860647115854600,52.2628544921875,0.11582886427640915,0.2554120719432831,-0.047628507018089294
1788860647125895400,52.2728955078125,0.15546469390392303,0.2711055278778076,-0.047930508852005005
1788860647135937800,52.282937744140625,0.1522265523672104,0.3082220256328583,0.053700245916843414
1788860647145978600,52.292978515625,0.08446348458528519,0.15229925513267517,0.11826405674219131
1788860647156019700,52.303019775390624,0.025310415774583817,0.012442022562026978,0.13095055520534515
1788860647166060800,52.31306079101562,0.0009962886106222868,0.015556056052446365,0.12270594388246536
1788860647176102700,52.3231025390625,-0.015718508511781693,-0.044622860848903656,0.10056468844413757
1788860647186143700,52.333143798828125,-0.04887619614601135,-0.10360176116228104,0.0597112663090229
1788860647196184600,52.3431845703125,-0.05893229320645332,-0.06156003475189209,-0.02227095142006874
1788860647206225700,52.3532255859375,-0.04513232409954071,0.04054263234138489,-0.11597800254821777
1788860647216266800,52.36326684570312,-0.03341654688119888,0.1391480416059494,-0.19136330485343933
1788860647226308600,52.37330859375,-0.01727379485964775,0.23513607680797577,-0.20263487100601196
1788860647236349700,52.383349609375,-0.01900831237435341,0.23502768576145172,-0.17558833956718445
